window,category,compiled_size,rebuild_level,source_status,observed_procedures,observed_triggers,observed_libraries,observed_table_indicators,risk_flags,spec_path,next_required_evidence
222INVT011.fmx,other,820280,catalog_specification,FMB_PLL_not_found,67,12,1,280,"credentials,ddl_privilege,destructive,dynamic_sql,windows_native",rebuild_source/forms/all_window_specs/222INVT011.rebuild.md,FMB/PLL/PKS/PKB/DDL/Forms Builder
22355INVT011.fmx,other,611244,catalog_specification,FMB_PLL_not_found,56,9,1,218,"credentials,ddl_privilege,destructive,windows_native",rebuild_source/forms/all_window_specs/22355INVT011.rebuild.md,FMB/PLL/PKS/PKB/DDL/Forms Builder
2FNGI008.fmx,other,826600,catalog_specification,FMB_PLL_not_found,43,8,2,221,"credentials,ddl_privilege,destructive,dynamic_sql,windows_native",rebuild_source/forms/all_window_specs/2FNGI008.rebuild.md,FMB/PLL/PKS/PKB/DDL/Forms Builder
33INVT011.fmx,other,652596,catalog_specification,FMB_PLL_not_found,56,9,1,223,"credentials,ddl_privilege,destructive,dynamic_sql,windows_native",rebuild_source/forms/all_window_specs/33INVT011.rebuild.md,FMB/PLL/PKS/PKB/DDL/Forms Builder
3433INVT011.fmx,other,567884,catalog_specification,FMB_PLL_not_found,50,10,2,207,"credentials,destructive,windows_native",rebuild_source/forms/all_window_specs/3433INVT011.rebuild.md,FMB/PLL/PKS/PKB/DDL/Forms Builder
ADMHRST005.fmx,admin/system,232264,catalog_specification,FMB_PLL_not_found,41,12,1,136,"credentials,ddl_privilege,destructive,windows_native",rebuild_source/forms/all_window_specs/ADMHRST005.rebuild.md,FMB/PLL/PKS/PKB/DDL/Forms Builder
ADMHRST006.fmx,admin/system,203012,catalog_specification,FMB_PLL_not_found,39,10,1,101,"credentials,ddl_privilege,destructive,windows_native",rebuild_source/forms/all_window_specs/ADMHRST006.rebuild.md,FMB/PLL/PKS/PKB/DDL/Forms Builder
ADMI001.fmx,admin/system,209868,catalog_specification,FMB_PLL_not_found,33,8,1,73,"credentials,ddl_privilege,destructive,windows_native,session_control",rebuild_source/forms/all_window_specs/ADMI001.rebuild.md,FMB/PLL/PKS/PKB/DDL/Forms Builder
ADMI003.fmx,admin/system,359488,catalog_specification,FMB_PLL_not_found,108,8,1,360,"credentials,ddl_privilege,destructive,windows_native",rebuild_source/forms/all_window_specs/ADMI003.rebuild.md,FMB/PLL/PKS/PKB/DDL/Forms Builder
ADMI004.fmx,admin/system,161732,catalog_specification,FMB_PLL_not_found,32,8,1,53,"credentials,ddl_privilege,destructive,windows_native",rebuild_source/forms/all_window_specs/ADMI004.rebuild.md,FMB/PLL/PKS/PKB/DDL/Forms Builder
ADMI005.fmx,admin/system,391908,catalog_specification,FMB_PLL_not_found,41,9,2,172,"credentials,ddl_privilege,destructive,windows_native",rebuild_source/forms/all_window_specs/ADMI005.rebuild.md,FMB/PLL/PKS/PKB/DDL/Forms Builder
ADMI006.fmx,admin/system,215040,catalog_specification,FMB_PLL_not_found,35,8,1,77,"credentials,ddl_privilege,destructive,windows_native",rebuild_source/forms/all_window_specs/ADMI006.rebuild.md,FMB/PLL/PKS/PKB/DDL/Forms Builder
ADMI007.fmx,admin/system,195672,catalog_specification,FMB_PLL_not_found,35,8,1,69,"credentials,ddl_privilege,destructive,dynamic_sql,windows_native",rebuild_source/forms/all_window_specs/ADMI007.rebuild.md,FMB/PLL/PKS/PKB/DDL/Forms Builder
ADMI008.fmx,admin/system,195304,catalog_specification,FMB_PLL_not_found,35,8,1,67,"credentials,ddl_privilege,destructive,dynamic_sql,windows_native",rebuild_source/forms/all_window_specs/ADMI008.rebuild.md,FMB/PLL/PKS/PKB/DDL/Forms Builder
ADMI009.fmx,admin/system,268360,catalog_specification,FMB_PLL_not_found,34,8,1,122,"credentials,ddl_privilege,destructive,windows_native",rebuild_source/forms/all_window_specs/ADMI009.rebuild.md,FMB/PLL/PKS/PKB/DDL/Forms Builder
ADMI010.fmx,admin/system,188184,catalog_specification,FMB_PLL_not_found,35,8,1,70,"credentials,ddl_privilege,destructive,dynamic_sql,windows_native",rebuild_source/forms/all_window_specs/ADMI010.rebuild.md,FMB/PLL/PKS/PKB/DDL/Forms Builder
ADMI011.fmx,admin/system,419540,catalog_specification,FMB_PLL_not_found,42,8,1,184,"credentials,ddl_privilege,destructive,windows_native",rebuild_source/forms/all_window_specs/ADMI011.rebuild.md,FMB/PLL/PKS/PKB/DDL/Forms Builder
ADMI012.fmx,admin/system,722332,catalog_specification,FMB_PLL_not_found,35,8,1,77,"credentials,ddl_privilege,destructive,windows_native",rebuild_source/forms/all_window_specs/ADMI012.rebuild.md,FMB/PLL/PKS/PKB/DDL/Forms Builder
ADMI013.fmx,admin/system,161828,catalog_specification,FMB_PLL_not_found,35,8,1,62,"credentials,ddl_privilege,destructive,windows_native",rebuild_source/forms/all_window_specs/ADMI013.rebuild.md,FMB/PLL/PKS/PKB/DDL/Forms Builder
ADMI014.fmx,admin/system,182696,catalog_specification,FMB_PLL_not_found,34,8,1,59,"credentials,ddl_privilege,destructive,windows_native",rebuild_source/forms/all_window_specs/ADMI014.rebuild.md,FMB/PLL/PKS/PKB/DDL/Forms Builder
ADMI015.fmx,admin/system,156292,catalog_specification,FMB_PLL_not_found,32,8,1,50,"credentials,ddl_privilege,destructive,windows_native",rebuild_source/forms/all_window_specs/ADMI015.rebuild.md,FMB/PLL/PKS/PKB/DDL/Forms Builder
ADMI016.fmx,admin/system,202552,catalog_specification,FMB_PLL_not_found,34,8,1,75,"credentials,ddl_privilege,destructive,dynamic_sql,windows_native",rebuild_source/forms/all_window_specs/ADMI016.rebuild.md,FMB/PLL/PKS/PKB/DDL/Forms Builder
ADMI020.fmx,admin/system,174568,catalog_specification,FMB_PLL_not_found,34,8,1,57,"credentials,ddl_privilege,destructive,windows_native",rebuild_source/forms/all_window_specs/ADMI020.rebuild.md,FMB/PLL/PKS/PKB/DDL/Forms Builder
ADMI021.fmx,admin/system,181148,catalog_specification,FMB_PLL_not_found,33,10,1,78,"credentials,ddl_privilege,destructive,dynamic_sql,windows_native",rebuild_source/forms/all_window_specs/ADMI021.rebuild.md,FMB/PLL/PKS/PKB/DDL/Forms Builder
ADMINVI017.fmx,admin/system,294916,catalog_specification,FMB_PLL_not_found,36,8,1,146,"credentials,ddl_privilege,destructive,dynamic_sql,windows_native",rebuild_source/forms/all_window_specs/ADMINVI017.rebuild.md,FMB/PLL/PKS/PKB/DDL/Forms Builder
ADMQ001.fmx,admin/system,157720,catalog_specification,FMB_PLL_not_found,33,8,1,55,"credentials,ddl_privilege,destructive,windows_native",rebuild_source/forms/all_window_specs/ADMQ001.rebuild.md,FMB/PLL/PKS/PKB/DDL/Forms Builder
ADMQ002.fmx,admin/system,193028,catalog_specification,FMB_PLL_not_found,32,8,2,61,"credentials,ddl_privilege,destructive,windows_native",rebuild_source/forms/all_window_specs/ADMQ002.rebuild.md,FMB/PLL/PKS/PKB/DDL/Forms Builder
ADMQ003.fmx,admin/system,200468,catalog_specification,FMB_PLL_not_found,36,8,1,80,"credentials,ddl_privilege,destructive,windows_native",rebuild_source/forms/all_window_specs/ADMQ003.rebuild.md,FMB/PLL/PKS/PKB/DDL/Forms Builder
ADMR010.fmx,admin/system,124060,catalog_specification,FMB_PLL_not_found,15,3,1,61,"credentials,destructive",rebuild_source/forms/all_window_specs/ADMR010.rebuild.md,FMB/PLL/PKS/PKB/DDL/Forms Builder
ADMR020.fmx,admin/system,185884,catalog_specification,FMB_PLL_not_found,22,6,1,84,"credentials,destructive,windows_native",rebuild_source/forms/all_window_specs/ADMR020.rebuild.md,FMB/PLL/PKS/PKB/DDL/Forms Builder
ADMT020.fmx,admin/system,202548,catalog_specification,FMB_PLL_not_found,34,8,1,69,"credentials,ddl_privilege,destructive,windows_native",rebuild_source/forms/all_window_specs/ADMT020.rebuild.md,FMB/PLL/PKS/PKB/DDL/Forms Builder
ADMT021.fmx,admin/system,311912,catalog_specification,FMB_PLL_not_found,50,8,1,193,"credentials,ddl_privilege,destructive,windows_native",rebuild_source/forms/all_window_specs/ADMT021.rebuild.md,FMB/PLL/PKS/PKB/DDL/Forms Builder
ADMT022.fmx,admin/system,933032,catalog_specification,FMB_PLL_not_found,190,12,1,880,"credentials,ddl_privilege,destructive,dynamic_sql,windows_native,error_handling,session_control,network",rebuild_source/forms/all_window_specs/ADMT022.rebuild.md,FMB/PLL/PKS/PKB/DDL/Forms Builder
ADMT022ث.fmx,admin/system,1004156,catalog_specification,FMB_PLL_not_found,261,14,1,987,"credentials,ddl_privilege,destructive,dynamic_sql,windows_native,error_handling,session_control",rebuild_source/forms/all_window_specs/ADMT022ث.rebuild.md,FMB/PLL/PKS/PKB/DDL/Forms Builder
ADMT023.fmx,admin/system,181636,catalog_specification,FMB_PLL_not_found,36,8,1,65,"credentials,ddl_privilege,destructive,windows_native",rebuild_source/forms/all_window_specs/ADMT023.rebuild.md,FMB/PLL/PKS/PKB/DDL/Forms Builder
ADMT024.fmx,admin/system,168916,catalog_specification,FMB_PLL_not_found,33,8,1,65,"credentials,ddl_privilege,destructive,windows_native",rebuild_source/forms/all_window_specs/ADMT024.rebuild.md,FMB/PLL/PKS/PKB/DDL/Forms Builder
ADMT025.fmx,admin/system,186528,catalog_specification,FMB_PLL_not_found,35,8,1,64,"credentials,ddl_privilege,destructive,windows_native",rebuild_source/forms/all_window_specs/ADMT025.rebuild.md,FMB/PLL/PKS/PKB/DDL/Forms Builder
ADMT027.fmx,admin/system,1762336,catalog_specification,FMB_PLL_not_found,238,14,6,1511,"credentials,ddl_privilege,destructive,dynamic_sql,windows_native,error_handling,session_control,network",rebuild_source/forms/all_window_specs/ADMT027.rebuild.md,FMB/PLL/PKS/PKB/DDL/Forms Builder
ADMT028.fmx,admin/system,163440,catalog_specification,FMB_PLL_not_found,33,8,1,63,"credentials,ddl_privilege,destructive,windows_native",rebuild_source/forms/all_window_specs/ADMT028.rebuild.md,FMB/PLL/PKS/PKB/DDL/Forms Builder
ADMT029.fmx,admin/system,240660,catalog_specification,FMB_PLL_not_found,39,8,1,102,"credentials,ddl_privilege,destructive,windows_native",rebuild_source/forms/all_window_specs/ADMT029.rebuild.md,FMB/PLL/PKS/PKB/DDL/Forms Builder
ADMT030.fmx,admin/system,413124,catalog_specification,FMB_PLL_not_found,33,8,2,142,"credentials,ddl_privilege,destructive,windows_native",rebuild_source/forms/all_window_specs/ADMT030.rebuild.md,FMB/PLL/PKS/PKB/DDL/Forms Builder
ADMT031.fmx,admin/system,412352,catalog_specification,FMB_PLL_not_found,33,8,2,142,"credentials,ddl_privilege,destructive,windows_native",rebuild_source/forms/all_window_specs/ADMT031.rebuild.md,FMB/PLL/PKS/PKB/DDL/Forms Builder
ALRTI003.fmx,other,201128,catalog_specification,FMB_PLL_not_found,37,8,1,73,"credentials,ddl_privilege,destructive,windows_native",rebuild_source/forms/all_window_specs/ALRTI003.rebuild.md,FMB/PLL/PKS/PKB/DDL/Forms Builder
ALRTI004.fmx,other,198460,catalog_specification,FMB_PLL_not_found,35,8,1,82,"credentials,ddl_privilege,destructive,windows_native",rebuild_source/forms/all_window_specs/ALRTI004.rebuild.md,FMB/PLL/PKS/PKB/DDL/Forms Builder
ALRTI005.fmx,other,175400,catalog_specification,FMB_PLL_not_found,36,8,1,70,"credentials,ddl_privilege,destructive,windows_native",rebuild_source/forms/all_window_specs/ALRTI005.rebuild.md,FMB/PLL/PKS/PKB/DDL/Forms Builder
ALRTIMPXLS.fmx,other,172440,catalog_specification,FMB_PLL_not_found,36,8,2,69,"credentials,ddl_privilege,destructive,windows_native",rebuild_source/forms/all_window_specs/ALRTIMPXLS.rebuild.md,FMB/PLL/PKS/PKB/DDL/Forms Builder
ALRTQ007.fmx,other,357112,catalog_specification,FMB_PLL_not_found,44,8,1,132,"credentials,ddl_privilege,destructive,windows_native",rebuild_source/forms/all_window_specs/ALRTQ007.rebuild.md,FMB/PLL/PKS/PKB/DDL/Forms Builder
ALRTR010.fmx,other,168040,catalog_specification,FMB_PLL_not_found,33,8,1,61,"credentials,ddl_privilege,destructive,dynamic_sql,windows_native",rebuild_source/forms/all_window_specs/ALRTR010.rebuild.md,FMB/PLL/PKS/PKB/DDL/Forms Builder
ALRTS001.fmx,other,223152,catalog_specification,FMB_PLL_not_found,37,8,1,93,"credentials,ddl_privilege,destructive,windows_native",rebuild_source/forms/all_window_specs/ALRTS001.rebuild.md,FMB/PLL/PKS/PKB/DDL/Forms Builder
ALRTT002.fmx,other,216852,catalog_specification,FMB_PLL_not_found,35,8,1,87,"credentials,ddl_privilege,destructive,windows_native",rebuild_source/forms/all_window_specs/ALRTT002.rebuild.md,FMB/PLL/PKS/PKB/DDL/Forms Builder
AMSI001.fmx,assets/maintenance,275040,catalog_specification,FMB_PLL_not_found,34,8,1,86,"credentials,ddl_privilege,destructive,windows_native",rebuild_source/forms/all_window_specs/AMSI001.rebuild.md,FMB/PLL/PKS/PKB/DDL/Forms Builder
AMSI002.fmx,assets/maintenance,269932,catalog_specification,FMB_PLL_not_found,33,8,1,83,"credentials,ddl_privilege,destructive,windows_native",rebuild_source/forms/all_window_specs/AMSI002.rebuild.md,FMB/PLL/PKS/PKB/DDL/Forms Builder
AMSI003.fmx,assets/maintenance,296232,catalog_specification,FMB_PLL_not_found,34,8,1,93,"credentials,ddl_privilege,destructive,windows_native",rebuild_source/forms/all_window_specs/AMSI003.rebuild.md,FMB/PLL/PKS/PKB/DDL/Forms Builder
AMSI004.fmx,assets/maintenance,359560,catalog_specification,FMB_PLL_not_found,39,8,1,111,"credentials,ddl_privilege,destructive,windows_native",rebuild_source/forms/all_window_specs/AMSI004.rebuild.md,FMB/PLL/PKS/PKB/DDL/Forms Builder
AMSI005.fmx,assets/maintenance,315844,catalog_specification,FMB_PLL_not_found,38,8,1,100,"credentials,ddl_privilege,destructive,windows_native",rebuild_source/forms/all_window_specs/AMSI005.rebuild.md,FMB/PLL/PKS/PKB/DDL/Forms Builder
AMSI006.fmx,assets/maintenance,267596,catalog_specification,FMB_PLL_not_found,33,8,1,79,"credentials,ddl_privilege,destructive,windows_native",rebuild_source/forms/all_window_specs/AMSI006.rebuild.md,FMB/PLL/PKS/PKB/DDL/Forms Builder
AMSI007.fmx,assets/maintenance,273884,catalog_specification,FMB_PLL_not_found,33,8,1,86,"credentials,ddl_privilege,destructive,windows_native",rebuild_source/forms/all_window_specs/AMSI007.rebuild.md,FMB/PLL/PKS/PKB/DDL/Forms Builder
AMSR001.fmx,assets/maintenance,211900,catalog_specification,FMB_PLL_not_found,19,3,1,78,"credentials,destructive,windows_native",rebuild_source/forms/all_window_specs/AMSR001.rebuild.md,FMB/PLL/PKS/PKB/DDL/Forms Builder
AMSR002.fmx,assets/maintenance,222428,catalog_specification,FMB_PLL_not_found,18,3,1,83,"credentials,destructive",rebuild_source/forms/all_window_specs/AMSR002.rebuild.md,FMB/PLL/PKS/PKB/DDL/Forms Builder
AMSR003.fmx,assets/maintenance,256828,catalog_specification,FMB_PLL_not_found,22,3,1,93,"credentials,destructive",rebuild_source/forms/all_window_specs/AMSR003.rebuild.md,FMB/PLL/PKS/PKB/DDL/Forms Builder
AMSR004.fmx,assets/maintenance,237768,catalog_specification,FMB_PLL_not_found,21,3,1,78,"credentials,destructive",rebuild_source/forms/all_window_specs/AMSR004.rebuild.md,FMB/PLL/PKS/PKB/DDL/Forms Builder
AMSR005.fmx,assets/maintenance,214252,catalog_specification,FMB_PLL_not_found,18,3,1,73,"credentials,destructive",rebuild_source/forms/all_window_specs/AMSR005.rebuild.md,FMB/PLL/PKS/PKB/DDL/Forms Builder
AMSR006.fmx,assets/maintenance,210604,catalog_specification,FMB_PLL_not_found,18,3,1,76,"credentials,destructive",rebuild_source/forms/all_window_specs/AMSR006.rebuild.md,FMB/PLL/PKS/PKB/DDL/Forms Builder
AMSR007.fmx,assets/maintenance,230476,catalog_specification,FMB_PLL_not_found,19,3,1,79,"credentials,destructive",rebuild_source/forms/all_window_specs/AMSR007.rebuild.md,FMB/PLL/PKS/PKB/DDL/Forms Builder
AMSR008.fmx,assets/maintenance,241072,catalog_specification,FMB_PLL_not_found,21,3,1,77,"credentials,destructive",rebuild_source/forms/all_window_specs/AMSR008.rebuild.md,FMB/PLL/PKS/PKB/DDL/Forms Builder
AMSR009.fmx,assets/maintenance,267812,catalog_specification,FMB_PLL_not_found,21,3,1,95,"credentials,destructive,windows_native",rebuild_source/forms/all_window_specs/AMSR009.rebuild.md,FMB/PLL/PKS/PKB/DDL/Forms Builder
AMSR010.fmx,assets/maintenance,223124,catalog_specification,FMB_PLL_not_found,19,3,1,78,"credentials,destructive",rebuild_source/forms/all_window_specs/AMSR010.rebuild.md,FMB/PLL/PKS/PKB/DDL/Forms Builder
AMSR011.fmx,assets/maintenance,223352,catalog_specification,FMB_PLL_not_found,20,3,1,77,"credentials,destructive",rebuild_source/forms/all_window_specs/AMSR011.rebuild.md,FMB/PLL/PKS/PKB/DDL/Forms Builder
AMSR012.fmx,assets/maintenance,232572,catalog_specification,FMB_PLL_not_found,20,3,1,79,"credentials,destructive",rebuild_source/forms/all_window_specs/AMSR012.rebuild.md,FMB/PLL/PKS/PKB/DDL/Forms Builder
AMSR013.fmx,assets/maintenance,234840,catalog_specification,FMB_PLL_not_found,19,3,1,83,"credentials,destructive",rebuild_source/forms/all_window_specs/AMSR013.rebuild.md,FMB/PLL/PKS/PKB/DDL/Forms Builder
AMSR014.fmx,assets/maintenance,224684,catalog_specification,FMB_PLL_not_found,19,3,1,76,"credentials,destructive,windows_native",rebuild_source/forms/all_window_specs/AMSR014.rebuild.md,FMB/PLL/PKS/PKB/DDL/Forms Builder
AMSS001.fmx,assets/maintenance,173300,catalog_specification,FMB_PLL_not_found,32,8,1,55,"credentials,ddl_privilege,destructive,windows_native",rebuild_source/forms/all_window_specs/AMSS001.rebuild.md,FMB/PLL/PKS/PKB/DDL/Forms Builder
AMSS002.fmx,assets/maintenance,159176,catalog_specification,FMB_PLL_not_found,32,8,1,50,"credentials,ddl_privilege,destructive,windows_native",rebuild_source/forms/all_window_specs/AMSS002.rebuild.md,FMB/PLL/PKS/PKB/DDL/Forms Builder
AMSS003.fmx,assets/maintenance,158516,catalog_specification,FMB_PLL_not_found,32,8,1,50,"credentials,ddl_privilege,destructive,windows_native",rebuild_source/forms/all_window_specs/AMSS003.rebuild.md,FMB/PLL/PKS/PKB/DDL/Forms Builder
AMSS004.fmx,assets/maintenance,158516,catalog_specification,FMB_PLL_not_found,32,8,1,50,"credentials,ddl_privilege,destructive,windows_native",rebuild_source/forms/all_window_specs/AMSS004.rebuild.md,FMB/PLL/PKS/PKB/DDL/Forms Builder
AMSS005.fmx,assets/maintenance,158516,catalog_specification,FMB_PLL_not_found,32,8,1,50,"credentials,ddl_privilege,destructive,windows_native",rebuild_source/forms/all_window_specs/AMSS005.rebuild.md,FMB/PLL/PKS/PKB/DDL/Forms Builder
AMSS006.fmx,assets/maintenance,158516,catalog_specification,FMB_PLL_not_found,32,8,1,50,"credentials,ddl_privilege,destructive,windows_native",rebuild_source/forms/all_window_specs/AMSS006.rebuild.md,FMB/PLL/PKS/PKB/DDL/Forms Builder
AMSS007.fmx,assets/maintenance,158488,catalog_specification,FMB_PLL_not_found,32,8,1,50,"credentials,ddl_privilege,destructive,windows_native",rebuild_source/forms/all_window_specs/AMSS007.rebuild.md,FMB/PLL/PKS/PKB/DDL/Forms Builder
AMSS008.fmx,assets/maintenance,185312,catalog_specification,FMB_PLL_not_found,34,8,1,68,"credentials,ddl_privilege,destructive,windows_native",rebuild_source/forms/all_window_specs/AMSS008.rebuild.md,FMB/PLL/PKS/PKB/DDL/Forms Builder
AMST001.fmx,assets/maintenance,321228,catalog_specification,FMB_PLL_not_found,38,8,1,106,"credentials,ddl_privilege,destructive,windows_native",rebuild_source/forms/all_window_specs/AMST001.rebuild.md,FMB/PLL/PKS/PKB/DDL/Forms Builder
AMST002.fmx,assets/maintenance,339792,catalog_specification,FMB_PLL_not_found,39,8,1,109,"credentials,ddl_privilege,destructive,windows_native",rebuild_source/forms/all_window_specs/AMST002.rebuild.md,FMB/PLL/PKS/PKB/DDL/Forms Builder
AMST003.fmx,assets/maintenance,433960,catalog_specification,FMB_PLL_not_found,40,8,1,133,"credentials,ddl_privilege,destructive,windows_native",rebuild_source/forms/all_window_specs/AMST003.rebuild.md,FMB/PLL/PKS/PKB/DDL/Forms Builder
AMST004.fmx,assets/maintenance,299860,catalog_specification,FMB_PLL_not_found,37,8,1,100,"credentials,ddl_privilege,destructive,windows_native",rebuild_source/forms/all_window_specs/AMST004.rebuild.md,FMB/PLL/PKS/PKB/DDL/Forms Builder
AMST005.fmx,assets/maintenance,309280,catalog_specification,FMB_PLL_not_found,38,8,1,98,"credentials,ddl_privilege,destructive,windows_native",rebuild_source/forms/all_window_specs/AMST005.rebuild.md,FMB/PLL/PKS/PKB/DDL/Forms Builder
AMST006.fmx,assets/maintenance,303532,catalog_specification,FMB_PLL_not_found,39,8,1,101,"credentials,ddl_privilege,destructive,windows_native",rebuild_source/forms/all_window_specs/AMST006.rebuild.md,FMB/PLL/PKS/PKB/DDL/Forms Builder
AMST007.fmx,assets/maintenance,342236,catalog_specification,FMB_PLL_not_found,37,8,1,111,"credentials,ddl_privilege,destructive,windows_native",rebuild_source/forms/all_window_specs/AMST007.rebuild.md,FMB/PLL/PKS/PKB/DDL/Forms Builder
AMST008.fmx,assets/maintenance,300052,catalog_specification,FMB_PLL_not_found,36,8,1,103,"credentials,ddl_privilege,destructive,windows_native",rebuild_source/forms/all_window_specs/AMST008.rebuild.md,FMB/PLL/PKS/PKB/DDL/Forms Builder
AMST009.fmx,assets/maintenance,296544,catalog_specification,FMB_PLL_not_found,38,8,1,97,"credentials,ddl_privilege,destructive,windows_native",rebuild_source/forms/all_window_specs/AMST009.rebuild.md,FMB/PLL/PKS/PKB/DDL/Forms Builder
AMS_INSTAL.fmx,assets/maintenance,183136,catalog_specification,FMB_PLL_not_found,44,8,1,94,"credentials,ddl_privilege,destructive,dynamic_sql,windows_native",rebuild_source/forms/all_window_specs/AMS_INSTAL.rebuild.md,FMB/PLL/PKS/PKB/DDL/Forms Builder
APSI001.fmx,AP/purchasing,178628,catalog_specification,FMB_PLL_not_found,34,10,1,82,"credentials,ddl_privilege,destructive,windows_native",rebuild_source/forms/all_window_specs/APSI001.rebuild.md,FMB/PLL/PKS/PKB/DDL/Forms Builder
APSI002.fmx,AP/purchasing,380196,catalog_specification,FMB_PLL_not_found,39,8,14,154,"credentials,ddl_privilege,destructive,windows_native,error_handling",rebuild_source/forms/all_window_specs/APSI002.rebuild.md,FMB/PLL/PKS/PKB/DDL/Forms Builder
APSI003.fmx,AP/purchasing,250736,catalog_specification,FMB_PLL_not_found,40,8,3,86,"credentials,ddl_privilege,destructive,dynamic_sql,windows_native",rebuild_source/forms/all_window_specs/APSI003.rebuild.md,FMB/PLL/PKS/PKB/DDL/Forms Builder
APSI006.fmx,AP/purchasing,461564,catalog_specification,FMB_PLL_not_found,32,10,1,125,"credentials,ddl_privilege,destructive,windows_native",rebuild_source/forms/all_window_specs/APSI006.rebuild.md,FMB/PLL/PKS/PKB/DDL/Forms Builder
APSI008.fmx,AP/purchasing,210532,catalog_specification,FMB_PLL_not_found,34,8,1,84,"credentials,ddl_privilege,destructive,windows_native",rebuild_source/forms/all_window_specs/APSI008.rebuild.md,FMB/PLL/PKS/PKB/DDL/Forms Builder
APSI009.fmx,AP/purchasing,260216,catalog_specification,FMB_PLL_not_found,33,9,1,92,"credentials,ddl_privilege,destructive,windows_native",rebuild_source/forms/all_window_specs/APSI009.rebuild.md,FMB/PLL/PKS/PKB/DDL/Forms Builder
APSR001.fmx,AP/purchasing,121016,catalog_specification,FMB_PLL_not_found,14,3,1,57,"credentials,destructive,windows_native",rebuild_source/forms/all_window_specs/APSR001.rebuild.md,FMB/PLL/PKS/PKB/DDL/Forms Builder
APSR002.fmx,AP/purchasing,111712,catalog_specification,FMB_PLL_not_found,15,3,1,60,"credentials,destructive",rebuild_source/forms/all_window_specs/APSR002.rebuild.md,FMB/PLL/PKS/PKB/DDL/Forms Builder
APSR005.fmx,AP/purchasing,180028,catalog_specification,FMB_PLL_not_found,19,3,1,78,"credentials,ddl_privilege,destructive,windows_native",rebuild_source/forms/all_window_specs/APSR005.rebuild.md,FMB/PLL/PKS/PKB/DDL/Forms Builder
APSR010.fmx,AP/purchasing,130316,catalog_specification,FMB_PLL_not_found,16,3,1,76,"credentials,destructive",rebuild_source/forms/all_window_specs/APSR010.rebuild.md,FMB/PLL/PKS/PKB/DDL/Forms Builder
APSR011.fmx,AP/purchasing,128688,catalog_specification,FMB_PLL_not_found,15,3,1,59,"credentials,destructive",rebuild_source/forms/all_window_specs/APSR011.rebuild.md,FMB/PLL/PKS/PKB/DDL/Forms Builder
APSR012.fmx,AP/purchasing,126904,catalog_specification,FMB_PLL_not_found,15,3,1,58,"credentials,destructive",rebuild_source/forms/all_window_specs/APSR012.rebuild.md,FMB/PLL/PKS/PKB/DDL/Forms Builder
APSR013.fmx,AP/purchasing,131528,catalog_specification,FMB_PLL_not_found,16,3,1,71,"credentials,destructive",rebuild_source/forms/all_window_specs/APSR013.rebuild.md,FMB/PLL/PKS/PKB/DDL/Forms Builder
APSR014.fmx,AP/purchasing,207496,catalog_specification,FMB_PLL_not_found,15,3,1,92,"credentials,destructive,windows_native",rebuild_source/forms/all_window_specs/APSR014.rebuild.md,FMB/PLL/PKS/PKB/DDL/Forms Builder
APSR015.fmx,AP/purchasing,178880,catalog_specification,FMB_PLL_not_found,16,4,1,89,"credentials,ddl_privilege,destructive,windows_native",rebuild_source/forms/all_window_specs/APSR015.rebuild.md,FMB/PLL/PKS/PKB/DDL/Forms Builder
APSR016.fmx,AP/purchasing,243476,catalog_specification,FMB_PLL_not_found,18,3,1,116,"credentials,destructive,windows_native",rebuild_source/forms/all_window_specs/APSR016.rebuild.md,FMB/PLL/PKS/PKB/DDL/Forms Builder
APSR017.fmx,AP/purchasing,196588,catalog_specification,FMB_PLL_not_found,16,3,1,82,"credentials,destructive,windows_native",rebuild_source/forms/all_window_specs/APSR017.rebuild.md,FMB/PLL/PKS/PKB/DDL/Forms Builder
APSR018.fmx,AP/purchasing,511012,catalog_specification,FMB_PLL_not_found,19,3,1,185,"credentials,ddl_privilege,destructive,windows_native",rebuild_source/forms/all_window_specs/APSR018.rebuild.md,FMB/PLL/PKS/PKB/DDL/Forms Builder
APSR019.fmx,AP/purchasing,208836,catalog_specification,FMB_PLL_not_found,15,3,1,83,"credentials,destructive,windows_native",rebuild_source/forms/all_window_specs/APSR019.rebuild.md,FMB/PLL/PKS/PKB/DDL/Forms Builder
APSR020.fmx,AP/purchasing,162120,catalog_specification,FMB_PLL_not_found,16,3,1,79,"credentials,destructive",rebuild_source/forms/all_window_specs/APSR020.rebuild.md,FMB/PLL/PKS/PKB/DDL/Forms Builder
APSR021.fmx,AP/purchasing,192536,catalog_specification,FMB_PLL_not_found,16,3,1,94,"credentials,destructive",rebuild_source/forms/all_window_specs/APSR021.rebuild.md,FMB/PLL/PKS/PKB/DDL/Forms Builder
APSR022.fmx,AP/purchasing,125436,catalog_specification,FMB_PLL_not_found,15,3,1,60,"credentials,destructive,windows_native",rebuild_source/forms/all_window_specs/APSR022.rebuild.md,FMB/PLL/PKS/PKB/DDL/Forms Builder
APSR023.fmx,AP/purchasing,141632,catalog_specification,FMB_PLL_not_found,16,3,1,68,"credentials,destructive,windows_native",rebuild_source/forms/all_window_specs/APSR023.rebuild.md,FMB/PLL/PKS/PKB/DDL/Forms Builder
APSR024.fmx,AP/purchasing,168340,catalog_specification,FMB_PLL_not_found,16,3,1,74,"credentials,destructive",rebuild_source/forms/all_window_specs/APSR024.rebuild.md,FMB/PLL/PKS/PKB/DDL/Forms Builder
APSR025.fmx,AP/purchasing,266948,catalog_specification,FMB_PLL_not_found,16,3,1,108,"credentials,destructive",rebuild_source/forms/all_window_specs/APSR025.rebuild.md,FMB/PLL/PKS/PKB/DDL/Forms Builder
APSR026.fmx,AP/purchasing,136964,catalog_specification,FMB_PLL_not_found,14,3,1,71,"credentials,destructive,windows_native",rebuild_source/forms/all_window_specs/APSR026.rebuild.md,FMB/PLL/PKS/PKB/DDL/Forms Builder
APSR027.fmx,AP/purchasing,175928,catalog_specification,FMB_PLL_not_found,16,3,1,75,"credentials,destructive",rebuild_source/forms/all_window_specs/APSR027.rebuild.md,FMB/PLL/PKS/PKB/DDL/Forms Builder
APSR028.fmx,AP/purchasing,148952,catalog_specification,FMB_PLL_not_found,14,3,1,78,"credentials,destructive",rebuild_source/forms/all_window_specs/APSR028.rebuild.md,FMB/PLL/PKS/PKB/DDL/Forms Builder
APSR029.fmx,AP/purchasing,231620,catalog_specification,FMB_PLL_not_found,18,3,1,111,"credentials,destructive,windows_native",rebuild_source/forms/all_window_specs/APSR029.rebuild.md,FMB/PLL/PKS/PKB/DDL/Forms Builder
APSS001.fmx,AP/purchasing,265576,catalog_specification,FMB_PLL_not_found,35,8,1,142,"credentials,ddl_privilege,destructive,windows_native",rebuild_source/forms/all_window_specs/APSS001.rebuild.md,FMB/PLL/PKS/PKB/DDL/Forms Builder
APSS002.fmx,AP/purchasing,160952,catalog_specification,FMB_PLL_not_found,32,8,1,60,"credentials,ddl_privilege,destructive,windows_native",rebuild_source/forms/all_window_specs/APSS002.rebuild.md,FMB/PLL/PKS/PKB/DDL/Forms Builder
APSS003.fmx,AP/purchasing,154804,catalog_specification,FMB_PLL_not_found,31,8,1,59,"credentials,ddl_privilege,destructive,windows_native",rebuild_source/forms/all_window_specs/APSS003.rebuild.md,FMB/PLL/PKS/PKB/DDL/Forms Builder
APSS004.fmx,AP/purchasing,334128,catalog_specification,FMB_PLL_not_found,32,8,1,68,"credentials,ddl_privilege,destructive,windows_native",rebuild_source/forms/all_window_specs/APSS004.rebuild.md,FMB/PLL/PKS/PKB/DDL/Forms Builder
APSS005.fmx,AP/purchasing,155636,catalog_specification,FMB_PLL_not_found,31,8,1,61,"credentials,ddl_privilege,destructive,windows_native",rebuild_source/forms/all_window_specs/APSS005.rebuild.md,FMB/PLL/PKS/PKB/DDL/Forms Builder
APSS006.fmx,AP/purchasing,158392,catalog_specification,FMB_PLL_not_found,33,8,1,63,"credentials,ddl_privilege,destructive,windows_native",rebuild_source/forms/all_window_specs/APSS006.rebuild.md,FMB/PLL/PKS/PKB/DDL/Forms Builder
APSS007.fmx,AP/purchasing,158052,catalog_specification,FMB_PLL_not_found,33,8,1,57,"credentials,ddl_privilege,destructive,windows_native",rebuild_source/forms/all_window_specs/APSS007.rebuild.md,FMB/PLL/PKS/PKB/DDL/Forms Builder
APSS008.fmx,AP/purchasing,431936,catalog_specification,FMB_PLL_not_found,34,8,1,127,"credentials,ddl_privilege,destructive,windows_native",rebuild_source/forms/all_window_specs/APSS008.rebuild.md,FMB/PLL/PKS/PKB/DDL/Forms Builder
APSS009.fmx,AP/purchasing,160012,catalog_specification,FMB_PLL_not_found,33,8,1,65,"credentials,ddl_privilege,destructive,windows_native",rebuild_source/forms/all_window_specs/APSS009.rebuild.md,FMB/PLL/PKS/PKB/DDL/Forms Builder
APSS010.fmx,AP/purchasing,187036,catalog_specification,FMB_PLL_not_found,36,8,1,82,"credentials,ddl_privilege,destructive,windows_native",rebuild_source/forms/all_window_specs/APSS010.rebuild.md,FMB/PLL/PKS/PKB/DDL/Forms Builder
APST001.fmx,AP/purchasing,926364,catalog_specification,FMB_PLL_not_found,56,8,7,352,"credentials,ddl_privilege,destructive,dynamic_sql,windows_native",rebuild_source/forms/all_window_specs/APST001.rebuild.md,FMB/PLL/PKS/PKB/DDL/Forms Builder
APST002.fmx,AP/purchasing,538360,catalog_specification,FMB_PLL_not_found,51,8,3,225,"credentials,ddl_privilege,destructive,dynamic_sql,windows_native",rebuild_source/forms/all_window_specs/APST002.rebuild.md,FMB/PLL/PKS/PKB/DDL/Forms Builder
APST003.fmx,AP/purchasing,1754568,catalog_specification,FMB_PLL_not_found,66,8,8,460,"credentials,ddl_privilege,destructive,dynamic_sql,windows_native",rebuild_source/forms/all_window_specs/APST003.rebuild.md,FMB/PLL/PKS/PKB/DDL/Forms Builder
APST004.fmx,AP/purchasing,1059380,catalog_specification,FMB_PLL_not_found,60,8,3,331,"credentials,ddl_privilege,destructive,dynamic_sql,windows_native",rebuild_source/forms/all_window_specs/APST004.rebuild.md,FMB/PLL/PKS/PKB/DDL/Forms Builder
APST005.fmx,AP/purchasing,2620252,catalog_specification,FMB_PLL_not_found,76,12,10,614,"credentials,ddl_privilege,destructive,dynamic_sql,windows_native",rebuild_source/forms/all_window_specs/APST005.rebuild.md,FMB/PLL/PKS/PKB/DDL/Forms Builder
APST006.fmx,AP/purchasing,392188,catalog_specification,FMB_PLL_not_found,39,8,3,131,"credentials,ddl_privilege,destructive,windows_native",rebuild_source/forms/all_window_specs/APST006.rebuild.md,FMB/PLL/PKS/PKB/DDL/Forms Builder
APST008.fmx,AP/purchasing,775736,catalog_specification,FMB_PLL_not_found,61,8,1,261,"credentials,ddl_privilege,destructive,windows_native",rebuild_source/forms/all_window_specs/APST008.rebuild.md,FMB/PLL/PKS/PKB/DDL/Forms Builder
APST009.fmx,AP/purchasing,771012,catalog_specification,FMB_PLL_not_found,43,9,1,198,"credentials,ddl_privilege,destructive,windows_native",rebuild_source/forms/all_window_specs/APST009.rebuild.md,FMB/PLL/PKS/PKB/DDL/Forms Builder
APST010.fmx,AP/purchasing,1720196,catalog_specification,FMB_PLL_not_found,71,9,8,497,"credentials,ddl_privilege,destructive,dynamic_sql,windows_native",rebuild_source/forms/all_window_specs/APST010.rebuild.md,FMB/PLL/PKS/PKB/DDL/Forms Builder
APST011.fmx,AP/purchasing,251488,catalog_specification,FMB_PLL_not_found,34,8,1,99,"credentials,ddl_privilege,destructive,windows_native",rebuild_source/forms/all_window_specs/APST011.rebuild.md,FMB/PLL/PKS/PKB/DDL/Forms Builder
APST012.fmx,AP/purchasing,277256,catalog_specification,FMB_PLL_not_found,40,10,1,121,"credentials,ddl_privilege,destructive,windows_native",rebuild_source/forms/all_window_specs/APST012.rebuild.md,FMB/PLL/PKS/PKB/DDL/Forms Builder
APST013.fmx,AP/purchasing,569132,catalog_specification,FMB_PLL_not_found,50,11,4,225,"credentials,destructive,windows_native",rebuild_source/forms/all_window_specs/APST013.rebuild.md,FMB/PLL/PKS/PKB/DDL/Forms Builder
APST014.fmx,AP/purchasing,575052,catalog_specification,FMB_PLL_not_found,47,9,1,210,"credentials,ddl_privilege,destructive,windows_native",rebuild_source/forms/all_window_specs/APST014.rebuild.md,FMB/PLL/PKS/PKB/DDL/Forms Builder
APST015.fmx,AP/purchasing,737904,catalog_specification,FMB_PLL_not_found,45,8,2,291,"credentials,ddl_privilege,destructive,dynamic_sql,windows_native",rebuild_source/forms/all_window_specs/APST015.rebuild.md,FMB/PLL/PKS/PKB/DDL/Forms Builder
APST016.fmx,AP/purchasing,493048,catalog_specification,FMB_PLL_not_found,43,9,2,194,"credentials,ddl_privilege,destructive,windows_native",rebuild_source/forms/all_window_specs/APST016.rebuild.md,FMB/PLL/PKS/PKB/DDL/Forms Builder
APST017.fmx,AP/purchasing,455044,catalog_specification,FMB_PLL_not_found,46,8,3,155,"credentials,ddl_privilege,destructive,dynamic_sql,windows_native",rebuild_source/forms/all_window_specs/APST017.rebuild.md,FMB/PLL/PKS/PKB/DDL/Forms Builder
APST018.fmx,AP/purchasing,273548,catalog_specification,FMB_PLL_not_found,42,8,1,117,"credentials,ddl_privilege,destructive,dynamic_sql,windows_native",rebuild_source/forms/all_window_specs/APST018.rebuild.md,FMB/PLL/PKS/PKB/DDL/Forms Builder
APST019.fmx,AP/purchasing,1156240,catalog_specification,FMB_PLL_not_found,64,8,5,390,"credentials,ddl_privilege,destructive,dynamic_sql,windows_native",rebuild_source/forms/all_window_specs/APST019.rebuild.md,FMB/PLL/PKS/PKB/DDL/Forms Builder
APS_IMPXLS_VND.fmx,AP/purchasing,182344,catalog_specification,FMB_PLL_not_found,34,5,2,68,"credentials,ddl_privilege,destructive,windows_native",rebuild_source/forms/all_window_specs/APS_IMPXLS_VND.rebuild.md,FMB/PLL/PKS/PKB/DDL/Forms Builder
ARSI002.fmx,AR/accounts-receivable,188324,catalog_specification,FMB_PLL_not_found,35,8,1,85,"credentials,ddl_privilege,destructive,windows_native",rebuild_source/forms/all_window_specs/ARSI002.rebuild.md,FMB/PLL/PKS/PKB/DDL/Forms Builder
ARSI003.fmx,AR/accounts-receivable,233360,catalog_specification,FMB_PLL_not_found,31,9,1,82,"credentials,ddl_privilege,destructive,windows_native",rebuild_source/forms/all_window_specs/ARSI003.rebuild.md,FMB/PLL/PKS/PKB/DDL/Forms Builder
ARSI004.fmx,AR/accounts-receivable,410520,catalog_specification,FMB_PLL_not_found,36,11,2,195,"credentials,ddl_privilege,destructive,windows_native",rebuild_source/forms/all_window_specs/ARSI004.rebuild.md,FMB/PLL/PKS/PKB/DDL/Forms Builder
ARSI005.fmx,AR/accounts-receivable,937804,catalog_specification,FMB_PLL_not_found,40,9,19,310,"credentials,ddl_privilege,destructive,windows_native",rebuild_source/forms/all_window_specs/ARSI005.rebuild.md,FMB/PLL/PKS/PKB/DDL/Forms Builder
ARSI006.fmx,AR/accounts-receivable,184824,catalog_specification,FMB_PLL_not_found,32,8,1,72,"credentials,ddl_privilege,destructive,windows_native",rebuild_source/forms/all_window_specs/ARSI006.rebuild.md,FMB/PLL/PKS/PKB/DDL/Forms Builder
ARSI008.fmx,AR/accounts-receivable,267932,catalog_specification,FMB_PLL_not_found,34,8,1,105,"credentials,ddl_privilege,destructive,windows_native",rebuild_source/forms/all_window_specs/ARSI008.rebuild.md,FMB/PLL/PKS/PKB/DDL/Forms Builder
ARSI009.fmx,AR/accounts-receivable,235520,catalog_specification,FMB_PLL_not_found,35,8,1,81,"credentials,ddl_privilege,destructive,windows_native",rebuild_source/forms/all_window_specs/ARSI009.rebuild.md,FMB/PLL/PKS/PKB/DDL/Forms Builder
ARSI010.fmx,AR/accounts-receivable,253932,catalog_specification,FMB_PLL_not_found,31,8,1,90,"credentials,ddl_privilege,destructive,windows_native",rebuild_source/forms/all_window_specs/ARSI010.rebuild.md,FMB/PLL/PKS/PKB/DDL/Forms Builder
ARSI012.fmx,AR/accounts-receivable,506628,catalog_specification,FMB_PLL_not_found,38,9,19,184,"credentials,ddl_privilege,destructive,windows_native",rebuild_source/forms/all_window_specs/ARSI012.rebuild.md,FMB/PLL/PKS/PKB/DDL/Forms Builder
ARSI013.fmx,AR/accounts-receivable,555536,catalog_specification,FMB_PLL_not_found,35,8,2,138,"credentials,ddl_privilege,destructive,dynamic_sql,windows_native",rebuild_source/forms/all_window_specs/ARSI013.rebuild.md,FMB/PLL/PKS/PKB/DDL/Forms Builder
ARSI014.fmx,AR/accounts-receivable,180716,catalog_specification,FMB_PLL_not_found,31,8,1,67,"credentials,ddl_privilege,destructive,windows_native",rebuild_source/forms/all_window_specs/ARSI014.rebuild.md,FMB/PLL/PKS/PKB/DDL/Forms Builder
ARSI015.fmx,AR/accounts-receivable,204028,catalog_specification,FMB_PLL_not_found,33,8,1,65,"credentials,ddl_privilege,destructive,windows_native",rebuild_source/forms/all_window_specs/ARSI015.rebuild.md,FMB/PLL/PKS/PKB/DDL/Forms Builder
ARSI016.fmx,AR/accounts-receivable,272464,catalog_specification,FMB_PLL_not_found,33,8,1,110,"credentials,ddl_privilege,destructive,windows_native",rebuild_source/forms/all_window_specs/ARSI016.rebuild.md,FMB/PLL/PKS/PKB/DDL/Forms Builder
ARSI017.fmx,AR/accounts-receivable,230336,catalog_specification,FMB_PLL_not_found,32,9,1,85,"credentials,ddl_privilege,destructive,windows_native",rebuild_source/forms/all_window_specs/ARSI017.rebuild.md,FMB/PLL/PKS/PKB/DDL/Forms Builder
ARSI018.fmx,AR/accounts-receivable,165200,catalog_specification,FMB_PLL_not_found,33,8,1,61,"credentials,ddl_privilege,destructive,windows_native",rebuild_source/forms/all_window_specs/ARSI018.rebuild.md,FMB/PLL/PKS/PKB/DDL/Forms Builder
ARSI019.fmx,AR/accounts-receivable,165096,catalog_specification,FMB_PLL_not_found,32,8,1,60,"credentials,ddl_privilege,destructive,windows_native",rebuild_source/forms/all_window_specs/ARSI019.rebuild.md,FMB/PLL/PKS/PKB/DDL/Forms Builder
ARSI020.fmx,AR/accounts-receivable,301672,catalog_specification,FMB_PLL_not_found,32,8,1,80,"credentials,ddl_privilege,destructive,windows_native",rebuild_source/forms/all_window_specs/ARSI020.rebuild.md,FMB/PLL/PKS/PKB/DDL/Forms Builder
ARSI021.fmx,AR/accounts-receivable,322472,catalog_specification,FMB_PLL_not_found,34,8,1,96,"credentials,ddl_privilege,destructive,windows_native",rebuild_source/forms/all_window_specs/ARSI021.rebuild.md,FMB/PLL/PKS/PKB/DDL/Forms Builder
ARSI022.fmx,AR/accounts-receivable,212744,catalog_specification,FMB_PLL_not_found,32,8,1,69,"credentials,ddl_privilege,destructive,windows_native",rebuild_source/forms/all_window_specs/ARSI022.rebuild.md,FMB/PLL/PKS/PKB/DDL/Forms Builder
ARSI023.fmx,AR/accounts-receivable,292608,catalog_specification,FMB_PLL_not_found,38,9,2,113,"credentials,ddl_privilege,destructive,windows_native",rebuild_source/forms/all_window_specs/ARSI023.rebuild.md,FMB/PLL/PKS/PKB/DDL/Forms Builder
ARSIMPXLS_CST.fmx,AR/accounts-receivable,236696,catalog_specification,FMB_PLL_not_found,35,9,2,89,"credentials,ddl_privilege,destructive,windows_native",rebuild_source/forms/all_window_specs/ARSIMPXLS_CST.rebuild.md,FMB/PLL/PKS/PKB/DDL/Forms Builder
ARSIMPXLS_CST_NW.fmx,AR/accounts-receivable,237680,catalog_specification,FMB_PLL_not_found,35,9,2,83,"credentials,ddl_privilege,destructive,windows_native",rebuild_source/forms/all_window_specs/ARSIMPXLS_CST_NW.rebuild.md,FMB/PLL/PKS/PKB/DDL/Forms Builder
ARSIMPXLS_SUB_CST.fmx,AR/accounts-receivable,176700,catalog_specification,FMB_PLL_not_found,35,8,2,74,"credentials,ddl_privilege,destructive,windows_native",rebuild_source/forms/all_window_specs/ARSIMPXLS_SUB_CST.rebuild.md,FMB/PLL/PKS/PKB/DDL/Forms Builder
ARSR001.fmx,AR/accounts-receivable,105864,catalog_specification,FMB_PLL_not_found,16,3,1,47,"credentials,destructive",rebuild_source/forms/all_window_specs/ARSR001.rebuild.md,FMB/PLL/PKS/PKB/DDL/Forms Builder
ARSR002.fmx,AR/accounts-receivable,114708,catalog_specification,FMB_PLL_not_found,16,3,1,47,"credentials,destructive",rebuild_source/forms/all_window_specs/ARSR002.rebuild.md,FMB/PLL/PKS/PKB/DDL/Forms Builder
ARSR003.fmx,AR/accounts-receivable,121396,catalog_specification,FMB_PLL_not_found,16,3,1,57,"credentials,destructive,windows_native",rebuild_source/forms/all_window_specs/ARSR003.rebuild.md,FMB/PLL/PKS/PKB/DDL/Forms Builder
ARSR004.fmx,AR/accounts-receivable,122488,catalog_specification,FMB_PLL_not_found,16,3,1,64,"credentials,destructive",rebuild_source/forms/all_window_specs/ARSR004.rebuild.md,FMB/PLL/PKS/PKB/DDL/Forms Builder
ARSR005.fmx,AR/accounts-receivable,198088,catalog_specification,FMB_PLL_not_found,16,3,1,84,"credentials,ddl_privilege,destructive,windows_native",rebuild_source/forms/all_window_specs/ARSR005.rebuild.md,FMB/PLL/PKS/PKB/DDL/Forms Builder
ARSR009.fmx,AR/accounts-receivable,404552,catalog_specification,FMB_PLL_not_found,23,3,1,108,"credentials,ddl_privilege,destructive,dynamic_sql,windows_native",rebuild_source/forms/all_window_specs/ARSR009.rebuild.md,FMB/PLL/PKS/PKB/DDL/Forms Builder
ARSR010.fmx,AR/accounts-receivable,224564,catalog_specification,FMB_PLL_not_found,18,4,1,99,"credentials,ddl_privilege,destructive,dynamic_sql",rebuild_source/forms/all_window_specs/ARSR010.rebuild.md,FMB/PLL/PKS/PKB/DDL/Forms Builder
ARSR011.fmx,AR/accounts-receivable,185552,catalog_specification,FMB_PLL_not_found,16,3,1,73,"credentials,destructive,windows_native",rebuild_source/forms/all_window_specs/ARSR011.rebuild.md,FMB/PLL/PKS/PKB/DDL/Forms Builder
ARSR012.fmx,AR/accounts-receivable,208916,catalog_specification,FMB_PLL_not_found,17,3,1,89,"credentials,destructive",rebuild_source/forms/all_window_specs/ARSR012.rebuild.md,FMB/PLL/PKS/PKB/DDL/Forms Builder
ARSR013.fmx,AR/accounts-receivable,122304,catalog_specification,FMB_PLL_not_found,16,3,1,59,"credentials,destructive",rebuild_source/forms/all_window_specs/ARSR013.rebuild.md,FMB/PLL/PKS/PKB/DDL/Forms Builder
ARSR014.fmx,AR/accounts-receivable,154468,catalog_specification,FMB_PLL_not_found,17,4,1,82,"credentials,destructive",rebuild_source/forms/all_window_specs/ARSR014.rebuild.md,FMB/PLL/PKS/PKB/DDL/Forms Builder
ARSR020.fmx,AR/accounts-receivable,187012,catalog_specification,FMB_PLL_not_found,18,3,1,80,"credentials,destructive,windows_native",rebuild_source/forms/all_window_specs/ARSR020.rebuild.md,FMB/PLL/PKS/PKB/DDL/Forms Builder
ARSR021.fmx,AR/accounts-receivable,327468,catalog_specification,FMB_PLL_not_found,17,3,1,125,"credentials,destructive,windows_native",rebuild_source/forms/all_window_specs/ARSR021.rebuild.md,FMB/PLL/PKS/PKB/DDL/Forms Builder
ARSR022.fmx,AR/accounts-receivable,137304,catalog_specification,FMB_PLL_not_found,16,3,1,60,"credentials,destructive",rebuild_source/forms/all_window_specs/ARSR022.rebuild.md,FMB/PLL/PKS/PKB/DDL/Forms Builder
ARSR023.fmx,AR/accounts-receivable,713632,catalog_specification,FMB_PLL_not_found,18,3,1,290,"credentials,ddl_privilege,destructive,windows_native",rebuild_source/forms/all_window_specs/ARSR023.rebuild.md,FMB/PLL/PKS/PKB/DDL/Forms Builder
ARSR024.fmx,AR/accounts-receivable,196572,catalog_specification,FMB_PLL_not_found,16,3,1,83,"credentials,ddl_privilege,destructive,windows_native",rebuild_source/forms/all_window_specs/ARSR024.rebuild.md,FMB/PLL/PKS/PKB/DDL/Forms Builder
ARSR025.fmx,AR/accounts-receivable,266272,catalog_specification,FMB_PLL_not_found,17,3,1,88,"credentials,destructive,windows_native",rebuild_source/forms/all_window_specs/ARSR025.rebuild.md,FMB/PLL/PKS/PKB/DDL/Forms Builder
ARSR026.fmx,AR/accounts-receivable,206040,catalog_specification,FMB_PLL_not_found,17,3,1,78,"credentials,destructive,windows_native",rebuild_source/forms/all_window_specs/ARSR026.rebuild.md,FMB/PLL/PKS/PKB/DDL/Forms Builder
ARSR027.fmx,AR/accounts-receivable,219348,catalog_specification,FMB_PLL_not_found,16,3,1,76,"credentials,destructive",rebuild_source/forms/all_window_specs/ARSR027.rebuild.md,FMB/PLL/PKS/PKB/DDL/Forms Builder
ARSR029.fmx,AR/accounts-receivable,318604,catalog_specification,FMB_PLL_not_found,16,3,1,149,"credentials,destructive",rebuild_source/forms/all_window_specs/ARSR029.rebuild.md,FMB/PLL/PKS/PKB/DDL/Forms Builder
ARSR030.fmx,AR/accounts-receivable,154616,catalog_specification,FMB_PLL_not_found,16,3,1,69,"credentials,destructive",rebuild_source/forms/all_window_specs/ARSR030.rebuild.md,FMB/PLL/PKS/PKB/DDL/Forms Builder
ARSR031.fmx,AR/accounts-receivable,210480,catalog_specification,FMB_PLL_not_found,16,3,1,88,"credentials,destructive",rebuild_source/forms/all_window_specs/ARSR031.rebuild.md,FMB/PLL/PKS/PKB/DDL/Forms Builder
ARSR032.fmx,AR/accounts-receivable,161168,catalog_specification,FMB_PLL_not_found,16,3,1,71,"credentials,destructive",rebuild_source/forms/all_window_specs/ARSR032.rebuild.md,FMB/PLL/PKS/PKB/DDL/Forms Builder
ARSR033.fmx,AR/accounts-receivable,216768,catalog_specification,FMB_PLL_not_found,16,3,1,91,"credentials,destructive,windows_native",rebuild_source/forms/all_window_specs/ARSR033.rebuild.md,FMB/PLL/PKS/PKB/DDL/Forms Builder
ARSR034.fmx,AR/accounts-receivable,174644,catalog_specification,FMB_PLL_not_found,16,3,1,91,"credentials,destructive",rebuild_source/forms/all_window_specs/ARSR034.rebuild.md,FMB/PLL/PKS/PKB/DDL/Forms Builder
ARSR035.fmx,AR/accounts-receivable,186308,catalog_specification,FMB_PLL_not_found,17,3,1,76,"credentials,ddl_privilege,destructive,windows_native",rebuild_source/forms/all_window_specs/ARSR035.rebuild.md,FMB/PLL/PKS/PKB/DDL/Forms Builder
ARSR036.fmx,AR/accounts-receivable,277556,catalog_specification,FMB_PLL_not_found,17,3,1,106,"credentials,ddl_privilege,destructive,dynamic_sql,windows_native",rebuild_source/forms/all_window_specs/ARSR036.rebuild.md,FMB/PLL/PKS/PKB/DDL/Forms Builder
ARSR037.fmx,AR/accounts-receivable,181448,catalog_specification,FMB_PLL_not_found,16,3,1,73,"credentials,destructive,windows_native",rebuild_source/forms/all_window_specs/ARSR037.rebuild.md,FMB/PLL/PKS/PKB/DDL/Forms Builder
ARSR038.fmx,AR/accounts-receivable,162228,catalog_specification,FMB_PLL_not_found,16,3,1,69,"credentials,destructive",rebuild_source/forms/all_window_specs/ARSR038.rebuild.md,FMB/PLL/PKS/PKB/DDL/Forms Builder
ARSR039.fmx,AR/accounts-receivable,166856,catalog_specification,FMB_PLL_not_found,16,3,1,78,"credentials,destructive,windows_native",rebuild_source/forms/all_window_specs/ARSR039.rebuild.md,FMB/PLL/PKS/PKB/DDL/Forms Builder
ARSR041.fmx,AR/accounts-receivable,1356612,catalog_specification,FMB_PLL_not_found,35,3,2,645,"credentials,destructive,dynamic_sql,windows_native",rebuild_source/forms/all_window_specs/ARSR041.rebuild.md,FMB/PLL/PKS/PKB/DDL/Forms Builder
ARSR042.fmx,AR/accounts-receivable,292612,catalog_specification,FMB_PLL_not_found,16,3,1,112,"credentials,destructive",rebuild_source/forms/all_window_specs/ARSR042.rebuild.md,FMB/PLL/PKS/PKB/DDL/Forms Builder
ARSR043.fmx,AR/accounts-receivable,151132,catalog_specification,FMB_PLL_not_found,16,3,1,68,"credentials,destructive",rebuild_source/forms/all_window_specs/ARSR043.rebuild.md,FMB/PLL/PKS/PKB/DDL/Forms Builder
ARSR044.fmx,AR/accounts-receivable,151436,catalog_specification,FMB_PLL_not_found,16,3,1,79,"credentials,destructive",rebuild_source/forms/all_window_specs/ARSR044.rebuild.md,FMB/PLL/PKS/PKB/DDL/Forms Builder
ARSR045.fmx,AR/accounts-receivable,123080,catalog_specification,FMB_PLL_not_found,16,3,1,57,"credentials,ddl_privilege,destructive",rebuild_source/forms/all_window_specs/ARSR045.rebuild.md,FMB/PLL/PKS/PKB/DDL/Forms Builder
ARSR046.fmx,AR/accounts-receivable,292440,catalog_specification,FMB_PLL_not_found,16,3,1,112,"credentials,destructive",rebuild_source/forms/all_window_specs/ARSR046.rebuild.md,FMB/PLL/PKS/PKB/DDL/Forms Builder
ARSS001.fmx,AR/accounts-receivable,330016,catalog_specification,FMB_PLL_not_found,34,14,1,250,"credentials,destructive,windows_native",rebuild_source/forms/all_window_specs/ARSS001.rebuild.md,FMB/PLL/PKS/PKB/DDL/Forms Builder
ARSS003.fmx,AR/accounts-receivable,162648,catalog_specification,FMB_PLL_not_found,30,9,1,92,"credentials,ddl_privilege,destructive,windows_native",rebuild_source/forms/all_window_specs/ARSS003.rebuild.md,FMB/PLL/PKS/PKB/DDL/Forms Builder
ARSS004.fmx,AR/accounts-receivable,161684,catalog_specification,FMB_PLL_not_found,33,8,1,62,"credentials,ddl_privilege,destructive,windows_native",rebuild_source/forms/all_window_specs/ARSS004.rebuild.md,FMB/PLL/PKS/PKB/DDL/Forms Builder
ARSS005.fmx,AR/accounts-receivable,213712,catalog_specification,FMB_PLL_not_found,31,8,1,73,"credentials,ddl_privilege,destructive,dynamic_sql,windows_native",rebuild_source/forms/all_window_specs/ARSS005.rebuild.md,FMB/PLL/PKS/PKB/DDL/Forms Builder
ARSS006.fmx,AR/accounts-receivable,234488,catalog_specification,FMB_PLL_not_found,35,8,1,75,"credentials,ddl_privilege,destructive,windows_native",rebuild_source/forms/all_window_specs/ARSS006.rebuild.md,FMB/PLL/PKS/PKB/DDL/Forms Builder
ARSS007.fmx,AR/accounts-receivable,166320,catalog_specification,FMB_PLL_not_found,35,8,1,65,"credentials,ddl_privilege,destructive,windows_native",rebuild_source/forms/all_window_specs/ARSS007.rebuild.md,FMB/PLL/PKS/PKB/DDL/Forms Builder
ARSS008.fmx,AR/accounts-receivable,167124,catalog_specification,FMB_PLL_not_found,35,8,1,81,"credentials,ddl_privilege,destructive,windows_native",rebuild_source/forms/all_window_specs/ARSS008.rebuild.md,FMB/PLL/PKS/PKB/DDL/Forms Builder
ARSS009.fmx,AR/accounts-receivable,203356,catalog_specification,FMB_PLL_not_found,34,8,1,102,"credentials,ddl_privilege,destructive,windows_native",rebuild_source/forms/all_window_specs/ARSS009.rebuild.md,FMB/PLL/PKS/PKB/DDL/Forms Builder
ARSS010.fmx,AR/accounts-receivable,359480,catalog_specification,FMB_PLL_not_found,35,7,1,138,"credentials,ddl_privilege,destructive,windows_native",rebuild_source/forms/all_window_specs/ARSS010.rebuild.md,FMB/PLL/PKS/PKB/DDL/Forms Builder
ARSS011.fmx,AR/accounts-receivable,167544,catalog_specification,FMB_PLL_not_found,32,8,1,64,"credentials,ddl_privilege,destructive,windows_native",rebuild_source/forms/all_window_specs/ARSS011.rebuild.md,FMB/PLL/PKS/PKB/DDL/Forms Builder
ARSS012.fmx,AR/accounts-receivable,815164,catalog_specification,FMB_PLL_not_found,38,7,2,173,"credentials,ddl_privilege,destructive,windows_native",rebuild_source/forms/all_window_specs/ARSS012.rebuild.md,FMB/PLL/PKS/PKB/DDL/Forms Builder
ARSS013.fmx,AR/accounts-receivable,604908,catalog_specification,FMB_PLL_not_found,38,6,3,107,"credentials,ddl_privilege,destructive,windows_native",rebuild_source/forms/all_window_specs/ARSS013.rebuild.md,FMB/PLL/PKS/PKB/DDL/Forms Builder
ARSS014.fmx,AR/accounts-receivable,259788,catalog_specification,FMB_PLL_not_found,37,7,1,79,"credentials,ddl_privilege,destructive,windows_native",rebuild_source/forms/all_window_specs/ARSS014.rebuild.md,FMB/PLL/PKS/PKB/DDL/Forms Builder
ARSS015.fmx,AR/accounts-receivable,165832,catalog_specification,FMB_PLL_not_found,33,8,1,65,"credentials,ddl_privilege,destructive,windows_native",rebuild_source/forms/all_window_specs/ARSS015.rebuild.md,FMB/PLL/PKS/PKB/DDL/Forms Builder
ARSS016.fmx,AR/accounts-receivable,160852,catalog_specification,FMB_PLL_not_found,33,8,1,62,"credentials,ddl_privilege,destructive,windows_native",rebuild_source/forms/all_window_specs/ARSS016.rebuild.md,FMB/PLL/PKS/PKB/DDL/Forms Builder
ARSS017.fmx,AR/accounts-receivable,165996,catalog_specification,FMB_PLL_not_found,33,8,1,82,"credentials,ddl_privilege,destructive,windows_native",rebuild_source/forms/all_window_specs/ARSS017.rebuild.md,FMB/PLL/PKS/PKB/DDL/Forms Builder
ARSS018.fmx,AR/accounts-receivable,699132,catalog_specification,FMB_PLL_not_found,38,7,2,161,"credentials,ddl_privilege,destructive,windows_native",rebuild_source/forms/all_window_specs/ARSS018.rebuild.md,FMB/PLL/PKS/PKB/DDL/Forms Builder
ARSS020.fmx,AR/accounts-receivable,195660,catalog_specification,FMB_PLL_not_found,34,8,1,72,"credentials,ddl_privilege,destructive,windows_native",rebuild_source/forms/all_window_specs/ARSS020.rebuild.md,FMB/PLL/PKS/PKB/DDL/Forms Builder
ARSS021.fmx,AR/accounts-receivable,217440,catalog_specification,FMB_PLL_not_found,31,8,1,74,"credentials,ddl_privilege,destructive,windows_native",rebuild_source/forms/all_window_specs/ARSS021.rebuild.md,FMB/PLL/PKS/PKB/DDL/Forms Builder
ARSS022.fmx,AR/accounts-receivable,161740,catalog_specification,FMB_PLL_not_found,34,8,1,72,"credentials,ddl_privilege,destructive,windows_native",rebuild_source/forms/all_window_specs/ARSS022.rebuild.md,FMB/PLL/PKS/PKB/DDL/Forms Builder
ARSS024.fmx,AR/accounts-receivable,165568,catalog_specification,FMB_PLL_not_found,33,8,1,77,"credentials,ddl_privilege,destructive,windows_native",rebuild_source/forms/all_window_specs/ARSS024.rebuild.md,FMB/PLL/PKS/PKB/DDL/Forms Builder
ARSS025.fmx,AR/accounts-receivable,162444,catalog_specification,FMB_PLL_not_found,32,8,1,65,"credentials,ddl_privilege,destructive,windows_native",rebuild_source/forms/all_window_specs/ARSS025.rebuild.md,FMB/PLL/PKS/PKB/DDL/Forms Builder
ARSS026.fmx,AR/accounts-receivable,163944,catalog_specification,FMB_PLL_not_found,32,8,1,64,"credentials,destructive,windows_native",rebuild_source/forms/all_window_specs/ARSS026.rebuild.md,FMB/PLL/PKS/PKB/DDL/Forms Builder
ARST001.fmx,AR/accounts-receivable,891720,catalog_specification,FMB_PLL_not_found,51,10,2,279,"credentials,ddl_privilege,destructive,windows_native",rebuild_source/forms/all_window_specs/ARST001.rebuild.md,FMB/PLL/PKS/PKB/DDL/Forms Builder
ARST002.fmx,AR/accounts-receivable,1196672,catalog_specification,FMB_PLL_not_found,65,8,3,394,"credentials,destructive,windows_native",rebuild_source/forms/all_window_specs/ARST002.rebuild.md,FMB/PLL/PKS/PKB/DDL/Forms Builder
ARST002_TO_CHEK.fmx,AR/accounts-receivable,919876,catalog_specification,FMB_PLL_not_found,59,8,3,319,"credentials,destructive,windows_native",rebuild_source/forms/all_window_specs/ARST002_TO_CHEK.rebuild.md,FMB/PLL/PKS/PKB/DDL/Forms Builder
ARST003.fmx,AR/accounts-receivable,1630372,catalog_specification,FMB_PLL_not_found,70,10,7,520,"credentials,destructive,dynamic_sql,windows_native",rebuild_source/forms/all_window_specs/ARST003.rebuild.md,FMB/PLL/PKS/PKB/DDL/Forms Builder
ARST004.fmx,AR/accounts-receivable,3562108,catalog_specification,FMB_PLL_not_found,98,12,10,849,"credentials,ddl_privilege,destructive,dynamic_sql,windows_native",rebuild_source/forms/all_window_specs/ARST004.rebuild.md,FMB/PLL/PKS/PKB/DDL/Forms Builder
ARST005.fmx,AR/accounts-receivable,917236,catalog_specification,FMB_PLL_not_found,56,9,2,315,"credentials,ddl_privilege,destructive,windows_native",rebuild_source/forms/all_window_specs/ARST005.rebuild.md,FMB/PLL/PKS/PKB/DDL/Forms Builder
ARST006.fmx,AR/accounts-receivable,2215572,catalog_specification,FMB_PLL_not_found,79,11,3,609,"credentials,ddl_privilege,destructive,windows_native",rebuild_source/forms/all_window_specs/ARST006.rebuild.md,FMB/PLL/PKS/PKB/DDL/Forms Builder
ARST007.fmx,AR/accounts-receivable,858828,catalog_specification,FMB_PLL_not_found,56,10,1,279,"credentials,destructive,windows_native",rebuild_source/forms/all_window_specs/ARST007.rebuild.md,FMB/PLL/PKS/PKB/DDL/Forms Builder
ARST008.fmx,AR/accounts-receivable,254776,catalog_specification,FMB_PLL_not_found,36,7,1,93,"credentials,destructive,windows_native",rebuild_source/forms/all_window_specs/ARST008.rebuild.md,FMB/PLL/PKS/PKB/DDL/Forms Builder
ARST009.fmx,AR/accounts-receivable,233288,catalog_specification,FMB_PLL_not_found,36,9,1,99,"credentials,destructive,windows_native",rebuild_source/forms/all_window_specs/ARST009.rebuild.md,FMB/PLL/PKS/PKB/DDL/Forms Builder
ARST010.fmx,AR/accounts-receivable,318384,catalog_specification,FMB_PLL_not_found,44,8,1,124,"credentials,ddl_privilege,destructive,windows_native",rebuild_source/forms/all_window_specs/ARST010.rebuild.md,FMB/PLL/PKS/PKB/DDL/Forms Builder
ARST011.fmx,AR/accounts-receivable,571876,catalog_specification,FMB_PLL_not_found,46,8,1,219,"credentials,ddl_privilege,destructive,dynamic_sql,windows_native",rebuild_source/forms/all_window_specs/ARST011.rebuild.md,FMB/PLL/PKS/PKB/DDL/Forms Builder
ARST012.fmx,AR/accounts-receivable,430444,catalog_specification,FMB_PLL_not_found,50,8,1,204,"credentials,destructive,windows_native",rebuild_source/forms/all_window_specs/ARST012.rebuild.md,FMB/PLL/PKS/PKB/DDL/Forms Builder
ARST013.fmx,AR/accounts-receivable,286332,catalog_specification,FMB_PLL_not_found,40,8,1,115,"credentials,destructive,windows_native",rebuild_source/forms/all_window_specs/ARST013.rebuild.md,FMB/PLL/PKS/PKB/DDL/Forms Builder
ARST014.fmx,AR/accounts-receivable,283316,catalog_specification,FMB_PLL_not_found,38,9,1,109,"credentials,destructive,windows_native",rebuild_source/forms/all_window_specs/ARST014.rebuild.md,FMB/PLL/PKS/PKB/DDL/Forms Builder
ARST015.fmx,AR/accounts-receivable,367240,catalog_specification,FMB_PLL_not_found,39,8,1,139,"credentials,destructive,windows_native",rebuild_source/forms/all_window_specs/ARST015.rebuild.md,FMB/PLL/PKS/PKB/DDL/Forms Builder
ARST016.fmx,AR/accounts-receivable,516772,catalog_specification,FMB_PLL_not_found,48,12,1,210,"credentials,destructive,windows_native",rebuild_source/forms/all_window_specs/ARST016.rebuild.md,FMB/PLL/PKS/PKB/DDL/Forms Builder
ARST017.fmx,AR/accounts-receivable,325744,catalog_specification,FMB_PLL_not_found,37,10,1,109,"credentials,destructive,windows_native",rebuild_source/forms/all_window_specs/ARST017.rebuild.md,FMB/PLL/PKS/PKB/DDL/Forms Builder
ARST018.fmx,AR/accounts-receivable,306792,catalog_specification,FMB_PLL_not_found,35,8,11,121,"credentials,ddl_privilege,destructive,windows_native",rebuild_source/forms/all_window_specs/ARST018.rebuild.md,FMB/PLL/PKS/PKB/DDL/Forms Builder
ARST019.fmx,AR/accounts-receivable,243644,catalog_specification,FMB_PLL_not_found,38,10,16,129,"credentials,destructive,windows_native",rebuild_source/forms/all_window_specs/ARST019.rebuild.md,FMB/PLL/PKS/PKB/DDL/Forms Builder
ARST020.fmx,AR/accounts-receivable,464424,catalog_specification,FMB_PLL_not_found,49,8,1,198,"credentials,destructive,windows_native",rebuild_source/forms/all_window_specs/ARST020.rebuild.md,FMB/PLL/PKS/PKB/DDL/Forms Builder
ARST021.fmx,AR/accounts-receivable,243592,catalog_specification,FMB_PLL_not_found,34,8,1,89,"credentials,ddl_privilege,destructive,windows_native",rebuild_source/forms/all_window_specs/ARST021.rebuild.md,FMB/PLL/PKS/PKB/DDL/Forms Builder
ARST023.fmx,AR/accounts-receivable,1953308,catalog_specification,FMB_PLL_not_found,72,10,3,548,"credentials,ddl_privilege,destructive,windows_native",rebuild_source/forms/all_window_specs/ARST023.rebuild.md,FMB/PLL/PKS/PKB/DDL/Forms Builder
ARST024.fmx,AR/accounts-receivable,353432,catalog_specification,FMB_PLL_not_found,39,8,1,146,"credentials,destructive,windows_native",rebuild_source/forms/all_window_specs/ARST024.rebuild.md,FMB/PLL/PKS/PKB/DDL/Forms Builder
BGTR002.fmx,other,166332,catalog_specification,FMB_PLL_not_found,17,3,1,101,"credentials,ddl_privilege,destructive,windows_native",rebuild_source/forms/all_window_specs/BGTR002.rebuild.md,FMB/PLL/PKS/PKB/DDL/Forms Builder
BGTR004.fmx,other,194644,catalog_specification,FMB_PLL_not_found,17,3,1,92,"credentials,destructive,windows_native",rebuild_source/forms/all_window_specs/BGTR004.rebuild.md,FMB/PLL/PKS/PKB/DDL/Forms Builder
BGTT001.fmx,other,533440,catalog_specification,FMB_PLL_not_found,44,8,3,202,"credentials,destructive,windows_native",rebuild_source/forms/all_window_specs/BGTT001.rebuild.md,FMB/PLL/PKS/PKB/DDL/Forms Builder
BGTT002.fmx,other,432416,catalog_specification,FMB_PLL_not_found,43,8,3,171,"credentials,destructive,windows_native",rebuild_source/forms/all_window_specs/BGTT002.rebuild.md,FMB/PLL/PKS/PKB/DDL/Forms Builder
BGTT003.fmx,other,479968,catalog_specification,FMB_PLL_not_found,47,8,4,198,"credentials,ddl_privilege,destructive,windows_native,error_handling",rebuild_source/forms/all_window_specs/BGTT003.rebuild.md,FMB/PLL/PKS/PKB/DDL/Forms Builder
BGTT004 - 10022016.fmx,other,571216,catalog_specification,FMB_PLL_not_found,52,8,4,194,"credentials,destructive,windows_native",rebuild_source/forms/all_window_specs/BGTT004 - 10022016.rebuild.md,FMB/PLL/PKS/PKB/DDL/Forms Builder
BGTT004.fmx,other,693604,catalog_specification,FMB_PLL_not_found,55,8,4,223,"credentials,destructive,windows_native",rebuild_source/forms/all_window_specs/BGTT004.rebuild.md,FMB/PLL/PKS/PKB/DDL/Forms Builder
COMR001.fmx,other,289108,catalog_specification,FMB_PLL_not_found,16,3,1,109,"credentials,destructive,windows_native",rebuild_source/forms/all_window_specs/COMR001.rebuild.md,FMB/PLL/PKS/PKB/DDL/Forms Builder
COMS001.fmx,other,480280,catalog_specification,FMB_PLL_not_found,39,8,1,135,"credentials,ddl_privilege,destructive,dynamic_sql,windows_native",rebuild_source/forms/all_window_specs/COMS001.rebuild.md,FMB/PLL/PKS/PKB/DDL/Forms Builder
COMS002.fmx,other,469292,catalog_specification,FMB_PLL_not_found,38,8,1,135,"credentials,ddl_privilege,destructive,dynamic_sql,windows_native",rebuild_source/forms/all_window_specs/COMS002.rebuild.md,FMB/PLL/PKS/PKB/DDL/Forms Builder
COMS003.fmx,other,409356,catalog_specification,FMB_PLL_not_found,37,8,1,113,"credentials,ddl_privilege,destructive,dynamic_sql,windows_native",rebuild_source/forms/all_window_specs/COMS003.rebuild.md,FMB/PLL/PKS/PKB/DDL/Forms Builder
COMS004.fmx,other,459060,catalog_specification,FMB_PLL_not_found,37,8,1,130,"credentials,ddl_privilege,destructive,dynamic_sql,windows_native",rebuild_source/forms/all_window_specs/COMS004.rebuild.md,FMB/PLL/PKS/PKB/DDL/Forms Builder
COMT001.fmx,other,481844,catalog_specification,FMB_PLL_not_found,42,8,1,145,"credentials,ddl_privilege,destructive,dynamic_sql,windows_native",rebuild_source/forms/all_window_specs/COMT001.rebuild.md,FMB/PLL/PKS/PKB/DDL/Forms Builder
COMT002.fmx,other,461444,catalog_specification,FMB_PLL_not_found,40,8,1,144,"credentials,ddl_privilege,destructive,dynamic_sql,windows_native",rebuild_source/forms/all_window_specs/COMT002.rebuild.md,FMB/PLL/PKS/PKB/DDL/Forms Builder
COMT003.fmx,other,443476,catalog_specification,FMB_PLL_not_found,40,8,1,137,"credentials,ddl_privilege,destructive,dynamic_sql,windows_native",rebuild_source/forms/all_window_specs/COMT003.rebuild.md,FMB/PLL/PKS/PKB/DDL/Forms Builder
COMT004.fmx,other,457480,catalog_specification,FMB_PLL_not_found,40,8,1,136,"credentials,ddl_privilege,destructive,dynamic_sql,windows_native",rebuild_source/forms/all_window_specs/COMT004.rebuild.md,FMB/PLL/PKS/PKB/DDL/Forms Builder
DTSI001.fmx,other,267316,catalog_specification,FMB_PLL_not_found,34,8,1,85,"credentials,ddl_privilege,destructive,windows_native",rebuild_source/forms/all_window_specs/DTSI001.rebuild.md,FMB/PLL/PKS/PKB/DDL/Forms Builder
DTSI002.fmx,other,267112,catalog_specification,FMB_PLL_not_found,33,8,1,82,"credentials,ddl_privilege,destructive,windows_native",rebuild_source/forms/all_window_specs/DTSI002.rebuild.md,FMB/PLL/PKS/PKB/DDL/Forms Builder
DTSI003.fmx,other,332608,catalog_specification,FMB_PLL_not_found,35,8,1,108,"credentials,ddl_privilege,destructive,windows_native",rebuild_source/forms/all_window_specs/DTSI003.rebuild.md,FMB/PLL/PKS/PKB/DDL/Forms Builder
DTSI004.fmx,other,377852,catalog_specification,FMB_PLL_not_found,37,10,1,125,"credentials,ddl_privilege,destructive,windows_native",rebuild_source/forms/all_window_specs/DTSI004.rebuild.md,FMB/PLL/PKS/PKB/DDL/Forms Builder
DTSI005.fmx,other,356512,catalog_specification,FMB_PLL_not_found,35,8,11,124,"credentials,ddl_privilege,destructive,windows_native",rebuild_source/forms/all_window_specs/DTSI005.rebuild.md,FMB/PLL/PKS/PKB/DDL/Forms Builder
DTSI006.fmx,other,154892,catalog_specification,FMB_PLL_not_found,32,8,1,55,"credentials,ddl_privilege,destructive,windows_native",rebuild_source/forms/all_window_specs/DTSI006.rebuild.md,FMB/PLL/PKS/PKB/DDL/Forms Builder
DTSR001.fmx,other,272184,catalog_specification,FMB_PLL_not_found,18,3,1,91,"credentials,destructive",rebuild_source/forms/all_window_specs/DTSR001.rebuild.md,FMB/PLL/PKS/PKB/DDL/Forms Builder
DTSR002.fmx,other,257060,catalog_specification,FMB_PLL_not_found,19,3,1,92,"credentials,destructive",rebuild_source/forms/all_window_specs/DTSR002.rebuild.md,FMB/PLL/PKS/PKB/DDL/Forms Builder
DTSR003.fmx,other,257136,catalog_specification,FMB_PLL_not_found,19,3,1,93,"credentials,destructive",rebuild_source/forms/all_window_specs/DTSR003.rebuild.md,FMB/PLL/PKS/PKB/DDL/Forms Builder
DTSR004.fmx,other,269184,catalog_specification,FMB_PLL_not_found,19,3,1,92,"credentials,destructive",rebuild_source/forms/all_window_specs/DTSR004.rebuild.md,FMB/PLL/PKS/PKB/DDL/Forms Builder
DTSR005.fmx,other,256936,catalog_specification,FMB_PLL_not_found,19,3,1,96,"credentials,destructive",rebuild_source/forms/all_window_specs/DTSR005.rebuild.md,FMB/PLL/PKS/PKB/DDL/Forms Builder
DTSR006.fmx,other,256916,catalog_specification,FMB_PLL_not_found,19,3,1,96,"credentials,destructive",rebuild_source/forms/all_window_specs/DTSR006.rebuild.md,FMB/PLL/PKS/PKB/DDL/Forms Builder
DTSR007.fmx,other,242044,catalog_specification,FMB_PLL_not_found,19,3,1,94,"credentials,destructive",rebuild_source/forms/all_window_specs/DTSR007.rebuild.md,FMB/PLL/PKS/PKB/DDL/Forms Builder
DTSR008.fmx,other,252324,catalog_specification,FMB_PLL_not_found,19,3,1,93,"credentials,destructive",rebuild_source/forms/all_window_specs/DTSR008.rebuild.md,FMB/PLL/PKS/PKB/DDL/Forms Builder
DTSR009.fmx,other,167380,catalog_specification,FMB_PLL_not_found,16,3,1,69,"credentials,destructive",rebuild_source/forms/all_window_specs/DTSR009.rebuild.md,FMB/PLL/PKS/PKB/DDL/Forms Builder
DTSR010.fmx,other,167352,catalog_specification,FMB_PLL_not_found,16,3,1,69,"credentials,destructive",rebuild_source/forms/all_window_specs/DTSR010.rebuild.md,FMB/PLL/PKS/PKB/DDL/Forms Builder
DTSS001.fmx,other,251064,catalog_specification,FMB_PLL_not_found,34,8,1,76,"credentials,ddl_privilege,destructive,windows_native",rebuild_source/forms/all_window_specs/DTSS001.rebuild.md,FMB/PLL/PKS/PKB/DDL/Forms Builder
DTSS002.fmx,other,266856,catalog_specification,FMB_PLL_not_found,33,8,1,82,"credentials,ddl_privilege,destructive,windows_native",rebuild_source/forms/all_window_specs/DTSS002.rebuild.md,FMB/PLL/PKS/PKB/DDL/Forms Builder
DTSS003.fmx,other,268440,catalog_specification,FMB_PLL_not_found,33,8,1,84,"credentials,ddl_privilege,destructive,windows_native",rebuild_source/forms/all_window_specs/DTSS003.rebuild.md,FMB/PLL/PKS/PKB/DDL/Forms Builder
DTSS006.fmx,other,249448,catalog_specification,FMB_PLL_not_found,33,8,1,75,"credentials,ddl_privilege,destructive,windows_native",rebuild_source/forms/all_window_specs/DTSS006.rebuild.md,FMB/PLL/PKS/PKB/DDL/Forms Builder
DTST001.fmx,other,529200,catalog_specification,FMB_PLL_not_found,43,10,1,197,"credentials,ddl_privilege,destructive,windows_native",rebuild_source/forms/all_window_specs/DTST001.rebuild.md,FMB/PLL/PKS/PKB/DDL/Forms Builder
DTST002.fmx,other,375404,catalog_specification,FMB_PLL_not_found,37,10,1,150,"credentials,ddl_privilege,destructive,windows_native",rebuild_source/forms/all_window_specs/DTST002.rebuild.md,FMB/PLL/PKS/PKB/DDL/Forms Builder
DTST003.fmx,other,540844,catalog_specification,FMB_PLL_not_found,42,10,1,185,"credentials,ddl_privilege,destructive,windows_native",rebuild_source/forms/all_window_specs/DTST003.rebuild.md,FMB/PLL/PKS/PKB/DDL/Forms Builder
DTST004.fmx,other,368476,catalog_specification,FMB_PLL_not_found,42,10,1,141,"credentials,ddl_privilege,destructive,windows_native",rebuild_source/forms/all_window_specs/DTST004.rebuild.md,FMB/PLL/PKS/PKB/DDL/Forms Builder
DTST005.fmx,other,430756,catalog_specification,FMB_PLL_not_found,41,10,1,157,"credentials,ddl_privilege,destructive,windows_native",rebuild_source/forms/all_window_specs/DTST005.rebuild.md,FMB/PLL/PKS/PKB/DDL/Forms Builder
DTST006.fmx,other,409464,catalog_specification,FMB_PLL_not_found,40,8,1,133,"credentials,ddl_privilege,destructive,windows_native",rebuild_source/forms/all_window_specs/DTST006.rebuild.md,FMB/PLL/PKS/PKB/DDL/Forms Builder
DTST010.fmx,other,305676,catalog_specification,FMB_PLL_not_found,37,9,1,107,"credentials,ddl_privilege,destructive,windows_native",rebuild_source/forms/all_window_specs/DTST010.rebuild.md,FMB/PLL/PKS/PKB/DDL/Forms Builder
DTST020.fmx,other,764372,catalog_specification,FMB_PLL_not_found,42,29,1,266,"credentials,ddl_privilege,destructive,dynamic_sql,windows_native",rebuild_source/forms/all_window_specs/DTST020.rebuild.md,FMB/PLL/PKS/PKB/DDL/Forms Builder
ERP_ALRT_SCR.fmx,other,47696,catalog_specification,FMB_PLL_not_found,7,0,0,34,"destructive,windows_native",rebuild_source/forms/all_window_specs/ERP_ALRT_SCR.rebuild.md,FMB/PLL/PKS/PKB/DDL/Forms Builder
ERP_APPRVD_SCR.fmx,other,74112,catalog_specification,FMB_PLL_not_found,9,0,0,61,"destructive,windows_native",rebuild_source/forms/all_window_specs/ERP_APPRVD_SCR.rebuild.md,FMB/PLL/PKS/PKB/DDL/Forms Builder
ERP_Aud_Scr.fmx,other,52352,catalog_specification,FMB_PLL_not_found,9,1,0,35,destructive,rebuild_source/forms/all_window_specs/ERP_Aud_Scr.rebuild.md,FMB/PLL/PKS/PKB/DDL/Forms Builder
ERP_CODE_TRNS.fmx,other,320964,catalog_specification,FMB_PLL_not_found,46,8,17,144,"credentials,ddl_privilege,destructive,windows_native",rebuild_source/forms/all_window_specs/ERP_CODE_TRNS.rebuild.md,FMB/PLL/PKS/PKB/DDL/Forms Builder
ERP_Checking.fmx,other,1161324,catalog_specification,FMB_PLL_not_found,50,13,1,681,"credentials,ddl_privilege,destructive,windows_native",rebuild_source/forms/all_window_specs/ERP_Checking.rebuild.md,FMB/PLL/PKS/PKB/DDL/Forms Builder
ERP_DBA.fmx,other,9383476,catalog_specification,FMB_PLL_not_found,139,0,3,519,"credentials,ddl_privilege,destructive,dynamic_sql,windows_native,error_handling,session_control,network",rebuild_source/forms/all_window_specs/ERP_DBA.rebuild.md,FMB/PLL/PKS/PKB/DDL/Forms Builder
ERP_DBA_Cmp.fmx,other,13224812,catalog_specification,FMB_PLL_not_found,110,85,3,3871,"credentials,ddl_privilege,destructive,dynamic_sql,windows_native,error_handling,session_control,network",rebuild_source/forms/all_window_specs/ERP_DBA_Cmp.rebuild.md,FMB/PLL/PKS/PKB/DDL/Forms Builder
ERP_DBA_DFLT_DATA.fmx,other,2834172,catalog_specification,FMB_PLL_not_found,62,11,2,1510,"credentials,ddl_privilege,destructive,dynamic_sql,windows_native,error_handling,network",rebuild_source/forms/all_window_specs/ERP_DBA_DFLT_DATA.rebuild.md,FMB/PLL/PKS/PKB/DDL/Forms Builder
ERP_DBA_DFLT_DATA_LNG.fmx,other,3228568,catalog_specification,FMB_PLL_not_found,9,4,1,763,"credentials,ddl_privilege,destructive,windows_native,error_handling",rebuild_source/forms/all_window_specs/ERP_DBA_DFLT_DATA_LNG.rebuild.md,FMB/PLL/PKS/PKB/DDL/Forms Builder
ERP_DBA_DFLT_DATA_LNG_TURKEY.fmx,other,2608284,catalog_specification,FMB_PLL_not_found,7,4,0,625,"ddl_privilege,destructive,windows_native",rebuild_source/forms/all_window_specs/ERP_DBA_DFLT_DATA_LNG_TURKEY.rebuild.md,FMB/PLL/PKS/PKB/DDL/Forms Builder
ERP_DBA_DFLT_DATA_TRK.fmx,other,2847744,catalog_specification,FMB_PLL_not_found,53,11,2,1520,"credentials,ddl_privilege,destructive,dynamic_sql,windows_native,error_handling,network",rebuild_source/forms/all_window_specs/ERP_DBA_DFLT_DATA_TRK.rebuild.md,FMB/PLL/PKS/PKB/DDL/Forms Builder
ERP_DBA_TRK.fmx,other,9356324,catalog_specification,FMB_PLL_not_found,103,0,3,459,"credentials,ddl_privilege,destructive,windows_native,error_handling,session_control,network",rebuild_source/forms/all_window_specs/ERP_DBA_TRK.rebuild.md,FMB/PLL/PKS/PKB/DDL/Forms Builder
ERP_INACTV_SCR.fmx,other,39576,catalog_specification,FMB_PLL_not_found,7,0,0,35,"destructive,windows_native",rebuild_source/forms/all_window_specs/ERP_INACTV_SCR.rebuild.md,FMB/PLL/PKS/PKB/DDL/Forms Builder
ERP_Install.fmx,other,210028,catalog_specification,FMB_PLL_not_found,3,1,2,109,"credentials,ddl_privilege,destructive,windows_native,error_handling",rebuild_source/forms/all_window_specs/ERP_Install.rebuild.md,FMB/PLL/PKS/PKB/DDL/Forms Builder
ERP_JOURNAL.fmx,other,169464,catalog_specification,FMB_PLL_not_found,34,8,1,55,"credentials,ddl_privilege,destructive,windows_native",rebuild_source/forms/all_window_specs/ERP_JOURNAL.rebuild.md,FMB/PLL/PKS/PKB/DDL/Forms Builder
ERP_LOGIN - Copy.fmx,other,19840676,catalog_specification,FMB_PLL_not_found,26,5,11,244,"credentials,ddl_privilege,destructive,windows_native,session_control",rebuild_source/forms/all_window_specs/ERP_LOGIN - Copy.rebuild.md,FMB/PLL/PKS/PKB/DDL/Forms Builder
ERP_LOGIN.fmx,other,19840676,catalog_specification,FMB_PLL_not_found,26,5,11,244,"credentials,ddl_privilege,destructive,windows_native,session_control",rebuild_source/forms/all_window_specs/ERP_LOGIN.rebuild.md,FMB/PLL/PKS/PKB/DDL/Forms Builder
ERP_LOGIN_TST.fmx,other,19832996,catalog_specification,FMB_PLL_not_found,27,5,11,261,"credentials,ddl_privilege,destructive,windows_native,session_control,network",rebuild_source/forms/all_window_specs/ERP_LOGIN_TST.rebuild.md,FMB/PLL/PKS/PKB/DDL/Forms Builder
ERP_REAL_TRNS.fmx,other,286132,catalog_specification,FMB_PLL_not_found,38,8,17,130,"credentials,ddl_privilege,destructive,windows_native",rebuild_source/forms/all_window_specs/ERP_REAL_TRNS.rebuild.md,FMB/PLL/PKS/PKB/DDL/Forms Builder
ERP_SCR.fmx,other,179988,catalog_specification,FMB_PLL_not_found,5,4,0,114,"credentials,destructive,windows_native",rebuild_source/forms/all_window_specs/ERP_SCR.rebuild.md,FMB/PLL/PKS/PKB/DDL/Forms Builder
ERP_Update_New_Version6.fmx,other,9512680,catalog_specification,FMB_PLL_not_found,96,94,2,4846,"credentials,ddl_privilege,destructive,dynamic_sql,windows_native,error_handling,network",rebuild_source/forms/all_window_specs/ERP_Update_New_Version6.rebuild.md,FMB/PLL/PKS/PKB/DDL/Forms Builder
ERP_VRFY_SCR.fmx,other,40344,catalog_specification,FMB_PLL_not_found,5,1,0,37,"destructive,dynamic_sql,windows_native",rebuild_source/forms/all_window_specs/ERP_VRFY_SCR.rebuild.md,FMB/PLL/PKS/PKB/DDL/Forms Builder
EXP_REPORT_TO_EXCEEL.fmx,other,13632,catalog_specification,FMB_PLL_not_found,0,0,1,7,none,rebuild_source/forms/all_window_specs/EXP_REPORT_TO_EXCEEL.rebuild.md,FMB/PLL/PKS/PKB/DDL/Forms Builder
Erp_Dsh_Bord.fmx,other,197716,catalog_specification,FMB_PLL_not_found,35,8,1,67,"credentials,ddl_privilege,destructive,windows_native",rebuild_source/forms/all_window_specs/Erp_Dsh_Bord.rebuild.md,FMB/PLL/PKS/PKB/DDL/Forms Builder
FASDBA.fmx,GL/finance,394040,catalog_specification,FMB_PLL_not_found,25,8,0,300,"credentials,ddl_privilege,destructive,dynamic_sql,windows_native,error_handling",rebuild_source/forms/all_window_specs/FASDBA.rebuild.md,FMB/PLL/PKS/PKB/DDL/Forms Builder
FASI001.fmx,GL/finance,326896,catalog_specification,FMB_PLL_not_found,42,9,2,112,"credentials,ddl_privilege,destructive,windows_native",rebuild_source/forms/all_window_specs/FASI001.rebuild.md,FMB/PLL/PKS/PKB/DDL/Forms Builder
FASI002.fmx,GL/finance,376232,catalog_specification,FMB_PLL_not_found,41,8,2,111,"credentials,ddl_privilege,destructive,windows_native",rebuild_source/forms/all_window_specs/FASI002.rebuild.md,FMB/PLL/PKS/PKB/DDL/Forms Builder
FASI003.fmx,GL/finance,303216,catalog_specification,FMB_PLL_not_found,35,10,2,94,"credentials,ddl_privilege,destructive,windows_native",rebuild_source/forms/all_window_specs/FASI003.rebuild.md,FMB/PLL/PKS/PKB/DDL/Forms Builder
FASI004.fmx,GL/finance,577192,catalog_specification,FMB_PLL_not_found,50,11,3,162,"credentials,ddl_privilege,destructive,windows_native",rebuild_source/forms/all_window_specs/FASI004.rebuild.md,FMB/PLL/PKS/PKB/DDL/Forms Builder
FASI005.fmx,GL/finance,317268,catalog_specification,FMB_PLL_not_found,35,10,1,98,"credentials,ddl_privilege,destructive,windows_native",rebuild_source/forms/all_window_specs/FASI005.rebuild.md,FMB/PLL/PKS/PKB/DDL/Forms Builder
FASMNTDBA.fmx,GL/finance,635004,catalog_specification,FMB_PLL_not_found,31,37,1,312,"credentials,ddl_privilege,destructive,dynamic_sql,windows_native,error_handling",rebuild_source/forms/all_window_specs/FASMNTDBA.rebuild.md,FMB/PLL/PKS/PKB/DDL/Forms Builder
FASR001.fmx,GL/finance,209652,catalog_specification,FMB_PLL_not_found,19,3,1,80,"credentials,destructive",rebuild_source/forms/all_window_specs/FASR001.rebuild.md,FMB/PLL/PKS/PKB/DDL/Forms Builder
FASR002.fmx,GL/finance,205756,catalog_specification,FMB_PLL_not_found,18,3,1,74,"credentials,destructive",rebuild_source/forms/all_window_specs/FASR002.rebuild.md,FMB/PLL/PKS/PKB/DDL/Forms Builder
FASR004.fmx,GL/finance,296444,catalog_specification,FMB_PLL_not_found,22,3,2,93,"credentials,destructive",rebuild_source/forms/all_window_specs/FASR004.rebuild.md,FMB/PLL/PKS/PKB/DDL/Forms Builder
FASR005.fmx,GL/finance,284856,catalog_specification,FMB_PLL_not_found,24,3,1,112,"credentials,destructive",rebuild_source/forms/all_window_specs/FASR005.rebuild.md,FMB/PLL/PKS/PKB/DDL/Forms Builder
FASR006.fmx,GL/finance,262600,catalog_specification,FMB_PLL_not_found,23,3,1,86,"credentials,destructive",rebuild_source/forms/all_window_specs/FASR006.rebuild.md,FMB/PLL/PKS/PKB/DDL/Forms Builder
FASR007.fmx,GL/finance,324160,catalog_specification,FMB_PLL_not_found,26,3,1,112,"credentials,destructive",rebuild_source/forms/all_window_specs/FASR007.rebuild.md,FMB/PLL/PKS/PKB/DDL/Forms Builder
FASR008.fmx,GL/finance,246324,catalog_specification,FMB_PLL_not_found,23,3,1,87,"credentials,destructive",rebuild_source/forms/all_window_specs/FASR008.rebuild.md,FMB/PLL/PKS/PKB/DDL/Forms Builder
FASR009.fmx,GL/finance,247268,catalog_specification,FMB_PLL_not_found,23,3,1,90,"credentials,destructive",rebuild_source/forms/all_window_specs/FASR009.rebuild.md,FMB/PLL/PKS/PKB/DDL/Forms Builder
FASR086.fmx,GL/finance,286164,catalog_specification,FMB_PLL_not_found,24,3,1,105,"credentials,destructive",rebuild_source/forms/all_window_specs/FASR086.rebuild.md,FMB/PLL/PKS/PKB/DDL/Forms Builder
FASR089.fmx,GL/finance,284640,catalog_specification,FMB_PLL_not_found,24,3,1,103,"credentials,destructive",rebuild_source/forms/all_window_specs/FASR089.rebuild.md,FMB/PLL/PKS/PKB/DDL/Forms Builder
FASR090.fmx,GL/finance,272556,catalog_specification,FMB_PLL_not_found,23,3,1,95,"credentials,destructive",rebuild_source/forms/all_window_specs/FASR090.rebuild.md,FMB/PLL/PKS/PKB/DDL/Forms Builder
FASR091.fmx,GL/finance,504436,catalog_specification,FMB_PLL_not_found,46,10,1,186,"credentials,destructive,windows_native",rebuild_source/forms/all_window_specs/FASR091.rebuild.md,FMB/PLL/PKS/PKB/DDL/Forms Builder
FASS001.fmx,GL/finance,189904,catalog_specification,FMB_PLL_not_found,34,8,1,68,"credentials,ddl_privilege,destructive,windows_native",rebuild_source/forms/all_window_specs/FASS001.rebuild.md,FMB/PLL/PKS/PKB/DDL/Forms Builder
FASS002.fmx,GL/finance,259200,catalog_specification,FMB_PLL_not_found,34,8,1,78,"credentials,ddl_privilege,destructive,windows_native",rebuild_source/forms/all_window_specs/FASS002.rebuild.md,FMB/PLL/PKS/PKB/DDL/Forms Builder
FASS003.fmx,GL/finance,259344,catalog_specification,FMB_PLL_not_found,34,8,1,79,"credentials,ddl_privilege,destructive,windows_native",rebuild_source/forms/all_window_specs/FASS003.rebuild.md,FMB/PLL/PKS/PKB/DDL/Forms Builder
FASS004.fmx,GL/finance,283220,catalog_specification,FMB_PLL_not_found,39,8,1,99,"credentials,ddl_privilege,destructive,windows_native",rebuild_source/forms/all_window_specs/FASS004.rebuild.md,FMB/PLL/PKS/PKB/DDL/Forms Builder
FASS085.fmx,GL/finance,156700,catalog_specification,FMB_PLL_not_found,33,8,1,54,"credentials,ddl_privilege,destructive,windows_native",rebuild_source/forms/all_window_specs/FASS085.rebuild.md,FMB/PLL/PKS/PKB/DDL/Forms Builder
FASS086.fmx,GL/finance,174292,catalog_specification,FMB_PLL_not_found,35,8,1,57,"credentials,ddl_privilege,destructive,windows_native",rebuild_source/forms/all_window_specs/FASS086.rebuild.md,FMB/PLL/PKS/PKB/DDL/Forms Builder
FAST001.fmx,GL/finance,311876,catalog_specification,FMB_PLL_not_found,36,8,1,91,"credentials,ddl_privilege,destructive,windows_native",rebuild_source/forms/all_window_specs/FAST001.rebuild.md,FMB/PLL/PKS/PKB/DDL/Forms Builder
FAST002.fmx,GL/finance,532044,catalog_specification,FMB_PLL_not_found,51,13,2,190,"credentials,destructive,windows_native",rebuild_source/forms/all_window_specs/FAST002.rebuild.md,FMB/PLL/PKS/PKB/DDL/Forms Builder
FAST003.fmx,GL/finance,506804,catalog_specification,FMB_PLL_not_found,52,13,1,192,"credentials,destructive,windows_native",rebuild_source/forms/all_window_specs/FAST003.rebuild.md,FMB/PLL/PKS/PKB/DDL/Forms Builder
FAST004.fmx,GL/finance,463596,catalog_specification,FMB_PLL_not_found,51,12,1,164,"credentials,destructive,windows_native",rebuild_source/forms/all_window_specs/FAST004.rebuild.md,FMB/PLL/PKS/PKB/DDL/Forms Builder
FAST005.fmx,GL/finance,393980,catalog_specification,FMB_PLL_not_found,44,13,1,139,"credentials,destructive,windows_native",rebuild_source/forms/all_window_specs/FAST005.rebuild.md,FMB/PLL/PKS/PKB/DDL/Forms Builder
FAST006.fmx,GL/finance,362496,catalog_specification,FMB_PLL_not_found,45,8,2,138,"credentials,destructive,windows_native",rebuild_source/forms/all_window_specs/FAST006.rebuild.md,FMB/PLL/PKS/PKB/DDL/Forms Builder
FAST007.fmx,GL/finance,374508,catalog_specification,FMB_PLL_not_found,40,10,1,123,"credentials,ddl_privilege,destructive,windows_native",rebuild_source/forms/all_window_specs/FAST007.rebuild.md,FMB/PLL/PKS/PKB/DDL/Forms Builder
FAST008.fmx,GL/finance,432716,catalog_specification,FMB_PLL_not_found,47,13,2,166,"credentials,destructive,windows_native",rebuild_source/forms/all_window_specs/FAST008.rebuild.md,FMB/PLL/PKS/PKB/DDL/Forms Builder
FAST009.fmx,GL/finance,424032,catalog_specification,FMB_PLL_not_found,47,13,1,151,"credentials,destructive,windows_native",rebuild_source/forms/all_window_specs/FAST009.rebuild.md,FMB/PLL/PKS/PKB/DDL/Forms Builder
FAST010.fmx,GL/finance,382800,catalog_specification,FMB_PLL_not_found,47,11,1,140,"credentials,ddl_privilege,destructive,windows_native",rebuild_source/forms/all_window_specs/FAST010.rebuild.md,FMB/PLL/PKS/PKB/DDL/Forms Builder
FAST012.fmx,GL/finance,407424,catalog_specification,FMB_PLL_not_found,46,11,2,147,"credentials,ddl_privilege,destructive,windows_native",rebuild_source/forms/all_window_specs/FAST012.rebuild.md,FMB/PLL/PKS/PKB/DDL/Forms Builder
FAST086.fmx,GL/finance,376696,catalog_specification,FMB_PLL_not_found,41,10,1,144,"credentials,destructive,windows_native",rebuild_source/forms/all_window_specs/FAST086.rebuild.md,FMB/PLL/PKS/PKB/DDL/Forms Builder
FAST087.fmx,GL/finance,495860,catalog_specification,FMB_PLL_not_found,47,10,1,183,"credentials,destructive,windows_native",rebuild_source/forms/all_window_specs/FAST087.rebuild.md,FMB/PLL/PKS/PKB/DDL/Forms Builder
FAST088.fmx,GL/finance,482188,catalog_specification,FMB_PLL_not_found,44,10,1,181,"credentials,destructive,windows_native",rebuild_source/forms/all_window_specs/FAST088.rebuild.md,FMB/PLL/PKS/PKB/DDL/Forms Builder
FAST088t.fmx,GL/finance,501212,catalog_specification,FMB_PLL_not_found,46,10,1,187,"credentials,destructive,windows_native",rebuild_source/forms/all_window_specs/FAST088t.rebuild.md,FMB/PLL/PKS/PKB/DDL/Forms Builder
FAST088tt.fmx,GL/finance,508412,catalog_specification,FMB_PLL_not_found,46,10,1,184,"credentials,destructive,windows_native",rebuild_source/forms/all_window_specs/FAST088tt.rebuild.md,FMB/PLL/PKS/PKB/DDL/Forms Builder
FAST089.fmx,GL/finance,659924,catalog_specification,FMB_PLL_not_found,30,37,1,330,"credentials,ddl_privilege,destructive,dynamic_sql,windows_native,error_handling",rebuild_source/forms/all_window_specs/FAST089.rebuild.md,FMB/PLL/PKS/PKB/DDL/Forms Builder
FAST091.fmx,GL/finance,494280,catalog_specification,FMB_PLL_not_found,46,10,1,179,"credentials,destructive,windows_native",rebuild_source/forms/all_window_specs/FAST091.rebuild.md,FMB/PLL/PKS/PKB/DDL/Forms Builder
FAST092.fmx,GL/finance,504780,catalog_specification,FMB_PLL_not_found,46,10,1,186,"credentials,destructive,windows_native",rebuild_source/forms/all_window_specs/FAST092.rebuild.md,FMB/PLL/PKS/PKB/DDL/Forms Builder
FAST093.fmx,GL/finance,508244,catalog_specification,FMB_PLL_not_found,46,10,1,187,"credentials,destructive,windows_native",rebuild_source/forms/all_window_specs/FAST093.rebuild.md,FMB/PLL/PKS/PKB/DDL/Forms Builder
FASUPGRADE.fmx,GL/finance,97180,catalog_specification,FMB_PLL_not_found,2,0,0,62,"destructive,windows_native",rebuild_source/forms/all_window_specs/FASUPGRADE.rebuild.md,FMB/PLL/PKS/PKB/DDL/Forms Builder
FAS_AS_TRNS.fmx,GL/finance,164516,catalog_specification,FMB_PLL_not_found,35,8,0,55,"credentials,ddl_privilege,destructive,windows_native",rebuild_source/forms/all_window_specs/FAS_AS_TRNS.rebuild.md,FMB/PLL/PKS/PKB/DDL/Forms Builder
FAS_BARCODE.fmx,GL/finance,297736,catalog_specification,FMB_PLL_not_found,40,9,2,100,"credentials,ddl_privilege,destructive,dynamic_sql,windows_native",rebuild_source/forms/all_window_specs/FAS_BARCODE.rebuild.md,FMB/PLL/PKS/PKB/DDL/Forms Builder
FAS_BARCODE_TMP.fmx,GL/finance,290868,catalog_specification,FMB_PLL_not_found,39,9,2,98,"credentials,ddl_privilege,destructive,dynamic_sql,windows_native",rebuild_source/forms/all_window_specs/FAS_BARCODE_TMP.rebuild.md,FMB/PLL/PKS/PKB/DDL/Forms Builder
FAS_IMP_XLS_ASSETS.fmx,GL/finance,215516,catalog_specification,FMB_PLL_not_found,37,8,2,82,"credentials,ddl_privilege,destructive,windows_native",rebuild_source/forms/all_window_specs/FAS_IMP_XLS_ASSETS.rebuild.md,FMB/PLL/PKS/PKB/DDL/Forms Builder
FAS_IMP_XLS_GRP.fmx,GL/finance,184604,catalog_specification,FMB_PLL_not_found,36,8,2,63,"credentials,ddl_privilege,destructive,windows_native",rebuild_source/forms/all_window_specs/FAS_IMP_XLS_GRP.rebuild.md,FMB/PLL/PKS/PKB/DDL/Forms Builder
FAS_IMP_XLS_LOC.fmx,GL/finance,183456,catalog_specification,FMB_PLL_not_found,36,8,2,67,"credentials,ddl_privilege,destructive,windows_native",rebuild_source/forms/all_window_specs/FAS_IMP_XLS_LOC.rebuild.md,FMB/PLL/PKS/PKB/DDL/Forms Builder
FMSI001.fmx,other,157804,catalog_specification,FMB_PLL_not_found,33,8,1,52,"credentials,ddl_privilege,destructive,windows_native",rebuild_source/forms/all_window_specs/FMSI001.rebuild.md,FMB/PLL/PKS/PKB/DDL/Forms Builder
FMSI002.fmx,other,219392,catalog_specification,FMB_PLL_not_found,34,8,1,68,"credentials,ddl_privilege,destructive,windows_native",rebuild_source/forms/all_window_specs/FMSI002.rebuild.md,FMB/PLL/PKS/PKB/DDL/Forms Builder
FMSI004.fmx,other,175624,catalog_specification,FMB_PLL_not_found,33,8,1,57,"credentials,ddl_privilege,destructive,windows_native",rebuild_source/forms/all_window_specs/FMSI004.rebuild.md,FMB/PLL/PKS/PKB/DDL/Forms Builder
FMSI005.fmx,other,177712,catalog_specification,FMB_PLL_not_found,32,8,1,65,"credentials,ddl_privilege,destructive,windows_native",rebuild_source/forms/all_window_specs/FMSI005.rebuild.md,FMB/PLL/PKS/PKB/DDL/Forms Builder
FMSR001.fmx,other,208584,catalog_specification,FMB_PLL_not_found,18,3,1,80,"credentials,destructive,windows_native",rebuild_source/forms/all_window_specs/FMSR001.rebuild.md,FMB/PLL/PKS/PKB/DDL/Forms Builder
FMSR002.fmx,other,202700,catalog_specification,FMB_PLL_not_found,18,3,1,78,"credentials,destructive",rebuild_source/forms/all_window_specs/FMSR002.rebuild.md,FMB/PLL/PKS/PKB/DDL/Forms Builder
FMSR004.fmx,other,203440,catalog_specification,FMB_PLL_not_found,17,3,1,81,"credentials,destructive",rebuild_source/forms/all_window_specs/FMSR004.rebuild.md,FMB/PLL/PKS/PKB/DDL/Forms Builder
FMSR005.fmx,other,215132,catalog_specification,FMB_PLL_not_found,17,3,1,85,"credentials,destructive",rebuild_source/forms/all_window_specs/FMSR005.rebuild.md,FMB/PLL/PKS/PKB/DDL/Forms Builder
FMSR006.fmx,other,202812,catalog_specification,FMB_PLL_not_found,17,3,1,78,"credentials,destructive",rebuild_source/forms/all_window_specs/FMSR006.rebuild.md,FMB/PLL/PKS/PKB/DDL/Forms Builder
FMSS001.fmx,other,158580,catalog_specification,FMB_PLL_not_found,33,8,1,55,"credentials,ddl_privilege,destructive,windows_native",rebuild_source/forms/all_window_specs/FMSS001.rebuild.md,FMB/PLL/PKS/PKB/DDL/Forms Builder
FMSS002.fmx,other,178484,catalog_specification,FMB_PLL_not_found,33,10,1,56,"credentials,ddl_privilege,destructive,windows_native",rebuild_source/forms/all_window_specs/FMSS002.rebuild.md,FMB/PLL/PKS/PKB/DDL/Forms Builder
FMSS003.fmx,other,158448,catalog_specification,FMB_PLL_not_found,33,8,1,52,"credentials,ddl_privilege,destructive,windows_native",rebuild_source/forms/all_window_specs/FMSS003.rebuild.md,FMB/PLL/PKS/PKB/DDL/Forms Builder
FMSS004.fmx,other,158160,catalog_specification,FMB_PLL_not_found,33,8,1,58,"credentials,ddl_privilege,destructive,windows_native",rebuild_source/forms/all_window_specs/FMSS004.rebuild.md,FMB/PLL/PKS/PKB/DDL/Forms Builder
FMSS005.fmx,other,158808,catalog_specification,FMB_PLL_not_found,33,8,1,52,"credentials,ddl_privilege,destructive,windows_native",rebuild_source/forms/all_window_specs/FMSS005.rebuild.md,FMB/PLL/PKS/PKB/DDL/Forms Builder
FMST001.fmx,other,204272,catalog_specification,FMB_PLL_not_found,34,8,1,67,"credentials,ddl_privilege,destructive,windows_native",rebuild_source/forms/all_window_specs/FMST001.rebuild.md,FMB/PLL/PKS/PKB/DDL/Forms Builder
FMST002.fmx,other,333616,catalog_specification,FMB_PLL_not_found,35,10,1,130,"credentials,ddl_privilege,destructive,windows_native",rebuild_source/forms/all_window_specs/FMST002.rebuild.md,FMB/PLL/PKS/PKB/DDL/Forms Builder
FMST003.fmx,other,199144,catalog_specification,FMB_PLL_not_found,34,8,1,62,"credentials,ddl_privilege,destructive,windows_native",rebuild_source/forms/all_window_specs/FMST003.rebuild.md,FMB/PLL/PKS/PKB/DDL/Forms Builder
FNGI005.fmx,GL/finance,545652,catalog_specification,FMB_PLL_not_found,43,11,1,114,"credentials,ddl_privilege,destructive,dynamic_sql,windows_native",rebuild_source/forms/all_window_specs/FNGI005.rebuild.md,FMB/PLL/PKS/PKB/DDL/Forms Builder
FNGI007.fmx,GL/finance,656728,catalog_specification,FMB_PLL_not_found,37,8,1,187,"credentials,ddl_privilege,destructive,windows_native",rebuild_source/forms/all_window_specs/FNGI007.rebuild.md,FMB/PLL/PKS/PKB/DDL/Forms Builder
FNGI008.fmx,GL/finance,1029160,catalog_specification,FMB_PLL_not_found,44,8,4,259,"credentials,ddl_privilege,destructive,dynamic_sql,windows_native",rebuild_source/forms/all_window_specs/FNGI008.rebuild.md,FMB/PLL/PKS/PKB/DDL/Forms Builder
FNGI008_.fmx,GL/finance,894752,catalog_specification,FMB_PLL_not_found,44,8,2,227,"credentials,ddl_privilege,destructive,dynamic_sql,windows_native",rebuild_source/forms/all_window_specs/FNGI008_.rebuild.md,FMB/PLL/PKS/PKB/DDL/Forms Builder
FNGI008__.fmx,GL/finance,686876,catalog_specification,FMB_PLL_not_found,41,8,2,204,"credentials,ddl_privilege,destructive,windows_native",rebuild_source/forms/all_window_specs/FNGI008__.rebuild.md,FMB/PLL/PKS/PKB/DDL/Forms Builder
FNGI009.fmx,GL/finance,348020,catalog_specification,FMB_PLL_not_found,38,10,1,94,"credentials,ddl_privilege,destructive,windows_native",rebuild_source/forms/all_window_specs/FNGI009.rebuild.md,FMB/PLL/PKS/PKB/DDL/Forms Builder
FNGI010.fmx,GL/finance,439980,catalog_specification,FMB_PLL_not_found,37,10,1,150,"credentials,ddl_privilege,destructive,windows_native",rebuild_source/forms/all_window_specs/FNGI010.rebuild.md,FMB/PLL/PKS/PKB/DDL/Forms Builder
FNGR001.fmx,GL/finance,116392,catalog_specification,FMB_PLL_not_found,16,3,1,54,"credentials,destructive",rebuild_source/forms/all_window_specs/FNGR001.rebuild.md,FMB/PLL/PKS/PKB/DDL/Forms Builder
FNGR001__.fmx,GL/finance,116392,catalog_specification,FMB_PLL_not_found,16,3,1,54,"credentials,destructive",rebuild_source/forms/all_window_specs/FNGR001__.rebuild.md,FMB/PLL/PKS/PKB/DDL/Forms Builder
FNGR002.fmx,GL/finance,146352,catalog_specification,FMB_PLL_not_found,18,3,1,52,"credentials,destructive",rebuild_source/forms/all_window_specs/FNGR002.rebuild.md,FMB/PLL/PKS/PKB/DDL/Forms Builder
FNGR007.fmx,GL/finance,138256,catalog_specification,FMB_PLL_not_found,16,3,1,54,"credentials,destructive",rebuild_source/forms/all_window_specs/FNGR007.rebuild.md,FMB/PLL/PKS/PKB/DDL/Forms Builder
FNGR010.fmx,GL/finance,161052,catalog_specification,FMB_PLL_not_found,17,3,2,55,"credentials,destructive",rebuild_source/forms/all_window_specs/FNGR010.rebuild.md,FMB/PLL/PKS/PKB/DDL/Forms Builder
FNGR011.fmx,GL/finance,135232,catalog_specification,FMB_PLL_not_found,17,3,1,54,"credentials,destructive",rebuild_source/forms/all_window_specs/FNGR011.rebuild.md,FMB/PLL/PKS/PKB/DDL/Forms Builder
FNGR012.fmx,GL/finance,145220,catalog_specification,FMB_PLL_not_found,17,3,1,57,"credentials,destructive",rebuild_source/forms/all_window_specs/FNGR012.rebuild.md,FMB/PLL/PKS/PKB/DDL/Forms Builder
FNGR030.fmx,GL/finance,414968,catalog_specification,FMB_PLL_not_found,21,3,1,119,"credentials,destructive,dynamic_sql,windows_native",rebuild_source/forms/all_window_specs/FNGR030.rebuild.md,FMB/PLL/PKS/PKB/DDL/Forms Builder
FNGR031.fmx,GL/finance,131240,catalog_specification,FMB_PLL_not_found,16,3,1,50,"credentials,destructive",rebuild_source/forms/all_window_specs/FNGR031.rebuild.md,FMB/PLL/PKS/PKB/DDL/Forms Builder
FNGS001.fmx,GL/finance,196060,catalog_specification,FMB_PLL_not_found,34,8,1,77,"credentials,ddl_privilege,destructive,windows_native",rebuild_source/forms/all_window_specs/FNGS001.rebuild.md,FMB/PLL/PKS/PKB/DDL/Forms Builder
FNGS003.fmx,GL/finance,338020,catalog_specification,FMB_PLL_not_found,41,10,1,98,"credentials,ddl_privilege,destructive,windows_native",rebuild_source/forms/all_window_specs/FNGS003.rebuild.md,FMB/PLL/PKS/PKB/DDL/Forms Builder
FNGS006.fmx,GL/finance,288036,catalog_specification,FMB_PLL_not_found,36,8,1,96,"credentials,ddl_privilege,destructive,windows_native",rebuild_source/forms/all_window_specs/FNGS006.rebuild.md,FMB/PLL/PKS/PKB/DDL/Forms Builder
FNGS007.fmx,GL/finance,446548,catalog_specification,FMB_PLL_not_found,41,11,1,101,"credentials,ddl_privilege,destructive,windows_native",rebuild_source/forms/all_window_specs/FNGS007.rebuild.md,FMB/PLL/PKS/PKB/DDL/Forms Builder
FNGT005.fmx,GL/finance,455092,catalog_specification,FMB_PLL_not_found,47,10,1,123,"credentials,ddl_privilege,destructive,windows_native",rebuild_source/forms/all_window_specs/FNGT005.rebuild.md,FMB/PLL/PKS/PKB/DDL/Forms Builder
FNGT006.fmx,GL/finance,492016,catalog_specification,FMB_PLL_not_found,51,10,1,123,"credentials,ddl_privilege,destructive,windows_native",rebuild_source/forms/all_window_specs/FNGT006.rebuild.md,FMB/PLL/PKS/PKB/DDL/Forms Builder
FNGT007.fmx,GL/finance,480400,catalog_specification,FMB_PLL_not_found,46,10,1,123,"credentials,ddl_privilege,destructive,windows_native",rebuild_source/forms/all_window_specs/FNGT007.rebuild.md,FMB/PLL/PKS/PKB/DDL/Forms Builder
FNGT020.fmx,GL/finance,518948,catalog_specification,FMB_PLL_not_found,48,8,1,165,"credentials,ddl_privilege,destructive,dynamic_sql,windows_native",rebuild_source/forms/all_window_specs/FNGT020.rebuild.md,FMB/PLL/PKS/PKB/DDL/Forms Builder
FNGT021.fmx,GL/finance,321304,catalog_specification,FMB_PLL_not_found,39,8,1,98,"credentials,ddl_privilege,destructive,windows_native",rebuild_source/forms/all_window_specs/FNGT021.rebuild.md,FMB/PLL/PKS/PKB/DDL/Forms Builder
GENIMPXLS_AC.fmx,other,198032,catalog_specification,FMB_PLL_not_found,34,8,2,68,"credentials,ddl_privilege,destructive,windows_native",rebuild_source/forms/all_window_specs/GENIMPXLS_AC.rebuild.md,FMB/PLL/PKS/PKB/DDL/Forms Builder
GENIMPXLS_ACTV.fmx,other,178524,catalog_specification,FMB_PLL_not_found,34,8,2,71,"credentials,ddl_privilege,destructive,windows_native",rebuild_source/forms/all_window_specs/GENIMPXLS_ACTV.rebuild.md,FMB/PLL/PKS/PKB/DDL/Forms Builder
GENIMPXLS_ACTV_PJ.fmx,other,177064,catalog_specification,FMB_PLL_not_found,37,8,2,71,"credentials,ddl_privilege,destructive,windows_native",rebuild_source/forms/all_window_specs/GENIMPXLS_ACTV_PJ.rebuild.md,FMB/PLL/PKS/PKB/DDL/Forms Builder
GENIMPXLS_CC.fmx,other,182260,catalog_specification,FMB_PLL_not_found,34,8,2,64,"credentials,ddl_privilege,destructive,windows_native",rebuild_source/forms/all_window_specs/GENIMPXLS_CC.rebuild.md,FMB/PLL/PKS/PKB/DDL/Forms Builder
GENIMPXLS_PJ.fmx,other,178992,catalog_specification,FMB_PLL_not_found,34,8,2,70,"credentials,ddl_privilege,destructive,windows_native",rebuild_source/forms/all_window_specs/GENIMPXLS_PJ.rebuild.md,FMB/PLL/PKS/PKB/DDL/Forms Builder
GENS001.fmx,other,279264,catalog_specification,FMB_PLL_not_found,34,8,2,151,"credentials,ddl_privilege,destructive,windows_native",rebuild_source/forms/all_window_specs/GENS001.rebuild.md,FMB/PLL/PKS/PKB/DDL/Forms Builder
GENS002.fmx,other,175364,catalog_specification,FMB_PLL_not_found,34,8,1,63,"credentials,ddl_privilege,destructive,windows_native",rebuild_source/forms/all_window_specs/GENS002.rebuild.md,FMB/PLL/PKS/PKB/DDL/Forms Builder
GENS003.fmx,other,203544,catalog_specification,FMB_PLL_not_found,37,8,1,67,"credentials,ddl_privilege,destructive,windows_native",rebuild_source/forms/all_window_specs/GENS003.rebuild.md,FMB/PLL/PKS/PKB/DDL/Forms Builder
GENS004.fmx,other,219900,catalog_specification,FMB_PLL_not_found,36,8,1,79,"credentials,ddl_privilege,destructive,windows_native",rebuild_source/forms/all_window_specs/GENS004.rebuild.md,FMB/PLL/PKS/PKB/DDL/Forms Builder
GENS005.fmx,other,171028,catalog_specification,FMB_PLL_not_found,33,8,1,61,"credentials,ddl_privilege,destructive,windows_native",rebuild_source/forms/all_window_specs/GENS005.rebuild.md,FMB/PLL/PKS/PKB/DDL/Forms Builder
GENS006.fmx,other,166692,catalog_specification,FMB_PLL_not_found,33,8,1,62,"credentials,ddl_privilege,destructive,windows_native",rebuild_source/forms/all_window_specs/GENS006.rebuild.md,FMB/PLL/PKS/PKB/DDL/Forms Builder
GENS007.fmx,other,168652,catalog_specification,FMB_PLL_not_found,33,8,1,61,"credentials,ddl_privilege,destructive,windows_native",rebuild_source/forms/all_window_specs/GENS007.rebuild.md,FMB/PLL/PKS/PKB/DDL/Forms Builder
GENS008.fmx,other,174612,catalog_specification,FMB_PLL_not_found,33,8,1,66,"credentials,ddl_privilege,destructive,windows_native",rebuild_source/forms/all_window_specs/GENS008.rebuild.md,FMB/PLL/PKS/PKB/DDL/Forms Builder
GENS009.fmx,other,232660,catalog_specification,FMB_PLL_not_found,35,8,1,88,"credentials,ddl_privilege,destructive,windows_native",rebuild_source/forms/all_window_specs/GENS009.rebuild.md,FMB/PLL/PKS/PKB/DDL/Forms Builder
GENS010.fmx,other,166304,catalog_specification,FMB_PLL_not_found,33,8,1,61,"credentials,ddl_privilege,destructive,windows_native",rebuild_source/forms/all_window_specs/GENS010.rebuild.md,FMB/PLL/PKS/PKB/DDL/Forms Builder
GENS011.fmx,other,305584,catalog_specification,FMB_PLL_not_found,41,8,2,97,"credentials,destructive,dynamic_sql,windows_native",rebuild_source/forms/all_window_specs/GENS011.rebuild.md,FMB/PLL/PKS/PKB/DDL/Forms Builder
GENS012.fmx,other,994112,catalog_specification,FMB_PLL_not_found,57,10,4,258,"credentials,ddl_privilege,destructive,windows_native,network",rebuild_source/forms/all_window_specs/GENS012.rebuild.md,FMB/PLL/PKS/PKB/DDL/Forms Builder
GENS012_11-10-2016.fmx,other,966784,catalog_specification,FMB_PLL_not_found,57,10,4,250,"credentials,ddl_privilege,destructive,windows_native,network",rebuild_source/forms/all_window_specs/GENS012_11-10-2016.rebuild.md,FMB/PLL/PKS/PKB/DDL/Forms Builder
GENS013.fmx,other,162760,catalog_specification,FMB_PLL_not_found,35,8,1,64,"credentials,ddl_privilege,destructive,windows_native",rebuild_source/forms/all_window_specs/GENS013.rebuild.md,FMB/PLL/PKS/PKB/DDL/Forms Builder
GENS014.fmx,other,186052,catalog_specification,FMB_PLL_not_found,34,8,1,68,"credentials,ddl_privilege,destructive,windows_native",rebuild_source/forms/all_window_specs/GENS014.rebuild.md,FMB/PLL/PKS/PKB/DDL/Forms Builder
GENS015.fmx,other,160932,catalog_specification,FMB_PLL_not_found,33,8,1,59,"credentials,ddl_privilege,destructive,windows_native",rebuild_source/forms/all_window_specs/GENS015.rebuild.md,FMB/PLL/PKS/PKB/DDL/Forms Builder
GENS016.fmx,other,299936,catalog_specification,FMB_PLL_not_found,37,10,1,90,"credentials,ddl_privilege,destructive,windows_native",rebuild_source/forms/all_window_specs/GENS016.rebuild.md,FMB/PLL/PKS/PKB/DDL/Forms Builder
GENS017.fmx,other,339532,catalog_specification,FMB_PLL_not_found,37,10,1,97,"credentials,ddl_privilege,destructive,windows_native",rebuild_source/forms/all_window_specs/GENS017.rebuild.md,FMB/PLL/PKS/PKB/DDL/Forms Builder
GENS018.fmx,other,171244,catalog_specification,FMB_PLL_not_found,34,8,1,56,"credentials,ddl_privilege,destructive,windows_native",rebuild_source/forms/all_window_specs/GENS018.rebuild.md,FMB/PLL/PKS/PKB/DDL/Forms Builder
GENS019.fmx,other,319268,catalog_specification,FMB_PLL_not_found,36,10,1,98,"credentials,ddl_privilege,destructive,windows_native",rebuild_source/forms/all_window_specs/GENS019.rebuild.md,FMB/PLL/PKS/PKB/DDL/Forms Builder
GENS020.fmx,other,162744,catalog_specification,FMB_PLL_not_found,35,8,1,64,"credentials,ddl_privilege,destructive,windows_native",rebuild_source/forms/all_window_specs/GENS020.rebuild.md,FMB/PLL/PKS/PKB/DDL/Forms Builder
GLSI001.fmx,GL/finance,654656,catalog_specification,FMB_PLL_not_found,44,12,5,216,"credentials,ddl_privilege,destructive,dynamic_sql,windows_native",rebuild_source/forms/all_window_specs/GLSI001.rebuild.md,FMB/PLL/PKS/PKB/DDL/Forms Builder
GLSI002.fmx,GL/finance,224456,catalog_specification,FMB_PLL_not_found,34,8,1,76,"credentials,ddl_privilege,destructive,windows_native",rebuild_source/forms/all_window_specs/GLSI002.rebuild.md,FMB/PLL/PKS/PKB/DDL/Forms Builder
GLSI003.fmx,GL/finance,318048,catalog_specification,FMB_PLL_not_found,36,8,2,126,"credentials,ddl_privilege,destructive,windows_native",rebuild_source/forms/all_window_specs/GLSI003.rebuild.md,FMB/PLL/PKS/PKB/DDL/Forms Builder
GLSI004.fmx,GL/finance,283308,catalog_specification,FMB_PLL_not_found,36,8,2,116,"credentials,ddl_privilege,destructive,windows_native",rebuild_source/forms/all_window_specs/GLSI004.rebuild.md,FMB/PLL/PKS/PKB/DDL/Forms Builder
GLSI005.fmx,GL/finance,340456,catalog_specification,FMB_PLL_not_found,36,9,3,122,"credentials,ddl_privilege,destructive,windows_native",rebuild_source/forms/all_window_specs/GLSI005.rebuild.md,FMB/PLL/PKS/PKB/DDL/Forms Builder
GLSI007.fmx,GL/finance,193308,catalog_specification,FMB_PLL_not_found,36,8,1,80,"credentials,ddl_privilege,destructive,windows_native",rebuild_source/forms/all_window_specs/GLSI007.rebuild.md,FMB/PLL/PKS/PKB/DDL/Forms Builder
GLSI008.fmx,GL/finance,195756,catalog_specification,FMB_PLL_not_found,35,8,1,78,"credentials,ddl_privilege,destructive,windows_native",rebuild_source/forms/all_window_specs/GLSI008.rebuild.md,FMB/PLL/PKS/PKB/DDL/Forms Builder
GLSI009.fmx,GL/finance,195092,catalog_specification,FMB_PLL_not_found,36,8,1,84,"credentials,ddl_privilege,destructive,windows_native",rebuild_source/forms/all_window_specs/GLSI009.rebuild.md,FMB/PLL/PKS/PKB/DDL/Forms Builder
GLSI010.fmx,GL/finance,510480,catalog_specification,FMB_PLL_not_found,42,8,3,199,"credentials,destructive,windows_native",rebuild_source/forms/all_window_specs/GLSI010.rebuild.md,FMB/PLL/PKS/PKB/DDL/Forms Builder
GLSI011.fmx,GL/finance,593660,catalog_specification,FMB_PLL_not_found,50,9,3,216,"credentials,ddl_privilege,destructive,windows_native",rebuild_source/forms/all_window_specs/GLSI011.rebuild.md,FMB/PLL/PKS/PKB/DDL/Forms Builder
GLSI012.fmx,GL/finance,306860,catalog_specification,FMB_PLL_not_found,38,8,2,99,"credentials,ddl_privilege,destructive,windows_native",rebuild_source/forms/all_window_specs/GLSI012.rebuild.md,FMB/PLL/PKS/PKB/DDL/Forms Builder
GLSI013.fmx,GL/finance,606804,catalog_specification,FMB_PLL_not_found,42,10,1,138,"credentials,ddl_privilege,destructive,dynamic_sql,windows_native",rebuild_source/forms/all_window_specs/GLSI013.rebuild.md,FMB/PLL/PKS/PKB/DDL/Forms Builder
GLSI0131.fmx,GL/finance,386548,catalog_specification,FMB_PLL_not_found,39,9,1,101,"credentials,ddl_privilege,destructive,windows_native",rebuild_source/forms/all_window_specs/GLSI0131.rebuild.md,FMB/PLL/PKS/PKB/DDL/Forms Builder
GLSI014.fmx,GL/finance,537544,catalog_specification,FMB_PLL_not_found,42,8,2,160,"credentials,ddl_privilege,destructive,windows_native",rebuild_source/forms/all_window_specs/GLSI014.rebuild.md,FMB/PLL/PKS/PKB/DDL/Forms Builder
GLSI014_NEW.fmx,GL/finance,507544,catalog_specification,FMB_PLL_not_found,41,8,2,154,"credentials,ddl_privilege,destructive,windows_native",rebuild_source/forms/all_window_specs/GLSI014_NEW.rebuild.md,FMB/PLL/PKS/PKB/DDL/Forms Builder
GLSI016.fmx,GL/finance,360172,catalog_specification,FMB_PLL_not_found,40,9,1,154,"credentials,ddl_privilege,destructive,windows_native",rebuild_source/forms/all_window_specs/GLSI016.rebuild.md,FMB/PLL/PKS/PKB/DDL/Forms Builder
GLSI017.fmx,GL/finance,232016,catalog_specification,FMB_PLL_not_found,32,8,2,87,"credentials,ddl_privilege,destructive,windows_native",rebuild_source/forms/all_window_specs/GLSI017.rebuild.md,FMB/PLL/PKS/PKB/DDL/Forms Builder
GLSR001.fmx,GL/finance,148804,catalog_specification,FMB_PLL_not_found,19,3,1,96,"credentials,destructive,windows_native",rebuild_source/forms/all_window_specs/GLSR001.rebuild.md,FMB/PLL/PKS/PKB/DDL/Forms Builder
GLSR002.fmx,GL/finance,117300,catalog_specification,FMB_PLL_not_found,17,3,1,51,"credentials,destructive",rebuild_source/forms/all_window_specs/GLSR002.rebuild.md,FMB/PLL/PKS/PKB/DDL/Forms Builder
GLSR003.fmx,GL/finance,152316,catalog_specification,FMB_PLL_not_found,16,3,1,95,"credentials,ddl_privilege,destructive",rebuild_source/forms/all_window_specs/GLSR003.rebuild.md,FMB/PLL/PKS/PKB/DDL/Forms Builder
GLSR00333.fmx,GL/finance,145624,catalog_specification,FMB_PLL_not_found,16,3,1,81,"credentials,destructive",rebuild_source/forms/all_window_specs/GLSR00333.rebuild.md,FMB/PLL/PKS/PKB/DDL/Forms Builder
GLSR004.fmx,GL/finance,192556,catalog_specification,FMB_PLL_not_found,17,4,1,91,"credentials,destructive,windows_native",rebuild_source/forms/all_window_specs/GLSR004.rebuild.md,FMB/PLL/PKS/PKB/DDL/Forms Builder
GLSR005.fmx,GL/finance,221132,catalog_specification,FMB_PLL_not_found,18,3,1,114,"credentials,destructive,windows_native",rebuild_source/forms/all_window_specs/GLSR005.rebuild.md,FMB/PLL/PKS/PKB/DDL/Forms Builder
GLSR006.fmx,GL/finance,215632,catalog_specification,FMB_PLL_not_found,20,4,1,139,"credentials,ddl_privilege,destructive,dynamic_sql,windows_native",rebuild_source/forms/all_window_specs/GLSR006.rebuild.md,FMB/PLL/PKS/PKB/DDL/Forms Builder
GLSR007.fmx,GL/finance,231404,catalog_specification,FMB_PLL_not_found,18,3,1,117,"credentials,destructive,windows_native",rebuild_source/forms/all_window_specs/GLSR007.rebuild.md,FMB/PLL/PKS/PKB/DDL/Forms Builder
GLSR008.fmx,GL/finance,180580,catalog_specification,FMB_PLL_not_found,20,3,1,90,"credentials,destructive",rebuild_source/forms/all_window_specs/GLSR008.rebuild.md,FMB/PLL/PKS/PKB/DDL/Forms Builder
GLSR009.fmx,GL/finance,119080,catalog_specification,FMB_PLL_not_found,16,3,1,65,"credentials,destructive",rebuild_source/forms/all_window_specs/GLSR009.rebuild.md,FMB/PLL/PKS/PKB/DDL/Forms Builder
GLSR010.fmx,GL/finance,159580,catalog_specification,FMB_PLL_not_found,19,10,1,123,"credentials,ddl_privilege,destructive,dynamic_sql,windows_native",rebuild_source/forms/all_window_specs/GLSR010.rebuild.md,FMB/PLL/PKS/PKB/DDL/Forms Builder
GLSR011.fmx,GL/finance,116540,catalog_specification,FMB_PLL_not_found,17,3,1,64,"credentials,destructive",rebuild_source/forms/all_window_specs/GLSR011.rebuild.md,FMB/PLL/PKS/PKB/DDL/Forms Builder
GLSR012.fmx,GL/finance,865132,catalog_specification,FMB_PLL_not_found,30,5,2,276,"credentials,ddl_privilege,destructive,dynamic_sql,windows_native,error_handling",rebuild_source/forms/all_window_specs/GLSR012.rebuild.md,FMB/PLL/PKS/PKB/DDL/Forms Builder
GLSR012_Under_test.fmx,GL/finance,861172,catalog_specification,FMB_PLL_not_found,30,5,2,276,"credentials,ddl_privilege,destructive,dynamic_sql,windows_native,error_handling",rebuild_source/forms/all_window_specs/GLSR012_Under_test.rebuild.md,FMB/PLL/PKS/PKB/DDL/Forms Builder
GLSR012_adb.fmx,GL/finance,863252,catalog_specification,FMB_PLL_not_found,30,5,2,277,"credentials,ddl_privilege,destructive,dynamic_sql,windows_native,error_handling",rebuild_source/forms/all_window_specs/GLSR012_adb.rebuild.md,FMB/PLL/PKS/PKB/DDL/Forms Builder
GLSR012new.fmx,GL/finance,858088,catalog_specification,FMB_PLL_not_found,30,5,2,263,"credentials,ddl_privilege,destructive,dynamic_sql,windows_native,error_handling",rebuild_source/forms/all_window_specs/GLSR012new.rebuild.md,FMB/PLL/PKS/PKB/DDL/Forms Builder
GLSR013.fmx,GL/finance,265688,catalog_specification,FMB_PLL_not_found,19,3,2,116,"credentials,destructive,windows_native",rebuild_source/forms/all_window_specs/GLSR013.rebuild.md,FMB/PLL/PKS/PKB/DDL/Forms Builder
GLSR016.fmx,GL/finance,218696,catalog_specification,FMB_PLL_not_found,18,7,1,120,"credentials,destructive,windows_native",rebuild_source/forms/all_window_specs/GLSR016.rebuild.md,FMB/PLL/PKS/PKB/DDL/Forms Builder
GLSR018.fmx,GL/finance,167460,catalog_specification,FMB_PLL_not_found,22,3,1,74,"credentials,destructive,windows_native",rebuild_source/forms/all_window_specs/GLSR018.rebuild.md,FMB/PLL/PKS/PKB/DDL/Forms Builder
GLSR023.fmx,GL/finance,337440,catalog_specification,FMB_PLL_not_found,22,3,1,96,"credentials,destructive,windows_native",rebuild_source/forms/all_window_specs/GLSR023.rebuild.md,FMB/PLL/PKS/PKB/DDL/Forms Builder
GLSR024.fmx,GL/finance,109480,catalog_specification,FMB_PLL_not_found,17,3,1,66,"credentials,destructive",rebuild_source/forms/all_window_specs/GLSR024.rebuild.md,FMB/PLL/PKS/PKB/DDL/Forms Builder
GLSR028.fmx,GL/finance,114684,catalog_specification,FMB_PLL_not_found,15,3,1,47,"credentials,destructive",rebuild_source/forms/all_window_specs/GLSR028.rebuild.md,FMB/PLL/PKS/PKB/DDL/Forms Builder
GLSR029.fmx,GL/finance,150000,catalog_specification,FMB_PLL_not_found,19,3,1,70,"credentials,destructive,windows_native",rebuild_source/forms/all_window_specs/GLSR029.rebuild.md,FMB/PLL/PKS/PKB/DDL/Forms Builder
GLSR030.fmx,GL/finance,117340,catalog_specification,FMB_PLL_not_found,16,3,1,57,"credentials,destructive",rebuild_source/forms/all_window_specs/GLSR030.rebuild.md,FMB/PLL/PKS/PKB/DDL/Forms Builder
GLSR033.fmx,GL/finance,195024,catalog_specification,FMB_PLL_not_found,19,4,1,110,"credentials,ddl_privilege,destructive,dynamic_sql,windows_native",rebuild_source/forms/all_window_specs/GLSR033.rebuild.md,FMB/PLL/PKS/PKB/DDL/Forms Builder
GLSR043.fmx,GL/finance,171812,catalog_specification,FMB_PLL_not_found,18,4,1,97,"credentials,ddl_privilege,destructive,dynamic_sql,windows_native",rebuild_source/forms/all_window_specs/GLSR043.rebuild.md,FMB/PLL/PKS/PKB/DDL/Forms Builder
GLSS001.fmx,GL/finance,239312,catalog_specification,FMB_PLL_not_found,33,20,1,109,"credentials,ddl_privilege,destructive,windows_native",rebuild_source/forms/all_window_specs/GLSS001.rebuild.md,FMB/PLL/PKS/PKB/DDL/Forms Builder
GLSS002.fmx,GL/finance,182412,catalog_specification,FMB_PLL_not_found,34,8,1,71,"credentials,ddl_privilege,destructive,windows_native",rebuild_source/forms/all_window_specs/GLSS002.rebuild.md,FMB/PLL/PKS/PKB/DDL/Forms Builder
GLSS004.fmx,GL/finance,253284,catalog_specification,FMB_PLL_not_found,31,10,1,83,"credentials,ddl_privilege,destructive,windows_native",rebuild_source/forms/all_window_specs/GLSS004.rebuild.md,FMB/PLL/PKS/PKB/DDL/Forms Builder
GLSS007.fmx,GL/finance,186280,catalog_specification,FMB_PLL_not_found,33,8,1,55,"credentials,ddl_privilege,destructive,windows_native",rebuild_source/forms/all_window_specs/GLSS007.rebuild.md,FMB/PLL/PKS/PKB/DDL/Forms Builder
GLSS009.fmx,GL/finance,182728,catalog_specification,FMB_PLL_not_found,32,8,1,66,"credentials,ddl_privilege,destructive,windows_native",rebuild_source/forms/all_window_specs/GLSS009.rebuild.md,FMB/PLL/PKS/PKB/DDL/Forms Builder
GLSS011.fmx,GL/finance,176448,catalog_specification,FMB_PLL_not_found,34,8,1,63,"credentials,ddl_privilege,destructive,windows_native",rebuild_source/forms/all_window_specs/GLSS011.rebuild.md,FMB/PLL/PKS/PKB/DDL/Forms Builder
GLSS012.fmx,GL/finance,264596,catalog_specification,FMB_PLL_not_found,35,8,1,82,"credentials,ddl_privilege,destructive,windows_native",rebuild_source/forms/all_window_specs/GLSS012.rebuild.md,FMB/PLL/PKS/PKB/DDL/Forms Builder
GLSS014.fmx,GL/finance,167488,catalog_specification,FMB_PLL_not_found,32,8,1,57,"credentials,ddl_privilege,destructive,windows_native",rebuild_source/forms/all_window_specs/GLSS014.rebuild.md,FMB/PLL/PKS/PKB/DDL/Forms Builder
GLSS016.fmx,GL/finance,157048,catalog_specification,FMB_PLL_not_found,34,8,1,57,"credentials,ddl_privilege,destructive,windows_native",rebuild_source/forms/all_window_specs/GLSS016.rebuild.md,FMB/PLL/PKS/PKB/DDL/Forms Builder
GLSS017.fmx,GL/finance,161940,catalog_specification,FMB_PLL_not_found,33,8,1,60,"credentials,ddl_privilege,destructive,windows_native",rebuild_source/forms/all_window_specs/GLSS017.rebuild.md,FMB/PLL/PKS/PKB/DDL/Forms Builder
GLSS018.fmx,GL/finance,161232,catalog_specification,FMB_PLL_not_found,33,8,1,63,"credentials,ddl_privilege,destructive,windows_native",rebuild_source/forms/all_window_specs/GLSS018.rebuild.md,FMB/PLL/PKS/PKB/DDL/Forms Builder
GLST001.fmx,GL/finance,1575120,catalog_specification,FMB_PLL_not_found,77,9,15,406,"credentials,ddl_privilege,destructive,windows_native,error_handling",rebuild_source/forms/all_window_specs/GLST001.rebuild.md,FMB/PLL/PKS/PKB/DDL/Forms Builder
GLST00111.fmx,GL/finance,1322704,catalog_specification,FMB_PLL_not_found,70,9,15,342,"credentials,destructive,windows_native",rebuild_source/forms/all_window_specs/GLST00111.rebuild.md,FMB/PLL/PKS/PKB/DDL/Forms Builder
GLST002.fmx,GL/finance,1610832,catalog_specification,FMB_PLL_not_found,71,13,21,465,"credentials,destructive,windows_native",rebuild_source/forms/all_window_specs/GLST002.rebuild.md,FMB/PLL/PKS/PKB/DDL/Forms Builder
GLST00211.fmx,GL/finance,1251160,catalog_specification,FMB_PLL_not_found,68,12,21,413,"credentials,destructive,windows_native",rebuild_source/forms/all_window_specs/GLST00211.rebuild.md,FMB/PLL/PKS/PKB/DDL/Forms Builder
GLST003.fmx,GL/finance,248340,catalog_specification,FMB_PLL_not_found,42,8,1,114,"credentials,ddl_privilege,destructive,windows_native",rebuild_source/forms/all_window_specs/GLST003.rebuild.md,FMB/PLL/PKS/PKB/DDL/Forms Builder
GLST004.fmx,GL/finance,1485704,catalog_specification,FMB_PLL_not_found,70,13,4,440,"credentials,destructive,windows_native",rebuild_source/forms/all_window_specs/GLST004.rebuild.md,FMB/PLL/PKS/PKB/DDL/Forms Builder
GLST005.fmx,GL/finance,364776,catalog_specification,FMB_PLL_not_found,47,8,2,159,"credentials,ddl_privilege,destructive,windows_native",rebuild_source/forms/all_window_specs/GLST005.rebuild.md,FMB/PLL/PKS/PKB/DDL/Forms Builder
GLST006.fmx,GL/finance,370324,catalog_specification,FMB_PLL_not_found,49,8,2,157,"credentials,ddl_privilege,destructive,windows_native",rebuild_source/forms/all_window_specs/GLST006.rebuild.md,FMB/PLL/PKS/PKB/DDL/Forms Builder
GLST007.fmx,GL/finance,240204,catalog_specification,FMB_PLL_not_found,36,12,1,106,"credentials,ddl_privilege,destructive,windows_native",rebuild_source/forms/all_window_specs/GLST007.rebuild.md,FMB/PLL/PKS/PKB/DDL/Forms Builder
GLST008.fmx,GL/finance,621272,catalog_specification,FMB_PLL_not_found,49,15,1,201,"credentials,ddl_privilege,destructive,windows_native",rebuild_source/forms/all_window_specs/GLST008.rebuild.md,FMB/PLL/PKS/PKB/DDL/Forms Builder
GLST009.fmx,GL/finance,311196,catalog_specification,FMB_PLL_not_found,43,8,2,132,"credentials,ddl_privilege,destructive,windows_native",rebuild_source/forms/all_window_specs/GLST009.rebuild.md,FMB/PLL/PKS/PKB/DDL/Forms Builder
GLST010.fmx,GL/finance,878620,catalog_specification,FMB_PLL_not_found,60,10,21,288,"credentials,destructive,windows_native",rebuild_source/forms/all_window_specs/GLST010.rebuild.md,FMB/PLL/PKS/PKB/DDL/Forms Builder
GLST013.fmx,GL/finance,216728,catalog_specification,FMB_PLL_not_found,36,8,1,87,"credentials,ddl_privilege,destructive,windows_native",rebuild_source/forms/all_window_specs/GLST013.rebuild.md,FMB/PLL/PKS/PKB/DDL/Forms Builder
GLST014.fmx,GL/finance,345500,catalog_specification,FMB_PLL_not_found,39,13,39,193,"credentials,ddl_privilege,destructive,dynamic_sql,windows_native,error_handling",rebuild_source/forms/all_window_specs/GLST014.rebuild.md,FMB/PLL/PKS/PKB/DDL/Forms Builder
GLST015.fmx,GL/finance,302928,catalog_specification,FMB_PLL_not_found,41,12,34,155,"credentials,ddl_privilege,destructive,windows_native",rebuild_source/forms/all_window_specs/GLST015.rebuild.md,FMB/PLL/PKS/PKB/DDL/Forms Builder
GLST016.fmx,GL/finance,346368,catalog_specification,FMB_PLL_not_found,40,8,1,150,"credentials,ddl_privilege,destructive,windows_native",rebuild_source/forms/all_window_specs/GLST016.rebuild.md,FMB/PLL/PKS/PKB/DDL/Forms Builder
GLST017.fmx,GL/finance,1251156,catalog_specification,FMB_PLL_not_found,69,8,16,362,"credentials,ddl_privilege,destructive,windows_native",rebuild_source/forms/all_window_specs/GLST017.rebuild.md,FMB/PLL/PKS/PKB/DDL/Forms Builder
GLST01711.fmx,GL/finance,1167564,catalog_specification,FMB_PLL_not_found,66,8,16,346,"credentials,ddl_privilege,destructive,windows_native",rebuild_source/forms/all_window_specs/GLST01711.rebuild.md,FMB/PLL/PKS/PKB/DDL/Forms Builder
GLST018.fmx,GL/finance,1473320,catalog_specification,FMB_PLL_not_found,66,12,22,430,"credentials,ddl_privilege,destructive,windows_native",rebuild_source/forms/all_window_specs/GLST018.rebuild.md,FMB/PLL/PKS/PKB/DDL/Forms Builder
GLST0181.fmx,GL/finance,1200084,catalog_specification,FMB_PLL_not_found,63,11,22,383,"credentials,ddl_privilege,destructive,windows_native",rebuild_source/forms/all_window_specs/GLST0181.rebuild.md,FMB/PLL/PKS/PKB/DDL/Forms Builder
GLST01811.fmx,GL/finance,1210500,catalog_specification,FMB_PLL_not_found,64,11,22,385,"credentials,ddl_privilege,destructive,windows_native",rebuild_source/forms/all_window_specs/GLST01811.rebuild.md,FMB/PLL/PKS/PKB/DDL/Forms Builder
GLST020.fmx,GL/finance,629636,catalog_specification,FMB_PLL_not_found,72,34,38,445,"credentials,ddl_privilege,destructive,dynamic_sql,windows_native,error_handling",rebuild_source/forms/all_window_specs/GLST020.rebuild.md,FMB/PLL/PKS/PKB/DDL/Forms Builder
GLST021.fmx,GL/finance,268008,catalog_specification,FMB_PLL_not_found,35,8,1,94,"credentials,ddl_privilege,destructive,windows_native",rebuild_source/forms/all_window_specs/GLST021.rebuild.md,FMB/PLL/PKS/PKB/DDL/Forms Builder
GRNTR001.fmx,other,135536,catalog_specification,FMB_PLL_not_found,17,3,1,54,"credentials,destructive",rebuild_source/forms/all_window_specs/GRNTR001.rebuild.md,FMB/PLL/PKS/PKB/DDL/Forms Builder
GRNTR004.fmx,other,127424,catalog_specification,FMB_PLL_not_found,16,3,1,55,"credentials,destructive",rebuild_source/forms/all_window_specs/GRNTR004.rebuild.md,FMB/PLL/PKS/PKB/DDL/Forms Builder
GRNTR005.fmx,other,128268,catalog_specification,FMB_PLL_not_found,16,3,1,54,"credentials,destructive",rebuild_source/forms/all_window_specs/GRNTR005.rebuild.md,FMB/PLL/PKS/PKB/DDL/Forms Builder
GRNTS002.fmx,other,157824,catalog_specification,FMB_PLL_not_found,33,8,1,55,"credentials,ddl_privilege,destructive,windows_native",rebuild_source/forms/all_window_specs/GRNTS002.rebuild.md,FMB/PLL/PKS/PKB/DDL/Forms Builder
GRNTT001.fmx,other,691408,catalog_specification,FMB_PLL_not_found,60,10,2,234,"credentials,ddl_privilege,destructive,windows_native",rebuild_source/forms/all_window_specs/GRNTT001.rebuild.md,FMB/PLL/PKS/PKB/DDL/Forms Builder
GRNTT002.fmx,other,921448,catalog_specification,FMB_PLL_not_found,62,10,2,261,"credentials,destructive,dynamic_sql,windows_native",rebuild_source/forms/all_window_specs/GRNTT002.rebuild.md,FMB/PLL/PKS/PKB/DDL/Forms Builder
GRNTT003.fmx,other,607164,catalog_specification,FMB_PLL_not_found,55,9,2,217,"credentials,destructive,windows_native",rebuild_source/forms/all_window_specs/GRNTT003.rebuild.md,FMB/PLL/PKS/PKB/DDL/Forms Builder
GRNTT004.fmx,other,603732,catalog_specification,FMB_PLL_not_found,51,8,1,190,"credentials,ddl_privilege,destructive,windows_native",rebuild_source/forms/all_window_specs/GRNTT004.rebuild.md,FMB/PLL/PKS/PKB/DDL/Forms Builder
GRNTT005.fmx,other,373864,catalog_specification,FMB_PLL_not_found,48,8,1,124,"credentials,ddl_privilege,destructive,windows_native",rebuild_source/forms/all_window_specs/GRNTT005.rebuild.md,FMB/PLL/PKS/PKB/DDL/Forms Builder
GRNTT006.fmx,other,310912,catalog_specification,FMB_PLL_not_found,45,8,1,90,"credentials,ddl_privilege,destructive,windows_native",rebuild_source/forms/all_window_specs/GRNTT006.rebuild.md,FMB/PLL/PKS/PKB/DDL/Forms Builder
HRSADMT006.fmx,HR,170256,catalog_specification,FMB_PLL_not_found,34,10,1,84,"ddl_privilege,destructive,windows_native",rebuild_source/forms/all_window_specs/HRSADMT006.rebuild.md,FMB/PLL/PKS/PKB/DDL/Forms Builder
HRSALNCR002.fmx,HR,314272,catalog_specification,FMB_PLL_not_found,22,3,1,99,"credentials,destructive",rebuild_source/forms/all_window_specs/HRSALNCR002.rebuild.md,FMB/PLL/PKS/PKB/DDL/Forms Builder
HRSALNCT001.fmx,HR,586864,catalog_specification,FMB_PLL_not_found,52,10,1,196,"credentials,ddl_privilege,destructive,windows_native",rebuild_source/forms/all_window_specs/HRSALNCT001.rebuild.md,FMB/PLL/PKS/PKB/DDL/Forms Builder
HRSALNCT002.fmx,HR,696264,catalog_specification,FMB_PLL_not_found,54,10,1,217,"credentials,ddl_privilege,destructive,dynamic_sql,windows_native",rebuild_source/forms/all_window_specs/HRSALNCT002.rebuild.md,FMB/PLL/PKS/PKB/DDL/Forms Builder
HRSDOCI003.fmx,HR,414240,catalog_specification,FMB_PLL_not_found,37,10,2,108,"credentials,ddl_privilege,destructive,windows_native",rebuild_source/forms/all_window_specs/HRSDOCI003.rebuild.md,FMB/PLL/PKS/PKB/DDL/Forms Builder
HRSDOCR005.fmx,HR,270836,catalog_specification,FMB_PLL_not_found,21,3,1,84,"credentials,destructive",rebuild_source/forms/all_window_specs/HRSDOCR005.rebuild.md,FMB/PLL/PKS/PKB/DDL/Forms Builder
HRSDOCS001.fmx,HR,318064,catalog_specification,FMB_PLL_not_found,36,10,1,95,"credentials,ddl_privilege,destructive,windows_native",rebuild_source/forms/all_window_specs/HRSDOCS001.rebuild.md,FMB/PLL/PKS/PKB/DDL/Forms Builder
HRSDOCS002.fmx,HR,287832,catalog_specification,FMB_PLL_not_found,36,10,1,87,"credentials,ddl_privilege,destructive,windows_native",rebuild_source/forms/all_window_specs/HRSDOCS002.rebuild.md,FMB/PLL/PKS/PKB/DDL/Forms Builder
HRSDOCT004.fmx,HR,411780,catalog_specification,FMB_PLL_not_found,42,10,1,125,"credentials,ddl_privilege,destructive,windows_native",rebuild_source/forms/all_window_specs/HRSDOCT004.rebuild.md,FMB/PLL/PKS/PKB/DDL/Forms Builder
HRSDSNR002.fmx,HR,254156,catalog_specification,FMB_PLL_not_found,19,3,1,76,"credentials,destructive",rebuild_source/forms/all_window_specs/HRSDSNR002.rebuild.md,FMB/PLL/PKS/PKB/DDL/Forms Builder
HRSDSNR005.fmx,HR,270656,catalog_specification,FMB_PLL_not_found,22,3,1,83,"credentials,destructive",rebuild_source/forms/all_window_specs/HRSDSNR005.rebuild.md,FMB/PLL/PKS/PKB/DDL/Forms Builder
HRSDSNR007.fmx,HR,260056,catalog_specification,FMB_PLL_not_found,19,3,1,77,"credentials,destructive",rebuild_source/forms/all_window_specs/HRSDSNR007.rebuild.md,FMB/PLL/PKS/PKB/DDL/Forms Builder
HRSDSNT002.fmx,HR,400280,catalog_specification,FMB_PLL_not_found,42,10,1,132,"credentials,ddl_privilege,destructive,windows_native",rebuild_source/forms/all_window_specs/HRSDSNT002.rebuild.md,FMB/PLL/PKS/PKB/DDL/Forms Builder
HRSDSNT005.fmx,HR,646644,catalog_specification,FMB_PLL_not_found,53,10,1,208,"credentials,ddl_privilege,destructive,windows_native",rebuild_source/forms/all_window_specs/HRSDSNT005.rebuild.md,FMB/PLL/PKS/PKB/DDL/Forms Builder
HRSDSNT007.fmx,HR,600984,catalog_specification,FMB_PLL_not_found,55,10,2,199,"credentials,ddl_privilege,destructive,windows_native",rebuild_source/forms/all_window_specs/HRSDSNT007.rebuild.md,FMB/PLL/PKS/PKB/DDL/Forms Builder
HRSEVLI001.fmx,HR,343808,catalog_specification,FMB_PLL_not_found,36,10,1,104,"credentials,ddl_privilege,destructive,windows_native",rebuild_source/forms/all_window_specs/HRSEVLI001.rebuild.md,FMB/PLL/PKS/PKB/DDL/Forms Builder
HRSEVLI002.fmx,HR,357696,catalog_specification,FMB_PLL_not_found,37,10,1,108,"credentials,ddl_privilege,destructive,dynamic_sql,windows_native",rebuild_source/forms/all_window_specs/HRSEVLI002.rebuild.md,FMB/PLL/PKS/PKB/DDL/Forms Builder
HRSEVLR001.fmx,HR,266012,catalog_specification,FMB_PLL_not_found,22,3,1,85,"credentials,destructive",rebuild_source/forms/all_window_specs/HRSEVLR001.rebuild.md,FMB/PLL/PKS/PKB/DDL/Forms Builder
HRSEVLS001.fmx,HR,319136,catalog_specification,FMB_PLL_not_found,37,10,1,107,"credentials,ddl_privilege,destructive,windows_native",rebuild_source/forms/all_window_specs/HRSEVLS001.rebuild.md,FMB/PLL/PKS/PKB/DDL/Forms Builder
HRSEVLT001.fmx,HR,445216,catalog_specification,FMB_PLL_not_found,42,10,1,139,"credentials,ddl_privilege,destructive,windows_native",rebuild_source/forms/all_window_specs/HRSEVLT001.rebuild.md,FMB/PLL/PKS/PKB/DDL/Forms Builder
HRSI002.fmx,HR,293012,catalog_specification,FMB_PLL_not_found,35,8,1,86,"credentials,ddl_privilege,destructive,windows_native",rebuild_source/forms/all_window_specs/HRSI002.rebuild.md,FMB/PLL/PKS/PKB/DDL/Forms Builder
HRSI003.fmx,HR,293392,catalog_specification,FMB_PLL_not_found,36,8,1,89,"credentials,ddl_privilege,destructive,windows_native",rebuild_source/forms/all_window_specs/HRSI003.rebuild.md,FMB/PLL/PKS/PKB/DDL/Forms Builder
HRSI004.fmx,HR,321876,catalog_specification,FMB_PLL_not_found,43,8,1,114,"credentials,ddl_privilege,destructive,windows_native",rebuild_source/forms/all_window_specs/HRSI004.rebuild.md,FMB/PLL/PKS/PKB/DDL/Forms Builder
HRSI005.fmx,HR,325948,catalog_specification,FMB_PLL_not_found,36,10,1,95,"credentials,ddl_privilege,destructive,windows_native",rebuild_source/forms/all_window_specs/HRSI005.rebuild.md,FMB/PLL/PKS/PKB/DDL/Forms Builder
HRSI006.fmx,HR,409684,catalog_specification,FMB_PLL_not_found,44,10,1,104,"credentials,ddl_privilege,destructive,windows_native",rebuild_source/forms/all_window_specs/HRSI006.rebuild.md,FMB/PLL/PKS/PKB/DDL/Forms Builder
HRSI007.fmx,HR,363172,catalog_specification,FMB_PLL_not_found,42,8,1,119,"credentials,ddl_privilege,destructive,windows_native",rebuild_source/forms/all_window_specs/HRSI007.rebuild.md,FMB/PLL/PKS/PKB/DDL/Forms Builder
HRSI012.fmx,HR,426524,catalog_specification,FMB_PLL_not_found,49,10,2,136,"credentials,ddl_privilege,destructive,windows_native",rebuild_source/forms/all_window_specs/HRSI012.rebuild.md,FMB/PLL/PKS/PKB/DDL/Forms Builder
HRSIMPXLS_ARTCL.fmx,HR,188124,catalog_specification,FMB_PLL_not_found,36,8,2,74,"credentials,ddl_privilege,destructive,windows_native",rebuild_source/forms/all_window_specs/HRSIMPXLS_ARTCL.rebuild.md,FMB/PLL/PKS/PKB/DDL/Forms Builder
HRSIRCS001.fmx,HR,330656,catalog_specification,FMB_PLL_not_found,37,10,1,100,"credentials,ddl_privilege,destructive,windows_native",rebuild_source/forms/all_window_specs/HRSIRCS001.rebuild.md,FMB/PLL/PKS/PKB/DDL/Forms Builder
HRSIRCS002.fmx,HR,323944,catalog_specification,FMB_PLL_not_found,35,10,1,94,"credentials,ddl_privilege,destructive,windows_native",rebuild_source/forms/all_window_specs/HRSIRCS002.rebuild.md,FMB/PLL/PKS/PKB/DDL/Forms Builder
HRSIRCT007.fmx,HR,320344,catalog_specification,FMB_PLL_not_found,36,8,1,111,"credentials,ddl_privilege,destructive,windows_native",rebuild_source/forms/all_window_specs/HRSIRCT007.rebuild.md,FMB/PLL/PKS/PKB/DDL/Forms Builder
HRSMDCI001.fmx,HR,301256,catalog_specification,FMB_PLL_not_found,36,8,1,87,"credentials,ddl_privilege,destructive,windows_native",rebuild_source/forms/all_window_specs/HRSMDCI001.rebuild.md,FMB/PLL/PKS/PKB/DDL/Forms Builder
HRSMDCR001.fmx,HR,363916,catalog_specification,FMB_PLL_not_found,24,4,2,100,"credentials,destructive,dynamic_sql,windows_native",rebuild_source/forms/all_window_specs/HRSMDCR001.rebuild.md,FMB/PLL/PKS/PKB/DDL/Forms Builder
HRSMDCR002.fmx,HR,364656,catalog_specification,FMB_PLL_not_found,25,4,2,104,"credentials,destructive,dynamic_sql,windows_native",rebuild_source/forms/all_window_specs/HRSMDCR002.rebuild.md,FMB/PLL/PKS/PKB/DDL/Forms Builder
HRSMDCR003.fmx,HR,432576,catalog_specification,FMB_PLL_not_found,24,4,2,105,"credentials,destructive,dynamic_sql,windows_native",rebuild_source/forms/all_window_specs/HRSMDCR003.rebuild.md,FMB/PLL/PKS/PKB/DDL/Forms Builder
HRSMDCR004.fmx,HR,363916,catalog_specification,FMB_PLL_not_found,24,4,2,100,"credentials,destructive,dynamic_sql,windows_native",rebuild_source/forms/all_window_specs/HRSMDCR004.rebuild.md,FMB/PLL/PKS/PKB/DDL/Forms Builder
HRSMDCS001.fmx,HR,271536,catalog_specification,FMB_PLL_not_found,34,8,1,81,"credentials,ddl_privilege,destructive,windows_native",rebuild_source/forms/all_window_specs/HRSMDCS001.rebuild.md,FMB/PLL/PKS/PKB/DDL/Forms Builder
HRSMDCS002.fmx,HR,268788,catalog_specification,FMB_PLL_not_found,34,8,1,84,"credentials,ddl_privilege,destructive,windows_native",rebuild_source/forms/all_window_specs/HRSMDCS002.rebuild.md,FMB/PLL/PKS/PKB/DDL/Forms Builder
HRSMDCS003.fmx,HR,346688,catalog_specification,FMB_PLL_not_found,38,8,1,98,"credentials,ddl_privilege,destructive,windows_native",rebuild_source/forms/all_window_specs/HRSMDCS003.rebuild.md,FMB/PLL/PKS/PKB/DDL/Forms Builder
HRSMDCT001.fmx,HR,514776,catalog_specification,FMB_PLL_not_found,62,12,1,202,"credentials,destructive,windows_native",rebuild_source/forms/all_window_specs/HRSMDCT001.rebuild.md,FMB/PLL/PKS/PKB/DDL/Forms Builder
HRSPST001.fmx,HR,410888,catalog_specification,FMB_PLL_not_found,47,14,1,136,"credentials,destructive,windows_native",rebuild_source/forms/all_window_specs/HRSPST001.rebuild.md,FMB/PLL/PKS/PKB/DDL/Forms Builder
HRSR002.fmx,HR,287180,catalog_specification,FMB_PLL_not_found,26,3,1,103,"credentials,destructive",rebuild_source/forms/all_window_specs/HRSR002.rebuild.md,FMB/PLL/PKS/PKB/DDL/Forms Builder
HRSR003.fmx,HR,292792,catalog_specification,FMB_PLL_not_found,20,3,2,93,"credentials,destructive",rebuild_source/forms/all_window_specs/HRSR003.rebuild.md,FMB/PLL/PKS/PKB/DDL/Forms Builder
HRSR004.fmx,HR,367828,catalog_specification,FMB_PLL_not_found,26,4,1,105,"credentials,destructive,dynamic_sql",rebuild_source/forms/all_window_specs/HRSR004.rebuild.md,FMB/PLL/PKS/PKB/DDL/Forms Builder
HRSR005.fmx,HR,216744,catalog_specification,FMB_PLL_not_found,19,3,1,75,"credentials,destructive",rebuild_source/forms/all_window_specs/HRSR005.rebuild.md,FMB/PLL/PKS/PKB/DDL/Forms Builder
HRSR006.fmx,HR,217536,catalog_specification,FMB_PLL_not_found,19,3,1,82,"credentials,destructive",rebuild_source/forms/all_window_specs/HRSR006.rebuild.md,FMB/PLL/PKS/PKB/DDL/Forms Builder
HRSR007.fmx,HR,419452,catalog_specification,FMB_PLL_not_found,22,3,3,122,"credentials,destructive,windows_native",rebuild_source/forms/all_window_specs/HRSR007.rebuild.md,FMB/PLL/PKS/PKB/DDL/Forms Builder
HRSR008.fmx,HR,4096,catalog_specification,FMB_PLL_not_found,0,0,0,0,none,rebuild_source/forms/all_window_specs/HRSR008.rebuild.md,FMB/PLL/PKS/PKB/DDL/Forms Builder
HRSR009.fmx,HR,301736,catalog_specification,FMB_PLL_not_found,26,3,2,115,"credentials,destructive",rebuild_source/forms/all_window_specs/HRSR009.rebuild.md,FMB/PLL/PKS/PKB/DDL/Forms Builder
HRSR010.fmx,HR,253572,catalog_specification,FMB_PLL_not_found,22,3,2,89,"credentials,destructive",rebuild_source/forms/all_window_specs/HRSR010.rebuild.md,FMB/PLL/PKS/PKB/DDL/Forms Builder
HRSR011.fmx,HR,290276,catalog_specification,FMB_PLL_not_found,23,3,2,92,"credentials,destructive,windows_native",rebuild_source/forms/all_window_specs/HRSR011.rebuild.md,FMB/PLL/PKS/PKB/DDL/Forms Builder
HRSR012.fmx,HR,288220,catalog_specification,FMB_PLL_not_found,23,3,2,89,"credentials,destructive,windows_native",rebuild_source/forms/all_window_specs/HRSR012.rebuild.md,FMB/PLL/PKS/PKB/DDL/Forms Builder
HRSR013.fmx,HR,327816,catalog_specification,FMB_PLL_not_found,23,3,2,111,"credentials,destructive",rebuild_source/forms/all_window_specs/HRSR013.rebuild.md,FMB/PLL/PKS/PKB/DDL/Forms Builder
HRSR014.fmx,HR,364168,catalog_specification,FMB_PLL_not_found,23,3,1,114,"credentials,destructive",rebuild_source/forms/all_window_specs/HRSR014.rebuild.md,FMB/PLL/PKS/PKB/DDL/Forms Builder
HRSR014_NEW.fmx,HR,363504,catalog_specification,FMB_PLL_not_found,23,3,1,111,"credentials,destructive",rebuild_source/forms/all_window_specs/HRSR014_NEW.rebuild.md,FMB/PLL/PKS/PKB/DDL/Forms Builder
HRSR015.fmx,HR,251756,catalog_specification,FMB_PLL_not_found,22,3,2,88,"credentials,destructive,windows_native",rebuild_source/forms/all_window_specs/HRSR015.rebuild.md,FMB/PLL/PKS/PKB/DDL/Forms Builder
HRSR016.fmx,HR,252356,catalog_specification,FMB_PLL_not_found,20,3,1,83,"credentials,destructive,windows_native",rebuild_source/forms/all_window_specs/HRSR016.rebuild.md,FMB/PLL/PKS/PKB/DDL/Forms Builder
HRSR017.fmx,HR,271092,catalog_specification,FMB_PLL_not_found,20,3,1,83,"credentials,destructive,windows_native",rebuild_source/forms/all_window_specs/HRSR017.rebuild.md,FMB/PLL/PKS/PKB/DDL/Forms Builder
HRSR018.fmx,HR,261624,catalog_specification,FMB_PLL_not_found,20,3,1,80,"credentials,destructive,windows_native",rebuild_source/forms/all_window_specs/HRSR018.rebuild.md,FMB/PLL/PKS/PKB/DDL/Forms Builder
HRSR019.fmx,HR,390164,catalog_specification,FMB_PLL_not_found,25,4,2,110,"credentials,destructive,dynamic_sql,windows_native",rebuild_source/forms/all_window_specs/HRSR019.rebuild.md,FMB/PLL/PKS/PKB/DDL/Forms Builder
HRSR020.fmx,HR,409704,catalog_specification,FMB_PLL_not_found,24,6,1,102,"credentials,destructive,dynamic_sql",rebuild_source/forms/all_window_specs/HRSR020.rebuild.md,FMB/PLL/PKS/PKB/DDL/Forms Builder
HRSR021.fmx,HR,255316,catalog_specification,FMB_PLL_not_found,23,3,2,95,"credentials,destructive,windows_native",rebuild_source/forms/all_window_specs/HRSR021.rebuild.md,FMB/PLL/PKS/PKB/DDL/Forms Builder
HRSR022.fmx,HR,275844,catalog_specification,FMB_PLL_not_found,22,5,1,97,"credentials,destructive,windows_native",rebuild_source/forms/all_window_specs/HRSR022.rebuild.md,FMB/PLL/PKS/PKB/DDL/Forms Builder
HRSR023.fmx,HR,340344,catalog_specification,FMB_PLL_not_found,27,3,1,129,"credentials,destructive,dynamic_sql,windows_native",rebuild_source/forms/all_window_specs/HRSR023.rebuild.md,FMB/PLL/PKS/PKB/DDL/Forms Builder
HRSR024.fmx,HR,233528,catalog_specification,FMB_PLL_not_found,22,3,1,98,"credentials,destructive",rebuild_source/forms/all_window_specs/HRSR024.rebuild.md,FMB/PLL/PKS/PKB/DDL/Forms Builder
HRSR025.fmx,HR,296784,catalog_specification,FMB_PLL_not_found,22,3,1,99,"credentials,destructive",rebuild_source/forms/all_window_specs/HRSR025.rebuild.md,FMB/PLL/PKS/PKB/DDL/Forms Builder
HRSR026.fmx,HR,255144,catalog_specification,FMB_PLL_not_found,17,3,1,79,"credentials,destructive",rebuild_source/forms/all_window_specs/HRSR026.rebuild.md,FMB/PLL/PKS/PKB/DDL/Forms Builder
HRSR027.fmx,HR,214828,catalog_specification,FMB_PLL_not_found,19,3,1,66,"credentials,destructive,dynamic_sql,error_handling",rebuild_source/forms/all_window_specs/HRSR027.rebuild.md,FMB/PLL/PKS/PKB/DDL/Forms Builder
HRSR028.fmx,HR,131012,catalog_specification,FMB_PLL_not_found,17,3,1,57,"credentials,destructive",rebuild_source/forms/all_window_specs/HRSR028.rebuild.md,FMB/PLL/PKS/PKB/DDL/Forms Builder
HRSR029.fmx,HR,143640,catalog_specification,FMB_PLL_not_found,17,3,1,59,"credentials,destructive",rebuild_source/forms/all_window_specs/HRSR029.rebuild.md,FMB/PLL/PKS/PKB/DDL/Forms Builder
HRSR030.fmx,HR,147460,catalog_specification,FMB_PLL_not_found,17,3,1,60,"credentials,destructive",rebuild_source/forms/all_window_specs/HRSR030.rebuild.md,FMB/PLL/PKS/PKB/DDL/Forms Builder
HRSR031.fmx,HR,136536,catalog_specification,FMB_PLL_not_found,17,3,1,57,"credentials,destructive",rebuild_source/forms/all_window_specs/HRSR031.rebuild.md,FMB/PLL/PKS/PKB/DDL/Forms Builder
HRSR032.fmx,HR,359932,catalog_specification,FMB_PLL_not_found,23,3,2,97,"credentials,destructive,windows_native",rebuild_source/forms/all_window_specs/HRSR032.rebuild.md,FMB/PLL/PKS/PKB/DDL/Forms Builder
HRSR047.fmx,HR,354480,catalog_specification,FMB_PLL_not_found,23,3,2,98,"credentials,destructive,windows_native",rebuild_source/forms/all_window_specs/HRSR047.rebuild.md,FMB/PLL/PKS/PKB/DDL/Forms Builder
HRSR048.fmx,HR,357344,catalog_specification,FMB_PLL_not_found,23,4,1,92,"credentials,destructive,dynamic_sql",rebuild_source/forms/all_window_specs/HRSR048.rebuild.md,FMB/PLL/PKS/PKB/DDL/Forms Builder
HRSRCUI001.fmx,HR,357396,catalog_specification,FMB_PLL_not_found,38,10,1,109,"credentials,ddl_privilege,destructive,windows_native",rebuild_source/forms/all_window_specs/HRSRCUI001.rebuild.md,FMB/PLL/PKS/PKB/DDL/Forms Builder
HRSRCUI002.fmx,HR,326952,catalog_specification,FMB_PLL_not_found,37,8,1,93,"credentials,ddl_privilege,destructive,windows_native",rebuild_source/forms/all_window_specs/HRSRCUI002.rebuild.md,FMB/PLL/PKS/PKB/DDL/Forms Builder
HRSRCUI003.fmx,HR,271936,catalog_specification,FMB_PLL_not_found,35,8,1,90,"credentials,ddl_privilege,destructive,windows_native",rebuild_source/forms/all_window_specs/HRSRCUI003.rebuild.md,FMB/PLL/PKS/PKB/DDL/Forms Builder
HRSRCUR001.fmx,HR,242592,catalog_specification,FMB_PLL_not_found,20,3,2,80,"credentials,destructive",rebuild_source/forms/all_window_specs/HRSRCUR001.rebuild.md,FMB/PLL/PKS/PKB/DDL/Forms Builder
HRSRCUR002.fmx,HR,242592,catalog_specification,FMB_PLL_not_found,20,3,2,80,"credentials,destructive",rebuild_source/forms/all_window_specs/HRSRCUR002.rebuild.md,FMB/PLL/PKS/PKB/DDL/Forms Builder
HRSRCUR004.fmx,HR,252396,catalog_specification,FMB_PLL_not_found,20,3,2,78,"credentials,destructive",rebuild_source/forms/all_window_specs/HRSRCUR004.rebuild.md,FMB/PLL/PKS/PKB/DDL/Forms Builder
HRSRCUR005.fmx,HR,267276,catalog_specification,FMB_PLL_not_found,20,3,2,80,"credentials,destructive",rebuild_source/forms/all_window_specs/HRSRCUR005.rebuild.md,FMB/PLL/PKS/PKB/DDL/Forms Builder
HRSRCUR006.fmx,HR,267276,catalog_specification,FMB_PLL_not_found,20,3,2,80,"credentials,destructive",rebuild_source/forms/all_window_specs/HRSRCUR006.rebuild.md,FMB/PLL/PKS/PKB/DDL/Forms Builder
HRSRCUR007.fmx,HR,269412,catalog_specification,FMB_PLL_not_found,19,3,2,79,"credentials,destructive",rebuild_source/forms/all_window_specs/HRSRCUR007.rebuild.md,FMB/PLL/PKS/PKB/DDL/Forms Builder
HRSRCUS002.fmx,HR,266672,catalog_specification,FMB_PLL_not_found,34,8,1,82,"credentials,ddl_privilege,destructive,windows_native",rebuild_source/forms/all_window_specs/HRSRCUS002.rebuild.md,FMB/PLL/PKS/PKB/DDL/Forms Builder
HRSRCUS003.fmx,HR,326180,catalog_specification,FMB_PLL_not_found,35,10,1,98,"credentials,ddl_privilege,destructive,windows_native",rebuild_source/forms/all_window_specs/HRSRCUS003.rebuild.md,FMB/PLL/PKS/PKB/DDL/Forms Builder
HRSRCUS004.fmx,HR,545912,catalog_specification,FMB_PLL_not_found,37,10,1,126,"credentials,ddl_privilege,destructive,windows_native",rebuild_source/forms/all_window_specs/HRSRCUS004.rebuild.md,FMB/PLL/PKS/PKB/DDL/Forms Builder
HRSRCUT001.fmx,HR,304328,catalog_specification,FMB_PLL_not_found,38,8,1,105,"credentials,ddl_privilege,destructive,windows_native",rebuild_source/forms/all_window_specs/HRSRCUT001.rebuild.md,FMB/PLL/PKS/PKB/DDL/Forms Builder
HRSRCUT002.fmx,HR,292556,catalog_specification,FMB_PLL_not_found,35,8,1,96,"credentials,ddl_privilege,destructive,windows_native",rebuild_source/forms/all_window_specs/HRSRCUT002.rebuild.md,FMB/PLL/PKS/PKB/DDL/Forms Builder
HRSRCUT003.fmx,HR,200928,catalog_specification,FMB_PLL_not_found,35,8,1,65,"credentials,ddl_privilege,destructive,windows_native",rebuild_source/forms/all_window_specs/HRSRCUT003.rebuild.md,FMB/PLL/PKS/PKB/DDL/Forms Builder
HRSRCUT004.fmx,HR,404872,catalog_specification,FMB_PLL_not_found,37,8,1,113,"credentials,ddl_privilege,destructive,windows_native",rebuild_source/forms/all_window_specs/HRSRCUT004.rebuild.md,FMB/PLL/PKS/PKB/DDL/Forms Builder
HRSRCUT005.fmx,HR,329108,catalog_specification,FMB_PLL_not_found,36,8,1,96,"credentials,ddl_privilege,destructive,windows_native",rebuild_source/forms/all_window_specs/HRSRCUT005.rebuild.md,FMB/PLL/PKS/PKB/DDL/Forms Builder
HRSRCUT006.fmx,HR,336004,catalog_specification,FMB_PLL_not_found,37,8,1,96,"credentials,ddl_privilege,destructive,windows_native",rebuild_source/forms/all_window_specs/HRSRCUT006.rebuild.md,FMB/PLL/PKS/PKB/DDL/Forms Builder
HRSRCUT007.fmx,HR,314188,catalog_specification,FMB_PLL_not_found,36,8,1,97,"credentials,ddl_privilege,destructive,windows_native",rebuild_source/forms/all_window_specs/HRSRCUT007.rebuild.md,FMB/PLL/PKS/PKB/DDL/Forms Builder
HRSRCUT008.fmx,HR,376340,catalog_specification,FMB_PLL_not_found,39,10,1,110,"credentials,ddl_privilege,destructive,windows_native",rebuild_source/forms/all_window_specs/HRSRCUT008.rebuild.md,FMB/PLL/PKS/PKB/DDL/Forms Builder
HRSRCUT009.fmx,HR,356872,catalog_specification,FMB_PLL_not_found,40,8,1,104,"credentials,ddl_privilege,destructive,windows_native",rebuild_source/forms/all_window_specs/HRSRCUT009.rebuild.md,FMB/PLL/PKS/PKB/DDL/Forms Builder
HRSRCUT010.fmx,HR,351796,catalog_specification,FMB_PLL_not_found,39,8,1,104,"credentials,ddl_privilege,destructive,windows_native",rebuild_source/forms/all_window_specs/HRSRCUT010.rebuild.md,FMB/PLL/PKS/PKB/DDL/Forms Builder
HRSRCUT011.fmx,HR,407012,catalog_specification,FMB_PLL_not_found,41,8,1,126,"credentials,ddl_privilege,destructive,windows_native",rebuild_source/forms/all_window_specs/HRSRCUT011.rebuild.md,FMB/PLL/PKS/PKB/DDL/Forms Builder
HRSRCUT012.fmx,HR,468812,catalog_specification,FMB_PLL_not_found,49,8,1,169,"credentials,ddl_privilege,destructive,windows_native",rebuild_source/forms/all_window_specs/HRSRCUT012.rebuild.md,FMB/PLL/PKS/PKB/DDL/Forms Builder
HRSRCUT015.fmx,HR,370876,catalog_specification,FMB_PLL_not_found,46,8,1,149,"credentials,ddl_privilege,destructive,windows_native",rebuild_source/forms/all_window_specs/HRSRCUT015.rebuild.md,FMB/PLL/PKS/PKB/DDL/Forms Builder
HRSS001.fmx,HR,201364,catalog_specification,FMB_PLL_not_found,34,8,1,91,"credentials,ddl_privilege,destructive,windows_native",rebuild_source/forms/all_window_specs/HRSS001.rebuild.md,FMB/PLL/PKS/PKB/DDL/Forms Builder
HRSS002.fmx,HR,435184,catalog_specification,FMB_PLL_not_found,45,10,2,119,"credentials,ddl_privilege,destructive,windows_native",rebuild_source/forms/all_window_specs/HRSS002.rebuild.md,FMB/PLL/PKS/PKB/DDL/Forms Builder
HRSS004.fmx,HR,334928,catalog_specification,FMB_PLL_not_found,37,10,1,115,"credentials,ddl_privilege,destructive,windows_native",rebuild_source/forms/all_window_specs/HRSS004.rebuild.md,FMB/PLL/PKS/PKB/DDL/Forms Builder
HRSS005.fmx,HR,416156,catalog_specification,FMB_PLL_not_found,41,10,1,103,"credentials,ddl_privilege,destructive,windows_native",rebuild_source/forms/all_window_specs/HRSS005.rebuild.md,FMB/PLL/PKS/PKB/DDL/Forms Builder
HRSS006.fmx,HR,732936,catalog_specification,FMB_PLL_not_found,46,12,2,215,"credentials,ddl_privilege,destructive,windows_native",rebuild_source/forms/all_window_specs/HRSS006.rebuild.md,FMB/PLL/PKS/PKB/DDL/Forms Builder
HRSS007.fmx,HR,340308,catalog_specification,FMB_PLL_not_found,36,10,1,105,"credentials,ddl_privilege,destructive,windows_native",rebuild_source/forms/all_window_specs/HRSS007.rebuild.md,FMB/PLL/PKS/PKB/DDL/Forms Builder
HRSS008.fmx,HR,304368,catalog_specification,FMB_PLL_not_found,35,10,1,91,"credentials,ddl_privilege,destructive,windows_native",rebuild_source/forms/all_window_specs/HRSS008.rebuild.md,FMB/PLL/PKS/PKB/DDL/Forms Builder
HRSS009.fmx,HR,344820,catalog_specification,FMB_PLL_not_found,35,10,1,111,"credentials,ddl_privilege,destructive,windows_native",rebuild_source/forms/all_window_specs/HRSS009.rebuild.md,FMB/PLL/PKS/PKB/DDL/Forms Builder
HRSS010.fmx,HR,284204,catalog_specification,FMB_PLL_not_found,37,10,1,105,"credentials,ddl_privilege,destructive,windows_native",rebuild_source/forms/all_window_specs/HRSS010.rebuild.md,FMB/PLL/PKS/PKB/DDL/Forms Builder
HRSS015.fmx,HR,535344,catalog_specification,FMB_PLL_not_found,38,10,1,124,"credentials,ddl_privilege,destructive,dynamic_sql,windows_native",rebuild_source/forms/all_window_specs/HRSS015.rebuild.md,FMB/PLL/PKS/PKB/DDL/Forms Builder
HRSS016.fmx,HR,157092,catalog_specification,FMB_PLL_not_found,32,10,2,49,"credentials,ddl_privilege,destructive,windows_native",rebuild_source/forms/all_window_specs/HRSS016.rebuild.md,FMB/PLL/PKS/PKB/DDL/Forms Builder
HRSS017.fmx,HR,344880,catalog_specification,FMB_PLL_not_found,35,10,1,100,"credentials,ddl_privilege,destructive,windows_native",rebuild_source/forms/all_window_specs/HRSS017.rebuild.md,FMB/PLL/PKS/PKB/DDL/Forms Builder
HRSS018.fmx,HR,419864,catalog_specification,FMB_PLL_not_found,37,10,1,98,"credentials,ddl_privilege,destructive,dynamic_sql,windows_native",rebuild_source/forms/all_window_specs/HRSS018.rebuild.md,FMB/PLL/PKS/PKB/DDL/Forms Builder
HRSS019.fmx,HR,352400,catalog_specification,FMB_PLL_not_found,38,10,1,113,"credentials,ddl_privilege,destructive,windows_native",rebuild_source/forms/all_window_specs/HRSS019.rebuild.md,FMB/PLL/PKS/PKB/DDL/Forms Builder
HRSS021.fmx,HR,433496,catalog_specification,FMB_PLL_not_found,37,10,1,100,"credentials,ddl_privilege,destructive,dynamic_sql,windows_native",rebuild_source/forms/all_window_specs/HRSS021.rebuild.md,FMB/PLL/PKS/PKB/DDL/Forms Builder
HRSS030.fmx,HR,350740,catalog_specification,FMB_PLL_not_found,37,8,1,118,"credentials,ddl_privilege,destructive,windows_native",rebuild_source/forms/all_window_specs/HRSS030.rebuild.md,FMB/PLL/PKS/PKB/DDL/Forms Builder
HRSS031.fmx,HR,390384,catalog_specification,FMB_PLL_not_found,36,9,1,132,"credentials,ddl_privilege,destructive,windows_native",rebuild_source/forms/all_window_specs/HRSS031.rebuild.md,FMB/PLL/PKS/PKB/DDL/Forms Builder
HRSS032.fmx,HR,278280,catalog_specification,FMB_PLL_not_found,34,8,1,95,"credentials,ddl_privilege,destructive,windows_native",rebuild_source/forms/all_window_specs/HRSS032.rebuild.md,FMB/PLL/PKS/PKB/DDL/Forms Builder
HRSSTPS001.fmx,HR,159772,catalog_specification,FMB_PLL_not_found,34,8,1,59,"credentials,ddl_privilege,destructive,windows_native",rebuild_source/forms/all_window_specs/HRSSTPS001.rebuild.md,FMB/PLL/PKS/PKB/DDL/Forms Builder
HRSSTPS002.fmx,HR,322380,catalog_specification,FMB_PLL_not_found,36,10,1,102,"credentials,ddl_privilege,destructive,windows_native",rebuild_source/forms/all_window_specs/HRSSTPS002.rebuild.md,FMB/PLL/PKS/PKB/DDL/Forms Builder
HRST001.fmx,HR,640204,catalog_specification,FMB_PLL_not_found,56,10,4,211,"credentials,ddl_privilege,destructive,windows_native",rebuild_source/forms/all_window_specs/HRST001.rebuild.md,FMB/PLL/PKS/PKB/DDL/Forms Builder
HRST001_B.fmx,HR,621800,catalog_specification,FMB_PLL_not_found,56,10,4,209,"credentials,ddl_privilege,destructive,windows_native",rebuild_source/forms/all_window_specs/HRST001_B.rebuild.md,FMB/PLL/PKS/PKB/DDL/Forms Builder
HRST002.fmx,HR,607304,catalog_specification,FMB_PLL_not_found,56,10,2,215,"credentials,ddl_privilege,destructive,windows_native",rebuild_source/forms/all_window_specs/HRST002.rebuild.md,FMB/PLL/PKS/PKB/DDL/Forms Builder
HRST002S.fmx,HR,587456,catalog_specification,FMB_PLL_not_found,54,10,2,204,"credentials,ddl_privilege,destructive,windows_native",rebuild_source/forms/all_window_specs/HRST002S.rebuild.md,FMB/PLL/PKS/PKB/DDL/Forms Builder
HRST002S2.fmx,HR,589804,catalog_specification,FMB_PLL_not_found,54,10,2,207,"credentials,ddl_privilege,destructive,windows_native",rebuild_source/forms/all_window_specs/HRST002S2.rebuild.md,FMB/PLL/PKS/PKB/DDL/Forms Builder
HRST002SS.fmx,HR,586420,catalog_specification,FMB_PLL_not_found,54,10,2,204,"credentials,ddl_privilege,destructive,windows_native",rebuild_source/forms/all_window_specs/HRST002SS.rebuild.md,FMB/PLL/PKS/PKB/DDL/Forms Builder
HRST003.fmx,HR,494648,catalog_specification,FMB_PLL_not_found,52,10,2,181,"credentials,ddl_privilege,destructive,windows_native",rebuild_source/forms/all_window_specs/HRST003.rebuild.md,FMB/PLL/PKS/PKB/DDL/Forms Builder
HRST005.fmx,HR,423568,catalog_specification,FMB_PLL_not_found,46,11,1,159,"credentials,destructive,windows_native",rebuild_source/forms/all_window_specs/HRST005.rebuild.md,FMB/PLL/PKS/PKB/DDL/Forms Builder
HRST006.fmx,HR,157068,catalog_specification,FMB_PLL_not_found,32,10,2,49,"credentials,ddl_privilege,destructive,windows_native",rebuild_source/forms/all_window_specs/HRST006.rebuild.md,FMB/PLL/PKS/PKB/DDL/Forms Builder
HRST007.fmx,HR,413892,catalog_specification,FMB_PLL_not_found,47,10,1,148,"credentials,ddl_privilege,destructive,windows_native",rebuild_source/forms/all_window_specs/HRST007.rebuild.md,FMB/PLL/PKS/PKB/DDL/Forms Builder
HRST008.fmx,HR,487360,catalog_specification,FMB_PLL_not_found,52,8,1,152,"credentials,ddl_privilege,destructive,windows_native",rebuild_source/forms/all_window_specs/HRST008.rebuild.md,FMB/PLL/PKS/PKB/DDL/Forms Builder
HRST009.fmx,HR,472220,catalog_specification,FMB_PLL_not_found,49,10,1,141,"credentials,ddl_privilege,destructive,windows_native",rebuild_source/forms/all_window_specs/HRST009.rebuild.md,FMB/PLL/PKS/PKB/DDL/Forms Builder
HRST00S2.fmx,HR,585944,catalog_specification,FMB_PLL_not_found,54,10,2,204,"credentials,ddl_privilege,destructive,windows_native",rebuild_source/forms/all_window_specs/HRST00S2.rebuild.md,FMB/PLL/PKS/PKB/DDL/Forms Builder
HRST010.fmx,HR,523716,catalog_specification,FMB_PLL_not_found,52,8,1,158,"credentials,ddl_privilege,destructive,windows_native",rebuild_source/forms/all_window_specs/HRST010.rebuild.md,FMB/PLL/PKS/PKB/DDL/Forms Builder
HRST010_NEW.fmx,HR,456720,catalog_specification,FMB_PLL_not_found,48,8,1,142,"credentials,ddl_privilege,destructive,windows_native",rebuild_source/forms/all_window_specs/HRST010_NEW.rebuild.md,FMB/PLL/PKS/PKB/DDL/Forms Builder
HRST011.fmx,HR,636104,catalog_specification,FMB_PLL_not_found,64,10,1,210,"credentials,ddl_privilege,destructive,windows_native",rebuild_source/forms/all_window_specs/HRST011.rebuild.md,FMB/PLL/PKS/PKB/DDL/Forms Builder
HRST012.fmx,HR,718296,catalog_specification,FMB_PLL_not_found,62,10,2,218,"credentials,ddl_privilege,destructive,windows_native",rebuild_source/forms/all_window_specs/HRST012.rebuild.md,FMB/PLL/PKS/PKB/DDL/Forms Builder
HRST013.fmx,HR,433352,catalog_specification,FMB_PLL_not_found,54,8,1,157,"credentials,ddl_privilege,destructive,windows_native",rebuild_source/forms/all_window_specs/HRST013.rebuild.md,FMB/PLL/PKS/PKB/DDL/Forms Builder
HRST014.fmx,HR,426876,catalog_specification,FMB_PLL_not_found,51,10,1,153,"credentials,ddl_privilege,destructive,windows_native",rebuild_source/forms/all_window_specs/HRST014.rebuild.md,FMB/PLL/PKS/PKB/DDL/Forms Builder
HRST015.fmx,HR,477892,catalog_specification,FMB_PLL_not_found,52,8,1,183,"credentials,destructive,windows_native",rebuild_source/forms/all_window_specs/HRST015.rebuild.md,FMB/PLL/PKS/PKB/DDL/Forms Builder
HRST016.fmx,HR,347348,catalog_specification,FMB_PLL_not_found,41,10,1,132,"credentials,ddl_privilege,destructive,windows_native",rebuild_source/forms/all_window_specs/HRST016.rebuild.md,FMB/PLL/PKS/PKB/DDL/Forms Builder
HRST017.fmx,HR,403032,catalog_specification,FMB_PLL_not_found,49,10,1,152,"credentials,ddl_privilege,destructive,windows_native",rebuild_source/forms/all_window_specs/HRST017.rebuild.md,FMB/PLL/PKS/PKB/DDL/Forms Builder
HRST018.fmx,HR,498516,catalog_specification,FMB_PLL_not_found,52,10,1,183,"credentials,destructive,windows_native",rebuild_source/forms/all_window_specs/HRST018.rebuild.md,FMB/PLL/PKS/PKB/DDL/Forms Builder
HRST019.fmx,HR,513532,catalog_specification,FMB_PLL_not_found,43,11,1,149,"credentials,ddl_privilege,destructive,dynamic_sql,windows_native",rebuild_source/forms/all_window_specs/HRST019.rebuild.md,FMB/PLL/PKS/PKB/DDL/Forms Builder
HRST025.fmx,HR,378824,catalog_specification,FMB_PLL_not_found,46,10,1,148,"credentials,ddl_privilege,destructive,windows_native",rebuild_source/forms/all_window_specs/HRST025.rebuild.md,FMB/PLL/PKS/PKB/DDL/Forms Builder
HRST026.fmx,HR,591952,catalog_specification,FMB_PLL_not_found,60,10,1,216,"credentials,ddl_privilege,destructive,windows_native",rebuild_source/forms/all_window_specs/HRST026.rebuild.md,FMB/PLL/PKS/PKB/DDL/Forms Builder
HRST027.fmx,HR,632492,catalog_specification,FMB_PLL_not_found,64,10,3,207,"credentials,ddl_privilege,destructive,windows_native",rebuild_source/forms/all_window_specs/HRST027.rebuild.md,FMB/PLL/PKS/PKB/DDL/Forms Builder
HRST028.fmx,HR,412552,catalog_specification,FMB_PLL_not_found,53,10,1,159,"credentials,ddl_privilege,destructive,windows_native",rebuild_source/forms/all_window_specs/HRST028.rebuild.md,FMB/PLL/PKS/PKB/DDL/Forms Builder
HRST029.fmx,HR,449696,catalog_specification,FMB_PLL_not_found,47,10,1,160,"credentials,ddl_privilege,destructive,windows_native",rebuild_source/forms/all_window_specs/HRST029.rebuild.md,FMB/PLL/PKS/PKB/DDL/Forms Builder
HRST031.fmx,HR,503584,catalog_specification,FMB_PLL_not_found,49,8,1,139,"credentials,ddl_privilege,destructive,windows_native",rebuild_source/forms/all_window_specs/HRST031.rebuild.md,FMB/PLL/PKS/PKB/DDL/Forms Builder
HRST032.fmx,HR,495612,catalog_specification,FMB_PLL_not_found,51,10,1,154,"credentials,ddl_privilege,destructive,windows_native",rebuild_source/forms/all_window_specs/HRST032.rebuild.md,FMB/PLL/PKS/PKB/DDL/Forms Builder
HRST034.fmx,HR,498096,catalog_specification,FMB_PLL_not_found,51,10,1,150,"credentials,ddl_privilege,destructive,windows_native",rebuild_source/forms/all_window_specs/HRST034.rebuild.md,FMB/PLL/PKS/PKB/DDL/Forms Builder
HRST040.fmx,HR,450200,catalog_specification,FMB_PLL_not_found,58,9,2,168,"credentials,ddl_privilege,destructive,windows_native",rebuild_source/forms/all_window_specs/HRST040.rebuild.md,FMB/PLL/PKS/PKB/DDL/Forms Builder
HRST045.fmx,HR,496152,catalog_specification,FMB_PLL_not_found,51,10,2,199,"credentials,ddl_privilege,destructive,windows_native",rebuild_source/forms/all_window_specs/HRST045.rebuild.md,FMB/PLL/PKS/PKB/DDL/Forms Builder
HRST046.fmx,HR,762292,catalog_specification,FMB_PLL_not_found,64,12,2,247,"credentials,destructive,windows_native",rebuild_source/forms/all_window_specs/HRST046.rebuild.md,FMB/PLL/PKS/PKB/DDL/Forms Builder
HRST046_NEW.fmx,HR,722068,catalog_specification,FMB_PLL_not_found,61,12,2,229,"credentials,destructive,windows_native",rebuild_source/forms/all_window_specs/HRST046_NEW.rebuild.md,FMB/PLL/PKS/PKB/DDL/Forms Builder
HRST047.fmx,HR,473800,catalog_specification,FMB_PLL_not_found,52,12,2,175,"credentials,ddl_privilege,destructive,windows_native",rebuild_source/forms/all_window_specs/HRST047.rebuild.md,FMB/PLL/PKS/PKB/DDL/Forms Builder
HRST048.fmx,HR,358996,catalog_specification,FMB_PLL_not_found,44,10,1,136,"credentials,ddl_privilege,destructive,windows_native",rebuild_source/forms/all_window_specs/HRST048.rebuild.md,FMB/PLL/PKS/PKB/DDL/Forms Builder
HRST049.fmx,HR,420616,catalog_specification,FMB_PLL_not_found,45,9,1,125,"credentials,ddl_privilege,destructive,dynamic_sql,windows_native",rebuild_source/forms/all_window_specs/HRST049.rebuild.md,FMB/PLL/PKS/PKB/DDL/Forms Builder
HRST050.fmx,HR,464428,catalog_specification,FMB_PLL_not_found,48,10,1,186,"credentials,ddl_privilege,destructive,windows_native",rebuild_source/forms/all_window_specs/HRST050.rebuild.md,FMB/PLL/PKS/PKB/DDL/Forms Builder
HRST051.fmx,HR,356060,catalog_specification,FMB_PLL_not_found,39,8,1,106,"credentials,ddl_privilege,destructive,windows_native",rebuild_source/forms/all_window_specs/HRST051.rebuild.md,FMB/PLL/PKS/PKB/DDL/Forms Builder
HRST052.fmx,HR,513372,catalog_specification,FMB_PLL_not_found,50,10,1,170,"credentials,ddl_privilege,destructive,windows_native",rebuild_source/forms/all_window_specs/HRST052.rebuild.md,FMB/PLL/PKS/PKB/DDL/Forms Builder
HRST053.fmx,HR,504016,catalog_specification,FMB_PLL_not_found,49,10,1,164,"credentials,ddl_privilege,destructive,windows_native",rebuild_source/forms/all_window_specs/HRST053.rebuild.md,FMB/PLL/PKS/PKB/DDL/Forms Builder
HRST054.fmx,HR,272956,catalog_specification,FMB_PLL_not_found,35,8,1,102,"credentials,ddl_privilege,destructive,windows_native",rebuild_source/forms/all_window_specs/HRST054.rebuild.md,FMB/PLL/PKS/PKB/DDL/Forms Builder
HRST055.fmx,HR,326680,catalog_specification,FMB_PLL_not_found,44,10,1,138,"credentials,ddl_privilege,destructive,windows_native",rebuild_source/forms/all_window_specs/HRST055.rebuild.md,FMB/PLL/PKS/PKB/DDL/Forms Builder
HRST060.fmx,HR,404916,catalog_specification,FMB_PLL_not_found,39,10,1,114,"credentials,ddl_privilege,destructive,dynamic_sql,windows_native",rebuild_source/forms/all_window_specs/HRST060.rebuild.md,FMB/PLL/PKS/PKB/DDL/Forms Builder
HRSTDD012.fmx,HR,691020,catalog_specification,FMB_PLL_not_found,61,10,2,214,"credentials,ddl_privilege,destructive,windows_native",rebuild_source/forms/all_window_specs/HRSTDD012.rebuild.md,FMB/PLL/PKS/PKB/DDL/Forms Builder
HRSTRNI003.fmx,HR,318348,catalog_specification,FMB_PLL_not_found,35,8,1,93,"credentials,ddl_privilege,destructive,windows_native",rebuild_source/forms/all_window_specs/HRSTRNI003.rebuild.md,FMB/PLL/PKS/PKB/DDL/Forms Builder
HRSTRNI005.fmx,HR,268244,catalog_specification,FMB_PLL_not_found,35,8,1,80,"credentials,ddl_privilege,destructive,windows_native",rebuild_source/forms/all_window_specs/HRSTRNI005.rebuild.md,FMB/PLL/PKS/PKB/DDL/Forms Builder
HRSTRNI007.fmx,HR,272688,catalog_specification,FMB_PLL_not_found,36,8,1,83,"credentials,ddl_privilege,destructive,windows_native",rebuild_source/forms/all_window_specs/HRSTRNI007.rebuild.md,FMB/PLL/PKS/PKB/DDL/Forms Builder
HRSTRNI009.fmx,HR,289596,catalog_specification,FMB_PLL_not_found,34,8,1,82,"credentials,ddl_privilege,destructive,windows_native",rebuild_source/forms/all_window_specs/HRSTRNI009.rebuild.md,FMB/PLL/PKS/PKB/DDL/Forms Builder
HRSTRNI011.fmx,HR,327792,catalog_specification,FMB_PLL_not_found,39,8,1,98,"credentials,ddl_privilege,destructive,windows_native",rebuild_source/forms/all_window_specs/HRSTRNI011.rebuild.md,FMB/PLL/PKS/PKB/DDL/Forms Builder
HRSTRNR005.fmx,HR,250704,catalog_specification,FMB_PLL_not_found,20,3,1,81,"credentials,destructive,windows_native",rebuild_source/forms/all_window_specs/HRSTRNR005.rebuild.md,FMB/PLL/PKS/PKB/DDL/Forms Builder
HRSTRNR010.fmx,HR,281768,catalog_specification,FMB_PLL_not_found,21,3,2,92,"credentials,destructive,windows_native",rebuild_source/forms/all_window_specs/HRSTRNR010.rebuild.md,FMB/PLL/PKS/PKB/DDL/Forms Builder
HRSTRNT003.fmx,HR,345428,catalog_specification,FMB_PLL_not_found,42,8,1,126,"credentials,ddl_privilege,destructive,windows_native",rebuild_source/forms/all_window_specs/HRSTRNT003.rebuild.md,FMB/PLL/PKS/PKB/DDL/Forms Builder
HRSTRNT005.fmx,HR,434208,catalog_specification,FMB_PLL_not_found,41,8,1,139,"credentials,ddl_privilege,destructive,windows_native",rebuild_source/forms/all_window_specs/HRSTRNT005.rebuild.md,FMB/PLL/PKS/PKB/DDL/Forms Builder
HRSTRNT006.fmx,HR,355160,catalog_specification,FMB_PLL_not_found,41,8,1,113,"credentials,ddl_privilege,destructive,windows_native",rebuild_source/forms/all_window_specs/HRSTRNT006.rebuild.md,FMB/PLL/PKS/PKB/DDL/Forms Builder
HRSTRNT008.fmx,HR,361844,catalog_specification,FMB_PLL_not_found,41,8,1,111,"credentials,ddl_privilege,destructive,windows_native",rebuild_source/forms/all_window_specs/HRSTRNT008.rebuild.md,FMB/PLL/PKS/PKB/DDL/Forms Builder
HRSTRNT010.fmx,HR,367580,catalog_specification,FMB_PLL_not_found,41,8,1,109,"credentials,ddl_privilege,destructive,windows_native",rebuild_source/forms/all_window_specs/HRSTRNT010.rebuild.md,FMB/PLL/PKS/PKB/DDL/Forms Builder
HRSTRVLR001.fmx,HR,279240,catalog_specification,FMB_PLL_not_found,22,3,1,81,"credentials,destructive",rebuild_source/forms/all_window_specs/HRSTRVLR001.rebuild.md,FMB/PLL/PKS/PKB/DDL/Forms Builder
HRSTRVLR002.fmx,HR,287128,catalog_specification,FMB_PLL_not_found,24,3,1,88,"credentials,destructive",rebuild_source/forms/all_window_specs/HRSTRVLR002.rebuild.md,FMB/PLL/PKS/PKB/DDL/Forms Builder
HRSTRVLS001.fmx,HR,434196,catalog_specification,FMB_PLL_not_found,38,10,1,116,"credentials,ddl_privilege,destructive,dynamic_sql,windows_native",rebuild_source/forms/all_window_specs/HRSTRVLS001.rebuild.md,FMB/PLL/PKS/PKB/DDL/Forms Builder
HRSTRVLS002.fmx,HR,297924,catalog_specification,FMB_PLL_not_found,37,10,1,94,"credentials,ddl_privilege,destructive,windows_native",rebuild_source/forms/all_window_specs/HRSTRVLS002.rebuild.md,FMB/PLL/PKS/PKB/DDL/Forms Builder
HRSTRVLS003.fmx,HR,305620,catalog_specification,FMB_PLL_not_found,36,10,1,91,"credentials,ddl_privilege,destructive,windows_native",rebuild_source/forms/all_window_specs/HRSTRVLS003.rebuild.md,FMB/PLL/PKS/PKB/DDL/Forms Builder
HRSTRVLT001.fmx,HR,420820,catalog_specification,FMB_PLL_not_found,49,10,1,149,"credentials,ddl_privilege,destructive,windows_native",rebuild_source/forms/all_window_specs/HRSTRVLT001.rebuild.md,FMB/PLL/PKS/PKB/DDL/Forms Builder
HRSTRVLT002.fmx,HR,470396,catalog_specification,FMB_PLL_not_found,42,10,1,144,"credentials,ddl_privilege,destructive,windows_native,network",rebuild_source/forms/all_window_specs/HRSTRVLT002.rebuild.md,FMB/PLL/PKS/PKB/DDL/Forms Builder
HRSTRVLT002_OLD.fmx,HR,470248,catalog_specification,FMB_PLL_not_found,42,10,1,144,"credentials,ddl_privilege,destructive,windows_native,network",rebuild_source/forms/all_window_specs/HRSTRVLT002_OLD.rebuild.md,FMB/PLL/PKS/PKB/DDL/Forms Builder
HRSTS002.fmx,HR,585788,catalog_specification,FMB_PLL_not_found,54,10,2,204,"credentials,ddl_privilege,destructive,windows_native",rebuild_source/forms/all_window_specs/HRSTS002.rebuild.md,FMB/PLL/PKS/PKB/DDL/Forms Builder
HRSTS008.fmx,HR,456340,catalog_specification,FMB_PLL_not_found,48,8,1,139,"credentials,ddl_privilege,destructive,windows_native",rebuild_source/forms/all_window_specs/HRSTS008.rebuild.md,FMB/PLL/PKS/PKB/DDL/Forms Builder
HRST_010.fmx,HR,508704,catalog_specification,FMB_PLL_not_found,50,8,1,150,"credentials,ddl_privilege,destructive,windows_native",rebuild_source/forms/all_window_specs/HRST_010.rebuild.md,FMB/PLL/PKS/PKB/DDL/Forms Builder
HRSVLNR001.fmx,HR,260444,catalog_specification,FMB_PLL_not_found,23,3,1,95,"credentials,destructive",rebuild_source/forms/all_window_specs/HRSVLNR001.rebuild.md,FMB/PLL/PKS/PKB/DDL/Forms Builder
HRSVLNR002.fmx,HR,227324,catalog_specification,FMB_PLL_not_found,22,3,1,76,"credentials,destructive",rebuild_source/forms/all_window_specs/HRSVLNR002.rebuild.md,FMB/PLL/PKS/PKB/DDL/Forms Builder
HRSVLNS001.fmx,HR,298064,catalog_specification,FMB_PLL_not_found,35,10,1,90,"credentials,ddl_privilege,destructive,windows_native",rebuild_source/forms/all_window_specs/HRSVLNS001.rebuild.md,FMB/PLL/PKS/PKB/DDL/Forms Builder
HRSVLNS002.fmx,HR,317348,catalog_specification,FMB_PLL_not_found,36,10,1,111,"credentials,ddl_privilege,destructive,windows_native",rebuild_source/forms/all_window_specs/HRSVLNS002.rebuild.md,FMB/PLL/PKS/PKB/DDL/Forms Builder
HRSVLNS003.fmx,HR,343796,catalog_specification,FMB_PLL_not_found,37,10,1,110,"credentials,ddl_privilege,destructive,windows_native",rebuild_source/forms/all_window_specs/HRSVLNS003.rebuild.md,FMB/PLL/PKS/PKB/DDL/Forms Builder
HRSVLNT001.fmx,HR,464804,catalog_specification,FMB_PLL_not_found,48,10,1,148,"credentials,ddl_privilege,destructive,windows_native",rebuild_source/forms/all_window_specs/HRSVLNT001.rebuild.md,FMB/PLL/PKS/PKB/DDL/Forms Builder
HRSVLNT002.fmx,HR,379540,catalog_specification,FMB_PLL_not_found,42,10,1,138,"credentials,ddl_privilege,destructive,windows_native",rebuild_source/forms/all_window_specs/HRSVLNT002.rebuild.md,FMB/PLL/PKS/PKB/DDL/Forms Builder
HRSVSAR001.fmx,HR,338536,catalog_specification,FMB_PLL_not_found,20,4,1,82,"credentials,destructive,dynamic_sql",rebuild_source/forms/all_window_specs/HRSVSAR001.rebuild.md,FMB/PLL/PKS/PKB/DDL/Forms Builder
HRSVSAR002.fmx,HR,254616,catalog_specification,FMB_PLL_not_found,21,3,1,82,"credentials,destructive",rebuild_source/forms/all_window_specs/HRSVSAR002.rebuild.md,FMB/PLL/PKS/PKB/DDL/Forms Builder
HRSVSAS001.fmx,HR,387544,catalog_specification,FMB_PLL_not_found,36,11,1,94,"credentials,ddl_privilege,destructive,dynamic_sql,windows_native",rebuild_source/forms/all_window_specs/HRSVSAS001.rebuild.md,FMB/PLL/PKS/PKB/DDL/Forms Builder
HRSVSAS002.fmx,HR,387132,catalog_specification,FMB_PLL_not_found,37,11,1,93,"credentials,ddl_privilege,destructive,dynamic_sql,windows_native",rebuild_source/forms/all_window_specs/HRSVSAS002.rebuild.md,FMB/PLL/PKS/PKB/DDL/Forms Builder
HRSVSAT001.fmx,HR,441260,catalog_specification,FMB_PLL_not_found,41,11,1,119,"credentials,ddl_privilege,destructive,dynamic_sql,windows_native",rebuild_source/forms/all_window_specs/HRSVSAT001.rebuild.md,FMB/PLL/PKS/PKB/DDL/Forms Builder
HRSVSAT002.fmx,HR,485480,catalog_specification,FMB_PLL_not_found,45,11,1,132,"credentials,ddl_privilege,destructive,dynamic_sql,windows_native",rebuild_source/forms/all_window_specs/HRSVSAT002.rebuild.md,FMB/PLL/PKS/PKB/DDL/Forms Builder
HRSVSAT003.fmx,HR,487516,catalog_specification,FMB_PLL_not_found,43,11,1,127,"credentials,ddl_privilege,destructive,dynamic_sql,windows_native",rebuild_source/forms/all_window_specs/HRSVSAT003.rebuild.md,FMB/PLL/PKS/PKB/DDL/Forms Builder
HRS_IMPXLS_LOAN.fmx,HR,180684,catalog_specification,FMB_PLL_not_found,36,8,2,72,"credentials,ddl_privilege,destructive,windows_native",rebuild_source/forms/all_window_specs/HRS_IMPXLS_LOAN.rebuild.md,FMB/PLL/PKS/PKB/DDL/Forms Builder
HRS_RPRT_EMP.fmx,HR,464420,catalog_specification,FMB_PLL_not_found,35,8,1,150,"credentials,ddl_privilege,destructive,windows_native",rebuild_source/forms/all_window_specs/HRS_RPRT_EMP.rebuild.md,FMB/PLL/PKS/PKB/DDL/Forms Builder
IASAPT004.fmx,other,981800,catalog_specification,FMB_PLL_not_found,37,1,3,284,"ddl_privilege,destructive,dynamic_sql,windows_native",rebuild_source/forms/all_window_specs/IASAPT004.rebuild.md,FMB/PLL/PKS/PKB/DDL/Forms Builder
IBSI001.fmx,other-finance/operations,348852,catalog_specification,FMB_PLL_not_found,35,8,1,96,"credentials,ddl_privilege,destructive,windows_native",rebuild_source/forms/all_window_specs/IBSI001.rebuild.md,FMB/PLL/PKS/PKB/DDL/Forms Builder
IBSI002.fmx,other-finance/operations,220708,catalog_specification,FMB_PLL_not_found,34,8,1,71,"credentials,ddl_privilege,destructive,windows_native",rebuild_source/forms/all_window_specs/IBSI002.rebuild.md,FMB/PLL/PKS/PKB/DDL/Forms Builder
IBSI003.fmx,other-finance/operations,307100,catalog_specification,FMB_PLL_not_found,35,8,1,87,"credentials,ddl_privilege,destructive,windows_native",rebuild_source/forms/all_window_specs/IBSI003.rebuild.md,FMB/PLL/PKS/PKB/DDL/Forms Builder
IBSR001.fmx,other-finance/operations,221536,catalog_specification,FMB_PLL_not_found,18,3,1,81,"credentials,ddl_privilege,destructive",rebuild_source/forms/all_window_specs/IBSR001.rebuild.md,FMB/PLL/PKS/PKB/DDL/Forms Builder
IBSR002.fmx,other-finance/operations,223484,catalog_specification,FMB_PLL_not_found,18,3,1,80,"credentials,ddl_privilege,destructive",rebuild_source/forms/all_window_specs/IBSR002.rebuild.md,FMB/PLL/PKS/PKB/DDL/Forms Builder
IBSR003.fmx,other-finance/operations,222312,catalog_specification,FMB_PLL_not_found,18,3,1,81,"credentials,ddl_privilege,destructive",rebuild_source/forms/all_window_specs/IBSR003.rebuild.md,FMB/PLL/PKS/PKB/DDL/Forms Builder
IBSR004.fmx,other-finance/operations,222388,catalog_specification,FMB_PLL_not_found,18,3,1,80,"credentials,ddl_privilege,destructive",rebuild_source/forms/all_window_specs/IBSR004.rebuild.md,FMB/PLL/PKS/PKB/DDL/Forms Builder
IBSR005.fmx,other-finance/operations,223280,catalog_specification,FMB_PLL_not_found,18,3,1,80,"credentials,ddl_privilege,destructive",rebuild_source/forms/all_window_specs/IBSR005.rebuild.md,FMB/PLL/PKS/PKB/DDL/Forms Builder
IBSR006.fmx,other-finance/operations,223280,catalog_specification,FMB_PLL_not_found,18,3,1,80,"credentials,ddl_privilege,destructive",rebuild_source/forms/all_window_specs/IBSR006.rebuild.md,FMB/PLL/PKS/PKB/DDL/Forms Builder
IBSR007.fmx,other-finance/operations,223676,catalog_specification,FMB_PLL_not_found,18,3,1,80,"credentials,ddl_privilege,destructive",rebuild_source/forms/all_window_specs/IBSR007.rebuild.md,FMB/PLL/PKS/PKB/DDL/Forms Builder
IBSR008.fmx,other-finance/operations,222388,catalog_specification,FMB_PLL_not_found,18,3,1,80,"credentials,ddl_privilege,destructive",rebuild_source/forms/all_window_specs/IBSR008.rebuild.md,FMB/PLL/PKS/PKB/DDL/Forms Builder
IBSR009.fmx,other-finance/operations,222356,catalog_specification,FMB_PLL_not_found,18,3,1,80,"credentials,ddl_privilege,destructive",rebuild_source/forms/all_window_specs/IBSR009.rebuild.md,FMB/PLL/PKS/PKB/DDL/Forms Builder
IBSS001.fmx,other-finance/operations,286036,catalog_specification,FMB_PLL_not_found,34,8,1,90,"credentials,ddl_privilege,destructive,windows_native",rebuild_source/forms/all_window_specs/IBSS001.rebuild.md,FMB/PLL/PKS/PKB/DDL/Forms Builder
IBST001.fmx,other-finance/operations,391540,catalog_specification,FMB_PLL_not_found,35,10,1,109,"credentials,ddl_privilege,destructive,windows_native",rebuild_source/forms/all_window_specs/IBST001.rebuild.md,FMB/PLL/PKS/PKB/DDL/Forms Builder
IBS_INSTAL.fmx,other-finance/operations,179352,catalog_specification,FMB_PLL_not_found,44,8,1,88,"credentials,ddl_privilege,destructive,dynamic_sql,windows_native",rebuild_source/forms/all_window_specs/IBS_INSTAL.rebuild.md,FMB/PLL/PKS/PKB/DDL/Forms Builder
IMPOUT001.fmx,other,274892,catalog_specification,FMB_PLL_not_found,9,4,1,112,"destructive,dynamic_sql,windows_native",rebuild_source/forms/all_window_specs/IMPOUT001.rebuild.md,FMB/PLL/PKS/PKB/DDL/Forms Builder
INVI001.fmx,inventory/stock,170904,catalog_specification,FMB_PLL_not_found,30,10,1,67,"credentials,ddl_privilege,destructive,dynamic_sql,windows_native",rebuild_source/forms/all_window_specs/INVI001.rebuild.md,FMB/PLL/PKS/PKB/DDL/Forms Builder
INVI002.fmx,inventory/stock,217948,catalog_specification,FMB_PLL_not_found,31,8,1,83,"credentials,ddl_privilege,destructive,dynamic_sql,windows_native",rebuild_source/forms/all_window_specs/INVI002.rebuild.md,FMB/PLL/PKS/PKB/DDL/Forms Builder
INVI003.fmx,inventory/stock,238732,catalog_specification,FMB_PLL_not_found,31,8,1,94,"credentials,ddl_privilege,destructive,dynamic_sql,windows_native",rebuild_source/forms/all_window_specs/INVI003.rebuild.md,FMB/PLL/PKS/PKB/DDL/Forms Builder
INVI004.fmx,inventory/stock,155496,catalog_specification,FMB_PLL_not_found,31,8,1,58,"credentials,ddl_privilege,destructive,windows_native",rebuild_source/forms/all_window_specs/INVI004.rebuild.md,FMB/PLL/PKS/PKB/DDL/Forms Builder
INVI005.fmx,inventory/stock,207216,catalog_specification,FMB_PLL_not_found,31,8,1,83,"credentials,ddl_privilege,destructive,dynamic_sql,windows_native",rebuild_source/forms/all_window_specs/INVI005.rebuild.md,FMB/PLL/PKS/PKB/DDL/Forms Builder
INVI006.fmx,inventory/stock,254228,catalog_specification,FMB_PLL_not_found,33,8,1,99,"credentials,ddl_privilege,destructive,dynamic_sql,windows_native",rebuild_source/forms/all_window_specs/INVI006.rebuild.md,FMB/PLL/PKS/PKB/DDL/Forms Builder
INVI007.fmx,inventory/stock,162964,catalog_specification,FMB_PLL_not_found,32,8,1,60,"credentials,ddl_privilege,destructive,windows_native",rebuild_source/forms/all_window_specs/INVI007.rebuild.md,FMB/PLL/PKS/PKB/DDL/Forms Builder
INVI008.fmx,inventory/stock,1341948,catalog_specification,FMB_PLL_not_found,45,12,18,405,"credentials,ddl_privilege,destructive,dynamic_sql,windows_native",rebuild_source/forms/all_window_specs/INVI008.rebuild.md,FMB/PLL/PKS/PKB/DDL/Forms Builder
INVI009.fmx,inventory/stock,235300,catalog_specification,FMB_PLL_not_found,32,8,1,101,"credentials,ddl_privilege,destructive,windows_native",rebuild_source/forms/all_window_specs/INVI009.rebuild.md,FMB/PLL/PKS/PKB/DDL/Forms Builder
INVI010.fmx,inventory/stock,741320,catalog_specification,FMB_PLL_not_found,38,8,2,235,"credentials,ddl_privilege,destructive,dynamic_sql,windows_native",rebuild_source/forms/all_window_specs/INVI010.rebuild.md,FMB/PLL/PKS/PKB/DDL/Forms Builder
INVI011.fmx,inventory/stock,829056,catalog_specification,FMB_PLL_not_found,51,10,4,240,"credentials,ddl_privilege,destructive,dynamic_sql,windows_native",rebuild_source/forms/all_window_specs/INVI011.rebuild.md,FMB/PLL/PKS/PKB/DDL/Forms Builder
INVI012.fmx,inventory/stock,198928,catalog_specification,FMB_PLL_not_found,32,8,1,84,"credentials,ddl_privilege,destructive,windows_native",rebuild_source/forms/all_window_specs/INVI012.rebuild.md,FMB/PLL/PKS/PKB/DDL/Forms Builder
INVI013.fmx,inventory/stock,275284,catalog_specification,FMB_PLL_not_found,32,8,1,85,"credentials,ddl_privilege,destructive,dynamic_sql,windows_native",rebuild_source/forms/all_window_specs/INVI013.rebuild.md,FMB/PLL/PKS/PKB/DDL/Forms Builder
INVI014.fmx,inventory/stock,311524,catalog_specification,FMB_PLL_not_found,33,8,1,113,"credentials,ddl_privilege,destructive,windows_native",rebuild_source/forms/all_window_specs/INVI014.rebuild.md,FMB/PLL/PKS/PKB/DDL/Forms Builder
INVI015.fmx,inventory/stock,245100,catalog_specification,FMB_PLL_not_found,32,8,1,98,"credentials,ddl_privilege,destructive,dynamic_sql,windows_native",rebuild_source/forms/all_window_specs/INVI015.rebuild.md,FMB/PLL/PKS/PKB/DDL/Forms Builder
INVI016.fmx,inventory/stock,258456,catalog_specification,FMB_PLL_not_found,33,8,1,97,"credentials,ddl_privilege,destructive,dynamic_sql,windows_native",rebuild_source/forms/all_window_specs/INVI016.rebuild.md,FMB/PLL/PKS/PKB/DDL/Forms Builder
INVI018.fmx,inventory/stock,277384,catalog_specification,FMB_PLL_not_found,35,13,1,87,"credentials,ddl_privilege,destructive,dynamic_sql,windows_native",rebuild_source/forms/all_window_specs/INVI018.rebuild.md,FMB/PLL/PKS/PKB/DDL/Forms Builder
INVI019.fmx,inventory/stock,266760,catalog_specification,FMB_PLL_not_found,35,8,1,110,"credentials,ddl_privilege,destructive,windows_native",rebuild_source/forms/all_window_specs/INVI019.rebuild.md,FMB/PLL/PKS/PKB/DDL/Forms Builder
INVI020.fmx,inventory/stock,184156,catalog_specification,FMB_PLL_not_found,33,9,1,69,"credentials,ddl_privilege,destructive,dynamic_sql,windows_native",rebuild_source/forms/all_window_specs/INVI020.rebuild.md,FMB/PLL/PKS/PKB/DDL/Forms Builder
INVI021.fmx,inventory/stock,346588,catalog_specification,FMB_PLL_not_found,39,8,3,129,"credentials,ddl_privilege,destructive,windows_native",rebuild_source/forms/all_window_specs/INVI021.rebuild.md,FMB/PLL/PKS/PKB/DDL/Forms Builder
INVI022.fmx,inventory/stock,288848,catalog_specification,FMB_PLL_not_found,41,8,1,132,"credentials,ddl_privilege,destructive,windows_native",rebuild_source/forms/all_window_specs/INVI022.rebuild.md,FMB/PLL/PKS/PKB/DDL/Forms Builder
INVI023.fmx,inventory/stock,528648,catalog_specification,FMB_PLL_not_found,38,10,2,197,"credentials,ddl_privilege,destructive,dynamic_sql,windows_native",rebuild_source/forms/all_window_specs/INVI023.rebuild.md,FMB/PLL/PKS/PKB/DDL/Forms Builder
INVR001.fmx,inventory/stock,129108,catalog_specification,FMB_PLL_not_found,15,3,1,72,"credentials,destructive",rebuild_source/forms/all_window_specs/INVR001.rebuild.md,FMB/PLL/PKS/PKB/DDL/Forms Builder
INVR002.fmx,inventory/stock,224612,catalog_specification,FMB_PLL_not_found,18,3,1,119,"credentials,destructive,windows_native",rebuild_source/forms/all_window_specs/INVR002.rebuild.md,FMB/PLL/PKS/PKB/DDL/Forms Builder
INVR003.fmx,inventory/stock,161788,catalog_specification,FMB_PLL_not_found,15,3,1,82,"credentials,destructive,windows_native",rebuild_source/forms/all_window_specs/INVR003.rebuild.md,FMB/PLL/PKS/PKB/DDL/Forms Builder
INVR004.fmx,inventory/stock,179928,catalog_specification,FMB_PLL_not_found,15,3,1,99,"credentials,destructive",rebuild_source/forms/all_window_specs/INVR004.rebuild.md,FMB/PLL/PKS/PKB/DDL/Forms Builder
INVR005.fmx,inventory/stock,158636,catalog_specification,FMB_PLL_not_found,15,3,1,85,"credentials,destructive",rebuild_source/forms/all_window_specs/INVR005.rebuild.md,FMB/PLL/PKS/PKB/DDL/Forms Builder
INVR006.fmx,inventory/stock,192952,catalog_specification,FMB_PLL_not_found,15,3,1,106,"credentials,destructive,windows_native",rebuild_source/forms/all_window_specs/INVR006.rebuild.md,FMB/PLL/PKS/PKB/DDL/Forms Builder
INVR007.fmx,inventory/stock,221032,catalog_specification,FMB_PLL_not_found,15,3,1,98,"credentials,destructive,windows_native",rebuild_source/forms/all_window_specs/INVR007.rebuild.md,FMB/PLL/PKS/PKB/DDL/Forms Builder
INVR008.fmx,inventory/stock,224360,catalog_specification,FMB_PLL_not_found,15,3,1,104,"credentials,destructive,windows_native",rebuild_source/forms/all_window_specs/INVR008.rebuild.md,FMB/PLL/PKS/PKB/DDL/Forms Builder
INVR009.fmx,inventory/stock,273348,catalog_specification,FMB_PLL_not_found,16,3,1,124,"credentials,destructive,windows_native",rebuild_source/forms/all_window_specs/INVR009.rebuild.md,FMB/PLL/PKS/PKB/DDL/Forms Builder
INVR010.fmx,inventory/stock,204396,catalog_specification,FMB_PLL_not_found,16,3,1,109,"credentials,destructive,windows_native",rebuild_source/forms/all_window_specs/INVR010.rebuild.md,FMB/PLL/PKS/PKB/DDL/Forms Builder
INVR011.fmx,inventory/stock,413420,catalog_specification,FMB_PLL_not_found,21,3,2,192,"credentials,ddl_privilege,destructive,dynamic_sql,windows_native",rebuild_source/forms/all_window_specs/INVR011.rebuild.md,FMB/PLL/PKS/PKB/DDL/Forms Builder
INVR012.fmx,inventory/stock,358164,catalog_specification,FMB_PLL_not_found,18,3,2,167,"credentials,ddl_privilege,destructive,windows_native",rebuild_source/forms/all_window_specs/INVR012.rebuild.md,FMB/PLL/PKS/PKB/DDL/Forms Builder
INVR013.fmx,inventory/stock,216624,catalog_specification,FMB_PLL_not_found,17,3,1,104,"credentials,ddl_privilege,destructive,dynamic_sql,windows_native",rebuild_source/forms/all_window_specs/INVR013.rebuild.md,FMB/PLL/PKS/PKB/DDL/Forms Builder
INVR014.fmx,inventory/stock,167480,catalog_specification,FMB_PLL_not_found,15,3,1,83,"credentials,destructive,windows_native",rebuild_source/forms/all_window_specs/INVR014.rebuild.md,FMB/PLL/PKS/PKB/DDL/Forms Builder
INVR015.fmx,inventory/stock,261776,catalog_specification,FMB_PLL_not_found,16,4,1,133,"credentials,ddl_privilege,destructive,windows_native",rebuild_source/forms/all_window_specs/INVR015.rebuild.md,FMB/PLL/PKS/PKB/DDL/Forms Builder
INVR016.fmx,inventory/stock,113792,catalog_specification,FMB_PLL_not_found,15,3,1,66,"credentials,destructive",rebuild_source/forms/all_window_specs/INVR016.rebuild.md,FMB/PLL/PKS/PKB/DDL/Forms Builder
INVR017.fmx,inventory/stock,114068,catalog_specification,FMB_PLL_not_found,15,3,1,66,"credentials,destructive",rebuild_source/forms/all_window_specs/INVR017.rebuild.md,FMB/PLL/PKS/PKB/DDL/Forms Builder
INVR018.fmx,inventory/stock,134624,catalog_specification,FMB_PLL_not_found,15,3,1,71,"credentials,destructive,windows_native",rebuild_source/forms/all_window_specs/INVR018.rebuild.md,FMB/PLL/PKS/PKB/DDL/Forms Builder
INVR019.fmx,inventory/stock,122776,catalog_specification,FMB_PLL_not_found,14,3,1,55,"credentials,destructive",rebuild_source/forms/all_window_specs/INVR019.rebuild.md,FMB/PLL/PKS/PKB/DDL/Forms Builder
INVR020.fmx,inventory/stock,172736,catalog_specification,FMB_PLL_not_found,15,3,1,82,"credentials,destructive",rebuild_source/forms/all_window_specs/INVR020.rebuild.md,FMB/PLL/PKS/PKB/DDL/Forms Builder
INVR021.fmx,inventory/stock,163484,catalog_specification,FMB_PLL_not_found,15,3,1,99,"credentials,destructive,windows_native",rebuild_source/forms/all_window_specs/INVR021.rebuild.md,FMB/PLL/PKS/PKB/DDL/Forms Builder
INVR023.fmx,inventory/stock,124096,catalog_specification,FMB_PLL_not_found,15,3,1,69,"credentials,destructive",rebuild_source/forms/all_window_specs/INVR023.rebuild.md,FMB/PLL/PKS/PKB/DDL/Forms Builder
INVR024.fmx,inventory/stock,122752,catalog_specification,FMB_PLL_not_found,15,3,1,69,"credentials,destructive",rebuild_source/forms/all_window_specs/INVR024.rebuild.md,FMB/PLL/PKS/PKB/DDL/Forms Builder
INVR025.fmx,inventory/stock,181376,catalog_specification,FMB_PLL_not_found,15,3,1,91,"credentials,destructive",rebuild_source/forms/all_window_specs/INVR025.rebuild.md,FMB/PLL/PKS/PKB/DDL/Forms Builder
INVR026.fmx,inventory/stock,246860,catalog_specification,FMB_PLL_not_found,16,3,1,120,"credentials,destructive,windows_native",rebuild_source/forms/all_window_specs/INVR026.rebuild.md,FMB/PLL/PKS/PKB/DDL/Forms Builder
INVR027.fmx,inventory/stock,201584,catalog_specification,FMB_PLL_not_found,21,3,1,100,"credentials,ddl_privilege,destructive,windows_native",rebuild_source/forms/all_window_specs/INVR027.rebuild.md,FMB/PLL/PKS/PKB/DDL/Forms Builder
INVR028.fmx,inventory/stock,199592,catalog_specification,FMB_PLL_not_found,16,3,1,101,"credentials,ddl_privilege,destructive,windows_native",rebuild_source/forms/all_window_specs/INVR028.rebuild.md,FMB/PLL/PKS/PKB/DDL/Forms Builder
INVR029.fmx,inventory/stock,165500,catalog_specification,FMB_PLL_not_found,15,3,1,82,"credentials,destructive",rebuild_source/forms/all_window_specs/INVR029.rebuild.md,FMB/PLL/PKS/PKB/DDL/Forms Builder
INVR030.fmx,inventory/stock,529996,catalog_specification,FMB_PLL_not_found,26,8,5,169,"credentials,ddl_privilege,destructive,dynamic_sql,windows_native,network",rebuild_source/forms/all_window_specs/INVR030.rebuild.md,FMB/PLL/PKS/PKB/DDL/Forms Builder
INVR031.fmx,inventory/stock,579484,catalog_specification,FMB_PLL_not_found,29,3,2,239,"credentials,destructive,dynamic_sql,windows_native",rebuild_source/forms/all_window_specs/INVR031.rebuild.md,FMB/PLL/PKS/PKB/DDL/Forms Builder
INVR032.fmx,inventory/stock,186192,catalog_specification,FMB_PLL_not_found,15,3,1,88,"credentials,destructive,windows_native",rebuild_source/forms/all_window_specs/INVR032.rebuild.md,FMB/PLL/PKS/PKB/DDL/Forms Builder
INVR033.fmx,inventory/stock,130372,catalog_specification,FMB_PLL_not_found,15,3,1,56,"credentials,destructive",rebuild_source/forms/all_window_specs/INVR033.rebuild.md,FMB/PLL/PKS/PKB/DDL/Forms Builder
INVS001.fmx,inventory/stock,363372,catalog_specification,FMB_PLL_not_found,40,10,1,220,"credentials,ddl_privilege,destructive,dynamic_sql,windows_native",rebuild_source/forms/all_window_specs/INVS001.rebuild.md,FMB/PLL/PKS/PKB/DDL/Forms Builder
INVS002.fmx,inventory/stock,172336,catalog_specification,FMB_PLL_not_found,33,8,1,63,"credentials,ddl_privilege,destructive,dynamic_sql,windows_native",rebuild_source/forms/all_window_specs/INVS002.rebuild.md,FMB/PLL/PKS/PKB/DDL/Forms Builder
INVS003.fmx,inventory/stock,202272,catalog_specification,FMB_PLL_not_found,33,8,1,87,"credentials,ddl_privilege,destructive,dynamic_sql,windows_native",rebuild_source/forms/all_window_specs/INVS003.rebuild.md,FMB/PLL/PKS/PKB/DDL/Forms Builder
INVS004.fmx,inventory/stock,209064,catalog_specification,FMB_PLL_not_found,34,8,1,70,"credentials,ddl_privilege,destructive,dynamic_sql,windows_native",rebuild_source/forms/all_window_specs/INVS004.rebuild.md,FMB/PLL/PKS/PKB/DDL/Forms Builder
INVS005.fmx,inventory/stock,165124,catalog_specification,FMB_PLL_not_found,33,8,1,60,"credentials,ddl_privilege,destructive,dynamic_sql,windows_native",rebuild_source/forms/all_window_specs/INVS005.rebuild.md,FMB/PLL/PKS/PKB/DDL/Forms Builder
INVS006.fmx,inventory/stock,166584,catalog_specification,FMB_PLL_not_found,33,8,1,62,"credentials,ddl_privilege,destructive,dynamic_sql,windows_native",rebuild_source/forms/all_window_specs/INVS006.rebuild.md,FMB/PLL/PKS/PKB/DDL/Forms Builder
INVS007.fmx,inventory/stock,168860,catalog_specification,FMB_PLL_not_found,33,8,1,61,"credentials,ddl_privilege,destructive,dynamic_sql,windows_native",rebuild_source/forms/all_window_specs/INVS007.rebuild.md,FMB/PLL/PKS/PKB/DDL/Forms Builder
INVS008.fmx,inventory/stock,165140,catalog_specification,FMB_PLL_not_found,33,8,1,58,"credentials,ddl_privilege,destructive,dynamic_sql,windows_native",rebuild_source/forms/all_window_specs/INVS008.rebuild.md,FMB/PLL/PKS/PKB/DDL/Forms Builder
INVS009.fmx,inventory/stock,213652,catalog_specification,FMB_PLL_not_found,36,8,1,81,"credentials,ddl_privilege,destructive,dynamic_sql,windows_native",rebuild_source/forms/all_window_specs/INVS009.rebuild.md,FMB/PLL/PKS/PKB/DDL/Forms Builder
INVS010.fmx,inventory/stock,166900,catalog_specification,FMB_PLL_not_found,33,8,1,63,"credentials,ddl_privilege,destructive,dynamic_sql,windows_native",rebuild_source/forms/all_window_specs/INVS010.rebuild.md,FMB/PLL/PKS/PKB/DDL/Forms Builder
INVS011.fmx,inventory/stock,175708,catalog_specification,FMB_PLL_not_found,33,8,1,64,"credentials,ddl_privilege,destructive,dynamic_sql,windows_native",rebuild_source/forms/all_window_specs/INVS011.rebuild.md,FMB/PLL/PKS/PKB/DDL/Forms Builder
INVS012.fmx,inventory/stock,211792,catalog_specification,FMB_PLL_not_found,37,8,1,86,"credentials,ddl_privilege,destructive,dynamic_sql,windows_native",rebuild_source/forms/all_window_specs/INVS012.rebuild.md,FMB/PLL/PKS/PKB/DDL/Forms Builder
INVS013.fmx,inventory/stock,165112,catalog_specification,FMB_PLL_not_found,33,8,1,73,"credentials,ddl_privilege,destructive,dynamic_sql,windows_native",rebuild_source/forms/all_window_specs/INVS013.rebuild.md,FMB/PLL/PKS/PKB/DDL/Forms Builder
INVS014.fmx,inventory/stock,152400,catalog_specification,FMB_PLL_not_found,32,8,1,50,"credentials,ddl_privilege,destructive,windows_native",rebuild_source/forms/all_window_specs/INVS014.rebuild.md,FMB/PLL/PKS/PKB/DDL/Forms Builder
INVS015.fmx,inventory/stock,193548,catalog_specification,FMB_PLL_not_found,35,8,1,74,"credentials,ddl_privilege,destructive,dynamic_sql,windows_native",rebuild_source/forms/all_window_specs/INVS015.rebuild.md,FMB/PLL/PKS/PKB/DDL/Forms Builder
INVS016.fmx,inventory/stock,217708,catalog_specification,FMB_PLL_not_found,9,0,1,55,"destructive,dynamic_sql",rebuild_source/forms/all_window_specs/INVS016.rebuild.md,FMB/PLL/PKS/PKB/DDL/Forms Builder
INVS017.fmx,inventory/stock,165040,catalog_specification,FMB_PLL_not_found,33,8,1,71,"credentials,ddl_privilege,destructive,dynamic_sql,windows_native",rebuild_source/forms/all_window_specs/INVS017.rebuild.md,FMB/PLL/PKS/PKB/DDL/Forms Builder
INVS018.fmx,inventory/stock,163868,catalog_specification,FMB_PLL_not_found,33,8,1,59,"credentials,ddl_privilege,destructive,dynamic_sql,windows_native",rebuild_source/forms/all_window_specs/INVS018.rebuild.md,FMB/PLL/PKS/PKB/DDL/Forms Builder
INVS020.fmx,inventory/stock,179552,catalog_specification,FMB_PLL_not_found,33,8,2,64,"credentials,ddl_privilege,destructive,windows_native",rebuild_source/forms/all_window_specs/INVS020.rebuild.md,FMB/PLL/PKS/PKB/DDL/Forms Builder
INVS021.fmx,inventory/stock,172696,catalog_specification,FMB_PLL_not_found,33,8,1,60,"credentials,ddl_privilege,destructive,dynamic_sql,windows_native",rebuild_source/forms/all_window_specs/INVS021.rebuild.md,FMB/PLL/PKS/PKB/DDL/Forms Builder
INVT001.fmx,inventory/stock,968532,catalog_specification,FMB_PLL_not_found,53,9,5,357,"credentials,ddl_privilege,destructive,dynamic_sql,windows_native",rebuild_source/forms/all_window_specs/INVT001.rebuild.md,FMB/PLL/PKS/PKB/DDL/Forms Builder
INVT002.fmx,inventory/stock,735628,catalog_specification,FMB_PLL_not_found,54,8,5,270,"credentials,ddl_privilege,destructive,dynamic_sql,windows_native",rebuild_source/forms/all_window_specs/INVT002.rebuild.md,FMB/PLL/PKS/PKB/DDL/Forms Builder
INVT003.fmx,inventory/stock,1724800,catalog_specification,FMB_PLL_not_found,80,9,6,513,"credentials,ddl_privilege,destructive,dynamic_sql,windows_native",rebuild_source/forms/all_window_specs/INVT003.rebuild.md,FMB/PLL/PKS/PKB/DDL/Forms Builder
INVT004.fmx,inventory/stock,1612328,catalog_specification,FMB_PLL_not_found,77,10,4,504,"credentials,ddl_privilege,destructive,dynamic_sql,windows_native",rebuild_source/forms/all_window_specs/INVT004.rebuild.md,FMB/PLL/PKS/PKB/DDL/Forms Builder
INVT005.fmx,inventory/stock,1560572,catalog_specification,FMB_PLL_not_found,72,12,4,479,"credentials,ddl_privilege,destructive,dynamic_sql,windows_native",rebuild_source/forms/all_window_specs/INVT005.rebuild.md,FMB/PLL/PKS/PKB/DDL/Forms Builder
INVT006.fmx,inventory/stock,1497300,catalog_specification,FMB_PLL_not_found,71,13,4,440,"credentials,ddl_privilege,destructive,dynamic_sql,windows_native,network",rebuild_source/forms/all_window_specs/INVT006.rebuild.md,FMB/PLL/PKS/PKB/DDL/Forms Builder
INVT007.fmx,inventory/stock,1056148,catalog_specification,FMB_PLL_not_found,65,10,6,398,"credentials,ddl_privilege,destructive,dynamic_sql,windows_native",rebuild_source/forms/all_window_specs/INVT007.rebuild.md,FMB/PLL/PKS/PKB/DDL/Forms Builder
INVT008.fmx,inventory/stock,801416,catalog_specification,FMB_PLL_not_found,54,8,3,311,"credentials,ddl_privilege,destructive,dynamic_sql,windows_native",rebuild_source/forms/all_window_specs/INVT008.rebuild.md,FMB/PLL/PKS/PKB/DDL/Forms Builder
INVT009.fmx,inventory/stock,251720,catalog_specification,FMB_PLL_not_found,39,8,1,115,"credentials,ddl_privilege,destructive,windows_native",rebuild_source/forms/all_window_specs/INVT009.rebuild.md,FMB/PLL/PKS/PKB/DDL/Forms Builder
INVT010.fmx,inventory/stock,271780,catalog_specification,FMB_PLL_not_found,39,8,1,128,"credentials,ddl_privilege,destructive,windows_native",rebuild_source/forms/all_window_specs/INVT010.rebuild.md,FMB/PLL/PKS/PKB/DDL/Forms Builder
INVT011.fmx,inventory/stock,595816,catalog_specification,FMB_PLL_not_found,52,9,2,215,"credentials,destructive,windows_native",rebuild_source/forms/all_window_specs/INVT011.rebuild.md,FMB/PLL/PKS/PKB/DDL/Forms Builder
INVT012.fmx,inventory/stock,471448,catalog_specification,FMB_PLL_not_found,45,10,2,180,"credentials,destructive,windows_native",rebuild_source/forms/all_window_specs/INVT012.rebuild.md,FMB/PLL/PKS/PKB/DDL/Forms Builder
INVT013.fmx,inventory/stock,263996,catalog_specification,FMB_PLL_not_found,39,8,1,115,"credentials,ddl_privilege,destructive,windows_native",rebuild_source/forms/all_window_specs/INVT013.rebuild.md,FMB/PLL/PKS/PKB/DDL/Forms Builder
INVT014.fmx,inventory/stock,278644,catalog_specification,FMB_PLL_not_found,39,8,1,122,"credentials,ddl_privilege,destructive,windows_native",rebuild_source/forms/all_window_specs/INVT014.rebuild.md,FMB/PLL/PKS/PKB/DDL/Forms Builder
INVT015.fmx,inventory/stock,373952,catalog_specification,FMB_PLL_not_found,40,8,1,155,"credentials,ddl_privilege,destructive,windows_native",rebuild_source/forms/all_window_specs/INVT015.rebuild.md,FMB/PLL/PKS/PKB/DDL/Forms Builder
INVT016.fmx,inventory/stock,576716,catalog_specification,FMB_PLL_not_found,61,34,38,383,"credentials,ddl_privilege,destructive,dynamic_sql,windows_native,error_handling",rebuild_source/forms/all_window_specs/INVT016.rebuild.md,FMB/PLL/PKS/PKB/DDL/Forms Builder
INVT017.fmx,inventory/stock,874544,catalog_specification,FMB_PLL_not_found,48,10,2,316,"credentials,ddl_privilege,destructive,dynamic_sql,windows_native",rebuild_source/forms/all_window_specs/INVT017.rebuild.md,FMB/PLL/PKS/PKB/DDL/Forms Builder
INVT018.fmx,inventory/stock,777568,catalog_specification,FMB_PLL_not_found,54,8,3,312,"credentials,ddl_privilege,destructive,dynamic_sql,windows_native",rebuild_source/forms/all_window_specs/INVT018.rebuild.md,FMB/PLL/PKS/PKB/DDL/Forms Builder
INVT019.fmx,inventory/stock,192408,catalog_specification,FMB_PLL_not_found,38,8,1,104,"credentials,ddl_privilege,destructive,dynamic_sql,windows_native",rebuild_source/forms/all_window_specs/INVT019.rebuild.md,FMB/PLL/PKS/PKB/DDL/Forms Builder
INVT020.fmx,inventory/stock,151420,catalog_specification,FMB_PLL_not_found,33,8,1,55,"credentials,ddl_privilege,destructive,windows_native",rebuild_source/forms/all_window_specs/INVT020.rebuild.md,FMB/PLL/PKS/PKB/DDL/Forms Builder
INVT022.fmx,inventory/stock,455604,catalog_specification,FMB_PLL_not_found,44,9,1,198,"credentials,ddl_privilege,destructive,windows_native",rebuild_source/forms/all_window_specs/INVT022.rebuild.md,FMB/PLL/PKS/PKB/DDL/Forms Builder
INVT023.fmx,inventory/stock,276452,catalog_specification,FMB_PLL_not_found,37,9,3,117,"credentials,ddl_privilege,destructive,windows_native",rebuild_source/forms/all_window_specs/INVT023.rebuild.md,FMB/PLL/PKS/PKB/DDL/Forms Builder
INV_IMPXLS_AVLQTY.fmx,inventory/stock,240832,catalog_specification,FMB_PLL_not_found,38,9,3,90,"credentials,ddl_privilege,destructive,dynamic_sql,windows_native",rebuild_source/forms/all_window_specs/INV_IMPXLS_AVLQTY.rebuild.md,FMB/PLL/PKS/PKB/DDL/Forms Builder
INV_IMPXLS_BARCODE.fmx,inventory/stock,183616,catalog_specification,FMB_PLL_not_found,34,8,2,66,"credentials,ddl_privilege,destructive,windows_native",rebuild_source/forms/all_window_specs/INV_IMPXLS_BARCODE.rebuild.md,FMB/PLL/PKS/PKB/DDL/Forms Builder
INV_IMPXLS_BATCH.fmx,inventory/stock,170580,catalog_specification,FMB_PLL_not_found,34,8,2,62,"credentials,ddl_privilege,destructive,windows_native",rebuild_source/forms/all_window_specs/INV_IMPXLS_BATCH.rebuild.md,FMB/PLL/PKS/PKB/DDL/Forms Builder
INV_IMPXLS_ITEM.fmx,inventory/stock,273756,catalog_specification,FMB_PLL_not_found,34,8,2,98,"credentials,ddl_privilege,destructive,windows_native",rebuild_source/forms/all_window_specs/INV_IMPXLS_ITEM.rebuild.md,FMB/PLL/PKS/PKB/DDL/Forms Builder
INV_IMPXLS_PRICE.fmx,inventory/stock,207864,catalog_specification,FMB_PLL_not_found,34,8,2,80,"credentials,ddl_privilege,destructive,windows_native",rebuild_source/forms/all_window_specs/INV_IMPXLS_PRICE.rebuild.md,FMB/PLL/PKS/PKB/DDL/Forms Builder
INV_ITM_TRNS.fmx,inventory/stock,368508,catalog_specification,FMB_PLL_not_found,40,9,1,144,"credentials,ddl_privilege,destructive,windows_native",rebuild_source/forms/all_window_specs/INV_ITM_TRNS.rebuild.md,FMB/PLL/PKS/PKB/DDL/Forms Builder
INV_Reevaluation.fmx,inventory/stock,643132,catalog_specification,FMB_PLL_not_found,22,3,1,185,"credentials,ddl_privilege,destructive,windows_native,error_handling",rebuild_source/forms/all_window_specs/INV_Reevaluation.rebuild.md,FMB/PLL/PKS/PKB/DDL/Forms Builder
JRSI001.fmx,other,254364,catalog_specification,FMB_PLL_not_found,44,8,3,107,"credentials,ddl_privilege,destructive,dynamic_sql,windows_native",rebuild_source/forms/all_window_specs/JRSI001.rebuild.md,FMB/PLL/PKS/PKB/DDL/Forms Builder
JRSI002.fmx,other,213192,catalog_specification,FMB_PLL_not_found,40,7,2,97,"credentials,ddl_privilege,destructive,dynamic_sql,windows_native",rebuild_source/forms/all_window_specs/JRSI002.rebuild.md,FMB/PLL/PKS/PKB/DDL/Forms Builder
JRSR001.fmx,other,196540,catalog_specification,FMB_PLL_not_found,17,4,1,86,"credentials,destructive,windows_native",rebuild_source/forms/all_window_specs/JRSR001.rebuild.md,FMB/PLL/PKS/PKB/DDL/Forms Builder
JRSS001.fmx,other,187036,catalog_specification,FMB_PLL_not_found,35,10,1,76,"credentials,ddl_privilege,destructive,windows_native",rebuild_source/forms/all_window_specs/JRSS001.rebuild.md,FMB/PLL/PKS/PKB/DDL/Forms Builder
JRSS002.fmx,other,180940,catalog_specification,FMB_PLL_not_found,32,8,1,65,"credentials,ddl_privilege,destructive,windows_native",rebuild_source/forms/all_window_specs/JRSS002.rebuild.md,FMB/PLL/PKS/PKB/DDL/Forms Builder
JRSS003.fmx,other,202096,catalog_specification,FMB_PLL_not_found,33,8,1,70,"credentials,ddl_privilege,destructive,windows_native",rebuild_source/forms/all_window_specs/JRSS003.rebuild.md,FMB/PLL/PKS/PKB/DDL/Forms Builder
JRST001.fmx,other,991456,catalog_specification,FMB_PLL_not_found,60,8,15,321,"credentials,ddl_privilege,destructive,windows_native",rebuild_source/forms/all_window_specs/JRST001.rebuild.md,FMB/PLL/PKS/PKB/DDL/Forms Builder
JRST002.fmx,other,1049620,catalog_specification,FMB_PLL_not_found,60,10,15,329,"credentials,destructive,windows_native",rebuild_source/forms/all_window_specs/JRST002.rebuild.md,FMB/PLL/PKS/PKB/DDL/Forms Builder
JRST0021.fmx,other,1051672,catalog_specification,FMB_PLL_not_found,60,10,15,329,"credentials,destructive,windows_native",rebuild_source/forms/all_window_specs/JRST0021.rebuild.md,FMB/PLL/PKS/PKB/DDL/Forms Builder
LGHTADM002.fmx,other,630480,catalog_specification,FMB_PLL_not_found,39,9,1,324,"credentials,ddl_privilege,destructive,dynamic_sql,windows_native,error_handling,network",rebuild_source/forms/all_window_specs/LGHTADM002.rebuild.md,FMB/PLL/PKS/PKB/DDL/Forms Builder
LGHTADM003.fmx,other,297056,catalog_specification,FMB_PLL_not_found,35,8,1,116,"credentials,ddl_privilege,destructive,dynamic_sql,windows_native,network",rebuild_source/forms/all_window_specs/LGHTADM003.rebuild.md,FMB/PLL/PKS/PKB/DDL/Forms Builder
LGHTR002.fmx,other,143376,catalog_specification,FMB_PLL_not_found,17,3,1,73,"credentials,destructive",rebuild_source/forms/all_window_specs/LGHTR002.rebuild.md,FMB/PLL/PKS/PKB/DDL/Forms Builder
LGHTT001.fmx,other,739868,catalog_specification,FMB_PLL_not_found,41,27,1,238,"credentials,ddl_privilege,destructive,dynamic_sql,windows_native",rebuild_source/forms/all_window_specs/LGHTT001.rebuild.md,FMB/PLL/PKS/PKB/DDL/Forms Builder
LGHTT002.fmx,other,203392,catalog_specification,FMB_PLL_not_found,34,8,1,70,"credentials,ddl_privilege,destructive,windows_native",rebuild_source/forms/all_window_specs/LGHTT002.rebuild.md,FMB/PLL/PKS/PKB/DDL/Forms Builder
LGHTT003.fmx,other,231396,catalog_specification,FMB_PLL_not_found,32,8,1,78,"credentials,ddl_privilege,destructive,windows_native",rebuild_source/forms/all_window_specs/LGHTT003.rebuild.md,FMB/PLL/PKS/PKB/DDL/Forms Builder
MNT0025.fmx,other,135512,catalog_specification,FMB_PLL_not_found,0,0,0,64,"ddl_privilege,destructive,dynamic_sql,windows_native",rebuild_source/forms/all_window_specs/MNT0025.rebuild.md,FMB/PLL/PKS/PKB/DDL/Forms Builder
MNT021.fmx,other,309076,catalog_specification,FMB_PLL_not_found,34,8,1,85,"credentials,ddl_privilege,destructive,windows_native",rebuild_source/forms/all_window_specs/MNT021.rebuild.md,FMB/PLL/PKS/PKB/DDL/Forms Builder
MNT025.fmx,other,205056,catalog_specification,FMB_PLL_not_found,0,0,0,70,"ddl_privilege,destructive,dynamic_sql,windows_native",rebuild_source/forms/all_window_specs/MNT025.rebuild.md,FMB/PLL/PKS/PKB/DDL/Forms Builder
MNT0T25.fmx,other,132488,catalog_specification,FMB_PLL_not_found,0,0,0,64,"ddl_privilege,destructive,dynamic_sql,windows_native",rebuild_source/forms/all_window_specs/MNT0T25.rebuild.md,FMB/PLL/PKS/PKB/DDL/Forms Builder
MNTI001.fmx,other,326300,catalog_specification,FMB_PLL_not_found,38,8,1,102,"credentials,ddl_privilege,destructive,windows_native",rebuild_source/forms/all_window_specs/MNTI001.rebuild.md,FMB/PLL/PKS/PKB/DDL/Forms Builder
MNTI002.fmx,other,163596,catalog_specification,FMB_PLL_not_found,35,8,1,49,"credentials,ddl_privilege,destructive,windows_native",rebuild_source/forms/all_window_specs/MNTI002.rebuild.md,FMB/PLL/PKS/PKB/DDL/Forms Builder
MNTI003.fmx,other,169036,catalog_specification,FMB_PLL_not_found,34,8,1,59,"credentials,ddl_privilege,destructive,windows_native",rebuild_source/forms/all_window_specs/MNTI003.rebuild.md,FMB/PLL/PKS/PKB/DDL/Forms Builder
MNTI004.fmx,other,185208,catalog_specification,FMB_PLL_not_found,35,8,1,52,"credentials,ddl_privilege,destructive,windows_native",rebuild_source/forms/all_window_specs/MNTI004.rebuild.md,FMB/PLL/PKS/PKB/DDL/Forms Builder
MNTI005.fmx,other,185928,catalog_specification,FMB_PLL_not_found,34,8,1,65,"credentials,ddl_privilege,destructive,windows_native",rebuild_source/forms/all_window_specs/MNTI005.rebuild.md,FMB/PLL/PKS/PKB/DDL/Forms Builder
MNTI006.fmx,other,329952,catalog_specification,FMB_PLL_not_found,36,10,1,93,"credentials,ddl_privilege,destructive,windows_native",rebuild_source/forms/all_window_specs/MNTI006.rebuild.md,FMB/PLL/PKS/PKB/DDL/Forms Builder
MNTI007.fmx,other,358724,catalog_specification,FMB_PLL_not_found,42,10,1,110,"credentials,ddl_privilege,destructive,windows_native",rebuild_source/forms/all_window_specs/MNTI007.rebuild.md,FMB/PLL/PKS/PKB/DDL/Forms Builder
MNTI008.fmx,other,258808,catalog_specification,FMB_PLL_not_found,32,8,1,77,"credentials,ddl_privilege,destructive,windows_native",rebuild_source/forms/all_window_specs/MNTI008.rebuild.md,FMB/PLL/PKS/PKB/DDL/Forms Builder
MNTR001.fmx,other,180660,catalog_specification,FMB_PLL_not_found,16,3,1,68,"credentials,destructive,windows_native",rebuild_source/forms/all_window_specs/MNTR001.rebuild.md,FMB/PLL/PKS/PKB/DDL/Forms Builder
MNTR005.fmx,other,180892,catalog_specification,FMB_PLL_not_found,16,3,1,68,"credentials,destructive,windows_native",rebuild_source/forms/all_window_specs/MNTR005.rebuild.md,FMB/PLL/PKS/PKB/DDL/Forms Builder
MNTS001.fmx,other,167268,catalog_specification,FMB_PLL_not_found,30,8,1,51,"credentials,ddl_privilege,destructive,windows_native",rebuild_source/forms/all_window_specs/MNTS001.rebuild.md,FMB/PLL/PKS/PKB/DDL/Forms Builder
MNTS002.fmx,other,163160,catalog_specification,FMB_PLL_not_found,35,8,1,62,"credentials,ddl_privilege,destructive,windows_native",rebuild_source/forms/all_window_specs/MNTS002.rebuild.md,FMB/PLL/PKS/PKB/DDL/Forms Builder
MNTS003.fmx,other,283324,catalog_specification,FMB_PLL_not_found,33,8,1,97,"credentials,ddl_privilege,destructive,windows_native",rebuild_source/forms/all_window_specs/MNTS003.rebuild.md,FMB/PLL/PKS/PKB/DDL/Forms Builder
MNTS004.fmx,other,289908,catalog_specification,FMB_PLL_not_found,34,8,1,87,"credentials,ddl_privilege,destructive,windows_native",rebuild_source/forms/all_window_specs/MNTS004.rebuild.md,FMB/PLL/PKS/PKB/DDL/Forms Builder
MNTS005.fmx,other,167932,catalog_specification,FMB_PLL_not_found,35,8,1,50,"credentials,ddl_privilege,destructive,windows_native",rebuild_source/forms/all_window_specs/MNTS005.rebuild.md,FMB/PLL/PKS/PKB/DDL/Forms Builder
MNTS006.fmx,other,270180,catalog_specification,FMB_PLL_not_found,33,8,1,77,"credentials,ddl_privilege,destructive,windows_native",rebuild_source/forms/all_window_specs/MNTS006.rebuild.md,FMB/PLL/PKS/PKB/DDL/Forms Builder
MNTS007.fmx,other,274644,catalog_specification,FMB_PLL_not_found,34,8,1,85,"credentials,ddl_privilege,destructive,windows_native",rebuild_source/forms/all_window_specs/MNTS007.rebuild.md,FMB/PLL/PKS/PKB/DDL/Forms Builder
MNTS025.fmx,other,133804,catalog_specification,FMB_PLL_not_found,0,0,0,69,"ddl_privilege,destructive,dynamic_sql,windows_native",rebuild_source/forms/all_window_specs/MNTS025.rebuild.md,FMB/PLL/PKS/PKB/DDL/Forms Builder
MNTT001.fmx,other,518244,catalog_specification,FMB_PLL_not_found,49,8,2,158,"credentials,ddl_privilege,destructive,dynamic_sql,windows_native",rebuild_source/forms/all_window_specs/MNTT001.rebuild.md,FMB/PLL/PKS/PKB/DDL/Forms Builder
MNTT002.fmx,other,302952,catalog_specification,FMB_PLL_not_found,34,8,1,95,"credentials,ddl_privilege,destructive,windows_native",rebuild_source/forms/all_window_specs/MNTT002.rebuild.md,FMB/PLL/PKS/PKB/DDL/Forms Builder
MNTT003.fmx,other,495684,catalog_specification,FMB_PLL_not_found,46,8,1,199,"credentials,destructive,windows_native",rebuild_source/forms/all_window_specs/MNTT003.rebuild.md,FMB/PLL/PKS/PKB/DDL/Forms Builder
MNTT004.fmx,other,350708,catalog_specification,FMB_PLL_not_found,36,8,1,100,"credentials,ddl_privilege,destructive,windows_native",rebuild_source/forms/all_window_specs/MNTT004.rebuild.md,FMB/PLL/PKS/PKB/DDL/Forms Builder
MNTT005.fmx,other,750732,catalog_specification,FMB_PLL_not_found,39,11,1,204,"credentials,ddl_privilege,destructive,dynamic_sql,windows_native",rebuild_source/forms/all_window_specs/MNTT005.rebuild.md,FMB/PLL/PKS/PKB/DDL/Forms Builder
MNTT006.fmx,other,318852,catalog_specification,FMB_PLL_not_found,34,8,1,91,"credentials,ddl_privilege,destructive,windows_native",rebuild_source/forms/all_window_specs/MNTT006.rebuild.md,FMB/PLL/PKS/PKB/DDL/Forms Builder
MNTT007.fmx,other,312276,catalog_specification,FMB_PLL_not_found,33,8,1,84,"credentials,ddl_privilege,destructive,windows_native",rebuild_source/forms/all_window_specs/MNTT007.rebuild.md,FMB/PLL/PKS/PKB/DDL/Forms Builder
MNTT010.fmx,other,417532,catalog_specification,FMB_PLL_not_found,45,8,1,171,"credentials,destructive,windows_native",rebuild_source/forms/all_window_specs/MNTT010.rebuild.md,FMB/PLL/PKS/PKB/DDL/Forms Builder
MNTT011.fmx,other,284780,catalog_specification,FMB_PLL_not_found,33,8,1,94,"credentials,ddl_privilege,destructive,windows_native",rebuild_source/forms/all_window_specs/MNTT011.rebuild.md,FMB/PLL/PKS/PKB/DDL/Forms Builder
MNTT012.fmx,other,195548,catalog_specification,FMB_PLL_not_found,37,8,1,60,"credentials,ddl_privilege,destructive,windows_native",rebuild_source/forms/all_window_specs/MNTT012.rebuild.md,FMB/PLL/PKS/PKB/DDL/Forms Builder
MNTT013.fmx,other,282368,catalog_specification,FMB_PLL_not_found,34,8,1,93,"credentials,ddl_privilege,destructive,windows_native",rebuild_source/forms/all_window_specs/MNTT013.rebuild.md,FMB/PLL/PKS/PKB/DDL/Forms Builder
MNTT020.fmx,other,295416,catalog_specification,FMB_PLL_not_found,33,8,1,78,"credentials,ddl_privilege,destructive,windows_native",rebuild_source/forms/all_window_specs/MNTT020.rebuild.md,FMB/PLL/PKS/PKB/DDL/Forms Builder
MNTT021.fmx,other,303512,catalog_specification,FMB_PLL_not_found,33,8,1,83,"credentials,ddl_privilege,destructive,windows_native",rebuild_source/forms/all_window_specs/MNTT021.rebuild.md,FMB/PLL/PKS/PKB/DDL/Forms Builder
MNTT022.fmx,other,296880,catalog_specification,FMB_PLL_not_found,33,8,1,82,"credentials,ddl_privilege,destructive,windows_native",rebuild_source/forms/all_window_specs/MNTT022.rebuild.md,FMB/PLL/PKS/PKB/DDL/Forms Builder
MNTT025.fmx,other,131848,catalog_specification,FMB_PLL_not_found,0,0,0,65,"ddl_privilege,destructive,dynamic_sql,windows_native",rebuild_source/forms/all_window_specs/MNTT025.rebuild.md,FMB/PLL/PKS/PKB/DDL/Forms Builder
MNTT050.fmx,other,417532,catalog_specification,FMB_PLL_not_found,45,8,1,171,"credentials,destructive,windows_native",rebuild_source/forms/all_window_specs/MNTT050.rebuild.md,FMB/PLL/PKS/PKB/DDL/Forms Builder
MRPACS001.fmx,MRP/treasury,263080,catalog_specification,FMB_PLL_not_found,9,0,1,264,"destructive,windows_native",rebuild_source/forms/all_window_specs/MRPACS001.rebuild.md,FMB/PLL/PKS/PKB/DDL/Forms Builder
MRPACS004.fmx,MRP/treasury,4192816,catalog_specification,FMB_PLL_not_found,24,1,2,1816,"credentials,ddl_privilege,destructive,dynamic_sql,windows_native,error_handling,network",rebuild_source/forms/all_window_specs/MRPACS004.rebuild.md,FMB/PLL/PKS/PKB/DDL/Forms Builder
MRPBOM005.fmx,MRP/treasury,156068,catalog_specification,FMB_PLL_not_found,8,0,1,63,"destructive,windows_native",rebuild_source/forms/all_window_specs/MRPBOM005.rebuild.md,FMB/PLL/PKS/PKB/DDL/Forms Builder
MRPBOM01.fmx,MRP/treasury,91020,catalog_specification,FMB_PLL_not_found,5,0,1,21,"destructive,windows_native",rebuild_source/forms/all_window_specs/MRPBOM01.rebuild.md,FMB/PLL/PKS/PKB/DDL/Forms Builder
MRPBOM010.fmx,MRP/treasury,200272,catalog_specification,FMB_PLL_not_found,9,0,1,74,"destructive,windows_native",rebuild_source/forms/all_window_specs/MRPBOM010.rebuild.md,FMB/PLL/PKS/PKB/DDL/Forms Builder
MRPBOM03.fmx,MRP/treasury,162668,catalog_specification,FMB_PLL_not_found,7,1,1,67,"ddl_privilege,destructive,windows_native",rebuild_source/forms/all_window_specs/MRPBOM03.rebuild.md,FMB/PLL/PKS/PKB/DDL/Forms Builder
MRPCRP001.fmx,MRP/treasury,115472,catalog_specification,FMB_PLL_not_found,7,0,1,28,"destructive,windows_native",rebuild_source/forms/all_window_specs/MRPCRP001.rebuild.md,FMB/PLL/PKS/PKB/DDL/Forms Builder
MRPCRP003.fmx,MRP/treasury,358664,catalog_specification,FMB_PLL_not_found,11,0,1,112,"destructive,windows_native",rebuild_source/forms/all_window_specs/MRPCRP003.rebuild.md,FMB/PLL/PKS/PKB/DDL/Forms Builder
MRPCRP005.fmx,MRP/treasury,124812,catalog_specification,FMB_PLL_not_found,6,0,1,43,"destructive,windows_native",rebuild_source/forms/all_window_specs/MRPCRP005.rebuild.md,FMB/PLL/PKS/PKB/DDL/Forms Builder
MRPCRP030.fmx,MRP/treasury,176696,catalog_specification,FMB_PLL_not_found,4,0,1,91,"credentials,destructive,windows_native",rebuild_source/forms/all_window_specs/MRPCRP030.rebuild.md,FMB/PLL/PKS/PKB/DDL/Forms Builder
MRPCRP060.fmx,MRP/treasury,163992,catalog_specification,FMB_PLL_not_found,6,0,1,61,"destructive,windows_native",rebuild_source/forms/all_window_specs/MRPCRP060.rebuild.md,FMB/PLL/PKS/PKB/DDL/Forms Builder
MRPCRP07.fmx,MRP/treasury,94896,catalog_specification,FMB_PLL_not_found,7,0,1,29,"destructive,windows_native",rebuild_source/forms/all_window_specs/MRPCRP07.rebuild.md,FMB/PLL/PKS/PKB/DDL/Forms Builder
MRPCRP100.fmx,MRP/treasury,96480,catalog_specification,FMB_PLL_not_found,8,0,1,25,"destructive,windows_native",rebuild_source/forms/all_window_specs/MRPCRP100.rebuild.md,FMB/PLL/PKS/PKB/DDL/Forms Builder
MRPCRP20.fmx,MRP/treasury,138696,catalog_specification,FMB_PLL_not_found,5,0,1,51,"destructive,windows_native",rebuild_source/forms/all_window_specs/MRPCRP20.rebuild.md,FMB/PLL/PKS/PKB/DDL/Forms Builder
MRPCRP23.fmx,MRP/treasury,362912,catalog_specification,FMB_PLL_not_found,11,1,1,108,"destructive,dynamic_sql,windows_native",rebuild_source/forms/all_window_specs/MRPCRP23.rebuild.md,FMB/PLL/PKS/PKB/DDL/Forms Builder
MRPCRP24.fmx,MRP/treasury,98192,catalog_specification,FMB_PLL_not_found,9,0,1,30,"destructive,windows_native",rebuild_source/forms/all_window_specs/MRPCRP24.rebuild.md,FMB/PLL/PKS/PKB/DDL/Forms Builder
MRPCRP26.fmx,MRP/treasury,100264,catalog_specification,FMB_PLL_not_found,8,0,1,31,"destructive,windows_native",rebuild_source/forms/all_window_specs/MRPCRP26.rebuild.md,FMB/PLL/PKS/PKB/DDL/Forms Builder
MRPCRP50.fmx,MRP/treasury,127264,catalog_specification,FMB_PLL_not_found,6,0,1,48,"ddl_privilege,destructive,windows_native",rebuild_source/forms/all_window_specs/MRPCRP50.rebuild.md,FMB/PLL/PKS/PKB/DDL/Forms Builder
MRPDBA.fmx,MRP/treasury,40412,catalog_specification,FMB_PLL_not_found,13,0,0,36,"credentials,ddl_privilege,windows_native",rebuild_source/forms/all_window_specs/MRPDBA.rebuild.md,FMB/PLL/PKS/PKB/DDL/Forms Builder
MRPIMPXLS.fmx,MRP/treasury,142780,catalog_specification,FMB_PLL_not_found,7,0,3,62,"destructive,windows_native",rebuild_source/forms/all_window_specs/MRPIMPXLS.rebuild.md,FMB/PLL/PKS/PKB/DDL/Forms Builder
MRPIMP_ITEMS_XLS.fmx,MRP/treasury,111776,catalog_specification,FMB_PLL_not_found,6,0,3,45,"destructive,windows_native",rebuild_source/forms/all_window_specs/MRPIMP_ITEMS_XLS.rebuild.md,FMB/PLL/PKS/PKB/DDL/Forms Builder
MRPMMS010.fmx,MRP/treasury,176124,catalog_specification,FMB_PLL_not_found,4,0,1,48,"destructive,windows_native",rebuild_source/forms/all_window_specs/MRPMMS010.rebuild.md,FMB/PLL/PKS/PKB/DDL/Forms Builder
MRPMMS011.fmx,MRP/treasury,200968,catalog_specification,FMB_PLL_not_found,4,0,1,70,"destructive,windows_native",rebuild_source/forms/all_window_specs/MRPMMS011.rebuild.md,FMB/PLL/PKS/PKB/DDL/Forms Builder
MRPMMS012.fmx,MRP/treasury,177304,catalog_specification,FMB_PLL_not_found,4,0,1,65,"destructive,windows_native",rebuild_source/forms/all_window_specs/MRPMMS012.rebuild.md,FMB/PLL/PKS/PKB/DDL/Forms Builder
MRPMMS013.fmx,MRP/treasury,194148,catalog_specification,FMB_PLL_not_found,4,0,1,52,"destructive,windows_native",rebuild_source/forms/all_window_specs/MRPMMS013.rebuild.md,FMB/PLL/PKS/PKB/DDL/Forms Builder
MRPMMS014.fmx,MRP/treasury,109184,catalog_specification,FMB_PLL_not_found,4,0,1,51,"destructive,windows_native",rebuild_source/forms/all_window_specs/MRPMMS014.rebuild.md,FMB/PLL/PKS/PKB/DDL/Forms Builder
MRPMPS010.fmx,MRP/treasury,683160,catalog_specification,FMB_PLL_not_found,13,3,1,163,"destructive,dynamic_sql,windows_native,session_control",rebuild_source/forms/all_window_specs/MRPMPS010.rebuild.md,FMB/PLL/PKS/PKB/DDL/Forms Builder
MRPMPS02.fmx,MRP/treasury,328908,catalog_specification,FMB_PLL_not_found,10,0,1,90,"credentials,destructive,windows_native",rebuild_source/forms/all_window_specs/MRPMPS02.rebuild.md,FMB/PLL/PKS/PKB/DDL/Forms Builder
MRPMPS032.fmx,MRP/treasury,219256,catalog_specification,FMB_PLL_not_found,5,0,1,80,"destructive,windows_native,session_control",rebuild_source/forms/all_window_specs/MRPMPS032.rebuild.md,FMB/PLL/PKS/PKB/DDL/Forms Builder
MRPMPS045.fmx,MRP/treasury,166696,catalog_specification,FMB_PLL_not_found,8,0,1,60,"destructive,windows_native",rebuild_source/forms/all_window_specs/MRPMPS045.rebuild.md,FMB/PLL/PKS/PKB/DDL/Forms Builder
MRPMPS048.fmx,MRP/treasury,111112,catalog_specification,FMB_PLL_not_found,4,0,1,40,"destructive,windows_native",rebuild_source/forms/all_window_specs/MRPMPS048.rebuild.md,FMB/PLL/PKS/PKB/DDL/Forms Builder
MRPMPS06.fmx,MRP/treasury,134484,catalog_specification,FMB_PLL_not_found,6,0,1,42,"destructive,windows_native",rebuild_source/forms/all_window_specs/MRPMPS06.rebuild.md,FMB/PLL/PKS/PKB/DDL/Forms Builder
MRPMPS07.fmx,MRP/treasury,284612,catalog_specification,FMB_PLL_not_found,7,0,1,93,"ddl_privilege,destructive,windows_native",rebuild_source/forms/all_window_specs/MRPMPS07.rebuild.md,FMB/PLL/PKS/PKB/DDL/Forms Builder
MRPMPS09.fmx,MRP/treasury,155944,catalog_specification,FMB_PLL_not_found,7,3,1,64,"destructive,windows_native",rebuild_source/forms/all_window_specs/MRPMPS09.rebuild.md,FMB/PLL/PKS/PKB/DDL/Forms Builder
MRPMRP004.fmx,MRP/treasury,359280,catalog_specification,FMB_PLL_not_found,9,0,1,93,"destructive,windows_native",rebuild_source/forms/all_window_specs/MRPMRP004.rebuild.md,FMB/PLL/PKS/PKB/DDL/Forms Builder
MRPMRP005.fmx,MRP/treasury,151920,catalog_specification,FMB_PLL_not_found,7,0,1,44,"destructive,windows_native",rebuild_source/forms/all_window_specs/MRPMRP005.rebuild.md,FMB/PLL/PKS/PKB/DDL/Forms Builder
MRPMRP006.fmx,MRP/treasury,197264,catalog_specification,FMB_PLL_not_found,7,0,1,78,"destructive,windows_native,session_control",rebuild_source/forms/all_window_specs/MRPMRP006.rebuild.md,FMB/PLL/PKS/PKB/DDL/Forms Builder
MRPMRP007.fmx,MRP/treasury,228864,catalog_specification,FMB_PLL_not_found,7,0,1,72,"destructive,windows_native,session_control",rebuild_source/forms/all_window_specs/MRPMRP007.rebuild.md,FMB/PLL/PKS/PKB/DDL/Forms Builder
MRPPCM003.fmx,MRP/treasury,287000,catalog_specification,FMB_PLL_not_found,6,0,1,108,"destructive,windows_native",rebuild_source/forms/all_window_specs/MRPPCM003.rebuild.md,FMB/PLL/PKS/PKB/DDL/Forms Builder
MRPPCM006.fmx,MRP/treasury,165768,catalog_specification,FMB_PLL_not_found,5,0,1,52,"destructive,windows_native",rebuild_source/forms/all_window_specs/MRPPCM006.rebuild.md,FMB/PLL/PKS/PKB/DDL/Forms Builder
MRPPCM009.fmx,MRP/treasury,107416,catalog_specification,FMB_PLL_not_found,6,51,1,49,"destructive,windows_native,error_handling",rebuild_source/forms/all_window_specs/MRPPCM009.rebuild.md,FMB/PLL/PKS/PKB/DDL/Forms Builder
MRPPCM010.fmx,MRP/treasury,189576,catalog_specification,FMB_PLL_not_found,7,0,1,40,"destructive,windows_native",rebuild_source/forms/all_window_specs/MRPPCM010.rebuild.md,FMB/PLL/PKS/PKB/DDL/Forms Builder
MRPPCM011.fmx,MRP/treasury,253100,catalog_specification,FMB_PLL_not_found,8,0,1,91,"destructive,windows_native",rebuild_source/forms/all_window_specs/MRPPCM011.rebuild.md,FMB/PLL/PKS/PKB/DDL/Forms Builder
MRPPCM012.fmx,MRP/treasury,223960,catalog_specification,FMB_PLL_not_found,9,0,1,59,"destructive,windows_native",rebuild_source/forms/all_window_specs/MRPPCM012.rebuild.md,FMB/PLL/PKS/PKB/DDL/Forms Builder
MRPPCM013.fmx,MRP/treasury,225200,catalog_specification,FMB_PLL_not_found,9,0,1,65,"destructive,windows_native",rebuild_source/forms/all_window_specs/MRPPCM013.rebuild.md,FMB/PLL/PKS/PKB/DDL/Forms Builder
MRPPCM014.fmx,MRP/treasury,163220,catalog_specification,FMB_PLL_not_found,7,0,1,53,"destructive,windows_native",rebuild_source/forms/all_window_specs/MRPPCM014.rebuild.md,FMB/PLL/PKS/PKB/DDL/Forms Builder
MRPPCM019.fmx,MRP/treasury,147596,catalog_specification,FMB_PLL_not_found,6,0,1,58,"destructive,windows_native",rebuild_source/forms/all_window_specs/MRPPCM019.rebuild.md,FMB/PLL/PKS/PKB/DDL/Forms Builder
MRPPCM021.fmx,MRP/treasury,122156,catalog_specification,FMB_PLL_not_found,4,0,1,38,"ddl_privilege,destructive,windows_native",rebuild_source/forms/all_window_specs/MRPPCM021.rebuild.md,FMB/PLL/PKS/PKB/DDL/Forms Builder
MRPPCM022.fmx,MRP/treasury,155440,catalog_specification,FMB_PLL_not_found,6,0,1,53,"ddl_privilege,destructive,windows_native",rebuild_source/forms/all_window_specs/MRPPCM022.rebuild.md,FMB/PLL/PKS/PKB/DDL/Forms Builder
MRPPCM028.fmx,MRP/treasury,500980,catalog_specification,FMB_PLL_not_found,13,57,1,159,"ddl_privilege,destructive,windows_native,error_handling,session_control",rebuild_source/forms/all_window_specs/MRPPCM028.rebuild.md,FMB/PLL/PKS/PKB/DDL/Forms Builder
MRPPCM030.fmx,MRP/treasury,172496,catalog_specification,FMB_PLL_not_found,9,0,1,84,"destructive,windows_native",rebuild_source/forms/all_window_specs/MRPPCM030.rebuild.md,FMB/PLL/PKS/PKB/DDL/Forms Builder
MRPPCM042.fmx,MRP/treasury,130928,catalog_specification,FMB_PLL_not_found,5,0,1,51,"destructive,windows_native",rebuild_source/forms/all_window_specs/MRPPCM042.rebuild.md,FMB/PLL/PKS/PKB/DDL/Forms Builder
MRPPCM043.fmx,MRP/treasury,156304,catalog_specification,FMB_PLL_not_found,9,51,1,76,"destructive,windows_native,error_handling",rebuild_source/forms/all_window_specs/MRPPCM043.rebuild.md,FMB/PLL/PKS/PKB/DDL/Forms Builder
MRPPCM060.fmx,MRP/treasury,102056,catalog_specification,FMB_PLL_not_found,4,0,1,40,"destructive,windows_native",rebuild_source/forms/all_window_specs/MRPPCM060.rebuild.md,FMB/PLL/PKS/PKB/DDL/Forms Builder
MRPPCM510.fmx,MRP/treasury,88472,catalog_specification,FMB_PLL_not_found,4,0,1,27,"destructive,windows_native",rebuild_source/forms/all_window_specs/MRPPCM510.rebuild.md,FMB/PLL/PKS/PKB/DDL/Forms Builder
MRPPCM511.fmx,MRP/treasury,90800,catalog_specification,FMB_PLL_not_found,5,0,1,30,"destructive,windows_native",rebuild_source/forms/all_window_specs/MRPPCM511.rebuild.md,FMB/PLL/PKS/PKB/DDL/Forms Builder
MRPPQC002.fmx,MRP/treasury,99320,catalog_specification,FMB_PLL_not_found,7,0,1,29,"destructive,windows_native",rebuild_source/forms/all_window_specs/MRPPQC002.rebuild.md,FMB/PLL/PKS/PKB/DDL/Forms Builder
MRPPQC004.fmx,MRP/treasury,98696,catalog_specification,FMB_PLL_not_found,7,0,1,38,"destructive,windows_native",rebuild_source/forms/all_window_specs/MRPPQC004.rebuild.md,FMB/PLL/PKS/PKB/DDL/Forms Builder
MRPPQC005.fmx,MRP/treasury,112232,catalog_specification,FMB_PLL_not_found,7,0,1,36,"destructive,windows_native",rebuild_source/forms/all_window_specs/MRPPQC005.rebuild.md,FMB/PLL/PKS/PKB/DDL/Forms Builder
MRPPQC007.fmx,MRP/treasury,108708,catalog_specification,FMB_PLL_not_found,8,0,1,36,"destructive,windows_native",rebuild_source/forms/all_window_specs/MRPPQC007.rebuild.md,FMB/PLL/PKS/PKB/DDL/Forms Builder
MRPPQC009.fmx,MRP/treasury,95048,catalog_specification,FMB_PLL_not_found,7,0,1,28,"destructive,windows_native",rebuild_source/forms/all_window_specs/MRPPQC009.rebuild.md,FMB/PLL/PKS/PKB/DDL/Forms Builder
MRPPQC010.fmx,MRP/treasury,134560,catalog_specification,FMB_PLL_not_found,7,0,1,39,"destructive,windows_native",rebuild_source/forms/all_window_specs/MRPPQC010.rebuild.md,FMB/PLL/PKS/PKB/DDL/Forms Builder
MRPPQC0111.fmx,MRP/treasury,92132,catalog_specification,FMB_PLL_not_found,5,0,1,24,"destructive,windows_native",rebuild_source/forms/all_window_specs/MRPPQC0111.rebuild.md,FMB/PLL/PKS/PKB/DDL/Forms Builder
MRPPQC012.fmx,MRP/treasury,251924,catalog_specification,FMB_PLL_not_found,6,0,1,64,"destructive,windows_native",rebuild_source/forms/all_window_specs/MRPPQC012.rebuild.md,FMB/PLL/PKS/PKB/DDL/Forms Builder
MRPPQC015.fmx,MRP/treasury,287836,catalog_specification,FMB_PLL_not_found,6,0,1,98,"destructive,windows_native",rebuild_source/forms/all_window_specs/MRPPQC015.rebuild.md,FMB/PLL/PKS/PKB/DDL/Forms Builder
MRPPQC019.fmx,MRP/treasury,90160,catalog_specification,FMB_PLL_not_found,5,0,1,24,"destructive,windows_native",rebuild_source/forms/all_window_specs/MRPPQC019.rebuild.md,FMB/PLL/PKS/PKB/DDL/Forms Builder
MRPPQC020.fmx,MRP/treasury,130832,catalog_specification,FMB_PLL_not_found,6,0,1,43,"destructive,windows_native",rebuild_source/forms/all_window_specs/MRPPQC020.rebuild.md,FMB/PLL/PKS/PKB/DDL/Forms Builder
MRPREPBOM002.fmx,MRP/treasury,138640,catalog_specification,FMB_PLL_not_found,7,0,1,52,"destructive,windows_native",rebuild_source/forms/all_window_specs/MRPREPBOM002.rebuild.md,FMB/PLL/PKS/PKB/DDL/Forms Builder
MRPREPBOM005.fmx,MRP/treasury,140076,catalog_specification,FMB_PLL_not_found,8,0,1,45,"destructive,windows_native",rebuild_source/forms/all_window_specs/MRPREPBOM005.rebuild.md,FMB/PLL/PKS/PKB/DDL/Forms Builder
MRPREPCRP007.fmx,MRP/treasury,104832,catalog_specification,FMB_PLL_not_found,6,0,1,29,"destructive,windows_native",rebuild_source/forms/all_window_specs/MRPREPCRP007.rebuild.md,FMB/PLL/PKS/PKB/DDL/Forms Builder
MRPREPCRP020.fmx,MRP/treasury,109492,catalog_specification,FMB_PLL_not_found,5,0,1,36,"destructive,windows_native",rebuild_source/forms/all_window_specs/MRPREPCRP020.rebuild.md,FMB/PLL/PKS/PKB/DDL/Forms Builder
MRPREPCRP022.fmx,MRP/treasury,104660,catalog_specification,FMB_PLL_not_found,6,0,1,26,"destructive,windows_native",rebuild_source/forms/all_window_specs/MRPREPCRP022.rebuild.md,FMB/PLL/PKS/PKB/DDL/Forms Builder
MRPREPCRP024.fmx,MRP/treasury,103780,catalog_specification,FMB_PLL_not_found,6,0,1,25,"destructive,windows_native",rebuild_source/forms/all_window_specs/MRPREPCRP024.rebuild.md,FMB/PLL/PKS/PKB/DDL/Forms Builder
MRPREPCRP026.fmx,MRP/treasury,104756,catalog_specification,FMB_PLL_not_found,6,0,1,25,"destructive,windows_native",rebuild_source/forms/all_window_specs/MRPREPCRP026.rebuild.md,FMB/PLL/PKS/PKB/DDL/Forms Builder
MRPREPCRP028.fmx,MRP/treasury,94896,catalog_specification,FMB_PLL_not_found,5,0,1,24,"destructive,windows_native",rebuild_source/forms/all_window_specs/MRPREPCRP028.rebuild.md,FMB/PLL/PKS/PKB/DDL/Forms Builder
MRPREPCRP031.fmx,MRP/treasury,118288,catalog_specification,FMB_PLL_not_found,6,0,1,35,"destructive,windows_native",rebuild_source/forms/all_window_specs/MRPREPCRP031.rebuild.md,FMB/PLL/PKS/PKB/DDL/Forms Builder
MRPREPCRP100.fmx,MRP/treasury,103984,catalog_specification,FMB_PLL_not_found,6,0,1,27,"destructive,windows_native",rebuild_source/forms/all_window_specs/MRPREPCRP100.rebuild.md,FMB/PLL/PKS/PKB/DDL/Forms Builder
MRPREPMPS002.fmx,MRP/treasury,148460,catalog_specification,FMB_PLL_not_found,5,0,1,49,"destructive,windows_native",rebuild_source/forms/all_window_specs/MRPREPMPS002.rebuild.md,FMB/PLL/PKS/PKB/DDL/Forms Builder
MRPREPMPS003.fmx,MRP/treasury,186416,catalog_specification,FMB_PLL_not_found,5,0,1,81,"destructive,windows_native",rebuild_source/forms/all_window_specs/MRPREPMPS003.rebuild.md,FMB/PLL/PKS/PKB/DDL/Forms Builder
MRPREPMPS0061.fmx,MRP/treasury,209640,catalog_specification,FMB_PLL_not_found,5,0,1,102,"destructive,windows_native",rebuild_source/forms/all_window_specs/MRPREPMPS0061.rebuild.md,FMB/PLL/PKS/PKB/DDL/Forms Builder
MRPREPMPS0063.fmx,MRP/treasury,131196,catalog_specification,FMB_PLL_not_found,4,0,1,81,"destructive,windows_native",rebuild_source/forms/all_window_specs/MRPREPMPS0063.rebuild.md,FMB/PLL/PKS/PKB/DDL/Forms Builder
MRPREPMPS008.fmx,MRP/treasury,158132,catalog_specification,FMB_PLL_not_found,6,0,1,83,"destructive,windows_native",rebuild_source/forms/all_window_specs/MRPREPMPS008.rebuild.md,FMB/PLL/PKS/PKB/DDL/Forms Builder
MRPREPMPS009.fmx,MRP/treasury,128176,catalog_specification,FMB_PLL_not_found,4,0,1,58,"destructive,windows_native",rebuild_source/forms/all_window_specs/MRPREPMPS009.rebuild.md,FMB/PLL/PKS/PKB/DDL/Forms Builder
MRPREPPCM003.fmx,MRP/treasury,126864,catalog_specification,FMB_PLL_not_found,4,0,1,37,"destructive,windows_native",rebuild_source/forms/all_window_specs/MRPREPPCM003.rebuild.md,FMB/PLL/PKS/PKB/DDL/Forms Builder
MRPREPPCM006.fmx,MRP/treasury,120180,catalog_specification,FMB_PLL_not_found,4,0,1,33,"destructive,windows_native",rebuild_source/forms/all_window_specs/MRPREPPCM006.rebuild.md,FMB/PLL/PKS/PKB/DDL/Forms Builder
MRPREPPCM011.fmx,MRP/treasury,157908,catalog_specification,FMB_PLL_not_found,5,0,1,48,"destructive,windows_native",rebuild_source/forms/all_window_specs/MRPREPPCM011.rebuild.md,FMB/PLL/PKS/PKB/DDL/Forms Builder
MRPREPPCM014.fmx,MRP/treasury,138548,catalog_specification,FMB_PLL_not_found,4,0,1,36,"destructive,windows_native",rebuild_source/forms/all_window_specs/MRPREPPCM014.rebuild.md,FMB/PLL/PKS/PKB/DDL/Forms Builder
MRPREPPCM015.fmx,MRP/treasury,159976,catalog_specification,FMB_PLL_not_found,5,0,1,69,"destructive,windows_native",rebuild_source/forms/all_window_specs/MRPREPPCM015.rebuild.md,FMB/PLL/PKS/PKB/DDL/Forms Builder
MRPREPPCM017.fmx,MRP/treasury,158016,catalog_specification,FMB_PLL_not_found,4,0,1,45,"destructive,windows_native",rebuild_source/forms/all_window_specs/MRPREPPCM017.rebuild.md,FMB/PLL/PKS/PKB/DDL/Forms Builder
MRPREPPCM021.fmx,MRP/treasury,117540,catalog_specification,FMB_PLL_not_found,4,0,1,30,"destructive,windows_native",rebuild_source/forms/all_window_specs/MRPREPPCM021.rebuild.md,FMB/PLL/PKS/PKB/DDL/Forms Builder
MRPREPPCM022.fmx,MRP/treasury,115808,catalog_specification,FMB_PLL_not_found,4,0,1,33,"destructive,windows_native",rebuild_source/forms/all_window_specs/MRPREPPCM022.rebuild.md,FMB/PLL/PKS/PKB/DDL/Forms Builder
MRPREPPCM028.fmx,MRP/treasury,237552,catalog_specification,FMB_PLL_not_found,8,0,1,111,"destructive,windows_native",rebuild_source/forms/all_window_specs/MRPREPPCM028.rebuild.md,FMB/PLL/PKS/PKB/DDL/Forms Builder
MRPREPPCM029.fmx,MRP/treasury,191348,catalog_specification,FMB_PLL_not_found,8,0,1,82,"destructive,windows_native",rebuild_source/forms/all_window_specs/MRPREPPCM029.rebuild.md,FMB/PLL/PKS/PKB/DDL/Forms Builder
MRPREPPCM030.fmx,MRP/treasury,204196,catalog_specification,FMB_PLL_not_found,5,0,1,76,"destructive,windows_native",rebuild_source/forms/all_window_specs/MRPREPPCM030.rebuild.md,FMB/PLL/PKS/PKB/DDL/Forms Builder
MRPREPPCM031.fmx,MRP/treasury,109152,catalog_specification,FMB_PLL_not_found,4,0,1,37,"destructive,windows_native",rebuild_source/forms/all_window_specs/MRPREPPCM031.rebuild.md,FMB/PLL/PKS/PKB/DDL/Forms Builder
MRPREPPCM035.fmx,MRP/treasury,155604,catalog_specification,FMB_PLL_not_found,5,0,1,48,"destructive,windows_native",rebuild_source/forms/all_window_specs/MRPREPPCM035.rebuild.md,FMB/PLL/PKS/PKB/DDL/Forms Builder
MRPREPPCM036.fmx,MRP/treasury,161152,catalog_specification,FMB_PLL_not_found,4,0,1,50,"destructive,windows_native",rebuild_source/forms/all_window_specs/MRPREPPCM036.rebuild.md,FMB/PLL/PKS/PKB/DDL/Forms Builder
MRPREPPCM041.fmx,MRP/treasury,176880,catalog_specification,FMB_PLL_not_found,5,4,1,79,"destructive,windows_native",rebuild_source/forms/all_window_specs/MRPREPPCM041.rebuild.md,FMB/PLL/PKS/PKB/DDL/Forms Builder
MRPREPPCM050.fmx,MRP/treasury,199448,catalog_specification,FMB_PLL_not_found,5,0,1,80,"destructive,windows_native",rebuild_source/forms/all_window_specs/MRPREPPCM050.rebuild.md,FMB/PLL/PKS/PKB/DDL/Forms Builder
MRPREPPCM052.fmx,MRP/treasury,156116,catalog_specification,FMB_PLL_not_found,6,0,1,73,"destructive,windows_native",rebuild_source/forms/all_window_specs/MRPREPPCM052.rebuild.md,FMB/PLL/PKS/PKB/DDL/Forms Builder
MRPREPPCM062.fmx,MRP/treasury,119724,catalog_specification,FMB_PLL_not_found,4,0,1,39,"destructive,windows_native",rebuild_source/forms/all_window_specs/MRPREPPCM062.rebuild.md,FMB/PLL/PKS/PKB/DDL/Forms Builder
MRPREPPQC002.fmx,MRP/treasury,115120,catalog_specification,FMB_PLL_not_found,6,0,1,35,"destructive,windows_native",rebuild_source/forms/all_window_specs/MRPREPPQC002.rebuild.md,FMB/PLL/PKS/PKB/DDL/Forms Builder
MRPREPPQC004.fmx,MRP/treasury,122180,catalog_specification,FMB_PLL_not_found,4,0,1,39,"destructive,windows_native",rebuild_source/forms/all_window_specs/MRPREPPQC004.rebuild.md,FMB/PLL/PKS/PKB/DDL/Forms Builder
MRPREPPQC005.fmx,MRP/treasury,122140,catalog_specification,FMB_PLL_not_found,4,0,1,39,"destructive,windows_native",rebuild_source/forms/all_window_specs/MRPREPPQC005.rebuild.md,FMB/PLL/PKS/PKB/DDL/Forms Builder
MRPREPPQC007.fmx,MRP/treasury,135016,catalog_specification,FMB_PLL_not_found,4,0,1,49,"destructive,windows_native",rebuild_source/forms/all_window_specs/MRPREPPQC007.rebuild.md,FMB/PLL/PKS/PKB/DDL/Forms Builder
MRPREPPQC009.fmx,MRP/treasury,113964,catalog_specification,FMB_PLL_not_found,4,0,1,34,"destructive,windows_native",rebuild_source/forms/all_window_specs/MRPREPPQC009.rebuild.md,FMB/PLL/PKS/PKB/DDL/Forms Builder
MRPREPPQC010.fmx,MRP/treasury,145652,catalog_specification,FMB_PLL_not_found,4,0,1,44,"destructive,windows_native",rebuild_source/forms/all_window_specs/MRPREPPQC010.rebuild.md,FMB/PLL/PKS/PKB/DDL/Forms Builder
MRPREPPQC012.fmx,MRP/treasury,170668,catalog_specification,FMB_PLL_not_found,5,0,1,62,"destructive,windows_native",rebuild_source/forms/all_window_specs/MRPREPPQC012.rebuild.md,FMB/PLL/PKS/PKB/DDL/Forms Builder
MRPREPPQC015.fmx,MRP/treasury,194276,catalog_specification,FMB_PLL_not_found,4,0,1,79,"destructive,windows_native",rebuild_source/forms/all_window_specs/MRPREPPQC015.rebuild.md,FMB/PLL/PKS/PKB/DDL/Forms Builder
MRPREPPQC018.fmx,MRP/treasury,180028,catalog_specification,FMB_PLL_not_found,4,0,1,88,"destructive,windows_native",rebuild_source/forms/all_window_specs/MRPREPPQC018.rebuild.md,FMB/PLL/PKS/PKB/DDL/Forms Builder
MRPREPPQC111.fmx,MRP/treasury,109720,catalog_specification,FMB_PLL_not_found,4,0,1,31,"destructive,windows_native",rebuild_source/forms/all_window_specs/MRPREPPQC111.rebuild.md,FMB/PLL/PKS/PKB/DDL/Forms Builder
MRPREPSFC001.fmx,MRP/treasury,125920,catalog_specification,FMB_PLL_not_found,4,0,1,52,"credentials,destructive,windows_native",rebuild_source/forms/all_window_specs/MRPREPSFC001.rebuild.md,FMB/PLL/PKS/PKB/DDL/Forms Builder
MRPREPSFC010.fmx,MRP/treasury,180148,catalog_specification,FMB_PLL_not_found,8,0,1,83,"destructive,windows_native",rebuild_source/forms/all_window_specs/MRPREPSFC010.rebuild.md,FMB/PLL/PKS/PKB/DDL/Forms Builder
MRPREPSFC021.fmx,MRP/treasury,121284,catalog_specification,FMB_PLL_not_found,5,0,1,56,"destructive,windows_native",rebuild_source/forms/all_window_specs/MRPREPSFC021.rebuild.md,FMB/PLL/PKS/PKB/DDL/Forms Builder
MRPREPSFC025.fmx,MRP/treasury,130192,catalog_specification,FMB_PLL_not_found,6,0,1,59,"destructive,windows_native",rebuild_source/forms/all_window_specs/MRPREPSFC025.rebuild.md,FMB/PLL/PKS/PKB/DDL/Forms Builder
MRPREPSFC029.fmx,MRP/treasury,135908,catalog_specification,FMB_PLL_not_found,5,0,1,68,"destructive,windows_native",rebuild_source/forms/all_window_specs/MRPREPSFC029.rebuild.md,FMB/PLL/PKS/PKB/DDL/Forms Builder
MRPREPSFC046.fmx,MRP/treasury,125532,catalog_specification,FMB_PLL_not_found,4,0,1,57,"destructive,windows_native",rebuild_source/forms/all_window_specs/MRPREPSFC046.rebuild.md,FMB/PLL/PKS/PKB/DDL/Forms Builder
MRPREPSFC050.fmx,MRP/treasury,155804,catalog_specification,FMB_PLL_not_found,5,0,1,51,"ddl_privilege,destructive,windows_native",rebuild_source/forms/all_window_specs/MRPREPSFC050.rebuild.md,FMB/PLL/PKS/PKB/DDL/Forms Builder
MRPREPSFC051.fmx,MRP/treasury,144876,catalog_specification,FMB_PLL_not_found,6,0,1,50,"ddl_privilege,destructive,windows_native",rebuild_source/forms/all_window_specs/MRPREPSFC051.rebuild.md,FMB/PLL/PKS/PKB/DDL/Forms Builder
MRPREPSFC052.fmx,MRP/treasury,157504,catalog_specification,FMB_PLL_not_found,5,0,1,59,"ddl_privilege,destructive,windows_native",rebuild_source/forms/all_window_specs/MRPREPSFC052.rebuild.md,FMB/PLL/PKS/PKB/DDL/Forms Builder
MRPREPSGS001.fmx,MRP/treasury,106852,catalog_specification,FMB_PLL_not_found,5,0,1,41,"destructive,windows_native",rebuild_source/forms/all_window_specs/MRPREPSGS001.rebuild.md,FMB/PLL/PKS/PKB/DDL/Forms Builder
MRPREPSGS004.fmx,MRP/treasury,102228,catalog_specification,FMB_PLL_not_found,5,0,1,34,"destructive,windows_native",rebuild_source/forms/all_window_specs/MRPREPSGS004.rebuild.md,FMB/PLL/PKS/PKB/DDL/Forms Builder
MRPREPSGS005.fmx,MRP/treasury,107528,catalog_specification,FMB_PLL_not_found,5,0,1,35,"destructive,windows_native",rebuild_source/forms/all_window_specs/MRPREPSGS005.rebuild.md,FMB/PLL/PKS/PKB/DDL/Forms Builder
MRPREPSGS006.fmx,MRP/treasury,100772,catalog_specification,FMB_PLL_not_found,5,0,1,34,"destructive,windows_native",rebuild_source/forms/all_window_specs/MRPREPSGS006.rebuild.md,FMB/PLL/PKS/PKB/DDL/Forms Builder
MRPREPSGS012.fmx,MRP/treasury,102708,catalog_specification,FMB_PLL_not_found,5,0,1,33,"destructive,windows_native",rebuild_source/forms/all_window_specs/MRPREPSGS012.rebuild.md,FMB/PLL/PKS/PKB/DDL/Forms Builder
MRPSFC006.fmx,MRP/treasury,236772,catalog_specification,FMB_PLL_not_found,8,1,1,87,"destructive,windows_native",rebuild_source/forms/all_window_specs/MRPSFC006.rebuild.md,FMB/PLL/PKS/PKB/DDL/Forms Builder
MRPSFC023.fmx,MRP/treasury,337148,catalog_specification,FMB_PLL_not_found,14,0,1,111,"destructive,windows_native",rebuild_source/forms/all_window_specs/MRPSFC023.rebuild.md,FMB/PLL/PKS/PKB/DDL/Forms Builder
MRPSFC025.fmx,MRP/treasury,926288,catalog_specification,FMB_PLL_not_found,20,1,1,255,"destructive,windows_native",rebuild_source/forms/all_window_specs/MRPSFC025.rebuild.md,FMB/PLL/PKS/PKB/DDL/Forms Builder
MRPSFC026.fmx,MRP/treasury,259996,catalog_specification,FMB_PLL_not_found,11,0,1,114,"destructive,windows_native",rebuild_source/forms/all_window_specs/MRPSFC026.rebuild.md,FMB/PLL/PKS/PKB/DDL/Forms Builder
MRPSFC027.fmx,MRP/treasury,294144,catalog_specification,FMB_PLL_not_found,13,0,1,108,"destructive,windows_native",rebuild_source/forms/all_window_specs/MRPSFC027.rebuild.md,FMB/PLL/PKS/PKB/DDL/Forms Builder
MRPSFC028.fmx,MRP/treasury,225272,catalog_specification,FMB_PLL_not_found,10,0,1,82,"destructive,windows_native",rebuild_source/forms/all_window_specs/MRPSFC028.rebuild.md,FMB/PLL/PKS/PKB/DDL/Forms Builder
MRPSFC029.fmx,MRP/treasury,342052,catalog_specification,FMB_PLL_not_found,13,0,1,124,"ddl_privilege,destructive,windows_native",rebuild_source/forms/all_window_specs/MRPSFC029.rebuild.md,FMB/PLL/PKS/PKB/DDL/Forms Builder
MRPSFC030.fmx,MRP/treasury,363712,catalog_specification,FMB_PLL_not_found,9,1,1,137,"credentials,destructive,windows_native,session_control",rebuild_source/forms/all_window_specs/MRPSFC030.rebuild.md,FMB/PLL/PKS/PKB/DDL/Forms Builder
MRPSFC031.fmx,MRP/treasury,298608,catalog_specification,FMB_PLL_not_found,10,3,1,117,"credentials,ddl_privilege,destructive,dynamic_sql,windows_native,session_control",rebuild_source/forms/all_window_specs/MRPSFC031.rebuild.md,FMB/PLL/PKS/PKB/DDL/Forms Builder
MRPSFC032.fmx,MRP/treasury,178644,catalog_specification,FMB_PLL_not_found,8,0,1,69,"credentials,ddl_privilege,destructive,windows_native",rebuild_source/forms/all_window_specs/MRPSFC032.rebuild.md,FMB/PLL/PKS/PKB/DDL/Forms Builder
MRPSFC033.fmx,MRP/treasury,181836,catalog_specification,FMB_PLL_not_found,10,0,1,77,"credentials,destructive,windows_native",rebuild_source/forms/all_window_specs/MRPSFC033.rebuild.md,FMB/PLL/PKS/PKB/DDL/Forms Builder
MRPSFC043.fmx,MRP/treasury,116776,catalog_specification,FMB_PLL_not_found,5,0,1,53,"destructive,windows_native",rebuild_source/forms/all_window_specs/MRPSFC043.rebuild.md,FMB/PLL/PKS/PKB/DDL/Forms Builder
MRPSFC045.fmx,MRP/treasury,121936,catalog_specification,FMB_PLL_not_found,4,0,1,47,"destructive,windows_native",rebuild_source/forms/all_window_specs/MRPSFC045.rebuild.md,FMB/PLL/PKS/PKB/DDL/Forms Builder
MRPSFC046.fmx,MRP/treasury,282308,catalog_specification,FMB_PLL_not_found,9,0,1,116,"ddl_privilege,destructive,windows_native,session_control",rebuild_source/forms/all_window_specs/MRPSFC046.rebuild.md,FMB/PLL/PKS/PKB/DDL/Forms Builder
MRPSFC047.fmx,MRP/treasury,407348,catalog_specification,FMB_PLL_not_found,9,1,1,146,"credentials,destructive,windows_native,session_control",rebuild_source/forms/all_window_specs/MRPSFC047.rebuild.md,FMB/PLL/PKS/PKB/DDL/Forms Builder
MRPSFC048.fmx,MRP/treasury,153548,catalog_specification,FMB_PLL_not_found,5,1,1,59,"credentials,destructive,windows_native",rebuild_source/forms/all_window_specs/MRPSFC048.rebuild.md,FMB/PLL/PKS/PKB/DDL/Forms Builder
MRPSFC07.fmx,MRP/treasury,144764,catalog_specification,FMB_PLL_not_found,5,3,1,56,"credentials,destructive,windows_native",rebuild_source/forms/all_window_specs/MRPSFC07.rebuild.md,FMB/PLL/PKS/PKB/DDL/Forms Builder
MRPSGS04.fmx,MRP/treasury,105376,catalog_specification,FMB_PLL_not_found,7,0,1,37,"ddl_privilege,destructive,windows_native",rebuild_source/forms/all_window_specs/MRPSGS04.rebuild.md,FMB/PLL/PKS/PKB/DDL/Forms Builder
MRPSGS06.fmx,MRP/treasury,198116,catalog_specification,FMB_PLL_not_found,5,0,1,66,"destructive,windows_native",rebuild_source/forms/all_window_specs/MRPSGS06.rebuild.md,FMB/PLL/PKS/PKB/DDL/Forms Builder
MRPSGS08.fmx,MRP/treasury,136564,catalog_specification,FMB_PLL_not_found,6,0,1,54,"ddl_privilege,destructive,windows_native",rebuild_source/forms/all_window_specs/MRPSGS08.rebuild.md,FMB/PLL/PKS/PKB/DDL/Forms Builder
MRPSGS13.fmx,MRP/treasury,144216,catalog_specification,FMB_PLL_not_found,4,0,1,62,"destructive,windows_native",rebuild_source/forms/all_window_specs/MRPSGS13.rebuild.md,FMB/PLL/PKS/PKB/DDL/Forms Builder
MRPUPGRADE.fmx,MRP/treasury,46496,catalog_specification,FMB_PLL_not_found,4,0,0,43,"credentials,ddl_privilege,destructive,dynamic_sql,windows_native",rebuild_source/forms/all_window_specs/MRPUPGRADE.rebuild.md,FMB/PLL/PKS/PKB/DDL/Forms Builder
MTXAGNT01.fmx,inventory/stock,96180,catalog_specification,FMB_PLL_not_found,7,0,1,35,"destructive,windows_native",rebuild_source/forms/all_window_specs/MTXAGNT01.rebuild.md,FMB/PLL/PKS/PKB/DDL/Forms Builder
MTXBCK001.fmx,inventory/stock,102804,catalog_specification,FMB_PLL_not_found,6,0,1,40,"destructive,windows_native",rebuild_source/forms/all_window_specs/MTXBCK001.rebuild.md,FMB/PLL/PKS/PKB/DDL/Forms Builder
MTXBCK002.fmx,inventory/stock,103396,catalog_specification,FMB_PLL_not_found,6,0,1,40,"destructive,windows_native",rebuild_source/forms/all_window_specs/MTXBCK002.rebuild.md,FMB/PLL/PKS/PKB/DDL/Forms Builder
MTXBILR01.fmx,inventory/stock,118688,catalog_specification,FMB_PLL_not_found,7,0,1,41,"destructive,windows_native",rebuild_source/forms/all_window_specs/MTXBILR01.rebuild.md,FMB/PLL/PKS/PKB/DDL/Forms Builder
MTXBLL001.fmx,inventory/stock,80884,catalog_specification,FMB_PLL_not_found,6,1,1,23,"destructive,windows_native",rebuild_source/forms/all_window_specs/MTXBLL001.rebuild.md,FMB/PLL/PKS/PKB/DDL/Forms Builder
MTXBLR002.fmx,inventory/stock,108488,catalog_specification,FMB_PLL_not_found,6,0,1,35,"destructive,windows_native",rebuild_source/forms/all_window_specs/MTXBLR002.rebuild.md,FMB/PLL/PKS/PKB/DDL/Forms Builder
MTXBNK001.fmx,inventory/stock,99464,catalog_specification,FMB_PLL_not_found,6,0,1,31,"destructive,windows_native",rebuild_source/forms/all_window_specs/MTXBNK001.rebuild.md,FMB/PLL/PKS/PKB/DDL/Forms Builder
MTXCAT001.fmx,inventory/stock,431528,catalog_specification,FMB_PLL_not_found,17,5,1,107,"destructive,windows_native",rebuild_source/forms/all_window_specs/MTXCAT001.rebuild.md,FMB/PLL/PKS/PKB/DDL/Forms Builder
MTXCATR01.fmx,inventory/stock,426380,catalog_specification,FMB_PLL_not_found,16,5,1,101,"destructive,windows_native",rebuild_source/forms/all_window_specs/MTXCATR01.rebuild.md,FMB/PLL/PKS/PKB/DDL/Forms Builder
MTXCCK001.fmx,inventory/stock,204860,catalog_specification,FMB_PLL_not_found,8,4,1,53,"destructive,windows_native",rebuild_source/forms/all_window_specs/MTXCCK001.rebuild.md,FMB/PLL/PKS/PKB/DDL/Forms Builder
MTXCHKR001.fmx,inventory/stock,96852,catalog_specification,FMB_PLL_not_found,6,1,1,36,"destructive,windows_native",rebuild_source/forms/all_window_specs/MTXCHKR001.rebuild.md,FMB/PLL/PKS/PKB/DDL/Forms Builder
MTXCHKR03.fmx,inventory/stock,92464,catalog_specification,FMB_PLL_not_found,7,0,1,28,"destructive,windows_native",rebuild_source/forms/all_window_specs/MTXCHKR03.rebuild.md,FMB/PLL/PKS/PKB/DDL/Forms Builder
MTXCOD006.fmx,inventory/stock,80560,catalog_specification,FMB_PLL_not_found,6,0,1,18,"destructive,windows_native",rebuild_source/forms/all_window_specs/MTXCOD006.rebuild.md,FMB/PLL/PKS/PKB/DDL/Forms Builder
MTXCOD007.fmx,inventory/stock,79080,catalog_specification,FMB_PLL_not_found,6,0,1,18,"destructive,windows_native",rebuild_source/forms/all_window_specs/MTXCOD007.rebuild.md,FMB/PLL/PKS/PKB/DDL/Forms Builder
MTXCOD008.fmx,inventory/stock,79072,catalog_specification,FMB_PLL_not_found,6,0,1,18,"destructive,windows_native",rebuild_source/forms/all_window_specs/MTXCOD008.rebuild.md,FMB/PLL/PKS/PKB/DDL/Forms Builder
MTXCOD009.fmx,inventory/stock,80492,catalog_specification,FMB_PLL_not_found,6,0,1,20,"credentials,destructive,windows_native",rebuild_source/forms/all_window_specs/MTXCOD009.rebuild.md,FMB/PLL/PKS/PKB/DDL/Forms Builder
MTXCOD010.fmx,inventory/stock,79484,catalog_specification,FMB_PLL_not_found,6,0,1,19,"destructive,windows_native",rebuild_source/forms/all_window_specs/MTXCOD010.rebuild.md,FMB/PLL/PKS/PKB/DDL/Forms Builder
MTXCOD011.fmx,inventory/stock,80616,catalog_specification,FMB_PLL_not_found,6,0,1,20,"destructive,windows_native",rebuild_source/forms/all_window_specs/MTXCOD011.rebuild.md,FMB/PLL/PKS/PKB/DDL/Forms Builder
MTXCOD021.fmx,inventory/stock,80288,catalog_specification,FMB_PLL_not_found,6,0,1,18,"destructive,windows_native",rebuild_source/forms/all_window_specs/MTXCOD021.rebuild.md,FMB/PLL/PKS/PKB/DDL/Forms Builder
MTXCOM001.fmx,inventory/stock,94028,catalog_specification,FMB_PLL_not_found,6,0,1,32,"destructive,windows_native",rebuild_source/forms/all_window_specs/MTXCOM001.rebuild.md,FMB/PLL/PKS/PKB/DDL/Forms Builder
MTXCOM002.fmx,inventory/stock,105516,catalog_specification,FMB_PLL_not_found,6,0,1,29,"credentials,destructive,windows_native",rebuild_source/forms/all_window_specs/MTXCOM002.rebuild.md,FMB/PLL/PKS/PKB/DDL/Forms Builder
MTXCOM003.fmx,inventory/stock,200084,catalog_specification,FMB_PLL_not_found,6,5,2,67,"credentials,destructive,windows_native",rebuild_source/forms/all_window_specs/MTXCOM003.rebuild.md,FMB/PLL/PKS/PKB/DDL/Forms Builder
MTXCOM004.fmx,inventory/stock,183316,catalog_specification,FMB_PLL_not_found,6,3,1,63,"destructive,windows_native",rebuild_source/forms/all_window_specs/MTXCOM004.rebuild.md,FMB/PLL/PKS/PKB/DDL/Forms Builder
MTXCRP003.fmx,inventory/stock,89880,catalog_specification,FMB_PLL_not_found,6,0,1,28,"destructive,windows_native",rebuild_source/forms/all_window_specs/MTXCRP003.rebuild.md,FMB/PLL/PKS/PKB/DDL/Forms Builder
MTXCRP004.fmx,inventory/stock,92588,catalog_specification,FMB_PLL_not_found,6,0,1,32,"destructive,windows_native",rebuild_source/forms/all_window_specs/MTXCRP004.rebuild.md,FMB/PLL/PKS/PKB/DDL/Forms Builder
MTXCRP005.fmx,inventory/stock,96384,catalog_specification,FMB_PLL_not_found,6,0,1,30,"destructive,windows_native",rebuild_source/forms/all_window_specs/MTXCRP005.rebuild.md,FMB/PLL/PKS/PKB/DDL/Forms Builder
MTXCSHR02.fmx,inventory/stock,107480,catalog_specification,FMB_PLL_not_found,6,0,1,39,"destructive,windows_native",rebuild_source/forms/all_window_specs/MTXCSHR02.rebuild.md,FMB/PLL/PKS/PKB/DDL/Forms Builder
MTXCSHR03.fmx,inventory/stock,105428,catalog_specification,FMB_PLL_not_found,6,0,1,37,"destructive,windows_native",rebuild_source/forms/all_window_specs/MTXCSHR03.rebuild.md,FMB/PLL/PKS/PKB/DDL/Forms Builder
MTXCSTR01.fmx,inventory/stock,159372,catalog_specification,FMB_PLL_not_found,8,3,1,52,"destructive,windows_native",rebuild_source/forms/all_window_specs/MTXCSTR01.rebuild.md,FMB/PLL/PKS/PKB/DDL/Forms Builder
MTXFEE005.fmx,inventory/stock,96260,catalog_specification,FMB_PLL_not_found,6,1,1,30,"destructive,windows_native",rebuild_source/forms/all_window_specs/MTXFEE005.rebuild.md,FMB/PLL/PKS/PKB/DDL/Forms Builder
MTXGLD004.fmx,inventory/stock,222976,catalog_specification,FMB_PLL_not_found,8,7,1,70,"destructive,windows_native",rebuild_source/forms/all_window_specs/MTXGLD004.rebuild.md,FMB/PLL/PKS/PKB/DDL/Forms Builder
MTXGLD008.fmx,inventory/stock,782792,catalog_specification,FMB_PLL_not_found,14,9,1,250,"destructive,windows_native,network",rebuild_source/forms/all_window_specs/MTXGLD008.rebuild.md,FMB/PLL/PKS/PKB/DDL/Forms Builder
MTXGLD018.fmx,inventory/stock,445176,catalog_specification,FMB_PLL_not_found,17,8,1,117,"destructive,windows_native",rebuild_source/forms/all_window_specs/MTXGLD018.rebuild.md,FMB/PLL/PKS/PKB/DDL/Forms Builder
MTXGLD019.fmx,inventory/stock,398124,catalog_specification,FMB_PLL_not_found,17,7,1,103,"destructive,windows_native",rebuild_source/forms/all_window_specs/MTXGLD019.rebuild.md,FMB/PLL/PKS/PKB/DDL/Forms Builder
MTXGLD021.fmx,inventory/stock,594908,catalog_specification,FMB_PLL_not_found,15,11,1,148,"destructive,windows_native",rebuild_source/forms/all_window_specs/MTXGLD021.rebuild.md,FMB/PLL/PKS/PKB/DDL/Forms Builder
MTXGLR018.fmx,inventory/stock,414788,catalog_specification,FMB_PLL_not_found,17,6,1,113,"destructive,windows_native",rebuild_source/forms/all_window_specs/MTXGLR018.rebuild.md,FMB/PLL/PKS/PKB/DDL/Forms Builder
MTXGLR019.fmx,inventory/stock,412900,catalog_specification,FMB_PLL_not_found,17,6,1,112,"destructive,windows_native",rebuild_source/forms/all_window_specs/MTXGLR019.rebuild.md,FMB/PLL/PKS/PKB/DDL/Forms Builder
MTXGRP009.fmx,inventory/stock,105868,catalog_specification,FMB_PLL_not_found,6,0,1,35,"destructive,windows_native",rebuild_source/forms/all_window_specs/MTXGRP009.rebuild.md,FMB/PLL/PKS/PKB/DDL/Forms Builder
MTXIAMD01.fmx,inventory/stock,121924,catalog_specification,FMB_PLL_not_found,7,0,1,37,"destructive,windows_native",rebuild_source/forms/all_window_specs/MTXIAMD01.rebuild.md,FMB/PLL/PKS/PKB/DDL/Forms Builder
MTXINR001.fmx,inventory/stock,88092,catalog_specification,FMB_PLL_not_found,6,0,1,27,"destructive,windows_native",rebuild_source/forms/all_window_specs/MTXINR001.rebuild.md,FMB/PLL/PKS/PKB/DDL/Forms Builder
MTXINR002.fmx,inventory/stock,132392,catalog_specification,FMB_PLL_not_found,6,0,1,49,"destructive,windows_native",rebuild_source/forms/all_window_specs/MTXINR002.rebuild.md,FMB/PLL/PKS/PKB/DDL/Forms Builder
MTXINR003.fmx,inventory/stock,126604,catalog_specification,FMB_PLL_not_found,6,0,1,34,"destructive,windows_native",rebuild_source/forms/all_window_specs/MTXINR003.rebuild.md,FMB/PLL/PKS/PKB/DDL/Forms Builder
MTXINR018.fmx,inventory/stock,106884,catalog_specification,FMB_PLL_not_found,6,0,1,38,"destructive,windows_native",rebuild_source/forms/all_window_specs/MTXINR018.rebuild.md,FMB/PLL/PKS/PKB/DDL/Forms Builder
MTXINR021.fmx,inventory/stock,144816,catalog_specification,FMB_PLL_not_found,8,4,1,49,"destructive,windows_native",rebuild_source/forms/all_window_specs/MTXINR021.rebuild.md,FMB/PLL/PKS/PKB/DDL/Forms Builder
MTXINW002.fmx,inventory/stock,596244,catalog_specification,FMB_PLL_not_found,8,3,1,157,"destructive,dynamic_sql,windows_native",rebuild_source/forms/all_window_specs/MTXINW002.rebuild.md,FMB/PLL/PKS/PKB/DDL/Forms Builder
MTXINW003.fmx,inventory/stock,393708,catalog_specification,FMB_PLL_not_found,10,6,1,150,"destructive,windows_native,network",rebuild_source/forms/all_window_specs/MTXINW003.rebuild.md,FMB/PLL/PKS/PKB/DDL/Forms Builder
MTXINW006.fmx,inventory/stock,193580,catalog_specification,FMB_PLL_not_found,8,2,1,65,"destructive,windows_native",rebuild_source/forms/all_window_specs/MTXINW006.rebuild.md,FMB/PLL/PKS/PKB/DDL/Forms Builder
MTXINW007.fmx,inventory/stock,114752,catalog_specification,FMB_PLL_not_found,6,2,1,31,"destructive,windows_native",rebuild_source/forms/all_window_specs/MTXINW007.rebuild.md,FMB/PLL/PKS/PKB/DDL/Forms Builder
MTXINW008.fmx,inventory/stock,220784,catalog_specification,FMB_PLL_not_found,9,2,1,87,"destructive,windows_native",rebuild_source/forms/all_window_specs/MTXINW008.rebuild.md,FMB/PLL/PKS/PKB/DDL/Forms Builder
MTXINW009.fmx,inventory/stock,204188,catalog_specification,FMB_PLL_not_found,8,0,1,74,"destructive,windows_native",rebuild_source/forms/all_window_specs/MTXINW009.rebuild.md,FMB/PLL/PKS/PKB/DDL/Forms Builder
MTXINW010.fmx,inventory/stock,265260,catalog_specification,FMB_PLL_not_found,9,6,1,74,"destructive,windows_native",rebuild_source/forms/all_window_specs/MTXINW010.rebuild.md,FMB/PLL/PKS/PKB/DDL/Forms Builder
MTXMNT001.fmx,inventory/stock,166916,catalog_specification,FMB_PLL_not_found,6,1,1,45,"destructive,windows_native",rebuild_source/forms/all_window_specs/MTXMNT001.rebuild.md,FMB/PLL/PKS/PKB/DDL/Forms Builder
MTXMNT003.fmx,inventory/stock,369452,catalog_specification,FMB_PLL_not_found,7,0,1,125,"credentials,destructive,windows_native",rebuild_source/forms/all_window_specs/MTXMNT003.rebuild.md,FMB/PLL/PKS/PKB/DDL/Forms Builder
MTXMNT007.fmx,inventory/stock,386552,catalog_specification,FMB_PLL_not_found,10,4,1,118,"credentials,destructive,windows_native",rebuild_source/forms/all_window_specs/MTXMNT007.rebuild.md,FMB/PLL/PKS/PKB/DDL/Forms Builder
MTXMNT010.fmx,inventory/stock,102780,catalog_specification,FMB_PLL_not_found,6,1,1,33,"destructive,windows_native",rebuild_source/forms/all_window_specs/MTXMNT010.rebuild.md,FMB/PLL/PKS/PKB/DDL/Forms Builder
MTXOAMD01.fmx,inventory/stock,100456,catalog_specification,FMB_PLL_not_found,7,0,1,38,"destructive,windows_native",rebuild_source/forms/all_window_specs/MTXOAMD01.rebuild.md,FMB/PLL/PKS/PKB/DDL/Forms Builder
MTXOCKR001.fmx,inventory/stock,88804,catalog_specification,FMB_PLL_not_found,6,0,1,31,"destructive,windows_native",rebuild_source/forms/all_window_specs/MTXOCKR001.rebuild.md,FMB/PLL/PKS/PKB/DDL/Forms Builder
MTXOCKR002.fmx,inventory/stock,88192,catalog_specification,FMB_PLL_not_found,6,0,1,27,"destructive,windows_native",rebuild_source/forms/all_window_specs/MTXOCKR002.rebuild.md,FMB/PLL/PKS/PKB/DDL/Forms Builder
MTXOCKR003.fmx,inventory/stock,88088,catalog_specification,FMB_PLL_not_found,6,0,1,27,"destructive,windows_native",rebuild_source/forms/all_window_specs/MTXOCKR003.rebuild.md,FMB/PLL/PKS/PKB/DDL/Forms Builder
MTXOCKR004.fmx,inventory/stock,88088,catalog_specification,FMB_PLL_not_found,6,0,1,27,"destructive,windows_native",rebuild_source/forms/all_window_specs/MTXOCKR004.rebuild.md,FMB/PLL/PKS/PKB/DDL/Forms Builder
MTXOCKR005.fmx,inventory/stock,88088,catalog_specification,FMB_PLL_not_found,6,0,1,27,"destructive,windows_native",rebuild_source/forms/all_window_specs/MTXOCKR005.rebuild.md,FMB/PLL/PKS/PKB/DDL/Forms Builder
MTXOCKR006.fmx,inventory/stock,99924,catalog_specification,FMB_PLL_not_found,6,0,1,32,"destructive,windows_native",rebuild_source/forms/all_window_specs/MTXOCKR006.rebuild.md,FMB/PLL/PKS/PKB/DDL/Forms Builder
MTXOUT001.fmx,inventory/stock,644088,catalog_specification,FMB_PLL_not_found,19,5,1,174,"destructive,dynamic_sql,windows_native,network",rebuild_source/forms/all_window_specs/MTXOUT001.rebuild.md,FMB/PLL/PKS/PKB/DDL/Forms Builder
MTXOUT002.fmx,inventory/stock,159672,catalog_specification,FMB_PLL_not_found,6,1,1,34,"destructive,windows_native",rebuild_source/forms/all_window_specs/MTXOUT002.rebuild.md,FMB/PLL/PKS/PKB/DDL/Forms Builder
MTXOUT003.fmx,inventory/stock,172224,catalog_specification,FMB_PLL_not_found,6,0,1,60,"destructive,windows_native,network",rebuild_source/forms/all_window_specs/MTXOUT003.rebuild.md,FMB/PLL/PKS/PKB/DDL/Forms Builder
MTXOUT004.fmx,inventory/stock,887940,catalog_specification,FMB_PLL_not_found,12,7,1,206,"destructive,dynamic_sql,windows_native,network",rebuild_source/forms/all_window_specs/MTXOUT004.rebuild.md,FMB/PLL/PKS/PKB/DDL/Forms Builder
MTXOUT005.fmx,inventory/stock,338408,catalog_specification,FMB_PLL_not_found,7,6,1,128,"destructive,windows_native,network",rebuild_source/forms/all_window_specs/MTXOUT005.rebuild.md,FMB/PLL/PKS/PKB/DDL/Forms Builder
MTXOUT010.fmx,inventory/stock,206520,catalog_specification,FMB_PLL_not_found,6,1,1,58,"destructive,windows_native",rebuild_source/forms/all_window_specs/MTXOUT010.rebuild.md,FMB/PLL/PKS/PKB/DDL/Forms Builder
MTXOUT014.fmx,inventory/stock,135248,catalog_specification,FMB_PLL_not_found,6,1,1,44,"destructive,windows_native",rebuild_source/forms/all_window_specs/MTXOUT014.rebuild.md,FMB/PLL/PKS/PKB/DDL/Forms Builder
MTXOUT015.fmx,inventory/stock,134976,catalog_specification,FMB_PLL_not_found,6,1,1,46,"destructive,windows_native",rebuild_source/forms/all_window_specs/MTXOUT015.rebuild.md,FMB/PLL/PKS/PKB/DDL/Forms Builder
MTXOUT016.fmx,inventory/stock,100520,catalog_specification,FMB_PLL_not_found,6,0,1,31,"destructive,windows_native",rebuild_source/forms/all_window_specs/MTXOUT016.rebuild.md,FMB/PLL/PKS/PKB/DDL/Forms Builder
MTXOUT017.fmx,inventory/stock,216392,catalog_specification,FMB_PLL_not_found,9,0,1,77,"destructive,windows_native",rebuild_source/forms/all_window_specs/MTXOUT017.rebuild.md,FMB/PLL/PKS/PKB/DDL/Forms Builder
MTXOUT018.fmx,inventory/stock,179624,catalog_specification,FMB_PLL_not_found,8,2,1,54,"destructive,windows_native",rebuild_source/forms/all_window_specs/MTXOUT018.rebuild.md,FMB/PLL/PKS/PKB/DDL/Forms Builder
MTXOUT019.fmx,inventory/stock,167420,catalog_specification,FMB_PLL_not_found,8,0,1,48,"destructive,windows_native",rebuild_source/forms/all_window_specs/MTXOUT019.rebuild.md,FMB/PLL/PKS/PKB/DDL/Forms Builder
MTXOUTR001.fmx,inventory/stock,88088,catalog_specification,FMB_PLL_not_found,6,0,1,27,"destructive,windows_native",rebuild_source/forms/all_window_specs/MTXOUTR001.rebuild.md,FMB/PLL/PKS/PKB/DDL/Forms Builder
MTXOUTR008.fmx,inventory/stock,107640,catalog_specification,FMB_PLL_not_found,7,1,1,32,"destructive,windows_native",rebuild_source/forms/all_window_specs/MTXOUTR008.rebuild.md,FMB/PLL/PKS/PKB/DDL/Forms Builder
MTXOUTR010.fmx,inventory/stock,111460,catalog_specification,FMB_PLL_not_found,7,0,1,35,"destructive,windows_native",rebuild_source/forms/all_window_specs/MTXOUTR010.rebuild.md,FMB/PLL/PKS/PKB/DDL/Forms Builder
MTXOUTR011.fmx,inventory/stock,121956,catalog_specification,FMB_PLL_not_found,7,0,1,36,"destructive,windows_native",rebuild_source/forms/all_window_specs/MTXOUTR011.rebuild.md,FMB/PLL/PKS/PKB/DDL/Forms Builder
MTXOUTR09.fmx,inventory/stock,126676,catalog_specification,FMB_PLL_not_found,7,0,1,38,"destructive,windows_native",rebuild_source/forms/all_window_specs/MTXOUTR09.rebuild.md,FMB/PLL/PKS/PKB/DDL/Forms Builder
MTXRESBKUP.fmx,inventory/stock,70928,catalog_specification,FMB_PLL_not_found,2,0,0,32,"credentials,ddl_privilege,destructive,windows_native",rebuild_source/forms/all_window_specs/MTXRESBKUP.rebuild.md,FMB/PLL/PKS/PKB/DDL/Forms Builder
MTXROP002.fmx,inventory/stock,103460,catalog_specification,FMB_PLL_not_found,6,1,1,52,"destructive,windows_native",rebuild_source/forms/all_window_specs/MTXROP002.rebuild.md,FMB/PLL/PKS/PKB/DDL/Forms Builder
MTXRP39.fmx,inventory/stock,120868,catalog_specification,FMB_PLL_not_found,7,0,1,37,"destructive,windows_native",rebuild_source/forms/all_window_specs/MTXRP39.rebuild.md,FMB/PLL/PKS/PKB/DDL/Forms Builder
MTXSTP001.fmx,inventory/stock,239248,catalog_specification,FMB_PLL_not_found,17,5,1,92,"ddl_privilege,destructive,windows_native",rebuild_source/forms/all_window_specs/MTXSTP001.rebuild.md,FMB/PLL/PKS/PKB/DDL/Forms Builder
MTXSTP002.fmx,inventory/stock,121092,catalog_specification,FMB_PLL_not_found,6,0,1,38,"destructive,windows_native",rebuild_source/forms/all_window_specs/MTXSTP002.rebuild.md,FMB/PLL/PKS/PKB/DDL/Forms Builder
MTXSTP006.fmx,inventory/stock,116200,catalog_specification,FMB_PLL_not_found,6,1,1,30,"destructive,windows_native",rebuild_source/forms/all_window_specs/MTXSTP006.rebuild.md,FMB/PLL/PKS/PKB/DDL/Forms Builder
MTXSTP007.fmx,inventory/stock,98080,catalog_specification,FMB_PLL_not_found,6,0,1,21,"destructive,windows_native",rebuild_source/forms/all_window_specs/MTXSTP007.rebuild.md,FMB/PLL/PKS/PKB/DDL/Forms Builder
MTXSTP009.fmx,inventory/stock,101552,catalog_specification,FMB_PLL_not_found,6,0,1,26,"destructive,windows_native",rebuild_source/forms/all_window_specs/MTXSTP009.rebuild.md,FMB/PLL/PKS/PKB/DDL/Forms Builder
MTXSTP010.fmx,inventory/stock,187756,catalog_specification,FMB_PLL_not_found,8,1,1,48,"destructive,windows_native",rebuild_source/forms/all_window_specs/MTXSTP010.rebuild.md,FMB/PLL/PKS/PKB/DDL/Forms Builder
MTXSTP011.fmx,inventory/stock,123480,catalog_specification,FMB_PLL_not_found,6,0,1,45,"destructive,windows_native",rebuild_source/forms/all_window_specs/MTXSTP011.rebuild.md,FMB/PLL/PKS/PKB/DDL/Forms Builder
MTXSTP012.fmx,inventory/stock,115284,catalog_specification,FMB_PLL_not_found,6,0,1,46,"destructive,windows_native",rebuild_source/forms/all_window_specs/MTXSTP012.rebuild.md,FMB/PLL/PKS/PKB/DDL/Forms Builder
MTXSTP022.fmx,inventory/stock,235132,catalog_specification,FMB_PLL_not_found,8,2,1,40,"destructive,windows_native",rebuild_source/forms/all_window_specs/MTXSTP022.rebuild.md,FMB/PLL/PKS/PKB/DDL/Forms Builder
MTXSTP024.fmx,inventory/stock,134624,catalog_specification,FMB_PLL_not_found,6,0,1,46,"destructive,windows_native",rebuild_source/forms/all_window_specs/MTXSTP024.rebuild.md,FMB/PLL/PKS/PKB/DDL/Forms Builder
MTXSTP026.fmx,inventory/stock,110776,catalog_specification,FMB_PLL_not_found,6,3,1,44,"destructive,windows_native",rebuild_source/forms/all_window_specs/MTXSTP026.rebuild.md,FMB/PLL/PKS/PKB/DDL/Forms Builder
MTXSTP036.fmx,inventory/stock,85604,catalog_specification,FMB_PLL_not_found,6,0,1,21,"destructive,windows_native",rebuild_source/forms/all_window_specs/MTXSTP036.rebuild.md,FMB/PLL/PKS/PKB/DDL/Forms Builder
MTXSTP040.fmx,inventory/stock,120904,catalog_specification,FMB_PLL_not_found,6,1,1,33,"destructive,windows_native",rebuild_source/forms/all_window_specs/MTXSTP040.rebuild.md,FMB/PLL/PKS/PKB/DDL/Forms Builder
MTXSTP042.fmx,inventory/stock,131308,catalog_specification,FMB_PLL_not_found,8,0,1,39,"destructive,windows_native",rebuild_source/forms/all_window_specs/MTXSTP042.rebuild.md,FMB/PLL/PKS/PKB/DDL/Forms Builder
MTXSTP043.fmx,inventory/stock,156368,catalog_specification,FMB_PLL_not_found,14,2,1,60,"destructive,windows_native",rebuild_source/forms/all_window_specs/MTXSTP043.rebuild.md,FMB/PLL/PKS/PKB/DDL/Forms Builder
MTXTRS001.fmx,inventory/stock,337820,catalog_specification,FMB_PLL_not_found,14,4,1,88,"destructive,windows_native",rebuild_source/forms/all_window_specs/MTXTRS001.rebuild.md,FMB/PLL/PKS/PKB/DDL/Forms Builder
MTXTRS002.fmx,inventory/stock,375264,catalog_specification,FMB_PLL_not_found,13,4,1,86,"destructive,windows_native",rebuild_source/forms/all_window_specs/MTXTRS002.rebuild.md,FMB/PLL/PKS/PKB/DDL/Forms Builder
MTXTRSR01.fmx,inventory/stock,133356,catalog_specification,FMB_PLL_not_found,8,3,1,38,"destructive,windows_native",rebuild_source/forms/all_window_specs/MTXTRSR01.rebuild.md,FMB/PLL/PKS/PKB/DDL/Forms Builder
MTXTRSR02.fmx,inventory/stock,136268,catalog_specification,FMB_PLL_not_found,8,3,1,42,"destructive,windows_native",rebuild_source/forms/all_window_specs/MTXTRSR02.rebuild.md,FMB/PLL/PKS/PKB/DDL/Forms Builder
MTXTRSR03.fmx,inventory/stock,139552,catalog_specification,FMB_PLL_not_found,8,3,1,38,"destructive,windows_native",rebuild_source/forms/all_window_specs/MTXTRSR03.rebuild.md,FMB/PLL/PKS/PKB/DDL/Forms Builder
MTXTRV002.fmx,inventory/stock,100448,catalog_specification,FMB_PLL_not_found,6,1,1,27,"credentials,destructive,windows_native",rebuild_source/forms/all_window_specs/MTXTRV002.rebuild.md,FMB/PLL/PKS/PKB/DDL/Forms Builder
MTXTRV004.fmx,inventory/stock,123024,catalog_specification,FMB_PLL_not_found,6,0,1,37,"destructive,windows_native",rebuild_source/forms/all_window_specs/MTXTRV004.rebuild.md,FMB/PLL/PKS/PKB/DDL/Forms Builder
MTXWST002.fmx,inventory/stock,325288,catalog_specification,FMB_PLL_not_found,7,7,1,72,"destructive,windows_native",rebuild_source/forms/all_window_specs/MTXWST002.rebuild.md,FMB/PLL/PKS/PKB/DDL/Forms Builder
MTXWST003.fmx,inventory/stock,115104,catalog_specification,FMB_PLL_not_found,7,0,1,35,"destructive,windows_native",rebuild_source/forms/all_window_specs/MTXWST003.rebuild.md,FMB/PLL/PKS/PKB/DDL/Forms Builder
MTXXCH009.fmx,inventory/stock,299300,catalog_specification,FMB_PLL_not_found,8,1,1,68,"destructive,windows_native",rebuild_source/forms/all_window_specs/MTXXCH009.rebuild.md,FMB/PLL/PKS/PKB/DDL/Forms Builder
MTXXCH011.fmx,inventory/stock,171620,catalog_specification,FMB_PLL_not_found,7,2,1,71,"destructive,windows_native",rebuild_source/forms/all_window_specs/MTXXCH011.rebuild.md,FMB/PLL/PKS/PKB/DDL/Forms Builder
MTX_ERP_DBA.fmx,inventory/stock,40088,catalog_specification,FMB_PLL_not_found,14,0,0,39,"credentials,ddl_privilege,windows_native",rebuild_source/forms/all_window_specs/MTX_ERP_DBA.rebuild.md,FMB/PLL/PKS/PKB/DDL/Forms Builder
MtxXrp001.fmx,inventory/stock,92544,catalog_specification,FMB_PLL_not_found,6,0,1,29,"destructive,windows_native",rebuild_source/forms/all_window_specs/MtxXrp001.rebuild.md,FMB/PLL/PKS/PKB/DDL/Forms Builder
MtxXrp002.fmx,inventory/stock,158040,catalog_specification,FMB_PLL_not_found,8,3,1,43,"destructive,windows_native",rebuild_source/forms/all_window_specs/MtxXrp002.rebuild.md,FMB/PLL/PKS/PKB/DDL/Forms Builder
MtxXrp003.fmx,inventory/stock,135580,catalog_specification,FMB_PLL_not_found,8,3,1,40,"destructive,windows_native",rebuild_source/forms/all_window_specs/MtxXrp003.rebuild.md,FMB/PLL/PKS/PKB/DDL/Forms Builder
MtxXrp004.fmx,inventory/stock,135620,catalog_specification,FMB_PLL_not_found,8,3,1,40,"destructive,windows_native",rebuild_source/forms/all_window_specs/MtxXrp004.rebuild.md,FMB/PLL/PKS/PKB/DDL/Forms Builder
MtxXrp022.fmx,inventory/stock,170104,catalog_specification,FMB_PLL_not_found,8,3,1,45,"destructive,windows_native",rebuild_source/forms/all_window_specs/MtxXrp022.rebuild.md,FMB/PLL/PKS/PKB/DDL/Forms Builder
Mtxblr001.fmx,inventory/stock,94748,catalog_specification,FMB_PLL_not_found,6,0,1,34,"destructive,windows_native",rebuild_source/forms/all_window_specs/Mtxblr001.rebuild.md,FMB/PLL/PKS/PKB/DDL/Forms Builder
Mtxcrp001.fmx,inventory/stock,89984,catalog_specification,FMB_PLL_not_found,6,0,1,32,"destructive,windows_native",rebuild_source/forms/all_window_specs/Mtxcrp001.rebuild.md,FMB/PLL/PKS/PKB/DDL/Forms Builder
Mtxcrp002.fmx,inventory/stock,88692,catalog_specification,FMB_PLL_not_found,6,0,1,31,"destructive,windows_native",rebuild_source/forms/all_window_specs/Mtxcrp002.rebuild.md,FMB/PLL/PKS/PKB/DDL/Forms Builder
Mtxcrp006.fmx,inventory/stock,88692,catalog_specification,FMB_PLL_not_found,6,0,1,31,"destructive,windows_native",rebuild_source/forms/all_window_specs/Mtxcrp006.rebuild.md,FMB/PLL/PKS/PKB/DDL/Forms Builder
Mtxcrp007.fmx,inventory/stock,88696,catalog_specification,FMB_PLL_not_found,6,0,1,31,"destructive,windows_native",rebuild_source/forms/all_window_specs/Mtxcrp007.rebuild.md,FMB/PLL/PKS/PKB/DDL/Forms Builder
Mtxcrp008.fmx,inventory/stock,88700,catalog_specification,FMB_PLL_not_found,6,0,1,31,"destructive,windows_native",rebuild_source/forms/all_window_specs/Mtxcrp008.rebuild.md,FMB/PLL/PKS/PKB/DDL/Forms Builder
Mtxcrp009.fmx,inventory/stock,88700,catalog_specification,FMB_PLL_not_found,6,0,1,31,"destructive,windows_native",rebuild_source/forms/all_window_specs/Mtxcrp009.rebuild.md,FMB/PLL/PKS/PKB/DDL/Forms Builder
Mtxcrp010.fmx,inventory/stock,88700,catalog_specification,FMB_PLL_not_found,6,0,1,31,"destructive,windows_native",rebuild_source/forms/all_window_specs/Mtxcrp010.rebuild.md,FMB/PLL/PKS/PKB/DDL/Forms Builder
Mtxcrp011.fmx,inventory/stock,91500,catalog_specification,FMB_PLL_not_found,6,0,1,33,"destructive,windows_native",rebuild_source/forms/all_window_specs/Mtxcrp011.rebuild.md,FMB/PLL/PKS/PKB/DDL/Forms Builder
Mtxusr001.fmx,inventory/stock,117428,catalog_specification,FMB_PLL_not_found,7,0,1,38,"destructive,windows_native",rebuild_source/forms/all_window_specs/Mtxusr001.rebuild.md,FMB/PLL/PKS/PKB/DDL/Forms Builder
Mtxxrp005.fmx,inventory/stock,101696,catalog_specification,FMB_PLL_not_found,6,0,1,40,"destructive,windows_native",rebuild_source/forms/all_window_specs/Mtxxrp005.rebuild.md,FMB/PLL/PKS/PKB/DDL/Forms Builder
Mtxxrp006.fmx,inventory/stock,93572,catalog_specification,FMB_PLL_not_found,6,0,1,30,"destructive,windows_native",rebuild_source/forms/all_window_specs/Mtxxrp006.rebuild.md,FMB/PLL/PKS/PKB/DDL/Forms Builder
Mtxxrp007.fmx,inventory/stock,98432,catalog_specification,FMB_PLL_not_found,6,0,1,32,"destructive,windows_native",rebuild_source/forms/all_window_specs/Mtxxrp007.rebuild.md,FMB/PLL/PKS/PKB/DDL/Forms Builder
Mtxxrp008.fmx,inventory/stock,92160,catalog_specification,FMB_PLL_not_found,6,0,1,30,"destructive,windows_native",rebuild_source/forms/all_window_specs/Mtxxrp008.rebuild.md,FMB/PLL/PKS/PKB/DDL/Forms Builder
Mtxxrp009.fmx,inventory/stock,95988,catalog_specification,FMB_PLL_not_found,6,0,1,31,"destructive,windows_native",rebuild_source/forms/all_window_specs/Mtxxrp009.rebuild.md,FMB/PLL/PKS/PKB/DDL/Forms Builder
Mtxxrp011.fmx,inventory/stock,89372,catalog_specification,FMB_PLL_not_found,6,0,1,27,"destructive,windows_native",rebuild_source/forms/all_window_specs/Mtxxrp011.rebuild.md,FMB/PLL/PKS/PKB/DDL/Forms Builder
Mtxxrp024.fmx,inventory/stock,92692,catalog_specification,FMB_PLL_not_found,6,0,1,30,"destructive,windows_native",rebuild_source/forms/all_window_specs/Mtxxrp024.rebuild.md,FMB/PLL/PKS/PKB/DDL/Forms Builder
OTHR001.fmx,other,168520,catalog_specification,FMB_PLL_not_found,34,8,1,53,"credentials,ddl_privilege,destructive,windows_native",rebuild_source/forms/all_window_specs/OTHR001.rebuild.md,FMB/PLL/PKS/PKB/DDL/Forms Builder
OTHR002.fmx,other,173200,catalog_specification,FMB_PLL_not_found,36,8,1,64,"credentials,ddl_privilege,destructive,windows_native",rebuild_source/forms/all_window_specs/OTHR002.rebuild.md,FMB/PLL/PKS/PKB/DDL/Forms Builder
OTHR004.fmx,other,168012,catalog_specification,FMB_PLL_not_found,33,8,1,54,"credentials,ddl_privilege,destructive,windows_native",rebuild_source/forms/all_window_specs/OTHR004.rebuild.md,FMB/PLL/PKS/PKB/DDL/Forms Builder
OTHR005.fmx,other,164608,catalog_specification,FMB_PLL_not_found,33,8,1,56,"credentials,ddl_privilege,destructive,windows_native",rebuild_source/forms/all_window_specs/OTHR005.rebuild.md,FMB/PLL/PKS/PKB/DDL/Forms Builder
PMSI022.fmx,MRP/treasury,339604,catalog_specification,FMB_PLL_not_found,36,8,1,111,"credentials,ddl_privilege,destructive,windows_native",rebuild_source/forms/all_window_specs/PMSI022.rebuild.md,FMB/PLL/PKS/PKB/DDL/Forms Builder
PMSI023.fmx,MRP/treasury,366556,catalog_specification,FMB_PLL_not_found,36,8,1,109,"credentials,ddl_privilege,destructive,windows_native",rebuild_source/forms/all_window_specs/PMSI023.rebuild.md,FMB/PLL/PKS/PKB/DDL/Forms Builder
PMSI024.fmx,MRP/treasury,610156,catalog_specification,FMB_PLL_not_found,38,10,2,158,"credentials,ddl_privilege,destructive,windows_native",rebuild_source/forms/all_window_specs/PMSI024.rebuild.md,FMB/PLL/PKS/PKB/DDL/Forms Builder
PMSI026.fmx,MRP/treasury,295292,catalog_specification,FMB_PLL_not_found,37,8,2,94,"credentials,ddl_privilege,destructive,windows_native",rebuild_source/forms/all_window_specs/PMSI026.rebuild.md,FMB/PLL/PKS/PKB/DDL/Forms Builder
PMSR001.fmx,MRP/treasury,181552,catalog_specification,FMB_PLL_not_found,16,3,1,67,"credentials,destructive",rebuild_source/forms/all_window_specs/PMSR001.rebuild.md,FMB/PLL/PKS/PKB/DDL/Forms Builder
PMSR002.fmx,MRP/treasury,181552,catalog_specification,FMB_PLL_not_found,16,3,1,67,"credentials,destructive",rebuild_source/forms/all_window_specs/PMSR002.rebuild.md,FMB/PLL/PKS/PKB/DDL/Forms Builder
PMSR003.fmx,MRP/treasury,223044,catalog_specification,FMB_PLL_not_found,17,3,1,74,"credentials,destructive",rebuild_source/forms/all_window_specs/PMSR003.rebuild.md,FMB/PLL/PKS/PKB/DDL/Forms Builder
PMSR004.fmx,MRP/treasury,223712,catalog_specification,FMB_PLL_not_found,17,3,1,74,"credentials,destructive",rebuild_source/forms/all_window_specs/PMSR004.rebuild.md,FMB/PLL/PKS/PKB/DDL/Forms Builder
PMSR005.fmx,MRP/treasury,229608,catalog_specification,FMB_PLL_not_found,20,3,1,84,"credentials,destructive",rebuild_source/forms/all_window_specs/PMSR005.rebuild.md,FMB/PLL/PKS/PKB/DDL/Forms Builder
PMSR006.fmx,MRP/treasury,229816,catalog_specification,FMB_PLL_not_found,20,3,1,85,"credentials,destructive",rebuild_source/forms/all_window_specs/PMSR006.rebuild.md,FMB/PLL/PKS/PKB/DDL/Forms Builder
PMSR007.fmx,MRP/treasury,233348,catalog_specification,FMB_PLL_not_found,20,3,1,86,"credentials,destructive",rebuild_source/forms/all_window_specs/PMSR007.rebuild.md,FMB/PLL/PKS/PKB/DDL/Forms Builder
PMSR008.fmx,MRP/treasury,229124,catalog_specification,FMB_PLL_not_found,20,3,1,83,"credentials,destructive",rebuild_source/forms/all_window_specs/PMSR008.rebuild.md,FMB/PLL/PKS/PKB/DDL/Forms Builder
PMSR009.fmx,MRP/treasury,228548,catalog_specification,FMB_PLL_not_found,20,3,1,84,"credentials,destructive",rebuild_source/forms/all_window_specs/PMSR009.rebuild.md,FMB/PLL/PKS/PKB/DDL/Forms Builder
PMSR010.fmx,MRP/treasury,229072,catalog_specification,FMB_PLL_not_found,20,3,1,83,"credentials,destructive",rebuild_source/forms/all_window_specs/PMSR010.rebuild.md,FMB/PLL/PKS/PKB/DDL/Forms Builder
PMSR011.fmx,MRP/treasury,228536,catalog_specification,FMB_PLL_not_found,20,3,1,82,"credentials,destructive",rebuild_source/forms/all_window_specs/PMSR011.rebuild.md,FMB/PLL/PKS/PKB/DDL/Forms Builder
PMSR012.fmx,MRP/treasury,229200,catalog_specification,FMB_PLL_not_found,20,3,1,84,"credentials,destructive",rebuild_source/forms/all_window_specs/PMSR012.rebuild.md,FMB/PLL/PKS/PKB/DDL/Forms Builder
PMSR013.fmx,MRP/treasury,229332,catalog_specification,FMB_PLL_not_found,20,3,1,85,"credentials,destructive",rebuild_source/forms/all_window_specs/PMSR013.rebuild.md,FMB/PLL/PKS/PKB/DDL/Forms Builder
PMSR014.fmx,MRP/treasury,229856,catalog_specification,FMB_PLL_not_found,20,3,1,86,"credentials,destructive",rebuild_source/forms/all_window_specs/PMSR014.rebuild.md,FMB/PLL/PKS/PKB/DDL/Forms Builder
PMSR015.fmx,MRP/treasury,229120,catalog_specification,FMB_PLL_not_found,20,3,1,83,"credentials,destructive",rebuild_source/forms/all_window_specs/PMSR015.rebuild.md,FMB/PLL/PKS/PKB/DDL/Forms Builder
PMSR016.fmx,MRP/treasury,229200,catalog_specification,FMB_PLL_not_found,20,3,1,84,"credentials,destructive",rebuild_source/forms/all_window_specs/PMSR016.rebuild.md,FMB/PLL/PKS/PKB/DDL/Forms Builder
PMSR017.fmx,MRP/treasury,230212,catalog_specification,FMB_PLL_not_found,20,3,1,88,"credentials,destructive",rebuild_source/forms/all_window_specs/PMSR017.rebuild.md,FMB/PLL/PKS/PKB/DDL/Forms Builder
PMSR018.fmx,MRP/treasury,240424,catalog_specification,FMB_PLL_not_found,20,3,1,84,"credentials,destructive",rebuild_source/forms/all_window_specs/PMSR018.rebuild.md,FMB/PLL/PKS/PKB/DDL/Forms Builder
PMSR019.fmx,MRP/treasury,223540,catalog_specification,FMB_PLL_not_found,17,3,1,74,"credentials,destructive",rebuild_source/forms/all_window_specs/PMSR019.rebuild.md,FMB/PLL/PKS/PKB/DDL/Forms Builder
PMSR020.fmx,MRP/treasury,223548,catalog_specification,FMB_PLL_not_found,17,3,1,74,"credentials,destructive",rebuild_source/forms/all_window_specs/PMSR020.rebuild.md,FMB/PLL/PKS/PKB/DDL/Forms Builder
PMSR021.fmx,MRP/treasury,231048,catalog_specification,FMB_PLL_not_found,20,3,1,87,"credentials,destructive",rebuild_source/forms/all_window_specs/PMSR021.rebuild.md,FMB/PLL/PKS/PKB/DDL/Forms Builder
PMSR022.fmx,MRP/treasury,229336,catalog_specification,FMB_PLL_not_found,20,3,1,85,"credentials,destructive",rebuild_source/forms/all_window_specs/PMSR022.rebuild.md,FMB/PLL/PKS/PKB/DDL/Forms Builder
PMSR023.fmx,MRP/treasury,231048,catalog_specification,FMB_PLL_not_found,20,3,1,87,"credentials,destructive",rebuild_source/forms/all_window_specs/PMSR023.rebuild.md,FMB/PLL/PKS/PKB/DDL/Forms Builder
PMSS004.fmx,MRP/treasury,279532,catalog_specification,FMB_PLL_not_found,35,8,1,82,"credentials,ddl_privilege,destructive,windows_native",rebuild_source/forms/all_window_specs/PMSS004.rebuild.md,FMB/PLL/PKS/PKB/DDL/Forms Builder
PMSS005.fmx,MRP/treasury,376292,catalog_specification,FMB_PLL_not_found,37,8,2,115,"credentials,ddl_privilege,destructive,windows_native,network",rebuild_source/forms/all_window_specs/PMSS005.rebuild.md,FMB/PLL/PKS/PKB/DDL/Forms Builder
PMSS007.fmx,MRP/treasury,219324,catalog_specification,FMB_PLL_not_found,34,8,1,59,"credentials,ddl_privilege,destructive,windows_native",rebuild_source/forms/all_window_specs/PMSS007.rebuild.md,FMB/PLL/PKS/PKB/DDL/Forms Builder
PMSS008.fmx,MRP/treasury,175848,catalog_specification,FMB_PLL_not_found,34,8,1,55,"credentials,ddl_privilege,destructive,windows_native",rebuild_source/forms/all_window_specs/PMSS008.rebuild.md,FMB/PLL/PKS/PKB/DDL/Forms Builder
PMST062.fmx,MRP/treasury,593432,catalog_specification,FMB_PLL_not_found,42,8,2,154,"credentials,ddl_privilege,destructive,windows_native",rebuild_source/forms/all_window_specs/PMST062.rebuild.md,FMB/PLL/PKS/PKB/DDL/Forms Builder
PMST063.fmx,MRP/treasury,481168,catalog_specification,FMB_PLL_not_found,41,10,2,169,"credentials,ddl_privilege,destructive,windows_native",rebuild_source/forms/all_window_specs/PMST063.rebuild.md,FMB/PLL/PKS/PKB/DDL/Forms Builder
PMST068.fmx,MRP/treasury,424776,catalog_specification,FMB_PLL_not_found,38,10,1,136,"credentials,ddl_privilege,destructive,windows_native",rebuild_source/forms/all_window_specs/PMST068.rebuild.md,FMB/PLL/PKS/PKB/DDL/Forms Builder
PMST069.fmx,MRP/treasury,435340,catalog_specification,FMB_PLL_not_found,38,10,1,157,"credentials,ddl_privilege,destructive,windows_native",rebuild_source/forms/all_window_specs/PMST069.rebuild.md,FMB/PLL/PKS/PKB/DDL/Forms Builder
PMST070.fmx,MRP/treasury,405024,catalog_specification,FMB_PLL_not_found,36,10,1,143,"credentials,ddl_privilege,destructive,windows_native",rebuild_source/forms/all_window_specs/PMST070.rebuild.md,FMB/PLL/PKS/PKB/DDL/Forms Builder
PMST071.fmx,MRP/treasury,396976,catalog_specification,FMB_PLL_not_found,36,10,1,136,"credentials,ddl_privilege,destructive,windows_native",rebuild_source/forms/all_window_specs/PMST071.rebuild.md,FMB/PLL/PKS/PKB/DDL/Forms Builder
PMST080.fmx,MRP/treasury,303280,catalog_specification,FMB_PLL_not_found,36,8,1,111,"credentials,ddl_privilege,destructive,windows_native",rebuild_source/forms/all_window_specs/PMST080.rebuild.md,FMB/PLL/PKS/PKB/DDL/Forms Builder
PMST081.fmx,MRP/treasury,304348,catalog_specification,FMB_PLL_not_found,36,8,1,104,"credentials,ddl_privilege,destructive,windows_native",rebuild_source/forms/all_window_specs/PMST081.rebuild.md,FMB/PLL/PKS/PKB/DDL/Forms Builder
PMST082.fmx,MRP/treasury,378696,catalog_specification,FMB_PLL_not_found,36,10,1,125,"credentials,ddl_privilege,destructive,windows_native",rebuild_source/forms/all_window_specs/PMST082.rebuild.md,FMB/PLL/PKS/PKB/DDL/Forms Builder
PMST083.fmx,MRP/treasury,306208,catalog_specification,FMB_PLL_not_found,36,8,1,102,"credentials,ddl_privilege,destructive,windows_native",rebuild_source/forms/all_window_specs/PMST083.rebuild.md,FMB/PLL/PKS/PKB/DDL/Forms Builder
PMST090.fmx,MRP/treasury,184352,catalog_specification,FMB_PLL_not_found,31,10,2,56,"credentials,ddl_privilege,destructive,windows_native",rebuild_source/forms/all_window_specs/PMST090.rebuild.md,FMB/PLL/PKS/PKB/DDL/Forms Builder
PMST091.fmx,MRP/treasury,404560,catalog_specification,FMB_PLL_not_found,36,10,1,138,"credentials,ddl_privilege,destructive,windows_native",rebuild_source/forms/all_window_specs/PMST091.rebuild.md,FMB/PLL/PKS/PKB/DDL/Forms Builder
PMS_IMPXLS_1.fmx,MRP/treasury,262696,catalog_specification,FMB_PLL_not_found,36,8,2,99,"credentials,ddl_privilege,destructive,windows_native",rebuild_source/forms/all_window_specs/PMS_IMPXLS_1.rebuild.md,FMB/PLL/PKS/PKB/DDL/Forms Builder
POSADVS.fmx,POS,92140,catalog_specification,FMB_PLL_not_found,5,0,0,42,"destructive,session_control",rebuild_source/forms/all_window_specs/POSADVS.rebuild.md,FMB/PLL/PKS/PKB/DDL/Forms Builder
POSI001.fmx,POS,234800,catalog_specification,FMB_PLL_not_found,33,8,1,109,"credentials,ddl_privilege,destructive,windows_native,network",rebuild_source/forms/all_window_specs/POSI001.rebuild.md,FMB/PLL/PKS/PKB/DDL/Forms Builder
POSI002.fmx,POS,154884,catalog_specification,FMB_PLL_not_found,31,8,1,56,"credentials,ddl_privilege,destructive,windows_native",rebuild_source/forms/all_window_specs/POSI002.rebuild.md,FMB/PLL/PKS/PKB/DDL/Forms Builder
POSI003.fmx,POS,203496,catalog_specification,FMB_PLL_not_found,31,8,1,81,"credentials,ddl_privilege,destructive,windows_native",rebuild_source/forms/all_window_specs/POSI003.rebuild.md,FMB/PLL/PKS/PKB/DDL/Forms Builder
POSI004.fmx,POS,143888,catalog_specification,FMB_PLL_not_found,29,8,1,48,"credentials,ddl_privilege,destructive,windows_native",rebuild_source/forms/all_window_specs/POSI004.rebuild.md,FMB/PLL/PKS/PKB/DDL/Forms Builder
POSI005.fmx,POS,158108,catalog_specification,FMB_PLL_not_found,30,8,1,56,"credentials,ddl_privilege,destructive,windows_native",rebuild_source/forms/all_window_specs/POSI005.rebuild.md,FMB/PLL/PKS/PKB/DDL/Forms Builder
POSI006.fmx,POS,154924,catalog_specification,FMB_PLL_not_found,31,8,1,56,"credentials,ddl_privilege,destructive,windows_native",rebuild_source/forms/all_window_specs/POSI006.rebuild.md,FMB/PLL/PKS/PKB/DDL/Forms Builder
POSI007.fmx,POS,186716,catalog_specification,FMB_PLL_not_found,32,8,3,63,"credentials,ddl_privilege,destructive,dynamic_sql,windows_native",rebuild_source/forms/all_window_specs/POSI007.rebuild.md,FMB/PLL/PKS/PKB/DDL/Forms Builder
POSI008.fmx,POS,212464,catalog_specification,FMB_PLL_not_found,31,8,1,71,"credentials,ddl_privilege,destructive,windows_native",rebuild_source/forms/all_window_specs/POSI008.rebuild.md,FMB/PLL/PKS/PKB/DDL/Forms Builder
POSI009.fmx,POS,160588,catalog_specification,FMB_PLL_not_found,31,8,1,57,"credentials,ddl_privilege,destructive,windows_native",rebuild_source/forms/all_window_specs/POSI009.rebuild.md,FMB/PLL/PKS/PKB/DDL/Forms Builder
POSI010.fmx,POS,217124,catalog_specification,FMB_PLL_not_found,32,9,2,77,"credentials,ddl_privilege,destructive,windows_native",rebuild_source/forms/all_window_specs/POSI010.rebuild.md,FMB/PLL/PKS/PKB/DDL/Forms Builder
POSI011.fmx,POS,167380,catalog_specification,FMB_PLL_not_found,32,8,1,61,"credentials,ddl_privilege,destructive,windows_native",rebuild_source/forms/all_window_specs/POSI011.rebuild.md,FMB/PLL/PKS/PKB/DDL/Forms Builder
POSI012.fmx,POS,217756,catalog_specification,FMB_PLL_not_found,35,8,3,65,"credentials,ddl_privilege,destructive,dynamic_sql,windows_native",rebuild_source/forms/all_window_specs/POSI012.rebuild.md,FMB/PLL/PKS/PKB/DDL/Forms Builder
POSI014.fmx,POS,159352,catalog_specification,FMB_PLL_not_found,38,8,1,75,"credentials,ddl_privilege,destructive,windows_native,network",rebuild_source/forms/all_window_specs/POSI014.rebuild.md,FMB/PLL/PKS/PKB/DDL/Forms Builder
POSLGN.fmx,POS,19452264,catalog_specification,FMB_PLL_not_found,17,5,8,239,"credentials,ddl_privilege,destructive,windows_native,session_control,network",rebuild_source/forms/all_window_specs/POSLGN.rebuild.md,FMB/PLL/PKS/PKB/DDL/Forms Builder
POSR001.fmx,POS,202044,catalog_specification,FMB_PLL_not_found,15,3,1,97,"credentials,ddl_privilege,destructive,windows_native",rebuild_source/forms/all_window_specs/POSR001.rebuild.md,FMB/PLL/PKS/PKB/DDL/Forms Builder
POSR002.fmx,POS,278820,catalog_specification,FMB_PLL_not_found,15,3,1,126,"credentials,ddl_privilege,destructive,dynamic_sql,windows_native",rebuild_source/forms/all_window_specs/POSR002.rebuild.md,FMB/PLL/PKS/PKB/DDL/Forms Builder
POSR003.fmx,POS,103816,catalog_specification,FMB_PLL_not_found,14,3,1,53,"credentials,destructive",rebuild_source/forms/all_window_specs/POSR003.rebuild.md,FMB/PLL/PKS/PKB/DDL/Forms Builder
POSR004.fmx,POS,151368,catalog_specification,FMB_PLL_not_found,14,3,1,73,"credentials,destructive,windows_native",rebuild_source/forms/all_window_specs/POSR004.rebuild.md,FMB/PLL/PKS/PKB/DDL/Forms Builder
POSR005.fmx,POS,140288,catalog_specification,FMB_PLL_not_found,14,3,1,66,"credentials,destructive,windows_native",rebuild_source/forms/all_window_specs/POSR005.rebuild.md,FMB/PLL/PKS/PKB/DDL/Forms Builder
POSR006.fmx,POS,117276,catalog_specification,FMB_PLL_not_found,14,3,1,63,"credentials,ddl_privilege,destructive,windows_native",rebuild_source/forms/all_window_specs/POSR006.rebuild.md,FMB/PLL/PKS/PKB/DDL/Forms Builder
POSR007.fmx,POS,197984,catalog_specification,FMB_PLL_not_found,14,3,1,89,"credentials,ddl_privilege,destructive,dynamic_sql,windows_native",rebuild_source/forms/all_window_specs/POSR007.rebuild.md,FMB/PLL/PKS/PKB/DDL/Forms Builder
POSR008.fmx,POS,104068,catalog_specification,FMB_PLL_not_found,13,3,1,53,"credentials,destructive",rebuild_source/forms/all_window_specs/POSR008.rebuild.md,FMB/PLL/PKS/PKB/DDL/Forms Builder
POSR009.fmx,POS,109456,catalog_specification,FMB_PLL_not_found,14,3,1,58,"credentials,destructive",rebuild_source/forms/all_window_specs/POSR009.rebuild.md,FMB/PLL/PKS/PKB/DDL/Forms Builder
POSR010.fmx,POS,133824,catalog_specification,FMB_PLL_not_found,14,3,1,65,"credentials,ddl_privilege,destructive",rebuild_source/forms/all_window_specs/POSR010.rebuild.md,FMB/PLL/PKS/PKB/DDL/Forms Builder
POSR011.fmx,POS,162604,catalog_specification,FMB_PLL_not_found,14,3,1,81,"credentials,destructive",rebuild_source/forms/all_window_specs/POSR011.rebuild.md,FMB/PLL/PKS/PKB/DDL/Forms Builder
POSS001.fmx,POS,262196,catalog_specification,FMB_PLL_not_found,34,11,1,132,"credentials,ddl_privilege,destructive,windows_native,network",rebuild_source/forms/all_window_specs/POSS001.rebuild.md,FMB/PLL/PKS/PKB/DDL/Forms Builder
POSS002.fmx,POS,237904,catalog_specification,FMB_PLL_not_found,31,8,1,76,"credentials,ddl_privilege,destructive,windows_native",rebuild_source/forms/all_window_specs/POSS002.rebuild.md,FMB/PLL/PKS/PKB/DDL/Forms Builder
POSS003.fmx,POS,163920,catalog_specification,FMB_PLL_not_found,30,8,1,59,"credentials,ddl_privilege,destructive,windows_native",rebuild_source/forms/all_window_specs/POSS003.rebuild.md,FMB/PLL/PKS/PKB/DDL/Forms Builder
POST001.fmx,POS,1315148,catalog_specification,FMB_PLL_not_found,56,13,4,327,"credentials,ddl_privilege,destructive,dynamic_sql,windows_native,network",rebuild_source/forms/all_window_specs/POST001.rebuild.md,FMB/PLL/PKS/PKB/DDL/Forms Builder
POST002.fmx,POS,943784,catalog_specification,FMB_PLL_not_found,49,13,3,262,"credentials,ddl_privilege,destructive,dynamic_sql,windows_native,network",rebuild_source/forms/all_window_specs/POST002.rebuild.md,FMB/PLL/PKS/PKB/DDL/Forms Builder
POST003.fmx,POS,387260,catalog_specification,FMB_PLL_not_found,36,10,2,136,"credentials,ddl_privilege,destructive,windows_native",rebuild_source/forms/all_window_specs/POST003.rebuild.md,FMB/PLL/PKS/PKB/DDL/Forms Builder
POST004.fmx,POS,537048,catalog_specification,FMB_PLL_not_found,44,20,1,213,"credentials,ddl_privilege,destructive,dynamic_sql,windows_native",rebuild_source/forms/all_window_specs/POST004.rebuild.md,FMB/PLL/PKS/PKB/DDL/Forms Builder
POST005.fmx,POS,492868,catalog_specification,FMB_PLL_not_found,43,20,1,212,"credentials,ddl_privilege,destructive,windows_native",rebuild_source/forms/all_window_specs/POST005.rebuild.md,FMB/PLL/PKS/PKB/DDL/Forms Builder
POST006.fmx,POS,212612,catalog_specification,FMB_PLL_not_found,33,8,1,80,"credentials,ddl_privilege,destructive,dynamic_sql,windows_native,network",rebuild_source/forms/all_window_specs/POST006.rebuild.md,FMB/PLL/PKS/PKB/DDL/Forms Builder
POST008.fmx,POS,334204,catalog_specification,FMB_PLL_not_found,38,10,2,272,"credentials,ddl_privilege,destructive,dynamic_sql,windows_native,error_handling,session_control,network",rebuild_source/forms/all_window_specs/POST008.rebuild.md,FMB/PLL/PKS/PKB/DDL/Forms Builder
POST009.fmx,POS,170376,catalog_specification,FMB_PLL_not_found,31,8,1,67,"credentials,ddl_privilege,destructive,windows_native",rebuild_source/forms/all_window_specs/POST009.rebuild.md,FMB/PLL/PKS/PKB/DDL/Forms Builder
POST010.fmx,POS,237168,catalog_specification,FMB_PLL_not_found,34,8,1,101,"credentials,ddl_privilege,destructive,windows_native",rebuild_source/forms/all_window_specs/POST010.rebuild.md,FMB/PLL/PKS/PKB/DDL/Forms Builder
POST011.fmx,POS,228868,catalog_specification,FMB_PLL_not_found,35,12,1,120,"credentials,ddl_privilege,destructive,windows_native",rebuild_source/forms/all_window_specs/POST011.rebuild.md,FMB/PLL/PKS/PKB/DDL/Forms Builder
POST012.fmx,POS,205680,catalog_specification,FMB_PLL_not_found,30,8,1,82,"credentials,ddl_privilege,destructive,windows_native",rebuild_source/forms/all_window_specs/POST012.rebuild.md,FMB/PLL/PKS/PKB/DDL/Forms Builder
POST013.fmx,POS,312548,catalog_specification,FMB_PLL_not_found,36,9,1,126,"credentials,ddl_privilege,destructive,windows_native",rebuild_source/forms/all_window_specs/POST013.rebuild.md,FMB/PLL/PKS/PKB/DDL/Forms Builder
POST014.fmx,POS,163632,catalog_specification,FMB_PLL_not_found,30,8,1,56,"credentials,ddl_privilege,destructive,windows_native",rebuild_source/forms/all_window_specs/POST014.rebuild.md,FMB/PLL/PKS/PKB/DDL/Forms Builder
POST015.fmx,POS,255564,catalog_specification,FMB_PLL_not_found,35,10,1,105,"credentials,ddl_privilege,destructive,windows_native",rebuild_source/forms/all_window_specs/POST015.rebuild.md,FMB/PLL/PKS/PKB/DDL/Forms Builder
POST016.fmx,POS,190140,catalog_specification,FMB_PLL_not_found,31,8,1,74,"credentials,ddl_privilege,destructive,windows_native",rebuild_source/forms/all_window_specs/POST016.rebuild.md,FMB/PLL/PKS/PKB/DDL/Forms Builder
POST017.fmx,POS,339096,catalog_specification,FMB_PLL_not_found,34,9,1,109,"credentials,ddl_privilege,destructive,windows_native",rebuild_source/forms/all_window_specs/POST017.rebuild.md,FMB/PLL/PKS/PKB/DDL/Forms Builder
POST018.fmx,POS,620688,catalog_specification,FMB_PLL_not_found,50,8,3,256,"credentials,ddl_privilege,destructive,dynamic_sql,windows_native",rebuild_source/forms/all_window_specs/POST018.rebuild.md,FMB/PLL/PKS/PKB/DDL/Forms Builder
POST019.fmx,POS,617080,catalog_specification,FMB_PLL_not_found,43,9,3,215,"credentials,ddl_privilege,destructive,dynamic_sql,windows_native",rebuild_source/forms/all_window_specs/POST019.rebuild.md,FMB/PLL/PKS/PKB/DDL/Forms Builder
POST020.fmx,POS,322404,catalog_specification,FMB_PLL_not_found,37,9,2,129,"credentials,ddl_privilege,destructive,windows_native",rebuild_source/forms/all_window_specs/POST020.rebuild.md,FMB/PLL/PKS/PKB/DDL/Forms Builder
POST021.fmx,POS,170500,catalog_specification,FMB_PLL_not_found,33,8,1,65,"credentials,ddl_privilege,destructive,windows_native",rebuild_source/forms/all_window_specs/POST021.rebuild.md,FMB/PLL/PKS/PKB/DDL/Forms Builder
POST022.fmx,POS,278020,catalog_specification,FMB_PLL_not_found,39,8,1,129,"credentials,destructive,windows_native",rebuild_source/forms/all_window_specs/POST022.rebuild.md,FMB/PLL/PKS/PKB/DDL/Forms Builder
POST_WST.fmx,POS,10524,catalog_specification,FMB_PLL_not_found,0,1,0,5,none,rebuild_source/forms/all_window_specs/POST_WST.rebuild.md,FMB/PLL/PKS/PKB/DDL/Forms Builder
POS_INSTALL.fmx,POS,695560,catalog_specification,FMB_PLL_not_found,40,6,0,661,"credentials,ddl_privilege,destructive,dynamic_sql,windows_native,error_handling,session_control,network",rebuild_source/forms/all_window_specs/POS_INSTALL.rebuild.md,FMB/PLL/PKS/PKB/DDL/Forms Builder
REMI001.fmx,other-finance/operations,527564,catalog_specification,FMB_PLL_not_found,43,8,13,204,"credentials,ddl_privilege,destructive,windows_native",rebuild_source/forms/all_window_specs/REMI001.rebuild.md,FMB/PLL/PKS/PKB/DDL/Forms Builder
REMI003.fmx,other-finance/operations,322072,catalog_specification,FMB_PLL_not_found,37,9,1,109,"credentials,ddl_privilege,destructive,windows_native",rebuild_source/forms/all_window_specs/REMI003.rebuild.md,FMB/PLL/PKS/PKB/DDL/Forms Builder
REMI010.fmx,other-finance/operations,659912,catalog_specification,FMB_PLL_not_found,40,9,19,225,"credentials,ddl_privilege,destructive,windows_native",rebuild_source/forms/all_window_specs/REMI010.rebuild.md,FMB/PLL/PKS/PKB/DDL/Forms Builder
REMIMPXLS_REAL.fmx,other-finance/operations,181620,catalog_specification,FMB_PLL_not_found,34,8,2,76,"credentials,ddl_privilege,destructive,windows_native",rebuild_source/forms/all_window_specs/REMIMPXLS_REAL.rebuild.md,FMB/PLL/PKS/PKB/DDL/Forms Builder
REMR003.fmx,other-finance/operations,218680,catalog_specification,FMB_PLL_not_found,16,3,1,87,"credentials,destructive",rebuild_source/forms/all_window_specs/REMR003.rebuild.md,FMB/PLL/PKS/PKB/DDL/Forms Builder
REMR005.fmx,other-finance/operations,120772,catalog_specification,FMB_PLL_not_found,17,3,1,55,"credentials,destructive",rebuild_source/forms/all_window_specs/REMR005.rebuild.md,FMB/PLL/PKS/PKB/DDL/Forms Builder
REMR006.fmx,other-finance/operations,114968,catalog_specification,FMB_PLL_not_found,16,3,1,53,"credentials,destructive",rebuild_source/forms/all_window_specs/REMR006.rebuild.md,FMB/PLL/PKS/PKB/DDL/Forms Builder
REMR008.fmx,other-finance/operations,119860,catalog_specification,FMB_PLL_not_found,16,3,1,57,"credentials,destructive",rebuild_source/forms/all_window_specs/REMR008.rebuild.md,FMB/PLL/PKS/PKB/DDL/Forms Builder
REMR009.fmx,other-finance/operations,118860,catalog_specification,FMB_PLL_not_found,16,3,1,56,"credentials,destructive",rebuild_source/forms/all_window_specs/REMR009.rebuild.md,FMB/PLL/PKS/PKB/DDL/Forms Builder
REMR010.fmx,other-finance/operations,116104,catalog_specification,FMB_PLL_not_found,16,3,1,54,"credentials,destructive",rebuild_source/forms/all_window_specs/REMR010.rebuild.md,FMB/PLL/PKS/PKB/DDL/Forms Builder
REMR012.fmx,other-finance/operations,117212,catalog_specification,FMB_PLL_not_found,16,3,1,54,"credentials,destructive",rebuild_source/forms/all_window_specs/REMR012.rebuild.md,FMB/PLL/PKS/PKB/DDL/Forms Builder
REMR014.fmx,other-finance/operations,112640,catalog_specification,FMB_PLL_not_found,16,3,1,54,"credentials,destructive",rebuild_source/forms/all_window_specs/REMR014.rebuild.md,FMB/PLL/PKS/PKB/DDL/Forms Builder
REMR020.fmx,other-finance/operations,111164,catalog_specification,FMB_PLL_not_found,16,3,1,53,"credentials,destructive",rebuild_source/forms/all_window_specs/REMR020.rebuild.md,FMB/PLL/PKS/PKB/DDL/Forms Builder
REMR022.fmx,other-finance/operations,110928,catalog_specification,FMB_PLL_not_found,15,3,1,62,"credentials,destructive",rebuild_source/forms/all_window_specs/REMR022.rebuild.md,FMB/PLL/PKS/PKB/DDL/Forms Builder
REMR030.fmx,other-finance/operations,128968,catalog_specification,FMB_PLL_not_found,16,3,1,65,"credentials,destructive",rebuild_source/forms/all_window_specs/REMR030.rebuild.md,FMB/PLL/PKS/PKB/DDL/Forms Builder
REMR031.fmx,other-finance/operations,206104,catalog_specification,FMB_PLL_not_found,18,3,1,85,"credentials,destructive",rebuild_source/forms/all_window_specs/REMR031.rebuild.md,FMB/PLL/PKS/PKB/DDL/Forms Builder
REMR032.fmx,other-finance/operations,209820,catalog_specification,FMB_PLL_not_found,17,3,1,89,"credentials,ddl_privilege,destructive,windows_native",rebuild_source/forms/all_window_specs/REMR032.rebuild.md,FMB/PLL/PKS/PKB/DDL/Forms Builder
REMR033.fmx,other-finance/operations,200960,catalog_specification,FMB_PLL_not_found,17,3,1,82,"credentials,destructive",rebuild_source/forms/all_window_specs/REMR033.rebuild.md,FMB/PLL/PKS/PKB/DDL/Forms Builder
REMS001.fmx,other-finance/operations,173556,catalog_specification,FMB_PLL_not_found,34,8,1,75,"credentials,ddl_privilege,destructive,windows_native",rebuild_source/forms/all_window_specs/REMS001.rebuild.md,FMB/PLL/PKS/PKB/DDL/Forms Builder
REMS004.fmx,other-finance/operations,286080,catalog_specification,FMB_PLL_not_found,36,7,1,103,"credentials,ddl_privilege,destructive,windows_native",rebuild_source/forms/all_window_specs/REMS004.rebuild.md,FMB/PLL/PKS/PKB/DDL/Forms Builder
REMS006.fmx,other-finance/operations,290140,catalog_specification,FMB_PLL_not_found,34,8,1,91,"credentials,ddl_privilege,destructive,windows_native",rebuild_source/forms/all_window_specs/REMS006.rebuild.md,FMB/PLL/PKS/PKB/DDL/Forms Builder
REMS008.fmx,other-finance/operations,189644,catalog_specification,FMB_PLL_not_found,32,8,1,76,"credentials,ddl_privilege,destructive,windows_native",rebuild_source/forms/all_window_specs/REMS008.rebuild.md,FMB/PLL/PKS/PKB/DDL/Forms Builder
REMS010.fmx,other-finance/operations,156796,catalog_specification,FMB_PLL_not_found,32,10,2,49,"credentials,ddl_privilege,destructive,windows_native",rebuild_source/forms/all_window_specs/REMS010.rebuild.md,FMB/PLL/PKS/PKB/DDL/Forms Builder
REMS011.fmx,other-finance/operations,195784,catalog_specification,FMB_PLL_not_found,33,8,1,62,"credentials,ddl_privilege,destructive,windows_native",rebuild_source/forms/all_window_specs/REMS011.rebuild.md,FMB/PLL/PKS/PKB/DDL/Forms Builder
REMT001.fmx,other-finance/operations,686328,catalog_specification,FMB_PLL_not_found,47,10,12,244,"credentials,ddl_privilege,destructive,windows_native",rebuild_source/forms/all_window_specs/REMT001.rebuild.md,FMB/PLL/PKS/PKB/DDL/Forms Builder
REMT003.fmx,other-finance/operations,513548,catalog_specification,FMB_PLL_not_found,44,10,2,206,"credentials,ddl_privilege,destructive,windows_native",rebuild_source/forms/all_window_specs/REMT003.rebuild.md,FMB/PLL/PKS/PKB/DDL/Forms Builder
REMT004.fmx,other-finance/operations,422168,catalog_specification,FMB_PLL_not_found,43,10,2,157,"credentials,destructive,windows_native",rebuild_source/forms/all_window_specs/REMT004.rebuild.md,FMB/PLL/PKS/PKB/DDL/Forms Builder
REMT005.fmx,other-finance/operations,387132,catalog_specification,FMB_PLL_not_found,40,10,2,135,"credentials,ddl_privilege,destructive,windows_native",rebuild_source/forms/all_window_specs/REMT005.rebuild.md,FMB/PLL/PKS/PKB/DDL/Forms Builder
REMT006.fmx,other-finance/operations,322820,catalog_specification,FMB_PLL_not_found,40,8,2,135,"credentials,ddl_privilege,destructive,windows_native",rebuild_source/forms/all_window_specs/REMT006.rebuild.md,FMB/PLL/PKS/PKB/DDL/Forms Builder
REMT010.fmx,other-finance/operations,396516,catalog_specification,FMB_PLL_not_found,44,8,2,157,"credentials,ddl_privilege,destructive,windows_native",rebuild_source/forms/all_window_specs/REMT010.rebuild.md,FMB/PLL/PKS/PKB/DDL/Forms Builder
REMT011.fmx,other-finance/operations,427948,catalog_specification,FMB_PLL_not_found,43,10,2,163,"credentials,destructive,windows_native",rebuild_source/forms/all_window_specs/REMT011.rebuild.md,FMB/PLL/PKS/PKB/DDL/Forms Builder
REMT012.fmx,other-finance/operations,330616,catalog_specification,FMB_PLL_not_found,37,8,1,110,"credentials,ddl_privilege,destructive,windows_native",rebuild_source/forms/all_window_specs/REMT012.rebuild.md,FMB/PLL/PKS/PKB/DDL/Forms Builder
REMT014.fmx,other-finance/operations,306536,catalog_specification,FMB_PLL_not_found,40,8,1,112,"credentials,ddl_privilege,destructive,windows_native",rebuild_source/forms/all_window_specs/REMT014.rebuild.md,FMB/PLL/PKS/PKB/DDL/Forms Builder
REMT015.fmx,other-finance/operations,300392,catalog_specification,FMB_PLL_not_found,38,8,7,106,"credentials,ddl_privilege,destructive,windows_native",rebuild_source/forms/all_window_specs/REMT015.rebuild.md,FMB/PLL/PKS/PKB/DDL/Forms Builder
REMT020.fmx,other-finance/operations,363580,catalog_specification,FMB_PLL_not_found,41,10,1,135,"credentials,ddl_privilege,destructive,windows_native",rebuild_source/forms/all_window_specs/REMT020.rebuild.md,FMB/PLL/PKS/PKB/DDL/Forms Builder
REMT022.fmx,other-finance/operations,324180,catalog_specification,FMB_PLL_not_found,42,8,2,137,"credentials,ddl_privilege,destructive,windows_native",rebuild_source/forms/all_window_specs/REMT022.rebuild.md,FMB/PLL/PKS/PKB/DDL/Forms Builder
REMT024.fmx,other-finance/operations,325556,catalog_specification,FMB_PLL_not_found,35,8,1,105,"credentials,ddl_privilege,destructive,windows_native",rebuild_source/forms/all_window_specs/REMT024.rebuild.md,FMB/PLL/PKS/PKB/DDL/Forms Builder
REMT025.fmx,other-finance/operations,302788,catalog_specification,FMB_PLL_not_found,35,8,1,100,"credentials,ddl_privilege,destructive,windows_native",rebuild_source/forms/all_window_specs/REMT025.rebuild.md,FMB/PLL/PKS/PKB/DDL/Forms Builder
REMT030.fmx,other-finance/operations,218436,catalog_specification,FMB_PLL_not_found,34,8,1,110,"credentials,ddl_privilege,destructive,windows_native",rebuild_source/forms/all_window_specs/REMT030.rebuild.md,FMB/PLL/PKS/PKB/DDL/Forms Builder
REM_ALRTS001.fmx,other-finance/operations,162896,catalog_specification,FMB_PLL_not_found,33,8,1,64,"credentials,ddl_privilege,destructive,windows_native",rebuild_source/forms/all_window_specs/REM_ALRTS001.rebuild.md,FMB/PLL/PKS/PKB/DDL/Forms Builder
REQFRMWEB.fmx,other,123812,catalog_specification,FMB_PLL_not_found,10,0,1,36,"destructive,windows_native",rebuild_source/forms/all_window_specs/REQFRMWEB.rebuild.md,FMB/PLL/PKS/PKB/DDL/Forms Builder
REST001.fmx,other,805792,catalog_specification,FMB_PLL_not_found,44,26,1,243,"credentials,ddl_privilege,destructive,dynamic_sql,windows_native",rebuild_source/forms/all_window_specs/REST001.rebuild.md,FMB/PLL/PKS/PKB/DDL/Forms Builder
SEC001.fmx,other,156160,catalog_specification,FMB_PLL_not_found,32,8,1,51,"credentials,ddl_privilege,destructive,windows_native",rebuild_source/forms/all_window_specs/SEC001.rebuild.md,FMB/PLL/PKS/PKB/DDL/Forms Builder
SEC002.fmx,other,153332,catalog_specification,FMB_PLL_not_found,32,8,1,53,"credentials,ddl_privilege,destructive,windows_native",rebuild_source/forms/all_window_specs/SEC002.rebuild.md,FMB/PLL/PKS/PKB/DDL/Forms Builder
SEC003.fmx,other,151228,catalog_specification,FMB_PLL_not_found,32,8,1,50,"credentials,ddl_privilege,destructive,windows_native",rebuild_source/forms/all_window_specs/SEC003.rebuild.md,FMB/PLL/PKS/PKB/DDL/Forms Builder
SEC004.fmx,other,189200,catalog_specification,FMB_PLL_not_found,33,8,1,63,"credentials,ddl_privilege,destructive,windows_native",rebuild_source/forms/all_window_specs/SEC004.rebuild.md,FMB/PLL/PKS/PKB/DDL/Forms Builder
SEC005.fmx,other,154260,catalog_specification,FMB_PLL_not_found,33,8,1,51,"credentials,ddl_privilege,destructive,windows_native",rebuild_source/forms/all_window_specs/SEC005.rebuild.md,FMB/PLL/PKS/PKB/DDL/Forms Builder
SECFM10.fmx,other,103244,catalog_specification,FMB_PLL_not_found,7,0,1,43,"ddl_privilege,destructive,windows_native",rebuild_source/forms/all_window_specs/SECFM10.rebuild.md,FMB/PLL/PKS/PKB/DDL/Forms Builder
SHLI001.fmx,other-finance/operations,512760,catalog_specification,FMB_PLL_not_found,35,8,1,142,"credentials,ddl_privilege,destructive,windows_native",rebuild_source/forms/all_window_specs/SHLI001.rebuild.md,FMB/PLL/PKS/PKB/DDL/Forms Builder
SHLI002.fmx,other-finance/operations,266196,catalog_specification,FMB_PLL_not_found,35,8,1,87,"credentials,ddl_privilege,destructive,windows_native",rebuild_source/forms/all_window_specs/SHLI002.rebuild.md,FMB/PLL/PKS/PKB/DDL/Forms Builder
SHLI003.fmx,other-finance/operations,285432,catalog_specification,FMB_PLL_not_found,35,8,1,86,"credentials,ddl_privilege,destructive,windows_native",rebuild_source/forms/all_window_specs/SHLI003.rebuild.md,FMB/PLL/PKS/PKB/DDL/Forms Builder
SHLR001.fmx,other-finance/operations,214064,catalog_specification,FMB_PLL_not_found,18,3,1,76,"credentials,destructive",rebuild_source/forms/all_window_specs/SHLR001.rebuild.md,FMB/PLL/PKS/PKB/DDL/Forms Builder
SHLR002.fmx,other-finance/operations,216380,catalog_specification,FMB_PLL_not_found,18,3,1,73,"credentials,destructive",rebuild_source/forms/all_window_specs/SHLR002.rebuild.md,FMB/PLL/PKS/PKB/DDL/Forms Builder
SHLR003.fmx,other-finance/operations,216380,catalog_specification,FMB_PLL_not_found,18,3,1,72,"credentials,destructive",rebuild_source/forms/all_window_specs/SHLR003.rebuild.md,FMB/PLL/PKS/PKB/DDL/Forms Builder
SHLR004.fmx,other-finance/operations,209560,catalog_specification,FMB_PLL_not_found,18,3,1,72,"credentials,destructive",rebuild_source/forms/all_window_specs/SHLR004.rebuild.md,FMB/PLL/PKS/PKB/DDL/Forms Builder
SHLR005.fmx,other-finance/operations,214808,catalog_specification,FMB_PLL_not_found,18,3,1,73,"credentials,destructive",rebuild_source/forms/all_window_specs/SHLR005.rebuild.md,FMB/PLL/PKS/PKB/DDL/Forms Builder
SHLR006.fmx,other-finance/operations,216456,catalog_specification,FMB_PLL_not_found,18,3,1,73,"credentials,destructive",rebuild_source/forms/all_window_specs/SHLR006.rebuild.md,FMB/PLL/PKS/PKB/DDL/Forms Builder
SHLR007.fmx,other-finance/operations,216456,catalog_specification,FMB_PLL_not_found,18,3,1,73,"credentials,destructive",rebuild_source/forms/all_window_specs/SHLR007.rebuild.md,FMB/PLL/PKS/PKB/DDL/Forms Builder
SHLR008.fmx,other-finance/operations,211112,catalog_specification,FMB_PLL_not_found,18,3,1,72,"credentials,destructive",rebuild_source/forms/all_window_specs/SHLR008.rebuild.md,FMB/PLL/PKS/PKB/DDL/Forms Builder
SHLR009.fmx,other-finance/operations,208924,catalog_specification,FMB_PLL_not_found,18,3,1,72,"credentials,destructive",rebuild_source/forms/all_window_specs/SHLR009.rebuild.md,FMB/PLL/PKS/PKB/DDL/Forms Builder
SHLR010.fmx,other-finance/operations,225704,catalog_specification,FMB_PLL_not_found,19,3,1,75,"credentials,destructive",rebuild_source/forms/all_window_specs/SHLR010.rebuild.md,FMB/PLL/PKS/PKB/DDL/Forms Builder
SHLR011.fmx,other-finance/operations,213304,catalog_specification,FMB_PLL_not_found,18,3,1,73,"credentials,destructive",rebuild_source/forms/all_window_specs/SHLR011.rebuild.md,FMB/PLL/PKS/PKB/DDL/Forms Builder
SHLR012.fmx,other-finance/operations,224768,catalog_specification,FMB_PLL_not_found,19,3,1,75,"credentials,destructive",rebuild_source/forms/all_window_specs/SHLR012.rebuild.md,FMB/PLL/PKS/PKB/DDL/Forms Builder
SHLR013.fmx,other-finance/operations,220096,catalog_specification,FMB_PLL_not_found,19,3,1,75,"credentials,destructive",rebuild_source/forms/all_window_specs/SHLR013.rebuild.md,FMB/PLL/PKS/PKB/DDL/Forms Builder
SHLS001.fmx,other-finance/operations,157408,catalog_specification,FMB_PLL_not_found,32,8,1,49,"credentials,ddl_privilege,destructive,windows_native",rebuild_source/forms/all_window_specs/SHLS001.rebuild.md,FMB/PLL/PKS/PKB/DDL/Forms Builder
SHLS002.fmx,other-finance/operations,292988,catalog_specification,FMB_PLL_not_found,34,10,1,86,"credentials,ddl_privilege,destructive,windows_native",rebuild_source/forms/all_window_specs/SHLS002.rebuild.md,FMB/PLL/PKS/PKB/DDL/Forms Builder
SHLS003.fmx,other-finance/operations,171148,catalog_specification,FMB_PLL_not_found,34,8,1,57,"credentials,ddl_privilege,destructive,windows_native",rebuild_source/forms/all_window_specs/SHLS003.rebuild.md,FMB/PLL/PKS/PKB/DDL/Forms Builder
SHLS004.fmx,other-finance/operations,201604,catalog_specification,FMB_PLL_not_found,34,8,1,64,"credentials,ddl_privilege,destructive,windows_native",rebuild_source/forms/all_window_specs/SHLS004.rebuild.md,FMB/PLL/PKS/PKB/DDL/Forms Builder
SHLT001.fmx,other-finance/operations,337928,catalog_specification,FMB_PLL_not_found,36,8,1,110,"credentials,ddl_privilege,destructive,windows_native",rebuild_source/forms/all_window_specs/SHLT001.rebuild.md,FMB/PLL/PKS/PKB/DDL/Forms Builder
SHLT002.fmx,other-finance/operations,300372,catalog_specification,FMB_PLL_not_found,36,8,1,101,"credentials,ddl_privilege,destructive,windows_native",rebuild_source/forms/all_window_specs/SHLT002.rebuild.md,FMB/PLL/PKS/PKB/DDL/Forms Builder
SHLT003.fmx,other-finance/operations,277192,catalog_specification,FMB_PLL_not_found,36,8,1,92,"credentials,ddl_privilege,destructive,windows_native",rebuild_source/forms/all_window_specs/SHLT003.rebuild.md,FMB/PLL/PKS/PKB/DDL/Forms Builder
SHLT004.fmx,other-finance/operations,297020,catalog_specification,FMB_PLL_not_found,36,8,1,109,"credentials,ddl_privilege,destructive,windows_native",rebuild_source/forms/all_window_specs/SHLT004.rebuild.md,FMB/PLL/PKS/PKB/DDL/Forms Builder
SHLT005.fmx,other-finance/operations,319828,catalog_specification,FMB_PLL_not_found,36,8,1,104,"credentials,ddl_privilege,destructive,windows_native",rebuild_source/forms/all_window_specs/SHLT005.rebuild.md,FMB/PLL/PKS/PKB/DDL/Forms Builder
SHLT006.fmx,other-finance/operations,318900,catalog_specification,FMB_PLL_not_found,36,8,1,112,"credentials,ddl_privilege,destructive,windows_native",rebuild_source/forms/all_window_specs/SHLT006.rebuild.md,FMB/PLL/PKS/PKB/DDL/Forms Builder
SHLT007.fmx,other-finance/operations,283092,catalog_specification,FMB_PLL_not_found,36,8,1,91,"credentials,ddl_privilege,destructive,windows_native",rebuild_source/forms/all_window_specs/SHLT007.rebuild.md,FMB/PLL/PKS/PKB/DDL/Forms Builder
SHLT008.fmx,other-finance/operations,286748,catalog_specification,FMB_PLL_not_found,36,8,1,97,"credentials,ddl_privilege,destructive,windows_native",rebuild_source/forms/all_window_specs/SHLT008.rebuild.md,FMB/PLL/PKS/PKB/DDL/Forms Builder
SHLT010.fmx,other-finance/operations,341696,catalog_specification,FMB_PLL_not_found,36,8,1,110,"credentials,ddl_privilege,destructive,windows_native",rebuild_source/forms/all_window_specs/SHLT010.rebuild.md,FMB/PLL/PKS/PKB/DDL/Forms Builder
SHLT011.fmx,other-finance/operations,324412,catalog_specification,FMB_PLL_not_found,36,8,1,106,"credentials,ddl_privilege,destructive,windows_native",rebuild_source/forms/all_window_specs/SHLT011.rebuild.md,FMB/PLL/PKS/PKB/DDL/Forms Builder
SHOI001.fmx,other-finance/operations,310264,catalog_specification,FMB_PLL_not_found,34,7,1,119,"credentials,ddl_privilege,destructive,windows_native",rebuild_source/forms/all_window_specs/SHOI001.rebuild.md,FMB/PLL/PKS/PKB/DDL/Forms Builder
SHOI002.fmx,other-finance/operations,165376,catalog_specification,FMB_PLL_not_found,33,8,1,55,"credentials,ddl_privilege,destructive,windows_native",rebuild_source/forms/all_window_specs/SHOI002.rebuild.md,FMB/PLL/PKS/PKB/DDL/Forms Builder
SHOR001.fmx,other-finance/operations,184124,catalog_specification,FMB_PLL_not_found,17,3,1,101,"credentials,destructive,windows_native",rebuild_source/forms/all_window_specs/SHOR001.rebuild.md,FMB/PLL/PKS/PKB/DDL/Forms Builder
SHOS001.fmx,other-finance/operations,183312,catalog_specification,FMB_PLL_not_found,32,8,1,91,"credentials,destructive,windows_native",rebuild_source/forms/all_window_specs/SHOS001.rebuild.md,FMB/PLL/PKS/PKB/DDL/Forms Builder
SHP027.fmx,other-finance/operations,747368,catalog_specification,FMB_PLL_not_found,32,40,1,344,"credentials,ddl_privilege,destructive,windows_native,error_handling",rebuild_source/forms/all_window_specs/SHP027.rebuild.md,FMB/PLL/PKS/PKB/DDL/Forms Builder
SHPDBA.fmx,other-finance/operations,590452,catalog_specification,FMB_PLL_not_found,56,44,0,501,"credentials,ddl_privilege,destructive,dynamic_sql,windows_native,error_handling",rebuild_source/forms/all_window_specs/SHPDBA.rebuild.md,FMB/PLL/PKS/PKB/DDL/Forms Builder
SHPDBA_FULL.fmx,other-finance/operations,411600,catalog_specification,FMB_PLL_not_found,50,8,0,367,"credentials,ddl_privilege,destructive,dynamic_sql,windows_native,error_handling",rebuild_source/forms/all_window_specs/SHPDBA_FULL.rebuild.md,FMB/PLL/PKS/PKB/DDL/Forms Builder
SHPI001.fmx,other-finance/operations,251320,catalog_specification,FMB_PLL_not_found,36,8,1,91,"credentials,ddl_privilege,destructive,windows_native",rebuild_source/forms/all_window_specs/SHPI001.rebuild.md,FMB/PLL/PKS/PKB/DDL/Forms Builder
SHPI002.fmx,other-finance/operations,263960,catalog_specification,FMB_PLL_not_found,40,8,1,101,"credentials,ddl_privilege,destructive,windows_native",rebuild_source/forms/all_window_specs/SHPI002.rebuild.md,FMB/PLL/PKS/PKB/DDL/Forms Builder
SHPR001.fmx,other-finance/operations,202384,catalog_specification,FMB_PLL_not_found,16,3,1,85,"credentials,destructive,windows_native",rebuild_source/forms/all_window_specs/SHPR001.rebuild.md,FMB/PLL/PKS/PKB/DDL/Forms Builder
SHPR002.fmx,other-finance/operations,194112,catalog_specification,FMB_PLL_not_found,16,3,1,83,"credentials,destructive,windows_native",rebuild_source/forms/all_window_specs/SHPR002.rebuild.md,FMB/PLL/PKS/PKB/DDL/Forms Builder
SHPS001.fmx,other-finance/operations,178884,catalog_specification,FMB_PLL_not_found,34,9,1,70,"credentials,ddl_privilege,destructive,windows_native",rebuild_source/forms/all_window_specs/SHPS001.rebuild.md,FMB/PLL/PKS/PKB/DDL/Forms Builder
SHPS002.fmx,other-finance/operations,156736,catalog_specification,FMB_PLL_not_found,33,8,1,55,"credentials,ddl_privilege,destructive,windows_native",rebuild_source/forms/all_window_specs/SHPS002.rebuild.md,FMB/PLL/PKS/PKB/DDL/Forms Builder
SHPT001.fmx,other-finance/operations,598164,catalog_specification,FMB_PLL_not_found,53,9,1,207,"credentials,destructive,windows_native",rebuild_source/forms/all_window_specs/SHPT001.rebuild.md,FMB/PLL/PKS/PKB/DDL/Forms Builder
SHPT002.fmx,other-finance/operations,649196,catalog_specification,FMB_PLL_not_found,53,11,1,224,"credentials,destructive,windows_native",rebuild_source/forms/all_window_specs/SHPT002.rebuild.md,FMB/PLL/PKS/PKB/DDL/Forms Builder
SHPT003.fmx,other-finance/operations,433100,catalog_specification,FMB_PLL_not_found,43,9,1,155,"credentials,ddl_privilege,destructive,windows_native",rebuild_source/forms/all_window_specs/SHPT003.rebuild.md,FMB/PLL/PKS/PKB/DDL/Forms Builder
SHPT004.fmx,other-finance/operations,432300,catalog_specification,FMB_PLL_not_found,42,9,1,155,"credentials,ddl_privilege,destructive,windows_native",rebuild_source/forms/all_window_specs/SHPT004.rebuild.md,FMB/PLL/PKS/PKB/DDL/Forms Builder
SHPT005.fmx,other-finance/operations,431732,catalog_specification,FMB_PLL_not_found,42,9,1,155,"credentials,ddl_privilege,destructive,windows_native",rebuild_source/forms/all_window_specs/SHPT005.rebuild.md,FMB/PLL/PKS/PKB/DDL/Forms Builder
SHPT006.fmx,other-finance/operations,485800,catalog_specification,FMB_PLL_not_found,50,9,1,185,"credentials,ddl_privilege,destructive,windows_native",rebuild_source/forms/all_window_specs/SHPT006.rebuild.md,FMB/PLL/PKS/PKB/DDL/Forms Builder
SHPT007.fmx,other-finance/operations,262112,catalog_specification,FMB_PLL_not_found,40,8,1,102,"credentials,ddl_privilege,destructive,windows_native",rebuild_source/forms/all_window_specs/SHPT007.rebuild.md,FMB/PLL/PKS/PKB/DDL/Forms Builder
SHP_DBA.fmx,other-finance/operations,747380,catalog_specification,FMB_PLL_not_found,32,40,1,344,"credentials,ddl_privilege,destructive,windows_native,error_handling",rebuild_source/forms/all_window_specs/SHP_DBA.rebuild.md,FMB/PLL/PKS/PKB/DDL/Forms Builder
STNI001.fmx,other,218964,catalog_specification,FMB_PLL_not_found,36,8,1,82,"credentials,ddl_privilege,destructive,dynamic_sql,windows_native",rebuild_source/forms/all_window_specs/STNI001.rebuild.md,FMB/PLL/PKS/PKB/DDL/Forms Builder
STNR001.fmx,other,217916,catalog_specification,FMB_PLL_not_found,19,3,1,78,"credentials,destructive",rebuild_source/forms/all_window_specs/STNR001.rebuild.md,FMB/PLL/PKS/PKB/DDL/Forms Builder
STNR002.fmx,other,219320,catalog_specification,FMB_PLL_not_found,19,3,1,84,"credentials,destructive",rebuild_source/forms/all_window_specs/STNR002.rebuild.md,FMB/PLL/PKS/PKB/DDL/Forms Builder
STNR003.fmx,other,226612,catalog_specification,FMB_PLL_not_found,18,3,1,86,"credentials,destructive",rebuild_source/forms/all_window_specs/STNR003.rebuild.md,FMB/PLL/PKS/PKB/DDL/Forms Builder
STNR004.fmx,other,266232,catalog_specification,FMB_PLL_not_found,19,3,1,107,"credentials,destructive",rebuild_source/forms/all_window_specs/STNR004.rebuild.md,FMB/PLL/PKS/PKB/DDL/Forms Builder
STNR005.fmx,other,277380,catalog_specification,FMB_PLL_not_found,20,3,1,129,"credentials,destructive",rebuild_source/forms/all_window_specs/STNR005.rebuild.md,FMB/PLL/PKS/PKB/DDL/Forms Builder
STNS002.fmx,other,265292,catalog_specification,FMB_PLL_not_found,36,8,1,84,"credentials,ddl_privilege,destructive,windows_native,network",rebuild_source/forms/all_window_specs/STNS002.rebuild.md,FMB/PLL/PKS/PKB/DDL/Forms Builder
STNS003.fmx,other,292996,catalog_specification,FMB_PLL_not_found,36,8,1,110,"credentials,ddl_privilege,destructive,windows_native,network",rebuild_source/forms/all_window_specs/STNS003.rebuild.md,FMB/PLL/PKS/PKB/DDL/Forms Builder
STNS004.fmx,other,342472,catalog_specification,FMB_PLL_not_found,37,8,1,105,"credentials,ddl_privilege,destructive,windows_native,network",rebuild_source/forms/all_window_specs/STNS004.rebuild.md,FMB/PLL/PKS/PKB/DDL/Forms Builder
STNT001.fmx,other,359336,catalog_specification,FMB_PLL_not_found,38,8,1,114,"credentials,ddl_privilege,destructive,windows_native",rebuild_source/forms/all_window_specs/STNT001.rebuild.md,FMB/PLL/PKS/PKB/DDL/Forms Builder
STNT002.fmx,other,509972,catalog_specification,FMB_PLL_not_found,45,10,3,179,"credentials,ddl_privilege,destructive,dynamic_sql,windows_native",rebuild_source/forms/all_window_specs/STNT002.rebuild.md,FMB/PLL/PKS/PKB/DDL/Forms Builder
STNT003.fmx,other,653960,catalog_specification,FMB_PLL_not_found,48,10,2,243,"credentials,ddl_privilege,destructive,windows_native",rebuild_source/forms/all_window_specs/STNT003.rebuild.md,FMB/PLL/PKS/PKB/DDL/Forms Builder
STNT003_old.fmx,other,592144,catalog_specification,FMB_PLL_not_found,46,10,2,222,"credentials,ddl_privilege,destructive,windows_native",rebuild_source/forms/all_window_specs/STNT003_old.rebuild.md,FMB/PLL/PKS/PKB/DDL/Forms Builder
STNT004.fmx,other,357528,catalog_specification,FMB_PLL_not_found,31,14,1,161,"credentials,destructive,windows_native",rebuild_source/forms/all_window_specs/STNT004.rebuild.md,FMB/PLL/PKS/PKB/DDL/Forms Builder
TELEYEMEN_FNGI008.fmx,other,838124,catalog_specification,FMB_PLL_not_found,42,8,2,224,"credentials,ddl_privilege,destructive,dynamic_sql,windows_native",rebuild_source/forms/all_window_specs/TELEYEMEN_FNGI008.rebuild.md,FMB/PLL/PKS/PKB/DDL/Forms Builder
YS_EMP_TRNS.fmx,other,111200,catalog_specification,FMB_PLL_not_found,19,2,0,46,"destructive,windows_native",rebuild_source/forms/all_window_specs/YS_EMP_TRNS.rebuild.md,FMB/PLL/PKS/PKB/DDL/Forms Builder
YS_EMP_UPD_DATA.fmx,other,373592,catalog_specification,FMB_PLL_not_found,41,8,1,117,"credentials,ddl_privilege,destructive,dynamic_sql,windows_native",rebuild_source/forms/all_window_specs/YS_EMP_UPD_DATA.rebuild.md,FMB/PLL/PKS/PKB/DDL/Forms Builder
YS_FAS_FLTR.fmx,other,343004,catalog_specification,FMB_PLL_not_found,38,10,1,109,"credentials,ddl_privilege,destructive,windows_native",rebuild_source/forms/all_window_specs/YS_FAS_FLTR.rebuild.md,FMB/PLL/PKS/PKB/DDL/Forms Builder
YS_HRS_FLTR.fmx,other,344936,catalog_specification,FMB_PLL_not_found,38,10,1,109,"credentials,ddl_privilege,destructive,windows_native",rebuild_source/forms/all_window_specs/YS_HRS_FLTR.rebuild.md,FMB/PLL/PKS/PKB/DDL/Forms Builder
YS_ICODE_LOV.fmx,other,283824,catalog_specification,FMB_PLL_not_found,11,0,2,87,"destructive,windows_native",rebuild_source/forms/all_window_specs/YS_ICODE_LOV.rebuild.md,FMB/PLL/PKS/PKB/DDL/Forms Builder
YS_IMPXLS_EMP.fmx,other,243480,catalog_specification,FMB_PLL_not_found,38,8,2,102,"credentials,ddl_privilege,destructive,windows_native",rebuild_source/forms/all_window_specs/YS_IMPXLS_EMP.rebuild.md,FMB/PLL/PKS/PKB/DDL/Forms Builder
YS_IMPXLS_HRCHY.fmx,other,182328,catalog_specification,FMB_PLL_not_found,36,8,2,71,"credentials,ddl_privilege,destructive,windows_native",rebuild_source/forms/all_window_specs/YS_IMPXLS_HRCHY.rebuild.md,FMB/PLL/PKS/PKB/DDL/Forms Builder
activation_code.fmx,other,319216,catalog_specification,FMB_PLL_not_found,5,1,3,144,"credentials,destructive,windows_native,error_handling",rebuild_source/forms/all_window_specs/activation_code.rebuild.md,FMB/PLL/PKS/PKB/DDL/Forms Builder
fast090.fmx,GL/finance,457920,catalog_specification,FMB_PLL_not_found,47,10,1,178,"credentials,destructive,windows_native",rebuild_source/forms/all_window_specs/fast090.rebuild.md,FMB/PLL/PKS/PKB/DDL/Forms Builder
glsi007_acc_pj.fmx,GL/finance,192228,catalog_specification,FMB_PLL_not_found,36,8,1,82,"credentials,ddl_privilege,destructive,windows_native",rebuild_source/forms/all_window_specs/glsi007_acc_pj.rebuild.md,FMB/PLL/PKS/PKB/DDL/Forms Builder
hrst0_11.fmx,HR,609764,catalog_specification,FMB_PLL_not_found,59,10,1,208,"credentials,ddl_privilege,destructive,windows_native",rebuild_source/forms/all_window_specs/hrst0_11.rebuild.md,FMB/PLL/PKS/PKB/DDL/Forms Builder
jv_types.fmx,other,9992,catalog_specification,FMB_PLL_not_found,0,0,0,4,none,rebuild_source/forms/all_window_specs/jv_types.rebuild.md,FMB/PLL/PKS/PKB/DDL/Forms Builder
mrpbom02.fmx,MRP/treasury,425316,catalog_specification,FMB_PLL_not_found,12,0,1,103,"destructive,windows_native",rebuild_source/forms/all_window_specs/mrpbom02.rebuild.md,FMB/PLL/PKS/PKB/DDL/Forms Builder
mrpcrp22.fmx,MRP/treasury,118396,catalog_specification,FMB_PLL_not_found,8,0,1,31,"destructive,windows_native",rebuild_source/forms/all_window_specs/mrpcrp22.rebuild.md,FMB/PLL/PKS/PKB/DDL/Forms Builder
mrpmps03.fmx,MRP/treasury,232776,catalog_specification,FMB_PLL_not_found,11,1,1,73,"destructive,dynamic_sql,windows_native",rebuild_source/forms/all_window_specs/mrpmps03.rebuild.md,FMB/PLL/PKS/PKB/DDL/Forms Builder
mrprepmps001.fmx,MRP/treasury,144524,catalog_specification,FMB_PLL_not_found,8,0,1,71,"destructive,windows_native",rebuild_source/forms/all_window_specs/mrprepmps001.rebuild.md,FMB/PLL/PKS/PKB/DDL/Forms Builder
mrprepmps0062.fmx,MRP/treasury,163932,catalog_specification,FMB_PLL_not_found,4,0,1,106,"destructive,windows_native",rebuild_source/forms/all_window_specs/mrprepmps0062.rebuild.md,FMB/PLL/PKS/PKB/DDL/Forms Builder
mrprepsgs008.fmx,MRP/treasury,107760,catalog_specification,FMB_PLL_not_found,5,0,1,34,"destructive,windows_native",rebuild_source/forms/all_window_specs/mrprepsgs008.rebuild.md,FMB/PLL/PKS/PKB/DDL/Forms Builder
mrprepsgs021.fmx,MRP/treasury,106572,catalog_specification,FMB_PLL_not_found,5,0,1,39,"destructive,windows_native",rebuild_source/forms/all_window_specs/mrprepsgs021.rebuild.md,FMB/PLL/PKS/PKB/DDL/Forms Builder
mrpsgs05.fmx,MRP/treasury,105416,catalog_specification,FMB_PLL_not_found,5,0,1,44,"ddl_privilege,destructive,windows_native,error_handling",rebuild_source/forms/all_window_specs/mrpsgs05.rebuild.md,FMB/PLL/PKS/PKB/DDL/Forms Builder
mrpsgs12.fmx,MRP/treasury,108172,catalog_specification,FMB_PLL_not_found,6,0,1,39,"ddl_privilege,destructive,windows_native",rebuild_source/forms/all_window_specs/mrpsgs12.rebuild.md,FMB/PLL/PKS/PKB/DDL/Forms Builder
mrpsgs21.fmx,MRP/treasury,174664,catalog_specification,FMB_PLL_not_found,7,0,1,61,"ddl_privilege,destructive,windows_native",rebuild_source/forms/all_window_specs/mrpsgs21.rebuild.md,FMB/PLL/PKS/PKB/DDL/Forms Builder
mtxacount.fmx,inventory/stock,108388,catalog_specification,FMB_PLL_not_found,4,1,1,34,"destructive,windows_native",rebuild_source/forms/all_window_specs/mtxacount.rebuild.md,FMB/PLL/PKS/PKB/DDL/Forms Builder
mtxbckrp01.fmx,inventory/stock,102804,catalog_specification,FMB_PLL_not_found,6,0,1,40,"destructive,windows_native",rebuild_source/forms/all_window_specs/mtxbckrp01.rebuild.md,FMB/PLL/PKS/PKB/DDL/Forms Builder
mtxbckrp02.fmx,inventory/stock,103400,catalog_specification,FMB_PLL_not_found,6,0,1,41,"destructive,windows_native",rebuild_source/forms/all_window_specs/mtxbckrp02.rebuild.md,FMB/PLL/PKS/PKB/DDL/Forms Builder
mtxbll002.fmx,inventory/stock,123644,catalog_specification,FMB_PLL_not_found,6,1,1,39,"destructive,windows_native",rebuild_source/forms/all_window_specs/mtxbll002.rebuild.md,FMB/PLL/PKS/PKB/DDL/Forms Builder
mtxcckr02.fmx,inventory/stock,109108,catalog_specification,FMB_PLL_not_found,7,0,1,37,"destructive,windows_native",rebuild_source/forms/all_window_specs/mtxcckr02.rebuild.md,FMB/PLL/PKS/PKB/DDL/Forms Builder
mtxcod001.fmx,inventory/stock,127272,catalog_specification,FMB_PLL_not_found,6,0,1,29,"destructive,windows_native",rebuild_source/forms/all_window_specs/mtxcod001.rebuild.md,FMB/PLL/PKS/PKB/DDL/Forms Builder
mtxcod002.fmx,inventory/stock,85508,catalog_specification,FMB_PLL_not_found,6,0,1,19,"destructive,windows_native",rebuild_source/forms/all_window_specs/mtxcod002.rebuild.md,FMB/PLL/PKS/PKB/DDL/Forms Builder
mtxcod015.fmx,inventory/stock,90164,catalog_specification,FMB_PLL_not_found,6,0,1,24,"destructive,windows_native",rebuild_source/forms/all_window_specs/mtxcod015.rebuild.md,FMB/PLL/PKS/PKB/DDL/Forms Builder
mtxcod017.fmx,inventory/stock,81768,catalog_specification,FMB_PLL_not_found,6,1,1,21,"destructive,windows_native",rebuild_source/forms/all_window_specs/mtxcod017.rebuild.md,FMB/PLL/PKS/PKB/DDL/Forms Builder
mtxcod018.fmx,inventory/stock,80516,catalog_specification,FMB_PLL_not_found,6,1,1,19,"destructive,windows_native",rebuild_source/forms/all_window_specs/mtxcod018.rebuild.md,FMB/PLL/PKS/PKB/DDL/Forms Builder
mtxcod020.fmx,inventory/stock,130456,catalog_specification,FMB_PLL_not_found,6,1,1,46,"credentials,destructive,windows_native,network",rebuild_source/forms/all_window_specs/mtxcod020.rebuild.md,FMB/PLL/PKS/PKB/DDL/Forms Builder
mtxcsttr01.fmx,inventory/stock,153024,catalog_specification,FMB_PLL_not_found,8,3,1,47,"destructive,windows_native",rebuild_source/forms/all_window_specs/mtxcsttr01.rebuild.md,FMB/PLL/PKS/PKB/DDL/Forms Builder
mtxcustr01.fmx,inventory/stock,159372,catalog_specification,FMB_PLL_not_found,8,3,1,52,"destructive,windows_native",rebuild_source/forms/all_window_specs/mtxcustr01.rebuild.md,FMB/PLL/PKS/PKB/DDL/Forms Builder
mtxdba002.fmx,inventory/stock,6528,catalog_specification,FMB_PLL_not_found,0,0,0,3,ddl_privilege,rebuild_source/forms/all_window_specs/mtxdba002.rebuild.md,FMB/PLL/PKS/PKB/DDL/Forms Builder
mtxfeer03.fmx,inventory/stock,109628,catalog_specification,FMB_PLL_not_found,7,0,1,39,"destructive,windows_native",rebuild_source/forms/all_window_specs/mtxfeer03.rebuild.md,FMB/PLL/PKS/PKB/DDL/Forms Builder
mtxfeer04.fmx,inventory/stock,106376,catalog_specification,FMB_PLL_not_found,7,0,1,40,"destructive,windows_native",rebuild_source/forms/all_window_specs/mtxfeer04.rebuild.md,FMB/PLL/PKS/PKB/DDL/Forms Builder
mtxfeer05.fmx,inventory/stock,113036,catalog_specification,FMB_PLL_not_found,7,0,1,42,"destructive,windows_native",rebuild_source/forms/all_window_specs/mtxfeer05.rebuild.md,FMB/PLL/PKS/PKB/DDL/Forms Builder
mtxfeer06.fmx,inventory/stock,103896,catalog_specification,FMB_PLL_not_found,7,0,1,34,"destructive,windows_native",rebuild_source/forms/all_window_specs/mtxfeer06.rebuild.md,FMB/PLL/PKS/PKB/DDL/Forms Builder
mtxfeout01.fmx,inventory/stock,106780,catalog_specification,FMB_PLL_not_found,7,0,1,36,"destructive,windows_native",rebuild_source/forms/all_window_specs/mtxfeout01.rebuild.md,FMB/PLL/PKS/PKB/DDL/Forms Builder
mtxfil001.fmx,inventory/stock,95080,catalog_specification,FMB_PLL_not_found,6,0,1,37,"destructive,windows_native",rebuild_source/forms/all_window_specs/mtxfil001.rebuild.md,FMB/PLL/PKS/PKB/DDL/Forms Builder
mtxgld002.fmx,inventory/stock,89464,catalog_specification,FMB_PLL_not_found,6,0,1,24,"destructive,windows_native",rebuild_source/forms/all_window_specs/mtxgld002.rebuild.md,FMB/PLL/PKS/PKB/DDL/Forms Builder
mtxgld010.fmx,inventory/stock,310552,catalog_specification,FMB_PLL_not_found,10,10,1,100,"destructive,windows_native",rebuild_source/forms/all_window_specs/mtxgld010.rebuild.md,FMB/PLL/PKS/PKB/DDL/Forms Builder
mtxgld011.fmx,inventory/stock,337352,catalog_specification,FMB_PLL_not_found,8,6,1,91,"destructive,windows_native",rebuild_source/forms/all_window_specs/mtxgld011.rebuild.md,FMB/PLL/PKS/PKB/DDL/Forms Builder
mtxgld016.fmx,inventory/stock,461620,catalog_specification,FMB_PLL_not_found,9,8,1,140,"destructive,windows_native",rebuild_source/forms/all_window_specs/mtxgld016.rebuild.md,FMB/PLL/PKS/PKB/DDL/Forms Builder
mtxgld022.fmx,inventory/stock,134100,catalog_specification,FMB_PLL_not_found,6,0,1,34,"destructive,windows_native",rebuild_source/forms/all_window_specs/mtxgld022.rebuild.md,FMB/PLL/PKS/PKB/DDL/Forms Builder
mtxinr005.fmx,inventory/stock,116820,catalog_specification,FMB_PLL_not_found,6,0,1,41,"destructive,windows_native",rebuild_source/forms/all_window_specs/mtxinr005.rebuild.md,FMB/PLL/PKS/PKB/DDL/Forms Builder
mtxinrep01.fmx,inventory/stock,104456,catalog_specification,FMB_PLL_not_found,7,0,1,35,"destructive,windows_native",rebuild_source/forms/all_window_specs/mtxinrep01.rebuild.md,FMB/PLL/PKS/PKB/DDL/Forms Builder
mtxinw001.fmx,inventory/stock,1002380,catalog_specification,FMB_PLL_not_found,12,7,1,221,"destructive,dynamic_sql,windows_native,network",rebuild_source/forms/all_window_specs/mtxinw001.rebuild.md,FMB/PLL/PKS/PKB/DDL/Forms Builder
mtxirp011.fmx,inventory/stock,84736,catalog_specification,FMB_PLL_not_found,6,0,1,27,"destructive,windows_native",rebuild_source/forms/all_window_specs/mtxirp011.rebuild.md,FMB/PLL/PKS/PKB/DDL/Forms Builder
mtxirp015.fmx,inventory/stock,112016,catalog_specification,FMB_PLL_not_found,7,0,1,36,"destructive,windows_native",rebuild_source/forms/all_window_specs/mtxirp015.rebuild.md,FMB/PLL/PKS/PKB/DDL/Forms Builder
mtxmnt005.fmx,inventory/stock,166028,catalog_specification,FMB_PLL_not_found,6,5,1,38,"destructive,windows_native",rebuild_source/forms/all_window_specs/mtxmnt005.rebuild.md,FMB/PLL/PKS/PKB/DDL/Forms Builder
mtxmnt006.fmx,inventory/stock,107396,catalog_specification,FMB_PLL_not_found,6,1,1,31,"destructive,windows_native",rebuild_source/forms/all_window_specs/mtxmnt006.rebuild.md,FMB/PLL/PKS/PKB/DDL/Forms Builder
mtxmnt009.fmx,inventory/stock,138392,catalog_specification,FMB_PLL_not_found,7,3,1,40,"destructive,windows_native",rebuild_source/forms/all_window_specs/mtxmnt009.rebuild.md,FMB/PLL/PKS/PKB/DDL/Forms Builder
mtxorp021.fmx,inventory/stock,115764,catalog_specification,FMB_PLL_not_found,6,0,1,42,"destructive,windows_native",rebuild_source/forms/all_window_specs/mtxorp021.rebuild.md,FMB/PLL/PKS/PKB/DDL/Forms Builder
mtxout012.fmx,inventory/stock,210604,catalog_specification,FMB_PLL_not_found,6,1,1,59,"destructive,windows_native",rebuild_source/forms/all_window_specs/mtxout012.rebuild.md,FMB/PLL/PKS/PKB/DDL/Forms Builder
mtxout013.fmx,inventory/stock,115800,catalog_specification,FMB_PLL_not_found,6,2,1,49,"destructive,windows_native",rebuild_source/forms/all_window_specs/mtxout013.rebuild.md,FMB/PLL/PKS/PKB/DDL/Forms Builder
mtxoutr002.fmx,inventory/stock,107424,catalog_specification,FMB_PLL_not_found,6,0,1,39,"destructive,windows_native",rebuild_source/forms/all_window_specs/mtxoutr002.rebuild.md,FMB/PLL/PKS/PKB/DDL/Forms Builder
mtxprv001.fmx,inventory/stock,96264,catalog_specification,FMB_PLL_not_found,7,0,1,38,"destructive,windows_native",rebuild_source/forms/all_window_specs/mtxprv001.rebuild.md,FMB/PLL/PKS/PKB/DDL/Forms Builder
mtxprv002.fmx,inventory/stock,102740,catalog_specification,FMB_PLL_not_found,7,0,1,32,"destructive,windows_native",rebuild_source/forms/all_window_specs/mtxprv002.rebuild.md,FMB/PLL/PKS/PKB/DDL/Forms Builder
mtxrp43.fmx,inventory/stock,115992,catalog_specification,FMB_PLL_not_found,6,0,1,39,"destructive,windows_native",rebuild_source/forms/all_window_specs/mtxrp43.rebuild.md,FMB/PLL/PKS/PKB/DDL/Forms Builder
mtxstp003.fmx,inventory/stock,224100,catalog_specification,FMB_PLL_not_found,7,0,1,71,"destructive,windows_native",rebuild_source/forms/all_window_specs/mtxstp003.rebuild.md,FMB/PLL/PKS/PKB/DDL/Forms Builder
mtxstp004.fmx,inventory/stock,125976,catalog_specification,FMB_PLL_not_found,6,1,1,41,"destructive,windows_native",rebuild_source/forms/all_window_specs/mtxstp004.rebuild.md,FMB/PLL/PKS/PKB/DDL/Forms Builder
mtxstp017.fmx,inventory/stock,195704,catalog_specification,FMB_PLL_not_found,6,1,1,50,"destructive,windows_native",rebuild_source/forms/all_window_specs/mtxstp017.rebuild.md,FMB/PLL/PKS/PKB/DDL/Forms Builder
mtxstp029.fmx,inventory/stock,126932,catalog_specification,FMB_PLL_not_found,6,2,1,34,"destructive,windows_native",rebuild_source/forms/all_window_specs/mtxstp029.rebuild.md,FMB/PLL/PKS/PKB/DDL/Forms Builder
mtxstp030.fmx,inventory/stock,113324,catalog_specification,FMB_PLL_not_found,6,2,1,41,"destructive,windows_native",rebuild_source/forms/all_window_specs/mtxstp030.rebuild.md,FMB/PLL/PKS/PKB/DDL/Forms Builder
mtxstp031.fmx,inventory/stock,92752,catalog_specification,FMB_PLL_not_found,6,1,1,31,"destructive,windows_native",rebuild_source/forms/all_window_specs/mtxstp031.rebuild.md,FMB/PLL/PKS/PKB/DDL/Forms Builder
mtxstp035.fmx,inventory/stock,116020,catalog_specification,FMB_PLL_not_found,6,0,1,36,"destructive,windows_native",rebuild_source/forms/all_window_specs/mtxstp035.rebuild.md,FMB/PLL/PKS/PKB/DDL/Forms Builder
mtxstp037.fmx,inventory/stock,87280,catalog_specification,FMB_PLL_not_found,6,0,1,18,"destructive,windows_native",rebuild_source/forms/all_window_specs/mtxstp037.rebuild.md,FMB/PLL/PKS/PKB/DDL/Forms Builder
mtxstpw035.fmx,inventory/stock,239940,catalog_specification,FMB_PLL_not_found,33,8,1,73,"credentials,ddl_privilege,destructive,windows_native",rebuild_source/forms/all_window_specs/mtxstpw035.rebuild.md,FMB/PLL/PKS/PKB/DDL/Forms Builder
mtxstr001.fmx,inventory/stock,167760,catalog_specification,FMB_PLL_not_found,8,3,1,48,"destructive,windows_native",rebuild_source/forms/all_window_specs/mtxstr001.rebuild.md,FMB/PLL/PKS/PKB/DDL/Forms Builder
mtxtrs003.fmx,inventory/stock,163628,catalog_specification,FMB_PLL_not_found,10,3,1,67,"destructive,windows_native",rebuild_source/forms/all_window_specs/mtxtrs003.rebuild.md,FMB/PLL/PKS/PKB/DDL/Forms Builder
mtxtrv003.fmx,inventory/stock,118468,catalog_specification,FMB_PLL_not_found,6,0,1,34,"destructive,windows_native",rebuild_source/forms/all_window_specs/mtxtrv003.rebuild.md,FMB/PLL/PKS/PKB/DDL/Forms Builder
mtxusr002.fmx,inventory/stock,135204,catalog_specification,FMB_PLL_not_found,7,3,1,54,"destructive,windows_native",rebuild_source/forms/all_window_specs/mtxusr002.rebuild.md,FMB/PLL/PKS/PKB/DDL/Forms Builder
mtxusr003.fmx,inventory/stock,131456,catalog_specification,FMB_PLL_not_found,7,3,1,50,"destructive,windows_native",rebuild_source/forms/all_window_specs/mtxusr003.rebuild.md,FMB/PLL/PKS/PKB/DDL/Forms Builder
mtxusr004.fmx,inventory/stock,112444,catalog_specification,FMB_PLL_not_found,6,1,1,43,"destructive,windows_native",rebuild_source/forms/all_window_specs/mtxusr004.rebuild.md,FMB/PLL/PKS/PKB/DDL/Forms Builder
mtxusr005.fmx,inventory/stock,97620,catalog_specification,FMB_PLL_not_found,6,0,1,35,"destructive,windows_native",rebuild_source/forms/all_window_specs/mtxusr005.rebuild.md,FMB/PLL/PKS/PKB/DDL/Forms Builder
mtxwst001.fmx,inventory/stock,143772,catalog_specification,FMB_PLL_not_found,6,0,1,26,"destructive,windows_native",rebuild_source/forms/all_window_specs/mtxwst001.rebuild.md,FMB/PLL/PKS/PKB/DDL/Forms Builder
mtxwst0011.fmx,inventory/stock,133484,catalog_specification,FMB_PLL_not_found,6,0,1,23,"destructive,windows_native",rebuild_source/forms/all_window_specs/mtxwst0011.rebuild.md,FMB/PLL/PKS/PKB/DDL/Forms Builder
mtxxch001.fmx,inventory/stock,606080,catalog_specification,FMB_PLL_not_found,14,7,1,148,"destructive,windows_native",rebuild_source/forms/all_window_specs/mtxxch001.rebuild.md,FMB/PLL/PKS/PKB/DDL/Forms Builder
mtxxch003.fmx,inventory/stock,136884,catalog_specification,FMB_PLL_not_found,8,0,1,40,"destructive,windows_native",rebuild_source/forms/all_window_specs/mtxxch003.rebuild.md,FMB/PLL/PKS/PKB/DDL/Forms Builder
mtxxch004.fmx,inventory/stock,126228,catalog_specification,FMB_PLL_not_found,6,0,1,44,"destructive,windows_native",rebuild_source/forms/all_window_specs/mtxxch004.rebuild.md,FMB/PLL/PKS/PKB/DDL/Forms Builder
mtxxch007.fmx,inventory/stock,88564,catalog_specification,FMB_PLL_not_found,6,1,1,30,"destructive,windows_native",rebuild_source/forms/all_window_specs/mtxxch007.rebuild.md,FMB/PLL/PKS/PKB/DDL/Forms Builder
mtxxch093.fmx,inventory/stock,110152,catalog_specification,FMB_PLL_not_found,6,0,1,43,"destructive,windows_native",rebuild_source/forms/all_window_specs/mtxxch093.rebuild.md,FMB/PLL/PKS/PKB/DDL/Forms Builder
mtxxrp013.fmx,inventory/stock,107500,catalog_specification,FMB_PLL_not_found,6,0,1,37,"destructive,windows_native",rebuild_source/forms/all_window_specs/mtxxrp013.rebuild.md,FMB/PLL/PKS/PKB/DDL/Forms Builder
rep2excel.fmx,reports,13616,catalog_specification,FMB_PLL_not_found,0,0,1,7,none,rebuild_source/forms/all_window_specs/rep2excel.rebuild.md,FMB/PLL/PKS/PKB/DDL/Forms Builder
tabent.fmx,other,9184,catalog_specification,FMB_PLL_not_found,0,0,0,3,none,rebuild_source/forms/all_window_specs/tabent.rebuild.md,FMB/PLL/PKS/PKB/DDL/Forms Builder
tafkeet.fmx,other,76444,catalog_specification,FMB_PLL_not_found,0,0,0,30,none,rebuild_source/forms/all_window_specs/tafkeet.rebuild.md,FMB/PLL/PKS/PKB/DDL/Forms Builder
بADMT022.fmx,other,980404,catalog_specification,FMB_PLL_not_found,250,12,1,936,"credentials,ddl_privilege,destructive,dynamic_sql,windows_native,error_handling,session_control",rebuild_source/forms/all_window_specs/بADMT022.rebuild.md,FMB/PLL/PKS/PKB/DDL/Forms Builder
ببADMT022.fmx,other,991716,catalog_specification,FMB_PLL_not_found,248,12,1,961,"credentials,ddl_privilege,destructive,dynamic_sql,windows_native,error_handling,session_control,network",rebuild_source/forms/all_window_specs/ببADMT022.rebuild.md,FMB/PLL/PKS/PKB/DDL/Forms Builder
