legacy_form,category,legacy_artifact,compatibility_layer,core_domain,migration_phase,source_evidence,status
222INVT011.fmx,other,FMX/compiled,ONEX_ADMIN_COMPAT,ADMIN,0,docs/window_catalog.csv,MAPPED_NOT_RUNTIME_VERIFIED
22355INVT011.fmx,other,FMX/compiled,ONEX_ADMIN_COMPAT,ADMIN,0,docs/window_catalog.csv,MAPPED_NOT_RUNTIME_VERIFIED
2FNGI008.fmx,other,FMX/compiled,ONEX_ADMIN_COMPAT,ADMIN,0,docs/window_catalog.csv,MAPPED_NOT_RUNTIME_VERIFIED
33INVT011.fmx,other,FMX/compiled,ONEX_ADMIN_COMPAT,ADMIN,0,docs/window_catalog.csv,MAPPED_NOT_RUNTIME_VERIFIED
3433INVT011.fmx,other,FMX/compiled,ONEX_ADMIN_COMPAT,ADMIN,0,docs/window_catalog.csv,MAPPED_NOT_RUNTIME_VERIFIED
ADMHRST005.fmx,admin/system,FMX/compiled,ONEX_ADMIN_COMPAT,ADMIN,0,docs/window_catalog.csv,MAPPED_NOT_RUNTIME_VERIFIED
ADMHRST006.fmx,admin/system,FMX/compiled,ONEX_ADMIN_COMPAT,ADMIN,0,docs/window_catalog.csv,MAPPED_NOT_RUNTIME_VERIFIED
ADMI001.fmx,admin/system,FMX/compiled,ONEX_ADMIN_COMPAT,ADMIN,0,docs/window_catalog.csv,MAPPED_NOT_RUNTIME_VERIFIED
ADMI003.fmx,admin/system,FMX/compiled,ONEX_ADMIN_COMPAT,ADMIN,0,docs/window_catalog.csv,MAPPED_NOT_RUNTIME_VERIFIED
ADMI004.fmx,admin/system,FMX/compiled,ONEX_ADMIN_COMPAT,ADMIN,0,docs/window_catalog.csv,MAPPED_NOT_RUNTIME_VERIFIED
ADMI005.fmx,admin/system,FMX/compiled,ONEX_ADMIN_COMPAT,ADMIN,0,docs/window_catalog.csv,MAPPED_NOT_RUNTIME_VERIFIED
ADMI006.fmx,admin/system,FMX/compiled,ONEX_ADMIN_COMPAT,ADMIN,0,docs/window_catalog.csv,MAPPED_NOT_RUNTIME_VERIFIED
ADMI007.fmx,admin/system,FMX/compiled,ONEX_ADMIN_COMPAT,ADMIN,0,docs/window_catalog.csv,MAPPED_NOT_RUNTIME_VERIFIED
ADMI008.fmx,admin/system,FMX/compiled,ONEX_ADMIN_COMPAT,ADMIN,0,docs/window_catalog.csv,MAPPED_NOT_RUNTIME_VERIFIED
ADMI009.fmx,admin/system,FMX/compiled,ONEX_ADMIN_COMPAT,ADMIN,0,docs/window_catalog.csv,MAPPED_NOT_RUNTIME_VERIFIED
ADMI010.fmx,admin/system,FMX/compiled,ONEX_ADMIN_COMPAT,ADMIN,0,docs/window_catalog.csv,MAPPED_NOT_RUNTIME_VERIFIED
ADMI011.fmx,admin/system,FMX/compiled,ONEX_ADMIN_COMPAT,ADMIN,0,docs/window_catalog.csv,MAPPED_NOT_RUNTIME_VERIFIED
ADMI012.fmx,admin/system,FMX/compiled,ONEX_ADMIN_COMPAT,ADMIN,0,docs/window_catalog.csv,MAPPED_NOT_RUNTIME_VERIFIED
ADMI013.fmx,admin/system,FMX/compiled,ONEX_ADMIN_COMPAT,ADMIN,0,docs/window_catalog.csv,MAPPED_NOT_RUNTIME_VERIFIED
ADMI014.fmx,admin/system,FMX/compiled,ONEX_ADMIN_COMPAT,ADMIN,0,docs/window_catalog.csv,MAPPED_NOT_RUNTIME_VERIFIED
ADMI015.fmx,admin/system,FMX/compiled,ONEX_ADMIN_COMPAT,ADMIN,0,docs/window_catalog.csv,MAPPED_NOT_RUNTIME_VERIFIED
ADMI016.fmx,admin/system,FMX/compiled,ONEX_ADMIN_COMPAT,ADMIN,0,docs/window_catalog.csv,MAPPED_NOT_RUNTIME_VERIFIED
ADMI020.fmx,admin/system,FMX/compiled,ONEX_ADMIN_COMPAT,ADMIN,0,docs/window_catalog.csv,MAPPED_NOT_RUNTIME_VERIFIED
ADMI021.fmx,admin/system,FMX/compiled,ONEX_ADMIN_COMPAT,ADMIN,0,docs/window_catalog.csv,MAPPED_NOT_RUNTIME_VERIFIED
ADMINVI017.fmx,admin/system,FMX/compiled,ONEX_ADMIN_COMPAT,ADMIN,0,docs/window_catalog.csv,MAPPED_NOT_RUNTIME_VERIFIED
ADMQ001.fmx,admin/system,FMX/compiled,ONEX_ADMIN_COMPAT,ADMIN,0,docs/window_catalog.csv,MAPPED_NOT_RUNTIME_VERIFIED
ADMQ002.fmx,admin/system,FMX/compiled,ONEX_ADMIN_COMPAT,ADMIN,0,docs/window_catalog.csv,MAPPED_NOT_RUNTIME_VERIFIED
ADMQ003.fmx,admin/system,FMX/compiled,ONEX_ADMIN_COMPAT,ADMIN,0,docs/window_catalog.csv,MAPPED_NOT_RUNTIME_VERIFIED
ADMR010.fmx,admin/system,FMX/compiled,ONEX_ADMIN_COMPAT,ADMIN,0,docs/window_catalog.csv,MAPPED_NOT_RUNTIME_VERIFIED
ADMR020.fmx,admin/system,FMX/compiled,ONEX_ADMIN_COMPAT,ADMIN,0,docs/window_catalog.csv,MAPPED_NOT_RUNTIME_VERIFIED
ADMT020.fmx,admin/system,FMX/compiled,ONEX_ADMIN_COMPAT,ADMIN,0,docs/window_catalog.csv,MAPPED_NOT_RUNTIME_VERIFIED
ADMT021.fmx,admin/system,FMX/compiled,ONEX_ADMIN_COMPAT,ADMIN,0,docs/window_catalog.csv,MAPPED_NOT_RUNTIME_VERIFIED
ADMT022.fmx,admin/system,FMX/compiled,ONEX_ADMIN_COMPAT,ADMIN,0,docs/window_catalog.csv,MAPPED_NOT_RUNTIME_VERIFIED
ADMT022ث.fmx,admin/system,FMX/compiled,ONEX_ADMIN_COMPAT,ADMIN,0,docs/window_catalog.csv,MAPPED_NOT_RUNTIME_VERIFIED
ADMT023.fmx,admin/system,FMX/compiled,ONEX_ADMIN_COMPAT,ADMIN,0,docs/window_catalog.csv,MAPPED_NOT_RUNTIME_VERIFIED
ADMT024.fmx,admin/system,FMX/compiled,ONEX_ADMIN_COMPAT,ADMIN,0,docs/window_catalog.csv,MAPPED_NOT_RUNTIME_VERIFIED
ADMT025.fmx,admin/system,FMX/compiled,ONEX_ADMIN_COMPAT,ADMIN,0,docs/window_catalog.csv,MAPPED_NOT_RUNTIME_VERIFIED
ADMT027.fmx,admin/system,FMX/compiled,ONEX_ADMIN_COMPAT,ADMIN,0,docs/window_catalog.csv,MAPPED_NOT_RUNTIME_VERIFIED
ADMT028.fmx,admin/system,FMX/compiled,ONEX_ADMIN_COMPAT,ADMIN,0,docs/window_catalog.csv,MAPPED_NOT_RUNTIME_VERIFIED
ADMT029.fmx,admin/system,FMX/compiled,ONEX_ADMIN_COMPAT,ADMIN,0,docs/window_catalog.csv,MAPPED_NOT_RUNTIME_VERIFIED
ADMT030.fmx,admin/system,FMX/compiled,ONEX_ADMIN_COMPAT,ADMIN,0,docs/window_catalog.csv,MAPPED_NOT_RUNTIME_VERIFIED
ADMT031.fmx,admin/system,FMX/compiled,ONEX_ADMIN_COMPAT,ADMIN,0,docs/window_catalog.csv,MAPPED_NOT_RUNTIME_VERIFIED
ALRTI003.fmx,other,FMX/compiled,ONEX_ADMIN_COMPAT,ADMIN,0,docs/window_catalog.csv,MAPPED_NOT_RUNTIME_VERIFIED
ALRTI004.fmx,other,FMX/compiled,ONEX_ADMIN_COMPAT,ADMIN,0,docs/window_catalog.csv,MAPPED_NOT_RUNTIME_VERIFIED
ALRTI005.fmx,other,FMX/compiled,ONEX_ADMIN_COMPAT,ADMIN,0,docs/window_catalog.csv,MAPPED_NOT_RUNTIME_VERIFIED
ALRTIMPXLS.fmx,other,FMX/compiled,ONEX_ADMIN_COMPAT,ADMIN,0,docs/window_catalog.csv,MAPPED_NOT_RUNTIME_VERIFIED
ALRTQ007.fmx,other,FMX/compiled,ONEX_ADMIN_COMPAT,ADMIN,0,docs/window_catalog.csv,MAPPED_NOT_RUNTIME_VERIFIED
ALRTR010.fmx,other,FMX/compiled,ONEX_ADMIN_COMPAT,ADMIN,0,docs/window_catalog.csv,MAPPED_NOT_RUNTIME_VERIFIED
ALRTS001.fmx,other,FMX/compiled,ONEX_ADMIN_COMPAT,ADMIN,0,docs/window_catalog.csv,MAPPED_NOT_RUNTIME_VERIFIED
ALRTT002.fmx,other,FMX/compiled,ONEX_ADMIN_COMPAT,ADMIN,0,docs/window_catalog.csv,MAPPED_NOT_RUNTIME_VERIFIED
AMSI001.fmx,assets/maintenance,FMX/compiled,ONEX_ADMIN_COMPAT,ADMIN,0,docs/window_catalog.csv,MAPPED_NOT_RUNTIME_VERIFIED
AMSI002.fmx,assets/maintenance,FMX/compiled,ONEX_ADMIN_COMPAT,ADMIN,0,docs/window_catalog.csv,MAPPED_NOT_RUNTIME_VERIFIED
AMSI003.fmx,assets/maintenance,FMX/compiled,ONEX_ADMIN_COMPAT,ADMIN,0,docs/window_catalog.csv,MAPPED_NOT_RUNTIME_VERIFIED
AMSI004.fmx,assets/maintenance,FMX/compiled,ONEX_ADMIN_COMPAT,ADMIN,0,docs/window_catalog.csv,MAPPED_NOT_RUNTIME_VERIFIED
AMSI005.fmx,assets/maintenance,FMX/compiled,ONEX_ADMIN_COMPAT,ADMIN,0,docs/window_catalog.csv,MAPPED_NOT_RUNTIME_VERIFIED
AMSI006.fmx,assets/maintenance,FMX/compiled,ONEX_ADMIN_COMPAT,ADMIN,0,docs/window_catalog.csv,MAPPED_NOT_RUNTIME_VERIFIED
AMSI007.fmx,assets/maintenance,FMX/compiled,ONEX_ADMIN_COMPAT,ADMIN,0,docs/window_catalog.csv,MAPPED_NOT_RUNTIME_VERIFIED
AMSR001.fmx,assets/maintenance,FMX/compiled,ONEX_ADMIN_COMPAT,ADMIN,0,docs/window_catalog.csv,MAPPED_NOT_RUNTIME_VERIFIED
AMSR002.fmx,assets/maintenance,FMX/compiled,ONEX_ADMIN_COMPAT,ADMIN,0,docs/window_catalog.csv,MAPPED_NOT_RUNTIME_VERIFIED
AMSR003.fmx,assets/maintenance,FMX/compiled,ONEX_ADMIN_COMPAT,ADMIN,0,docs/window_catalog.csv,MAPPED_NOT_RUNTIME_VERIFIED
AMSR004.fmx,assets/maintenance,FMX/compiled,ONEX_ADMIN_COMPAT,ADMIN,0,docs/window_catalog.csv,MAPPED_NOT_RUNTIME_VERIFIED
AMSR005.fmx,assets/maintenance,FMX/compiled,ONEX_ADMIN_COMPAT,ADMIN,0,docs/window_catalog.csv,MAPPED_NOT_RUNTIME_VERIFIED
AMSR006.fmx,assets/maintenance,FMX/compiled,ONEX_ADMIN_COMPAT,ADMIN,0,docs/window_catalog.csv,MAPPED_NOT_RUNTIME_VERIFIED
AMSR007.fmx,assets/maintenance,FMX/compiled,ONEX_ADMIN_COMPAT,ADMIN,0,docs/window_catalog.csv,MAPPED_NOT_RUNTIME_VERIFIED
AMSR008.fmx,assets/maintenance,FMX/compiled,ONEX_ADMIN_COMPAT,ADMIN,0,docs/window_catalog.csv,MAPPED_NOT_RUNTIME_VERIFIED
AMSR009.fmx,assets/maintenance,FMX/compiled,ONEX_ADMIN_COMPAT,ADMIN,0,docs/window_catalog.csv,MAPPED_NOT_RUNTIME_VERIFIED
AMSR010.fmx,assets/maintenance,FMX/compiled,ONEX_ADMIN_COMPAT,ADMIN,0,docs/window_catalog.csv,MAPPED_NOT_RUNTIME_VERIFIED
AMSR011.fmx,assets/maintenance,FMX/compiled,ONEX_ADMIN_COMPAT,ADMIN,0,docs/window_catalog.csv,MAPPED_NOT_RUNTIME_VERIFIED
AMSR012.fmx,assets/maintenance,FMX/compiled,ONEX_ADMIN_COMPAT,ADMIN,0,docs/window_catalog.csv,MAPPED_NOT_RUNTIME_VERIFIED
AMSR013.fmx,assets/maintenance,FMX/compiled,ONEX_ADMIN_COMPAT,ADMIN,0,docs/window_catalog.csv,MAPPED_NOT_RUNTIME_VERIFIED
AMSR014.fmx,assets/maintenance,FMX/compiled,ONEX_ADMIN_COMPAT,ADMIN,0,docs/window_catalog.csv,MAPPED_NOT_RUNTIME_VERIFIED
AMSS001.fmx,assets/maintenance,FMX/compiled,ONEX_ADMIN_COMPAT,ADMIN,0,docs/window_catalog.csv,MAPPED_NOT_RUNTIME_VERIFIED
AMSS002.fmx,assets/maintenance,FMX/compiled,ONEX_ADMIN_COMPAT,ADMIN,0,docs/window_catalog.csv,MAPPED_NOT_RUNTIME_VERIFIED
AMSS003.fmx,assets/maintenance,FMX/compiled,ONEX_ADMIN_COMPAT,ADMIN,0,docs/window_catalog.csv,MAPPED_NOT_RUNTIME_VERIFIED
AMSS004.fmx,assets/maintenance,FMX/compiled,ONEX_ADMIN_COMPAT,ADMIN,0,docs/window_catalog.csv,MAPPED_NOT_RUNTIME_VERIFIED
AMSS005.fmx,assets/maintenance,FMX/compiled,ONEX_ADMIN_COMPAT,ADMIN,0,docs/window_catalog.csv,MAPPED_NOT_RUNTIME_VERIFIED
AMSS006.fmx,assets/maintenance,FMX/compiled,ONEX_ADMIN_COMPAT,ADMIN,0,docs/window_catalog.csv,MAPPED_NOT_RUNTIME_VERIFIED
AMSS007.fmx,assets/maintenance,FMX/compiled,ONEX_ADMIN_COMPAT,ADMIN,0,docs/window_catalog.csv,MAPPED_NOT_RUNTIME_VERIFIED
AMSS008.fmx,assets/maintenance,FMX/compiled,ONEX_ADMIN_COMPAT,ADMIN,0,docs/window_catalog.csv,MAPPED_NOT_RUNTIME_VERIFIED
AMST001.fmx,assets/maintenance,FMX/compiled,ONEX_ADMIN_COMPAT,ADMIN,0,docs/window_catalog.csv,MAPPED_NOT_RUNTIME_VERIFIED
AMST002.fmx,assets/maintenance,FMX/compiled,ONEX_ADMIN_COMPAT,ADMIN,0,docs/window_catalog.csv,MAPPED_NOT_RUNTIME_VERIFIED
AMST003.fmx,assets/maintenance,FMX/compiled,ONEX_ADMIN_COMPAT,ADMIN,0,docs/window_catalog.csv,MAPPED_NOT_RUNTIME_VERIFIED
AMST004.fmx,assets/maintenance,FMX/compiled,ONEX_ADMIN_COMPAT,ADMIN,0,docs/window_catalog.csv,MAPPED_NOT_RUNTIME_VERIFIED
AMST005.fmx,assets/maintenance,FMX/compiled,ONEX_ADMIN_COMPAT,ADMIN,0,docs/window_catalog.csv,MAPPED_NOT_RUNTIME_VERIFIED
AMST006.fmx,assets/maintenance,FMX/compiled,ONEX_ADMIN_COMPAT,ADMIN,0,docs/window_catalog.csv,MAPPED_NOT_RUNTIME_VERIFIED
AMST007.fmx,assets/maintenance,FMX/compiled,ONEX_ADMIN_COMPAT,ADMIN,0,docs/window_catalog.csv,MAPPED_NOT_RUNTIME_VERIFIED
AMST008.fmx,assets/maintenance,FMX/compiled,ONEX_ADMIN_COMPAT,ADMIN,0,docs/window_catalog.csv,MAPPED_NOT_RUNTIME_VERIFIED
AMST009.fmx,assets/maintenance,FMX/compiled,ONEX_ADMIN_COMPAT,ADMIN,0,docs/window_catalog.csv,MAPPED_NOT_RUNTIME_VERIFIED
AMS_INSTAL.fmx,assets/maintenance,FMX/compiled,ONEX_ADMIN_COMPAT,ADMIN,0,docs/window_catalog.csv,MAPPED_NOT_RUNTIME_VERIFIED
APSI001.fmx,AP/purchasing,FMX/compiled,ONEX_AP_COMPAT,AP,2,docs/window_catalog.csv,MAPPED_NOT_RUNTIME_VERIFIED
APSI002.fmx,AP/purchasing,FMX/compiled,ONEX_AP_COMPAT,AP,2,docs/window_catalog.csv,MAPPED_NOT_RUNTIME_VERIFIED
APSI003.fmx,AP/purchasing,FMX/compiled,ONEX_AP_COMPAT,AP,2,docs/window_catalog.csv,MAPPED_NOT_RUNTIME_VERIFIED
APSI006.fmx,AP/purchasing,FMX/compiled,ONEX_AP_COMPAT,AP,2,docs/window_catalog.csv,MAPPED_NOT_RUNTIME_VERIFIED
APSI008.fmx,AP/purchasing,FMX/compiled,ONEX_AP_COMPAT,AP,2,docs/window_catalog.csv,MAPPED_NOT_RUNTIME_VERIFIED
APSI009.fmx,AP/purchasing,FMX/compiled,ONEX_AP_COMPAT,AP,2,docs/window_catalog.csv,MAPPED_NOT_RUNTIME_VERIFIED
APSR001.fmx,AP/purchasing,FMX/compiled,ONEX_AP_COMPAT,AP,2,docs/window_catalog.csv,MAPPED_NOT_RUNTIME_VERIFIED
APSR002.fmx,AP/purchasing,FMX/compiled,ONEX_AP_COMPAT,AP,2,docs/window_catalog.csv,MAPPED_NOT_RUNTIME_VERIFIED
APSR005.fmx,AP/purchasing,FMX/compiled,ONEX_AP_COMPAT,AP,2,docs/window_catalog.csv,MAPPED_NOT_RUNTIME_VERIFIED
APSR010.fmx,AP/purchasing,FMX/compiled,ONEX_AP_COMPAT,AP,2,docs/window_catalog.csv,MAPPED_NOT_RUNTIME_VERIFIED
APSR011.fmx,AP/purchasing,FMX/compiled,ONEX_AP_COMPAT,AP,2,docs/window_catalog.csv,MAPPED_NOT_RUNTIME_VERIFIED
APSR012.fmx,AP/purchasing,FMX/compiled,ONEX_AP_COMPAT,AP,2,docs/window_catalog.csv,MAPPED_NOT_RUNTIME_VERIFIED
APSR013.fmx,AP/purchasing,FMX/compiled,ONEX_AP_COMPAT,AP,2,docs/window_catalog.csv,MAPPED_NOT_RUNTIME_VERIFIED
APSR014.fmx,AP/purchasing,FMX/compiled,ONEX_AP_COMPAT,AP,2,docs/window_catalog.csv,MAPPED_NOT_RUNTIME_VERIFIED
APSR015.fmx,AP/purchasing,FMX/compiled,ONEX_AP_COMPAT,AP,2,docs/window_catalog.csv,MAPPED_NOT_RUNTIME_VERIFIED
APSR016.fmx,AP/purchasing,FMX/compiled,ONEX_AP_COMPAT,AP,2,docs/window_catalog.csv,MAPPED_NOT_RUNTIME_VERIFIED
APSR017.fmx,AP/purchasing,FMX/compiled,ONEX_AP_COMPAT,AP,2,docs/window_catalog.csv,MAPPED_NOT_RUNTIME_VERIFIED
APSR018.fmx,AP/purchasing,FMX/compiled,ONEX_AP_COMPAT,AP,2,docs/window_catalog.csv,MAPPED_NOT_RUNTIME_VERIFIED
APSR019.fmx,AP/purchasing,FMX/compiled,ONEX_AP_COMPAT,AP,2,docs/window_catalog.csv,MAPPED_NOT_RUNTIME_VERIFIED
APSR020.fmx,AP/purchasing,FMX/compiled,ONEX_AP_COMPAT,AP,2,docs/window_catalog.csv,MAPPED_NOT_RUNTIME_VERIFIED
APSR021.fmx,AP/purchasing,FMX/compiled,ONEX_AP_COMPAT,AP,2,docs/window_catalog.csv,MAPPED_NOT_RUNTIME_VERIFIED
APSR022.fmx,AP/purchasing,FMX/compiled,ONEX_AP_COMPAT,AP,2,docs/window_catalog.csv,MAPPED_NOT_RUNTIME_VERIFIED
APSR023.fmx,AP/purchasing,FMX/compiled,ONEX_AP_COMPAT,AP,2,docs/window_catalog.csv,MAPPED_NOT_RUNTIME_VERIFIED
APSR024.fmx,AP/purchasing,FMX/compiled,ONEX_AP_COMPAT,AP,2,docs/window_catalog.csv,MAPPED_NOT_RUNTIME_VERIFIED
APSR025.fmx,AP/purchasing,FMX/compiled,ONEX_AP_COMPAT,AP,2,docs/window_catalog.csv,MAPPED_NOT_RUNTIME_VERIFIED
APSR026.fmx,AP/purchasing,FMX/compiled,ONEX_AP_COMPAT,AP,2,docs/window_catalog.csv,MAPPED_NOT_RUNTIME_VERIFIED
APSR027.fmx,AP/purchasing,FMX/compiled,ONEX_AP_COMPAT,AP,2,docs/window_catalog.csv,MAPPED_NOT_RUNTIME_VERIFIED
APSR028.fmx,AP/purchasing,FMX/compiled,ONEX_AP_COMPAT,AP,2,docs/window_catalog.csv,MAPPED_NOT_RUNTIME_VERIFIED
APSR029.fmx,AP/purchasing,FMX/compiled,ONEX_AP_COMPAT,AP,2,docs/window_catalog.csv,MAPPED_NOT_RUNTIME_VERIFIED
APSS001.fmx,AP/purchasing,FMX/compiled,ONEX_AP_COMPAT,AP,2,docs/window_catalog.csv,MAPPED_NOT_RUNTIME_VERIFIED
APSS002.fmx,AP/purchasing,FMX/compiled,ONEX_AP_COMPAT,AP,2,docs/window_catalog.csv,MAPPED_NOT_RUNTIME_VERIFIED
APSS003.fmx,AP/purchasing,FMX/compiled,ONEX_AP_COMPAT,AP,2,docs/window_catalog.csv,MAPPED_NOT_RUNTIME_VERIFIED
APSS004.fmx,AP/purchasing,FMX/compiled,ONEX_AP_COMPAT,AP,2,docs/window_catalog.csv,MAPPED_NOT_RUNTIME_VERIFIED
APSS005.fmx,AP/purchasing,FMX/compiled,ONEX_AP_COMPAT,AP,2,docs/window_catalog.csv,MAPPED_NOT_RUNTIME_VERIFIED
APSS006.fmx,AP/purchasing,FMX/compiled,ONEX_AP_COMPAT,AP,2,docs/window_catalog.csv,MAPPED_NOT_RUNTIME_VERIFIED
APSS007.fmx,AP/purchasing,FMX/compiled,ONEX_AP_COMPAT,AP,2,docs/window_catalog.csv,MAPPED_NOT_RUNTIME_VERIFIED
APSS008.fmx,AP/purchasing,FMX/compiled,ONEX_AP_COMPAT,AP,2,docs/window_catalog.csv,MAPPED_NOT_RUNTIME_VERIFIED
APSS009.fmx,AP/purchasing,FMX/compiled,ONEX_AP_COMPAT,AP,2,docs/window_catalog.csv,MAPPED_NOT_RUNTIME_VERIFIED
APSS010.fmx,AP/purchasing,FMX/compiled,ONEX_AP_COMPAT,AP,2,docs/window_catalog.csv,MAPPED_NOT_RUNTIME_VERIFIED
APST001.fmx,AP/purchasing,FMX/compiled,ONEX_AP_COMPAT,AP,2,docs/window_catalog.csv,MAPPED_NOT_RUNTIME_VERIFIED
APST002.fmx,AP/purchasing,FMX/compiled,ONEX_AP_COMPAT,AP,2,docs/window_catalog.csv,MAPPED_NOT_RUNTIME_VERIFIED
APST003.fmx,AP/purchasing,FMX/compiled,ONEX_AP_COMPAT,AP,2,docs/window_catalog.csv,MAPPED_NOT_RUNTIME_VERIFIED
APST004.fmx,AP/purchasing,FMX/compiled,ONEX_AP_COMPAT,AP,2,docs/window_catalog.csv,MAPPED_NOT_RUNTIME_VERIFIED
APST005.fmx,AP/purchasing,FMX/compiled,ONEX_AP_COMPAT,AP,2,docs/window_catalog.csv,MAPPED_NOT_RUNTIME_VERIFIED
APST006.fmx,AP/purchasing,FMX/compiled,ONEX_AP_COMPAT,AP,2,docs/window_catalog.csv,MAPPED_NOT_RUNTIME_VERIFIED
APST008.fmx,AP/purchasing,FMX/compiled,ONEX_AP_COMPAT,AP,2,docs/window_catalog.csv,MAPPED_NOT_RUNTIME_VERIFIED
APST009.fmx,AP/purchasing,FMX/compiled,ONEX_AP_COMPAT,AP,2,docs/window_catalog.csv,MAPPED_NOT_RUNTIME_VERIFIED
APST010.fmx,AP/purchasing,FMX/compiled,ONEX_AP_COMPAT,AP,2,docs/window_catalog.csv,MAPPED_NOT_RUNTIME_VERIFIED
APST011.fmx,AP/purchasing,FMX/compiled,ONEX_AP_COMPAT,AP,2,docs/window_catalog.csv,MAPPED_NOT_RUNTIME_VERIFIED
APST012.fmx,AP/purchasing,FMX/compiled,ONEX_AP_COMPAT,AP,2,docs/window_catalog.csv,MAPPED_NOT_RUNTIME_VERIFIED
APST013.fmx,AP/purchasing,FMX/compiled,ONEX_AP_COMPAT,AP,2,docs/window_catalog.csv,MAPPED_NOT_RUNTIME_VERIFIED
APST014.fmx,AP/purchasing,FMX/compiled,ONEX_AP_COMPAT,AP,2,docs/window_catalog.csv,MAPPED_NOT_RUNTIME_VERIFIED
APST015.fmx,AP/purchasing,FMX/compiled,ONEX_AP_COMPAT,AP,2,docs/window_catalog.csv,MAPPED_NOT_RUNTIME_VERIFIED
APST016.fmx,AP/purchasing,FMX/compiled,ONEX_AP_COMPAT,AP,2,docs/window_catalog.csv,MAPPED_NOT_RUNTIME_VERIFIED
APST017.fmx,AP/purchasing,FMX/compiled,ONEX_AP_COMPAT,AP,2,docs/window_catalog.csv,MAPPED_NOT_RUNTIME_VERIFIED
APST018.fmx,AP/purchasing,FMX/compiled,ONEX_AP_COMPAT,AP,2,docs/window_catalog.csv,MAPPED_NOT_RUNTIME_VERIFIED
APST019.fmx,AP/purchasing,FMX/compiled,ONEX_AP_COMPAT,AP,2,docs/window_catalog.csv,MAPPED_NOT_RUNTIME_VERIFIED
APS_IMPXLS_VND.fmx,AP/purchasing,FMX/compiled,ONEX_AP_COMPAT,AP,2,docs/window_catalog.csv,MAPPED_NOT_RUNTIME_VERIFIED
ARSI002.fmx,AR/accounts-receivable,FMX/compiled,ONEX_AR_COMPAT,AR,1,docs/window_catalog.csv,MAPPED_NOT_RUNTIME_VERIFIED
ARSI003.fmx,AR/accounts-receivable,FMX/compiled,ONEX_AR_COMPAT,AR,1,docs/window_catalog.csv,MAPPED_NOT_RUNTIME_VERIFIED
ARSI004.fmx,AR/accounts-receivable,FMX/compiled,ONEX_AR_COMPAT,AR,1,docs/window_catalog.csv,MAPPED_NOT_RUNTIME_VERIFIED
ARSI005.fmx,AR/accounts-receivable,FMX/compiled,ONEX_AR_COMPAT,AR,1,docs/window_catalog.csv,MAPPED_NOT_RUNTIME_VERIFIED
ARSI006.fmx,AR/accounts-receivable,FMX/compiled,ONEX_AR_COMPAT,AR,1,docs/window_catalog.csv,MAPPED_NOT_RUNTIME_VERIFIED
ARSI008.fmx,AR/accounts-receivable,FMX/compiled,ONEX_AR_COMPAT,AR,1,docs/window_catalog.csv,MAPPED_NOT_RUNTIME_VERIFIED
ARSI009.fmx,AR/accounts-receivable,FMX/compiled,ONEX_AR_COMPAT,AR,1,docs/window_catalog.csv,MAPPED_NOT_RUNTIME_VERIFIED
ARSI010.fmx,AR/accounts-receivable,FMX/compiled,ONEX_AR_COMPAT,AR,1,docs/window_catalog.csv,MAPPED_NOT_RUNTIME_VERIFIED
ARSI012.fmx,AR/accounts-receivable,FMX/compiled,ONEX_AR_COMPAT,AR,1,docs/window_catalog.csv,MAPPED_NOT_RUNTIME_VERIFIED
ARSI013.fmx,AR/accounts-receivable,FMX/compiled,ONEX_AR_COMPAT,AR,1,docs/window_catalog.csv,MAPPED_NOT_RUNTIME_VERIFIED
ARSI014.fmx,AR/accounts-receivable,FMX/compiled,ONEX_AR_COMPAT,AR,1,docs/window_catalog.csv,MAPPED_NOT_RUNTIME_VERIFIED
ARSI015.fmx,AR/accounts-receivable,FMX/compiled,ONEX_AR_COMPAT,AR,1,docs/window_catalog.csv,MAPPED_NOT_RUNTIME_VERIFIED
ARSI016.fmx,AR/accounts-receivable,FMX/compiled,ONEX_AR_COMPAT,AR,1,docs/window_catalog.csv,MAPPED_NOT_RUNTIME_VERIFIED
ARSI017.fmx,AR/accounts-receivable,FMX/compiled,ONEX_AR_COMPAT,AR,1,docs/window_catalog.csv,MAPPED_NOT_RUNTIME_VERIFIED
ARSI018.fmx,AR/accounts-receivable,FMX/compiled,ONEX_AR_COMPAT,AR,1,docs/window_catalog.csv,MAPPED_NOT_RUNTIME_VERIFIED
ARSI019.fmx,AR/accounts-receivable,FMX/compiled,ONEX_AR_COMPAT,AR,1,docs/window_catalog.csv,MAPPED_NOT_RUNTIME_VERIFIED
ARSI020.fmx,AR/accounts-receivable,FMX/compiled,ONEX_AR_COMPAT,AR,1,docs/window_catalog.csv,MAPPED_NOT_RUNTIME_VERIFIED
ARSI021.fmx,AR/accounts-receivable,FMX/compiled,ONEX_AR_COMPAT,AR,1,docs/window_catalog.csv,MAPPED_NOT_RUNTIME_VERIFIED
ARSI022.fmx,AR/accounts-receivable,FMX/compiled,ONEX_AR_COMPAT,AR,1,docs/window_catalog.csv,MAPPED_NOT_RUNTIME_VERIFIED
ARSI023.fmx,AR/accounts-receivable,FMX/compiled,ONEX_AR_COMPAT,AR,1,docs/window_catalog.csv,MAPPED_NOT_RUNTIME_VERIFIED
ARSIMPXLS_CST.fmx,AR/accounts-receivable,FMX/compiled,ONEX_AR_COMPAT,AR,1,docs/window_catalog.csv,MAPPED_NOT_RUNTIME_VERIFIED
ARSIMPXLS_CST_NW.fmx,AR/accounts-receivable,FMX/compiled,ONEX_AR_COMPAT,AR,1,docs/window_catalog.csv,MAPPED_NOT_RUNTIME_VERIFIED
ARSIMPXLS_SUB_CST.fmx,AR/accounts-receivable,FMX/compiled,ONEX_AR_COMPAT,AR,1,docs/window_catalog.csv,MAPPED_NOT_RUNTIME_VERIFIED
ARSR001.fmx,AR/accounts-receivable,FMX/compiled,ONEX_AR_COMPAT,AR,1,docs/window_catalog.csv,MAPPED_NOT_RUNTIME_VERIFIED
ARSR002.fmx,AR/accounts-receivable,FMX/compiled,ONEX_AR_COMPAT,AR,1,docs/window_catalog.csv,MAPPED_NOT_RUNTIME_VERIFIED
ARSR003.fmx,AR/accounts-receivable,FMX/compiled,ONEX_AR_COMPAT,AR,1,docs/window_catalog.csv,MAPPED_NOT_RUNTIME_VERIFIED
ARSR004.fmx,AR/accounts-receivable,FMX/compiled,ONEX_AR_COMPAT,AR,1,docs/window_catalog.csv,MAPPED_NOT_RUNTIME_VERIFIED
ARSR005.fmx,AR/accounts-receivable,FMX/compiled,ONEX_AR_COMPAT,AR,1,docs/window_catalog.csv,MAPPED_NOT_RUNTIME_VERIFIED
ARSR009.fmx,AR/accounts-receivable,FMX/compiled,ONEX_AR_COMPAT,AR,1,docs/window_catalog.csv,MAPPED_NOT_RUNTIME_VERIFIED
ARSR010.fmx,AR/accounts-receivable,FMX/compiled,ONEX_AR_COMPAT,AR,1,docs/window_catalog.csv,MAPPED_NOT_RUNTIME_VERIFIED
ARSR011.fmx,AR/accounts-receivable,FMX/compiled,ONEX_AR_COMPAT,AR,1,docs/window_catalog.csv,MAPPED_NOT_RUNTIME_VERIFIED
ARSR012.fmx,AR/accounts-receivable,FMX/compiled,ONEX_AR_COMPAT,AR,1,docs/window_catalog.csv,MAPPED_NOT_RUNTIME_VERIFIED
ARSR013.fmx,AR/accounts-receivable,FMX/compiled,ONEX_AR_COMPAT,AR,1,docs/window_catalog.csv,MAPPED_NOT_RUNTIME_VERIFIED
ARSR014.fmx,AR/accounts-receivable,FMX/compiled,ONEX_AR_COMPAT,AR,1,docs/window_catalog.csv,MAPPED_NOT_RUNTIME_VERIFIED
ARSR020.fmx,AR/accounts-receivable,FMX/compiled,ONEX_AR_COMPAT,AR,1,docs/window_catalog.csv,MAPPED_NOT_RUNTIME_VERIFIED
ARSR021.fmx,AR/accounts-receivable,FMX/compiled,ONEX_AR_COMPAT,AR,1,docs/window_catalog.csv,MAPPED_NOT_RUNTIME_VERIFIED
ARSR022.fmx,AR/accounts-receivable,FMX/compiled,ONEX_AR_COMPAT,AR,1,docs/window_catalog.csv,MAPPED_NOT_RUNTIME_VERIFIED
ARSR023.fmx,AR/accounts-receivable,FMX/compiled,ONEX_AR_COMPAT,AR,1,docs/window_catalog.csv,MAPPED_NOT_RUNTIME_VERIFIED
ARSR024.fmx,AR/accounts-receivable,FMX/compiled,ONEX_AR_COMPAT,AR,1,docs/window_catalog.csv,MAPPED_NOT_RUNTIME_VERIFIED
ARSR025.fmx,AR/accounts-receivable,FMX/compiled,ONEX_AR_COMPAT,AR,1,docs/window_catalog.csv,MAPPED_NOT_RUNTIME_VERIFIED
ARSR026.fmx,AR/accounts-receivable,FMX/compiled,ONEX_AR_COMPAT,AR,1,docs/window_catalog.csv,MAPPED_NOT_RUNTIME_VERIFIED
ARSR027.fmx,AR/accounts-receivable,FMX/compiled,ONEX_AR_COMPAT,AR,1,docs/window_catalog.csv,MAPPED_NOT_RUNTIME_VERIFIED
ARSR029.fmx,AR/accounts-receivable,FMX/compiled,ONEX_AR_COMPAT,AR,1,docs/window_catalog.csv,MAPPED_NOT_RUNTIME_VERIFIED
ARSR030.fmx,AR/accounts-receivable,FMX/compiled,ONEX_AR_COMPAT,AR,1,docs/window_catalog.csv,MAPPED_NOT_RUNTIME_VERIFIED
ARSR031.fmx,AR/accounts-receivable,FMX/compiled,ONEX_AR_COMPAT,AR,1,docs/window_catalog.csv,MAPPED_NOT_RUNTIME_VERIFIED
ARSR032.fmx,AR/accounts-receivable,FMX/compiled,ONEX_AR_COMPAT,AR,1,docs/window_catalog.csv,MAPPED_NOT_RUNTIME_VERIFIED
ARSR033.fmx,AR/accounts-receivable,FMX/compiled,ONEX_AR_COMPAT,AR,1,docs/window_catalog.csv,MAPPED_NOT_RUNTIME_VERIFIED
ARSR034.fmx,AR/accounts-receivable,FMX/compiled,ONEX_AR_COMPAT,AR,1,docs/window_catalog.csv,MAPPED_NOT_RUNTIME_VERIFIED
ARSR035.fmx,AR/accounts-receivable,FMX/compiled,ONEX_AR_COMPAT,AR,1,docs/window_catalog.csv,MAPPED_NOT_RUNTIME_VERIFIED
ARSR036.fmx,AR/accounts-receivable,FMX/compiled,ONEX_AR_COMPAT,AR,1,docs/window_catalog.csv,MAPPED_NOT_RUNTIME_VERIFIED
ARSR037.fmx,AR/accounts-receivable,FMX/compiled,ONEX_AR_COMPAT,AR,1,docs/window_catalog.csv,MAPPED_NOT_RUNTIME_VERIFIED
ARSR038.fmx,AR/accounts-receivable,FMX/compiled,ONEX_AR_COMPAT,AR,1,docs/window_catalog.csv,MAPPED_NOT_RUNTIME_VERIFIED
ARSR039.fmx,AR/accounts-receivable,FMX/compiled,ONEX_AR_COMPAT,AR,1,docs/window_catalog.csv,MAPPED_NOT_RUNTIME_VERIFIED
ARSR041.fmx,AR/accounts-receivable,FMX/compiled,ONEX_AR_COMPAT,AR,1,docs/window_catalog.csv,MAPPED_NOT_RUNTIME_VERIFIED
ARSR042.fmx,AR/accounts-receivable,FMX/compiled,ONEX_AR_COMPAT,AR,1,docs/window_catalog.csv,MAPPED_NOT_RUNTIME_VERIFIED
ARSR043.fmx,AR/accounts-receivable,FMX/compiled,ONEX_AR_COMPAT,AR,1,docs/window_catalog.csv,MAPPED_NOT_RUNTIME_VERIFIED
ARSR044.fmx,AR/accounts-receivable,FMX/compiled,ONEX_AR_COMPAT,AR,1,docs/window_catalog.csv,MAPPED_NOT_RUNTIME_VERIFIED
ARSR045.fmx,AR/accounts-receivable,FMX/compiled,ONEX_AR_COMPAT,AR,1,docs/window_catalog.csv,MAPPED_NOT_RUNTIME_VERIFIED
ARSR046.fmx,AR/accounts-receivable,FMX/compiled,ONEX_AR_COMPAT,AR,1,docs/window_catalog.csv,MAPPED_NOT_RUNTIME_VERIFIED
ARSS001.fmx,AR/accounts-receivable,FMX/compiled,ONEX_AR_COMPAT,AR,1,docs/window_catalog.csv,MAPPED_NOT_RUNTIME_VERIFIED
ARSS003.fmx,AR/accounts-receivable,FMX/compiled,ONEX_AR_COMPAT,AR,1,docs/window_catalog.csv,MAPPED_NOT_RUNTIME_VERIFIED
ARSS004.fmx,AR/accounts-receivable,FMX/compiled,ONEX_AR_COMPAT,AR,1,docs/window_catalog.csv,MAPPED_NOT_RUNTIME_VERIFIED
ARSS005.fmx,AR/accounts-receivable,FMX/compiled,ONEX_AR_COMPAT,AR,1,docs/window_catalog.csv,MAPPED_NOT_RUNTIME_VERIFIED
ARSS006.fmx,AR/accounts-receivable,FMX/compiled,ONEX_AR_COMPAT,AR,1,docs/window_catalog.csv,MAPPED_NOT_RUNTIME_VERIFIED
ARSS007.fmx,AR/accounts-receivable,FMX/compiled,ONEX_AR_COMPAT,AR,1,docs/window_catalog.csv,MAPPED_NOT_RUNTIME_VERIFIED
ARSS008.fmx,AR/accounts-receivable,FMX/compiled,ONEX_AR_COMPAT,AR,1,docs/window_catalog.csv,MAPPED_NOT_RUNTIME_VERIFIED
ARSS009.fmx,AR/accounts-receivable,FMX/compiled,ONEX_AR_COMPAT,AR,1,docs/window_catalog.csv,MAPPED_NOT_RUNTIME_VERIFIED
ARSS010.fmx,AR/accounts-receivable,FMX/compiled,ONEX_AR_COMPAT,AR,1,docs/window_catalog.csv,MAPPED_NOT_RUNTIME_VERIFIED
ARSS011.fmx,AR/accounts-receivable,FMX/compiled,ONEX_AR_COMPAT,AR,1,docs/window_catalog.csv,MAPPED_NOT_RUNTIME_VERIFIED
ARSS012.fmx,AR/accounts-receivable,FMX/compiled,ONEX_AR_COMPAT,AR,1,docs/window_catalog.csv,MAPPED_NOT_RUNTIME_VERIFIED
ARSS013.fmx,AR/accounts-receivable,FMX/compiled,ONEX_AR_COMPAT,AR,1,docs/window_catalog.csv,MAPPED_NOT_RUNTIME_VERIFIED
ARSS014.fmx,AR/accounts-receivable,FMX/compiled,ONEX_AR_COMPAT,AR,1,docs/window_catalog.csv,MAPPED_NOT_RUNTIME_VERIFIED
ARSS015.fmx,AR/accounts-receivable,FMX/compiled,ONEX_AR_COMPAT,AR,1,docs/window_catalog.csv,MAPPED_NOT_RUNTIME_VERIFIED
ARSS016.fmx,AR/accounts-receivable,FMX/compiled,ONEX_AR_COMPAT,AR,1,docs/window_catalog.csv,MAPPED_NOT_RUNTIME_VERIFIED
ARSS017.fmx,AR/accounts-receivable,FMX/compiled,ONEX_AR_COMPAT,AR,1,docs/window_catalog.csv,MAPPED_NOT_RUNTIME_VERIFIED
ARSS018.fmx,AR/accounts-receivable,FMX/compiled,ONEX_AR_COMPAT,AR,1,docs/window_catalog.csv,MAPPED_NOT_RUNTIME_VERIFIED
ARSS020.fmx,AR/accounts-receivable,FMX/compiled,ONEX_AR_COMPAT,AR,1,docs/window_catalog.csv,MAPPED_NOT_RUNTIME_VERIFIED
ARSS021.fmx,AR/accounts-receivable,FMX/compiled,ONEX_AR_COMPAT,AR,1,docs/window_catalog.csv,MAPPED_NOT_RUNTIME_VERIFIED
ARSS022.fmx,AR/accounts-receivable,FMX/compiled,ONEX_AR_COMPAT,AR,1,docs/window_catalog.csv,MAPPED_NOT_RUNTIME_VERIFIED
ARSS024.fmx,AR/accounts-receivable,FMX/compiled,ONEX_AR_COMPAT,AR,1,docs/window_catalog.csv,MAPPED_NOT_RUNTIME_VERIFIED
ARSS025.fmx,AR/accounts-receivable,FMX/compiled,ONEX_AR_COMPAT,AR,1,docs/window_catalog.csv,MAPPED_NOT_RUNTIME_VERIFIED
ARSS026.fmx,AR/accounts-receivable,FMX/compiled,ONEX_AR_COMPAT,AR,1,docs/window_catalog.csv,MAPPED_NOT_RUNTIME_VERIFIED
ARST001.fmx,AR/accounts-receivable,FMX/compiled,ONEX_AR_COMPAT,AR,1,docs/window_catalog.csv,MAPPED_NOT_RUNTIME_VERIFIED
ARST002.fmx,AR/accounts-receivable,FMX/compiled,ONEX_AR_COMPAT,AR,1,docs/window_catalog.csv,MAPPED_NOT_RUNTIME_VERIFIED
ARST002_TO_CHEK.fmx,AR/accounts-receivable,FMX/compiled,ONEX_AR_COMPAT,AR,1,docs/window_catalog.csv,MAPPED_NOT_RUNTIME_VERIFIED
ARST003.fmx,AR/accounts-receivable,FMX/compiled,ONEX_AR_COMPAT,AR,1,docs/window_catalog.csv,MAPPED_NOT_RUNTIME_VERIFIED
ARST004.fmx,AR/accounts-receivable,FMX/compiled,ONEX_AR_COMPAT,AR,1,docs/window_catalog.csv,MAPPED_NOT_RUNTIME_VERIFIED
ARST005.fmx,AR/accounts-receivable,FMX/compiled,ONEX_AR_COMPAT,AR,1,docs/window_catalog.csv,MAPPED_NOT_RUNTIME_VERIFIED
ARST006.fmx,AR/accounts-receivable,FMX/compiled,ONEX_AR_COMPAT,AR,1,docs/window_catalog.csv,MAPPED_NOT_RUNTIME_VERIFIED
ARST007.fmx,AR/accounts-receivable,FMX/compiled,ONEX_AR_COMPAT,AR,1,docs/window_catalog.csv,MAPPED_NOT_RUNTIME_VERIFIED
ARST008.fmx,AR/accounts-receivable,FMX/compiled,ONEX_AR_COMPAT,AR,1,docs/window_catalog.csv,MAPPED_NOT_RUNTIME_VERIFIED
ARST009.fmx,AR/accounts-receivable,FMX/compiled,ONEX_AR_COMPAT,AR,1,docs/window_catalog.csv,MAPPED_NOT_RUNTIME_VERIFIED
ARST010.fmx,AR/accounts-receivable,FMX/compiled,ONEX_AR_COMPAT,AR,1,docs/window_catalog.csv,MAPPED_NOT_RUNTIME_VERIFIED
ARST011.fmx,AR/accounts-receivable,FMX/compiled,ONEX_AR_COMPAT,AR,1,docs/window_catalog.csv,MAPPED_NOT_RUNTIME_VERIFIED
ARST012.fmx,AR/accounts-receivable,FMX/compiled,ONEX_AR_COMPAT,AR,1,docs/window_catalog.csv,MAPPED_NOT_RUNTIME_VERIFIED
ARST013.fmx,AR/accounts-receivable,FMX/compiled,ONEX_AR_COMPAT,AR,1,docs/window_catalog.csv,MAPPED_NOT_RUNTIME_VERIFIED
ARST014.fmx,AR/accounts-receivable,FMX/compiled,ONEX_AR_COMPAT,AR,1,docs/window_catalog.csv,MAPPED_NOT_RUNTIME_VERIFIED
ARST015.fmx,AR/accounts-receivable,FMX/compiled,ONEX_AR_COMPAT,AR,1,docs/window_catalog.csv,MAPPED_NOT_RUNTIME_VERIFIED
ARST016.fmx,AR/accounts-receivable,FMX/compiled,ONEX_AR_COMPAT,AR,1,docs/window_catalog.csv,MAPPED_NOT_RUNTIME_VERIFIED
ARST017.fmx,AR/accounts-receivable,FMX/compiled,ONEX_AR_COMPAT,AR,1,docs/window_catalog.csv,MAPPED_NOT_RUNTIME_VERIFIED
ARST018.fmx,AR/accounts-receivable,FMX/compiled,ONEX_AR_COMPAT,AR,1,docs/window_catalog.csv,MAPPED_NOT_RUNTIME_VERIFIED
ARST019.fmx,AR/accounts-receivable,FMX/compiled,ONEX_AR_COMPAT,AR,1,docs/window_catalog.csv,MAPPED_NOT_RUNTIME_VERIFIED
ARST020.fmx,AR/accounts-receivable,FMX/compiled,ONEX_AR_COMPAT,AR,1,docs/window_catalog.csv,MAPPED_NOT_RUNTIME_VERIFIED
ARST021.fmx,AR/accounts-receivable,FMX/compiled,ONEX_AR_COMPAT,AR,1,docs/window_catalog.csv,MAPPED_NOT_RUNTIME_VERIFIED
ARST023.fmx,AR/accounts-receivable,FMX/compiled,ONEX_AR_COMPAT,AR,1,docs/window_catalog.csv,MAPPED_NOT_RUNTIME_VERIFIED
ARST024.fmx,AR/accounts-receivable,FMX/compiled,ONEX_AR_COMPAT,AR,1,docs/window_catalog.csv,MAPPED_NOT_RUNTIME_VERIFIED
BGTR002.fmx,other,FMX/compiled,ONEX_ADMIN_COMPAT,ADMIN,0,docs/window_catalog.csv,MAPPED_NOT_RUNTIME_VERIFIED
BGTR004.fmx,other,FMX/compiled,ONEX_ADMIN_COMPAT,ADMIN,0,docs/window_catalog.csv,MAPPED_NOT_RUNTIME_VERIFIED
BGTT001.fmx,other,FMX/compiled,ONEX_ADMIN_COMPAT,ADMIN,0,docs/window_catalog.csv,MAPPED_NOT_RUNTIME_VERIFIED
BGTT002.fmx,other,FMX/compiled,ONEX_ADMIN_COMPAT,ADMIN,0,docs/window_catalog.csv,MAPPED_NOT_RUNTIME_VERIFIED
BGTT003.fmx,other,FMX/compiled,ONEX_ADMIN_COMPAT,ADMIN,0,docs/window_catalog.csv,MAPPED_NOT_RUNTIME_VERIFIED
BGTT004 - 10022016.fmx,other,FMX/compiled,ONEX_ADMIN_COMPAT,ADMIN,0,docs/window_catalog.csv,MAPPED_NOT_RUNTIME_VERIFIED
BGTT004.fmx,other,FMX/compiled,ONEX_ADMIN_COMPAT,ADMIN,0,docs/window_catalog.csv,MAPPED_NOT_RUNTIME_VERIFIED
COMR001.fmx,other,FMX/compiled,ONEX_ADMIN_COMPAT,ADMIN,0,docs/window_catalog.csv,MAPPED_NOT_RUNTIME_VERIFIED
COMS001.fmx,other,FMX/compiled,ONEX_ADMIN_COMPAT,ADMIN,0,docs/window_catalog.csv,MAPPED_NOT_RUNTIME_VERIFIED
COMS002.fmx,other,FMX/compiled,ONEX_ADMIN_COMPAT,ADMIN,0,docs/window_catalog.csv,MAPPED_NOT_RUNTIME_VERIFIED
COMS003.fmx,other,FMX/compiled,ONEX_ADMIN_COMPAT,ADMIN,0,docs/window_catalog.csv,MAPPED_NOT_RUNTIME_VERIFIED
COMS004.fmx,other,FMX/compiled,ONEX_ADMIN_COMPAT,ADMIN,0,docs/window_catalog.csv,MAPPED_NOT_RUNTIME_VERIFIED
COMT001.fmx,other,FMX/compiled,ONEX_ADMIN_COMPAT,ADMIN,0,docs/window_catalog.csv,MAPPED_NOT_RUNTIME_VERIFIED
COMT002.fmx,other,FMX/compiled,ONEX_ADMIN_COMPAT,ADMIN,0,docs/window_catalog.csv,MAPPED_NOT_RUNTIME_VERIFIED
COMT003.fmx,other,FMX/compiled,ONEX_ADMIN_COMPAT,ADMIN,0,docs/window_catalog.csv,MAPPED_NOT_RUNTIME_VERIFIED
COMT004.fmx,other,FMX/compiled,ONEX_ADMIN_COMPAT,ADMIN,0,docs/window_catalog.csv,MAPPED_NOT_RUNTIME_VERIFIED
DTSI001.fmx,other,FMX/compiled,ONEX_ADMIN_COMPAT,ADMIN,0,docs/window_catalog.csv,MAPPED_NOT_RUNTIME_VERIFIED
DTSI002.fmx,other,FMX/compiled,ONEX_ADMIN_COMPAT,ADMIN,0,docs/window_catalog.csv,MAPPED_NOT_RUNTIME_VERIFIED
DTSI003.fmx,other,FMX/compiled,ONEX_ADMIN_COMPAT,ADMIN,0,docs/window_catalog.csv,MAPPED_NOT_RUNTIME_VERIFIED
DTSI004.fmx,other,FMX/compiled,ONEX_ADMIN_COMPAT,ADMIN,0,docs/window_catalog.csv,MAPPED_NOT_RUNTIME_VERIFIED
DTSI005.fmx,other,FMX/compiled,ONEX_ADMIN_COMPAT,ADMIN,0,docs/window_catalog.csv,MAPPED_NOT_RUNTIME_VERIFIED
DTSI006.fmx,other,FMX/compiled,ONEX_ADMIN_COMPAT,ADMIN,0,docs/window_catalog.csv,MAPPED_NOT_RUNTIME_VERIFIED
DTSR001.fmx,other,FMX/compiled,ONEX_ADMIN_COMPAT,ADMIN,0,docs/window_catalog.csv,MAPPED_NOT_RUNTIME_VERIFIED
DTSR002.fmx,other,FMX/compiled,ONEX_ADMIN_COMPAT,ADMIN,0,docs/window_catalog.csv,MAPPED_NOT_RUNTIME_VERIFIED
DTSR003.fmx,other,FMX/compiled,ONEX_ADMIN_COMPAT,ADMIN,0,docs/window_catalog.csv,MAPPED_NOT_RUNTIME_VERIFIED
DTSR004.fmx,other,FMX/compiled,ONEX_ADMIN_COMPAT,ADMIN,0,docs/window_catalog.csv,MAPPED_NOT_RUNTIME_VERIFIED
DTSR005.fmx,other,FMX/compiled,ONEX_ADMIN_COMPAT,ADMIN,0,docs/window_catalog.csv,MAPPED_NOT_RUNTIME_VERIFIED
DTSR006.fmx,other,FMX/compiled,ONEX_ADMIN_COMPAT,ADMIN,0,docs/window_catalog.csv,MAPPED_NOT_RUNTIME_VERIFIED
DTSR007.fmx,other,FMX/compiled,ONEX_ADMIN_COMPAT,ADMIN,0,docs/window_catalog.csv,MAPPED_NOT_RUNTIME_VERIFIED
DTSR008.fmx,other,FMX/compiled,ONEX_ADMIN_COMPAT,ADMIN,0,docs/window_catalog.csv,MAPPED_NOT_RUNTIME_VERIFIED
DTSR009.fmx,other,FMX/compiled,ONEX_ADMIN_COMPAT,ADMIN,0,docs/window_catalog.csv,MAPPED_NOT_RUNTIME_VERIFIED
DTSR010.fmx,other,FMX/compiled,ONEX_ADMIN_COMPAT,ADMIN,0,docs/window_catalog.csv,MAPPED_NOT_RUNTIME_VERIFIED
DTSS001.fmx,other,FMX/compiled,ONEX_ADMIN_COMPAT,ADMIN,0,docs/window_catalog.csv,MAPPED_NOT_RUNTIME_VERIFIED
DTSS002.fmx,other,FMX/compiled,ONEX_ADMIN_COMPAT,ADMIN,0,docs/window_catalog.csv,MAPPED_NOT_RUNTIME_VERIFIED
DTSS003.fmx,other,FMX/compiled,ONEX_ADMIN_COMPAT,ADMIN,0,docs/window_catalog.csv,MAPPED_NOT_RUNTIME_VERIFIED
DTSS006.fmx,other,FMX/compiled,ONEX_ADMIN_COMPAT,ADMIN,0,docs/window_catalog.csv,MAPPED_NOT_RUNTIME_VERIFIED
DTST001.fmx,other,FMX/compiled,ONEX_ADMIN_COMPAT,ADMIN,0,docs/window_catalog.csv,MAPPED_NOT_RUNTIME_VERIFIED
DTST002.fmx,other,FMX/compiled,ONEX_ADMIN_COMPAT,ADMIN,0,docs/window_catalog.csv,MAPPED_NOT_RUNTIME_VERIFIED
DTST003.fmx,other,FMX/compiled,ONEX_ADMIN_COMPAT,ADMIN,0,docs/window_catalog.csv,MAPPED_NOT_RUNTIME_VERIFIED
DTST004.fmx,other,FMX/compiled,ONEX_ADMIN_COMPAT,ADMIN,0,docs/window_catalog.csv,MAPPED_NOT_RUNTIME_VERIFIED
DTST005.fmx,other,FMX/compiled,ONEX_ADMIN_COMPAT,ADMIN,0,docs/window_catalog.csv,MAPPED_NOT_RUNTIME_VERIFIED
DTST006.fmx,other,FMX/compiled,ONEX_ADMIN_COMPAT,ADMIN,0,docs/window_catalog.csv,MAPPED_NOT_RUNTIME_VERIFIED
DTST010.fmx,other,FMX/compiled,ONEX_ADMIN_COMPAT,ADMIN,0,docs/window_catalog.csv,MAPPED_NOT_RUNTIME_VERIFIED
DTST020.fmx,other,FMX/compiled,ONEX_ADMIN_COMPAT,ADMIN,0,docs/window_catalog.csv,MAPPED_NOT_RUNTIME_VERIFIED
ERP_ALRT_SCR.fmx,other,FMX/compiled,ONEX_ADMIN_COMPAT,ADMIN,0,docs/window_catalog.csv,MAPPED_NOT_RUNTIME_VERIFIED
ERP_APPRVD_SCR.fmx,other,FMX/compiled,ONEX_ADMIN_COMPAT,ADMIN,0,docs/window_catalog.csv,MAPPED_NOT_RUNTIME_VERIFIED
ERP_Aud_Scr.fmx,other,FMX/compiled,ONEX_ADMIN_COMPAT,ADMIN,0,docs/window_catalog.csv,MAPPED_NOT_RUNTIME_VERIFIED
ERP_CODE_TRNS.fmx,other,FMX/compiled,ONEX_ADMIN_COMPAT,ADMIN,0,docs/window_catalog.csv,MAPPED_NOT_RUNTIME_VERIFIED
ERP_Checking.fmx,other,FMX/compiled,ONEX_ADMIN_COMPAT,ADMIN,0,docs/window_catalog.csv,MAPPED_NOT_RUNTIME_VERIFIED
ERP_DBA.fmx,other,FMX/compiled,ONEX_ADMIN_COMPAT,ADMIN,0,docs/window_catalog.csv,MAPPED_NOT_RUNTIME_VERIFIED
ERP_DBA_Cmp.fmx,other,FMX/compiled,ONEX_ADMIN_COMPAT,ADMIN,0,docs/window_catalog.csv,MAPPED_NOT_RUNTIME_VERIFIED
ERP_DBA_DFLT_DATA.fmx,other,FMX/compiled,ONEX_ADMIN_COMPAT,ADMIN,0,docs/window_catalog.csv,MAPPED_NOT_RUNTIME_VERIFIED
ERP_DBA_DFLT_DATA_LNG.fmx,other,FMX/compiled,ONEX_ADMIN_COMPAT,ADMIN,0,docs/window_catalog.csv,MAPPED_NOT_RUNTIME_VERIFIED
ERP_DBA_DFLT_DATA_LNG_TURKEY.fmx,other,FMX/compiled,ONEX_ADMIN_COMPAT,ADMIN,0,docs/window_catalog.csv,MAPPED_NOT_RUNTIME_VERIFIED
ERP_DBA_DFLT_DATA_TRK.fmx,other,FMX/compiled,ONEX_ADMIN_COMPAT,ADMIN,0,docs/window_catalog.csv,MAPPED_NOT_RUNTIME_VERIFIED
ERP_DBA_TRK.fmx,other,FMX/compiled,ONEX_ADMIN_COMPAT,ADMIN,0,docs/window_catalog.csv,MAPPED_NOT_RUNTIME_VERIFIED
ERP_INACTV_SCR.fmx,other,FMX/compiled,ONEX_ADMIN_COMPAT,ADMIN,0,docs/window_catalog.csv,MAPPED_NOT_RUNTIME_VERIFIED
ERP_Install.fmx,other,FMX/compiled,ONEX_ADMIN_COMPAT,ADMIN,0,docs/window_catalog.csv,MAPPED_NOT_RUNTIME_VERIFIED
ERP_JOURNAL.fmx,other,FMX/compiled,ONEX_ADMIN_COMPAT,ADMIN,0,docs/window_catalog.csv,MAPPED_NOT_RUNTIME_VERIFIED
ERP_LOGIN - Copy.fmx,other,FMX/compiled,ONEX_ADMIN_COMPAT,ADMIN,0,docs/window_catalog.csv,MAPPED_NOT_RUNTIME_VERIFIED
ERP_LOGIN.fmx,other,FMX/compiled,ONEX_ADMIN_COMPAT,ADMIN,0,docs/window_catalog.csv,MAPPED_NOT_RUNTIME_VERIFIED
ERP_LOGIN_TST.fmx,other,FMX/compiled,ONEX_ADMIN_COMPAT,ADMIN,0,docs/window_catalog.csv,MAPPED_NOT_RUNTIME_VERIFIED
ERP_REAL_TRNS.fmx,other,FMX/compiled,ONEX_ADMIN_COMPAT,ADMIN,0,docs/window_catalog.csv,MAPPED_NOT_RUNTIME_VERIFIED
ERP_SCR.fmx,other,FMX/compiled,ONEX_ADMIN_COMPAT,ADMIN,0,docs/window_catalog.csv,MAPPED_NOT_RUNTIME_VERIFIED
ERP_Update_New_Version6.fmx,other,FMX/compiled,ONEX_ADMIN_COMPAT,ADMIN,0,docs/window_catalog.csv,MAPPED_NOT_RUNTIME_VERIFIED
ERP_VRFY_SCR.fmx,other,FMX/compiled,ONEX_ADMIN_COMPAT,ADMIN,0,docs/window_catalog.csv,MAPPED_NOT_RUNTIME_VERIFIED
EXP_REPORT_TO_EXCEEL.fmx,other,FMX/compiled,ONEX_ADMIN_COMPAT,ADMIN,0,docs/window_catalog.csv,MAPPED_NOT_RUNTIME_VERIFIED
Erp_Dsh_Bord.fmx,other,FMX/compiled,ONEX_ADMIN_COMPAT,ADMIN,0,docs/window_catalog.csv,MAPPED_NOT_RUNTIME_VERIFIED
FASDBA.fmx,GL/finance,FMX/compiled,ONEX_GL_COMPAT,GL,2,docs/window_catalog.csv,MAPPED_NOT_RUNTIME_VERIFIED
FASI001.fmx,GL/finance,FMX/compiled,ONEX_GL_COMPAT,GL,2,docs/window_catalog.csv,MAPPED_NOT_RUNTIME_VERIFIED
FASI002.fmx,GL/finance,FMX/compiled,ONEX_GL_COMPAT,GL,2,docs/window_catalog.csv,MAPPED_NOT_RUNTIME_VERIFIED
FASI003.fmx,GL/finance,FMX/compiled,ONEX_GL_COMPAT,GL,2,docs/window_catalog.csv,MAPPED_NOT_RUNTIME_VERIFIED
FASI004.fmx,GL/finance,FMX/compiled,ONEX_GL_COMPAT,GL,2,docs/window_catalog.csv,MAPPED_NOT_RUNTIME_VERIFIED
FASI005.fmx,GL/finance,FMX/compiled,ONEX_GL_COMPAT,GL,2,docs/window_catalog.csv,MAPPED_NOT_RUNTIME_VERIFIED
FASMNTDBA.fmx,GL/finance,FMX/compiled,ONEX_GL_COMPAT,GL,2,docs/window_catalog.csv,MAPPED_NOT_RUNTIME_VERIFIED
FASR001.fmx,GL/finance,FMX/compiled,ONEX_GL_COMPAT,GL,2,docs/window_catalog.csv,MAPPED_NOT_RUNTIME_VERIFIED
FASR002.fmx,GL/finance,FMX/compiled,ONEX_GL_COMPAT,GL,2,docs/window_catalog.csv,MAPPED_NOT_RUNTIME_VERIFIED
FASR004.fmx,GL/finance,FMX/compiled,ONEX_GL_COMPAT,GL,2,docs/window_catalog.csv,MAPPED_NOT_RUNTIME_VERIFIED
FASR005.fmx,GL/finance,FMX/compiled,ONEX_GL_COMPAT,GL,2,docs/window_catalog.csv,MAPPED_NOT_RUNTIME_VERIFIED
FASR006.fmx,GL/finance,FMX/compiled,ONEX_GL_COMPAT,GL,2,docs/window_catalog.csv,MAPPED_NOT_RUNTIME_VERIFIED
FASR007.fmx,GL/finance,FMX/compiled,ONEX_GL_COMPAT,GL,2,docs/window_catalog.csv,MAPPED_NOT_RUNTIME_VERIFIED
FASR008.fmx,GL/finance,FMX/compiled,ONEX_GL_COMPAT,GL,2,docs/window_catalog.csv,MAPPED_NOT_RUNTIME_VERIFIED
FASR009.fmx,GL/finance,FMX/compiled,ONEX_GL_COMPAT,GL,2,docs/window_catalog.csv,MAPPED_NOT_RUNTIME_VERIFIED
FASR086.fmx,GL/finance,FMX/compiled,ONEX_GL_COMPAT,GL,2,docs/window_catalog.csv,MAPPED_NOT_RUNTIME_VERIFIED
FASR089.fmx,GL/finance,FMX/compiled,ONEX_GL_COMPAT,GL,2,docs/window_catalog.csv,MAPPED_NOT_RUNTIME_VERIFIED
FASR090.fmx,GL/finance,FMX/compiled,ONEX_GL_COMPAT,GL,2,docs/window_catalog.csv,MAPPED_NOT_RUNTIME_VERIFIED
FASR091.fmx,GL/finance,FMX/compiled,ONEX_GL_COMPAT,GL,2,docs/window_catalog.csv,MAPPED_NOT_RUNTIME_VERIFIED
FASS001.fmx,GL/finance,FMX/compiled,ONEX_GL_COMPAT,GL,2,docs/window_catalog.csv,MAPPED_NOT_RUNTIME_VERIFIED
FASS002.fmx,GL/finance,FMX/compiled,ONEX_GL_COMPAT,GL,2,docs/window_catalog.csv,MAPPED_NOT_RUNTIME_VERIFIED
FASS003.fmx,GL/finance,FMX/compiled,ONEX_GL_COMPAT,GL,2,docs/window_catalog.csv,MAPPED_NOT_RUNTIME_VERIFIED
FASS004.fmx,GL/finance,FMX/compiled,ONEX_GL_COMPAT,GL,2,docs/window_catalog.csv,MAPPED_NOT_RUNTIME_VERIFIED
FASS085.fmx,GL/finance,FMX/compiled,ONEX_GL_COMPAT,GL,2,docs/window_catalog.csv,MAPPED_NOT_RUNTIME_VERIFIED
FASS086.fmx,GL/finance,FMX/compiled,ONEX_GL_COMPAT,GL,2,docs/window_catalog.csv,MAPPED_NOT_RUNTIME_VERIFIED
FAST001.fmx,GL/finance,FMX/compiled,ONEX_GL_COMPAT,GL,2,docs/window_catalog.csv,MAPPED_NOT_RUNTIME_VERIFIED
FAST002.fmx,GL/finance,FMX/compiled,ONEX_GL_COMPAT,GL,2,docs/window_catalog.csv,MAPPED_NOT_RUNTIME_VERIFIED
FAST003.fmx,GL/finance,FMX/compiled,ONEX_GL_COMPAT,GL,2,docs/window_catalog.csv,MAPPED_NOT_RUNTIME_VERIFIED
FAST004.fmx,GL/finance,FMX/compiled,ONEX_GL_COMPAT,GL,2,docs/window_catalog.csv,MAPPED_NOT_RUNTIME_VERIFIED
FAST005.fmx,GL/finance,FMX/compiled,ONEX_GL_COMPAT,GL,2,docs/window_catalog.csv,MAPPED_NOT_RUNTIME_VERIFIED
FAST006.fmx,GL/finance,FMX/compiled,ONEX_GL_COMPAT,GL,2,docs/window_catalog.csv,MAPPED_NOT_RUNTIME_VERIFIED
FAST007.fmx,GL/finance,FMX/compiled,ONEX_GL_COMPAT,GL,2,docs/window_catalog.csv,MAPPED_NOT_RUNTIME_VERIFIED
FAST008.fmx,GL/finance,FMX/compiled,ONEX_GL_COMPAT,GL,2,docs/window_catalog.csv,MAPPED_NOT_RUNTIME_VERIFIED
FAST009.fmx,GL/finance,FMX/compiled,ONEX_GL_COMPAT,GL,2,docs/window_catalog.csv,MAPPED_NOT_RUNTIME_VERIFIED
FAST010.fmx,GL/finance,FMX/compiled,ONEX_GL_COMPAT,GL,2,docs/window_catalog.csv,MAPPED_NOT_RUNTIME_VERIFIED
FAST012.fmx,GL/finance,FMX/compiled,ONEX_GL_COMPAT,GL,2,docs/window_catalog.csv,MAPPED_NOT_RUNTIME_VERIFIED
FAST086.fmx,GL/finance,FMX/compiled,ONEX_GL_COMPAT,GL,2,docs/window_catalog.csv,MAPPED_NOT_RUNTIME_VERIFIED
FAST087.fmx,GL/finance,FMX/compiled,ONEX_GL_COMPAT,GL,2,docs/window_catalog.csv,MAPPED_NOT_RUNTIME_VERIFIED
FAST088.fmx,GL/finance,FMX/compiled,ONEX_GL_COMPAT,GL,2,docs/window_catalog.csv,MAPPED_NOT_RUNTIME_VERIFIED
FAST088t.fmx,GL/finance,FMX/compiled,ONEX_GL_COMPAT,GL,2,docs/window_catalog.csv,MAPPED_NOT_RUNTIME_VERIFIED
FAST088tt.fmx,GL/finance,FMX/compiled,ONEX_GL_COMPAT,GL,2,docs/window_catalog.csv,MAPPED_NOT_RUNTIME_VERIFIED
FAST089.fmx,GL/finance,FMX/compiled,ONEX_GL_COMPAT,GL,2,docs/window_catalog.csv,MAPPED_NOT_RUNTIME_VERIFIED
FAST091.fmx,GL/finance,FMX/compiled,ONEX_GL_COMPAT,GL,2,docs/window_catalog.csv,MAPPED_NOT_RUNTIME_VERIFIED
FAST092.fmx,GL/finance,FMX/compiled,ONEX_GL_COMPAT,GL,2,docs/window_catalog.csv,MAPPED_NOT_RUNTIME_VERIFIED
FAST093.fmx,GL/finance,FMX/compiled,ONEX_GL_COMPAT,GL,2,docs/window_catalog.csv,MAPPED_NOT_RUNTIME_VERIFIED
FASUPGRADE.fmx,GL/finance,FMX/compiled,ONEX_GL_COMPAT,GL,2,docs/window_catalog.csv,MAPPED_NOT_RUNTIME_VERIFIED
FAS_AS_TRNS.fmx,GL/finance,FMX/compiled,ONEX_GL_COMPAT,GL,2,docs/window_catalog.csv,MAPPED_NOT_RUNTIME_VERIFIED
FAS_BARCODE.fmx,GL/finance,FMX/compiled,ONEX_GL_COMPAT,GL,2,docs/window_catalog.csv,MAPPED_NOT_RUNTIME_VERIFIED
FAS_BARCODE_TMP.fmx,GL/finance,FMX/compiled,ONEX_GL_COMPAT,GL,2,docs/window_catalog.csv,MAPPED_NOT_RUNTIME_VERIFIED
FAS_IMP_XLS_ASSETS.fmx,GL/finance,FMX/compiled,ONEX_GL_COMPAT,GL,2,docs/window_catalog.csv,MAPPED_NOT_RUNTIME_VERIFIED
FAS_IMP_XLS_GRP.fmx,GL/finance,FMX/compiled,ONEX_GL_COMPAT,GL,2,docs/window_catalog.csv,MAPPED_NOT_RUNTIME_VERIFIED
FAS_IMP_XLS_LOC.fmx,GL/finance,FMX/compiled,ONEX_GL_COMPAT,GL,2,docs/window_catalog.csv,MAPPED_NOT_RUNTIME_VERIFIED
FMSI001.fmx,other,FMX/compiled,ONEX_ADMIN_COMPAT,ADMIN,0,docs/window_catalog.csv,MAPPED_NOT_RUNTIME_VERIFIED
FMSI002.fmx,other,FMX/compiled,ONEX_ADMIN_COMPAT,ADMIN,0,docs/window_catalog.csv,MAPPED_NOT_RUNTIME_VERIFIED
FMSI004.fmx,other,FMX/compiled,ONEX_ADMIN_COMPAT,ADMIN,0,docs/window_catalog.csv,MAPPED_NOT_RUNTIME_VERIFIED
FMSI005.fmx,other,FMX/compiled,ONEX_ADMIN_COMPAT,ADMIN,0,docs/window_catalog.csv,MAPPED_NOT_RUNTIME_VERIFIED
FMSR001.fmx,other,FMX/compiled,ONEX_ADMIN_COMPAT,ADMIN,0,docs/window_catalog.csv,MAPPED_NOT_RUNTIME_VERIFIED
FMSR002.fmx,other,FMX/compiled,ONEX_ADMIN_COMPAT,ADMIN,0,docs/window_catalog.csv,MAPPED_NOT_RUNTIME_VERIFIED
FMSR004.fmx,other,FMX/compiled,ONEX_ADMIN_COMPAT,ADMIN,0,docs/window_catalog.csv,MAPPED_NOT_RUNTIME_VERIFIED
FMSR005.fmx,other,FMX/compiled,ONEX_ADMIN_COMPAT,ADMIN,0,docs/window_catalog.csv,MAPPED_NOT_RUNTIME_VERIFIED
FMSR006.fmx,other,FMX/compiled,ONEX_ADMIN_COMPAT,ADMIN,0,docs/window_catalog.csv,MAPPED_NOT_RUNTIME_VERIFIED
FMSS001.fmx,other,FMX/compiled,ONEX_ADMIN_COMPAT,ADMIN,0,docs/window_catalog.csv,MAPPED_NOT_RUNTIME_VERIFIED
FMSS002.fmx,other,FMX/compiled,ONEX_ADMIN_COMPAT,ADMIN,0,docs/window_catalog.csv,MAPPED_NOT_RUNTIME_VERIFIED
FMSS003.fmx,other,FMX/compiled,ONEX_ADMIN_COMPAT,ADMIN,0,docs/window_catalog.csv,MAPPED_NOT_RUNTIME_VERIFIED
FMSS004.fmx,other,FMX/compiled,ONEX_ADMIN_COMPAT,ADMIN,0,docs/window_catalog.csv,MAPPED_NOT_RUNTIME_VERIFIED
FMSS005.fmx,other,FMX/compiled,ONEX_ADMIN_COMPAT,ADMIN,0,docs/window_catalog.csv,MAPPED_NOT_RUNTIME_VERIFIED
FMST001.fmx,other,FMX/compiled,ONEX_ADMIN_COMPAT,ADMIN,0,docs/window_catalog.csv,MAPPED_NOT_RUNTIME_VERIFIED
FMST002.fmx,other,FMX/compiled,ONEX_ADMIN_COMPAT,ADMIN,0,docs/window_catalog.csv,MAPPED_NOT_RUNTIME_VERIFIED
FMST003.fmx,other,FMX/compiled,ONEX_ADMIN_COMPAT,ADMIN,0,docs/window_catalog.csv,MAPPED_NOT_RUNTIME_VERIFIED
FNGI005.fmx,GL/finance,FMX/compiled,ONEX_GL_COMPAT,GL,2,docs/window_catalog.csv,MAPPED_NOT_RUNTIME_VERIFIED
FNGI007.fmx,GL/finance,FMX/compiled,ONEX_GL_COMPAT,GL,2,docs/window_catalog.csv,MAPPED_NOT_RUNTIME_VERIFIED
FNGI008.fmx,GL/finance,FMX/compiled,ONEX_GL_COMPAT,GL,2,docs/window_catalog.csv,MAPPED_NOT_RUNTIME_VERIFIED
FNGI008_.fmx,GL/finance,FMX/compiled,ONEX_GL_COMPAT,GL,2,docs/window_catalog.csv,MAPPED_NOT_RUNTIME_VERIFIED
FNGI008__.fmx,GL/finance,FMX/compiled,ONEX_GL_COMPAT,GL,2,docs/window_catalog.csv,MAPPED_NOT_RUNTIME_VERIFIED
FNGI009.fmx,GL/finance,FMX/compiled,ONEX_GL_COMPAT,GL,2,docs/window_catalog.csv,MAPPED_NOT_RUNTIME_VERIFIED
FNGI010.fmx,GL/finance,FMX/compiled,ONEX_GL_COMPAT,GL,2,docs/window_catalog.csv,MAPPED_NOT_RUNTIME_VERIFIED
FNGR001.fmx,GL/finance,FMX/compiled,ONEX_GL_COMPAT,GL,2,docs/window_catalog.csv,MAPPED_NOT_RUNTIME_VERIFIED
FNGR001__.fmx,GL/finance,FMX/compiled,ONEX_GL_COMPAT,GL,2,docs/window_catalog.csv,MAPPED_NOT_RUNTIME_VERIFIED
FNGR002.fmx,GL/finance,FMX/compiled,ONEX_GL_COMPAT,GL,2,docs/window_catalog.csv,MAPPED_NOT_RUNTIME_VERIFIED
FNGR007.fmx,GL/finance,FMX/compiled,ONEX_GL_COMPAT,GL,2,docs/window_catalog.csv,MAPPED_NOT_RUNTIME_VERIFIED
FNGR010.fmx,GL/finance,FMX/compiled,ONEX_GL_COMPAT,GL,2,docs/window_catalog.csv,MAPPED_NOT_RUNTIME_VERIFIED
FNGR011.fmx,GL/finance,FMX/compiled,ONEX_GL_COMPAT,GL,2,docs/window_catalog.csv,MAPPED_NOT_RUNTIME_VERIFIED
FNGR012.fmx,GL/finance,FMX/compiled,ONEX_GL_COMPAT,GL,2,docs/window_catalog.csv,MAPPED_NOT_RUNTIME_VERIFIED
FNGR030.fmx,GL/finance,FMX/compiled,ONEX_GL_COMPAT,GL,2,docs/window_catalog.csv,MAPPED_NOT_RUNTIME_VERIFIED
FNGR031.fmx,GL/finance,FMX/compiled,ONEX_GL_COMPAT,GL,2,docs/window_catalog.csv,MAPPED_NOT_RUNTIME_VERIFIED
FNGS001.fmx,GL/finance,FMX/compiled,ONEX_GL_COMPAT,GL,2,docs/window_catalog.csv,MAPPED_NOT_RUNTIME_VERIFIED
FNGS003.fmx,GL/finance,FMX/compiled,ONEX_GL_COMPAT,GL,2,docs/window_catalog.csv,MAPPED_NOT_RUNTIME_VERIFIED
FNGS006.fmx,GL/finance,FMX/compiled,ONEX_GL_COMPAT,GL,2,docs/window_catalog.csv,MAPPED_NOT_RUNTIME_VERIFIED
FNGS007.fmx,GL/finance,FMX/compiled,ONEX_GL_COMPAT,GL,2,docs/window_catalog.csv,MAPPED_NOT_RUNTIME_VERIFIED
FNGT005.fmx,GL/finance,FMX/compiled,ONEX_GL_COMPAT,GL,2,docs/window_catalog.csv,MAPPED_NOT_RUNTIME_VERIFIED
FNGT006.fmx,GL/finance,FMX/compiled,ONEX_GL_COMPAT,GL,2,docs/window_catalog.csv,MAPPED_NOT_RUNTIME_VERIFIED
FNGT007.fmx,GL/finance,FMX/compiled,ONEX_GL_COMPAT,GL,2,docs/window_catalog.csv,MAPPED_NOT_RUNTIME_VERIFIED
FNGT020.fmx,GL/finance,FMX/compiled,ONEX_GL_COMPAT,GL,2,docs/window_catalog.csv,MAPPED_NOT_RUNTIME_VERIFIED
FNGT021.fmx,GL/finance,FMX/compiled,ONEX_GL_COMPAT,GL,2,docs/window_catalog.csv,MAPPED_NOT_RUNTIME_VERIFIED
GENIMPXLS_AC.fmx,other,FMX/compiled,ONEX_ADMIN_COMPAT,ADMIN,0,docs/window_catalog.csv,MAPPED_NOT_RUNTIME_VERIFIED
GENIMPXLS_ACTV.fmx,other,FMX/compiled,ONEX_ADMIN_COMPAT,ADMIN,0,docs/window_catalog.csv,MAPPED_NOT_RUNTIME_VERIFIED
GENIMPXLS_ACTV_PJ.fmx,other,FMX/compiled,ONEX_ADMIN_COMPAT,ADMIN,0,docs/window_catalog.csv,MAPPED_NOT_RUNTIME_VERIFIED
GENIMPXLS_CC.fmx,other,FMX/compiled,ONEX_ADMIN_COMPAT,ADMIN,0,docs/window_catalog.csv,MAPPED_NOT_RUNTIME_VERIFIED
GENIMPXLS_PJ.fmx,other,FMX/compiled,ONEX_ADMIN_COMPAT,ADMIN,0,docs/window_catalog.csv,MAPPED_NOT_RUNTIME_VERIFIED
GENS001.fmx,other,FMX/compiled,ONEX_ADMIN_COMPAT,ADMIN,0,docs/window_catalog.csv,MAPPED_NOT_RUNTIME_VERIFIED
GENS002.fmx,other,FMX/compiled,ONEX_ADMIN_COMPAT,ADMIN,0,docs/window_catalog.csv,MAPPED_NOT_RUNTIME_VERIFIED
GENS003.fmx,other,FMX/compiled,ONEX_ADMIN_COMPAT,ADMIN,0,docs/window_catalog.csv,MAPPED_NOT_RUNTIME_VERIFIED
GENS004.fmx,other,FMX/compiled,ONEX_ADMIN_COMPAT,ADMIN,0,docs/window_catalog.csv,MAPPED_NOT_RUNTIME_VERIFIED
GENS005.fmx,other,FMX/compiled,ONEX_ADMIN_COMPAT,ADMIN,0,docs/window_catalog.csv,MAPPED_NOT_RUNTIME_VERIFIED
GENS006.fmx,other,FMX/compiled,ONEX_ADMIN_COMPAT,ADMIN,0,docs/window_catalog.csv,MAPPED_NOT_RUNTIME_VERIFIED
GENS007.fmx,other,FMX/compiled,ONEX_ADMIN_COMPAT,ADMIN,0,docs/window_catalog.csv,MAPPED_NOT_RUNTIME_VERIFIED
GENS008.fmx,other,FMX/compiled,ONEX_ADMIN_COMPAT,ADMIN,0,docs/window_catalog.csv,MAPPED_NOT_RUNTIME_VERIFIED
GENS009.fmx,other,FMX/compiled,ONEX_ADMIN_COMPAT,ADMIN,0,docs/window_catalog.csv,MAPPED_NOT_RUNTIME_VERIFIED
GENS010.fmx,other,FMX/compiled,ONEX_ADMIN_COMPAT,ADMIN,0,docs/window_catalog.csv,MAPPED_NOT_RUNTIME_VERIFIED
GENS011.fmx,other,FMX/compiled,ONEX_ADMIN_COMPAT,ADMIN,0,docs/window_catalog.csv,MAPPED_NOT_RUNTIME_VERIFIED
GENS012.fmx,other,FMX/compiled,ONEX_ADMIN_COMPAT,ADMIN,0,docs/window_catalog.csv,MAPPED_NOT_RUNTIME_VERIFIED
GENS012_11-10-2016.fmx,other,FMX/compiled,ONEX_ADMIN_COMPAT,ADMIN,0,docs/window_catalog.csv,MAPPED_NOT_RUNTIME_VERIFIED
GENS013.fmx,other,FMX/compiled,ONEX_ADMIN_COMPAT,ADMIN,0,docs/window_catalog.csv,MAPPED_NOT_RUNTIME_VERIFIED
GENS014.fmx,other,FMX/compiled,ONEX_ADMIN_COMPAT,ADMIN,0,docs/window_catalog.csv,MAPPED_NOT_RUNTIME_VERIFIED
GENS015.fmx,other,FMX/compiled,ONEX_ADMIN_COMPAT,ADMIN,0,docs/window_catalog.csv,MAPPED_NOT_RUNTIME_VERIFIED
GENS016.fmx,other,FMX/compiled,ONEX_ADMIN_COMPAT,ADMIN,0,docs/window_catalog.csv,MAPPED_NOT_RUNTIME_VERIFIED
GENS017.fmx,other,FMX/compiled,ONEX_ADMIN_COMPAT,ADMIN,0,docs/window_catalog.csv,MAPPED_NOT_RUNTIME_VERIFIED
GENS018.fmx,other,FMX/compiled,ONEX_ADMIN_COMPAT,ADMIN,0,docs/window_catalog.csv,MAPPED_NOT_RUNTIME_VERIFIED
GENS019.fmx,other,FMX/compiled,ONEX_ADMIN_COMPAT,ADMIN,0,docs/window_catalog.csv,MAPPED_NOT_RUNTIME_VERIFIED
GENS020.fmx,other,FMX/compiled,ONEX_ADMIN_COMPAT,ADMIN,0,docs/window_catalog.csv,MAPPED_NOT_RUNTIME_VERIFIED
GLSI001.fmx,GL/finance,FMX/compiled,ONEX_GL_COMPAT,GL,2,docs/window_catalog.csv,MAPPED_NOT_RUNTIME_VERIFIED
GLSI002.fmx,GL/finance,FMX/compiled,ONEX_GL_COMPAT,GL,2,docs/window_catalog.csv,MAPPED_NOT_RUNTIME_VERIFIED
GLSI003.fmx,GL/finance,FMX/compiled,ONEX_GL_COMPAT,GL,2,docs/window_catalog.csv,MAPPED_NOT_RUNTIME_VERIFIED
GLSI004.fmx,GL/finance,FMX/compiled,ONEX_GL_COMPAT,GL,2,docs/window_catalog.csv,MAPPED_NOT_RUNTIME_VERIFIED
GLSI005.fmx,GL/finance,FMX/compiled,ONEX_GL_COMPAT,GL,2,docs/window_catalog.csv,MAPPED_NOT_RUNTIME_VERIFIED
GLSI007.fmx,GL/finance,FMX/compiled,ONEX_GL_COMPAT,GL,2,docs/window_catalog.csv,MAPPED_NOT_RUNTIME_VERIFIED
GLSI008.fmx,GL/finance,FMX/compiled,ONEX_GL_COMPAT,GL,2,docs/window_catalog.csv,MAPPED_NOT_RUNTIME_VERIFIED
GLSI009.fmx,GL/finance,FMX/compiled,ONEX_GL_COMPAT,GL,2,docs/window_catalog.csv,MAPPED_NOT_RUNTIME_VERIFIED
GLSI010.fmx,GL/finance,FMX/compiled,ONEX_GL_COMPAT,GL,2,docs/window_catalog.csv,MAPPED_NOT_RUNTIME_VERIFIED
GLSI011.fmx,GL/finance,FMX/compiled,ONEX_GL_COMPAT,GL,2,docs/window_catalog.csv,MAPPED_NOT_RUNTIME_VERIFIED
GLSI012.fmx,GL/finance,FMX/compiled,ONEX_GL_COMPAT,GL,2,docs/window_catalog.csv,MAPPED_NOT_RUNTIME_VERIFIED
GLSI013.fmx,GL/finance,FMX/compiled,ONEX_GL_COMPAT,GL,2,docs/window_catalog.csv,MAPPED_NOT_RUNTIME_VERIFIED
GLSI0131.fmx,GL/finance,FMX/compiled,ONEX_GL_COMPAT,GL,2,docs/window_catalog.csv,MAPPED_NOT_RUNTIME_VERIFIED
GLSI014.fmx,GL/finance,FMX/compiled,ONEX_GL_COMPAT,GL,2,docs/window_catalog.csv,MAPPED_NOT_RUNTIME_VERIFIED
GLSI014_NEW.fmx,GL/finance,FMX/compiled,ONEX_GL_COMPAT,GL,2,docs/window_catalog.csv,MAPPED_NOT_RUNTIME_VERIFIED
GLSI016.fmx,GL/finance,FMX/compiled,ONEX_GL_COMPAT,GL,2,docs/window_catalog.csv,MAPPED_NOT_RUNTIME_VERIFIED
GLSI017.fmx,GL/finance,FMX/compiled,ONEX_GL_COMPAT,GL,2,docs/window_catalog.csv,MAPPED_NOT_RUNTIME_VERIFIED
GLSR001.fmx,GL/finance,FMX/compiled,ONEX_GL_COMPAT,GL,2,docs/window_catalog.csv,MAPPED_NOT_RUNTIME_VERIFIED
GLSR002.fmx,GL/finance,FMX/compiled,ONEX_GL_COMPAT,GL,2,docs/window_catalog.csv,MAPPED_NOT_RUNTIME_VERIFIED
GLSR003.fmx,GL/finance,FMX/compiled,ONEX_GL_COMPAT,GL,2,docs/window_catalog.csv,MAPPED_NOT_RUNTIME_VERIFIED
GLSR00333.fmx,GL/finance,FMX/compiled,ONEX_GL_COMPAT,GL,2,docs/window_catalog.csv,MAPPED_NOT_RUNTIME_VERIFIED
GLSR004.fmx,GL/finance,FMX/compiled,ONEX_GL_COMPAT,GL,2,docs/window_catalog.csv,MAPPED_NOT_RUNTIME_VERIFIED
GLSR005.fmx,GL/finance,FMX/compiled,ONEX_GL_COMPAT,GL,2,docs/window_catalog.csv,MAPPED_NOT_RUNTIME_VERIFIED
GLSR006.fmx,GL/finance,FMX/compiled,ONEX_GL_COMPAT,GL,2,docs/window_catalog.csv,MAPPED_NOT_RUNTIME_VERIFIED
GLSR007.fmx,GL/finance,FMX/compiled,ONEX_GL_COMPAT,GL,2,docs/window_catalog.csv,MAPPED_NOT_RUNTIME_VERIFIED
GLSR008.fmx,GL/finance,FMX/compiled,ONEX_GL_COMPAT,GL,2,docs/window_catalog.csv,MAPPED_NOT_RUNTIME_VERIFIED
GLSR009.fmx,GL/finance,FMX/compiled,ONEX_GL_COMPAT,GL,2,docs/window_catalog.csv,MAPPED_NOT_RUNTIME_VERIFIED
GLSR010.fmx,GL/finance,FMX/compiled,ONEX_GL_COMPAT,GL,2,docs/window_catalog.csv,MAPPED_NOT_RUNTIME_VERIFIED
GLSR011.fmx,GL/finance,FMX/compiled,ONEX_GL_COMPAT,GL,2,docs/window_catalog.csv,MAPPED_NOT_RUNTIME_VERIFIED
GLSR012.fmx,GL/finance,FMX/compiled,ONEX_GL_COMPAT,GL,2,docs/window_catalog.csv,MAPPED_NOT_RUNTIME_VERIFIED
GLSR012_Under_test.fmx,GL/finance,FMX/compiled,ONEX_GL_COMPAT,GL,2,docs/window_catalog.csv,MAPPED_NOT_RUNTIME_VERIFIED
GLSR012_adb.fmx,GL/finance,FMX/compiled,ONEX_GL_COMPAT,GL,2,docs/window_catalog.csv,MAPPED_NOT_RUNTIME_VERIFIED
GLSR012new.fmx,GL/finance,FMX/compiled,ONEX_GL_COMPAT,GL,2,docs/window_catalog.csv,MAPPED_NOT_RUNTIME_VERIFIED
GLSR013.fmx,GL/finance,FMX/compiled,ONEX_GL_COMPAT,GL,2,docs/window_catalog.csv,MAPPED_NOT_RUNTIME_VERIFIED
GLSR016.fmx,GL/finance,FMX/compiled,ONEX_GL_COMPAT,GL,2,docs/window_catalog.csv,MAPPED_NOT_RUNTIME_VERIFIED
GLSR018.fmx,GL/finance,FMX/compiled,ONEX_GL_COMPAT,GL,2,docs/window_catalog.csv,MAPPED_NOT_RUNTIME_VERIFIED
GLSR023.fmx,GL/finance,FMX/compiled,ONEX_GL_COMPAT,GL,2,docs/window_catalog.csv,MAPPED_NOT_RUNTIME_VERIFIED
GLSR024.fmx,GL/finance,FMX/compiled,ONEX_GL_COMPAT,GL,2,docs/window_catalog.csv,MAPPED_NOT_RUNTIME_VERIFIED
GLSR028.fmx,GL/finance,FMX/compiled,ONEX_GL_COMPAT,GL,2,docs/window_catalog.csv,MAPPED_NOT_RUNTIME_VERIFIED
GLSR029.fmx,GL/finance,FMX/compiled,ONEX_GL_COMPAT,GL,2,docs/window_catalog.csv,MAPPED_NOT_RUNTIME_VERIFIED
GLSR030.fmx,GL/finance,FMX/compiled,ONEX_GL_COMPAT,GL,2,docs/window_catalog.csv,MAPPED_NOT_RUNTIME_VERIFIED
GLSR033.fmx,GL/finance,FMX/compiled,ONEX_GL_COMPAT,GL,2,docs/window_catalog.csv,MAPPED_NOT_RUNTIME_VERIFIED
GLSR043.fmx,GL/finance,FMX/compiled,ONEX_GL_COMPAT,GL,2,docs/window_catalog.csv,MAPPED_NOT_RUNTIME_VERIFIED
GLSS001.fmx,GL/finance,FMX/compiled,ONEX_GL_COMPAT,GL,2,docs/window_catalog.csv,MAPPED_NOT_RUNTIME_VERIFIED
GLSS002.fmx,GL/finance,FMX/compiled,ONEX_GL_COMPAT,GL,2,docs/window_catalog.csv,MAPPED_NOT_RUNTIME_VERIFIED
GLSS004.fmx,GL/finance,FMX/compiled,ONEX_GL_COMPAT,GL,2,docs/window_catalog.csv,MAPPED_NOT_RUNTIME_VERIFIED
GLSS007.fmx,GL/finance,FMX/compiled,ONEX_GL_COMPAT,GL,2,docs/window_catalog.csv,MAPPED_NOT_RUNTIME_VERIFIED
GLSS009.fmx,GL/finance,FMX/compiled,ONEX_GL_COMPAT,GL,2,docs/window_catalog.csv,MAPPED_NOT_RUNTIME_VERIFIED
GLSS011.fmx,GL/finance,FMX/compiled,ONEX_GL_COMPAT,GL,2,docs/window_catalog.csv,MAPPED_NOT_RUNTIME_VERIFIED
GLSS012.fmx,GL/finance,FMX/compiled,ONEX_GL_COMPAT,GL,2,docs/window_catalog.csv,MAPPED_NOT_RUNTIME_VERIFIED
GLSS014.fmx,GL/finance,FMX/compiled,ONEX_GL_COMPAT,GL,2,docs/window_catalog.csv,MAPPED_NOT_RUNTIME_VERIFIED
GLSS016.fmx,GL/finance,FMX/compiled,ONEX_GL_COMPAT,GL,2,docs/window_catalog.csv,MAPPED_NOT_RUNTIME_VERIFIED
GLSS017.fmx,GL/finance,FMX/compiled,ONEX_GL_COMPAT,GL,2,docs/window_catalog.csv,MAPPED_NOT_RUNTIME_VERIFIED
GLSS018.fmx,GL/finance,FMX/compiled,ONEX_GL_COMPAT,GL,2,docs/window_catalog.csv,MAPPED_NOT_RUNTIME_VERIFIED
GLST001.fmx,GL/finance,FMX/compiled,ONEX_GL_COMPAT,GL,2,docs/window_catalog.csv,MAPPED_NOT_RUNTIME_VERIFIED
GLST00111.fmx,GL/finance,FMX/compiled,ONEX_GL_COMPAT,GL,2,docs/window_catalog.csv,MAPPED_NOT_RUNTIME_VERIFIED
GLST002.fmx,GL/finance,FMX/compiled,ONEX_GL_COMPAT,GL,2,docs/window_catalog.csv,MAPPED_NOT_RUNTIME_VERIFIED
GLST00211.fmx,GL/finance,FMX/compiled,ONEX_GL_COMPAT,GL,2,docs/window_catalog.csv,MAPPED_NOT_RUNTIME_VERIFIED
GLST003.fmx,GL/finance,FMX/compiled,ONEX_GL_COMPAT,GL,2,docs/window_catalog.csv,MAPPED_NOT_RUNTIME_VERIFIED
GLST004.fmx,GL/finance,FMX/compiled,ONEX_GL_COMPAT,GL,2,docs/window_catalog.csv,MAPPED_NOT_RUNTIME_VERIFIED
GLST005.fmx,GL/finance,FMX/compiled,ONEX_GL_COMPAT,GL,2,docs/window_catalog.csv,MAPPED_NOT_RUNTIME_VERIFIED
GLST006.fmx,GL/finance,FMX/compiled,ONEX_GL_COMPAT,GL,2,docs/window_catalog.csv,MAPPED_NOT_RUNTIME_VERIFIED
GLST007.fmx,GL/finance,FMX/compiled,ONEX_GL_COMPAT,GL,2,docs/window_catalog.csv,MAPPED_NOT_RUNTIME_VERIFIED
GLST008.fmx,GL/finance,FMX/compiled,ONEX_GL_COMPAT,GL,2,docs/window_catalog.csv,MAPPED_NOT_RUNTIME_VERIFIED
GLST009.fmx,GL/finance,FMX/compiled,ONEX_GL_COMPAT,GL,2,docs/window_catalog.csv,MAPPED_NOT_RUNTIME_VERIFIED
GLST010.fmx,GL/finance,FMX/compiled,ONEX_GL_COMPAT,GL,2,docs/window_catalog.csv,MAPPED_NOT_RUNTIME_VERIFIED
GLST013.fmx,GL/finance,FMX/compiled,ONEX_GL_COMPAT,GL,2,docs/window_catalog.csv,MAPPED_NOT_RUNTIME_VERIFIED
GLST014.fmx,GL/finance,FMX/compiled,ONEX_GL_COMPAT,GL,2,docs/window_catalog.csv,MAPPED_NOT_RUNTIME_VERIFIED
GLST015.fmx,GL/finance,FMX/compiled,ONEX_GL_COMPAT,GL,2,docs/window_catalog.csv,MAPPED_NOT_RUNTIME_VERIFIED
GLST016.fmx,GL/finance,FMX/compiled,ONEX_GL_COMPAT,GL,2,docs/window_catalog.csv,MAPPED_NOT_RUNTIME_VERIFIED
GLST017.fmx,GL/finance,FMX/compiled,ONEX_GL_COMPAT,GL,2,docs/window_catalog.csv,MAPPED_NOT_RUNTIME_VERIFIED
GLST01711.fmx,GL/finance,FMX/compiled,ONEX_GL_COMPAT,GL,2,docs/window_catalog.csv,MAPPED_NOT_RUNTIME_VERIFIED
GLST018.fmx,GL/finance,FMX/compiled,ONEX_GL_COMPAT,GL,2,docs/window_catalog.csv,MAPPED_NOT_RUNTIME_VERIFIED
GLST0181.fmx,GL/finance,FMX/compiled,ONEX_GL_COMPAT,GL,2,docs/window_catalog.csv,MAPPED_NOT_RUNTIME_VERIFIED
GLST01811.fmx,GL/finance,FMX/compiled,ONEX_GL_COMPAT,GL,2,docs/window_catalog.csv,MAPPED_NOT_RUNTIME_VERIFIED
GLST020.fmx,GL/finance,FMX/compiled,ONEX_GL_COMPAT,GL,2,docs/window_catalog.csv,MAPPED_NOT_RUNTIME_VERIFIED
GLST021.fmx,GL/finance,FMX/compiled,ONEX_GL_COMPAT,GL,2,docs/window_catalog.csv,MAPPED_NOT_RUNTIME_VERIFIED
GRNTR001.fmx,other,FMX/compiled,ONEX_ADMIN_COMPAT,ADMIN,0,docs/window_catalog.csv,MAPPED_NOT_RUNTIME_VERIFIED
GRNTR004.fmx,other,FMX/compiled,ONEX_ADMIN_COMPAT,ADMIN,0,docs/window_catalog.csv,MAPPED_NOT_RUNTIME_VERIFIED
GRNTR005.fmx,other,FMX/compiled,ONEX_ADMIN_COMPAT,ADMIN,0,docs/window_catalog.csv,MAPPED_NOT_RUNTIME_VERIFIED
GRNTS002.fmx,other,FMX/compiled,ONEX_ADMIN_COMPAT,ADMIN,0,docs/window_catalog.csv,MAPPED_NOT_RUNTIME_VERIFIED
GRNTT001.fmx,other,FMX/compiled,ONEX_ADMIN_COMPAT,ADMIN,0,docs/window_catalog.csv,MAPPED_NOT_RUNTIME_VERIFIED
GRNTT002.fmx,other,FMX/compiled,ONEX_ADMIN_COMPAT,ADMIN,0,docs/window_catalog.csv,MAPPED_NOT_RUNTIME_VERIFIED
GRNTT003.fmx,other,FMX/compiled,ONEX_ADMIN_COMPAT,ADMIN,0,docs/window_catalog.csv,MAPPED_NOT_RUNTIME_VERIFIED
GRNTT004.fmx,other,FMX/compiled,ONEX_ADMIN_COMPAT,ADMIN,0,docs/window_catalog.csv,MAPPED_NOT_RUNTIME_VERIFIED
GRNTT005.fmx,other,FMX/compiled,ONEX_ADMIN_COMPAT,ADMIN,0,docs/window_catalog.csv,MAPPED_NOT_RUNTIME_VERIFIED
GRNTT006.fmx,other,FMX/compiled,ONEX_ADMIN_COMPAT,ADMIN,0,docs/window_catalog.csv,MAPPED_NOT_RUNTIME_VERIFIED
HRSADMT006.fmx,HR,FMX/compiled,ONEX_HR_COMPAT,HR,4,docs/window_catalog.csv,MAPPED_NOT_RUNTIME_VERIFIED
HRSALNCR002.fmx,HR,FMX/compiled,ONEX_HR_COMPAT,HR,4,docs/window_catalog.csv,MAPPED_NOT_RUNTIME_VERIFIED
HRSALNCT001.fmx,HR,FMX/compiled,ONEX_HR_COMPAT,HR,4,docs/window_catalog.csv,MAPPED_NOT_RUNTIME_VERIFIED
HRSALNCT002.fmx,HR,FMX/compiled,ONEX_HR_COMPAT,HR,4,docs/window_catalog.csv,MAPPED_NOT_RUNTIME_VERIFIED
HRSDOCI003.fmx,HR,FMX/compiled,ONEX_HR_COMPAT,HR,4,docs/window_catalog.csv,MAPPED_NOT_RUNTIME_VERIFIED
HRSDOCR005.fmx,HR,FMX/compiled,ONEX_HR_COMPAT,HR,4,docs/window_catalog.csv,MAPPED_NOT_RUNTIME_VERIFIED
HRSDOCS001.fmx,HR,FMX/compiled,ONEX_HR_COMPAT,HR,4,docs/window_catalog.csv,MAPPED_NOT_RUNTIME_VERIFIED
HRSDOCS002.fmx,HR,FMX/compiled,ONEX_HR_COMPAT,HR,4,docs/window_catalog.csv,MAPPED_NOT_RUNTIME_VERIFIED
HRSDOCT004.fmx,HR,FMX/compiled,ONEX_HR_COMPAT,HR,4,docs/window_catalog.csv,MAPPED_NOT_RUNTIME_VERIFIED
HRSDSNR002.fmx,HR,FMX/compiled,ONEX_HR_COMPAT,HR,4,docs/window_catalog.csv,MAPPED_NOT_RUNTIME_VERIFIED
HRSDSNR005.fmx,HR,FMX/compiled,ONEX_HR_COMPAT,HR,4,docs/window_catalog.csv,MAPPED_NOT_RUNTIME_VERIFIED
HRSDSNR007.fmx,HR,FMX/compiled,ONEX_HR_COMPAT,HR,4,docs/window_catalog.csv,MAPPED_NOT_RUNTIME_VERIFIED
HRSDSNT002.fmx,HR,FMX/compiled,ONEX_HR_COMPAT,HR,4,docs/window_catalog.csv,MAPPED_NOT_RUNTIME_VERIFIED
HRSDSNT005.fmx,HR,FMX/compiled,ONEX_HR_COMPAT,HR,4,docs/window_catalog.csv,MAPPED_NOT_RUNTIME_VERIFIED
HRSDSNT007.fmx,HR,FMX/compiled,ONEX_HR_COMPAT,HR,4,docs/window_catalog.csv,MAPPED_NOT_RUNTIME_VERIFIED
HRSEVLI001.fmx,HR,FMX/compiled,ONEX_HR_COMPAT,HR,4,docs/window_catalog.csv,MAPPED_NOT_RUNTIME_VERIFIED
HRSEVLI002.fmx,HR,FMX/compiled,ONEX_HR_COMPAT,HR,4,docs/window_catalog.csv,MAPPED_NOT_RUNTIME_VERIFIED
HRSEVLR001.fmx,HR,FMX/compiled,ONEX_HR_COMPAT,HR,4,docs/window_catalog.csv,MAPPED_NOT_RUNTIME_VERIFIED
HRSEVLS001.fmx,HR,FMX/compiled,ONEX_HR_COMPAT,HR,4,docs/window_catalog.csv,MAPPED_NOT_RUNTIME_VERIFIED
HRSEVLT001.fmx,HR,FMX/compiled,ONEX_HR_COMPAT,HR,4,docs/window_catalog.csv,MAPPED_NOT_RUNTIME_VERIFIED
HRSI002.fmx,HR,FMX/compiled,ONEX_HR_COMPAT,HR,4,docs/window_catalog.csv,MAPPED_NOT_RUNTIME_VERIFIED
HRSI003.fmx,HR,FMX/compiled,ONEX_HR_COMPAT,HR,4,docs/window_catalog.csv,MAPPED_NOT_RUNTIME_VERIFIED
HRSI004.fmx,HR,FMX/compiled,ONEX_HR_COMPAT,HR,4,docs/window_catalog.csv,MAPPED_NOT_RUNTIME_VERIFIED
HRSI005.fmx,HR,FMX/compiled,ONEX_HR_COMPAT,HR,4,docs/window_catalog.csv,MAPPED_NOT_RUNTIME_VERIFIED
HRSI006.fmx,HR,FMX/compiled,ONEX_HR_COMPAT,HR,4,docs/window_catalog.csv,MAPPED_NOT_RUNTIME_VERIFIED
HRSI007.fmx,HR,FMX/compiled,ONEX_HR_COMPAT,HR,4,docs/window_catalog.csv,MAPPED_NOT_RUNTIME_VERIFIED
HRSI012.fmx,HR,FMX/compiled,ONEX_HR_COMPAT,HR,4,docs/window_catalog.csv,MAPPED_NOT_RUNTIME_VERIFIED
HRSIMPXLS_ARTCL.fmx,HR,FMX/compiled,ONEX_HR_COMPAT,HR,4,docs/window_catalog.csv,MAPPED_NOT_RUNTIME_VERIFIED
HRSIRCS001.fmx,HR,FMX/compiled,ONEX_HR_COMPAT,HR,4,docs/window_catalog.csv,MAPPED_NOT_RUNTIME_VERIFIED
HRSIRCS002.fmx,HR,FMX/compiled,ONEX_HR_COMPAT,HR,4,docs/window_catalog.csv,MAPPED_NOT_RUNTIME_VERIFIED
HRSIRCT007.fmx,HR,FMX/compiled,ONEX_HR_COMPAT,HR,4,docs/window_catalog.csv,MAPPED_NOT_RUNTIME_VERIFIED
HRSMDCI001.fmx,HR,FMX/compiled,ONEX_HR_COMPAT,HR,4,docs/window_catalog.csv,MAPPED_NOT_RUNTIME_VERIFIED
HRSMDCR001.fmx,HR,FMX/compiled,ONEX_HR_COMPAT,HR,4,docs/window_catalog.csv,MAPPED_NOT_RUNTIME_VERIFIED
HRSMDCR002.fmx,HR,FMX/compiled,ONEX_HR_COMPAT,HR,4,docs/window_catalog.csv,MAPPED_NOT_RUNTIME_VERIFIED
HRSMDCR003.fmx,HR,FMX/compiled,ONEX_HR_COMPAT,HR,4,docs/window_catalog.csv,MAPPED_NOT_RUNTIME_VERIFIED
HRSMDCR004.fmx,HR,FMX/compiled,ONEX_HR_COMPAT,HR,4,docs/window_catalog.csv,MAPPED_NOT_RUNTIME_VERIFIED
HRSMDCS001.fmx,HR,FMX/compiled,ONEX_HR_COMPAT,HR,4,docs/window_catalog.csv,MAPPED_NOT_RUNTIME_VERIFIED
HRSMDCS002.fmx,HR,FMX/compiled,ONEX_HR_COMPAT,HR,4,docs/window_catalog.csv,MAPPED_NOT_RUNTIME_VERIFIED
HRSMDCS003.fmx,HR,FMX/compiled,ONEX_HR_COMPAT,HR,4,docs/window_catalog.csv,MAPPED_NOT_RUNTIME_VERIFIED
HRSMDCT001.fmx,HR,FMX/compiled,ONEX_HR_COMPAT,HR,4,docs/window_catalog.csv,MAPPED_NOT_RUNTIME_VERIFIED
HRSPST001.fmx,HR,FMX/compiled,ONEX_HR_COMPAT,HR,4,docs/window_catalog.csv,MAPPED_NOT_RUNTIME_VERIFIED
HRSR002.fmx,HR,FMX/compiled,ONEX_HR_COMPAT,HR,4,docs/window_catalog.csv,MAPPED_NOT_RUNTIME_VERIFIED
HRSR003.fmx,HR,FMX/compiled,ONEX_HR_COMPAT,HR,4,docs/window_catalog.csv,MAPPED_NOT_RUNTIME_VERIFIED
HRSR004.fmx,HR,FMX/compiled,ONEX_HR_COMPAT,HR,4,docs/window_catalog.csv,MAPPED_NOT_RUNTIME_VERIFIED
HRSR005.fmx,HR,FMX/compiled,ONEX_HR_COMPAT,HR,4,docs/window_catalog.csv,MAPPED_NOT_RUNTIME_VERIFIED
HRSR006.fmx,HR,FMX/compiled,ONEX_HR_COMPAT,HR,4,docs/window_catalog.csv,MAPPED_NOT_RUNTIME_VERIFIED
HRSR007.fmx,HR,FMX/compiled,ONEX_HR_COMPAT,HR,4,docs/window_catalog.csv,MAPPED_NOT_RUNTIME_VERIFIED
HRSR008.fmx,HR,FMX/compiled,ONEX_HR_COMPAT,HR,4,docs/window_catalog.csv,MAPPED_NOT_RUNTIME_VERIFIED
HRSR009.fmx,HR,FMX/compiled,ONEX_HR_COMPAT,HR,4,docs/window_catalog.csv,MAPPED_NOT_RUNTIME_VERIFIED
HRSR010.fmx,HR,FMX/compiled,ONEX_HR_COMPAT,HR,4,docs/window_catalog.csv,MAPPED_NOT_RUNTIME_VERIFIED
HRSR011.fmx,HR,FMX/compiled,ONEX_HR_COMPAT,HR,4,docs/window_catalog.csv,MAPPED_NOT_RUNTIME_VERIFIED
HRSR012.fmx,HR,FMX/compiled,ONEX_HR_COMPAT,HR,4,docs/window_catalog.csv,MAPPED_NOT_RUNTIME_VERIFIED
HRSR013.fmx,HR,FMX/compiled,ONEX_HR_COMPAT,HR,4,docs/window_catalog.csv,MAPPED_NOT_RUNTIME_VERIFIED
HRSR014.fmx,HR,FMX/compiled,ONEX_HR_COMPAT,HR,4,docs/window_catalog.csv,MAPPED_NOT_RUNTIME_VERIFIED
HRSR014_NEW.fmx,HR,FMX/compiled,ONEX_HR_COMPAT,HR,4,docs/window_catalog.csv,MAPPED_NOT_RUNTIME_VERIFIED
HRSR015.fmx,HR,FMX/compiled,ONEX_HR_COMPAT,HR,4,docs/window_catalog.csv,MAPPED_NOT_RUNTIME_VERIFIED
HRSR016.fmx,HR,FMX/compiled,ONEX_HR_COMPAT,HR,4,docs/window_catalog.csv,MAPPED_NOT_RUNTIME_VERIFIED
HRSR017.fmx,HR,FMX/compiled,ONEX_HR_COMPAT,HR,4,docs/window_catalog.csv,MAPPED_NOT_RUNTIME_VERIFIED
HRSR018.fmx,HR,FMX/compiled,ONEX_HR_COMPAT,HR,4,docs/window_catalog.csv,MAPPED_NOT_RUNTIME_VERIFIED
HRSR019.fmx,HR,FMX/compiled,ONEX_HR_COMPAT,HR,4,docs/window_catalog.csv,MAPPED_NOT_RUNTIME_VERIFIED
HRSR020.fmx,HR,FMX/compiled,ONEX_HR_COMPAT,HR,4,docs/window_catalog.csv,MAPPED_NOT_RUNTIME_VERIFIED
HRSR021.fmx,HR,FMX/compiled,ONEX_HR_COMPAT,HR,4,docs/window_catalog.csv,MAPPED_NOT_RUNTIME_VERIFIED
HRSR022.fmx,HR,FMX/compiled,ONEX_HR_COMPAT,HR,4,docs/window_catalog.csv,MAPPED_NOT_RUNTIME_VERIFIED
HRSR023.fmx,HR,FMX/compiled,ONEX_HR_COMPAT,HR,4,docs/window_catalog.csv,MAPPED_NOT_RUNTIME_VERIFIED
HRSR024.fmx,HR,FMX/compiled,ONEX_HR_COMPAT,HR,4,docs/window_catalog.csv,MAPPED_NOT_RUNTIME_VERIFIED
HRSR025.fmx,HR,FMX/compiled,ONEX_HR_COMPAT,HR,4,docs/window_catalog.csv,MAPPED_NOT_RUNTIME_VERIFIED
HRSR026.fmx,HR,FMX/compiled,ONEX_HR_COMPAT,HR,4,docs/window_catalog.csv,MAPPED_NOT_RUNTIME_VERIFIED
HRSR027.fmx,HR,FMX/compiled,ONEX_HR_COMPAT,HR,4,docs/window_catalog.csv,MAPPED_NOT_RUNTIME_VERIFIED
HRSR028.fmx,HR,FMX/compiled,ONEX_HR_COMPAT,HR,4,docs/window_catalog.csv,MAPPED_NOT_RUNTIME_VERIFIED
HRSR029.fmx,HR,FMX/compiled,ONEX_HR_COMPAT,HR,4,docs/window_catalog.csv,MAPPED_NOT_RUNTIME_VERIFIED
HRSR030.fmx,HR,FMX/compiled,ONEX_HR_COMPAT,HR,4,docs/window_catalog.csv,MAPPED_NOT_RUNTIME_VERIFIED
HRSR031.fmx,HR,FMX/compiled,ONEX_HR_COMPAT,HR,4,docs/window_catalog.csv,MAPPED_NOT_RUNTIME_VERIFIED
HRSR032.fmx,HR,FMX/compiled,ONEX_HR_COMPAT,HR,4,docs/window_catalog.csv,MAPPED_NOT_RUNTIME_VERIFIED
HRSR047.fmx,HR,FMX/compiled,ONEX_HR_COMPAT,HR,4,docs/window_catalog.csv,MAPPED_NOT_RUNTIME_VERIFIED
HRSR048.fmx,HR,FMX/compiled,ONEX_HR_COMPAT,HR,4,docs/window_catalog.csv,MAPPED_NOT_RUNTIME_VERIFIED
HRSRCUI001.fmx,HR,FMX/compiled,ONEX_HR_COMPAT,HR,4,docs/window_catalog.csv,MAPPED_NOT_RUNTIME_VERIFIED
HRSRCUI002.fmx,HR,FMX/compiled,ONEX_HR_COMPAT,HR,4,docs/window_catalog.csv,MAPPED_NOT_RUNTIME_VERIFIED
HRSRCUI003.fmx,HR,FMX/compiled,ONEX_HR_COMPAT,HR,4,docs/window_catalog.csv,MAPPED_NOT_RUNTIME_VERIFIED
HRSRCUR001.fmx,HR,FMX/compiled,ONEX_HR_COMPAT,HR,4,docs/window_catalog.csv,MAPPED_NOT_RUNTIME_VERIFIED
HRSRCUR002.fmx,HR,FMX/compiled,ONEX_HR_COMPAT,HR,4,docs/window_catalog.csv,MAPPED_NOT_RUNTIME_VERIFIED
HRSRCUR004.fmx,HR,FMX/compiled,ONEX_HR_COMPAT,HR,4,docs/window_catalog.csv,MAPPED_NOT_RUNTIME_VERIFIED
HRSRCUR005.fmx,HR,FMX/compiled,ONEX_HR_COMPAT,HR,4,docs/window_catalog.csv,MAPPED_NOT_RUNTIME_VERIFIED
HRSRCUR006.fmx,HR,FMX/compiled,ONEX_HR_COMPAT,HR,4,docs/window_catalog.csv,MAPPED_NOT_RUNTIME_VERIFIED
HRSRCUR007.fmx,HR,FMX/compiled,ONEX_HR_COMPAT,HR,4,docs/window_catalog.csv,MAPPED_NOT_RUNTIME_VERIFIED
HRSRCUS002.fmx,HR,FMX/compiled,ONEX_HR_COMPAT,HR,4,docs/window_catalog.csv,MAPPED_NOT_RUNTIME_VERIFIED
HRSRCUS003.fmx,HR,FMX/compiled,ONEX_HR_COMPAT,HR,4,docs/window_catalog.csv,MAPPED_NOT_RUNTIME_VERIFIED
HRSRCUS004.fmx,HR,FMX/compiled,ONEX_HR_COMPAT,HR,4,docs/window_catalog.csv,MAPPED_NOT_RUNTIME_VERIFIED
HRSRCUT001.fmx,HR,FMX/compiled,ONEX_HR_COMPAT,HR,4,docs/window_catalog.csv,MAPPED_NOT_RUNTIME_VERIFIED
HRSRCUT002.fmx,HR,FMX/compiled,ONEX_HR_COMPAT,HR,4,docs/window_catalog.csv,MAPPED_NOT_RUNTIME_VERIFIED
HRSRCUT003.fmx,HR,FMX/compiled,ONEX_HR_COMPAT,HR,4,docs/window_catalog.csv,MAPPED_NOT_RUNTIME_VERIFIED
HRSRCUT004.fmx,HR,FMX/compiled,ONEX_HR_COMPAT,HR,4,docs/window_catalog.csv,MAPPED_NOT_RUNTIME_VERIFIED
HRSRCUT005.fmx,HR,FMX/compiled,ONEX_HR_COMPAT,HR,4,docs/window_catalog.csv,MAPPED_NOT_RUNTIME_VERIFIED
HRSRCUT006.fmx,HR,FMX/compiled,ONEX_HR_COMPAT,HR,4,docs/window_catalog.csv,MAPPED_NOT_RUNTIME_VERIFIED
HRSRCUT007.fmx,HR,FMX/compiled,ONEX_HR_COMPAT,HR,4,docs/window_catalog.csv,MAPPED_NOT_RUNTIME_VERIFIED
HRSRCUT008.fmx,HR,FMX/compiled,ONEX_HR_COMPAT,HR,4,docs/window_catalog.csv,MAPPED_NOT_RUNTIME_VERIFIED
HRSRCUT009.fmx,HR,FMX/compiled,ONEX_HR_COMPAT,HR,4,docs/window_catalog.csv,MAPPED_NOT_RUNTIME_VERIFIED
HRSRCUT010.fmx,HR,FMX/compiled,ONEX_HR_COMPAT,HR,4,docs/window_catalog.csv,MAPPED_NOT_RUNTIME_VERIFIED
HRSRCUT011.fmx,HR,FMX/compiled,ONEX_HR_COMPAT,HR,4,docs/window_catalog.csv,MAPPED_NOT_RUNTIME_VERIFIED
HRSRCUT012.fmx,HR,FMX/compiled,ONEX_HR_COMPAT,HR,4,docs/window_catalog.csv,MAPPED_NOT_RUNTIME_VERIFIED
HRSRCUT015.fmx,HR,FMX/compiled,ONEX_HR_COMPAT,HR,4,docs/window_catalog.csv,MAPPED_NOT_RUNTIME_VERIFIED
HRSS001.fmx,HR,FMX/compiled,ONEX_HR_COMPAT,HR,4,docs/window_catalog.csv,MAPPED_NOT_RUNTIME_VERIFIED
HRSS002.fmx,HR,FMX/compiled,ONEX_HR_COMPAT,HR,4,docs/window_catalog.csv,MAPPED_NOT_RUNTIME_VERIFIED
HRSS004.fmx,HR,FMX/compiled,ONEX_HR_COMPAT,HR,4,docs/window_catalog.csv,MAPPED_NOT_RUNTIME_VERIFIED
HRSS005.fmx,HR,FMX/compiled,ONEX_HR_COMPAT,HR,4,docs/window_catalog.csv,MAPPED_NOT_RUNTIME_VERIFIED
HRSS006.fmx,HR,FMX/compiled,ONEX_HR_COMPAT,HR,4,docs/window_catalog.csv,MAPPED_NOT_RUNTIME_VERIFIED
HRSS007.fmx,HR,FMX/compiled,ONEX_HR_COMPAT,HR,4,docs/window_catalog.csv,MAPPED_NOT_RUNTIME_VERIFIED
HRSS008.fmx,HR,FMX/compiled,ONEX_HR_COMPAT,HR,4,docs/window_catalog.csv,MAPPED_NOT_RUNTIME_VERIFIED
HRSS009.fmx,HR,FMX/compiled,ONEX_HR_COMPAT,HR,4,docs/window_catalog.csv,MAPPED_NOT_RUNTIME_VERIFIED
HRSS010.fmx,HR,FMX/compiled,ONEX_HR_COMPAT,HR,4,docs/window_catalog.csv,MAPPED_NOT_RUNTIME_VERIFIED
HRSS015.fmx,HR,FMX/compiled,ONEX_HR_COMPAT,HR,4,docs/window_catalog.csv,MAPPED_NOT_RUNTIME_VERIFIED
HRSS016.fmx,HR,FMX/compiled,ONEX_HR_COMPAT,HR,4,docs/window_catalog.csv,MAPPED_NOT_RUNTIME_VERIFIED
HRSS017.fmx,HR,FMX/compiled,ONEX_HR_COMPAT,HR,4,docs/window_catalog.csv,MAPPED_NOT_RUNTIME_VERIFIED
HRSS018.fmx,HR,FMX/compiled,ONEX_HR_COMPAT,HR,4,docs/window_catalog.csv,MAPPED_NOT_RUNTIME_VERIFIED
HRSS019.fmx,HR,FMX/compiled,ONEX_HR_COMPAT,HR,4,docs/window_catalog.csv,MAPPED_NOT_RUNTIME_VERIFIED
HRSS021.fmx,HR,FMX/compiled,ONEX_HR_COMPAT,HR,4,docs/window_catalog.csv,MAPPED_NOT_RUNTIME_VERIFIED
HRSS030.fmx,HR,FMX/compiled,ONEX_HR_COMPAT,HR,4,docs/window_catalog.csv,MAPPED_NOT_RUNTIME_VERIFIED
HRSS031.fmx,HR,FMX/compiled,ONEX_HR_COMPAT,HR,4,docs/window_catalog.csv,MAPPED_NOT_RUNTIME_VERIFIED
HRSS032.fmx,HR,FMX/compiled,ONEX_HR_COMPAT,HR,4,docs/window_catalog.csv,MAPPED_NOT_RUNTIME_VERIFIED
HRSSTPS001.fmx,HR,FMX/compiled,ONEX_HR_COMPAT,HR,4,docs/window_catalog.csv,MAPPED_NOT_RUNTIME_VERIFIED
HRSSTPS002.fmx,HR,FMX/compiled,ONEX_HR_COMPAT,HR,4,docs/window_catalog.csv,MAPPED_NOT_RUNTIME_VERIFIED
HRST001.fmx,HR,FMX/compiled,ONEX_HR_COMPAT,HR,4,docs/window_catalog.csv,MAPPED_NOT_RUNTIME_VERIFIED
HRST001_B.fmx,HR,FMX/compiled,ONEX_HR_COMPAT,HR,4,docs/window_catalog.csv,MAPPED_NOT_RUNTIME_VERIFIED
HRST002.fmx,HR,FMX/compiled,ONEX_HR_COMPAT,HR,4,docs/window_catalog.csv,MAPPED_NOT_RUNTIME_VERIFIED
HRST002S.fmx,HR,FMX/compiled,ONEX_HR_COMPAT,HR,4,docs/window_catalog.csv,MAPPED_NOT_RUNTIME_VERIFIED
HRST002S2.fmx,HR,FMX/compiled,ONEX_HR_COMPAT,HR,4,docs/window_catalog.csv,MAPPED_NOT_RUNTIME_VERIFIED
HRST002SS.fmx,HR,FMX/compiled,ONEX_HR_COMPAT,HR,4,docs/window_catalog.csv,MAPPED_NOT_RUNTIME_VERIFIED
HRST003.fmx,HR,FMX/compiled,ONEX_HR_COMPAT,HR,4,docs/window_catalog.csv,MAPPED_NOT_RUNTIME_VERIFIED
HRST005.fmx,HR,FMX/compiled,ONEX_HR_COMPAT,HR,4,docs/window_catalog.csv,MAPPED_NOT_RUNTIME_VERIFIED
HRST006.fmx,HR,FMX/compiled,ONEX_HR_COMPAT,HR,4,docs/window_catalog.csv,MAPPED_NOT_RUNTIME_VERIFIED
HRST007.fmx,HR,FMX/compiled,ONEX_HR_COMPAT,HR,4,docs/window_catalog.csv,MAPPED_NOT_RUNTIME_VERIFIED
HRST008.fmx,HR,FMX/compiled,ONEX_HR_COMPAT,HR,4,docs/window_catalog.csv,MAPPED_NOT_RUNTIME_VERIFIED
HRST009.fmx,HR,FMX/compiled,ONEX_HR_COMPAT,HR,4,docs/window_catalog.csv,MAPPED_NOT_RUNTIME_VERIFIED
HRST00S2.fmx,HR,FMX/compiled,ONEX_HR_COMPAT,HR,4,docs/window_catalog.csv,MAPPED_NOT_RUNTIME_VERIFIED
HRST010.fmx,HR,FMX/compiled,ONEX_HR_COMPAT,HR,4,docs/window_catalog.csv,MAPPED_NOT_RUNTIME_VERIFIED
HRST010_NEW.fmx,HR,FMX/compiled,ONEX_HR_COMPAT,HR,4,docs/window_catalog.csv,MAPPED_NOT_RUNTIME_VERIFIED
HRST011.fmx,HR,FMX/compiled,ONEX_HR_COMPAT,HR,4,docs/window_catalog.csv,MAPPED_NOT_RUNTIME_VERIFIED
HRST012.fmx,HR,FMX/compiled,ONEX_HR_COMPAT,HR,4,docs/window_catalog.csv,MAPPED_NOT_RUNTIME_VERIFIED
HRST013.fmx,HR,FMX/compiled,ONEX_HR_COMPAT,HR,4,docs/window_catalog.csv,MAPPED_NOT_RUNTIME_VERIFIED
HRST014.fmx,HR,FMX/compiled,ONEX_HR_COMPAT,HR,4,docs/window_catalog.csv,MAPPED_NOT_RUNTIME_VERIFIED
HRST015.fmx,HR,FMX/compiled,ONEX_HR_COMPAT,HR,4,docs/window_catalog.csv,MAPPED_NOT_RUNTIME_VERIFIED
HRST016.fmx,HR,FMX/compiled,ONEX_HR_COMPAT,HR,4,docs/window_catalog.csv,MAPPED_NOT_RUNTIME_VERIFIED
HRST017.fmx,HR,FMX/compiled,ONEX_HR_COMPAT,HR,4,docs/window_catalog.csv,MAPPED_NOT_RUNTIME_VERIFIED
HRST018.fmx,HR,FMX/compiled,ONEX_HR_COMPAT,HR,4,docs/window_catalog.csv,MAPPED_NOT_RUNTIME_VERIFIED
HRST019.fmx,HR,FMX/compiled,ONEX_HR_COMPAT,HR,4,docs/window_catalog.csv,MAPPED_NOT_RUNTIME_VERIFIED
HRST025.fmx,HR,FMX/compiled,ONEX_HR_COMPAT,HR,4,docs/window_catalog.csv,MAPPED_NOT_RUNTIME_VERIFIED
HRST026.fmx,HR,FMX/compiled,ONEX_HR_COMPAT,HR,4,docs/window_catalog.csv,MAPPED_NOT_RUNTIME_VERIFIED
HRST027.fmx,HR,FMX/compiled,ONEX_HR_COMPAT,HR,4,docs/window_catalog.csv,MAPPED_NOT_RUNTIME_VERIFIED
HRST028.fmx,HR,FMX/compiled,ONEX_HR_COMPAT,HR,4,docs/window_catalog.csv,MAPPED_NOT_RUNTIME_VERIFIED
HRST029.fmx,HR,FMX/compiled,ONEX_HR_COMPAT,HR,4,docs/window_catalog.csv,MAPPED_NOT_RUNTIME_VERIFIED
HRST031.fmx,HR,FMX/compiled,ONEX_HR_COMPAT,HR,4,docs/window_catalog.csv,MAPPED_NOT_RUNTIME_VERIFIED
HRST032.fmx,HR,FMX/compiled,ONEX_HR_COMPAT,HR,4,docs/window_catalog.csv,MAPPED_NOT_RUNTIME_VERIFIED
HRST034.fmx,HR,FMX/compiled,ONEX_HR_COMPAT,HR,4,docs/window_catalog.csv,MAPPED_NOT_RUNTIME_VERIFIED
HRST040.fmx,HR,FMX/compiled,ONEX_HR_COMPAT,HR,4,docs/window_catalog.csv,MAPPED_NOT_RUNTIME_VERIFIED
HRST045.fmx,HR,FMX/compiled,ONEX_HR_COMPAT,HR,4,docs/window_catalog.csv,MAPPED_NOT_RUNTIME_VERIFIED
HRST046.fmx,HR,FMX/compiled,ONEX_HR_COMPAT,HR,4,docs/window_catalog.csv,MAPPED_NOT_RUNTIME_VERIFIED
HRST046_NEW.fmx,HR,FMX/compiled,ONEX_HR_COMPAT,HR,4,docs/window_catalog.csv,MAPPED_NOT_RUNTIME_VERIFIED
HRST047.fmx,HR,FMX/compiled,ONEX_HR_COMPAT,HR,4,docs/window_catalog.csv,MAPPED_NOT_RUNTIME_VERIFIED
HRST048.fmx,HR,FMX/compiled,ONEX_HR_COMPAT,HR,4,docs/window_catalog.csv,MAPPED_NOT_RUNTIME_VERIFIED
HRST049.fmx,HR,FMX/compiled,ONEX_HR_COMPAT,HR,4,docs/window_catalog.csv,MAPPED_NOT_RUNTIME_VERIFIED
HRST050.fmx,HR,FMX/compiled,ONEX_HR_COMPAT,HR,4,docs/window_catalog.csv,MAPPED_NOT_RUNTIME_VERIFIED
HRST051.fmx,HR,FMX/compiled,ONEX_HR_COMPAT,HR,4,docs/window_catalog.csv,MAPPED_NOT_RUNTIME_VERIFIED
HRST052.fmx,HR,FMX/compiled,ONEX_HR_COMPAT,HR,4,docs/window_catalog.csv,MAPPED_NOT_RUNTIME_VERIFIED
HRST053.fmx,HR,FMX/compiled,ONEX_HR_COMPAT,HR,4,docs/window_catalog.csv,MAPPED_NOT_RUNTIME_VERIFIED
HRST054.fmx,HR,FMX/compiled,ONEX_HR_COMPAT,HR,4,docs/window_catalog.csv,MAPPED_NOT_RUNTIME_VERIFIED
HRST055.fmx,HR,FMX/compiled,ONEX_HR_COMPAT,HR,4,docs/window_catalog.csv,MAPPED_NOT_RUNTIME_VERIFIED
HRST060.fmx,HR,FMX/compiled,ONEX_HR_COMPAT,HR,4,docs/window_catalog.csv,MAPPED_NOT_RUNTIME_VERIFIED
HRSTDD012.fmx,HR,FMX/compiled,ONEX_HR_COMPAT,HR,4,docs/window_catalog.csv,MAPPED_NOT_RUNTIME_VERIFIED
HRSTRNI003.fmx,HR,FMX/compiled,ONEX_HR_COMPAT,HR,4,docs/window_catalog.csv,MAPPED_NOT_RUNTIME_VERIFIED
HRSTRNI005.fmx,HR,FMX/compiled,ONEX_HR_COMPAT,HR,4,docs/window_catalog.csv,MAPPED_NOT_RUNTIME_VERIFIED
HRSTRNI007.fmx,HR,FMX/compiled,ONEX_HR_COMPAT,HR,4,docs/window_catalog.csv,MAPPED_NOT_RUNTIME_VERIFIED
HRSTRNI009.fmx,HR,FMX/compiled,ONEX_HR_COMPAT,HR,4,docs/window_catalog.csv,MAPPED_NOT_RUNTIME_VERIFIED
HRSTRNI011.fmx,HR,FMX/compiled,ONEX_HR_COMPAT,HR,4,docs/window_catalog.csv,MAPPED_NOT_RUNTIME_VERIFIED
HRSTRNR005.fmx,HR,FMX/compiled,ONEX_HR_COMPAT,HR,4,docs/window_catalog.csv,MAPPED_NOT_RUNTIME_VERIFIED
HRSTRNR010.fmx,HR,FMX/compiled,ONEX_HR_COMPAT,HR,4,docs/window_catalog.csv,MAPPED_NOT_RUNTIME_VERIFIED
HRSTRNT003.fmx,HR,FMX/compiled,ONEX_HR_COMPAT,HR,4,docs/window_catalog.csv,MAPPED_NOT_RUNTIME_VERIFIED
HRSTRNT005.fmx,HR,FMX/compiled,ONEX_HR_COMPAT,HR,4,docs/window_catalog.csv,MAPPED_NOT_RUNTIME_VERIFIED
HRSTRNT006.fmx,HR,FMX/compiled,ONEX_HR_COMPAT,HR,4,docs/window_catalog.csv,MAPPED_NOT_RUNTIME_VERIFIED
HRSTRNT008.fmx,HR,FMX/compiled,ONEX_HR_COMPAT,HR,4,docs/window_catalog.csv,MAPPED_NOT_RUNTIME_VERIFIED
HRSTRNT010.fmx,HR,FMX/compiled,ONEX_HR_COMPAT,HR,4,docs/window_catalog.csv,MAPPED_NOT_RUNTIME_VERIFIED
HRSTRVLR001.fmx,HR,FMX/compiled,ONEX_HR_COMPAT,HR,4,docs/window_catalog.csv,MAPPED_NOT_RUNTIME_VERIFIED
HRSTRVLR002.fmx,HR,FMX/compiled,ONEX_HR_COMPAT,HR,4,docs/window_catalog.csv,MAPPED_NOT_RUNTIME_VERIFIED
HRSTRVLS001.fmx,HR,FMX/compiled,ONEX_HR_COMPAT,HR,4,docs/window_catalog.csv,MAPPED_NOT_RUNTIME_VERIFIED
HRSTRVLS002.fmx,HR,FMX/compiled,ONEX_HR_COMPAT,HR,4,docs/window_catalog.csv,MAPPED_NOT_RUNTIME_VERIFIED
HRSTRVLS003.fmx,HR,FMX/compiled,ONEX_HR_COMPAT,HR,4,docs/window_catalog.csv,MAPPED_NOT_RUNTIME_VERIFIED
HRSTRVLT001.fmx,HR,FMX/compiled,ONEX_HR_COMPAT,HR,4,docs/window_catalog.csv,MAPPED_NOT_RUNTIME_VERIFIED
HRSTRVLT002.fmx,HR,FMX/compiled,ONEX_HR_COMPAT,HR,4,docs/window_catalog.csv,MAPPED_NOT_RUNTIME_VERIFIED
HRSTRVLT002_OLD.fmx,HR,FMX/compiled,ONEX_HR_COMPAT,HR,4,docs/window_catalog.csv,MAPPED_NOT_RUNTIME_VERIFIED
HRSTS002.fmx,HR,FMX/compiled,ONEX_HR_COMPAT,HR,4,docs/window_catalog.csv,MAPPED_NOT_RUNTIME_VERIFIED
HRSTS008.fmx,HR,FMX/compiled,ONEX_HR_COMPAT,HR,4,docs/window_catalog.csv,MAPPED_NOT_RUNTIME_VERIFIED
HRST_010.fmx,HR,FMX/compiled,ONEX_HR_COMPAT,HR,4,docs/window_catalog.csv,MAPPED_NOT_RUNTIME_VERIFIED
HRSVLNR001.fmx,HR,FMX/compiled,ONEX_HR_COMPAT,HR,4,docs/window_catalog.csv,MAPPED_NOT_RUNTIME_VERIFIED
HRSVLNR002.fmx,HR,FMX/compiled,ONEX_HR_COMPAT,HR,4,docs/window_catalog.csv,MAPPED_NOT_RUNTIME_VERIFIED
HRSVLNS001.fmx,HR,FMX/compiled,ONEX_HR_COMPAT,HR,4,docs/window_catalog.csv,MAPPED_NOT_RUNTIME_VERIFIED
HRSVLNS002.fmx,HR,FMX/compiled,ONEX_HR_COMPAT,HR,4,docs/window_catalog.csv,MAPPED_NOT_RUNTIME_VERIFIED
HRSVLNS003.fmx,HR,FMX/compiled,ONEX_HR_COMPAT,HR,4,docs/window_catalog.csv,MAPPED_NOT_RUNTIME_VERIFIED
HRSVLNT001.fmx,HR,FMX/compiled,ONEX_HR_COMPAT,HR,4,docs/window_catalog.csv,MAPPED_NOT_RUNTIME_VERIFIED
HRSVLNT002.fmx,HR,FMX/compiled,ONEX_HR_COMPAT,HR,4,docs/window_catalog.csv,MAPPED_NOT_RUNTIME_VERIFIED
HRSVSAR001.fmx,HR,FMX/compiled,ONEX_HR_COMPAT,HR,4,docs/window_catalog.csv,MAPPED_NOT_RUNTIME_VERIFIED
HRSVSAR002.fmx,HR,FMX/compiled,ONEX_HR_COMPAT,HR,4,docs/window_catalog.csv,MAPPED_NOT_RUNTIME_VERIFIED
HRSVSAS001.fmx,HR,FMX/compiled,ONEX_HR_COMPAT,HR,4,docs/window_catalog.csv,MAPPED_NOT_RUNTIME_VERIFIED
HRSVSAS002.fmx,HR,FMX/compiled,ONEX_HR_COMPAT,HR,4,docs/window_catalog.csv,MAPPED_NOT_RUNTIME_VERIFIED
HRSVSAT001.fmx,HR,FMX/compiled,ONEX_HR_COMPAT,HR,4,docs/window_catalog.csv,MAPPED_NOT_RUNTIME_VERIFIED
HRSVSAT002.fmx,HR,FMX/compiled,ONEX_HR_COMPAT,HR,4,docs/window_catalog.csv,MAPPED_NOT_RUNTIME_VERIFIED
HRSVSAT003.fmx,HR,FMX/compiled,ONEX_HR_COMPAT,HR,4,docs/window_catalog.csv,MAPPED_NOT_RUNTIME_VERIFIED
HRS_IMPXLS_LOAN.fmx,HR,FMX/compiled,ONEX_HR_COMPAT,HR,4,docs/window_catalog.csv,MAPPED_NOT_RUNTIME_VERIFIED
HRS_RPRT_EMP.fmx,HR,FMX/compiled,ONEX_HR_COMPAT,HR,4,docs/window_catalog.csv,MAPPED_NOT_RUNTIME_VERIFIED
IASAPT004.fmx,other,FMX/compiled,ONEX_ADMIN_COMPAT,ADMIN,0,docs/window_catalog.csv,MAPPED_NOT_RUNTIME_VERIFIED
IBSI001.fmx,other-finance/operations,FMX/compiled,ONEX_GL_COMPAT,GL,2,docs/window_catalog.csv,MAPPED_NOT_RUNTIME_VERIFIED
IBSI002.fmx,other-finance/operations,FMX/compiled,ONEX_GL_COMPAT,GL,2,docs/window_catalog.csv,MAPPED_NOT_RUNTIME_VERIFIED
IBSI003.fmx,other-finance/operations,FMX/compiled,ONEX_GL_COMPAT,GL,2,docs/window_catalog.csv,MAPPED_NOT_RUNTIME_VERIFIED
IBSR001.fmx,other-finance/operations,FMX/compiled,ONEX_GL_COMPAT,GL,2,docs/window_catalog.csv,MAPPED_NOT_RUNTIME_VERIFIED
IBSR002.fmx,other-finance/operations,FMX/compiled,ONEX_GL_COMPAT,GL,2,docs/window_catalog.csv,MAPPED_NOT_RUNTIME_VERIFIED
IBSR003.fmx,other-finance/operations,FMX/compiled,ONEX_GL_COMPAT,GL,2,docs/window_catalog.csv,MAPPED_NOT_RUNTIME_VERIFIED
IBSR004.fmx,other-finance/operations,FMX/compiled,ONEX_GL_COMPAT,GL,2,docs/window_catalog.csv,MAPPED_NOT_RUNTIME_VERIFIED
IBSR005.fmx,other-finance/operations,FMX/compiled,ONEX_GL_COMPAT,GL,2,docs/window_catalog.csv,MAPPED_NOT_RUNTIME_VERIFIED
IBSR006.fmx,other-finance/operations,FMX/compiled,ONEX_GL_COMPAT,GL,2,docs/window_catalog.csv,MAPPED_NOT_RUNTIME_VERIFIED
IBSR007.fmx,other-finance/operations,FMX/compiled,ONEX_GL_COMPAT,GL,2,docs/window_catalog.csv,MAPPED_NOT_RUNTIME_VERIFIED
IBSR008.fmx,other-finance/operations,FMX/compiled,ONEX_GL_COMPAT,GL,2,docs/window_catalog.csv,MAPPED_NOT_RUNTIME_VERIFIED
IBSR009.fmx,other-finance/operations,FMX/compiled,ONEX_GL_COMPAT,GL,2,docs/window_catalog.csv,MAPPED_NOT_RUNTIME_VERIFIED
IBSS001.fmx,other-finance/operations,FMX/compiled,ONEX_GL_COMPAT,GL,2,docs/window_catalog.csv,MAPPED_NOT_RUNTIME_VERIFIED
IBST001.fmx,other-finance/operations,FMX/compiled,ONEX_GL_COMPAT,GL,2,docs/window_catalog.csv,MAPPED_NOT_RUNTIME_VERIFIED
IBS_INSTAL.fmx,other-finance/operations,FMX/compiled,ONEX_GL_COMPAT,GL,2,docs/window_catalog.csv,MAPPED_NOT_RUNTIME_VERIFIED
IMPOUT001.fmx,other,FMX/compiled,ONEX_ADMIN_COMPAT,ADMIN,0,docs/window_catalog.csv,MAPPED_NOT_RUNTIME_VERIFIED
INVI001.fmx,inventory/stock,FMX/compiled,ONEX_INVENTORY_COMPAT,INVENTORY,3,docs/window_catalog.csv,MAPPED_NOT_RUNTIME_VERIFIED
INVI002.fmx,inventory/stock,FMX/compiled,ONEX_INVENTORY_COMPAT,INVENTORY,3,docs/window_catalog.csv,MAPPED_NOT_RUNTIME_VERIFIED
INVI003.fmx,inventory/stock,FMX/compiled,ONEX_INVENTORY_COMPAT,INVENTORY,3,docs/window_catalog.csv,MAPPED_NOT_RUNTIME_VERIFIED
INVI004.fmx,inventory/stock,FMX/compiled,ONEX_INVENTORY_COMPAT,INVENTORY,3,docs/window_catalog.csv,MAPPED_NOT_RUNTIME_VERIFIED
INVI005.fmx,inventory/stock,FMX/compiled,ONEX_INVENTORY_COMPAT,INVENTORY,3,docs/window_catalog.csv,MAPPED_NOT_RUNTIME_VERIFIED
INVI006.fmx,inventory/stock,FMX/compiled,ONEX_INVENTORY_COMPAT,INVENTORY,3,docs/window_catalog.csv,MAPPED_NOT_RUNTIME_VERIFIED
INVI007.fmx,inventory/stock,FMX/compiled,ONEX_INVENTORY_COMPAT,INVENTORY,3,docs/window_catalog.csv,MAPPED_NOT_RUNTIME_VERIFIED
INVI008.fmx,inventory/stock,FMX/compiled,ONEX_INVENTORY_COMPAT,INVENTORY,3,docs/window_catalog.csv,MAPPED_NOT_RUNTIME_VERIFIED
INVI009.fmx,inventory/stock,FMX/compiled,ONEX_INVENTORY_COMPAT,INVENTORY,3,docs/window_catalog.csv,MAPPED_NOT_RUNTIME_VERIFIED
INVI010.fmx,inventory/stock,FMX/compiled,ONEX_INVENTORY_COMPAT,INVENTORY,3,docs/window_catalog.csv,MAPPED_NOT_RUNTIME_VERIFIED
INVI011.fmx,inventory/stock,FMX/compiled,ONEX_INVENTORY_COMPAT,INVENTORY,3,docs/window_catalog.csv,MAPPED_NOT_RUNTIME_VERIFIED
INVI012.fmx,inventory/stock,FMX/compiled,ONEX_INVENTORY_COMPAT,INVENTORY,3,docs/window_catalog.csv,MAPPED_NOT_RUNTIME_VERIFIED
INVI013.fmx,inventory/stock,FMX/compiled,ONEX_INVENTORY_COMPAT,INVENTORY,3,docs/window_catalog.csv,MAPPED_NOT_RUNTIME_VERIFIED
INVI014.fmx,inventory/stock,FMX/compiled,ONEX_INVENTORY_COMPAT,INVENTORY,3,docs/window_catalog.csv,MAPPED_NOT_RUNTIME_VERIFIED
INVI015.fmx,inventory/stock,FMX/compiled,ONEX_INVENTORY_COMPAT,INVENTORY,3,docs/window_catalog.csv,MAPPED_NOT_RUNTIME_VERIFIED
INVI016.fmx,inventory/stock,FMX/compiled,ONEX_INVENTORY_COMPAT,INVENTORY,3,docs/window_catalog.csv,MAPPED_NOT_RUNTIME_VERIFIED
INVI018.fmx,inventory/stock,FMX/compiled,ONEX_INVENTORY_COMPAT,INVENTORY,3,docs/window_catalog.csv,MAPPED_NOT_RUNTIME_VERIFIED
INVI019.fmx,inventory/stock,FMX/compiled,ONEX_INVENTORY_COMPAT,INVENTORY,3,docs/window_catalog.csv,MAPPED_NOT_RUNTIME_VERIFIED
INVI020.fmx,inventory/stock,FMX/compiled,ONEX_INVENTORY_COMPAT,INVENTORY,3,docs/window_catalog.csv,MAPPED_NOT_RUNTIME_VERIFIED
INVI021.fmx,inventory/stock,FMX/compiled,ONEX_INVENTORY_COMPAT,INVENTORY,3,docs/window_catalog.csv,MAPPED_NOT_RUNTIME_VERIFIED
INVI022.fmx,inventory/stock,FMX/compiled,ONEX_INVENTORY_COMPAT,INVENTORY,3,docs/window_catalog.csv,MAPPED_NOT_RUNTIME_VERIFIED
INVI023.fmx,inventory/stock,FMX/compiled,ONEX_INVENTORY_COMPAT,INVENTORY,3,docs/window_catalog.csv,MAPPED_NOT_RUNTIME_VERIFIED
INVR001.fmx,inventory/stock,FMX/compiled,ONEX_INVENTORY_COMPAT,INVENTORY,3,docs/window_catalog.csv,MAPPED_NOT_RUNTIME_VERIFIED
INVR002.fmx,inventory/stock,FMX/compiled,ONEX_INVENTORY_COMPAT,INVENTORY,3,docs/window_catalog.csv,MAPPED_NOT_RUNTIME_VERIFIED
INVR003.fmx,inventory/stock,FMX/compiled,ONEX_INVENTORY_COMPAT,INVENTORY,3,docs/window_catalog.csv,MAPPED_NOT_RUNTIME_VERIFIED
INVR004.fmx,inventory/stock,FMX/compiled,ONEX_INVENTORY_COMPAT,INVENTORY,3,docs/window_catalog.csv,MAPPED_NOT_RUNTIME_VERIFIED
INVR005.fmx,inventory/stock,FMX/compiled,ONEX_INVENTORY_COMPAT,INVENTORY,3,docs/window_catalog.csv,MAPPED_NOT_RUNTIME_VERIFIED
INVR006.fmx,inventory/stock,FMX/compiled,ONEX_INVENTORY_COMPAT,INVENTORY,3,docs/window_catalog.csv,MAPPED_NOT_RUNTIME_VERIFIED
INVR007.fmx,inventory/stock,FMX/compiled,ONEX_INVENTORY_COMPAT,INVENTORY,3,docs/window_catalog.csv,MAPPED_NOT_RUNTIME_VERIFIED
INVR008.fmx,inventory/stock,FMX/compiled,ONEX_INVENTORY_COMPAT,INVENTORY,3,docs/window_catalog.csv,MAPPED_NOT_RUNTIME_VERIFIED
INVR009.fmx,inventory/stock,FMX/compiled,ONEX_INVENTORY_COMPAT,INVENTORY,3,docs/window_catalog.csv,MAPPED_NOT_RUNTIME_VERIFIED
INVR010.fmx,inventory/stock,FMX/compiled,ONEX_INVENTORY_COMPAT,INVENTORY,3,docs/window_catalog.csv,MAPPED_NOT_RUNTIME_VERIFIED
INVR011.fmx,inventory/stock,FMX/compiled,ONEX_INVENTORY_COMPAT,INVENTORY,3,docs/window_catalog.csv,MAPPED_NOT_RUNTIME_VERIFIED
INVR012.fmx,inventory/stock,FMX/compiled,ONEX_INVENTORY_COMPAT,INVENTORY,3,docs/window_catalog.csv,MAPPED_NOT_RUNTIME_VERIFIED
INVR013.fmx,inventory/stock,FMX/compiled,ONEX_INVENTORY_COMPAT,INVENTORY,3,docs/window_catalog.csv,MAPPED_NOT_RUNTIME_VERIFIED
INVR014.fmx,inventory/stock,FMX/compiled,ONEX_INVENTORY_COMPAT,INVENTORY,3,docs/window_catalog.csv,MAPPED_NOT_RUNTIME_VERIFIED
INVR015.fmx,inventory/stock,FMX/compiled,ONEX_INVENTORY_COMPAT,INVENTORY,3,docs/window_catalog.csv,MAPPED_NOT_RUNTIME_VERIFIED
INVR016.fmx,inventory/stock,FMX/compiled,ONEX_INVENTORY_COMPAT,INVENTORY,3,docs/window_catalog.csv,MAPPED_NOT_RUNTIME_VERIFIED
INVR017.fmx,inventory/stock,FMX/compiled,ONEX_INVENTORY_COMPAT,INVENTORY,3,docs/window_catalog.csv,MAPPED_NOT_RUNTIME_VERIFIED
INVR018.fmx,inventory/stock,FMX/compiled,ONEX_INVENTORY_COMPAT,INVENTORY,3,docs/window_catalog.csv,MAPPED_NOT_RUNTIME_VERIFIED
INVR019.fmx,inventory/stock,FMX/compiled,ONEX_INVENTORY_COMPAT,INVENTORY,3,docs/window_catalog.csv,MAPPED_NOT_RUNTIME_VERIFIED
INVR020.fmx,inventory/stock,FMX/compiled,ONEX_INVENTORY_COMPAT,INVENTORY,3,docs/window_catalog.csv,MAPPED_NOT_RUNTIME_VERIFIED
INVR021.fmx,inventory/stock,FMX/compiled,ONEX_INVENTORY_COMPAT,INVENTORY,3,docs/window_catalog.csv,MAPPED_NOT_RUNTIME_VERIFIED
INVR023.fmx,inventory/stock,FMX/compiled,ONEX_INVENTORY_COMPAT,INVENTORY,3,docs/window_catalog.csv,MAPPED_NOT_RUNTIME_VERIFIED
INVR024.fmx,inventory/stock,FMX/compiled,ONEX_INVENTORY_COMPAT,INVENTORY,3,docs/window_catalog.csv,MAPPED_NOT_RUNTIME_VERIFIED
INVR025.fmx,inventory/stock,FMX/compiled,ONEX_INVENTORY_COMPAT,INVENTORY,3,docs/window_catalog.csv,MAPPED_NOT_RUNTIME_VERIFIED
INVR026.fmx,inventory/stock,FMX/compiled,ONEX_INVENTORY_COMPAT,INVENTORY,3,docs/window_catalog.csv,MAPPED_NOT_RUNTIME_VERIFIED
INVR027.fmx,inventory/stock,FMX/compiled,ONEX_INVENTORY_COMPAT,INVENTORY,3,docs/window_catalog.csv,MAPPED_NOT_RUNTIME_VERIFIED
INVR028.fmx,inventory/stock,FMX/compiled,ONEX_INVENTORY_COMPAT,INVENTORY,3,docs/window_catalog.csv,MAPPED_NOT_RUNTIME_VERIFIED
INVR029.fmx,inventory/stock,FMX/compiled,ONEX_INVENTORY_COMPAT,INVENTORY,3,docs/window_catalog.csv,MAPPED_NOT_RUNTIME_VERIFIED
INVR030.fmx,inventory/stock,FMX/compiled,ONEX_INVENTORY_COMPAT,INVENTORY,3,docs/window_catalog.csv,MAPPED_NOT_RUNTIME_VERIFIED
INVR031.fmx,inventory/stock,FMX/compiled,ONEX_INVENTORY_COMPAT,INVENTORY,3,docs/window_catalog.csv,MAPPED_NOT_RUNTIME_VERIFIED
INVR032.fmx,inventory/stock,FMX/compiled,ONEX_INVENTORY_COMPAT,INVENTORY,3,docs/window_catalog.csv,MAPPED_NOT_RUNTIME_VERIFIED
INVR033.fmx,inventory/stock,FMX/compiled,ONEX_INVENTORY_COMPAT,INVENTORY,3,docs/window_catalog.csv,MAPPED_NOT_RUNTIME_VERIFIED
INVS001.fmx,inventory/stock,FMX/compiled,ONEX_INVENTORY_COMPAT,INVENTORY,3,docs/window_catalog.csv,MAPPED_NOT_RUNTIME_VERIFIED
INVS002.fmx,inventory/stock,FMX/compiled,ONEX_INVENTORY_COMPAT,INVENTORY,3,docs/window_catalog.csv,MAPPED_NOT_RUNTIME_VERIFIED
INVS003.fmx,inventory/stock,FMX/compiled,ONEX_INVENTORY_COMPAT,INVENTORY,3,docs/window_catalog.csv,MAPPED_NOT_RUNTIME_VERIFIED
INVS004.fmx,inventory/stock,FMX/compiled,ONEX_INVENTORY_COMPAT,INVENTORY,3,docs/window_catalog.csv,MAPPED_NOT_RUNTIME_VERIFIED
INVS005.fmx,inventory/stock,FMX/compiled,ONEX_INVENTORY_COMPAT,INVENTORY,3,docs/window_catalog.csv,MAPPED_NOT_RUNTIME_VERIFIED
INVS006.fmx,inventory/stock,FMX/compiled,ONEX_INVENTORY_COMPAT,INVENTORY,3,docs/window_catalog.csv,MAPPED_NOT_RUNTIME_VERIFIED
INVS007.fmx,inventory/stock,FMX/compiled,ONEX_INVENTORY_COMPAT,INVENTORY,3,docs/window_catalog.csv,MAPPED_NOT_RUNTIME_VERIFIED
INVS008.fmx,inventory/stock,FMX/compiled,ONEX_INVENTORY_COMPAT,INVENTORY,3,docs/window_catalog.csv,MAPPED_NOT_RUNTIME_VERIFIED
INVS009.fmx,inventory/stock,FMX/compiled,ONEX_INVENTORY_COMPAT,INVENTORY,3,docs/window_catalog.csv,MAPPED_NOT_RUNTIME_VERIFIED
INVS010.fmx,inventory/stock,FMX/compiled,ONEX_INVENTORY_COMPAT,INVENTORY,3,docs/window_catalog.csv,MAPPED_NOT_RUNTIME_VERIFIED
INVS011.fmx,inventory/stock,FMX/compiled,ONEX_INVENTORY_COMPAT,INVENTORY,3,docs/window_catalog.csv,MAPPED_NOT_RUNTIME_VERIFIED
INVS012.fmx,inventory/stock,FMX/compiled,ONEX_INVENTORY_COMPAT,INVENTORY,3,docs/window_catalog.csv,MAPPED_NOT_RUNTIME_VERIFIED
INVS013.fmx,inventory/stock,FMX/compiled,ONEX_INVENTORY_COMPAT,INVENTORY,3,docs/window_catalog.csv,MAPPED_NOT_RUNTIME_VERIFIED
INVS014.fmx,inventory/stock,FMX/compiled,ONEX_INVENTORY_COMPAT,INVENTORY,3,docs/window_catalog.csv,MAPPED_NOT_RUNTIME_VERIFIED
INVS015.fmx,inventory/stock,FMX/compiled,ONEX_INVENTORY_COMPAT,INVENTORY,3,docs/window_catalog.csv,MAPPED_NOT_RUNTIME_VERIFIED
INVS016.fmx,inventory/stock,FMX/compiled,ONEX_INVENTORY_COMPAT,INVENTORY,3,docs/window_catalog.csv,MAPPED_NOT_RUNTIME_VERIFIED
INVS017.fmx,inventory/stock,FMX/compiled,ONEX_INVENTORY_COMPAT,INVENTORY,3,docs/window_catalog.csv,MAPPED_NOT_RUNTIME_VERIFIED
INVS018.fmx,inventory/stock,FMX/compiled,ONEX_INVENTORY_COMPAT,INVENTORY,3,docs/window_catalog.csv,MAPPED_NOT_RUNTIME_VERIFIED
INVS020.fmx,inventory/stock,FMX/compiled,ONEX_INVENTORY_COMPAT,INVENTORY,3,docs/window_catalog.csv,MAPPED_NOT_RUNTIME_VERIFIED
INVS021.fmx,inventory/stock,FMX/compiled,ONEX_INVENTORY_COMPAT,INVENTORY,3,docs/window_catalog.csv,MAPPED_NOT_RUNTIME_VERIFIED
INVT001.fmx,inventory/stock,FMX/compiled,ONEX_INVENTORY_COMPAT,INVENTORY,3,docs/window_catalog.csv,MAPPED_NOT_RUNTIME_VERIFIED
INVT002.fmx,inventory/stock,FMX/compiled,ONEX_INVENTORY_COMPAT,INVENTORY,3,docs/window_catalog.csv,MAPPED_NOT_RUNTIME_VERIFIED
INVT003.fmx,inventory/stock,FMX/compiled,ONEX_INVENTORY_COMPAT,INVENTORY,3,docs/window_catalog.csv,MAPPED_NOT_RUNTIME_VERIFIED
INVT004.fmx,inventory/stock,FMX/compiled,ONEX_INVENTORY_COMPAT,INVENTORY,3,docs/window_catalog.csv,MAPPED_NOT_RUNTIME_VERIFIED
INVT005.fmx,inventory/stock,FMX/compiled,ONEX_INVENTORY_COMPAT,INVENTORY,3,docs/window_catalog.csv,MAPPED_NOT_RUNTIME_VERIFIED
INVT006.fmx,inventory/stock,FMX/compiled,ONEX_INVENTORY_COMPAT,INVENTORY,3,docs/window_catalog.csv,MAPPED_NOT_RUNTIME_VERIFIED
INVT007.fmx,inventory/stock,FMX/compiled,ONEX_INVENTORY_COMPAT,INVENTORY,3,docs/window_catalog.csv,MAPPED_NOT_RUNTIME_VERIFIED
INVT008.fmx,inventory/stock,FMX/compiled,ONEX_INVENTORY_COMPAT,INVENTORY,3,docs/window_catalog.csv,MAPPED_NOT_RUNTIME_VERIFIED
INVT009.fmx,inventory/stock,FMX/compiled,ONEX_INVENTORY_COMPAT,INVENTORY,3,docs/window_catalog.csv,MAPPED_NOT_RUNTIME_VERIFIED
INVT010.fmx,inventory/stock,FMX/compiled,ONEX_INVENTORY_COMPAT,INVENTORY,3,docs/window_catalog.csv,MAPPED_NOT_RUNTIME_VERIFIED
INVT011.fmx,inventory/stock,FMX/compiled,ONEX_INVENTORY_COMPAT,INVENTORY,3,docs/window_catalog.csv,MAPPED_NOT_RUNTIME_VERIFIED
INVT012.fmx,inventory/stock,FMX/compiled,ONEX_INVENTORY_COMPAT,INVENTORY,3,docs/window_catalog.csv,MAPPED_NOT_RUNTIME_VERIFIED
INVT013.fmx,inventory/stock,FMX/compiled,ONEX_INVENTORY_COMPAT,INVENTORY,3,docs/window_catalog.csv,MAPPED_NOT_RUNTIME_VERIFIED
INVT014.fmx,inventory/stock,FMX/compiled,ONEX_INVENTORY_COMPAT,INVENTORY,3,docs/window_catalog.csv,MAPPED_NOT_RUNTIME_VERIFIED
INVT015.fmx,inventory/stock,FMX/compiled,ONEX_INVENTORY_COMPAT,INVENTORY,3,docs/window_catalog.csv,MAPPED_NOT_RUNTIME_VERIFIED
INVT016.fmx,inventory/stock,FMX/compiled,ONEX_INVENTORY_COMPAT,INVENTORY,3,docs/window_catalog.csv,MAPPED_NOT_RUNTIME_VERIFIED
INVT017.fmx,inventory/stock,FMX/compiled,ONEX_INVENTORY_COMPAT,INVENTORY,3,docs/window_catalog.csv,MAPPED_NOT_RUNTIME_VERIFIED
INVT018.fmx,inventory/stock,FMX/compiled,ONEX_INVENTORY_COMPAT,INVENTORY,3,docs/window_catalog.csv,MAPPED_NOT_RUNTIME_VERIFIED
INVT019.fmx,inventory/stock,FMX/compiled,ONEX_INVENTORY_COMPAT,INVENTORY,3,docs/window_catalog.csv,MAPPED_NOT_RUNTIME_VERIFIED
INVT020.fmx,inventory/stock,FMX/compiled,ONEX_INVENTORY_COMPAT,INVENTORY,3,docs/window_catalog.csv,MAPPED_NOT_RUNTIME_VERIFIED
INVT022.fmx,inventory/stock,FMX/compiled,ONEX_INVENTORY_COMPAT,INVENTORY,3,docs/window_catalog.csv,MAPPED_NOT_RUNTIME_VERIFIED
INVT023.fmx,inventory/stock,FMX/compiled,ONEX_INVENTORY_COMPAT,INVENTORY,3,docs/window_catalog.csv,MAPPED_NOT_RUNTIME_VERIFIED
INV_IMPXLS_AVLQTY.fmx,inventory/stock,FMX/compiled,ONEX_INVENTORY_COMPAT,INVENTORY,3,docs/window_catalog.csv,MAPPED_NOT_RUNTIME_VERIFIED
INV_IMPXLS_BARCODE.fmx,inventory/stock,FMX/compiled,ONEX_INVENTORY_COMPAT,INVENTORY,3,docs/window_catalog.csv,MAPPED_NOT_RUNTIME_VERIFIED
INV_IMPXLS_BATCH.fmx,inventory/stock,FMX/compiled,ONEX_INVENTORY_COMPAT,INVENTORY,3,docs/window_catalog.csv,MAPPED_NOT_RUNTIME_VERIFIED
INV_IMPXLS_ITEM.fmx,inventory/stock,FMX/compiled,ONEX_INVENTORY_COMPAT,INVENTORY,3,docs/window_catalog.csv,MAPPED_NOT_RUNTIME_VERIFIED
INV_IMPXLS_PRICE.fmx,inventory/stock,FMX/compiled,ONEX_INVENTORY_COMPAT,INVENTORY,3,docs/window_catalog.csv,MAPPED_NOT_RUNTIME_VERIFIED
INV_ITM_TRNS.fmx,inventory/stock,FMX/compiled,ONEX_INVENTORY_COMPAT,INVENTORY,3,docs/window_catalog.csv,MAPPED_NOT_RUNTIME_VERIFIED
INV_Reevaluation.fmx,inventory/stock,FMX/compiled,ONEX_INVENTORY_COMPAT,INVENTORY,3,docs/window_catalog.csv,MAPPED_NOT_RUNTIME_VERIFIED
JRSI001.fmx,other,FMX/compiled,ONEX_ADMIN_COMPAT,ADMIN,0,docs/window_catalog.csv,MAPPED_NOT_RUNTIME_VERIFIED
JRSI002.fmx,other,FMX/compiled,ONEX_ADMIN_COMPAT,ADMIN,0,docs/window_catalog.csv,MAPPED_NOT_RUNTIME_VERIFIED
JRSR001.fmx,other,FMX/compiled,ONEX_ADMIN_COMPAT,ADMIN,0,docs/window_catalog.csv,MAPPED_NOT_RUNTIME_VERIFIED
JRSS001.fmx,other,FMX/compiled,ONEX_ADMIN_COMPAT,ADMIN,0,docs/window_catalog.csv,MAPPED_NOT_RUNTIME_VERIFIED
JRSS002.fmx,other,FMX/compiled,ONEX_ADMIN_COMPAT,ADMIN,0,docs/window_catalog.csv,MAPPED_NOT_RUNTIME_VERIFIED
JRSS003.fmx,other,FMX/compiled,ONEX_ADMIN_COMPAT,ADMIN,0,docs/window_catalog.csv,MAPPED_NOT_RUNTIME_VERIFIED
JRST001.fmx,other,FMX/compiled,ONEX_ADMIN_COMPAT,ADMIN,0,docs/window_catalog.csv,MAPPED_NOT_RUNTIME_VERIFIED
JRST002.fmx,other,FMX/compiled,ONEX_ADMIN_COMPAT,ADMIN,0,docs/window_catalog.csv,MAPPED_NOT_RUNTIME_VERIFIED
JRST0021.fmx,other,FMX/compiled,ONEX_ADMIN_COMPAT,ADMIN,0,docs/window_catalog.csv,MAPPED_NOT_RUNTIME_VERIFIED
LGHTADM002.fmx,other,FMX/compiled,ONEX_ADMIN_COMPAT,ADMIN,0,docs/window_catalog.csv,MAPPED_NOT_RUNTIME_VERIFIED
LGHTADM003.fmx,other,FMX/compiled,ONEX_ADMIN_COMPAT,ADMIN,0,docs/window_catalog.csv,MAPPED_NOT_RUNTIME_VERIFIED
LGHTR002.fmx,other,FMX/compiled,ONEX_ADMIN_COMPAT,ADMIN,0,docs/window_catalog.csv,MAPPED_NOT_RUNTIME_VERIFIED
LGHTT001.fmx,other,FMX/compiled,ONEX_ADMIN_COMPAT,ADMIN,0,docs/window_catalog.csv,MAPPED_NOT_RUNTIME_VERIFIED
LGHTT002.fmx,other,FMX/compiled,ONEX_ADMIN_COMPAT,ADMIN,0,docs/window_catalog.csv,MAPPED_NOT_RUNTIME_VERIFIED
LGHTT003.fmx,other,FMX/compiled,ONEX_ADMIN_COMPAT,ADMIN,0,docs/window_catalog.csv,MAPPED_NOT_RUNTIME_VERIFIED
MNT0025.fmx,other,FMX/compiled,ONEX_ADMIN_COMPAT,ADMIN,0,docs/window_catalog.csv,MAPPED_NOT_RUNTIME_VERIFIED
MNT021.fmx,other,FMX/compiled,ONEX_ADMIN_COMPAT,ADMIN,0,docs/window_catalog.csv,MAPPED_NOT_RUNTIME_VERIFIED
MNT025.fmx,other,FMX/compiled,ONEX_ADMIN_COMPAT,ADMIN,0,docs/window_catalog.csv,MAPPED_NOT_RUNTIME_VERIFIED
MNT0T25.fmx,other,FMX/compiled,ONEX_ADMIN_COMPAT,ADMIN,0,docs/window_catalog.csv,MAPPED_NOT_RUNTIME_VERIFIED
MNTI001.fmx,other,FMX/compiled,ONEX_ADMIN_COMPAT,ADMIN,0,docs/window_catalog.csv,MAPPED_NOT_RUNTIME_VERIFIED
MNTI002.fmx,other,FMX/compiled,ONEX_ADMIN_COMPAT,ADMIN,0,docs/window_catalog.csv,MAPPED_NOT_RUNTIME_VERIFIED
MNTI003.fmx,other,FMX/compiled,ONEX_ADMIN_COMPAT,ADMIN,0,docs/window_catalog.csv,MAPPED_NOT_RUNTIME_VERIFIED
MNTI004.fmx,other,FMX/compiled,ONEX_ADMIN_COMPAT,ADMIN,0,docs/window_catalog.csv,MAPPED_NOT_RUNTIME_VERIFIED
MNTI005.fmx,other,FMX/compiled,ONEX_ADMIN_COMPAT,ADMIN,0,docs/window_catalog.csv,MAPPED_NOT_RUNTIME_VERIFIED
MNTI006.fmx,other,FMX/compiled,ONEX_ADMIN_COMPAT,ADMIN,0,docs/window_catalog.csv,MAPPED_NOT_RUNTIME_VERIFIED
MNTI007.fmx,other,FMX/compiled,ONEX_ADMIN_COMPAT,ADMIN,0,docs/window_catalog.csv,MAPPED_NOT_RUNTIME_VERIFIED
MNTI008.fmx,other,FMX/compiled,ONEX_ADMIN_COMPAT,ADMIN,0,docs/window_catalog.csv,MAPPED_NOT_RUNTIME_VERIFIED
MNTR001.fmx,other,FMX/compiled,ONEX_ADMIN_COMPAT,ADMIN,0,docs/window_catalog.csv,MAPPED_NOT_RUNTIME_VERIFIED
MNTR005.fmx,other,FMX/compiled,ONEX_ADMIN_COMPAT,ADMIN,0,docs/window_catalog.csv,MAPPED_NOT_RUNTIME_VERIFIED
MNTS001.fmx,other,FMX/compiled,ONEX_ADMIN_COMPAT,ADMIN,0,docs/window_catalog.csv,MAPPED_NOT_RUNTIME_VERIFIED
MNTS002.fmx,other,FMX/compiled,ONEX_ADMIN_COMPAT,ADMIN,0,docs/window_catalog.csv,MAPPED_NOT_RUNTIME_VERIFIED
MNTS003.fmx,other,FMX/compiled,ONEX_ADMIN_COMPAT,ADMIN,0,docs/window_catalog.csv,MAPPED_NOT_RUNTIME_VERIFIED
MNTS004.fmx,other,FMX/compiled,ONEX_ADMIN_COMPAT,ADMIN,0,docs/window_catalog.csv,MAPPED_NOT_RUNTIME_VERIFIED
MNTS005.fmx,other,FMX/compiled,ONEX_ADMIN_COMPAT,ADMIN,0,docs/window_catalog.csv,MAPPED_NOT_RUNTIME_VERIFIED
MNTS006.fmx,other,FMX/compiled,ONEX_ADMIN_COMPAT,ADMIN,0,docs/window_catalog.csv,MAPPED_NOT_RUNTIME_VERIFIED
MNTS007.fmx,other,FMX/compiled,ONEX_ADMIN_COMPAT,ADMIN,0,docs/window_catalog.csv,MAPPED_NOT_RUNTIME_VERIFIED
MNTS025.fmx,other,FMX/compiled,ONEX_ADMIN_COMPAT,ADMIN,0,docs/window_catalog.csv,MAPPED_NOT_RUNTIME_VERIFIED
MNTT001.fmx,other,FMX/compiled,ONEX_ADMIN_COMPAT,ADMIN,0,docs/window_catalog.csv,MAPPED_NOT_RUNTIME_VERIFIED
MNTT002.fmx,other,FMX/compiled,ONEX_ADMIN_COMPAT,ADMIN,0,docs/window_catalog.csv,MAPPED_NOT_RUNTIME_VERIFIED
MNTT003.fmx,other,FMX/compiled,ONEX_ADMIN_COMPAT,ADMIN,0,docs/window_catalog.csv,MAPPED_NOT_RUNTIME_VERIFIED
MNTT004.fmx,other,FMX/compiled,ONEX_ADMIN_COMPAT,ADMIN,0,docs/window_catalog.csv,MAPPED_NOT_RUNTIME_VERIFIED
MNTT005.fmx,other,FMX/compiled,ONEX_ADMIN_COMPAT,ADMIN,0,docs/window_catalog.csv,MAPPED_NOT_RUNTIME_VERIFIED
MNTT006.fmx,other,FMX/compiled,ONEX_ADMIN_COMPAT,ADMIN,0,docs/window_catalog.csv,MAPPED_NOT_RUNTIME_VERIFIED
MNTT007.fmx,other,FMX/compiled,ONEX_ADMIN_COMPAT,ADMIN,0,docs/window_catalog.csv,MAPPED_NOT_RUNTIME_VERIFIED
MNTT010.fmx,other,FMX/compiled,ONEX_ADMIN_COMPAT,ADMIN,0,docs/window_catalog.csv,MAPPED_NOT_RUNTIME_VERIFIED
MNTT011.fmx,other,FMX/compiled,ONEX_ADMIN_COMPAT,ADMIN,0,docs/window_catalog.csv,MAPPED_NOT_RUNTIME_VERIFIED
MNTT012.fmx,other,FMX/compiled,ONEX_ADMIN_COMPAT,ADMIN,0,docs/window_catalog.csv,MAPPED_NOT_RUNTIME_VERIFIED
MNTT013.fmx,other,FMX/compiled,ONEX_ADMIN_COMPAT,ADMIN,0,docs/window_catalog.csv,MAPPED_NOT_RUNTIME_VERIFIED
MNTT020.fmx,other,FMX/compiled,ONEX_ADMIN_COMPAT,ADMIN,0,docs/window_catalog.csv,MAPPED_NOT_RUNTIME_VERIFIED
MNTT021.fmx,other,FMX/compiled,ONEX_ADMIN_COMPAT,ADMIN,0,docs/window_catalog.csv,MAPPED_NOT_RUNTIME_VERIFIED
MNTT022.fmx,other,FMX/compiled,ONEX_ADMIN_COMPAT,ADMIN,0,docs/window_catalog.csv,MAPPED_NOT_RUNTIME_VERIFIED
MNTT025.fmx,other,FMX/compiled,ONEX_ADMIN_COMPAT,ADMIN,0,docs/window_catalog.csv,MAPPED_NOT_RUNTIME_VERIFIED
MNTT050.fmx,other,FMX/compiled,ONEX_ADMIN_COMPAT,ADMIN,0,docs/window_catalog.csv,MAPPED_NOT_RUNTIME_VERIFIED
MRPACS001.fmx,MRP/treasury,FMX/compiled,ONEX_MRP_COMPAT,MRP,4,docs/window_catalog.csv,MAPPED_NOT_RUNTIME_VERIFIED
MRPACS004.fmx,MRP/treasury,FMX/compiled,ONEX_MRP_COMPAT,MRP,4,docs/window_catalog.csv,MAPPED_NOT_RUNTIME_VERIFIED
MRPBOM005.fmx,MRP/treasury,FMX/compiled,ONEX_MRP_COMPAT,MRP,4,docs/window_catalog.csv,MAPPED_NOT_RUNTIME_VERIFIED
MRPBOM01.fmx,MRP/treasury,FMX/compiled,ONEX_MRP_COMPAT,MRP,4,docs/window_catalog.csv,MAPPED_NOT_RUNTIME_VERIFIED
MRPBOM010.fmx,MRP/treasury,FMX/compiled,ONEX_MRP_COMPAT,MRP,4,docs/window_catalog.csv,MAPPED_NOT_RUNTIME_VERIFIED
MRPBOM03.fmx,MRP/treasury,FMX/compiled,ONEX_MRP_COMPAT,MRP,4,docs/window_catalog.csv,MAPPED_NOT_RUNTIME_VERIFIED
MRPCRP001.fmx,MRP/treasury,FMX/compiled,ONEX_MRP_COMPAT,MRP,4,docs/window_catalog.csv,MAPPED_NOT_RUNTIME_VERIFIED
MRPCRP003.fmx,MRP/treasury,FMX/compiled,ONEX_MRP_COMPAT,MRP,4,docs/window_catalog.csv,MAPPED_NOT_RUNTIME_VERIFIED
MRPCRP005.fmx,MRP/treasury,FMX/compiled,ONEX_MRP_COMPAT,MRP,4,docs/window_catalog.csv,MAPPED_NOT_RUNTIME_VERIFIED
MRPCRP030.fmx,MRP/treasury,FMX/compiled,ONEX_MRP_COMPAT,MRP,4,docs/window_catalog.csv,MAPPED_NOT_RUNTIME_VERIFIED
MRPCRP060.fmx,MRP/treasury,FMX/compiled,ONEX_MRP_COMPAT,MRP,4,docs/window_catalog.csv,MAPPED_NOT_RUNTIME_VERIFIED
MRPCRP07.fmx,MRP/treasury,FMX/compiled,ONEX_MRP_COMPAT,MRP,4,docs/window_catalog.csv,MAPPED_NOT_RUNTIME_VERIFIED
MRPCRP100.fmx,MRP/treasury,FMX/compiled,ONEX_MRP_COMPAT,MRP,4,docs/window_catalog.csv,MAPPED_NOT_RUNTIME_VERIFIED
MRPCRP20.fmx,MRP/treasury,FMX/compiled,ONEX_MRP_COMPAT,MRP,4,docs/window_catalog.csv,MAPPED_NOT_RUNTIME_VERIFIED
MRPCRP23.fmx,MRP/treasury,FMX/compiled,ONEX_MRP_COMPAT,MRP,4,docs/window_catalog.csv,MAPPED_NOT_RUNTIME_VERIFIED
MRPCRP24.fmx,MRP/treasury,FMX/compiled,ONEX_MRP_COMPAT,MRP,4,docs/window_catalog.csv,MAPPED_NOT_RUNTIME_VERIFIED
MRPCRP26.fmx,MRP/treasury,FMX/compiled,ONEX_MRP_COMPAT,MRP,4,docs/window_catalog.csv,MAPPED_NOT_RUNTIME_VERIFIED
MRPCRP50.fmx,MRP/treasury,FMX/compiled,ONEX_MRP_COMPAT,MRP,4,docs/window_catalog.csv,MAPPED_NOT_RUNTIME_VERIFIED
MRPDBA.fmx,MRP/treasury,FMX/compiled,ONEX_MRP_COMPAT,MRP,4,docs/window_catalog.csv,MAPPED_NOT_RUNTIME_VERIFIED
MRPIMPXLS.fmx,MRP/treasury,FMX/compiled,ONEX_MRP_COMPAT,MRP,4,docs/window_catalog.csv,MAPPED_NOT_RUNTIME_VERIFIED
MRPIMP_ITEMS_XLS.fmx,MRP/treasury,FMX/compiled,ONEX_MRP_COMPAT,MRP,4,docs/window_catalog.csv,MAPPED_NOT_RUNTIME_VERIFIED
MRPMMS010.fmx,MRP/treasury,FMX/compiled,ONEX_MRP_COMPAT,MRP,4,docs/window_catalog.csv,MAPPED_NOT_RUNTIME_VERIFIED
MRPMMS011.fmx,MRP/treasury,FMX/compiled,ONEX_MRP_COMPAT,MRP,4,docs/window_catalog.csv,MAPPED_NOT_RUNTIME_VERIFIED
MRPMMS012.fmx,MRP/treasury,FMX/compiled,ONEX_MRP_COMPAT,MRP,4,docs/window_catalog.csv,MAPPED_NOT_RUNTIME_VERIFIED
MRPMMS013.fmx,MRP/treasury,FMX/compiled,ONEX_MRP_COMPAT,MRP,4,docs/window_catalog.csv,MAPPED_NOT_RUNTIME_VERIFIED
MRPMMS014.fmx,MRP/treasury,FMX/compiled,ONEX_MRP_COMPAT,MRP,4,docs/window_catalog.csv,MAPPED_NOT_RUNTIME_VERIFIED
MRPMPS010.fmx,MRP/treasury,FMX/compiled,ONEX_MRP_COMPAT,MRP,4,docs/window_catalog.csv,MAPPED_NOT_RUNTIME_VERIFIED
MRPMPS02.fmx,MRP/treasury,FMX/compiled,ONEX_MRP_COMPAT,MRP,4,docs/window_catalog.csv,MAPPED_NOT_RUNTIME_VERIFIED
MRPMPS032.fmx,MRP/treasury,FMX/compiled,ONEX_MRP_COMPAT,MRP,4,docs/window_catalog.csv,MAPPED_NOT_RUNTIME_VERIFIED
MRPMPS045.fmx,MRP/treasury,FMX/compiled,ONEX_MRP_COMPAT,MRP,4,docs/window_catalog.csv,MAPPED_NOT_RUNTIME_VERIFIED
MRPMPS048.fmx,MRP/treasury,FMX/compiled,ONEX_MRP_COMPAT,MRP,4,docs/window_catalog.csv,MAPPED_NOT_RUNTIME_VERIFIED
MRPMPS06.fmx,MRP/treasury,FMX/compiled,ONEX_MRP_COMPAT,MRP,4,docs/window_catalog.csv,MAPPED_NOT_RUNTIME_VERIFIED
MRPMPS07.fmx,MRP/treasury,FMX/compiled,ONEX_MRP_COMPAT,MRP,4,docs/window_catalog.csv,MAPPED_NOT_RUNTIME_VERIFIED
MRPMPS09.fmx,MRP/treasury,FMX/compiled,ONEX_MRP_COMPAT,MRP,4,docs/window_catalog.csv,MAPPED_NOT_RUNTIME_VERIFIED
MRPMRP004.fmx,MRP/treasury,FMX/compiled,ONEX_MRP_COMPAT,MRP,4,docs/window_catalog.csv,MAPPED_NOT_RUNTIME_VERIFIED
MRPMRP005.fmx,MRP/treasury,FMX/compiled,ONEX_MRP_COMPAT,MRP,4,docs/window_catalog.csv,MAPPED_NOT_RUNTIME_VERIFIED
MRPMRP006.fmx,MRP/treasury,FMX/compiled,ONEX_MRP_COMPAT,MRP,4,docs/window_catalog.csv,MAPPED_NOT_RUNTIME_VERIFIED
MRPMRP007.fmx,MRP/treasury,FMX/compiled,ONEX_MRP_COMPAT,MRP,4,docs/window_catalog.csv,MAPPED_NOT_RUNTIME_VERIFIED
MRPPCM003.fmx,MRP/treasury,FMX/compiled,ONEX_MRP_COMPAT,MRP,4,docs/window_catalog.csv,MAPPED_NOT_RUNTIME_VERIFIED
MRPPCM006.fmx,MRP/treasury,FMX/compiled,ONEX_MRP_COMPAT,MRP,4,docs/window_catalog.csv,MAPPED_NOT_RUNTIME_VERIFIED
MRPPCM009.fmx,MRP/treasury,FMX/compiled,ONEX_MRP_COMPAT,MRP,4,docs/window_catalog.csv,MAPPED_NOT_RUNTIME_VERIFIED
MRPPCM010.fmx,MRP/treasury,FMX/compiled,ONEX_MRP_COMPAT,MRP,4,docs/window_catalog.csv,MAPPED_NOT_RUNTIME_VERIFIED
MRPPCM011.fmx,MRP/treasury,FMX/compiled,ONEX_MRP_COMPAT,MRP,4,docs/window_catalog.csv,MAPPED_NOT_RUNTIME_VERIFIED
MRPPCM012.fmx,MRP/treasury,FMX/compiled,ONEX_MRP_COMPAT,MRP,4,docs/window_catalog.csv,MAPPED_NOT_RUNTIME_VERIFIED
MRPPCM013.fmx,MRP/treasury,FMX/compiled,ONEX_MRP_COMPAT,MRP,4,docs/window_catalog.csv,MAPPED_NOT_RUNTIME_VERIFIED
MRPPCM014.fmx,MRP/treasury,FMX/compiled,ONEX_MRP_COMPAT,MRP,4,docs/window_catalog.csv,MAPPED_NOT_RUNTIME_VERIFIED
MRPPCM019.fmx,MRP/treasury,FMX/compiled,ONEX_MRP_COMPAT,MRP,4,docs/window_catalog.csv,MAPPED_NOT_RUNTIME_VERIFIED
MRPPCM021.fmx,MRP/treasury,FMX/compiled,ONEX_MRP_COMPAT,MRP,4,docs/window_catalog.csv,MAPPED_NOT_RUNTIME_VERIFIED
MRPPCM022.fmx,MRP/treasury,FMX/compiled,ONEX_MRP_COMPAT,MRP,4,docs/window_catalog.csv,MAPPED_NOT_RUNTIME_VERIFIED
MRPPCM028.fmx,MRP/treasury,FMX/compiled,ONEX_MRP_COMPAT,MRP,4,docs/window_catalog.csv,MAPPED_NOT_RUNTIME_VERIFIED
MRPPCM030.fmx,MRP/treasury,FMX/compiled,ONEX_MRP_COMPAT,MRP,4,docs/window_catalog.csv,MAPPED_NOT_RUNTIME_VERIFIED
MRPPCM042.fmx,MRP/treasury,FMX/compiled,ONEX_MRP_COMPAT,MRP,4,docs/window_catalog.csv,MAPPED_NOT_RUNTIME_VERIFIED
MRPPCM043.fmx,MRP/treasury,FMX/compiled,ONEX_MRP_COMPAT,MRP,4,docs/window_catalog.csv,MAPPED_NOT_RUNTIME_VERIFIED
MRPPCM060.fmx,MRP/treasury,FMX/compiled,ONEX_MRP_COMPAT,MRP,4,docs/window_catalog.csv,MAPPED_NOT_RUNTIME_VERIFIED
MRPPCM510.fmx,MRP/treasury,FMX/compiled,ONEX_MRP_COMPAT,MRP,4,docs/window_catalog.csv,MAPPED_NOT_RUNTIME_VERIFIED
MRPPCM511.fmx,MRP/treasury,FMX/compiled,ONEX_MRP_COMPAT,MRP,4,docs/window_catalog.csv,MAPPED_NOT_RUNTIME_VERIFIED
MRPPQC002.fmx,MRP/treasury,FMX/compiled,ONEX_MRP_COMPAT,MRP,4,docs/window_catalog.csv,MAPPED_NOT_RUNTIME_VERIFIED
MRPPQC004.fmx,MRP/treasury,FMX/compiled,ONEX_MRP_COMPAT,MRP,4,docs/window_catalog.csv,MAPPED_NOT_RUNTIME_VERIFIED
MRPPQC005.fmx,MRP/treasury,FMX/compiled,ONEX_MRP_COMPAT,MRP,4,docs/window_catalog.csv,MAPPED_NOT_RUNTIME_VERIFIED
MRPPQC007.fmx,MRP/treasury,FMX/compiled,ONEX_MRP_COMPAT,MRP,4,docs/window_catalog.csv,MAPPED_NOT_RUNTIME_VERIFIED
MRPPQC009.fmx,MRP/treasury,FMX/compiled,ONEX_MRP_COMPAT,MRP,4,docs/window_catalog.csv,MAPPED_NOT_RUNTIME_VERIFIED
MRPPQC010.fmx,MRP/treasury,FMX/compiled,ONEX_MRP_COMPAT,MRP,4,docs/window_catalog.csv,MAPPED_NOT_RUNTIME_VERIFIED
MRPPQC0111.fmx,MRP/treasury,FMX/compiled,ONEX_MRP_COMPAT,MRP,4,docs/window_catalog.csv,MAPPED_NOT_RUNTIME_VERIFIED
MRPPQC012.fmx,MRP/treasury,FMX/compiled,ONEX_MRP_COMPAT,MRP,4,docs/window_catalog.csv,MAPPED_NOT_RUNTIME_VERIFIED
MRPPQC015.fmx,MRP/treasury,FMX/compiled,ONEX_MRP_COMPAT,MRP,4,docs/window_catalog.csv,MAPPED_NOT_RUNTIME_VERIFIED
MRPPQC019.fmx,MRP/treasury,FMX/compiled,ONEX_MRP_COMPAT,MRP,4,docs/window_catalog.csv,MAPPED_NOT_RUNTIME_VERIFIED
MRPPQC020.fmx,MRP/treasury,FMX/compiled,ONEX_MRP_COMPAT,MRP,4,docs/window_catalog.csv,MAPPED_NOT_RUNTIME_VERIFIED
MRPREPBOM002.fmx,MRP/treasury,FMX/compiled,ONEX_MRP_COMPAT,MRP,4,docs/window_catalog.csv,MAPPED_NOT_RUNTIME_VERIFIED
MRPREPBOM005.fmx,MRP/treasury,FMX/compiled,ONEX_MRP_COMPAT,MRP,4,docs/window_catalog.csv,MAPPED_NOT_RUNTIME_VERIFIED
MRPREPCRP007.fmx,MRP/treasury,FMX/compiled,ONEX_MRP_COMPAT,MRP,4,docs/window_catalog.csv,MAPPED_NOT_RUNTIME_VERIFIED
MRPREPCRP020.fmx,MRP/treasury,FMX/compiled,ONEX_MRP_COMPAT,MRP,4,docs/window_catalog.csv,MAPPED_NOT_RUNTIME_VERIFIED
MRPREPCRP022.fmx,MRP/treasury,FMX/compiled,ONEX_MRP_COMPAT,MRP,4,docs/window_catalog.csv,MAPPED_NOT_RUNTIME_VERIFIED
MRPREPCRP024.fmx,MRP/treasury,FMX/compiled,ONEX_MRP_COMPAT,MRP,4,docs/window_catalog.csv,MAPPED_NOT_RUNTIME_VERIFIED
MRPREPCRP026.fmx,MRP/treasury,FMX/compiled,ONEX_MRP_COMPAT,MRP,4,docs/window_catalog.csv,MAPPED_NOT_RUNTIME_VERIFIED
MRPREPCRP028.fmx,MRP/treasury,FMX/compiled,ONEX_MRP_COMPAT,MRP,4,docs/window_catalog.csv,MAPPED_NOT_RUNTIME_VERIFIED
MRPREPCRP031.fmx,MRP/treasury,FMX/compiled,ONEX_MRP_COMPAT,MRP,4,docs/window_catalog.csv,MAPPED_NOT_RUNTIME_VERIFIED
MRPREPCRP100.fmx,MRP/treasury,FMX/compiled,ONEX_MRP_COMPAT,MRP,4,docs/window_catalog.csv,MAPPED_NOT_RUNTIME_VERIFIED
MRPREPMPS002.fmx,MRP/treasury,FMX/compiled,ONEX_MRP_COMPAT,MRP,4,docs/window_catalog.csv,MAPPED_NOT_RUNTIME_VERIFIED
MRPREPMPS003.fmx,MRP/treasury,FMX/compiled,ONEX_MRP_COMPAT,MRP,4,docs/window_catalog.csv,MAPPED_NOT_RUNTIME_VERIFIED
MRPREPMPS0061.fmx,MRP/treasury,FMX/compiled,ONEX_MRP_COMPAT,MRP,4,docs/window_catalog.csv,MAPPED_NOT_RUNTIME_VERIFIED
MRPREPMPS0063.fmx,MRP/treasury,FMX/compiled,ONEX_MRP_COMPAT,MRP,4,docs/window_catalog.csv,MAPPED_NOT_RUNTIME_VERIFIED
MRPREPMPS008.fmx,MRP/treasury,FMX/compiled,ONEX_MRP_COMPAT,MRP,4,docs/window_catalog.csv,MAPPED_NOT_RUNTIME_VERIFIED
MRPREPMPS009.fmx,MRP/treasury,FMX/compiled,ONEX_MRP_COMPAT,MRP,4,docs/window_catalog.csv,MAPPED_NOT_RUNTIME_VERIFIED
MRPREPPCM003.fmx,MRP/treasury,FMX/compiled,ONEX_MRP_COMPAT,MRP,4,docs/window_catalog.csv,MAPPED_NOT_RUNTIME_VERIFIED
MRPREPPCM006.fmx,MRP/treasury,FMX/compiled,ONEX_MRP_COMPAT,MRP,4,docs/window_catalog.csv,MAPPED_NOT_RUNTIME_VERIFIED
MRPREPPCM011.fmx,MRP/treasury,FMX/compiled,ONEX_MRP_COMPAT,MRP,4,docs/window_catalog.csv,MAPPED_NOT_RUNTIME_VERIFIED
MRPREPPCM014.fmx,MRP/treasury,FMX/compiled,ONEX_MRP_COMPAT,MRP,4,docs/window_catalog.csv,MAPPED_NOT_RUNTIME_VERIFIED
MRPREPPCM015.fmx,MRP/treasury,FMX/compiled,ONEX_MRP_COMPAT,MRP,4,docs/window_catalog.csv,MAPPED_NOT_RUNTIME_VERIFIED
MRPREPPCM017.fmx,MRP/treasury,FMX/compiled,ONEX_MRP_COMPAT,MRP,4,docs/window_catalog.csv,MAPPED_NOT_RUNTIME_VERIFIED
MRPREPPCM021.fmx,MRP/treasury,FMX/compiled,ONEX_MRP_COMPAT,MRP,4,docs/window_catalog.csv,MAPPED_NOT_RUNTIME_VERIFIED
MRPREPPCM022.fmx,MRP/treasury,FMX/compiled,ONEX_MRP_COMPAT,MRP,4,docs/window_catalog.csv,MAPPED_NOT_RUNTIME_VERIFIED
MRPREPPCM028.fmx,MRP/treasury,FMX/compiled,ONEX_MRP_COMPAT,MRP,4,docs/window_catalog.csv,MAPPED_NOT_RUNTIME_VERIFIED
MRPREPPCM029.fmx,MRP/treasury,FMX/compiled,ONEX_MRP_COMPAT,MRP,4,docs/window_catalog.csv,MAPPED_NOT_RUNTIME_VERIFIED
MRPREPPCM030.fmx,MRP/treasury,FMX/compiled,ONEX_MRP_COMPAT,MRP,4,docs/window_catalog.csv,MAPPED_NOT_RUNTIME_VERIFIED
MRPREPPCM031.fmx,MRP/treasury,FMX/compiled,ONEX_MRP_COMPAT,MRP,4,docs/window_catalog.csv,MAPPED_NOT_RUNTIME_VERIFIED
MRPREPPCM035.fmx,MRP/treasury,FMX/compiled,ONEX_MRP_COMPAT,MRP,4,docs/window_catalog.csv,MAPPED_NOT_RUNTIME_VERIFIED
MRPREPPCM036.fmx,MRP/treasury,FMX/compiled,ONEX_MRP_COMPAT,MRP,4,docs/window_catalog.csv,MAPPED_NOT_RUNTIME_VERIFIED
MRPREPPCM041.fmx,MRP/treasury,FMX/compiled,ONEX_MRP_COMPAT,MRP,4,docs/window_catalog.csv,MAPPED_NOT_RUNTIME_VERIFIED
MRPREPPCM050.fmx,MRP/treasury,FMX/compiled,ONEX_MRP_COMPAT,MRP,4,docs/window_catalog.csv,MAPPED_NOT_RUNTIME_VERIFIED
MRPREPPCM052.fmx,MRP/treasury,FMX/compiled,ONEX_MRP_COMPAT,MRP,4,docs/window_catalog.csv,MAPPED_NOT_RUNTIME_VERIFIED
MRPREPPCM062.fmx,MRP/treasury,FMX/compiled,ONEX_MRP_COMPAT,MRP,4,docs/window_catalog.csv,MAPPED_NOT_RUNTIME_VERIFIED
MRPREPPQC002.fmx,MRP/treasury,FMX/compiled,ONEX_MRP_COMPAT,MRP,4,docs/window_catalog.csv,MAPPED_NOT_RUNTIME_VERIFIED
MRPREPPQC004.fmx,MRP/treasury,FMX/compiled,ONEX_MRP_COMPAT,MRP,4,docs/window_catalog.csv,MAPPED_NOT_RUNTIME_VERIFIED
MRPREPPQC005.fmx,MRP/treasury,FMX/compiled,ONEX_MRP_COMPAT,MRP,4,docs/window_catalog.csv,MAPPED_NOT_RUNTIME_VERIFIED
MRPREPPQC007.fmx,MRP/treasury,FMX/compiled,ONEX_MRP_COMPAT,MRP,4,docs/window_catalog.csv,MAPPED_NOT_RUNTIME_VERIFIED
MRPREPPQC009.fmx,MRP/treasury,FMX/compiled,ONEX_MRP_COMPAT,MRP,4,docs/window_catalog.csv,MAPPED_NOT_RUNTIME_VERIFIED
MRPREPPQC010.fmx,MRP/treasury,FMX/compiled,ONEX_MRP_COMPAT,MRP,4,docs/window_catalog.csv,MAPPED_NOT_RUNTIME_VERIFIED
MRPREPPQC012.fmx,MRP/treasury,FMX/compiled,ONEX_MRP_COMPAT,MRP,4,docs/window_catalog.csv,MAPPED_NOT_RUNTIME_VERIFIED
MRPREPPQC015.fmx,MRP/treasury,FMX/compiled,ONEX_MRP_COMPAT,MRP,4,docs/window_catalog.csv,MAPPED_NOT_RUNTIME_VERIFIED
MRPREPPQC018.fmx,MRP/treasury,FMX/compiled,ONEX_MRP_COMPAT,MRP,4,docs/window_catalog.csv,MAPPED_NOT_RUNTIME_VERIFIED
MRPREPPQC111.fmx,MRP/treasury,FMX/compiled,ONEX_MRP_COMPAT,MRP,4,docs/window_catalog.csv,MAPPED_NOT_RUNTIME_VERIFIED
MRPREPSFC001.fmx,MRP/treasury,FMX/compiled,ONEX_MRP_COMPAT,MRP,4,docs/window_catalog.csv,MAPPED_NOT_RUNTIME_VERIFIED
MRPREPSFC010.fmx,MRP/treasury,FMX/compiled,ONEX_MRP_COMPAT,MRP,4,docs/window_catalog.csv,MAPPED_NOT_RUNTIME_VERIFIED
MRPREPSFC021.fmx,MRP/treasury,FMX/compiled,ONEX_MRP_COMPAT,MRP,4,docs/window_catalog.csv,MAPPED_NOT_RUNTIME_VERIFIED
MRPREPSFC025.fmx,MRP/treasury,FMX/compiled,ONEX_MRP_COMPAT,MRP,4,docs/window_catalog.csv,MAPPED_NOT_RUNTIME_VERIFIED
MRPREPSFC029.fmx,MRP/treasury,FMX/compiled,ONEX_MRP_COMPAT,MRP,4,docs/window_catalog.csv,MAPPED_NOT_RUNTIME_VERIFIED
MRPREPSFC046.fmx,MRP/treasury,FMX/compiled,ONEX_MRP_COMPAT,MRP,4,docs/window_catalog.csv,MAPPED_NOT_RUNTIME_VERIFIED
MRPREPSFC050.fmx,MRP/treasury,FMX/compiled,ONEX_MRP_COMPAT,MRP,4,docs/window_catalog.csv,MAPPED_NOT_RUNTIME_VERIFIED
MRPREPSFC051.fmx,MRP/treasury,FMX/compiled,ONEX_MRP_COMPAT,MRP,4,docs/window_catalog.csv,MAPPED_NOT_RUNTIME_VERIFIED
MRPREPSFC052.fmx,MRP/treasury,FMX/compiled,ONEX_MRP_COMPAT,MRP,4,docs/window_catalog.csv,MAPPED_NOT_RUNTIME_VERIFIED
MRPREPSGS001.fmx,MRP/treasury,FMX/compiled,ONEX_MRP_COMPAT,MRP,4,docs/window_catalog.csv,MAPPED_NOT_RUNTIME_VERIFIED
MRPREPSGS004.fmx,MRP/treasury,FMX/compiled,ONEX_MRP_COMPAT,MRP,4,docs/window_catalog.csv,MAPPED_NOT_RUNTIME_VERIFIED
MRPREPSGS005.fmx,MRP/treasury,FMX/compiled,ONEX_MRP_COMPAT,MRP,4,docs/window_catalog.csv,MAPPED_NOT_RUNTIME_VERIFIED
MRPREPSGS006.fmx,MRP/treasury,FMX/compiled,ONEX_MRP_COMPAT,MRP,4,docs/window_catalog.csv,MAPPED_NOT_RUNTIME_VERIFIED
MRPREPSGS012.fmx,MRP/treasury,FMX/compiled,ONEX_MRP_COMPAT,MRP,4,docs/window_catalog.csv,MAPPED_NOT_RUNTIME_VERIFIED
MRPSFC006.fmx,MRP/treasury,FMX/compiled,ONEX_MRP_COMPAT,MRP,4,docs/window_catalog.csv,MAPPED_NOT_RUNTIME_VERIFIED
MRPSFC023.fmx,MRP/treasury,FMX/compiled,ONEX_MRP_COMPAT,MRP,4,docs/window_catalog.csv,MAPPED_NOT_RUNTIME_VERIFIED
MRPSFC025.fmx,MRP/treasury,FMX/compiled,ONEX_MRP_COMPAT,MRP,4,docs/window_catalog.csv,MAPPED_NOT_RUNTIME_VERIFIED
MRPSFC026.fmx,MRP/treasury,FMX/compiled,ONEX_MRP_COMPAT,MRP,4,docs/window_catalog.csv,MAPPED_NOT_RUNTIME_VERIFIED
MRPSFC027.fmx,MRP/treasury,FMX/compiled,ONEX_MRP_COMPAT,MRP,4,docs/window_catalog.csv,MAPPED_NOT_RUNTIME_VERIFIED
MRPSFC028.fmx,MRP/treasury,FMX/compiled,ONEX_MRP_COMPAT,MRP,4,docs/window_catalog.csv,MAPPED_NOT_RUNTIME_VERIFIED
MRPSFC029.fmx,MRP/treasury,FMX/compiled,ONEX_MRP_COMPAT,MRP,4,docs/window_catalog.csv,MAPPED_NOT_RUNTIME_VERIFIED
MRPSFC030.fmx,MRP/treasury,FMX/compiled,ONEX_MRP_COMPAT,MRP,4,docs/window_catalog.csv,MAPPED_NOT_RUNTIME_VERIFIED
MRPSFC031.fmx,MRP/treasury,FMX/compiled,ONEX_MRP_COMPAT,MRP,4,docs/window_catalog.csv,MAPPED_NOT_RUNTIME_VERIFIED
MRPSFC032.fmx,MRP/treasury,FMX/compiled,ONEX_MRP_COMPAT,MRP,4,docs/window_catalog.csv,MAPPED_NOT_RUNTIME_VERIFIED
MRPSFC033.fmx,MRP/treasury,FMX/compiled,ONEX_MRP_COMPAT,MRP,4,docs/window_catalog.csv,MAPPED_NOT_RUNTIME_VERIFIED
MRPSFC043.fmx,MRP/treasury,FMX/compiled,ONEX_MRP_COMPAT,MRP,4,docs/window_catalog.csv,MAPPED_NOT_RUNTIME_VERIFIED
MRPSFC045.fmx,MRP/treasury,FMX/compiled,ONEX_MRP_COMPAT,MRP,4,docs/window_catalog.csv,MAPPED_NOT_RUNTIME_VERIFIED
MRPSFC046.fmx,MRP/treasury,FMX/compiled,ONEX_MRP_COMPAT,MRP,4,docs/window_catalog.csv,MAPPED_NOT_RUNTIME_VERIFIED
MRPSFC047.fmx,MRP/treasury,FMX/compiled,ONEX_MRP_COMPAT,MRP,4,docs/window_catalog.csv,MAPPED_NOT_RUNTIME_VERIFIED
MRPSFC048.fmx,MRP/treasury,FMX/compiled,ONEX_MRP_COMPAT,MRP,4,docs/window_catalog.csv,MAPPED_NOT_RUNTIME_VERIFIED
MRPSFC07.fmx,MRP/treasury,FMX/compiled,ONEX_MRP_COMPAT,MRP,4,docs/window_catalog.csv,MAPPED_NOT_RUNTIME_VERIFIED
MRPSGS04.fmx,MRP/treasury,FMX/compiled,ONEX_MRP_COMPAT,MRP,4,docs/window_catalog.csv,MAPPED_NOT_RUNTIME_VERIFIED
MRPSGS06.fmx,MRP/treasury,FMX/compiled,ONEX_MRP_COMPAT,MRP,4,docs/window_catalog.csv,MAPPED_NOT_RUNTIME_VERIFIED
MRPSGS08.fmx,MRP/treasury,FMX/compiled,ONEX_MRP_COMPAT,MRP,4,docs/window_catalog.csv,MAPPED_NOT_RUNTIME_VERIFIED
MRPSGS13.fmx,MRP/treasury,FMX/compiled,ONEX_MRP_COMPAT,MRP,4,docs/window_catalog.csv,MAPPED_NOT_RUNTIME_VERIFIED
MRPUPGRADE.fmx,MRP/treasury,FMX/compiled,ONEX_MRP_COMPAT,MRP,4,docs/window_catalog.csv,MAPPED_NOT_RUNTIME_VERIFIED
MTXAGNT01.fmx,inventory/stock,FMX/compiled,ONEX_INVENTORY_COMPAT,INVENTORY,3,docs/window_catalog.csv,MAPPED_NOT_RUNTIME_VERIFIED
MTXBCK001.fmx,inventory/stock,FMX/compiled,ONEX_INVENTORY_COMPAT,INVENTORY,3,docs/window_catalog.csv,MAPPED_NOT_RUNTIME_VERIFIED
MTXBCK002.fmx,inventory/stock,FMX/compiled,ONEX_INVENTORY_COMPAT,INVENTORY,3,docs/window_catalog.csv,MAPPED_NOT_RUNTIME_VERIFIED
MTXBILR01.fmx,inventory/stock,FMX/compiled,ONEX_INVENTORY_COMPAT,INVENTORY,3,docs/window_catalog.csv,MAPPED_NOT_RUNTIME_VERIFIED
MTXBLL001.fmx,inventory/stock,FMX/compiled,ONEX_INVENTORY_COMPAT,INVENTORY,3,docs/window_catalog.csv,MAPPED_NOT_RUNTIME_VERIFIED
MTXBLR002.fmx,inventory/stock,FMX/compiled,ONEX_INVENTORY_COMPAT,INVENTORY,3,docs/window_catalog.csv,MAPPED_NOT_RUNTIME_VERIFIED
MTXBNK001.fmx,inventory/stock,FMX/compiled,ONEX_INVENTORY_COMPAT,INVENTORY,3,docs/window_catalog.csv,MAPPED_NOT_RUNTIME_VERIFIED
MTXCAT001.fmx,inventory/stock,FMX/compiled,ONEX_INVENTORY_COMPAT,INVENTORY,3,docs/window_catalog.csv,MAPPED_NOT_RUNTIME_VERIFIED
MTXCATR01.fmx,inventory/stock,FMX/compiled,ONEX_INVENTORY_COMPAT,INVENTORY,3,docs/window_catalog.csv,MAPPED_NOT_RUNTIME_VERIFIED
MTXCCK001.fmx,inventory/stock,FMX/compiled,ONEX_INVENTORY_COMPAT,INVENTORY,3,docs/window_catalog.csv,MAPPED_NOT_RUNTIME_VERIFIED
MTXCHKR001.fmx,inventory/stock,FMX/compiled,ONEX_INVENTORY_COMPAT,INVENTORY,3,docs/window_catalog.csv,MAPPED_NOT_RUNTIME_VERIFIED
MTXCHKR03.fmx,inventory/stock,FMX/compiled,ONEX_INVENTORY_COMPAT,INVENTORY,3,docs/window_catalog.csv,MAPPED_NOT_RUNTIME_VERIFIED
MTXCOD006.fmx,inventory/stock,FMX/compiled,ONEX_INVENTORY_COMPAT,INVENTORY,3,docs/window_catalog.csv,MAPPED_NOT_RUNTIME_VERIFIED
MTXCOD007.fmx,inventory/stock,FMX/compiled,ONEX_INVENTORY_COMPAT,INVENTORY,3,docs/window_catalog.csv,MAPPED_NOT_RUNTIME_VERIFIED
MTXCOD008.fmx,inventory/stock,FMX/compiled,ONEX_INVENTORY_COMPAT,INVENTORY,3,docs/window_catalog.csv,MAPPED_NOT_RUNTIME_VERIFIED
MTXCOD009.fmx,inventory/stock,FMX/compiled,ONEX_INVENTORY_COMPAT,INVENTORY,3,docs/window_catalog.csv,MAPPED_NOT_RUNTIME_VERIFIED
MTXCOD010.fmx,inventory/stock,FMX/compiled,ONEX_INVENTORY_COMPAT,INVENTORY,3,docs/window_catalog.csv,MAPPED_NOT_RUNTIME_VERIFIED
MTXCOD011.fmx,inventory/stock,FMX/compiled,ONEX_INVENTORY_COMPAT,INVENTORY,3,docs/window_catalog.csv,MAPPED_NOT_RUNTIME_VERIFIED
MTXCOD021.fmx,inventory/stock,FMX/compiled,ONEX_INVENTORY_COMPAT,INVENTORY,3,docs/window_catalog.csv,MAPPED_NOT_RUNTIME_VERIFIED
MTXCOM001.fmx,inventory/stock,FMX/compiled,ONEX_INVENTORY_COMPAT,INVENTORY,3,docs/window_catalog.csv,MAPPED_NOT_RUNTIME_VERIFIED
MTXCOM002.fmx,inventory/stock,FMX/compiled,ONEX_INVENTORY_COMPAT,INVENTORY,3,docs/window_catalog.csv,MAPPED_NOT_RUNTIME_VERIFIED
MTXCOM003.fmx,inventory/stock,FMX/compiled,ONEX_INVENTORY_COMPAT,INVENTORY,3,docs/window_catalog.csv,MAPPED_NOT_RUNTIME_VERIFIED
MTXCOM004.fmx,inventory/stock,FMX/compiled,ONEX_INVENTORY_COMPAT,INVENTORY,3,docs/window_catalog.csv,MAPPED_NOT_RUNTIME_VERIFIED
MTXCRP003.fmx,inventory/stock,FMX/compiled,ONEX_INVENTORY_COMPAT,INVENTORY,3,docs/window_catalog.csv,MAPPED_NOT_RUNTIME_VERIFIED
MTXCRP004.fmx,inventory/stock,FMX/compiled,ONEX_INVENTORY_COMPAT,INVENTORY,3,docs/window_catalog.csv,MAPPED_NOT_RUNTIME_VERIFIED
MTXCRP005.fmx,inventory/stock,FMX/compiled,ONEX_INVENTORY_COMPAT,INVENTORY,3,docs/window_catalog.csv,MAPPED_NOT_RUNTIME_VERIFIED
MTXCSHR02.fmx,inventory/stock,FMX/compiled,ONEX_INVENTORY_COMPAT,INVENTORY,3,docs/window_catalog.csv,MAPPED_NOT_RUNTIME_VERIFIED
MTXCSHR03.fmx,inventory/stock,FMX/compiled,ONEX_INVENTORY_COMPAT,INVENTORY,3,docs/window_catalog.csv,MAPPED_NOT_RUNTIME_VERIFIED
MTXCSTR01.fmx,inventory/stock,FMX/compiled,ONEX_INVENTORY_COMPAT,INVENTORY,3,docs/window_catalog.csv,MAPPED_NOT_RUNTIME_VERIFIED
MTXFEE005.fmx,inventory/stock,FMX/compiled,ONEX_INVENTORY_COMPAT,INVENTORY,3,docs/window_catalog.csv,MAPPED_NOT_RUNTIME_VERIFIED
MTXGLD004.fmx,inventory/stock,FMX/compiled,ONEX_INVENTORY_COMPAT,INVENTORY,3,docs/window_catalog.csv,MAPPED_NOT_RUNTIME_VERIFIED
MTXGLD008.fmx,inventory/stock,FMX/compiled,ONEX_INVENTORY_COMPAT,INVENTORY,3,docs/window_catalog.csv,MAPPED_NOT_RUNTIME_VERIFIED
MTXGLD018.fmx,inventory/stock,FMX/compiled,ONEX_INVENTORY_COMPAT,INVENTORY,3,docs/window_catalog.csv,MAPPED_NOT_RUNTIME_VERIFIED
MTXGLD019.fmx,inventory/stock,FMX/compiled,ONEX_INVENTORY_COMPAT,INVENTORY,3,docs/window_catalog.csv,MAPPED_NOT_RUNTIME_VERIFIED
MTXGLD021.fmx,inventory/stock,FMX/compiled,ONEX_INVENTORY_COMPAT,INVENTORY,3,docs/window_catalog.csv,MAPPED_NOT_RUNTIME_VERIFIED
MTXGLR018.fmx,inventory/stock,FMX/compiled,ONEX_INVENTORY_COMPAT,INVENTORY,3,docs/window_catalog.csv,MAPPED_NOT_RUNTIME_VERIFIED
MTXGLR019.fmx,inventory/stock,FMX/compiled,ONEX_INVENTORY_COMPAT,INVENTORY,3,docs/window_catalog.csv,MAPPED_NOT_RUNTIME_VERIFIED
MTXGRP009.fmx,inventory/stock,FMX/compiled,ONEX_INVENTORY_COMPAT,INVENTORY,3,docs/window_catalog.csv,MAPPED_NOT_RUNTIME_VERIFIED
MTXIAMD01.fmx,inventory/stock,FMX/compiled,ONEX_INVENTORY_COMPAT,INVENTORY,3,docs/window_catalog.csv,MAPPED_NOT_RUNTIME_VERIFIED
MTXINR001.fmx,inventory/stock,FMX/compiled,ONEX_INVENTORY_COMPAT,INVENTORY,3,docs/window_catalog.csv,MAPPED_NOT_RUNTIME_VERIFIED
MTXINR002.fmx,inventory/stock,FMX/compiled,ONEX_INVENTORY_COMPAT,INVENTORY,3,docs/window_catalog.csv,MAPPED_NOT_RUNTIME_VERIFIED
MTXINR003.fmx,inventory/stock,FMX/compiled,ONEX_INVENTORY_COMPAT,INVENTORY,3,docs/window_catalog.csv,MAPPED_NOT_RUNTIME_VERIFIED
MTXINR018.fmx,inventory/stock,FMX/compiled,ONEX_INVENTORY_COMPAT,INVENTORY,3,docs/window_catalog.csv,MAPPED_NOT_RUNTIME_VERIFIED
MTXINR021.fmx,inventory/stock,FMX/compiled,ONEX_INVENTORY_COMPAT,INVENTORY,3,docs/window_catalog.csv,MAPPED_NOT_RUNTIME_VERIFIED
MTXINW002.fmx,inventory/stock,FMX/compiled,ONEX_INVENTORY_COMPAT,INVENTORY,3,docs/window_catalog.csv,MAPPED_NOT_RUNTIME_VERIFIED
MTXINW003.fmx,inventory/stock,FMX/compiled,ONEX_INVENTORY_COMPAT,INVENTORY,3,docs/window_catalog.csv,MAPPED_NOT_RUNTIME_VERIFIED
MTXINW006.fmx,inventory/stock,FMX/compiled,ONEX_INVENTORY_COMPAT,INVENTORY,3,docs/window_catalog.csv,MAPPED_NOT_RUNTIME_VERIFIED
MTXINW007.fmx,inventory/stock,FMX/compiled,ONEX_INVENTORY_COMPAT,INVENTORY,3,docs/window_catalog.csv,MAPPED_NOT_RUNTIME_VERIFIED
MTXINW008.fmx,inventory/stock,FMX/compiled,ONEX_INVENTORY_COMPAT,INVENTORY,3,docs/window_catalog.csv,MAPPED_NOT_RUNTIME_VERIFIED
MTXINW009.fmx,inventory/stock,FMX/compiled,ONEX_INVENTORY_COMPAT,INVENTORY,3,docs/window_catalog.csv,MAPPED_NOT_RUNTIME_VERIFIED
MTXINW010.fmx,inventory/stock,FMX/compiled,ONEX_INVENTORY_COMPAT,INVENTORY,3,docs/window_catalog.csv,MAPPED_NOT_RUNTIME_VERIFIED
MTXMNT001.fmx,inventory/stock,FMX/compiled,ONEX_INVENTORY_COMPAT,INVENTORY,3,docs/window_catalog.csv,MAPPED_NOT_RUNTIME_VERIFIED
MTXMNT003.fmx,inventory/stock,FMX/compiled,ONEX_INVENTORY_COMPAT,INVENTORY,3,docs/window_catalog.csv,MAPPED_NOT_RUNTIME_VERIFIED
MTXMNT007.fmx,inventory/stock,FMX/compiled,ONEX_INVENTORY_COMPAT,INVENTORY,3,docs/window_catalog.csv,MAPPED_NOT_RUNTIME_VERIFIED
MTXMNT010.fmx,inventory/stock,FMX/compiled,ONEX_INVENTORY_COMPAT,INVENTORY,3,docs/window_catalog.csv,MAPPED_NOT_RUNTIME_VERIFIED
MTXOAMD01.fmx,inventory/stock,FMX/compiled,ONEX_INVENTORY_COMPAT,INVENTORY,3,docs/window_catalog.csv,MAPPED_NOT_RUNTIME_VERIFIED
MTXOCKR001.fmx,inventory/stock,FMX/compiled,ONEX_INVENTORY_COMPAT,INVENTORY,3,docs/window_catalog.csv,MAPPED_NOT_RUNTIME_VERIFIED
MTXOCKR002.fmx,inventory/stock,FMX/compiled,ONEX_INVENTORY_COMPAT,INVENTORY,3,docs/window_catalog.csv,MAPPED_NOT_RUNTIME_VERIFIED
MTXOCKR003.fmx,inventory/stock,FMX/compiled,ONEX_INVENTORY_COMPAT,INVENTORY,3,docs/window_catalog.csv,MAPPED_NOT_RUNTIME_VERIFIED
MTXOCKR004.fmx,inventory/stock,FMX/compiled,ONEX_INVENTORY_COMPAT,INVENTORY,3,docs/window_catalog.csv,MAPPED_NOT_RUNTIME_VERIFIED
MTXOCKR005.fmx,inventory/stock,FMX/compiled,ONEX_INVENTORY_COMPAT,INVENTORY,3,docs/window_catalog.csv,MAPPED_NOT_RUNTIME_VERIFIED
MTXOCKR006.fmx,inventory/stock,FMX/compiled,ONEX_INVENTORY_COMPAT,INVENTORY,3,docs/window_catalog.csv,MAPPED_NOT_RUNTIME_VERIFIED
MTXOUT001.fmx,inventory/stock,FMX/compiled,ONEX_INVENTORY_COMPAT,INVENTORY,3,docs/window_catalog.csv,MAPPED_NOT_RUNTIME_VERIFIED
MTXOUT002.fmx,inventory/stock,FMX/compiled,ONEX_INVENTORY_COMPAT,INVENTORY,3,docs/window_catalog.csv,MAPPED_NOT_RUNTIME_VERIFIED
MTXOUT003.fmx,inventory/stock,FMX/compiled,ONEX_INVENTORY_COMPAT,INVENTORY,3,docs/window_catalog.csv,MAPPED_NOT_RUNTIME_VERIFIED
MTXOUT004.fmx,inventory/stock,FMX/compiled,ONEX_INVENTORY_COMPAT,INVENTORY,3,docs/window_catalog.csv,MAPPED_NOT_RUNTIME_VERIFIED
MTXOUT005.fmx,inventory/stock,FMX/compiled,ONEX_INVENTORY_COMPAT,INVENTORY,3,docs/window_catalog.csv,MAPPED_NOT_RUNTIME_VERIFIED
MTXOUT010.fmx,inventory/stock,FMX/compiled,ONEX_INVENTORY_COMPAT,INVENTORY,3,docs/window_catalog.csv,MAPPED_NOT_RUNTIME_VERIFIED
MTXOUT014.fmx,inventory/stock,FMX/compiled,ONEX_INVENTORY_COMPAT,INVENTORY,3,docs/window_catalog.csv,MAPPED_NOT_RUNTIME_VERIFIED
MTXOUT015.fmx,inventory/stock,FMX/compiled,ONEX_INVENTORY_COMPAT,INVENTORY,3,docs/window_catalog.csv,MAPPED_NOT_RUNTIME_VERIFIED
MTXOUT016.fmx,inventory/stock,FMX/compiled,ONEX_INVENTORY_COMPAT,INVENTORY,3,docs/window_catalog.csv,MAPPED_NOT_RUNTIME_VERIFIED
MTXOUT017.fmx,inventory/stock,FMX/compiled,ONEX_INVENTORY_COMPAT,INVENTORY,3,docs/window_catalog.csv,MAPPED_NOT_RUNTIME_VERIFIED
MTXOUT018.fmx,inventory/stock,FMX/compiled,ONEX_INVENTORY_COMPAT,INVENTORY,3,docs/window_catalog.csv,MAPPED_NOT_RUNTIME_VERIFIED
MTXOUT019.fmx,inventory/stock,FMX/compiled,ONEX_INVENTORY_COMPAT,INVENTORY,3,docs/window_catalog.csv,MAPPED_NOT_RUNTIME_VERIFIED
MTXOUTR001.fmx,inventory/stock,FMX/compiled,ONEX_INVENTORY_COMPAT,INVENTORY,3,docs/window_catalog.csv,MAPPED_NOT_RUNTIME_VERIFIED
MTXOUTR008.fmx,inventory/stock,FMX/compiled,ONEX_INVENTORY_COMPAT,INVENTORY,3,docs/window_catalog.csv,MAPPED_NOT_RUNTIME_VERIFIED
MTXOUTR010.fmx,inventory/stock,FMX/compiled,ONEX_INVENTORY_COMPAT,INVENTORY,3,docs/window_catalog.csv,MAPPED_NOT_RUNTIME_VERIFIED
MTXOUTR011.fmx,inventory/stock,FMX/compiled,ONEX_INVENTORY_COMPAT,INVENTORY,3,docs/window_catalog.csv,MAPPED_NOT_RUNTIME_VERIFIED
MTXOUTR09.fmx,inventory/stock,FMX/compiled,ONEX_INVENTORY_COMPAT,INVENTORY,3,docs/window_catalog.csv,MAPPED_NOT_RUNTIME_VERIFIED
MTXRESBKUP.fmx,inventory/stock,FMX/compiled,ONEX_INVENTORY_COMPAT,INVENTORY,3,docs/window_catalog.csv,MAPPED_NOT_RUNTIME_VERIFIED
MTXROP002.fmx,inventory/stock,FMX/compiled,ONEX_INVENTORY_COMPAT,INVENTORY,3,docs/window_catalog.csv,MAPPED_NOT_RUNTIME_VERIFIED
MTXRP39.fmx,inventory/stock,FMX/compiled,ONEX_INVENTORY_COMPAT,INVENTORY,3,docs/window_catalog.csv,MAPPED_NOT_RUNTIME_VERIFIED
MTXSTP001.fmx,inventory/stock,FMX/compiled,ONEX_INVENTORY_COMPAT,INVENTORY,3,docs/window_catalog.csv,MAPPED_NOT_RUNTIME_VERIFIED
MTXSTP002.fmx,inventory/stock,FMX/compiled,ONEX_INVENTORY_COMPAT,INVENTORY,3,docs/window_catalog.csv,MAPPED_NOT_RUNTIME_VERIFIED
MTXSTP006.fmx,inventory/stock,FMX/compiled,ONEX_INVENTORY_COMPAT,INVENTORY,3,docs/window_catalog.csv,MAPPED_NOT_RUNTIME_VERIFIED
MTXSTP007.fmx,inventory/stock,FMX/compiled,ONEX_INVENTORY_COMPAT,INVENTORY,3,docs/window_catalog.csv,MAPPED_NOT_RUNTIME_VERIFIED
MTXSTP009.fmx,inventory/stock,FMX/compiled,ONEX_INVENTORY_COMPAT,INVENTORY,3,docs/window_catalog.csv,MAPPED_NOT_RUNTIME_VERIFIED
MTXSTP010.fmx,inventory/stock,FMX/compiled,ONEX_INVENTORY_COMPAT,INVENTORY,3,docs/window_catalog.csv,MAPPED_NOT_RUNTIME_VERIFIED
MTXSTP011.fmx,inventory/stock,FMX/compiled,ONEX_INVENTORY_COMPAT,INVENTORY,3,docs/window_catalog.csv,MAPPED_NOT_RUNTIME_VERIFIED
MTXSTP012.fmx,inventory/stock,FMX/compiled,ONEX_INVENTORY_COMPAT,INVENTORY,3,docs/window_catalog.csv,MAPPED_NOT_RUNTIME_VERIFIED
MTXSTP022.fmx,inventory/stock,FMX/compiled,ONEX_INVENTORY_COMPAT,INVENTORY,3,docs/window_catalog.csv,MAPPED_NOT_RUNTIME_VERIFIED
MTXSTP024.fmx,inventory/stock,FMX/compiled,ONEX_INVENTORY_COMPAT,INVENTORY,3,docs/window_catalog.csv,MAPPED_NOT_RUNTIME_VERIFIED
MTXSTP026.fmx,inventory/stock,FMX/compiled,ONEX_INVENTORY_COMPAT,INVENTORY,3,docs/window_catalog.csv,MAPPED_NOT_RUNTIME_VERIFIED
MTXSTP036.fmx,inventory/stock,FMX/compiled,ONEX_INVENTORY_COMPAT,INVENTORY,3,docs/window_catalog.csv,MAPPED_NOT_RUNTIME_VERIFIED
MTXSTP040.fmx,inventory/stock,FMX/compiled,ONEX_INVENTORY_COMPAT,INVENTORY,3,docs/window_catalog.csv,MAPPED_NOT_RUNTIME_VERIFIED
MTXSTP042.fmx,inventory/stock,FMX/compiled,ONEX_INVENTORY_COMPAT,INVENTORY,3,docs/window_catalog.csv,MAPPED_NOT_RUNTIME_VERIFIED
MTXSTP043.fmx,inventory/stock,FMX/compiled,ONEX_INVENTORY_COMPAT,INVENTORY,3,docs/window_catalog.csv,MAPPED_NOT_RUNTIME_VERIFIED
MTXTRS001.fmx,inventory/stock,FMX/compiled,ONEX_INVENTORY_COMPAT,INVENTORY,3,docs/window_catalog.csv,MAPPED_NOT_RUNTIME_VERIFIED
MTXTRS002.fmx,inventory/stock,FMX/compiled,ONEX_INVENTORY_COMPAT,INVENTORY,3,docs/window_catalog.csv,MAPPED_NOT_RUNTIME_VERIFIED
MTXTRSR01.fmx,inventory/stock,FMX/compiled,ONEX_INVENTORY_COMPAT,INVENTORY,3,docs/window_catalog.csv,MAPPED_NOT_RUNTIME_VERIFIED
MTXTRSR02.fmx,inventory/stock,FMX/compiled,ONEX_INVENTORY_COMPAT,INVENTORY,3,docs/window_catalog.csv,MAPPED_NOT_RUNTIME_VERIFIED
MTXTRSR03.fmx,inventory/stock,FMX/compiled,ONEX_INVENTORY_COMPAT,INVENTORY,3,docs/window_catalog.csv,MAPPED_NOT_RUNTIME_VERIFIED
MTXTRV002.fmx,inventory/stock,FMX/compiled,ONEX_INVENTORY_COMPAT,INVENTORY,3,docs/window_catalog.csv,MAPPED_NOT_RUNTIME_VERIFIED
MTXTRV004.fmx,inventory/stock,FMX/compiled,ONEX_INVENTORY_COMPAT,INVENTORY,3,docs/window_catalog.csv,MAPPED_NOT_RUNTIME_VERIFIED
MTXWST002.fmx,inventory/stock,FMX/compiled,ONEX_INVENTORY_COMPAT,INVENTORY,3,docs/window_catalog.csv,MAPPED_NOT_RUNTIME_VERIFIED
MTXWST003.fmx,inventory/stock,FMX/compiled,ONEX_INVENTORY_COMPAT,INVENTORY,3,docs/window_catalog.csv,MAPPED_NOT_RUNTIME_VERIFIED
MTXXCH009.fmx,inventory/stock,FMX/compiled,ONEX_INVENTORY_COMPAT,INVENTORY,3,docs/window_catalog.csv,MAPPED_NOT_RUNTIME_VERIFIED
MTXXCH011.fmx,inventory/stock,FMX/compiled,ONEX_INVENTORY_COMPAT,INVENTORY,3,docs/window_catalog.csv,MAPPED_NOT_RUNTIME_VERIFIED
MTX_ERP_DBA.fmx,inventory/stock,FMX/compiled,ONEX_INVENTORY_COMPAT,INVENTORY,3,docs/window_catalog.csv,MAPPED_NOT_RUNTIME_VERIFIED
MtxXrp001.fmx,inventory/stock,FMX/compiled,ONEX_INVENTORY_COMPAT,INVENTORY,3,docs/window_catalog.csv,MAPPED_NOT_RUNTIME_VERIFIED
MtxXrp002.fmx,inventory/stock,FMX/compiled,ONEX_INVENTORY_COMPAT,INVENTORY,3,docs/window_catalog.csv,MAPPED_NOT_RUNTIME_VERIFIED
MtxXrp003.fmx,inventory/stock,FMX/compiled,ONEX_INVENTORY_COMPAT,INVENTORY,3,docs/window_catalog.csv,MAPPED_NOT_RUNTIME_VERIFIED
MtxXrp004.fmx,inventory/stock,FMX/compiled,ONEX_INVENTORY_COMPAT,INVENTORY,3,docs/window_catalog.csv,MAPPED_NOT_RUNTIME_VERIFIED
MtxXrp022.fmx,inventory/stock,FMX/compiled,ONEX_INVENTORY_COMPAT,INVENTORY,3,docs/window_catalog.csv,MAPPED_NOT_RUNTIME_VERIFIED
Mtxblr001.fmx,inventory/stock,FMX/compiled,ONEX_INVENTORY_COMPAT,INVENTORY,3,docs/window_catalog.csv,MAPPED_NOT_RUNTIME_VERIFIED
Mtxcrp001.fmx,inventory/stock,FMX/compiled,ONEX_INVENTORY_COMPAT,INVENTORY,3,docs/window_catalog.csv,MAPPED_NOT_RUNTIME_VERIFIED
Mtxcrp002.fmx,inventory/stock,FMX/compiled,ONEX_INVENTORY_COMPAT,INVENTORY,3,docs/window_catalog.csv,MAPPED_NOT_RUNTIME_VERIFIED
Mtxcrp006.fmx,inventory/stock,FMX/compiled,ONEX_INVENTORY_COMPAT,INVENTORY,3,docs/window_catalog.csv,MAPPED_NOT_RUNTIME_VERIFIED
Mtxcrp007.fmx,inventory/stock,FMX/compiled,ONEX_INVENTORY_COMPAT,INVENTORY,3,docs/window_catalog.csv,MAPPED_NOT_RUNTIME_VERIFIED
Mtxcrp008.fmx,inventory/stock,FMX/compiled,ONEX_INVENTORY_COMPAT,INVENTORY,3,docs/window_catalog.csv,MAPPED_NOT_RUNTIME_VERIFIED
Mtxcrp009.fmx,inventory/stock,FMX/compiled,ONEX_INVENTORY_COMPAT,INVENTORY,3,docs/window_catalog.csv,MAPPED_NOT_RUNTIME_VERIFIED
Mtxcrp010.fmx,inventory/stock,FMX/compiled,ONEX_INVENTORY_COMPAT,INVENTORY,3,docs/window_catalog.csv,MAPPED_NOT_RUNTIME_VERIFIED
Mtxcrp011.fmx,inventory/stock,FMX/compiled,ONEX_INVENTORY_COMPAT,INVENTORY,3,docs/window_catalog.csv,MAPPED_NOT_RUNTIME_VERIFIED
Mtxusr001.fmx,inventory/stock,FMX/compiled,ONEX_INVENTORY_COMPAT,INVENTORY,3,docs/window_catalog.csv,MAPPED_NOT_RUNTIME_VERIFIED
Mtxxrp005.fmx,inventory/stock,FMX/compiled,ONEX_INVENTORY_COMPAT,INVENTORY,3,docs/window_catalog.csv,MAPPED_NOT_RUNTIME_VERIFIED
Mtxxrp006.fmx,inventory/stock,FMX/compiled,ONEX_INVENTORY_COMPAT,INVENTORY,3,docs/window_catalog.csv,MAPPED_NOT_RUNTIME_VERIFIED
Mtxxrp007.fmx,inventory/stock,FMX/compiled,ONEX_INVENTORY_COMPAT,INVENTORY,3,docs/window_catalog.csv,MAPPED_NOT_RUNTIME_VERIFIED
Mtxxrp008.fmx,inventory/stock,FMX/compiled,ONEX_INVENTORY_COMPAT,INVENTORY,3,docs/window_catalog.csv,MAPPED_NOT_RUNTIME_VERIFIED
Mtxxrp009.fmx,inventory/stock,FMX/compiled,ONEX_INVENTORY_COMPAT,INVENTORY,3,docs/window_catalog.csv,MAPPED_NOT_RUNTIME_VERIFIED
Mtxxrp011.fmx,inventory/stock,FMX/compiled,ONEX_INVENTORY_COMPAT,INVENTORY,3,docs/window_catalog.csv,MAPPED_NOT_RUNTIME_VERIFIED
Mtxxrp024.fmx,inventory/stock,FMX/compiled,ONEX_INVENTORY_COMPAT,INVENTORY,3,docs/window_catalog.csv,MAPPED_NOT_RUNTIME_VERIFIED
OTHR001.fmx,other,FMX/compiled,ONEX_ADMIN_COMPAT,ADMIN,0,docs/window_catalog.csv,MAPPED_NOT_RUNTIME_VERIFIED
OTHR002.fmx,other,FMX/compiled,ONEX_ADMIN_COMPAT,ADMIN,0,docs/window_catalog.csv,MAPPED_NOT_RUNTIME_VERIFIED
OTHR004.fmx,other,FMX/compiled,ONEX_ADMIN_COMPAT,ADMIN,0,docs/window_catalog.csv,MAPPED_NOT_RUNTIME_VERIFIED
OTHR005.fmx,other,FMX/compiled,ONEX_ADMIN_COMPAT,ADMIN,0,docs/window_catalog.csv,MAPPED_NOT_RUNTIME_VERIFIED
PMSI022.fmx,MRP/treasury,FMX/compiled,ONEX_MRP_COMPAT,MRP,4,docs/window_catalog.csv,MAPPED_NOT_RUNTIME_VERIFIED
PMSI023.fmx,MRP/treasury,FMX/compiled,ONEX_MRP_COMPAT,MRP,4,docs/window_catalog.csv,MAPPED_NOT_RUNTIME_VERIFIED
PMSI024.fmx,MRP/treasury,FMX/compiled,ONEX_MRP_COMPAT,MRP,4,docs/window_catalog.csv,MAPPED_NOT_RUNTIME_VERIFIED
PMSI026.fmx,MRP/treasury,FMX/compiled,ONEX_MRP_COMPAT,MRP,4,docs/window_catalog.csv,MAPPED_NOT_RUNTIME_VERIFIED
PMSR001.fmx,MRP/treasury,FMX/compiled,ONEX_MRP_COMPAT,MRP,4,docs/window_catalog.csv,MAPPED_NOT_RUNTIME_VERIFIED
PMSR002.fmx,MRP/treasury,FMX/compiled,ONEX_MRP_COMPAT,MRP,4,docs/window_catalog.csv,MAPPED_NOT_RUNTIME_VERIFIED
PMSR003.fmx,MRP/treasury,FMX/compiled,ONEX_MRP_COMPAT,MRP,4,docs/window_catalog.csv,MAPPED_NOT_RUNTIME_VERIFIED
PMSR004.fmx,MRP/treasury,FMX/compiled,ONEX_MRP_COMPAT,MRP,4,docs/window_catalog.csv,MAPPED_NOT_RUNTIME_VERIFIED
PMSR005.fmx,MRP/treasury,FMX/compiled,ONEX_MRP_COMPAT,MRP,4,docs/window_catalog.csv,MAPPED_NOT_RUNTIME_VERIFIED
PMSR006.fmx,MRP/treasury,FMX/compiled,ONEX_MRP_COMPAT,MRP,4,docs/window_catalog.csv,MAPPED_NOT_RUNTIME_VERIFIED
PMSR007.fmx,MRP/treasury,FMX/compiled,ONEX_MRP_COMPAT,MRP,4,docs/window_catalog.csv,MAPPED_NOT_RUNTIME_VERIFIED
PMSR008.fmx,MRP/treasury,FMX/compiled,ONEX_MRP_COMPAT,MRP,4,docs/window_catalog.csv,MAPPED_NOT_RUNTIME_VERIFIED
PMSR009.fmx,MRP/treasury,FMX/compiled,ONEX_MRP_COMPAT,MRP,4,docs/window_catalog.csv,MAPPED_NOT_RUNTIME_VERIFIED
PMSR010.fmx,MRP/treasury,FMX/compiled,ONEX_MRP_COMPAT,MRP,4,docs/window_catalog.csv,MAPPED_NOT_RUNTIME_VERIFIED
PMSR011.fmx,MRP/treasury,FMX/compiled,ONEX_MRP_COMPAT,MRP,4,docs/window_catalog.csv,MAPPED_NOT_RUNTIME_VERIFIED
PMSR012.fmx,MRP/treasury,FMX/compiled,ONEX_MRP_COMPAT,MRP,4,docs/window_catalog.csv,MAPPED_NOT_RUNTIME_VERIFIED
PMSR013.fmx,MRP/treasury,FMX/compiled,ONEX_MRP_COMPAT,MRP,4,docs/window_catalog.csv,MAPPED_NOT_RUNTIME_VERIFIED
PMSR014.fmx,MRP/treasury,FMX/compiled,ONEX_MRP_COMPAT,MRP,4,docs/window_catalog.csv,MAPPED_NOT_RUNTIME_VERIFIED
PMSR015.fmx,MRP/treasury,FMX/compiled,ONEX_MRP_COMPAT,MRP,4,docs/window_catalog.csv,MAPPED_NOT_RUNTIME_VERIFIED
PMSR016.fmx,MRP/treasury,FMX/compiled,ONEX_MRP_COMPAT,MRP,4,docs/window_catalog.csv,MAPPED_NOT_RUNTIME_VERIFIED
PMSR017.fmx,MRP/treasury,FMX/compiled,ONEX_MRP_COMPAT,MRP,4,docs/window_catalog.csv,MAPPED_NOT_RUNTIME_VERIFIED
PMSR018.fmx,MRP/treasury,FMX/compiled,ONEX_MRP_COMPAT,MRP,4,docs/window_catalog.csv,MAPPED_NOT_RUNTIME_VERIFIED
PMSR019.fmx,MRP/treasury,FMX/compiled,ONEX_MRP_COMPAT,MRP,4,docs/window_catalog.csv,MAPPED_NOT_RUNTIME_VERIFIED
PMSR020.fmx,MRP/treasury,FMX/compiled,ONEX_MRP_COMPAT,MRP,4,docs/window_catalog.csv,MAPPED_NOT_RUNTIME_VERIFIED
PMSR021.fmx,MRP/treasury,FMX/compiled,ONEX_MRP_COMPAT,MRP,4,docs/window_catalog.csv,MAPPED_NOT_RUNTIME_VERIFIED
PMSR022.fmx,MRP/treasury,FMX/compiled,ONEX_MRP_COMPAT,MRP,4,docs/window_catalog.csv,MAPPED_NOT_RUNTIME_VERIFIED
PMSR023.fmx,MRP/treasury,FMX/compiled,ONEX_MRP_COMPAT,MRP,4,docs/window_catalog.csv,MAPPED_NOT_RUNTIME_VERIFIED
PMSS004.fmx,MRP/treasury,FMX/compiled,ONEX_MRP_COMPAT,MRP,4,docs/window_catalog.csv,MAPPED_NOT_RUNTIME_VERIFIED
PMSS005.fmx,MRP/treasury,FMX/compiled,ONEX_MRP_COMPAT,MRP,4,docs/window_catalog.csv,MAPPED_NOT_RUNTIME_VERIFIED
PMSS007.fmx,MRP/treasury,FMX/compiled,ONEX_MRP_COMPAT,MRP,4,docs/window_catalog.csv,MAPPED_NOT_RUNTIME_VERIFIED
PMSS008.fmx,MRP/treasury,FMX/compiled,ONEX_MRP_COMPAT,MRP,4,docs/window_catalog.csv,MAPPED_NOT_RUNTIME_VERIFIED
PMST062.fmx,MRP/treasury,FMX/compiled,ONEX_MRP_COMPAT,MRP,4,docs/window_catalog.csv,MAPPED_NOT_RUNTIME_VERIFIED
PMST063.fmx,MRP/treasury,FMX/compiled,ONEX_MRP_COMPAT,MRP,4,docs/window_catalog.csv,MAPPED_NOT_RUNTIME_VERIFIED
PMST068.fmx,MRP/treasury,FMX/compiled,ONEX_MRP_COMPAT,MRP,4,docs/window_catalog.csv,MAPPED_NOT_RUNTIME_VERIFIED
PMST069.fmx,MRP/treasury,FMX/compiled,ONEX_MRP_COMPAT,MRP,4,docs/window_catalog.csv,MAPPED_NOT_RUNTIME_VERIFIED
PMST070.fmx,MRP/treasury,FMX/compiled,ONEX_MRP_COMPAT,MRP,4,docs/window_catalog.csv,MAPPED_NOT_RUNTIME_VERIFIED
PMST071.fmx,MRP/treasury,FMX/compiled,ONEX_MRP_COMPAT,MRP,4,docs/window_catalog.csv,MAPPED_NOT_RUNTIME_VERIFIED
PMST080.fmx,MRP/treasury,FMX/compiled,ONEX_MRP_COMPAT,MRP,4,docs/window_catalog.csv,MAPPED_NOT_RUNTIME_VERIFIED
PMST081.fmx,MRP/treasury,FMX/compiled,ONEX_MRP_COMPAT,MRP,4,docs/window_catalog.csv,MAPPED_NOT_RUNTIME_VERIFIED
PMST082.fmx,MRP/treasury,FMX/compiled,ONEX_MRP_COMPAT,MRP,4,docs/window_catalog.csv,MAPPED_NOT_RUNTIME_VERIFIED
PMST083.fmx,MRP/treasury,FMX/compiled,ONEX_MRP_COMPAT,MRP,4,docs/window_catalog.csv,MAPPED_NOT_RUNTIME_VERIFIED
PMST090.fmx,MRP/treasury,FMX/compiled,ONEX_MRP_COMPAT,MRP,4,docs/window_catalog.csv,MAPPED_NOT_RUNTIME_VERIFIED
PMST091.fmx,MRP/treasury,FMX/compiled,ONEX_MRP_COMPAT,MRP,4,docs/window_catalog.csv,MAPPED_NOT_RUNTIME_VERIFIED
PMS_IMPXLS_1.fmx,MRP/treasury,FMX/compiled,ONEX_MRP_COMPAT,MRP,4,docs/window_catalog.csv,MAPPED_NOT_RUNTIME_VERIFIED
POSADVS.fmx,POS,FMX/compiled,ONEX_POS_COMPAT,POS,3,docs/window_catalog.csv,MAPPED_NOT_RUNTIME_VERIFIED
POSI001.fmx,POS,FMX/compiled,ONEX_POS_COMPAT,POS,3,docs/window_catalog.csv,MAPPED_NOT_RUNTIME_VERIFIED
POSI002.fmx,POS,FMX/compiled,ONEX_POS_COMPAT,POS,3,docs/window_catalog.csv,MAPPED_NOT_RUNTIME_VERIFIED
POSI003.fmx,POS,FMX/compiled,ONEX_POS_COMPAT,POS,3,docs/window_catalog.csv,MAPPED_NOT_RUNTIME_VERIFIED
POSI004.fmx,POS,FMX/compiled,ONEX_POS_COMPAT,POS,3,docs/window_catalog.csv,MAPPED_NOT_RUNTIME_VERIFIED
POSI005.fmx,POS,FMX/compiled,ONEX_POS_COMPAT,POS,3,docs/window_catalog.csv,MAPPED_NOT_RUNTIME_VERIFIED
POSI006.fmx,POS,FMX/compiled,ONEX_POS_COMPAT,POS,3,docs/window_catalog.csv,MAPPED_NOT_RUNTIME_VERIFIED
POSI007.fmx,POS,FMX/compiled,ONEX_POS_COMPAT,POS,3,docs/window_catalog.csv,MAPPED_NOT_RUNTIME_VERIFIED
POSI008.fmx,POS,FMX/compiled,ONEX_POS_COMPAT,POS,3,docs/window_catalog.csv,MAPPED_NOT_RUNTIME_VERIFIED
POSI009.fmx,POS,FMX/compiled,ONEX_POS_COMPAT,POS,3,docs/window_catalog.csv,MAPPED_NOT_RUNTIME_VERIFIED
POSI010.fmx,POS,FMX/compiled,ONEX_POS_COMPAT,POS,3,docs/window_catalog.csv,MAPPED_NOT_RUNTIME_VERIFIED
POSI011.fmx,POS,FMX/compiled,ONEX_POS_COMPAT,POS,3,docs/window_catalog.csv,MAPPED_NOT_RUNTIME_VERIFIED
POSI012.fmx,POS,FMX/compiled,ONEX_POS_COMPAT,POS,3,docs/window_catalog.csv,MAPPED_NOT_RUNTIME_VERIFIED
POSI014.fmx,POS,FMX/compiled,ONEX_POS_COMPAT,POS,3,docs/window_catalog.csv,MAPPED_NOT_RUNTIME_VERIFIED
POSLGN.fmx,POS,FMX/compiled,ONEX_POS_COMPAT,POS,3,docs/window_catalog.csv,MAPPED_NOT_RUNTIME_VERIFIED
POSR001.fmx,POS,FMX/compiled,ONEX_POS_COMPAT,POS,3,docs/window_catalog.csv,MAPPED_NOT_RUNTIME_VERIFIED
POSR002.fmx,POS,FMX/compiled,ONEX_POS_COMPAT,POS,3,docs/window_catalog.csv,MAPPED_NOT_RUNTIME_VERIFIED
POSR003.fmx,POS,FMX/compiled,ONEX_POS_COMPAT,POS,3,docs/window_catalog.csv,MAPPED_NOT_RUNTIME_VERIFIED
POSR004.fmx,POS,FMX/compiled,ONEX_POS_COMPAT,POS,3,docs/window_catalog.csv,MAPPED_NOT_RUNTIME_VERIFIED
POSR005.fmx,POS,FMX/compiled,ONEX_POS_COMPAT,POS,3,docs/window_catalog.csv,MAPPED_NOT_RUNTIME_VERIFIED
POSR006.fmx,POS,FMX/compiled,ONEX_POS_COMPAT,POS,3,docs/window_catalog.csv,MAPPED_NOT_RUNTIME_VERIFIED
POSR007.fmx,POS,FMX/compiled,ONEX_POS_COMPAT,POS,3,docs/window_catalog.csv,MAPPED_NOT_RUNTIME_VERIFIED
POSR008.fmx,POS,FMX/compiled,ONEX_POS_COMPAT,POS,3,docs/window_catalog.csv,MAPPED_NOT_RUNTIME_VERIFIED
POSR009.fmx,POS,FMX/compiled,ONEX_POS_COMPAT,POS,3,docs/window_catalog.csv,MAPPED_NOT_RUNTIME_VERIFIED
POSR010.fmx,POS,FMX/compiled,ONEX_POS_COMPAT,POS,3,docs/window_catalog.csv,MAPPED_NOT_RUNTIME_VERIFIED
POSR011.fmx,POS,FMX/compiled,ONEX_POS_COMPAT,POS,3,docs/window_catalog.csv,MAPPED_NOT_RUNTIME_VERIFIED
POSS001.fmx,POS,FMX/compiled,ONEX_POS_COMPAT,POS,3,docs/window_catalog.csv,MAPPED_NOT_RUNTIME_VERIFIED
POSS002.fmx,POS,FMX/compiled,ONEX_POS_COMPAT,POS,3,docs/window_catalog.csv,MAPPED_NOT_RUNTIME_VERIFIED
POSS003.fmx,POS,FMX/compiled,ONEX_POS_COMPAT,POS,3,docs/window_catalog.csv,MAPPED_NOT_RUNTIME_VERIFIED
POST001.fmx,POS,FMX/compiled,ONEX_POS_COMPAT,POS,3,docs/window_catalog.csv,MAPPED_NOT_RUNTIME_VERIFIED
POST002.fmx,POS,FMX/compiled,ONEX_POS_COMPAT,POS,3,docs/window_catalog.csv,MAPPED_NOT_RUNTIME_VERIFIED
POST003.fmx,POS,FMX/compiled,ONEX_POS_COMPAT,POS,3,docs/window_catalog.csv,MAPPED_NOT_RUNTIME_VERIFIED
POST004.fmx,POS,FMX/compiled,ONEX_POS_COMPAT,POS,3,docs/window_catalog.csv,MAPPED_NOT_RUNTIME_VERIFIED
POST005.fmx,POS,FMX/compiled,ONEX_POS_COMPAT,POS,3,docs/window_catalog.csv,MAPPED_NOT_RUNTIME_VERIFIED
POST006.fmx,POS,FMX/compiled,ONEX_POS_COMPAT,POS,3,docs/window_catalog.csv,MAPPED_NOT_RUNTIME_VERIFIED
POST008.fmx,POS,FMX/compiled,ONEX_POS_COMPAT,POS,3,docs/window_catalog.csv,MAPPED_NOT_RUNTIME_VERIFIED
POST009.fmx,POS,FMX/compiled,ONEX_POS_COMPAT,POS,3,docs/window_catalog.csv,MAPPED_NOT_RUNTIME_VERIFIED
POST010.fmx,POS,FMX/compiled,ONEX_POS_COMPAT,POS,3,docs/window_catalog.csv,MAPPED_NOT_RUNTIME_VERIFIED
POST011.fmx,POS,FMX/compiled,ONEX_POS_COMPAT,POS,3,docs/window_catalog.csv,MAPPED_NOT_RUNTIME_VERIFIED
POST012.fmx,POS,FMX/compiled,ONEX_POS_COMPAT,POS,3,docs/window_catalog.csv,MAPPED_NOT_RUNTIME_VERIFIED
POST013.fmx,POS,FMX/compiled,ONEX_POS_COMPAT,POS,3,docs/window_catalog.csv,MAPPED_NOT_RUNTIME_VERIFIED
POST014.fmx,POS,FMX/compiled,ONEX_POS_COMPAT,POS,3,docs/window_catalog.csv,MAPPED_NOT_RUNTIME_VERIFIED
POST015.fmx,POS,FMX/compiled,ONEX_POS_COMPAT,POS,3,docs/window_catalog.csv,MAPPED_NOT_RUNTIME_VERIFIED
POST016.fmx,POS,FMX/compiled,ONEX_POS_COMPAT,POS,3,docs/window_catalog.csv,MAPPED_NOT_RUNTIME_VERIFIED
POST017.fmx,POS,FMX/compiled,ONEX_POS_COMPAT,POS,3,docs/window_catalog.csv,MAPPED_NOT_RUNTIME_VERIFIED
POST018.fmx,POS,FMX/compiled,ONEX_POS_COMPAT,POS,3,docs/window_catalog.csv,MAPPED_NOT_RUNTIME_VERIFIED
POST019.fmx,POS,FMX/compiled,ONEX_POS_COMPAT,POS,3,docs/window_catalog.csv,MAPPED_NOT_RUNTIME_VERIFIED
POST020.fmx,POS,FMX/compiled,ONEX_POS_COMPAT,POS,3,docs/window_catalog.csv,MAPPED_NOT_RUNTIME_VERIFIED
POST021.fmx,POS,FMX/compiled,ONEX_POS_COMPAT,POS,3,docs/window_catalog.csv,MAPPED_NOT_RUNTIME_VERIFIED
POST022.fmx,POS,FMX/compiled,ONEX_POS_COMPAT,POS,3,docs/window_catalog.csv,MAPPED_NOT_RUNTIME_VERIFIED
POST_WST.fmx,POS,FMX/compiled,ONEX_POS_COMPAT,POS,3,docs/window_catalog.csv,MAPPED_NOT_RUNTIME_VERIFIED
POS_INSTALL.fmx,POS,FMX/compiled,ONEX_POS_COMPAT,POS,3,docs/window_catalog.csv,MAPPED_NOT_RUNTIME_VERIFIED
REMI001.fmx,other-finance/operations,FMX/compiled,ONEX_GL_COMPAT,GL,2,docs/window_catalog.csv,MAPPED_NOT_RUNTIME_VERIFIED
REMI003.fmx,other-finance/operations,FMX/compiled,ONEX_GL_COMPAT,GL,2,docs/window_catalog.csv,MAPPED_NOT_RUNTIME_VERIFIED
REMI010.fmx,other-finance/operations,FMX/compiled,ONEX_GL_COMPAT,GL,2,docs/window_catalog.csv,MAPPED_NOT_RUNTIME_VERIFIED
REMIMPXLS_REAL.fmx,other-finance/operations,FMX/compiled,ONEX_GL_COMPAT,GL,2,docs/window_catalog.csv,MAPPED_NOT_RUNTIME_VERIFIED
REMR003.fmx,other-finance/operations,FMX/compiled,ONEX_GL_COMPAT,GL,2,docs/window_catalog.csv,MAPPED_NOT_RUNTIME_VERIFIED
REMR005.fmx,other-finance/operations,FMX/compiled,ONEX_GL_COMPAT,GL,2,docs/window_catalog.csv,MAPPED_NOT_RUNTIME_VERIFIED
REMR006.fmx,other-finance/operations,FMX/compiled,ONEX_GL_COMPAT,GL,2,docs/window_catalog.csv,MAPPED_NOT_RUNTIME_VERIFIED
REMR008.fmx,other-finance/operations,FMX/compiled,ONEX_GL_COMPAT,GL,2,docs/window_catalog.csv,MAPPED_NOT_RUNTIME_VERIFIED
REMR009.fmx,other-finance/operations,FMX/compiled,ONEX_GL_COMPAT,GL,2,docs/window_catalog.csv,MAPPED_NOT_RUNTIME_VERIFIED
REMR010.fmx,other-finance/operations,FMX/compiled,ONEX_GL_COMPAT,GL,2,docs/window_catalog.csv,MAPPED_NOT_RUNTIME_VERIFIED
REMR012.fmx,other-finance/operations,FMX/compiled,ONEX_GL_COMPAT,GL,2,docs/window_catalog.csv,MAPPED_NOT_RUNTIME_VERIFIED
REMR014.fmx,other-finance/operations,FMX/compiled,ONEX_GL_COMPAT,GL,2,docs/window_catalog.csv,MAPPED_NOT_RUNTIME_VERIFIED
REMR020.fmx,other-finance/operations,FMX/compiled,ONEX_GL_COMPAT,GL,2,docs/window_catalog.csv,MAPPED_NOT_RUNTIME_VERIFIED
REMR022.fmx,other-finance/operations,FMX/compiled,ONEX_GL_COMPAT,GL,2,docs/window_catalog.csv,MAPPED_NOT_RUNTIME_VERIFIED
REMR030.fmx,other-finance/operations,FMX/compiled,ONEX_GL_COMPAT,GL,2,docs/window_catalog.csv,MAPPED_NOT_RUNTIME_VERIFIED
REMR031.fmx,other-finance/operations,FMX/compiled,ONEX_GL_COMPAT,GL,2,docs/window_catalog.csv,MAPPED_NOT_RUNTIME_VERIFIED
REMR032.fmx,other-finance/operations,FMX/compiled,ONEX_GL_COMPAT,GL,2,docs/window_catalog.csv,MAPPED_NOT_RUNTIME_VERIFIED
REMR033.fmx,other-finance/operations,FMX/compiled,ONEX_GL_COMPAT,GL,2,docs/window_catalog.csv,MAPPED_NOT_RUNTIME_VERIFIED
REMS001.fmx,other-finance/operations,FMX/compiled,ONEX_GL_COMPAT,GL,2,docs/window_catalog.csv,MAPPED_NOT_RUNTIME_VERIFIED
REMS004.fmx,other-finance/operations,FMX/compiled,ONEX_GL_COMPAT,GL,2,docs/window_catalog.csv,MAPPED_NOT_RUNTIME_VERIFIED
REMS006.fmx,other-finance/operations,FMX/compiled,ONEX_GL_COMPAT,GL,2,docs/window_catalog.csv,MAPPED_NOT_RUNTIME_VERIFIED
REMS008.fmx,other-finance/operations,FMX/compiled,ONEX_GL_COMPAT,GL,2,docs/window_catalog.csv,MAPPED_NOT_RUNTIME_VERIFIED
REMS010.fmx,other-finance/operations,FMX/compiled,ONEX_GL_COMPAT,GL,2,docs/window_catalog.csv,MAPPED_NOT_RUNTIME_VERIFIED
REMS011.fmx,other-finance/operations,FMX/compiled,ONEX_GL_COMPAT,GL,2,docs/window_catalog.csv,MAPPED_NOT_RUNTIME_VERIFIED
REMT001.fmx,other-finance/operations,FMX/compiled,ONEX_GL_COMPAT,GL,2,docs/window_catalog.csv,MAPPED_NOT_RUNTIME_VERIFIED
REMT003.fmx,other-finance/operations,FMX/compiled,ONEX_GL_COMPAT,GL,2,docs/window_catalog.csv,MAPPED_NOT_RUNTIME_VERIFIED
REMT004.fmx,other-finance/operations,FMX/compiled,ONEX_GL_COMPAT,GL,2,docs/window_catalog.csv,MAPPED_NOT_RUNTIME_VERIFIED
REMT005.fmx,other-finance/operations,FMX/compiled,ONEX_GL_COMPAT,GL,2,docs/window_catalog.csv,MAPPED_NOT_RUNTIME_VERIFIED
REMT006.fmx,other-finance/operations,FMX/compiled,ONEX_GL_COMPAT,GL,2,docs/window_catalog.csv,MAPPED_NOT_RUNTIME_VERIFIED
REMT010.fmx,other-finance/operations,FMX/compiled,ONEX_GL_COMPAT,GL,2,docs/window_catalog.csv,MAPPED_NOT_RUNTIME_VERIFIED
REMT011.fmx,other-finance/operations,FMX/compiled,ONEX_GL_COMPAT,GL,2,docs/window_catalog.csv,MAPPED_NOT_RUNTIME_VERIFIED
REMT012.fmx,other-finance/operations,FMX/compiled,ONEX_GL_COMPAT,GL,2,docs/window_catalog.csv,MAPPED_NOT_RUNTIME_VERIFIED
REMT014.fmx,other-finance/operations,FMX/compiled,ONEX_GL_COMPAT,GL,2,docs/window_catalog.csv,MAPPED_NOT_RUNTIME_VERIFIED
REMT015.fmx,other-finance/operations,FMX/compiled,ONEX_GL_COMPAT,GL,2,docs/window_catalog.csv,MAPPED_NOT_RUNTIME_VERIFIED
REMT020.fmx,other-finance/operations,FMX/compiled,ONEX_GL_COMPAT,GL,2,docs/window_catalog.csv,MAPPED_NOT_RUNTIME_VERIFIED
REMT022.fmx,other-finance/operations,FMX/compiled,ONEX_GL_COMPAT,GL,2,docs/window_catalog.csv,MAPPED_NOT_RUNTIME_VERIFIED
REMT024.fmx,other-finance/operations,FMX/compiled,ONEX_GL_COMPAT,GL,2,docs/window_catalog.csv,MAPPED_NOT_RUNTIME_VERIFIED
REMT025.fmx,other-finance/operations,FMX/compiled,ONEX_GL_COMPAT,GL,2,docs/window_catalog.csv,MAPPED_NOT_RUNTIME_VERIFIED
REMT030.fmx,other-finance/operations,FMX/compiled,ONEX_GL_COMPAT,GL,2,docs/window_catalog.csv,MAPPED_NOT_RUNTIME_VERIFIED
REM_ALRTS001.fmx,other-finance/operations,FMX/compiled,ONEX_GL_COMPAT,GL,2,docs/window_catalog.csv,MAPPED_NOT_RUNTIME_VERIFIED
REQFRMWEB.fmx,other,FMX/compiled,ONEX_ADMIN_COMPAT,ADMIN,0,docs/window_catalog.csv,MAPPED_NOT_RUNTIME_VERIFIED
REST001.fmx,other,FMX/compiled,ONEX_ADMIN_COMPAT,ADMIN,0,docs/window_catalog.csv,MAPPED_NOT_RUNTIME_VERIFIED
SEC001.fmx,other,FMX/compiled,ONEX_ADMIN_COMPAT,ADMIN,0,docs/window_catalog.csv,MAPPED_NOT_RUNTIME_VERIFIED
SEC002.fmx,other,FMX/compiled,ONEX_ADMIN_COMPAT,ADMIN,0,docs/window_catalog.csv,MAPPED_NOT_RUNTIME_VERIFIED
SEC003.fmx,other,FMX/compiled,ONEX_ADMIN_COMPAT,ADMIN,0,docs/window_catalog.csv,MAPPED_NOT_RUNTIME_VERIFIED
SEC004.fmx,other,FMX/compiled,ONEX_ADMIN_COMPAT,ADMIN,0,docs/window_catalog.csv,MAPPED_NOT_RUNTIME_VERIFIED
SEC005.fmx,other,FMX/compiled,ONEX_ADMIN_COMPAT,ADMIN,0,docs/window_catalog.csv,MAPPED_NOT_RUNTIME_VERIFIED
SECFM10.fmx,other,FMX/compiled,ONEX_ADMIN_COMPAT,ADMIN,0,docs/window_catalog.csv,MAPPED_NOT_RUNTIME_VERIFIED
SHLI001.fmx,other-finance/operations,FMX/compiled,ONEX_GL_COMPAT,GL,2,docs/window_catalog.csv,MAPPED_NOT_RUNTIME_VERIFIED
SHLI002.fmx,other-finance/operations,FMX/compiled,ONEX_GL_COMPAT,GL,2,docs/window_catalog.csv,MAPPED_NOT_RUNTIME_VERIFIED
SHLI003.fmx,other-finance/operations,FMX/compiled,ONEX_GL_COMPAT,GL,2,docs/window_catalog.csv,MAPPED_NOT_RUNTIME_VERIFIED
SHLR001.fmx,other-finance/operations,FMX/compiled,ONEX_GL_COMPAT,GL,2,docs/window_catalog.csv,MAPPED_NOT_RUNTIME_VERIFIED
SHLR002.fmx,other-finance/operations,FMX/compiled,ONEX_GL_COMPAT,GL,2,docs/window_catalog.csv,MAPPED_NOT_RUNTIME_VERIFIED
SHLR003.fmx,other-finance/operations,FMX/compiled,ONEX_GL_COMPAT,GL,2,docs/window_catalog.csv,MAPPED_NOT_RUNTIME_VERIFIED
SHLR004.fmx,other-finance/operations,FMX/compiled,ONEX_GL_COMPAT,GL,2,docs/window_catalog.csv,MAPPED_NOT_RUNTIME_VERIFIED
SHLR005.fmx,other-finance/operations,FMX/compiled,ONEX_GL_COMPAT,GL,2,docs/window_catalog.csv,MAPPED_NOT_RUNTIME_VERIFIED
SHLR006.fmx,other-finance/operations,FMX/compiled,ONEX_GL_COMPAT,GL,2,docs/window_catalog.csv,MAPPED_NOT_RUNTIME_VERIFIED
SHLR007.fmx,other-finance/operations,FMX/compiled,ONEX_GL_COMPAT,GL,2,docs/window_catalog.csv,MAPPED_NOT_RUNTIME_VERIFIED
SHLR008.fmx,other-finance/operations,FMX/compiled,ONEX_GL_COMPAT,GL,2,docs/window_catalog.csv,MAPPED_NOT_RUNTIME_VERIFIED
SHLR009.fmx,other-finance/operations,FMX/compiled,ONEX_GL_COMPAT,GL,2,docs/window_catalog.csv,MAPPED_NOT_RUNTIME_VERIFIED
SHLR010.fmx,other-finance/operations,FMX/compiled,ONEX_GL_COMPAT,GL,2,docs/window_catalog.csv,MAPPED_NOT_RUNTIME_VERIFIED
SHLR011.fmx,other-finance/operations,FMX/compiled,ONEX_GL_COMPAT,GL,2,docs/window_catalog.csv,MAPPED_NOT_RUNTIME_VERIFIED
SHLR012.fmx,other-finance/operations,FMX/compiled,ONEX_GL_COMPAT,GL,2,docs/window_catalog.csv,MAPPED_NOT_RUNTIME_VERIFIED
SHLR013.fmx,other-finance/operations,FMX/compiled,ONEX_GL_COMPAT,GL,2,docs/window_catalog.csv,MAPPED_NOT_RUNTIME_VERIFIED
SHLS001.fmx,other-finance/operations,FMX/compiled,ONEX_GL_COMPAT,GL,2,docs/window_catalog.csv,MAPPED_NOT_RUNTIME_VERIFIED
SHLS002.fmx,other-finance/operations,FMX/compiled,ONEX_GL_COMPAT,GL,2,docs/window_catalog.csv,MAPPED_NOT_RUNTIME_VERIFIED
SHLS003.fmx,other-finance/operations,FMX/compiled,ONEX_GL_COMPAT,GL,2,docs/window_catalog.csv,MAPPED_NOT_RUNTIME_VERIFIED
SHLS004.fmx,other-finance/operations,FMX/compiled,ONEX_GL_COMPAT,GL,2,docs/window_catalog.csv,MAPPED_NOT_RUNTIME_VERIFIED
SHLT001.fmx,other-finance/operations,FMX/compiled,ONEX_GL_COMPAT,GL,2,docs/window_catalog.csv,MAPPED_NOT_RUNTIME_VERIFIED
SHLT002.fmx,other-finance/operations,FMX/compiled,ONEX_GL_COMPAT,GL,2,docs/window_catalog.csv,MAPPED_NOT_RUNTIME_VERIFIED
SHLT003.fmx,other-finance/operations,FMX/compiled,ONEX_GL_COMPAT,GL,2,docs/window_catalog.csv,MAPPED_NOT_RUNTIME_VERIFIED
SHLT004.fmx,other-finance/operations,FMX/compiled,ONEX_GL_COMPAT,GL,2,docs/window_catalog.csv,MAPPED_NOT_RUNTIME_VERIFIED
SHLT005.fmx,other-finance/operations,FMX/compiled,ONEX_GL_COMPAT,GL,2,docs/window_catalog.csv,MAPPED_NOT_RUNTIME_VERIFIED
SHLT006.fmx,other-finance/operations,FMX/compiled,ONEX_GL_COMPAT,GL,2,docs/window_catalog.csv,MAPPED_NOT_RUNTIME_VERIFIED
SHLT007.fmx,other-finance/operations,FMX/compiled,ONEX_GL_COMPAT,GL,2,docs/window_catalog.csv,MAPPED_NOT_RUNTIME_VERIFIED
SHLT008.fmx,other-finance/operations,FMX/compiled,ONEX_GL_COMPAT,GL,2,docs/window_catalog.csv,MAPPED_NOT_RUNTIME_VERIFIED
SHLT010.fmx,other-finance/operations,FMX/compiled,ONEX_GL_COMPAT,GL,2,docs/window_catalog.csv,MAPPED_NOT_RUNTIME_VERIFIED
SHLT011.fmx,other-finance/operations,FMX/compiled,ONEX_GL_COMPAT,GL,2,docs/window_catalog.csv,MAPPED_NOT_RUNTIME_VERIFIED
SHOI001.fmx,other-finance/operations,FMX/compiled,ONEX_GL_COMPAT,GL,2,docs/window_catalog.csv,MAPPED_NOT_RUNTIME_VERIFIED
SHOI002.fmx,other-finance/operations,FMX/compiled,ONEX_GL_COMPAT,GL,2,docs/window_catalog.csv,MAPPED_NOT_RUNTIME_VERIFIED
SHOR001.fmx,other-finance/operations,FMX/compiled,ONEX_GL_COMPAT,GL,2,docs/window_catalog.csv,MAPPED_NOT_RUNTIME_VERIFIED
SHOS001.fmx,other-finance/operations,FMX/compiled,ONEX_GL_COMPAT,GL,2,docs/window_catalog.csv,MAPPED_NOT_RUNTIME_VERIFIED
SHP027.fmx,other-finance/operations,FMX/compiled,ONEX_GL_COMPAT,GL,2,docs/window_catalog.csv,MAPPED_NOT_RUNTIME_VERIFIED
SHPDBA.fmx,other-finance/operations,FMX/compiled,ONEX_GL_COMPAT,GL,2,docs/window_catalog.csv,MAPPED_NOT_RUNTIME_VERIFIED
SHPDBA_FULL.fmx,other-finance/operations,FMX/compiled,ONEX_GL_COMPAT,GL,2,docs/window_catalog.csv,MAPPED_NOT_RUNTIME_VERIFIED
SHPI001.fmx,other-finance/operations,FMX/compiled,ONEX_GL_COMPAT,GL,2,docs/window_catalog.csv,MAPPED_NOT_RUNTIME_VERIFIED
SHPI002.fmx,other-finance/operations,FMX/compiled,ONEX_GL_COMPAT,GL,2,docs/window_catalog.csv,MAPPED_NOT_RUNTIME_VERIFIED
SHPR001.fmx,other-finance/operations,FMX/compiled,ONEX_GL_COMPAT,GL,2,docs/window_catalog.csv,MAPPED_NOT_RUNTIME_VERIFIED
SHPR002.fmx,other-finance/operations,FMX/compiled,ONEX_GL_COMPAT,GL,2,docs/window_catalog.csv,MAPPED_NOT_RUNTIME_VERIFIED
SHPS001.fmx,other-finance/operations,FMX/compiled,ONEX_GL_COMPAT,GL,2,docs/window_catalog.csv,MAPPED_NOT_RUNTIME_VERIFIED
SHPS002.fmx,other-finance/operations,FMX/compiled,ONEX_GL_COMPAT,GL,2,docs/window_catalog.csv,MAPPED_NOT_RUNTIME_VERIFIED
SHPT001.fmx,other-finance/operations,FMX/compiled,ONEX_GL_COMPAT,GL,2,docs/window_catalog.csv,MAPPED_NOT_RUNTIME_VERIFIED
SHPT002.fmx,other-finance/operations,FMX/compiled,ONEX_GL_COMPAT,GL,2,docs/window_catalog.csv,MAPPED_NOT_RUNTIME_VERIFIED
SHPT003.fmx,other-finance/operations,FMX/compiled,ONEX_GL_COMPAT,GL,2,docs/window_catalog.csv,MAPPED_NOT_RUNTIME_VERIFIED
SHPT004.fmx,other-finance/operations,FMX/compiled,ONEX_GL_COMPAT,GL,2,docs/window_catalog.csv,MAPPED_NOT_RUNTIME_VERIFIED
SHPT005.fmx,other-finance/operations,FMX/compiled,ONEX_GL_COMPAT,GL,2,docs/window_catalog.csv,MAPPED_NOT_RUNTIME_VERIFIED
SHPT006.fmx,other-finance/operations,FMX/compiled,ONEX_GL_COMPAT,GL,2,docs/window_catalog.csv,MAPPED_NOT_RUNTIME_VERIFIED
SHPT007.fmx,other-finance/operations,FMX/compiled,ONEX_GL_COMPAT,GL,2,docs/window_catalog.csv,MAPPED_NOT_RUNTIME_VERIFIED
SHP_DBA.fmx,other-finance/operations,FMX/compiled,ONEX_GL_COMPAT,GL,2,docs/window_catalog.csv,MAPPED_NOT_RUNTIME_VERIFIED
STNI001.fmx,other,FMX/compiled,ONEX_ADMIN_COMPAT,ADMIN,0,docs/window_catalog.csv,MAPPED_NOT_RUNTIME_VERIFIED
STNR001.fmx,other,FMX/compiled,ONEX_ADMIN_COMPAT,ADMIN,0,docs/window_catalog.csv,MAPPED_NOT_RUNTIME_VERIFIED
STNR002.fmx,other,FMX/compiled,ONEX_ADMIN_COMPAT,ADMIN,0,docs/window_catalog.csv,MAPPED_NOT_RUNTIME_VERIFIED
STNR003.fmx,other,FMX/compiled,ONEX_ADMIN_COMPAT,ADMIN,0,docs/window_catalog.csv,MAPPED_NOT_RUNTIME_VERIFIED
STNR004.fmx,other,FMX/compiled,ONEX_ADMIN_COMPAT,ADMIN,0,docs/window_catalog.csv,MAPPED_NOT_RUNTIME_VERIFIED
STNR005.fmx,other,FMX/compiled,ONEX_ADMIN_COMPAT,ADMIN,0,docs/window_catalog.csv,MAPPED_NOT_RUNTIME_VERIFIED
STNS002.fmx,other,FMX/compiled,ONEX_ADMIN_COMPAT,ADMIN,0,docs/window_catalog.csv,MAPPED_NOT_RUNTIME_VERIFIED
STNS003.fmx,other,FMX/compiled,ONEX_ADMIN_COMPAT,ADMIN,0,docs/window_catalog.csv,MAPPED_NOT_RUNTIME_VERIFIED
STNS004.fmx,other,FMX/compiled,ONEX_ADMIN_COMPAT,ADMIN,0,docs/window_catalog.csv,MAPPED_NOT_RUNTIME_VERIFIED
STNT001.fmx,other,FMX/compiled,ONEX_ADMIN_COMPAT,ADMIN,0,docs/window_catalog.csv,MAPPED_NOT_RUNTIME_VERIFIED
STNT002.fmx,other,FMX/compiled,ONEX_ADMIN_COMPAT,ADMIN,0,docs/window_catalog.csv,MAPPED_NOT_RUNTIME_VERIFIED
STNT003.fmx,other,FMX/compiled,ONEX_ADMIN_COMPAT,ADMIN,0,docs/window_catalog.csv,MAPPED_NOT_RUNTIME_VERIFIED
STNT003_old.fmx,other,FMX/compiled,ONEX_ADMIN_COMPAT,ADMIN,0,docs/window_catalog.csv,MAPPED_NOT_RUNTIME_VERIFIED
STNT004.fmx,other,FMX/compiled,ONEX_ADMIN_COMPAT,ADMIN,0,docs/window_catalog.csv,MAPPED_NOT_RUNTIME_VERIFIED
TELEYEMEN_FNGI008.fmx,other,FMX/compiled,ONEX_ADMIN_COMPAT,ADMIN,0,docs/window_catalog.csv,MAPPED_NOT_RUNTIME_VERIFIED
YS_EMP_TRNS.fmx,other,FMX/compiled,ONEX_ADMIN_COMPAT,ADMIN,0,docs/window_catalog.csv,MAPPED_NOT_RUNTIME_VERIFIED
YS_EMP_UPD_DATA.fmx,other,FMX/compiled,ONEX_ADMIN_COMPAT,ADMIN,0,docs/window_catalog.csv,MAPPED_NOT_RUNTIME_VERIFIED
YS_FAS_FLTR.fmx,other,FMX/compiled,ONEX_ADMIN_COMPAT,ADMIN,0,docs/window_catalog.csv,MAPPED_NOT_RUNTIME_VERIFIED
YS_HRS_FLTR.fmx,other,FMX/compiled,ONEX_ADMIN_COMPAT,ADMIN,0,docs/window_catalog.csv,MAPPED_NOT_RUNTIME_VERIFIED
YS_ICODE_LOV.fmx,other,FMX/compiled,ONEX_ADMIN_COMPAT,ADMIN,0,docs/window_catalog.csv,MAPPED_NOT_RUNTIME_VERIFIED
YS_IMPXLS_EMP.fmx,other,FMX/compiled,ONEX_ADMIN_COMPAT,ADMIN,0,docs/window_catalog.csv,MAPPED_NOT_RUNTIME_VERIFIED
YS_IMPXLS_HRCHY.fmx,other,FMX/compiled,ONEX_ADMIN_COMPAT,ADMIN,0,docs/window_catalog.csv,MAPPED_NOT_RUNTIME_VERIFIED
activation_code.fmx,other,FMX/compiled,ONEX_ADMIN_COMPAT,ADMIN,0,docs/window_catalog.csv,MAPPED_NOT_RUNTIME_VERIFIED
fast090.fmx,GL/finance,FMX/compiled,ONEX_GL_COMPAT,GL,2,docs/window_catalog.csv,MAPPED_NOT_RUNTIME_VERIFIED
glsi007_acc_pj.fmx,GL/finance,FMX/compiled,ONEX_GL_COMPAT,GL,2,docs/window_catalog.csv,MAPPED_NOT_RUNTIME_VERIFIED
hrst0_11.fmx,HR,FMX/compiled,ONEX_HR_COMPAT,HR,4,docs/window_catalog.csv,MAPPED_NOT_RUNTIME_VERIFIED
jv_types.fmx,other,FMX/compiled,ONEX_ADMIN_COMPAT,ADMIN,0,docs/window_catalog.csv,MAPPED_NOT_RUNTIME_VERIFIED
mrpbom02.fmx,MRP/treasury,FMX/compiled,ONEX_MRP_COMPAT,MRP,4,docs/window_catalog.csv,MAPPED_NOT_RUNTIME_VERIFIED
mrpcrp22.fmx,MRP/treasury,FMX/compiled,ONEX_MRP_COMPAT,MRP,4,docs/window_catalog.csv,MAPPED_NOT_RUNTIME_VERIFIED
mrpmps03.fmx,MRP/treasury,FMX/compiled,ONEX_MRP_COMPAT,MRP,4,docs/window_catalog.csv,MAPPED_NOT_RUNTIME_VERIFIED
mrprepmps001.fmx,MRP/treasury,FMX/compiled,ONEX_MRP_COMPAT,MRP,4,docs/window_catalog.csv,MAPPED_NOT_RUNTIME_VERIFIED
mrprepmps0062.fmx,MRP/treasury,FMX/compiled,ONEX_MRP_COMPAT,MRP,4,docs/window_catalog.csv,MAPPED_NOT_RUNTIME_VERIFIED
mrprepsgs008.fmx,MRP/treasury,FMX/compiled,ONEX_MRP_COMPAT,MRP,4,docs/window_catalog.csv,MAPPED_NOT_RUNTIME_VERIFIED
mrprepsgs021.fmx,MRP/treasury,FMX/compiled,ONEX_MRP_COMPAT,MRP,4,docs/window_catalog.csv,MAPPED_NOT_RUNTIME_VERIFIED
mrpsgs05.fmx,MRP/treasury,FMX/compiled,ONEX_MRP_COMPAT,MRP,4,docs/window_catalog.csv,MAPPED_NOT_RUNTIME_VERIFIED
mrpsgs12.fmx,MRP/treasury,FMX/compiled,ONEX_MRP_COMPAT,MRP,4,docs/window_catalog.csv,MAPPED_NOT_RUNTIME_VERIFIED
mrpsgs21.fmx,MRP/treasury,FMX/compiled,ONEX_MRP_COMPAT,MRP,4,docs/window_catalog.csv,MAPPED_NOT_RUNTIME_VERIFIED
mtxacount.fmx,inventory/stock,FMX/compiled,ONEX_INVENTORY_COMPAT,INVENTORY,3,docs/window_catalog.csv,MAPPED_NOT_RUNTIME_VERIFIED
mtxbckrp01.fmx,inventory/stock,FMX/compiled,ONEX_INVENTORY_COMPAT,INVENTORY,3,docs/window_catalog.csv,MAPPED_NOT_RUNTIME_VERIFIED
mtxbckrp02.fmx,inventory/stock,FMX/compiled,ONEX_INVENTORY_COMPAT,INVENTORY,3,docs/window_catalog.csv,MAPPED_NOT_RUNTIME_VERIFIED
mtxbll002.fmx,inventory/stock,FMX/compiled,ONEX_INVENTORY_COMPAT,INVENTORY,3,docs/window_catalog.csv,MAPPED_NOT_RUNTIME_VERIFIED
mtxcckr02.fmx,inventory/stock,FMX/compiled,ONEX_INVENTORY_COMPAT,INVENTORY,3,docs/window_catalog.csv,MAPPED_NOT_RUNTIME_VERIFIED
mtxcod001.fmx,inventory/stock,FMX/compiled,ONEX_INVENTORY_COMPAT,INVENTORY,3,docs/window_catalog.csv,MAPPED_NOT_RUNTIME_VERIFIED
mtxcod002.fmx,inventory/stock,FMX/compiled,ONEX_INVENTORY_COMPAT,INVENTORY,3,docs/window_catalog.csv,MAPPED_NOT_RUNTIME_VERIFIED
mtxcod015.fmx,inventory/stock,FMX/compiled,ONEX_INVENTORY_COMPAT,INVENTORY,3,docs/window_catalog.csv,MAPPED_NOT_RUNTIME_VERIFIED
mtxcod017.fmx,inventory/stock,FMX/compiled,ONEX_INVENTORY_COMPAT,INVENTORY,3,docs/window_catalog.csv,MAPPED_NOT_RUNTIME_VERIFIED
mtxcod018.fmx,inventory/stock,FMX/compiled,ONEX_INVENTORY_COMPAT,INVENTORY,3,docs/window_catalog.csv,MAPPED_NOT_RUNTIME_VERIFIED
mtxcod020.fmx,inventory/stock,FMX/compiled,ONEX_INVENTORY_COMPAT,INVENTORY,3,docs/window_catalog.csv,MAPPED_NOT_RUNTIME_VERIFIED
mtxcsttr01.fmx,inventory/stock,FMX/compiled,ONEX_INVENTORY_COMPAT,INVENTORY,3,docs/window_catalog.csv,MAPPED_NOT_RUNTIME_VERIFIED
mtxcustr01.fmx,inventory/stock,FMX/compiled,ONEX_INVENTORY_COMPAT,INVENTORY,3,docs/window_catalog.csv,MAPPED_NOT_RUNTIME_VERIFIED
mtxdba002.fmx,inventory/stock,FMX/compiled,ONEX_INVENTORY_COMPAT,INVENTORY,3,docs/window_catalog.csv,MAPPED_NOT_RUNTIME_VERIFIED
mtxfeer03.fmx,inventory/stock,FMX/compiled,ONEX_INVENTORY_COMPAT,INVENTORY,3,docs/window_catalog.csv,MAPPED_NOT_RUNTIME_VERIFIED
mtxfeer04.fmx,inventory/stock,FMX/compiled,ONEX_INVENTORY_COMPAT,INVENTORY,3,docs/window_catalog.csv,MAPPED_NOT_RUNTIME_VERIFIED
mtxfeer05.fmx,inventory/stock,FMX/compiled,ONEX_INVENTORY_COMPAT,INVENTORY,3,docs/window_catalog.csv,MAPPED_NOT_RUNTIME_VERIFIED
mtxfeer06.fmx,inventory/stock,FMX/compiled,ONEX_INVENTORY_COMPAT,INVENTORY,3,docs/window_catalog.csv,MAPPED_NOT_RUNTIME_VERIFIED
mtxfeout01.fmx,inventory/stock,FMX/compiled,ONEX_INVENTORY_COMPAT,INVENTORY,3,docs/window_catalog.csv,MAPPED_NOT_RUNTIME_VERIFIED
mtxfil001.fmx,inventory/stock,FMX/compiled,ONEX_INVENTORY_COMPAT,INVENTORY,3,docs/window_catalog.csv,MAPPED_NOT_RUNTIME_VERIFIED
mtxgld002.fmx,inventory/stock,FMX/compiled,ONEX_INVENTORY_COMPAT,INVENTORY,3,docs/window_catalog.csv,MAPPED_NOT_RUNTIME_VERIFIED
mtxgld010.fmx,inventory/stock,FMX/compiled,ONEX_INVENTORY_COMPAT,INVENTORY,3,docs/window_catalog.csv,MAPPED_NOT_RUNTIME_VERIFIED
mtxgld011.fmx,inventory/stock,FMX/compiled,ONEX_INVENTORY_COMPAT,INVENTORY,3,docs/window_catalog.csv,MAPPED_NOT_RUNTIME_VERIFIED
mtxgld016.fmx,inventory/stock,FMX/compiled,ONEX_INVENTORY_COMPAT,INVENTORY,3,docs/window_catalog.csv,MAPPED_NOT_RUNTIME_VERIFIED
mtxgld022.fmx,inventory/stock,FMX/compiled,ONEX_INVENTORY_COMPAT,INVENTORY,3,docs/window_catalog.csv,MAPPED_NOT_RUNTIME_VERIFIED
mtxinr005.fmx,inventory/stock,FMX/compiled,ONEX_INVENTORY_COMPAT,INVENTORY,3,docs/window_catalog.csv,MAPPED_NOT_RUNTIME_VERIFIED
mtxinrep01.fmx,inventory/stock,FMX/compiled,ONEX_INVENTORY_COMPAT,INVENTORY,3,docs/window_catalog.csv,MAPPED_NOT_RUNTIME_VERIFIED
mtxinw001.fmx,inventory/stock,FMX/compiled,ONEX_INVENTORY_COMPAT,INVENTORY,3,docs/window_catalog.csv,MAPPED_NOT_RUNTIME_VERIFIED
mtxirp011.fmx,inventory/stock,FMX/compiled,ONEX_INVENTORY_COMPAT,INVENTORY,3,docs/window_catalog.csv,MAPPED_NOT_RUNTIME_VERIFIED
mtxirp015.fmx,inventory/stock,FMX/compiled,ONEX_INVENTORY_COMPAT,INVENTORY,3,docs/window_catalog.csv,MAPPED_NOT_RUNTIME_VERIFIED
mtxmnt005.fmx,inventory/stock,FMX/compiled,ONEX_INVENTORY_COMPAT,INVENTORY,3,docs/window_catalog.csv,MAPPED_NOT_RUNTIME_VERIFIED
mtxmnt006.fmx,inventory/stock,FMX/compiled,ONEX_INVENTORY_COMPAT,INVENTORY,3,docs/window_catalog.csv,MAPPED_NOT_RUNTIME_VERIFIED
mtxmnt009.fmx,inventory/stock,FMX/compiled,ONEX_INVENTORY_COMPAT,INVENTORY,3,docs/window_catalog.csv,MAPPED_NOT_RUNTIME_VERIFIED
mtxorp021.fmx,inventory/stock,FMX/compiled,ONEX_INVENTORY_COMPAT,INVENTORY,3,docs/window_catalog.csv,MAPPED_NOT_RUNTIME_VERIFIED
mtxout012.fmx,inventory/stock,FMX/compiled,ONEX_INVENTORY_COMPAT,INVENTORY,3,docs/window_catalog.csv,MAPPED_NOT_RUNTIME_VERIFIED
mtxout013.fmx,inventory/stock,FMX/compiled,ONEX_INVENTORY_COMPAT,INVENTORY,3,docs/window_catalog.csv,MAPPED_NOT_RUNTIME_VERIFIED
mtxoutr002.fmx,inventory/stock,FMX/compiled,ONEX_INVENTORY_COMPAT,INVENTORY,3,docs/window_catalog.csv,MAPPED_NOT_RUNTIME_VERIFIED
mtxprv001.fmx,inventory/stock,FMX/compiled,ONEX_INVENTORY_COMPAT,INVENTORY,3,docs/window_catalog.csv,MAPPED_NOT_RUNTIME_VERIFIED
mtxprv002.fmx,inventory/stock,FMX/compiled,ONEX_INVENTORY_COMPAT,INVENTORY,3,docs/window_catalog.csv,MAPPED_NOT_RUNTIME_VERIFIED
mtxrp43.fmx,inventory/stock,FMX/compiled,ONEX_INVENTORY_COMPAT,INVENTORY,3,docs/window_catalog.csv,MAPPED_NOT_RUNTIME_VERIFIED
mtxstp003.fmx,inventory/stock,FMX/compiled,ONEX_INVENTORY_COMPAT,INVENTORY,3,docs/window_catalog.csv,MAPPED_NOT_RUNTIME_VERIFIED
mtxstp004.fmx,inventory/stock,FMX/compiled,ONEX_INVENTORY_COMPAT,INVENTORY,3,docs/window_catalog.csv,MAPPED_NOT_RUNTIME_VERIFIED
mtxstp017.fmx,inventory/stock,FMX/compiled,ONEX_INVENTORY_COMPAT,INVENTORY,3,docs/window_catalog.csv,MAPPED_NOT_RUNTIME_VERIFIED
mtxstp029.fmx,inventory/stock,FMX/compiled,ONEX_INVENTORY_COMPAT,INVENTORY,3,docs/window_catalog.csv,MAPPED_NOT_RUNTIME_VERIFIED
mtxstp030.fmx,inventory/stock,FMX/compiled,ONEX_INVENTORY_COMPAT,INVENTORY,3,docs/window_catalog.csv,MAPPED_NOT_RUNTIME_VERIFIED
mtxstp031.fmx,inventory/stock,FMX/compiled,ONEX_INVENTORY_COMPAT,INVENTORY,3,docs/window_catalog.csv,MAPPED_NOT_RUNTIME_VERIFIED
mtxstp035.fmx,inventory/stock,FMX/compiled,ONEX_INVENTORY_COMPAT,INVENTORY,3,docs/window_catalog.csv,MAPPED_NOT_RUNTIME_VERIFIED
mtxstp037.fmx,inventory/stock,FMX/compiled,ONEX_INVENTORY_COMPAT,INVENTORY,3,docs/window_catalog.csv,MAPPED_NOT_RUNTIME_VERIFIED
mtxstpw035.fmx,inventory/stock,FMX/compiled,ONEX_INVENTORY_COMPAT,INVENTORY,3,docs/window_catalog.csv,MAPPED_NOT_RUNTIME_VERIFIED
mtxstr001.fmx,inventory/stock,FMX/compiled,ONEX_INVENTORY_COMPAT,INVENTORY,3,docs/window_catalog.csv,MAPPED_NOT_RUNTIME_VERIFIED
mtxtrs003.fmx,inventory/stock,FMX/compiled,ONEX_INVENTORY_COMPAT,INVENTORY,3,docs/window_catalog.csv,MAPPED_NOT_RUNTIME_VERIFIED
mtxtrv003.fmx,inventory/stock,FMX/compiled,ONEX_INVENTORY_COMPAT,INVENTORY,3,docs/window_catalog.csv,MAPPED_NOT_RUNTIME_VERIFIED
mtxusr002.fmx,inventory/stock,FMX/compiled,ONEX_INVENTORY_COMPAT,INVENTORY,3,docs/window_catalog.csv,MAPPED_NOT_RUNTIME_VERIFIED
mtxusr003.fmx,inventory/stock,FMX/compiled,ONEX_INVENTORY_COMPAT,INVENTORY,3,docs/window_catalog.csv,MAPPED_NOT_RUNTIME_VERIFIED
mtxusr004.fmx,inventory/stock,FMX/compiled,ONEX_INVENTORY_COMPAT,INVENTORY,3,docs/window_catalog.csv,MAPPED_NOT_RUNTIME_VERIFIED
mtxusr005.fmx,inventory/stock,FMX/compiled,ONEX_INVENTORY_COMPAT,INVENTORY,3,docs/window_catalog.csv,MAPPED_NOT_RUNTIME_VERIFIED
mtxwst001.fmx,inventory/stock,FMX/compiled,ONEX_INVENTORY_COMPAT,INVENTORY,3,docs/window_catalog.csv,MAPPED_NOT_RUNTIME_VERIFIED
mtxwst0011.fmx,inventory/stock,FMX/compiled,ONEX_INVENTORY_COMPAT,INVENTORY,3,docs/window_catalog.csv,MAPPED_NOT_RUNTIME_VERIFIED
mtxxch001.fmx,inventory/stock,FMX/compiled,ONEX_INVENTORY_COMPAT,INVENTORY,3,docs/window_catalog.csv,MAPPED_NOT_RUNTIME_VERIFIED
mtxxch003.fmx,inventory/stock,FMX/compiled,ONEX_INVENTORY_COMPAT,INVENTORY,3,docs/window_catalog.csv,MAPPED_NOT_RUNTIME_VERIFIED
mtxxch004.fmx,inventory/stock,FMX/compiled,ONEX_INVENTORY_COMPAT,INVENTORY,3,docs/window_catalog.csv,MAPPED_NOT_RUNTIME_VERIFIED
mtxxch007.fmx,inventory/stock,FMX/compiled,ONEX_INVENTORY_COMPAT,INVENTORY,3,docs/window_catalog.csv,MAPPED_NOT_RUNTIME_VERIFIED
mtxxch093.fmx,inventory/stock,FMX/compiled,ONEX_INVENTORY_COMPAT,INVENTORY,3,docs/window_catalog.csv,MAPPED_NOT_RUNTIME_VERIFIED
mtxxrp013.fmx,inventory/stock,FMX/compiled,ONEX_INVENTORY_COMPAT,INVENTORY,3,docs/window_catalog.csv,MAPPED_NOT_RUNTIME_VERIFIED
rep2excel.fmx,reports,FMX/compiled,ONEX_ADMIN_COMPAT,ADMIN,0,docs/window_catalog.csv,MAPPED_NOT_RUNTIME_VERIFIED
tabent.fmx,other,FMX/compiled,ONEX_ADMIN_COMPAT,ADMIN,0,docs/window_catalog.csv,MAPPED_NOT_RUNTIME_VERIFIED
tafkeet.fmx,other,FMX/compiled,ONEX_ADMIN_COMPAT,ADMIN,0,docs/window_catalog.csv,MAPPED_NOT_RUNTIME_VERIFIED
بADMT022.fmx,other,FMX/compiled,ONEX_ADMIN_COMPAT,ADMIN,0,docs/window_catalog.csv,MAPPED_NOT_RUNTIME_VERIFIED
ببADMT022.fmx,other,FMX/compiled,ONEX_ADMIN_COMPAT,ADMIN,0,docs/window_catalog.csv,MAPPED_NOT_RUNTIME_VERIFIED
