file,category,compiled_artifact,source_fmb,recovery_status,rebuild_spec,evidence
222INVT011.fmx,other,present_in_source_archive,not_found,fallback_rebuild_required,catalog_only,forms_index.tsv; 67 procedures; 12 triggers; 280 table indicators
22355INVT011.fmx,other,present_in_source_archive,not_found,fallback_rebuild_required,catalog_only,forms_index.tsv; 56 procedures; 9 triggers; 218 table indicators
2FNGI008.fmx,other,present_in_source_archive,not_found,fallback_rebuild_required,catalog_only,forms_index.tsv; 43 procedures; 8 triggers; 221 table indicators
33INVT011.fmx,other,present_in_source_archive,not_found,fallback_rebuild_required,catalog_only,forms_index.tsv; 56 procedures; 9 triggers; 223 table indicators
3433INVT011.fmx,other,present_in_source_archive,not_found,fallback_rebuild_required,catalog_only,forms_index.tsv; 50 procedures; 10 triggers; 207 table indicators
ADMHRST005.fmx,admin/system,present_in_source_archive,not_found,fallback_rebuild_required,catalog_only,forms_index.tsv; 41 procedures; 12 triggers; 136 table indicators
ADMHRST006.fmx,admin/system,present_in_source_archive,not_found,fallback_rebuild_required,catalog_only,forms_index.tsv; 39 procedures; 10 triggers; 101 table indicators
ADMI001.fmx,admin/system,present_in_source_archive,not_found,fallback_rebuild_required,catalog_only,forms_index.tsv; 33 procedures; 8 triggers; 73 table indicators
ADMI003.fmx,admin/system,present_in_source_archive,not_found,fallback_rebuild_required,catalog_only,forms_index.tsv; 108 procedures; 8 triggers; 360 table indicators
ADMI004.fmx,admin/system,present_in_source_archive,not_found,fallback_rebuild_required,catalog_only,forms_index.tsv; 32 procedures; 8 triggers; 53 table indicators
ADMI005.fmx,admin/system,present_in_source_archive,not_found,fallback_rebuild_required,catalog_only,forms_index.tsv; 41 procedures; 9 triggers; 172 table indicators
ADMI006.fmx,admin/system,present_in_source_archive,not_found,fallback_rebuild_required,catalog_only,forms_index.tsv; 35 procedures; 8 triggers; 77 table indicators
ADMI007.fmx,admin/system,present_in_source_archive,not_found,fallback_rebuild_required,catalog_only,forms_index.tsv; 35 procedures; 8 triggers; 69 table indicators
ADMI008.fmx,admin/system,present_in_source_archive,not_found,fallback_rebuild_required,catalog_only,forms_index.tsv; 35 procedures; 8 triggers; 67 table indicators
ADMI009.fmx,admin/system,present_in_source_archive,not_found,fallback_rebuild_required,catalog_only,forms_index.tsv; 34 procedures; 8 triggers; 122 table indicators
ADMI010.fmx,admin/system,present_in_source_archive,not_found,fallback_rebuild_required,catalog_only,forms_index.tsv; 35 procedures; 8 triggers; 70 table indicators
ADMI011.fmx,admin/system,present_in_source_archive,not_found,fallback_rebuild_required,catalog_only,forms_index.tsv; 42 procedures; 8 triggers; 184 table indicators
ADMI012.fmx,admin/system,present_in_source_archive,not_found,fallback_rebuild_required,catalog_only,forms_index.tsv; 35 procedures; 8 triggers; 77 table indicators
ADMI013.fmx,admin/system,present_in_source_archive,not_found,fallback_rebuild_required,catalog_only,forms_index.tsv; 35 procedures; 8 triggers; 62 table indicators
ADMI014.fmx,admin/system,present_in_source_archive,not_found,fallback_rebuild_required,catalog_only,forms_index.tsv; 34 procedures; 8 triggers; 59 table indicators
ADMI015.fmx,admin/system,present_in_source_archive,not_found,fallback_rebuild_required,catalog_only,forms_index.tsv; 32 procedures; 8 triggers; 50 table indicators
ADMI016.fmx,admin/system,present_in_source_archive,not_found,fallback_rebuild_required,catalog_only,forms_index.tsv; 34 procedures; 8 triggers; 75 table indicators
ADMI020.fmx,admin/system,present_in_source_archive,not_found,fallback_rebuild_required,catalog_only,forms_index.tsv; 34 procedures; 8 triggers; 57 table indicators
ADMI021.fmx,admin/system,present_in_source_archive,not_found,fallback_rebuild_required,catalog_only,forms_index.tsv; 33 procedures; 10 triggers; 78 table indicators
ADMINVI017.fmx,admin/system,present_in_source_archive,not_found,fallback_rebuild_required,catalog_only,forms_index.tsv; 36 procedures; 8 triggers; 146 table indicators
ADMQ001.fmx,admin/system,present_in_source_archive,not_found,fallback_rebuild_required,catalog_only,forms_index.tsv; 33 procedures; 8 triggers; 55 table indicators
ADMQ002.fmx,admin/system,present_in_source_archive,not_found,fallback_rebuild_required,catalog_only,forms_index.tsv; 32 procedures; 8 triggers; 61 table indicators
ADMQ003.fmx,admin/system,present_in_source_archive,not_found,fallback_rebuild_required,catalog_only,forms_index.tsv; 36 procedures; 8 triggers; 80 table indicators
ADMR010.fmx,admin/system,present_in_source_archive,not_found,fallback_rebuild_required,catalog_only,forms_index.tsv; 15 procedures; 3 triggers; 61 table indicators
ADMR020.fmx,admin/system,present_in_source_archive,not_found,fallback_rebuild_required,catalog_only,forms_index.tsv; 22 procedures; 6 triggers; 84 table indicators
ADMT020.fmx,admin/system,present_in_source_archive,not_found,fallback_rebuild_required,catalog_only,forms_index.tsv; 34 procedures; 8 triggers; 69 table indicators
ADMT021.fmx,admin/system,present_in_source_archive,not_found,fallback_rebuild_required,catalog_only,forms_index.tsv; 50 procedures; 8 triggers; 193 table indicators
ADMT022.fmx,admin/system,present_in_source_archive,not_found,fallback_rebuild_required,catalog_only,forms_index.tsv; 190 procedures; 12 triggers; 880 table indicators
ADMT022ث.fmx,admin/system,present_in_source_archive,not_found,fallback_rebuild_required,catalog_only,forms_index.tsv; 261 procedures; 14 triggers; 987 table indicators
ADMT023.fmx,admin/system,present_in_source_archive,not_found,fallback_rebuild_required,catalog_only,forms_index.tsv; 36 procedures; 8 triggers; 65 table indicators
ADMT024.fmx,admin/system,present_in_source_archive,not_found,fallback_rebuild_required,catalog_only,forms_index.tsv; 33 procedures; 8 triggers; 65 table indicators
ADMT025.fmx,admin/system,present_in_source_archive,not_found,fallback_rebuild_required,catalog_only,forms_index.tsv; 35 procedures; 8 triggers; 64 table indicators
ADMT027.fmx,admin/system,present_in_source_archive,not_found,fallback_rebuild_required,available_for_focus_forms,forms_index.tsv; 238 procedures; 14 triggers; 1511 table indicators
ADMT028.fmx,admin/system,present_in_source_archive,not_found,fallback_rebuild_required,catalog_only,forms_index.tsv; 33 procedures; 8 triggers; 63 table indicators
ADMT029.fmx,admin/system,present_in_source_archive,not_found,fallback_rebuild_required,catalog_only,forms_index.tsv; 39 procedures; 8 triggers; 102 table indicators
ADMT030.fmx,admin/system,present_in_source_archive,not_found,fallback_rebuild_required,catalog_only,forms_index.tsv; 33 procedures; 8 triggers; 142 table indicators
ADMT031.fmx,admin/system,present_in_source_archive,not_found,fallback_rebuild_required,catalog_only,forms_index.tsv; 33 procedures; 8 triggers; 142 table indicators
ALRTI003.fmx,other,present_in_source_archive,not_found,fallback_rebuild_required,catalog_only,forms_index.tsv; 37 procedures; 8 triggers; 73 table indicators
ALRTI004.fmx,other,present_in_source_archive,not_found,fallback_rebuild_required,catalog_only,forms_index.tsv; 35 procedures; 8 triggers; 82 table indicators
ALRTI005.fmx,other,present_in_source_archive,not_found,fallback_rebuild_required,catalog_only,forms_index.tsv; 36 procedures; 8 triggers; 70 table indicators
ALRTIMPXLS.fmx,other,present_in_source_archive,not_found,fallback_rebuild_required,catalog_only,forms_index.tsv; 36 procedures; 8 triggers; 69 table indicators
ALRTQ007.fmx,other,present_in_source_archive,not_found,fallback_rebuild_required,catalog_only,forms_index.tsv; 44 procedures; 8 triggers; 132 table indicators
ALRTR010.fmx,other,present_in_source_archive,not_found,fallback_rebuild_required,catalog_only,forms_index.tsv; 33 procedures; 8 triggers; 61 table indicators
ALRTS001.fmx,other,present_in_source_archive,not_found,fallback_rebuild_required,catalog_only,forms_index.tsv; 37 procedures; 8 triggers; 93 table indicators
ALRTT002.fmx,other,present_in_source_archive,not_found,fallback_rebuild_required,catalog_only,forms_index.tsv; 35 procedures; 8 triggers; 87 table indicators
AMSI001.fmx,assets/maintenance,present_in_source_archive,not_found,fallback_rebuild_required,catalog_only,forms_index.tsv; 34 procedures; 8 triggers; 86 table indicators
AMSI002.fmx,assets/maintenance,present_in_source_archive,not_found,fallback_rebuild_required,catalog_only,forms_index.tsv; 33 procedures; 8 triggers; 83 table indicators
AMSI003.fmx,assets/maintenance,present_in_source_archive,not_found,fallback_rebuild_required,catalog_only,forms_index.tsv; 34 procedures; 8 triggers; 93 table indicators
AMSI004.fmx,assets/maintenance,present_in_source_archive,not_found,fallback_rebuild_required,catalog_only,forms_index.tsv; 39 procedures; 8 triggers; 111 table indicators
AMSI005.fmx,assets/maintenance,present_in_source_archive,not_found,fallback_rebuild_required,catalog_only,forms_index.tsv; 38 procedures; 8 triggers; 100 table indicators
AMSI006.fmx,assets/maintenance,present_in_source_archive,not_found,fallback_rebuild_required,catalog_only,forms_index.tsv; 33 procedures; 8 triggers; 79 table indicators
AMSI007.fmx,assets/maintenance,present_in_source_archive,not_found,fallback_rebuild_required,catalog_only,forms_index.tsv; 33 procedures; 8 triggers; 86 table indicators
AMSR001.fmx,assets/maintenance,present_in_source_archive,not_found,fallback_rebuild_required,catalog_only,forms_index.tsv; 19 procedures; 3 triggers; 78 table indicators
AMSR002.fmx,assets/maintenance,present_in_source_archive,not_found,fallback_rebuild_required,catalog_only,forms_index.tsv; 18 procedures; 3 triggers; 83 table indicators
AMSR003.fmx,assets/maintenance,present_in_source_archive,not_found,fallback_rebuild_required,catalog_only,forms_index.tsv; 22 procedures; 3 triggers; 93 table indicators
AMSR004.fmx,assets/maintenance,present_in_source_archive,not_found,fallback_rebuild_required,catalog_only,forms_index.tsv; 21 procedures; 3 triggers; 78 table indicators
AMSR005.fmx,assets/maintenance,present_in_source_archive,not_found,fallback_rebuild_required,catalog_only,forms_index.tsv; 18 procedures; 3 triggers; 73 table indicators
AMSR006.fmx,assets/maintenance,present_in_source_archive,not_found,fallback_rebuild_required,catalog_only,forms_index.tsv; 18 procedures; 3 triggers; 76 table indicators
AMSR007.fmx,assets/maintenance,present_in_source_archive,not_found,fallback_rebuild_required,catalog_only,forms_index.tsv; 19 procedures; 3 triggers; 79 table indicators
AMSR008.fmx,assets/maintenance,present_in_source_archive,not_found,fallback_rebuild_required,catalog_only,forms_index.tsv; 21 procedures; 3 triggers; 77 table indicators
AMSR009.fmx,assets/maintenance,present_in_source_archive,not_found,fallback_rebuild_required,catalog_only,forms_index.tsv; 21 procedures; 3 triggers; 95 table indicators
AMSR010.fmx,assets/maintenance,present_in_source_archive,not_found,fallback_rebuild_required,catalog_only,forms_index.tsv; 19 procedures; 3 triggers; 78 table indicators
AMSR011.fmx,assets/maintenance,present_in_source_archive,not_found,fallback_rebuild_required,catalog_only,forms_index.tsv; 20 procedures; 3 triggers; 77 table indicators
AMSR012.fmx,assets/maintenance,present_in_source_archive,not_found,fallback_rebuild_required,catalog_only,forms_index.tsv; 20 procedures; 3 triggers; 79 table indicators
AMSR013.fmx,assets/maintenance,present_in_source_archive,not_found,fallback_rebuild_required,catalog_only,forms_index.tsv; 19 procedures; 3 triggers; 83 table indicators
AMSR014.fmx,assets/maintenance,present_in_source_archive,not_found,fallback_rebuild_required,catalog_only,forms_index.tsv; 19 procedures; 3 triggers; 76 table indicators
AMSS001.fmx,assets/maintenance,present_in_source_archive,not_found,fallback_rebuild_required,catalog_only,forms_index.tsv; 32 procedures; 8 triggers; 55 table indicators
AMSS002.fmx,assets/maintenance,present_in_source_archive,not_found,fallback_rebuild_required,catalog_only,forms_index.tsv; 32 procedures; 8 triggers; 50 table indicators
AMSS003.fmx,assets/maintenance,present_in_source_archive,not_found,fallback_rebuild_required,catalog_only,forms_index.tsv; 32 procedures; 8 triggers; 50 table indicators
AMSS004.fmx,assets/maintenance,present_in_source_archive,not_found,fallback_rebuild_required,catalog_only,forms_index.tsv; 32 procedures; 8 triggers; 50 table indicators
AMSS005.fmx,assets/maintenance,present_in_source_archive,not_found,fallback_rebuild_required,catalog_only,forms_index.tsv; 32 procedures; 8 triggers; 50 table indicators
AMSS006.fmx,assets/maintenance,present_in_source_archive,not_found,fallback_rebuild_required,catalog_only,forms_index.tsv; 32 procedures; 8 triggers; 50 table indicators
AMSS007.fmx,assets/maintenance,present_in_source_archive,not_found,fallback_rebuild_required,catalog_only,forms_index.tsv; 32 procedures; 8 triggers; 50 table indicators
AMSS008.fmx,assets/maintenance,present_in_source_archive,not_found,fallback_rebuild_required,catalog_only,forms_index.tsv; 34 procedures; 8 triggers; 68 table indicators
AMST001.fmx,assets/maintenance,present_in_source_archive,not_found,fallback_rebuild_required,catalog_only,forms_index.tsv; 38 procedures; 8 triggers; 106 table indicators
AMST002.fmx,assets/maintenance,present_in_source_archive,not_found,fallback_rebuild_required,catalog_only,forms_index.tsv; 39 procedures; 8 triggers; 109 table indicators
AMST003.fmx,assets/maintenance,present_in_source_archive,not_found,fallback_rebuild_required,catalog_only,forms_index.tsv; 40 procedures; 8 triggers; 133 table indicators
AMST004.fmx,assets/maintenance,present_in_source_archive,not_found,fallback_rebuild_required,catalog_only,forms_index.tsv; 37 procedures; 8 triggers; 100 table indicators
AMST005.fmx,assets/maintenance,present_in_source_archive,not_found,fallback_rebuild_required,catalog_only,forms_index.tsv; 38 procedures; 8 triggers; 98 table indicators
AMST006.fmx,assets/maintenance,present_in_source_archive,not_found,fallback_rebuild_required,catalog_only,forms_index.tsv; 39 procedures; 8 triggers; 101 table indicators
AMST007.fmx,assets/maintenance,present_in_source_archive,not_found,fallback_rebuild_required,catalog_only,forms_index.tsv; 37 procedures; 8 triggers; 111 table indicators
AMST008.fmx,assets/maintenance,present_in_source_archive,not_found,fallback_rebuild_required,catalog_only,forms_index.tsv; 36 procedures; 8 triggers; 103 table indicators
AMST009.fmx,assets/maintenance,present_in_source_archive,not_found,fallback_rebuild_required,catalog_only,forms_index.tsv; 38 procedures; 8 triggers; 97 table indicators
AMS_INSTAL.fmx,assets/maintenance,present_in_source_archive,not_found,fallback_rebuild_required,catalog_only,forms_index.tsv; 44 procedures; 8 triggers; 94 table indicators
APSI001.fmx,AP/purchasing,present_in_source_archive,not_found,fallback_rebuild_required,catalog_only,forms_index.tsv; 34 procedures; 10 triggers; 82 table indicators
APSI002.fmx,AP/purchasing,present_in_source_archive,not_found,fallback_rebuild_required,catalog_only,forms_index.tsv; 39 procedures; 8 triggers; 154 table indicators
APSI003.fmx,AP/purchasing,present_in_source_archive,not_found,fallback_rebuild_required,catalog_only,forms_index.tsv; 40 procedures; 8 triggers; 86 table indicators
APSI006.fmx,AP/purchasing,present_in_source_archive,not_found,fallback_rebuild_required,catalog_only,forms_index.tsv; 32 procedures; 10 triggers; 125 table indicators
APSI008.fmx,AP/purchasing,present_in_source_archive,not_found,fallback_rebuild_required,catalog_only,forms_index.tsv; 34 procedures; 8 triggers; 84 table indicators
APSI009.fmx,AP/purchasing,present_in_source_archive,not_found,fallback_rebuild_required,catalog_only,forms_index.tsv; 33 procedures; 9 triggers; 92 table indicators
APSR001.fmx,AP/purchasing,present_in_source_archive,not_found,fallback_rebuild_required,catalog_only,forms_index.tsv; 14 procedures; 3 triggers; 57 table indicators
APSR002.fmx,AP/purchasing,present_in_source_archive,not_found,fallback_rebuild_required,catalog_only,forms_index.tsv; 15 procedures; 3 triggers; 60 table indicators
APSR005.fmx,AP/purchasing,present_in_source_archive,not_found,fallback_rebuild_required,catalog_only,forms_index.tsv; 19 procedures; 3 triggers; 78 table indicators
APSR010.fmx,AP/purchasing,present_in_source_archive,not_found,fallback_rebuild_required,catalog_only,forms_index.tsv; 16 procedures; 3 triggers; 76 table indicators
APSR011.fmx,AP/purchasing,present_in_source_archive,not_found,fallback_rebuild_required,catalog_only,forms_index.tsv; 15 procedures; 3 triggers; 59 table indicators
APSR012.fmx,AP/purchasing,present_in_source_archive,not_found,fallback_rebuild_required,catalog_only,forms_index.tsv; 15 procedures; 3 triggers; 58 table indicators
APSR013.fmx,AP/purchasing,present_in_source_archive,not_found,fallback_rebuild_required,catalog_only,forms_index.tsv; 16 procedures; 3 triggers; 71 table indicators
APSR014.fmx,AP/purchasing,present_in_source_archive,not_found,fallback_rebuild_required,catalog_only,forms_index.tsv; 15 procedures; 3 triggers; 92 table indicators
APSR015.fmx,AP/purchasing,present_in_source_archive,not_found,fallback_rebuild_required,catalog_only,forms_index.tsv; 16 procedures; 4 triggers; 89 table indicators
APSR016.fmx,AP/purchasing,present_in_source_archive,not_found,fallback_rebuild_required,catalog_only,forms_index.tsv; 18 procedures; 3 triggers; 116 table indicators
APSR017.fmx,AP/purchasing,present_in_source_archive,not_found,fallback_rebuild_required,catalog_only,forms_index.tsv; 16 procedures; 3 triggers; 82 table indicators
APSR018.fmx,AP/purchasing,present_in_source_archive,not_found,fallback_rebuild_required,catalog_only,forms_index.tsv; 19 procedures; 3 triggers; 185 table indicators
APSR019.fmx,AP/purchasing,present_in_source_archive,not_found,fallback_rebuild_required,catalog_only,forms_index.tsv; 15 procedures; 3 triggers; 83 table indicators
APSR020.fmx,AP/purchasing,present_in_source_archive,not_found,fallback_rebuild_required,catalog_only,forms_index.tsv; 16 procedures; 3 triggers; 79 table indicators
APSR021.fmx,AP/purchasing,present_in_source_archive,not_found,fallback_rebuild_required,catalog_only,forms_index.tsv; 16 procedures; 3 triggers; 94 table indicators
APSR022.fmx,AP/purchasing,present_in_source_archive,not_found,fallback_rebuild_required,catalog_only,forms_index.tsv; 15 procedures; 3 triggers; 60 table indicators
APSR023.fmx,AP/purchasing,present_in_source_archive,not_found,fallback_rebuild_required,catalog_only,forms_index.tsv; 16 procedures; 3 triggers; 68 table indicators
APSR024.fmx,AP/purchasing,present_in_source_archive,not_found,fallback_rebuild_required,catalog_only,forms_index.tsv; 16 procedures; 3 triggers; 74 table indicators
APSR025.fmx,AP/purchasing,present_in_source_archive,not_found,fallback_rebuild_required,catalog_only,forms_index.tsv; 16 procedures; 3 triggers; 108 table indicators
APSR026.fmx,AP/purchasing,present_in_source_archive,not_found,fallback_rebuild_required,catalog_only,forms_index.tsv; 14 procedures; 3 triggers; 71 table indicators
APSR027.fmx,AP/purchasing,present_in_source_archive,not_found,fallback_rebuild_required,catalog_only,forms_index.tsv; 16 procedures; 3 triggers; 75 table indicators
APSR028.fmx,AP/purchasing,present_in_source_archive,not_found,fallback_rebuild_required,catalog_only,forms_index.tsv; 14 procedures; 3 triggers; 78 table indicators
APSR029.fmx,AP/purchasing,present_in_source_archive,not_found,fallback_rebuild_required,catalog_only,forms_index.tsv; 18 procedures; 3 triggers; 111 table indicators
APSS001.fmx,AP/purchasing,present_in_source_archive,not_found,fallback_rebuild_required,catalog_only,forms_index.tsv; 35 procedures; 8 triggers; 142 table indicators
APSS002.fmx,AP/purchasing,present_in_source_archive,not_found,fallback_rebuild_required,catalog_only,forms_index.tsv; 32 procedures; 8 triggers; 60 table indicators
APSS003.fmx,AP/purchasing,present_in_source_archive,not_found,fallback_rebuild_required,catalog_only,forms_index.tsv; 31 procedures; 8 triggers; 59 table indicators
APSS004.fmx,AP/purchasing,present_in_source_archive,not_found,fallback_rebuild_required,catalog_only,forms_index.tsv; 32 procedures; 8 triggers; 68 table indicators
APSS005.fmx,AP/purchasing,present_in_source_archive,not_found,fallback_rebuild_required,catalog_only,forms_index.tsv; 31 procedures; 8 triggers; 61 table indicators
APSS006.fmx,AP/purchasing,present_in_source_archive,not_found,fallback_rebuild_required,catalog_only,forms_index.tsv; 33 procedures; 8 triggers; 63 table indicators
APSS007.fmx,AP/purchasing,present_in_source_archive,not_found,fallback_rebuild_required,catalog_only,forms_index.tsv; 33 procedures; 8 triggers; 57 table indicators
APSS008.fmx,AP/purchasing,present_in_source_archive,not_found,fallback_rebuild_required,catalog_only,forms_index.tsv; 34 procedures; 8 triggers; 127 table indicators
APSS009.fmx,AP/purchasing,present_in_source_archive,not_found,fallback_rebuild_required,catalog_only,forms_index.tsv; 33 procedures; 8 triggers; 65 table indicators
APSS010.fmx,AP/purchasing,present_in_source_archive,not_found,fallback_rebuild_required,catalog_only,forms_index.tsv; 36 procedures; 8 triggers; 82 table indicators
APST001.fmx,AP/purchasing,present_in_source_archive,not_found,fallback_rebuild_required,catalog_only,forms_index.tsv; 56 procedures; 8 triggers; 352 table indicators
APST002.fmx,AP/purchasing,present_in_source_archive,not_found,fallback_rebuild_required,catalog_only,forms_index.tsv; 51 procedures; 8 triggers; 225 table indicators
APST003.fmx,AP/purchasing,present_in_source_archive,not_found,fallback_rebuild_required,available_for_focus_forms,forms_index.tsv; 66 procedures; 8 triggers; 460 table indicators
APST004.fmx,AP/purchasing,present_in_source_archive,not_found,fallback_rebuild_required,catalog_only,forms_index.tsv; 60 procedures; 8 triggers; 331 table indicators
APST005.fmx,AP/purchasing,present_in_source_archive,not_found,fallback_rebuild_required,available_for_focus_forms,forms_index.tsv; 76 procedures; 12 triggers; 614 table indicators
APST006.fmx,AP/purchasing,present_in_source_archive,not_found,fallback_rebuild_required,catalog_only,forms_index.tsv; 39 procedures; 8 triggers; 131 table indicators
APST008.fmx,AP/purchasing,present_in_source_archive,not_found,fallback_rebuild_required,catalog_only,forms_index.tsv; 61 procedures; 8 triggers; 261 table indicators
APST009.fmx,AP/purchasing,present_in_source_archive,not_found,fallback_rebuild_required,catalog_only,forms_index.tsv; 43 procedures; 9 triggers; 198 table indicators
APST010.fmx,AP/purchasing,present_in_source_archive,not_found,fallback_rebuild_required,catalog_only,forms_index.tsv; 71 procedures; 9 triggers; 497 table indicators
APST011.fmx,AP/purchasing,present_in_source_archive,not_found,fallback_rebuild_required,catalog_only,forms_index.tsv; 34 procedures; 8 triggers; 99 table indicators
APST012.fmx,AP/purchasing,present_in_source_archive,not_found,fallback_rebuild_required,catalog_only,forms_index.tsv; 40 procedures; 10 triggers; 121 table indicators
APST013.fmx,AP/purchasing,present_in_source_archive,not_found,fallback_rebuild_required,catalog_only,forms_index.tsv; 50 procedures; 11 triggers; 225 table indicators
APST014.fmx,AP/purchasing,present_in_source_archive,not_found,fallback_rebuild_required,catalog_only,forms_index.tsv; 47 procedures; 9 triggers; 210 table indicators
APST015.fmx,AP/purchasing,present_in_source_archive,not_found,fallback_rebuild_required,catalog_only,forms_index.tsv; 45 procedures; 8 triggers; 291 table indicators
APST016.fmx,AP/purchasing,present_in_source_archive,not_found,fallback_rebuild_required,catalog_only,forms_index.tsv; 43 procedures; 9 triggers; 194 table indicators
APST017.fmx,AP/purchasing,present_in_source_archive,not_found,fallback_rebuild_required,catalog_only,forms_index.tsv; 46 procedures; 8 triggers; 155 table indicators
APST018.fmx,AP/purchasing,present_in_source_archive,not_found,fallback_rebuild_required,catalog_only,forms_index.tsv; 42 procedures; 8 triggers; 117 table indicators
APST019.fmx,AP/purchasing,present_in_source_archive,not_found,fallback_rebuild_required,catalog_only,forms_index.tsv; 64 procedures; 8 triggers; 390 table indicators
APS_IMPXLS_VND.fmx,AP/purchasing,present_in_source_archive,not_found,fallback_rebuild_required,catalog_only,forms_index.tsv; 34 procedures; 5 triggers; 68 table indicators
ARSI002.fmx,AR/accounts-receivable,present_in_source_archive,not_found,fallback_rebuild_required,catalog_only,forms_index.tsv; 35 procedures; 8 triggers; 85 table indicators
ARSI003.fmx,AR/accounts-receivable,present_in_source_archive,not_found,fallback_rebuild_required,catalog_only,forms_index.tsv; 31 procedures; 9 triggers; 82 table indicators
ARSI004.fmx,AR/accounts-receivable,present_in_source_archive,not_found,fallback_rebuild_required,catalog_only,forms_index.tsv; 36 procedures; 11 triggers; 195 table indicators
ARSI005.fmx,AR/accounts-receivable,present_in_source_archive,not_found,fallback_rebuild_required,catalog_only,forms_index.tsv; 40 procedures; 9 triggers; 310 table indicators
ARSI006.fmx,AR/accounts-receivable,present_in_source_archive,not_found,fallback_rebuild_required,catalog_only,forms_index.tsv; 32 procedures; 8 triggers; 72 table indicators
ARSI008.fmx,AR/accounts-receivable,present_in_source_archive,not_found,fallback_rebuild_required,catalog_only,forms_index.tsv; 34 procedures; 8 triggers; 105 table indicators
ARSI009.fmx,AR/accounts-receivable,present_in_source_archive,not_found,fallback_rebuild_required,catalog_only,forms_index.tsv; 35 procedures; 8 triggers; 81 table indicators
ARSI010.fmx,AR/accounts-receivable,present_in_source_archive,not_found,fallback_rebuild_required,catalog_only,forms_index.tsv; 31 procedures; 8 triggers; 90 table indicators
ARSI012.fmx,AR/accounts-receivable,present_in_source_archive,not_found,fallback_rebuild_required,catalog_only,forms_index.tsv; 38 procedures; 9 triggers; 184 table indicators
ARSI013.fmx,AR/accounts-receivable,present_in_source_archive,not_found,fallback_rebuild_required,catalog_only,forms_index.tsv; 35 procedures; 8 triggers; 138 table indicators
ARSI014.fmx,AR/accounts-receivable,present_in_source_archive,not_found,fallback_rebuild_required,catalog_only,forms_index.tsv; 31 procedures; 8 triggers; 67 table indicators
ARSI015.fmx,AR/accounts-receivable,present_in_source_archive,not_found,fallback_rebuild_required,catalog_only,forms_index.tsv; 33 procedures; 8 triggers; 65 table indicators
ARSI016.fmx,AR/accounts-receivable,present_in_source_archive,not_found,fallback_rebuild_required,catalog_only,forms_index.tsv; 33 procedures; 8 triggers; 110 table indicators
ARSI017.fmx,AR/accounts-receivable,present_in_source_archive,not_found,fallback_rebuild_required,catalog_only,forms_index.tsv; 32 procedures; 9 triggers; 85 table indicators
ARSI018.fmx,AR/accounts-receivable,present_in_source_archive,not_found,fallback_rebuild_required,catalog_only,forms_index.tsv; 33 procedures; 8 triggers; 61 table indicators
ARSI019.fmx,AR/accounts-receivable,present_in_source_archive,not_found,fallback_rebuild_required,catalog_only,forms_index.tsv; 32 procedures; 8 triggers; 60 table indicators
ARSI020.fmx,AR/accounts-receivable,present_in_source_archive,not_found,fallback_rebuild_required,catalog_only,forms_index.tsv; 32 procedures; 8 triggers; 80 table indicators
ARSI021.fmx,AR/accounts-receivable,present_in_source_archive,not_found,fallback_rebuild_required,catalog_only,forms_index.tsv; 34 procedures; 8 triggers; 96 table indicators
ARSI022.fmx,AR/accounts-receivable,present_in_source_archive,not_found,fallback_rebuild_required,catalog_only,forms_index.tsv; 32 procedures; 8 triggers; 69 table indicators
ARSI023.fmx,AR/accounts-receivable,present_in_source_archive,not_found,fallback_rebuild_required,catalog_only,forms_index.tsv; 38 procedures; 9 triggers; 113 table indicators
ARSIMPXLS_CST.fmx,AR/accounts-receivable,present_in_source_archive,not_found,fallback_rebuild_required,catalog_only,forms_index.tsv; 35 procedures; 9 triggers; 89 table indicators
ARSIMPXLS_CST_NW.fmx,AR/accounts-receivable,present_in_source_archive,not_found,fallback_rebuild_required,catalog_only,forms_index.tsv; 35 procedures; 9 triggers; 83 table indicators
ARSIMPXLS_SUB_CST.fmx,AR/accounts-receivable,present_in_source_archive,not_found,fallback_rebuild_required,catalog_only,forms_index.tsv; 35 procedures; 8 triggers; 74 table indicators
ARSR001.fmx,AR/accounts-receivable,present_in_source_archive,not_found,fallback_rebuild_required,catalog_only,forms_index.tsv; 16 procedures; 3 triggers; 47 table indicators
ARSR002.fmx,AR/accounts-receivable,present_in_source_archive,not_found,fallback_rebuild_required,catalog_only,forms_index.tsv; 16 procedures; 3 triggers; 47 table indicators
ARSR003.fmx,AR/accounts-receivable,present_in_source_archive,not_found,fallback_rebuild_required,catalog_only,forms_index.tsv; 16 procedures; 3 triggers; 57 table indicators
ARSR004.fmx,AR/accounts-receivable,present_in_source_archive,not_found,fallback_rebuild_required,catalog_only,forms_index.tsv; 16 procedures; 3 triggers; 64 table indicators
ARSR005.fmx,AR/accounts-receivable,present_in_source_archive,not_found,fallback_rebuild_required,catalog_only,forms_index.tsv; 16 procedures; 3 triggers; 84 table indicators
ARSR009.fmx,AR/accounts-receivable,present_in_source_archive,not_found,fallback_rebuild_required,catalog_only,forms_index.tsv; 23 procedures; 3 triggers; 108 table indicators
ARSR010.fmx,AR/accounts-receivable,present_in_source_archive,not_found,fallback_rebuild_required,catalog_only,forms_index.tsv; 18 procedures; 4 triggers; 99 table indicators
ARSR011.fmx,AR/accounts-receivable,present_in_source_archive,not_found,fallback_rebuild_required,catalog_only,forms_index.tsv; 16 procedures; 3 triggers; 73 table indicators
ARSR012.fmx,AR/accounts-receivable,present_in_source_archive,not_found,fallback_rebuild_required,catalog_only,forms_index.tsv; 17 procedures; 3 triggers; 89 table indicators
ARSR013.fmx,AR/accounts-receivable,present_in_source_archive,not_found,fallback_rebuild_required,catalog_only,forms_index.tsv; 16 procedures; 3 triggers; 59 table indicators
ARSR014.fmx,AR/accounts-receivable,present_in_source_archive,not_found,fallback_rebuild_required,catalog_only,forms_index.tsv; 17 procedures; 4 triggers; 82 table indicators
ARSR020.fmx,AR/accounts-receivable,present_in_source_archive,not_found,fallback_rebuild_required,catalog_only,forms_index.tsv; 18 procedures; 3 triggers; 80 table indicators
ARSR021.fmx,AR/accounts-receivable,present_in_source_archive,not_found,fallback_rebuild_required,catalog_only,forms_index.tsv; 17 procedures; 3 triggers; 125 table indicators
ARSR022.fmx,AR/accounts-receivable,present_in_source_archive,not_found,fallback_rebuild_required,catalog_only,forms_index.tsv; 16 procedures; 3 triggers; 60 table indicators
ARSR023.fmx,AR/accounts-receivable,present_in_source_archive,not_found,fallback_rebuild_required,catalog_only,forms_index.tsv; 18 procedures; 3 triggers; 290 table indicators
ARSR024.fmx,AR/accounts-receivable,present_in_source_archive,not_found,fallback_rebuild_required,catalog_only,forms_index.tsv; 16 procedures; 3 triggers; 83 table indicators
ARSR025.fmx,AR/accounts-receivable,present_in_source_archive,not_found,fallback_rebuild_required,catalog_only,forms_index.tsv; 17 procedures; 3 triggers; 88 table indicators
ARSR026.fmx,AR/accounts-receivable,present_in_source_archive,not_found,fallback_rebuild_required,catalog_only,forms_index.tsv; 17 procedures; 3 triggers; 78 table indicators
ARSR027.fmx,AR/accounts-receivable,present_in_source_archive,not_found,fallback_rebuild_required,catalog_only,forms_index.tsv; 16 procedures; 3 triggers; 76 table indicators
ARSR029.fmx,AR/accounts-receivable,present_in_source_archive,not_found,fallback_rebuild_required,catalog_only,forms_index.tsv; 16 procedures; 3 triggers; 149 table indicators
ARSR030.fmx,AR/accounts-receivable,present_in_source_archive,not_found,fallback_rebuild_required,catalog_only,forms_index.tsv; 16 procedures; 3 triggers; 69 table indicators
ARSR031.fmx,AR/accounts-receivable,present_in_source_archive,not_found,fallback_rebuild_required,catalog_only,forms_index.tsv; 16 procedures; 3 triggers; 88 table indicators
ARSR032.fmx,AR/accounts-receivable,present_in_source_archive,not_found,fallback_rebuild_required,catalog_only,forms_index.tsv; 16 procedures; 3 triggers; 71 table indicators
ARSR033.fmx,AR/accounts-receivable,present_in_source_archive,not_found,fallback_rebuild_required,catalog_only,forms_index.tsv; 16 procedures; 3 triggers; 91 table indicators
ARSR034.fmx,AR/accounts-receivable,present_in_source_archive,not_found,fallback_rebuild_required,catalog_only,forms_index.tsv; 16 procedures; 3 triggers; 91 table indicators
ARSR035.fmx,AR/accounts-receivable,present_in_source_archive,not_found,fallback_rebuild_required,catalog_only,forms_index.tsv; 17 procedures; 3 triggers; 76 table indicators
ARSR036.fmx,AR/accounts-receivable,present_in_source_archive,not_found,fallback_rebuild_required,catalog_only,forms_index.tsv; 17 procedures; 3 triggers; 106 table indicators
ARSR037.fmx,AR/accounts-receivable,present_in_source_archive,not_found,fallback_rebuild_required,catalog_only,forms_index.tsv; 16 procedures; 3 triggers; 73 table indicators
ARSR038.fmx,AR/accounts-receivable,present_in_source_archive,not_found,fallback_rebuild_required,catalog_only,forms_index.tsv; 16 procedures; 3 triggers; 69 table indicators
ARSR039.fmx,AR/accounts-receivable,present_in_source_archive,not_found,fallback_rebuild_required,catalog_only,forms_index.tsv; 16 procedures; 3 triggers; 78 table indicators
ARSR041.fmx,AR/accounts-receivable,present_in_source_archive,not_found,fallback_rebuild_required,available_for_focus_forms,forms_index.tsv; 35 procedures; 3 triggers; 645 table indicators
ARSR042.fmx,AR/accounts-receivable,present_in_source_archive,not_found,fallback_rebuild_required,catalog_only,forms_index.tsv; 16 procedures; 3 triggers; 112 table indicators
ARSR043.fmx,AR/accounts-receivable,present_in_source_archive,not_found,fallback_rebuild_required,catalog_only,forms_index.tsv; 16 procedures; 3 triggers; 68 table indicators
ARSR044.fmx,AR/accounts-receivable,present_in_source_archive,not_found,fallback_rebuild_required,catalog_only,forms_index.tsv; 16 procedures; 3 triggers; 79 table indicators
ARSR045.fmx,AR/accounts-receivable,present_in_source_archive,not_found,fallback_rebuild_required,catalog_only,forms_index.tsv; 16 procedures; 3 triggers; 57 table indicators
ARSR046.fmx,AR/accounts-receivable,present_in_source_archive,not_found,fallback_rebuild_required,catalog_only,forms_index.tsv; 16 procedures; 3 triggers; 112 table indicators
ARSS001.fmx,AR/accounts-receivable,present_in_source_archive,not_found,fallback_rebuild_required,catalog_only,forms_index.tsv; 34 procedures; 14 triggers; 250 table indicators
ARSS003.fmx,AR/accounts-receivable,present_in_source_archive,not_found,fallback_rebuild_required,catalog_only,forms_index.tsv; 30 procedures; 9 triggers; 92 table indicators
ARSS004.fmx,AR/accounts-receivable,present_in_source_archive,not_found,fallback_rebuild_required,catalog_only,forms_index.tsv; 33 procedures; 8 triggers; 62 table indicators
ARSS005.fmx,AR/accounts-receivable,present_in_source_archive,not_found,fallback_rebuild_required,catalog_only,forms_index.tsv; 31 procedures; 8 triggers; 73 table indicators
ARSS006.fmx,AR/accounts-receivable,present_in_source_archive,not_found,fallback_rebuild_required,catalog_only,forms_index.tsv; 35 procedures; 8 triggers; 75 table indicators
ARSS007.fmx,AR/accounts-receivable,present_in_source_archive,not_found,fallback_rebuild_required,catalog_only,forms_index.tsv; 35 procedures; 8 triggers; 65 table indicators
ARSS008.fmx,AR/accounts-receivable,present_in_source_archive,not_found,fallback_rebuild_required,catalog_only,forms_index.tsv; 35 procedures; 8 triggers; 81 table indicators
ARSS009.fmx,AR/accounts-receivable,present_in_source_archive,not_found,fallback_rebuild_required,catalog_only,forms_index.tsv; 34 procedures; 8 triggers; 102 table indicators
ARSS010.fmx,AR/accounts-receivable,present_in_source_archive,not_found,fallback_rebuild_required,catalog_only,forms_index.tsv; 35 procedures; 7 triggers; 138 table indicators
ARSS011.fmx,AR/accounts-receivable,present_in_source_archive,not_found,fallback_rebuild_required,catalog_only,forms_index.tsv; 32 procedures; 8 triggers; 64 table indicators
ARSS012.fmx,AR/accounts-receivable,present_in_source_archive,not_found,fallback_rebuild_required,catalog_only,forms_index.tsv; 38 procedures; 7 triggers; 173 table indicators
ARSS013.fmx,AR/accounts-receivable,present_in_source_archive,not_found,fallback_rebuild_required,catalog_only,forms_index.tsv; 38 procedures; 6 triggers; 107 table indicators
ARSS014.fmx,AR/accounts-receivable,present_in_source_archive,not_found,fallback_rebuild_required,catalog_only,forms_index.tsv; 37 procedures; 7 triggers; 79 table indicators
ARSS015.fmx,AR/accounts-receivable,present_in_source_archive,not_found,fallback_rebuild_required,catalog_only,forms_index.tsv; 33 procedures; 8 triggers; 65 table indicators
ARSS016.fmx,AR/accounts-receivable,present_in_source_archive,not_found,fallback_rebuild_required,catalog_only,forms_index.tsv; 33 procedures; 8 triggers; 62 table indicators
ARSS017.fmx,AR/accounts-receivable,present_in_source_archive,not_found,fallback_rebuild_required,catalog_only,forms_index.tsv; 33 procedures; 8 triggers; 82 table indicators
ARSS018.fmx,AR/accounts-receivable,present_in_source_archive,not_found,fallback_rebuild_required,catalog_only,forms_index.tsv; 38 procedures; 7 triggers; 161 table indicators
ARSS020.fmx,AR/accounts-receivable,present_in_source_archive,not_found,fallback_rebuild_required,catalog_only,forms_index.tsv; 34 procedures; 8 triggers; 72 table indicators
ARSS021.fmx,AR/accounts-receivable,present_in_source_archive,not_found,fallback_rebuild_required,catalog_only,forms_index.tsv; 31 procedures; 8 triggers; 74 table indicators
ARSS022.fmx,AR/accounts-receivable,present_in_source_archive,not_found,fallback_rebuild_required,catalog_only,forms_index.tsv; 34 procedures; 8 triggers; 72 table indicators
ARSS024.fmx,AR/accounts-receivable,present_in_source_archive,not_found,fallback_rebuild_required,catalog_only,forms_index.tsv; 33 procedures; 8 triggers; 77 table indicators
ARSS025.fmx,AR/accounts-receivable,present_in_source_archive,not_found,fallback_rebuild_required,catalog_only,forms_index.tsv; 32 procedures; 8 triggers; 65 table indicators
ARSS026.fmx,AR/accounts-receivable,present_in_source_archive,not_found,fallback_rebuild_required,catalog_only,forms_index.tsv; 32 procedures; 8 triggers; 64 table indicators
ARST001.fmx,AR/accounts-receivable,present_in_source_archive,not_found,fallback_rebuild_required,catalog_only,forms_index.tsv; 51 procedures; 10 triggers; 279 table indicators
ARST002.fmx,AR/accounts-receivable,present_in_source_archive,not_found,fallback_rebuild_required,catalog_only,forms_index.tsv; 65 procedures; 8 triggers; 394 table indicators
ARST002_TO_CHEK.fmx,AR/accounts-receivable,present_in_source_archive,not_found,fallback_rebuild_required,catalog_only,forms_index.tsv; 59 procedures; 8 triggers; 319 table indicators
ARST003.fmx,AR/accounts-receivable,present_in_source_archive,not_found,fallback_rebuild_required,available_for_focus_forms,forms_index.tsv; 70 procedures; 10 triggers; 520 table indicators
ARST004.fmx,AR/accounts-receivable,present_in_source_archive,not_found,fallback_rebuild_required,available_for_focus_forms,forms_index.tsv; 98 procedures; 12 triggers; 849 table indicators
ARST005.fmx,AR/accounts-receivable,present_in_source_archive,not_found,fallback_rebuild_required,catalog_only,forms_index.tsv; 56 procedures; 9 triggers; 315 table indicators
ARST006.fmx,AR/accounts-receivable,present_in_source_archive,not_found,fallback_rebuild_required,available_for_focus_forms,forms_index.tsv; 79 procedures; 11 triggers; 609 table indicators
ARST007.fmx,AR/accounts-receivable,present_in_source_archive,not_found,fallback_rebuild_required,catalog_only,forms_index.tsv; 56 procedures; 10 triggers; 279 table indicators
ARST008.fmx,AR/accounts-receivable,present_in_source_archive,not_found,fallback_rebuild_required,catalog_only,forms_index.tsv; 36 procedures; 7 triggers; 93 table indicators
ARST009.fmx,AR/accounts-receivable,present_in_source_archive,not_found,fallback_rebuild_required,catalog_only,forms_index.tsv; 36 procedures; 9 triggers; 99 table indicators
ARST010.fmx,AR/accounts-receivable,present_in_source_archive,not_found,fallback_rebuild_required,catalog_only,forms_index.tsv; 44 procedures; 8 triggers; 124 table indicators
ARST011.fmx,AR/accounts-receivable,present_in_source_archive,not_found,fallback_rebuild_required,catalog_only,forms_index.tsv; 46 procedures; 8 triggers; 219 table indicators
ARST012.fmx,AR/accounts-receivable,present_in_source_archive,not_found,fallback_rebuild_required,catalog_only,forms_index.tsv; 50 procedures; 8 triggers; 204 table indicators
ARST013.fmx,AR/accounts-receivable,present_in_source_archive,not_found,fallback_rebuild_required,catalog_only,forms_index.tsv; 40 procedures; 8 triggers; 115 table indicators
ARST014.fmx,AR/accounts-receivable,present_in_source_archive,not_found,fallback_rebuild_required,catalog_only,forms_index.tsv; 38 procedures; 9 triggers; 109 table indicators
ARST015.fmx,AR/accounts-receivable,present_in_source_archive,not_found,fallback_rebuild_required,catalog_only,forms_index.tsv; 39 procedures; 8 triggers; 139 table indicators
ARST016.fmx,AR/accounts-receivable,present_in_source_archive,not_found,fallback_rebuild_required,catalog_only,forms_index.tsv; 48 procedures; 12 triggers; 210 table indicators
ARST017.fmx,AR/accounts-receivable,present_in_source_archive,not_found,fallback_rebuild_required,catalog_only,forms_index.tsv; 37 procedures; 10 triggers; 109 table indicators
ARST018.fmx,AR/accounts-receivable,present_in_source_archive,not_found,fallback_rebuild_required,catalog_only,forms_index.tsv; 35 procedures; 8 triggers; 121 table indicators
ARST019.fmx,AR/accounts-receivable,present_in_source_archive,not_found,fallback_rebuild_required,catalog_only,forms_index.tsv; 38 procedures; 10 triggers; 129 table indicators
ARST020.fmx,AR/accounts-receivable,present_in_source_archive,not_found,fallback_rebuild_required,catalog_only,forms_index.tsv; 49 procedures; 8 triggers; 198 table indicators
ARST021.fmx,AR/accounts-receivable,present_in_source_archive,not_found,fallback_rebuild_required,catalog_only,forms_index.tsv; 34 procedures; 8 triggers; 89 table indicators
ARST023.fmx,AR/accounts-receivable,present_in_source_archive,not_found,fallback_rebuild_required,available_for_focus_forms,forms_index.tsv; 72 procedures; 10 triggers; 548 table indicators
ARST024.fmx,AR/accounts-receivable,present_in_source_archive,not_found,fallback_rebuild_required,catalog_only,forms_index.tsv; 39 procedures; 8 triggers; 146 table indicators
BGTR002.fmx,other,present_in_source_archive,not_found,fallback_rebuild_required,catalog_only,forms_index.tsv; 17 procedures; 3 triggers; 101 table indicators
BGTR004.fmx,other,present_in_source_archive,not_found,fallback_rebuild_required,catalog_only,forms_index.tsv; 17 procedures; 3 triggers; 92 table indicators
BGTT001.fmx,other,present_in_source_archive,not_found,fallback_rebuild_required,catalog_only,forms_index.tsv; 44 procedures; 8 triggers; 202 table indicators
BGTT002.fmx,other,present_in_source_archive,not_found,fallback_rebuild_required,catalog_only,forms_index.tsv; 43 procedures; 8 triggers; 171 table indicators
BGTT003.fmx,other,present_in_source_archive,not_found,fallback_rebuild_required,catalog_only,forms_index.tsv; 47 procedures; 8 triggers; 198 table indicators
BGTT004 - 10022016.fmx,other,present_in_source_archive,not_found,fallback_rebuild_required,catalog_only,forms_index.tsv; 52 procedures; 8 triggers; 194 table indicators
BGTT004.fmx,other,present_in_source_archive,not_found,fallback_rebuild_required,catalog_only,forms_index.tsv; 55 procedures; 8 triggers; 223 table indicators
COMR001.fmx,other,present_in_source_archive,not_found,fallback_rebuild_required,catalog_only,forms_index.tsv; 16 procedures; 3 triggers; 109 table indicators
COMS001.fmx,other,present_in_source_archive,not_found,fallback_rebuild_required,catalog_only,forms_index.tsv; 39 procedures; 8 triggers; 135 table indicators
COMS002.fmx,other,present_in_source_archive,not_found,fallback_rebuild_required,catalog_only,forms_index.tsv; 38 procedures; 8 triggers; 135 table indicators
COMS003.fmx,other,present_in_source_archive,not_found,fallback_rebuild_required,catalog_only,forms_index.tsv; 37 procedures; 8 triggers; 113 table indicators
COMS004.fmx,other,present_in_source_archive,not_found,fallback_rebuild_required,catalog_only,forms_index.tsv; 37 procedures; 8 triggers; 130 table indicators
COMT001.fmx,other,present_in_source_archive,not_found,fallback_rebuild_required,catalog_only,forms_index.tsv; 42 procedures; 8 triggers; 145 table indicators
COMT002.fmx,other,present_in_source_archive,not_found,fallback_rebuild_required,catalog_only,forms_index.tsv; 40 procedures; 8 triggers; 144 table indicators
COMT003.fmx,other,present_in_source_archive,not_found,fallback_rebuild_required,catalog_only,forms_index.tsv; 40 procedures; 8 triggers; 137 table indicators
COMT004.fmx,other,present_in_source_archive,not_found,fallback_rebuild_required,catalog_only,forms_index.tsv; 40 procedures; 8 triggers; 136 table indicators
DTSI001.fmx,other,present_in_source_archive,not_found,fallback_rebuild_required,catalog_only,forms_index.tsv; 34 procedures; 8 triggers; 85 table indicators
DTSI002.fmx,other,present_in_source_archive,not_found,fallback_rebuild_required,catalog_only,forms_index.tsv; 33 procedures; 8 triggers; 82 table indicators
DTSI003.fmx,other,present_in_source_archive,not_found,fallback_rebuild_required,catalog_only,forms_index.tsv; 35 procedures; 8 triggers; 108 table indicators
DTSI004.fmx,other,present_in_source_archive,not_found,fallback_rebuild_required,catalog_only,forms_index.tsv; 37 procedures; 10 triggers; 125 table indicators
DTSI005.fmx,other,present_in_source_archive,not_found,fallback_rebuild_required,catalog_only,forms_index.tsv; 35 procedures; 8 triggers; 124 table indicators
DTSI006.fmx,other,present_in_source_archive,not_found,fallback_rebuild_required,catalog_only,forms_index.tsv; 32 procedures; 8 triggers; 55 table indicators
DTSR001.fmx,other,present_in_source_archive,not_found,fallback_rebuild_required,catalog_only,forms_index.tsv; 18 procedures; 3 triggers; 91 table indicators
DTSR002.fmx,other,present_in_source_archive,not_found,fallback_rebuild_required,catalog_only,forms_index.tsv; 19 procedures; 3 triggers; 92 table indicators
DTSR003.fmx,other,present_in_source_archive,not_found,fallback_rebuild_required,catalog_only,forms_index.tsv; 19 procedures; 3 triggers; 93 table indicators
DTSR004.fmx,other,present_in_source_archive,not_found,fallback_rebuild_required,catalog_only,forms_index.tsv; 19 procedures; 3 triggers; 92 table indicators
DTSR005.fmx,other,present_in_source_archive,not_found,fallback_rebuild_required,catalog_only,forms_index.tsv; 19 procedures; 3 triggers; 96 table indicators
DTSR006.fmx,other,present_in_source_archive,not_found,fallback_rebuild_required,catalog_only,forms_index.tsv; 19 procedures; 3 triggers; 96 table indicators
DTSR007.fmx,other,present_in_source_archive,not_found,fallback_rebuild_required,catalog_only,forms_index.tsv; 19 procedures; 3 triggers; 94 table indicators
DTSR008.fmx,other,present_in_source_archive,not_found,fallback_rebuild_required,catalog_only,forms_index.tsv; 19 procedures; 3 triggers; 93 table indicators
DTSR009.fmx,other,present_in_source_archive,not_found,fallback_rebuild_required,catalog_only,forms_index.tsv; 16 procedures; 3 triggers; 69 table indicators
DTSR010.fmx,other,present_in_source_archive,not_found,fallback_rebuild_required,catalog_only,forms_index.tsv; 16 procedures; 3 triggers; 69 table indicators
DTSS001.fmx,other,present_in_source_archive,not_found,fallback_rebuild_required,catalog_only,forms_index.tsv; 34 procedures; 8 triggers; 76 table indicators
DTSS002.fmx,other,present_in_source_archive,not_found,fallback_rebuild_required,catalog_only,forms_index.tsv; 33 procedures; 8 triggers; 82 table indicators
DTSS003.fmx,other,present_in_source_archive,not_found,fallback_rebuild_required,catalog_only,forms_index.tsv; 33 procedures; 8 triggers; 84 table indicators
DTSS006.fmx,other,present_in_source_archive,not_found,fallback_rebuild_required,catalog_only,forms_index.tsv; 33 procedures; 8 triggers; 75 table indicators
DTST001.fmx,other,present_in_source_archive,not_found,fallback_rebuild_required,catalog_only,forms_index.tsv; 43 procedures; 10 triggers; 197 table indicators
DTST002.fmx,other,present_in_source_archive,not_found,fallback_rebuild_required,catalog_only,forms_index.tsv; 37 procedures; 10 triggers; 150 table indicators
DTST003.fmx,other,present_in_source_archive,not_found,fallback_rebuild_required,catalog_only,forms_index.tsv; 42 procedures; 10 triggers; 185 table indicators
DTST004.fmx,other,present_in_source_archive,not_found,fallback_rebuild_required,catalog_only,forms_index.tsv; 42 procedures; 10 triggers; 141 table indicators
DTST005.fmx,other,present_in_source_archive,not_found,fallback_rebuild_required,catalog_only,forms_index.tsv; 41 procedures; 10 triggers; 157 table indicators
DTST006.fmx,other,present_in_source_archive,not_found,fallback_rebuild_required,catalog_only,forms_index.tsv; 40 procedures; 8 triggers; 133 table indicators
DTST010.fmx,other,present_in_source_archive,not_found,fallback_rebuild_required,catalog_only,forms_index.tsv; 37 procedures; 9 triggers; 107 table indicators
DTST020.fmx,other,present_in_source_archive,not_found,fallback_rebuild_required,catalog_only,forms_index.tsv; 42 procedures; 29 triggers; 266 table indicators
ERP_ALRT_SCR.fmx,other,present_in_source_archive,not_found,fallback_rebuild_required,catalog_only,forms_index.tsv; 7 procedures; 0 triggers; 34 table indicators
ERP_APPRVD_SCR.fmx,other,present_in_source_archive,not_found,fallback_rebuild_required,catalog_only,forms_index.tsv; 9 procedures; 0 triggers; 61 table indicators
ERP_Aud_Scr.fmx,other,present_in_source_archive,not_found,fallback_rebuild_required,catalog_only,forms_index.tsv; 9 procedures; 1 triggers; 35 table indicators
ERP_CODE_TRNS.fmx,other,present_in_source_archive,not_found,fallback_rebuild_required,catalog_only,forms_index.tsv; 46 procedures; 8 triggers; 144 table indicators
ERP_Checking.fmx,other,present_in_source_archive,not_found,fallback_rebuild_required,catalog_only,forms_index.tsv; 50 procedures; 13 triggers; 681 table indicators
ERP_DBA.fmx,other,present_in_source_archive,not_found,fallback_rebuild_required,catalog_only,forms_index.tsv; 139 procedures; 0 triggers; 519 table indicators
ERP_DBA_Cmp.fmx,other,present_in_source_archive,not_found,fallback_rebuild_required,available_for_focus_forms,forms_index.tsv; 110 procedures; 85 triggers; 3871 table indicators
ERP_DBA_DFLT_DATA.fmx,other,present_in_source_archive,not_found,fallback_rebuild_required,available_for_focus_forms,forms_index.tsv; 62 procedures; 11 triggers; 1510 table indicators
ERP_DBA_DFLT_DATA_LNG.fmx,other,present_in_source_archive,not_found,fallback_rebuild_required,catalog_only,forms_index.tsv; 9 procedures; 4 triggers; 763 table indicators
ERP_DBA_DFLT_DATA_LNG_TURKEY.fmx,other,present_in_source_archive,not_found,fallback_rebuild_required,catalog_only,forms_index.tsv; 7 procedures; 4 triggers; 625 table indicators
ERP_DBA_DFLT_DATA_TRK.fmx,other,present_in_source_archive,not_found,fallback_rebuild_required,catalog_only,forms_index.tsv; 53 procedures; 11 triggers; 1520 table indicators
ERP_DBA_TRK.fmx,other,present_in_source_archive,not_found,fallback_rebuild_required,catalog_only,forms_index.tsv; 103 procedures; 0 triggers; 459 table indicators
ERP_INACTV_SCR.fmx,other,present_in_source_archive,not_found,fallback_rebuild_required,catalog_only,forms_index.tsv; 7 procedures; 0 triggers; 35 table indicators
ERP_Install.fmx,other,present_in_source_archive,not_found,fallback_rebuild_required,catalog_only,forms_index.tsv; 3 procedures; 1 triggers; 109 table indicators
ERP_JOURNAL.fmx,other,present_in_source_archive,not_found,fallback_rebuild_required,catalog_only,forms_index.tsv; 34 procedures; 8 triggers; 55 table indicators
ERP_LOGIN - Copy.fmx,other,present_in_source_archive,not_found,fallback_rebuild_required,catalog_only,forms_index.tsv; 26 procedures; 5 triggers; 244 table indicators
ERP_LOGIN.fmx,other,present_in_source_archive,not_found,fallback_rebuild_required,catalog_only,forms_index.tsv; 26 procedures; 5 triggers; 244 table indicators
ERP_LOGIN_TST.fmx,other,present_in_source_archive,not_found,fallback_rebuild_required,catalog_only,forms_index.tsv; 27 procedures; 5 triggers; 261 table indicators
ERP_REAL_TRNS.fmx,other,present_in_source_archive,not_found,fallback_rebuild_required,catalog_only,forms_index.tsv; 38 procedures; 8 triggers; 130 table indicators
ERP_SCR.fmx,other,present_in_source_archive,not_found,fallback_rebuild_required,catalog_only,forms_index.tsv; 5 procedures; 4 triggers; 114 table indicators
ERP_Update_New_Version6.fmx,other,present_in_source_archive,not_found,fallback_rebuild_required,available_for_focus_forms,forms_index.tsv; 96 procedures; 94 triggers; 4846 table indicators
ERP_VRFY_SCR.fmx,other,present_in_source_archive,not_found,fallback_rebuild_required,catalog_only,forms_index.tsv; 5 procedures; 1 triggers; 37 table indicators
EXP_REPORT_TO_EXCEEL.fmx,other,present_in_source_archive,not_found,fallback_rebuild_required,catalog_only,forms_index.tsv; 0 procedures; 0 triggers; 7 table indicators
Erp_Dsh_Bord.fmx,other,present_in_source_archive,not_found,fallback_rebuild_required,catalog_only,forms_index.tsv; 35 procedures; 8 triggers; 67 table indicators
FASDBA.fmx,GL/finance,present_in_source_archive,not_found,fallback_rebuild_required,catalog_only,forms_index.tsv; 25 procedures; 8 triggers; 300 table indicators
FASI001.fmx,GL/finance,present_in_source_archive,not_found,fallback_rebuild_required,catalog_only,forms_index.tsv; 42 procedures; 9 triggers; 112 table indicators
FASI002.fmx,GL/finance,present_in_source_archive,not_found,fallback_rebuild_required,catalog_only,forms_index.tsv; 41 procedures; 8 triggers; 111 table indicators
FASI003.fmx,GL/finance,present_in_source_archive,not_found,fallback_rebuild_required,catalog_only,forms_index.tsv; 35 procedures; 10 triggers; 94 table indicators
FASI004.fmx,GL/finance,present_in_source_archive,not_found,fallback_rebuild_required,catalog_only,forms_index.tsv; 50 procedures; 11 triggers; 162 table indicators
FASI005.fmx,GL/finance,present_in_source_archive,not_found,fallback_rebuild_required,catalog_only,forms_index.tsv; 35 procedures; 10 triggers; 98 table indicators
FASMNTDBA.fmx,GL/finance,present_in_source_archive,not_found,fallback_rebuild_required,catalog_only,forms_index.tsv; 31 procedures; 37 triggers; 312 table indicators
FASR001.fmx,GL/finance,present_in_source_archive,not_found,fallback_rebuild_required,catalog_only,forms_index.tsv; 19 procedures; 3 triggers; 80 table indicators
FASR002.fmx,GL/finance,present_in_source_archive,not_found,fallback_rebuild_required,catalog_only,forms_index.tsv; 18 procedures; 3 triggers; 74 table indicators
FASR004.fmx,GL/finance,present_in_source_archive,not_found,fallback_rebuild_required,catalog_only,forms_index.tsv; 22 procedures; 3 triggers; 93 table indicators
FASR005.fmx,GL/finance,present_in_source_archive,not_found,fallback_rebuild_required,catalog_only,forms_index.tsv; 24 procedures; 3 triggers; 112 table indicators
FASR006.fmx,GL/finance,present_in_source_archive,not_found,fallback_rebuild_required,catalog_only,forms_index.tsv; 23 procedures; 3 triggers; 86 table indicators
FASR007.fmx,GL/finance,present_in_source_archive,not_found,fallback_rebuild_required,catalog_only,forms_index.tsv; 26 procedures; 3 triggers; 112 table indicators
FASR008.fmx,GL/finance,present_in_source_archive,not_found,fallback_rebuild_required,catalog_only,forms_index.tsv; 23 procedures; 3 triggers; 87 table indicators
FASR009.fmx,GL/finance,present_in_source_archive,not_found,fallback_rebuild_required,catalog_only,forms_index.tsv; 23 procedures; 3 triggers; 90 table indicators
FASR086.fmx,GL/finance,present_in_source_archive,not_found,fallback_rebuild_required,catalog_only,forms_index.tsv; 24 procedures; 3 triggers; 105 table indicators
FASR089.fmx,GL/finance,present_in_source_archive,not_found,fallback_rebuild_required,catalog_only,forms_index.tsv; 24 procedures; 3 triggers; 103 table indicators
FASR090.fmx,GL/finance,present_in_source_archive,not_found,fallback_rebuild_required,catalog_only,forms_index.tsv; 23 procedures; 3 triggers; 95 table indicators
FASR091.fmx,GL/finance,present_in_source_archive,not_found,fallback_rebuild_required,catalog_only,forms_index.tsv; 46 procedures; 10 triggers; 186 table indicators
FASS001.fmx,GL/finance,present_in_source_archive,not_found,fallback_rebuild_required,catalog_only,forms_index.tsv; 34 procedures; 8 triggers; 68 table indicators
FASS002.fmx,GL/finance,present_in_source_archive,not_found,fallback_rebuild_required,catalog_only,forms_index.tsv; 34 procedures; 8 triggers; 78 table indicators
FASS003.fmx,GL/finance,present_in_source_archive,not_found,fallback_rebuild_required,catalog_only,forms_index.tsv; 34 procedures; 8 triggers; 79 table indicators
FASS004.fmx,GL/finance,present_in_source_archive,not_found,fallback_rebuild_required,catalog_only,forms_index.tsv; 39 procedures; 8 triggers; 99 table indicators
FASS085.fmx,GL/finance,present_in_source_archive,not_found,fallback_rebuild_required,catalog_only,forms_index.tsv; 33 procedures; 8 triggers; 54 table indicators
FASS086.fmx,GL/finance,present_in_source_archive,not_found,fallback_rebuild_required,catalog_only,forms_index.tsv; 35 procedures; 8 triggers; 57 table indicators
FAST001.fmx,GL/finance,present_in_source_archive,not_found,fallback_rebuild_required,catalog_only,forms_index.tsv; 36 procedures; 8 triggers; 91 table indicators
FAST002.fmx,GL/finance,present_in_source_archive,not_found,fallback_rebuild_required,catalog_only,forms_index.tsv; 51 procedures; 13 triggers; 190 table indicators
FAST003.fmx,GL/finance,present_in_source_archive,not_found,fallback_rebuild_required,catalog_only,forms_index.tsv; 52 procedures; 13 triggers; 192 table indicators
FAST004.fmx,GL/finance,present_in_source_archive,not_found,fallback_rebuild_required,catalog_only,forms_index.tsv; 51 procedures; 12 triggers; 164 table indicators
FAST005.fmx,GL/finance,present_in_source_archive,not_found,fallback_rebuild_required,catalog_only,forms_index.tsv; 44 procedures; 13 triggers; 139 table indicators
FAST006.fmx,GL/finance,present_in_source_archive,not_found,fallback_rebuild_required,catalog_only,forms_index.tsv; 45 procedures; 8 triggers; 138 table indicators
FAST007.fmx,GL/finance,present_in_source_archive,not_found,fallback_rebuild_required,catalog_only,forms_index.tsv; 40 procedures; 10 triggers; 123 table indicators
FAST008.fmx,GL/finance,present_in_source_archive,not_found,fallback_rebuild_required,catalog_only,forms_index.tsv; 47 procedures; 13 triggers; 166 table indicators
FAST009.fmx,GL/finance,present_in_source_archive,not_found,fallback_rebuild_required,catalog_only,forms_index.tsv; 47 procedures; 13 triggers; 151 table indicators
FAST010.fmx,GL/finance,present_in_source_archive,not_found,fallback_rebuild_required,catalog_only,forms_index.tsv; 47 procedures; 11 triggers; 140 table indicators
FAST012.fmx,GL/finance,present_in_source_archive,not_found,fallback_rebuild_required,catalog_only,forms_index.tsv; 46 procedures; 11 triggers; 147 table indicators
FAST086.fmx,GL/finance,present_in_source_archive,not_found,fallback_rebuild_required,catalog_only,forms_index.tsv; 41 procedures; 10 triggers; 144 table indicators
FAST087.fmx,GL/finance,present_in_source_archive,not_found,fallback_rebuild_required,catalog_only,forms_index.tsv; 47 procedures; 10 triggers; 183 table indicators
FAST088.fmx,GL/finance,present_in_source_archive,not_found,fallback_rebuild_required,catalog_only,forms_index.tsv; 44 procedures; 10 triggers; 181 table indicators
FAST088t.fmx,GL/finance,present_in_source_archive,not_found,fallback_rebuild_required,catalog_only,forms_index.tsv; 46 procedures; 10 triggers; 187 table indicators
FAST088tt.fmx,GL/finance,present_in_source_archive,not_found,fallback_rebuild_required,catalog_only,forms_index.tsv; 46 procedures; 10 triggers; 184 table indicators
FAST089.fmx,GL/finance,present_in_source_archive,not_found,fallback_rebuild_required,available_for_focus_forms,forms_index.tsv; 30 procedures; 37 triggers; 330 table indicators
FAST091.fmx,GL/finance,present_in_source_archive,not_found,fallback_rebuild_required,catalog_only,forms_index.tsv; 46 procedures; 10 triggers; 179 table indicators
FAST092.fmx,GL/finance,present_in_source_archive,not_found,fallback_rebuild_required,catalog_only,forms_index.tsv; 46 procedures; 10 triggers; 186 table indicators
FAST093.fmx,GL/finance,present_in_source_archive,not_found,fallback_rebuild_required,catalog_only,forms_index.tsv; 46 procedures; 10 triggers; 187 table indicators
FASUPGRADE.fmx,GL/finance,present_in_source_archive,not_found,fallback_rebuild_required,catalog_only,forms_index.tsv; 2 procedures; 0 triggers; 62 table indicators
FAS_AS_TRNS.fmx,GL/finance,present_in_source_archive,not_found,fallback_rebuild_required,catalog_only,forms_index.tsv; 35 procedures; 8 triggers; 55 table indicators
FAS_BARCODE.fmx,GL/finance,present_in_source_archive,not_found,fallback_rebuild_required,catalog_only,forms_index.tsv; 40 procedures; 9 triggers; 100 table indicators
FAS_BARCODE_TMP.fmx,GL/finance,present_in_source_archive,not_found,fallback_rebuild_required,catalog_only,forms_index.tsv; 39 procedures; 9 triggers; 98 table indicators
FAS_IMP_XLS_ASSETS.fmx,GL/finance,present_in_source_archive,not_found,fallback_rebuild_required,catalog_only,forms_index.tsv; 37 procedures; 8 triggers; 82 table indicators
FAS_IMP_XLS_GRP.fmx,GL/finance,present_in_source_archive,not_found,fallback_rebuild_required,catalog_only,forms_index.tsv; 36 procedures; 8 triggers; 63 table indicators
FAS_IMP_XLS_LOC.fmx,GL/finance,present_in_source_archive,not_found,fallback_rebuild_required,catalog_only,forms_index.tsv; 36 procedures; 8 triggers; 67 table indicators
FMSI001.fmx,other,present_in_source_archive,not_found,fallback_rebuild_required,catalog_only,forms_index.tsv; 33 procedures; 8 triggers; 52 table indicators
FMSI002.fmx,other,present_in_source_archive,not_found,fallback_rebuild_required,catalog_only,forms_index.tsv; 34 procedures; 8 triggers; 68 table indicators
FMSI004.fmx,other,present_in_source_archive,not_found,fallback_rebuild_required,catalog_only,forms_index.tsv; 33 procedures; 8 triggers; 57 table indicators
FMSI005.fmx,other,present_in_source_archive,not_found,fallback_rebuild_required,catalog_only,forms_index.tsv; 32 procedures; 8 triggers; 65 table indicators
FMSR001.fmx,other,present_in_source_archive,not_found,fallback_rebuild_required,catalog_only,forms_index.tsv; 18 procedures; 3 triggers; 80 table indicators
FMSR002.fmx,other,present_in_source_archive,not_found,fallback_rebuild_required,catalog_only,forms_index.tsv; 18 procedures; 3 triggers; 78 table indicators
FMSR004.fmx,other,present_in_source_archive,not_found,fallback_rebuild_required,catalog_only,forms_index.tsv; 17 procedures; 3 triggers; 81 table indicators
FMSR005.fmx,other,present_in_source_archive,not_found,fallback_rebuild_required,catalog_only,forms_index.tsv; 17 procedures; 3 triggers; 85 table indicators
FMSR006.fmx,other,present_in_source_archive,not_found,fallback_rebuild_required,catalog_only,forms_index.tsv; 17 procedures; 3 triggers; 78 table indicators
FMSS001.fmx,other,present_in_source_archive,not_found,fallback_rebuild_required,catalog_only,forms_index.tsv; 33 procedures; 8 triggers; 55 table indicators
FMSS002.fmx,other,present_in_source_archive,not_found,fallback_rebuild_required,catalog_only,forms_index.tsv; 33 procedures; 10 triggers; 56 table indicators
FMSS003.fmx,other,present_in_source_archive,not_found,fallback_rebuild_required,catalog_only,forms_index.tsv; 33 procedures; 8 triggers; 52 table indicators
FMSS004.fmx,other,present_in_source_archive,not_found,fallback_rebuild_required,catalog_only,forms_index.tsv; 33 procedures; 8 triggers; 58 table indicators
FMSS005.fmx,other,present_in_source_archive,not_found,fallback_rebuild_required,catalog_only,forms_index.tsv; 33 procedures; 8 triggers; 52 table indicators
FMST001.fmx,other,present_in_source_archive,not_found,fallback_rebuild_required,catalog_only,forms_index.tsv; 34 procedures; 8 triggers; 67 table indicators
FMST002.fmx,other,present_in_source_archive,not_found,fallback_rebuild_required,catalog_only,forms_index.tsv; 35 procedures; 10 triggers; 130 table indicators
FMST003.fmx,other,present_in_source_archive,not_found,fallback_rebuild_required,catalog_only,forms_index.tsv; 34 procedures; 8 triggers; 62 table indicators
FNGI005.fmx,GL/finance,present_in_source_archive,not_found,fallback_rebuild_required,catalog_only,forms_index.tsv; 43 procedures; 11 triggers; 114 table indicators
FNGI007.fmx,GL/finance,present_in_source_archive,not_found,fallback_rebuild_required,catalog_only,forms_index.tsv; 37 procedures; 8 triggers; 187 table indicators
FNGI008.fmx,GL/finance,present_in_source_archive,not_found,fallback_rebuild_required,catalog_only,forms_index.tsv; 44 procedures; 8 triggers; 259 table indicators
FNGI008_.fmx,GL/finance,present_in_source_archive,not_found,fallback_rebuild_required,catalog_only,forms_index.tsv; 44 procedures; 8 triggers; 227 table indicators
FNGI008__.fmx,GL/finance,present_in_source_archive,not_found,fallback_rebuild_required,catalog_only,forms_index.tsv; 41 procedures; 8 triggers; 204 table indicators
FNGI009.fmx,GL/finance,present_in_source_archive,not_found,fallback_rebuild_required,catalog_only,forms_index.tsv; 38 procedures; 10 triggers; 94 table indicators
FNGI010.fmx,GL/finance,present_in_source_archive,not_found,fallback_rebuild_required,catalog_only,forms_index.tsv; 37 procedures; 10 triggers; 150 table indicators
FNGR001.fmx,GL/finance,present_in_source_archive,not_found,fallback_rebuild_required,catalog_only,forms_index.tsv; 16 procedures; 3 triggers; 54 table indicators
FNGR001__.fmx,GL/finance,present_in_source_archive,not_found,fallback_rebuild_required,catalog_only,forms_index.tsv; 16 procedures; 3 triggers; 54 table indicators
FNGR002.fmx,GL/finance,present_in_source_archive,not_found,fallback_rebuild_required,catalog_only,forms_index.tsv; 18 procedures; 3 triggers; 52 table indicators
FNGR007.fmx,GL/finance,present_in_source_archive,not_found,fallback_rebuild_required,catalog_only,forms_index.tsv; 16 procedures; 3 triggers; 54 table indicators
FNGR010.fmx,GL/finance,present_in_source_archive,not_found,fallback_rebuild_required,catalog_only,forms_index.tsv; 17 procedures; 3 triggers; 55 table indicators
FNGR011.fmx,GL/finance,present_in_source_archive,not_found,fallback_rebuild_required,catalog_only,forms_index.tsv; 17 procedures; 3 triggers; 54 table indicators
FNGR012.fmx,GL/finance,present_in_source_archive,not_found,fallback_rebuild_required,catalog_only,forms_index.tsv; 17 procedures; 3 triggers; 57 table indicators
FNGR030.fmx,GL/finance,present_in_source_archive,not_found,fallback_rebuild_required,catalog_only,forms_index.tsv; 21 procedures; 3 triggers; 119 table indicators
FNGR031.fmx,GL/finance,present_in_source_archive,not_found,fallback_rebuild_required,catalog_only,forms_index.tsv; 16 procedures; 3 triggers; 50 table indicators
FNGS001.fmx,GL/finance,present_in_source_archive,not_found,fallback_rebuild_required,catalog_only,forms_index.tsv; 34 procedures; 8 triggers; 77 table indicators
FNGS003.fmx,GL/finance,present_in_source_archive,not_found,fallback_rebuild_required,catalog_only,forms_index.tsv; 41 procedures; 10 triggers; 98 table indicators
FNGS006.fmx,GL/finance,present_in_source_archive,not_found,fallback_rebuild_required,catalog_only,forms_index.tsv; 36 procedures; 8 triggers; 96 table indicators
FNGS007.fmx,GL/finance,present_in_source_archive,not_found,fallback_rebuild_required,catalog_only,forms_index.tsv; 41 procedures; 11 triggers; 101 table indicators
FNGT005.fmx,GL/finance,present_in_source_archive,not_found,fallback_rebuild_required,catalog_only,forms_index.tsv; 47 procedures; 10 triggers; 123 table indicators
FNGT006.fmx,GL/finance,present_in_source_archive,not_found,fallback_rebuild_required,catalog_only,forms_index.tsv; 51 procedures; 10 triggers; 123 table indicators
FNGT007.fmx,GL/finance,present_in_source_archive,not_found,fallback_rebuild_required,catalog_only,forms_index.tsv; 46 procedures; 10 triggers; 123 table indicators
FNGT020.fmx,GL/finance,present_in_source_archive,not_found,fallback_rebuild_required,catalog_only,forms_index.tsv; 48 procedures; 8 triggers; 165 table indicators
FNGT021.fmx,GL/finance,present_in_source_archive,not_found,fallback_rebuild_required,catalog_only,forms_index.tsv; 39 procedures; 8 triggers; 98 table indicators
GENIMPXLS_AC.fmx,other,present_in_source_archive,not_found,fallback_rebuild_required,catalog_only,forms_index.tsv; 34 procedures; 8 triggers; 68 table indicators
GENIMPXLS_ACTV.fmx,other,present_in_source_archive,not_found,fallback_rebuild_required,catalog_only,forms_index.tsv; 34 procedures; 8 triggers; 71 table indicators
GENIMPXLS_ACTV_PJ.fmx,other,present_in_source_archive,not_found,fallback_rebuild_required,catalog_only,forms_index.tsv; 37 procedures; 8 triggers; 71 table indicators
GENIMPXLS_CC.fmx,other,present_in_source_archive,not_found,fallback_rebuild_required,catalog_only,forms_index.tsv; 34 procedures; 8 triggers; 64 table indicators
GENIMPXLS_PJ.fmx,other,present_in_source_archive,not_found,fallback_rebuild_required,catalog_only,forms_index.tsv; 34 procedures; 8 triggers; 70 table indicators
GENS001.fmx,other,present_in_source_archive,not_found,fallback_rebuild_required,catalog_only,forms_index.tsv; 34 procedures; 8 triggers; 151 table indicators
GENS002.fmx,other,present_in_source_archive,not_found,fallback_rebuild_required,catalog_only,forms_index.tsv; 34 procedures; 8 triggers; 63 table indicators
GENS003.fmx,other,present_in_source_archive,not_found,fallback_rebuild_required,catalog_only,forms_index.tsv; 37 procedures; 8 triggers; 67 table indicators
GENS004.fmx,other,present_in_source_archive,not_found,fallback_rebuild_required,catalog_only,forms_index.tsv; 36 procedures; 8 triggers; 79 table indicators
GENS005.fmx,other,present_in_source_archive,not_found,fallback_rebuild_required,catalog_only,forms_index.tsv; 33 procedures; 8 triggers; 61 table indicators
GENS006.fmx,other,present_in_source_archive,not_found,fallback_rebuild_required,catalog_only,forms_index.tsv; 33 procedures; 8 triggers; 62 table indicators
GENS007.fmx,other,present_in_source_archive,not_found,fallback_rebuild_required,catalog_only,forms_index.tsv; 33 procedures; 8 triggers; 61 table indicators
GENS008.fmx,other,present_in_source_archive,not_found,fallback_rebuild_required,catalog_only,forms_index.tsv; 33 procedures; 8 triggers; 66 table indicators
GENS009.fmx,other,present_in_source_archive,not_found,fallback_rebuild_required,catalog_only,forms_index.tsv; 35 procedures; 8 triggers; 88 table indicators
GENS010.fmx,other,present_in_source_archive,not_found,fallback_rebuild_required,catalog_only,forms_index.tsv; 33 procedures; 8 triggers; 61 table indicators
GENS011.fmx,other,present_in_source_archive,not_found,fallback_rebuild_required,catalog_only,forms_index.tsv; 41 procedures; 8 triggers; 97 table indicators
GENS012.fmx,other,present_in_source_archive,not_found,fallback_rebuild_required,catalog_only,forms_index.tsv; 57 procedures; 10 triggers; 258 table indicators
GENS012_11-10-2016.fmx,other,present_in_source_archive,not_found,fallback_rebuild_required,catalog_only,forms_index.tsv; 57 procedures; 10 triggers; 250 table indicators
GENS013.fmx,other,present_in_source_archive,not_found,fallback_rebuild_required,catalog_only,forms_index.tsv; 35 procedures; 8 triggers; 64 table indicators
GENS014.fmx,other,present_in_source_archive,not_found,fallback_rebuild_required,catalog_only,forms_index.tsv; 34 procedures; 8 triggers; 68 table indicators
GENS015.fmx,other,present_in_source_archive,not_found,fallback_rebuild_required,catalog_only,forms_index.tsv; 33 procedures; 8 triggers; 59 table indicators
GENS016.fmx,other,present_in_source_archive,not_found,fallback_rebuild_required,catalog_only,forms_index.tsv; 37 procedures; 10 triggers; 90 table indicators
GENS017.fmx,other,present_in_source_archive,not_found,fallback_rebuild_required,catalog_only,forms_index.tsv; 37 procedures; 10 triggers; 97 table indicators
GENS018.fmx,other,present_in_source_archive,not_found,fallback_rebuild_required,catalog_only,forms_index.tsv; 34 procedures; 8 triggers; 56 table indicators
GENS019.fmx,other,present_in_source_archive,not_found,fallback_rebuild_required,catalog_only,forms_index.tsv; 36 procedures; 10 triggers; 98 table indicators
GENS020.fmx,other,present_in_source_archive,not_found,fallback_rebuild_required,catalog_only,forms_index.tsv; 35 procedures; 8 triggers; 64 table indicators
GLSI001.fmx,GL/finance,present_in_source_archive,not_found,fallback_rebuild_required,catalog_only,forms_index.tsv; 44 procedures; 12 triggers; 216 table indicators
GLSI002.fmx,GL/finance,present_in_source_archive,not_found,fallback_rebuild_required,catalog_only,forms_index.tsv; 34 procedures; 8 triggers; 76 table indicators
GLSI003.fmx,GL/finance,present_in_source_archive,not_found,fallback_rebuild_required,catalog_only,forms_index.tsv; 36 procedures; 8 triggers; 126 table indicators
GLSI004.fmx,GL/finance,present_in_source_archive,not_found,fallback_rebuild_required,catalog_only,forms_index.tsv; 36 procedures; 8 triggers; 116 table indicators
GLSI005.fmx,GL/finance,present_in_source_archive,not_found,fallback_rebuild_required,catalog_only,forms_index.tsv; 36 procedures; 9 triggers; 122 table indicators
GLSI007.fmx,GL/finance,present_in_source_archive,not_found,fallback_rebuild_required,catalog_only,forms_index.tsv; 36 procedures; 8 triggers; 80 table indicators
GLSI008.fmx,GL/finance,present_in_source_archive,not_found,fallback_rebuild_required,catalog_only,forms_index.tsv; 35 procedures; 8 triggers; 78 table indicators
GLSI009.fmx,GL/finance,present_in_source_archive,not_found,fallback_rebuild_required,catalog_only,forms_index.tsv; 36 procedures; 8 triggers; 84 table indicators
GLSI010.fmx,GL/finance,present_in_source_archive,not_found,fallback_rebuild_required,catalog_only,forms_index.tsv; 42 procedures; 8 triggers; 199 table indicators
GLSI011.fmx,GL/finance,present_in_source_archive,not_found,fallback_rebuild_required,catalog_only,forms_index.tsv; 50 procedures; 9 triggers; 216 table indicators
GLSI012.fmx,GL/finance,present_in_source_archive,not_found,fallback_rebuild_required,catalog_only,forms_index.tsv; 38 procedures; 8 triggers; 99 table indicators
GLSI013.fmx,GL/finance,present_in_source_archive,not_found,fallback_rebuild_required,catalog_only,forms_index.tsv; 42 procedures; 10 triggers; 138 table indicators
GLSI0131.fmx,GL/finance,present_in_source_archive,not_found,fallback_rebuild_required,catalog_only,forms_index.tsv; 39 procedures; 9 triggers; 101 table indicators
GLSI014.fmx,GL/finance,present_in_source_archive,not_found,fallback_rebuild_required,catalog_only,forms_index.tsv; 42 procedures; 8 triggers; 160 table indicators
GLSI014_NEW.fmx,GL/finance,present_in_source_archive,not_found,fallback_rebuild_required,catalog_only,forms_index.tsv; 41 procedures; 8 triggers; 154 table indicators
GLSI016.fmx,GL/finance,present_in_source_archive,not_found,fallback_rebuild_required,catalog_only,forms_index.tsv; 40 procedures; 9 triggers; 154 table indicators
GLSI017.fmx,GL/finance,present_in_source_archive,not_found,fallback_rebuild_required,catalog_only,forms_index.tsv; 32 procedures; 8 triggers; 87 table indicators
GLSR001.fmx,GL/finance,present_in_source_archive,not_found,fallback_rebuild_required,catalog_only,forms_index.tsv; 19 procedures; 3 triggers; 96 table indicators
GLSR002.fmx,GL/finance,present_in_source_archive,not_found,fallback_rebuild_required,catalog_only,forms_index.tsv; 17 procedures; 3 triggers; 51 table indicators
GLSR003.fmx,GL/finance,present_in_source_archive,not_found,fallback_rebuild_required,catalog_only,forms_index.tsv; 16 procedures; 3 triggers; 95 table indicators
GLSR00333.fmx,GL/finance,present_in_source_archive,not_found,fallback_rebuild_required,catalog_only,forms_index.tsv; 16 procedures; 3 triggers; 81 table indicators
GLSR004.fmx,GL/finance,present_in_source_archive,not_found,fallback_rebuild_required,catalog_only,forms_index.tsv; 17 procedures; 4 triggers; 91 table indicators
GLSR005.fmx,GL/finance,present_in_source_archive,not_found,fallback_rebuild_required,catalog_only,forms_index.tsv; 18 procedures; 3 triggers; 114 table indicators
GLSR006.fmx,GL/finance,present_in_source_archive,not_found,fallback_rebuild_required,catalog_only,forms_index.tsv; 20 procedures; 4 triggers; 139 table indicators
GLSR007.fmx,GL/finance,present_in_source_archive,not_found,fallback_rebuild_required,catalog_only,forms_index.tsv; 18 procedures; 3 triggers; 117 table indicators
GLSR008.fmx,GL/finance,present_in_source_archive,not_found,fallback_rebuild_required,catalog_only,forms_index.tsv; 20 procedures; 3 triggers; 90 table indicators
GLSR009.fmx,GL/finance,present_in_source_archive,not_found,fallback_rebuild_required,catalog_only,forms_index.tsv; 16 procedures; 3 triggers; 65 table indicators
GLSR010.fmx,GL/finance,present_in_source_archive,not_found,fallback_rebuild_required,catalog_only,forms_index.tsv; 19 procedures; 10 triggers; 123 table indicators
GLSR011.fmx,GL/finance,present_in_source_archive,not_found,fallback_rebuild_required,catalog_only,forms_index.tsv; 17 procedures; 3 triggers; 64 table indicators
GLSR012.fmx,GL/finance,present_in_source_archive,not_found,fallback_rebuild_required,catalog_only,forms_index.tsv; 30 procedures; 5 triggers; 276 table indicators
GLSR012_Under_test.fmx,GL/finance,present_in_source_archive,not_found,fallback_rebuild_required,catalog_only,forms_index.tsv; 30 procedures; 5 triggers; 276 table indicators
GLSR012_adb.fmx,GL/finance,present_in_source_archive,not_found,fallback_rebuild_required,catalog_only,forms_index.tsv; 30 procedures; 5 triggers; 277 table indicators
GLSR012new.fmx,GL/finance,present_in_source_archive,not_found,fallback_rebuild_required,catalog_only,forms_index.tsv; 30 procedures; 5 triggers; 263 table indicators
GLSR013.fmx,GL/finance,present_in_source_archive,not_found,fallback_rebuild_required,catalog_only,forms_index.tsv; 19 procedures; 3 triggers; 116 table indicators
GLSR016.fmx,GL/finance,present_in_source_archive,not_found,fallback_rebuild_required,catalog_only,forms_index.tsv; 18 procedures; 7 triggers; 120 table indicators
GLSR018.fmx,GL/finance,present_in_source_archive,not_found,fallback_rebuild_required,catalog_only,forms_index.tsv; 22 procedures; 3 triggers; 74 table indicators
GLSR023.fmx,GL/finance,present_in_source_archive,not_found,fallback_rebuild_required,catalog_only,forms_index.tsv; 22 procedures; 3 triggers; 96 table indicators
GLSR024.fmx,GL/finance,present_in_source_archive,not_found,fallback_rebuild_required,catalog_only,forms_index.tsv; 17 procedures; 3 triggers; 66 table indicators
GLSR028.fmx,GL/finance,present_in_source_archive,not_found,fallback_rebuild_required,catalog_only,forms_index.tsv; 15 procedures; 3 triggers; 47 table indicators
GLSR029.fmx,GL/finance,present_in_source_archive,not_found,fallback_rebuild_required,catalog_only,forms_index.tsv; 19 procedures; 3 triggers; 70 table indicators
GLSR030.fmx,GL/finance,present_in_source_archive,not_found,fallback_rebuild_required,catalog_only,forms_index.tsv; 16 procedures; 3 triggers; 57 table indicators
GLSR033.fmx,GL/finance,present_in_source_archive,not_found,fallback_rebuild_required,catalog_only,forms_index.tsv; 19 procedures; 4 triggers; 110 table indicators
GLSR043.fmx,GL/finance,present_in_source_archive,not_found,fallback_rebuild_required,catalog_only,forms_index.tsv; 18 procedures; 4 triggers; 97 table indicators
GLSS001.fmx,GL/finance,present_in_source_archive,not_found,fallback_rebuild_required,catalog_only,forms_index.tsv; 33 procedures; 20 triggers; 109 table indicators
GLSS002.fmx,GL/finance,present_in_source_archive,not_found,fallback_rebuild_required,catalog_only,forms_index.tsv; 34 procedures; 8 triggers; 71 table indicators
GLSS004.fmx,GL/finance,present_in_source_archive,not_found,fallback_rebuild_required,catalog_only,forms_index.tsv; 31 procedures; 10 triggers; 83 table indicators
GLSS007.fmx,GL/finance,present_in_source_archive,not_found,fallback_rebuild_required,catalog_only,forms_index.tsv; 33 procedures; 8 triggers; 55 table indicators
GLSS009.fmx,GL/finance,present_in_source_archive,not_found,fallback_rebuild_required,catalog_only,forms_index.tsv; 32 procedures; 8 triggers; 66 table indicators
GLSS011.fmx,GL/finance,present_in_source_archive,not_found,fallback_rebuild_required,catalog_only,forms_index.tsv; 34 procedures; 8 triggers; 63 table indicators
GLSS012.fmx,GL/finance,present_in_source_archive,not_found,fallback_rebuild_required,catalog_only,forms_index.tsv; 35 procedures; 8 triggers; 82 table indicators
GLSS014.fmx,GL/finance,present_in_source_archive,not_found,fallback_rebuild_required,catalog_only,forms_index.tsv; 32 procedures; 8 triggers; 57 table indicators
GLSS016.fmx,GL/finance,present_in_source_archive,not_found,fallback_rebuild_required,catalog_only,forms_index.tsv; 34 procedures; 8 triggers; 57 table indicators
GLSS017.fmx,GL/finance,present_in_source_archive,not_found,fallback_rebuild_required,catalog_only,forms_index.tsv; 33 procedures; 8 triggers; 60 table indicators
GLSS018.fmx,GL/finance,present_in_source_archive,not_found,fallback_rebuild_required,catalog_only,forms_index.tsv; 33 procedures; 8 triggers; 63 table indicators
GLST001.fmx,GL/finance,present_in_source_archive,not_found,fallback_rebuild_required,available_for_focus_forms,forms_index.tsv; 77 procedures; 9 triggers; 406 table indicators
GLST00111.fmx,GL/finance,present_in_source_archive,not_found,fallback_rebuild_required,catalog_only,forms_index.tsv; 70 procedures; 9 triggers; 342 table indicators
GLST002.fmx,GL/finance,present_in_source_archive,not_found,fallback_rebuild_required,available_for_focus_forms,forms_index.tsv; 71 procedures; 13 triggers; 465 table indicators
GLST00211.fmx,GL/finance,present_in_source_archive,not_found,fallback_rebuild_required,catalog_only,forms_index.tsv; 68 procedures; 12 triggers; 413 table indicators
GLST003.fmx,GL/finance,present_in_source_archive,not_found,fallback_rebuild_required,catalog_only,forms_index.tsv; 42 procedures; 8 triggers; 114 table indicators
GLST004.fmx,GL/finance,present_in_source_archive,not_found,fallback_rebuild_required,catalog_only,forms_index.tsv; 70 procedures; 13 triggers; 440 table indicators
GLST005.fmx,GL/finance,present_in_source_archive,not_found,fallback_rebuild_required,catalog_only,forms_index.tsv; 47 procedures; 8 triggers; 159 table indicators
GLST006.fmx,GL/finance,present_in_source_archive,not_found,fallback_rebuild_required,catalog_only,forms_index.tsv; 49 procedures; 8 triggers; 157 table indicators
GLST007.fmx,GL/finance,present_in_source_archive,not_found,fallback_rebuild_required,catalog_only,forms_index.tsv; 36 procedures; 12 triggers; 106 table indicators
GLST008.fmx,GL/finance,present_in_source_archive,not_found,fallback_rebuild_required,catalog_only,forms_index.tsv; 49 procedures; 15 triggers; 201 table indicators
GLST009.fmx,GL/finance,present_in_source_archive,not_found,fallback_rebuild_required,catalog_only,forms_index.tsv; 43 procedures; 8 triggers; 132 table indicators
GLST010.fmx,GL/finance,present_in_source_archive,not_found,fallback_rebuild_required,catalog_only,forms_index.tsv; 60 procedures; 10 triggers; 288 table indicators
GLST013.fmx,GL/finance,present_in_source_archive,not_found,fallback_rebuild_required,catalog_only,forms_index.tsv; 36 procedures; 8 triggers; 87 table indicators
GLST014.fmx,GL/finance,present_in_source_archive,not_found,fallback_rebuild_required,catalog_only,forms_index.tsv; 39 procedures; 13 triggers; 193 table indicators
GLST015.fmx,GL/finance,present_in_source_archive,not_found,fallback_rebuild_required,catalog_only,forms_index.tsv; 41 procedures; 12 triggers; 155 table indicators
GLST016.fmx,GL/finance,present_in_source_archive,not_found,fallback_rebuild_required,catalog_only,forms_index.tsv; 40 procedures; 8 triggers; 150 table indicators
GLST017.fmx,GL/finance,present_in_source_archive,not_found,fallback_rebuild_required,catalog_only,forms_index.tsv; 69 procedures; 8 triggers; 362 table indicators
GLST01711.fmx,GL/finance,present_in_source_archive,not_found,fallback_rebuild_required,catalog_only,forms_index.tsv; 66 procedures; 8 triggers; 346 table indicators
GLST018.fmx,GL/finance,present_in_source_archive,not_found,fallback_rebuild_required,catalog_only,forms_index.tsv; 66 procedures; 12 triggers; 430 table indicators
GLST0181.fmx,GL/finance,present_in_source_archive,not_found,fallback_rebuild_required,catalog_only,forms_index.tsv; 63 procedures; 11 triggers; 383 table indicators
GLST01811.fmx,GL/finance,present_in_source_archive,not_found,fallback_rebuild_required,catalog_only,forms_index.tsv; 64 procedures; 11 triggers; 385 table indicators
GLST020.fmx,GL/finance,present_in_source_archive,not_found,fallback_rebuild_required,catalog_only,forms_index.tsv; 72 procedures; 34 triggers; 445 table indicators
GLST021.fmx,GL/finance,present_in_source_archive,not_found,fallback_rebuild_required,catalog_only,forms_index.tsv; 35 procedures; 8 triggers; 94 table indicators
GRNTR001.fmx,other,present_in_source_archive,not_found,fallback_rebuild_required,catalog_only,forms_index.tsv; 17 procedures; 3 triggers; 54 table indicators
GRNTR004.fmx,other,present_in_source_archive,not_found,fallback_rebuild_required,catalog_only,forms_index.tsv; 16 procedures; 3 triggers; 55 table indicators
GRNTR005.fmx,other,present_in_source_archive,not_found,fallback_rebuild_required,catalog_only,forms_index.tsv; 16 procedures; 3 triggers; 54 table indicators
GRNTS002.fmx,other,present_in_source_archive,not_found,fallback_rebuild_required,catalog_only,forms_index.tsv; 33 procedures; 8 triggers; 55 table indicators
GRNTT001.fmx,other,present_in_source_archive,not_found,fallback_rebuild_required,catalog_only,forms_index.tsv; 60 procedures; 10 triggers; 234 table indicators
GRNTT002.fmx,other,present_in_source_archive,not_found,fallback_rebuild_required,catalog_only,forms_index.tsv; 62 procedures; 10 triggers; 261 table indicators
GRNTT003.fmx,other,present_in_source_archive,not_found,fallback_rebuild_required,catalog_only,forms_index.tsv; 55 procedures; 9 triggers; 217 table indicators
GRNTT004.fmx,other,present_in_source_archive,not_found,fallback_rebuild_required,catalog_only,forms_index.tsv; 51 procedures; 8 triggers; 190 table indicators
GRNTT005.fmx,other,present_in_source_archive,not_found,fallback_rebuild_required,catalog_only,forms_index.tsv; 48 procedures; 8 triggers; 124 table indicators
GRNTT006.fmx,other,present_in_source_archive,not_found,fallback_rebuild_required,catalog_only,forms_index.tsv; 45 procedures; 8 triggers; 90 table indicators
HRSADMT006.fmx,HR,present_in_source_archive,not_found,fallback_rebuild_required,catalog_only,forms_index.tsv; 34 procedures; 10 triggers; 84 table indicators
HRSALNCR002.fmx,HR,present_in_source_archive,not_found,fallback_rebuild_required,catalog_only,forms_index.tsv; 22 procedures; 3 triggers; 99 table indicators
HRSALNCT001.fmx,HR,present_in_source_archive,not_found,fallback_rebuild_required,catalog_only,forms_index.tsv; 52 procedures; 10 triggers; 196 table indicators
HRSALNCT002.fmx,HR,present_in_source_archive,not_found,fallback_rebuild_required,catalog_only,forms_index.tsv; 54 procedures; 10 triggers; 217 table indicators
HRSDOCI003.fmx,HR,present_in_source_archive,not_found,fallback_rebuild_required,catalog_only,forms_index.tsv; 37 procedures; 10 triggers; 108 table indicators
HRSDOCR005.fmx,HR,present_in_source_archive,not_found,fallback_rebuild_required,catalog_only,forms_index.tsv; 21 procedures; 3 triggers; 84 table indicators
HRSDOCS001.fmx,HR,present_in_source_archive,not_found,fallback_rebuild_required,catalog_only,forms_index.tsv; 36 procedures; 10 triggers; 95 table indicators
HRSDOCS002.fmx,HR,present_in_source_archive,not_found,fallback_rebuild_required,catalog_only,forms_index.tsv; 36 procedures; 10 triggers; 87 table indicators
HRSDOCT004.fmx,HR,present_in_source_archive,not_found,fallback_rebuild_required,catalog_only,forms_index.tsv; 42 procedures; 10 triggers; 125 table indicators
HRSDSNR002.fmx,HR,present_in_source_archive,not_found,fallback_rebuild_required,catalog_only,forms_index.tsv; 19 procedures; 3 triggers; 76 table indicators
HRSDSNR005.fmx,HR,present_in_source_archive,not_found,fallback_rebuild_required,catalog_only,forms_index.tsv; 22 procedures; 3 triggers; 83 table indicators
HRSDSNR007.fmx,HR,present_in_source_archive,not_found,fallback_rebuild_required,catalog_only,forms_index.tsv; 19 procedures; 3 triggers; 77 table indicators
HRSDSNT002.fmx,HR,present_in_source_archive,not_found,fallback_rebuild_required,catalog_only,forms_index.tsv; 42 procedures; 10 triggers; 132 table indicators
HRSDSNT005.fmx,HR,present_in_source_archive,not_found,fallback_rebuild_required,catalog_only,forms_index.tsv; 53 procedures; 10 triggers; 208 table indicators
HRSDSNT007.fmx,HR,present_in_source_archive,not_found,fallback_rebuild_required,catalog_only,forms_index.tsv; 55 procedures; 10 triggers; 199 table indicators
HRSEVLI001.fmx,HR,present_in_source_archive,not_found,fallback_rebuild_required,catalog_only,forms_index.tsv; 36 procedures; 10 triggers; 104 table indicators
HRSEVLI002.fmx,HR,present_in_source_archive,not_found,fallback_rebuild_required,catalog_only,forms_index.tsv; 37 procedures; 10 triggers; 108 table indicators
HRSEVLR001.fmx,HR,present_in_source_archive,not_found,fallback_rebuild_required,catalog_only,forms_index.tsv; 22 procedures; 3 triggers; 85 table indicators
HRSEVLS001.fmx,HR,present_in_source_archive,not_found,fallback_rebuild_required,catalog_only,forms_index.tsv; 37 procedures; 10 triggers; 107 table indicators
HRSEVLT001.fmx,HR,present_in_source_archive,not_found,fallback_rebuild_required,catalog_only,forms_index.tsv; 42 procedures; 10 triggers; 139 table indicators
HRSI002.fmx,HR,present_in_source_archive,not_found,fallback_rebuild_required,catalog_only,forms_index.tsv; 35 procedures; 8 triggers; 86 table indicators
HRSI003.fmx,HR,present_in_source_archive,not_found,fallback_rebuild_required,catalog_only,forms_index.tsv; 36 procedures; 8 triggers; 89 table indicators
HRSI004.fmx,HR,present_in_source_archive,not_found,fallback_rebuild_required,catalog_only,forms_index.tsv; 43 procedures; 8 triggers; 114 table indicators
HRSI005.fmx,HR,present_in_source_archive,not_found,fallback_rebuild_required,catalog_only,forms_index.tsv; 36 procedures; 10 triggers; 95 table indicators
HRSI006.fmx,HR,present_in_source_archive,not_found,fallback_rebuild_required,catalog_only,forms_index.tsv; 44 procedures; 10 triggers; 104 table indicators
HRSI007.fmx,HR,present_in_source_archive,not_found,fallback_rebuild_required,catalog_only,forms_index.tsv; 42 procedures; 8 triggers; 119 table indicators
HRSI012.fmx,HR,present_in_source_archive,not_found,fallback_rebuild_required,catalog_only,forms_index.tsv; 49 procedures; 10 triggers; 136 table indicators
HRSIMPXLS_ARTCL.fmx,HR,present_in_source_archive,not_found,fallback_rebuild_required,catalog_only,forms_index.tsv; 36 procedures; 8 triggers; 74 table indicators
HRSIRCS001.fmx,HR,present_in_source_archive,not_found,fallback_rebuild_required,catalog_only,forms_index.tsv; 37 procedures; 10 triggers; 100 table indicators
HRSIRCS002.fmx,HR,present_in_source_archive,not_found,fallback_rebuild_required,catalog_only,forms_index.tsv; 35 procedures; 10 triggers; 94 table indicators
HRSIRCT007.fmx,HR,present_in_source_archive,not_found,fallback_rebuild_required,catalog_only,forms_index.tsv; 36 procedures; 8 triggers; 111 table indicators
HRSMDCI001.fmx,HR,present_in_source_archive,not_found,fallback_rebuild_required,catalog_only,forms_index.tsv; 36 procedures; 8 triggers; 87 table indicators
HRSMDCR001.fmx,HR,present_in_source_archive,not_found,fallback_rebuild_required,catalog_only,forms_index.tsv; 24 procedures; 4 triggers; 100 table indicators
HRSMDCR002.fmx,HR,present_in_source_archive,not_found,fallback_rebuild_required,catalog_only,forms_index.tsv; 25 procedures; 4 triggers; 104 table indicators
HRSMDCR003.fmx,HR,present_in_source_archive,not_found,fallback_rebuild_required,catalog_only,forms_index.tsv; 24 procedures; 4 triggers; 105 table indicators
HRSMDCR004.fmx,HR,present_in_source_archive,not_found,fallback_rebuild_required,catalog_only,forms_index.tsv; 24 procedures; 4 triggers; 100 table indicators
HRSMDCS001.fmx,HR,present_in_source_archive,not_found,fallback_rebuild_required,catalog_only,forms_index.tsv; 34 procedures; 8 triggers; 81 table indicators
HRSMDCS002.fmx,HR,present_in_source_archive,not_found,fallback_rebuild_required,catalog_only,forms_index.tsv; 34 procedures; 8 triggers; 84 table indicators
HRSMDCS003.fmx,HR,present_in_source_archive,not_found,fallback_rebuild_required,catalog_only,forms_index.tsv; 38 procedures; 8 triggers; 98 table indicators
HRSMDCT001.fmx,HR,present_in_source_archive,not_found,fallback_rebuild_required,catalog_only,forms_index.tsv; 62 procedures; 12 triggers; 202 table indicators
HRSPST001.fmx,HR,present_in_source_archive,not_found,fallback_rebuild_required,catalog_only,forms_index.tsv; 47 procedures; 14 triggers; 136 table indicators
HRSR002.fmx,HR,present_in_source_archive,not_found,fallback_rebuild_required,catalog_only,forms_index.tsv; 26 procedures; 3 triggers; 103 table indicators
HRSR003.fmx,HR,present_in_source_archive,not_found,fallback_rebuild_required,catalog_only,forms_index.tsv; 20 procedures; 3 triggers; 93 table indicators
HRSR004.fmx,HR,present_in_source_archive,not_found,fallback_rebuild_required,catalog_only,forms_index.tsv; 26 procedures; 4 triggers; 105 table indicators
HRSR005.fmx,HR,present_in_source_archive,not_found,fallback_rebuild_required,catalog_only,forms_index.tsv; 19 procedures; 3 triggers; 75 table indicators
HRSR006.fmx,HR,present_in_source_archive,not_found,fallback_rebuild_required,catalog_only,forms_index.tsv; 19 procedures; 3 triggers; 82 table indicators
HRSR007.fmx,HR,present_in_source_archive,not_found,fallback_rebuild_required,catalog_only,forms_index.tsv; 22 procedures; 3 triggers; 122 table indicators
HRSR008.fmx,HR,present_in_source_archive,not_found,fallback_rebuild_required,catalog_only,forms_index.tsv; 0 procedures; 0 triggers; 0 table indicators
HRSR009.fmx,HR,present_in_source_archive,not_found,fallback_rebuild_required,catalog_only,forms_index.tsv; 26 procedures; 3 triggers; 115 table indicators
HRSR010.fmx,HR,present_in_source_archive,not_found,fallback_rebuild_required,catalog_only,forms_index.tsv; 22 procedures; 3 triggers; 89 table indicators
HRSR011.fmx,HR,present_in_source_archive,not_found,fallback_rebuild_required,catalog_only,forms_index.tsv; 23 procedures; 3 triggers; 92 table indicators
HRSR012.fmx,HR,present_in_source_archive,not_found,fallback_rebuild_required,catalog_only,forms_index.tsv; 23 procedures; 3 triggers; 89 table indicators
HRSR013.fmx,HR,present_in_source_archive,not_found,fallback_rebuild_required,catalog_only,forms_index.tsv; 23 procedures; 3 triggers; 111 table indicators
HRSR014.fmx,HR,present_in_source_archive,not_found,fallback_rebuild_required,catalog_only,forms_index.tsv; 23 procedures; 3 triggers; 114 table indicators
HRSR014_NEW.fmx,HR,present_in_source_archive,not_found,fallback_rebuild_required,catalog_only,forms_index.tsv; 23 procedures; 3 triggers; 111 table indicators
HRSR015.fmx,HR,present_in_source_archive,not_found,fallback_rebuild_required,catalog_only,forms_index.tsv; 22 procedures; 3 triggers; 88 table indicators
HRSR016.fmx,HR,present_in_source_archive,not_found,fallback_rebuild_required,catalog_only,forms_index.tsv; 20 procedures; 3 triggers; 83 table indicators
HRSR017.fmx,HR,present_in_source_archive,not_found,fallback_rebuild_required,catalog_only,forms_index.tsv; 20 procedures; 3 triggers; 83 table indicators
HRSR018.fmx,HR,present_in_source_archive,not_found,fallback_rebuild_required,catalog_only,forms_index.tsv; 20 procedures; 3 triggers; 80 table indicators
HRSR019.fmx,HR,present_in_source_archive,not_found,fallback_rebuild_required,catalog_only,forms_index.tsv; 25 procedures; 4 triggers; 110 table indicators
HRSR020.fmx,HR,present_in_source_archive,not_found,fallback_rebuild_required,catalog_only,forms_index.tsv; 24 procedures; 6 triggers; 102 table indicators
HRSR021.fmx,HR,present_in_source_archive,not_found,fallback_rebuild_required,catalog_only,forms_index.tsv; 23 procedures; 3 triggers; 95 table indicators
HRSR022.fmx,HR,present_in_source_archive,not_found,fallback_rebuild_required,catalog_only,forms_index.tsv; 22 procedures; 5 triggers; 97 table indicators
HRSR023.fmx,HR,present_in_source_archive,not_found,fallback_rebuild_required,catalog_only,forms_index.tsv; 27 procedures; 3 triggers; 129 table indicators
HRSR024.fmx,HR,present_in_source_archive,not_found,fallback_rebuild_required,catalog_only,forms_index.tsv; 22 procedures; 3 triggers; 98 table indicators
HRSR025.fmx,HR,present_in_source_archive,not_found,fallback_rebuild_required,catalog_only,forms_index.tsv; 22 procedures; 3 triggers; 99 table indicators
HRSR026.fmx,HR,present_in_source_archive,not_found,fallback_rebuild_required,catalog_only,forms_index.tsv; 17 procedures; 3 triggers; 79 table indicators
HRSR027.fmx,HR,present_in_source_archive,not_found,fallback_rebuild_required,catalog_only,forms_index.tsv; 19 procedures; 3 triggers; 66 table indicators
HRSR028.fmx,HR,present_in_source_archive,not_found,fallback_rebuild_required,catalog_only,forms_index.tsv; 17 procedures; 3 triggers; 57 table indicators
HRSR029.fmx,HR,present_in_source_archive,not_found,fallback_rebuild_required,catalog_only,forms_index.tsv; 17 procedures; 3 triggers; 59 table indicators
HRSR030.fmx,HR,present_in_source_archive,not_found,fallback_rebuild_required,catalog_only,forms_index.tsv; 17 procedures; 3 triggers; 60 table indicators
HRSR031.fmx,HR,present_in_source_archive,not_found,fallback_rebuild_required,catalog_only,forms_index.tsv; 17 procedures; 3 triggers; 57 table indicators
HRSR032.fmx,HR,present_in_source_archive,not_found,fallback_rebuild_required,catalog_only,forms_index.tsv; 23 procedures; 3 triggers; 97 table indicators
HRSR047.fmx,HR,present_in_source_archive,not_found,fallback_rebuild_required,catalog_only,forms_index.tsv; 23 procedures; 3 triggers; 98 table indicators
HRSR048.fmx,HR,present_in_source_archive,not_found,fallback_rebuild_required,catalog_only,forms_index.tsv; 23 procedures; 4 triggers; 92 table indicators
HRSRCUI001.fmx,HR,present_in_source_archive,not_found,fallback_rebuild_required,catalog_only,forms_index.tsv; 38 procedures; 10 triggers; 109 table indicators
HRSRCUI002.fmx,HR,present_in_source_archive,not_found,fallback_rebuild_required,catalog_only,forms_index.tsv; 37 procedures; 8 triggers; 93 table indicators
HRSRCUI003.fmx,HR,present_in_source_archive,not_found,fallback_rebuild_required,catalog_only,forms_index.tsv; 35 procedures; 8 triggers; 90 table indicators
HRSRCUR001.fmx,HR,present_in_source_archive,not_found,fallback_rebuild_required,catalog_only,forms_index.tsv; 20 procedures; 3 triggers; 80 table indicators
HRSRCUR002.fmx,HR,present_in_source_archive,not_found,fallback_rebuild_required,catalog_only,forms_index.tsv; 20 procedures; 3 triggers; 80 table indicators
HRSRCUR004.fmx,HR,present_in_source_archive,not_found,fallback_rebuild_required,catalog_only,forms_index.tsv; 20 procedures; 3 triggers; 78 table indicators
HRSRCUR005.fmx,HR,present_in_source_archive,not_found,fallback_rebuild_required,catalog_only,forms_index.tsv; 20 procedures; 3 triggers; 80 table indicators
HRSRCUR006.fmx,HR,present_in_source_archive,not_found,fallback_rebuild_required,catalog_only,forms_index.tsv; 20 procedures; 3 triggers; 80 table indicators
HRSRCUR007.fmx,HR,present_in_source_archive,not_found,fallback_rebuild_required,catalog_only,forms_index.tsv; 19 procedures; 3 triggers; 79 table indicators
HRSRCUS002.fmx,HR,present_in_source_archive,not_found,fallback_rebuild_required,catalog_only,forms_index.tsv; 34 procedures; 8 triggers; 82 table indicators
HRSRCUS003.fmx,HR,present_in_source_archive,not_found,fallback_rebuild_required,catalog_only,forms_index.tsv; 35 procedures; 10 triggers; 98 table indicators
HRSRCUS004.fmx,HR,present_in_source_archive,not_found,fallback_rebuild_required,catalog_only,forms_index.tsv; 37 procedures; 10 triggers; 126 table indicators
HRSRCUT001.fmx,HR,present_in_source_archive,not_found,fallback_rebuild_required,catalog_only,forms_index.tsv; 38 procedures; 8 triggers; 105 table indicators
HRSRCUT002.fmx,HR,present_in_source_archive,not_found,fallback_rebuild_required,catalog_only,forms_index.tsv; 35 procedures; 8 triggers; 96 table indicators
HRSRCUT003.fmx,HR,present_in_source_archive,not_found,fallback_rebuild_required,catalog_only,forms_index.tsv; 35 procedures; 8 triggers; 65 table indicators
HRSRCUT004.fmx,HR,present_in_source_archive,not_found,fallback_rebuild_required,catalog_only,forms_index.tsv; 37 procedures; 8 triggers; 113 table indicators
HRSRCUT005.fmx,HR,present_in_source_archive,not_found,fallback_rebuild_required,catalog_only,forms_index.tsv; 36 procedures; 8 triggers; 96 table indicators
HRSRCUT006.fmx,HR,present_in_source_archive,not_found,fallback_rebuild_required,catalog_only,forms_index.tsv; 37 procedures; 8 triggers; 96 table indicators
HRSRCUT007.fmx,HR,present_in_source_archive,not_found,fallback_rebuild_required,catalog_only,forms_index.tsv; 36 procedures; 8 triggers; 97 table indicators
HRSRCUT008.fmx,HR,present_in_source_archive,not_found,fallback_rebuild_required,catalog_only,forms_index.tsv; 39 procedures; 10 triggers; 110 table indicators
HRSRCUT009.fmx,HR,present_in_source_archive,not_found,fallback_rebuild_required,catalog_only,forms_index.tsv; 40 procedures; 8 triggers; 104 table indicators
HRSRCUT010.fmx,HR,present_in_source_archive,not_found,fallback_rebuild_required,catalog_only,forms_index.tsv; 39 procedures; 8 triggers; 104 table indicators
HRSRCUT011.fmx,HR,present_in_source_archive,not_found,fallback_rebuild_required,catalog_only,forms_index.tsv; 41 procedures; 8 triggers; 126 table indicators
HRSRCUT012.fmx,HR,present_in_source_archive,not_found,fallback_rebuild_required,catalog_only,forms_index.tsv; 49 procedures; 8 triggers; 169 table indicators
HRSRCUT015.fmx,HR,present_in_source_archive,not_found,fallback_rebuild_required,catalog_only,forms_index.tsv; 46 procedures; 8 triggers; 149 table indicators
HRSS001.fmx,HR,present_in_source_archive,not_found,fallback_rebuild_required,catalog_only,forms_index.tsv; 34 procedures; 8 triggers; 91 table indicators
HRSS002.fmx,HR,present_in_source_archive,not_found,fallback_rebuild_required,catalog_only,forms_index.tsv; 45 procedures; 10 triggers; 119 table indicators
HRSS004.fmx,HR,present_in_source_archive,not_found,fallback_rebuild_required,catalog_only,forms_index.tsv; 37 procedures; 10 triggers; 115 table indicators
HRSS005.fmx,HR,present_in_source_archive,not_found,fallback_rebuild_required,catalog_only,forms_index.tsv; 41 procedures; 10 triggers; 103 table indicators
HRSS006.fmx,HR,present_in_source_archive,not_found,fallback_rebuild_required,catalog_only,forms_index.tsv; 46 procedures; 12 triggers; 215 table indicators
HRSS007.fmx,HR,present_in_source_archive,not_found,fallback_rebuild_required,catalog_only,forms_index.tsv; 36 procedures; 10 triggers; 105 table indicators
HRSS008.fmx,HR,present_in_source_archive,not_found,fallback_rebuild_required,catalog_only,forms_index.tsv; 35 procedures; 10 triggers; 91 table indicators
HRSS009.fmx,HR,present_in_source_archive,not_found,fallback_rebuild_required,catalog_only,forms_index.tsv; 35 procedures; 10 triggers; 111 table indicators
HRSS010.fmx,HR,present_in_source_archive,not_found,fallback_rebuild_required,catalog_only,forms_index.tsv; 37 procedures; 10 triggers; 105 table indicators
HRSS015.fmx,HR,present_in_source_archive,not_found,fallback_rebuild_required,catalog_only,forms_index.tsv; 38 procedures; 10 triggers; 124 table indicators
HRSS016.fmx,HR,present_in_source_archive,not_found,fallback_rebuild_required,catalog_only,forms_index.tsv; 32 procedures; 10 triggers; 49 table indicators
HRSS017.fmx,HR,present_in_source_archive,not_found,fallback_rebuild_required,catalog_only,forms_index.tsv; 35 procedures; 10 triggers; 100 table indicators
HRSS018.fmx,HR,present_in_source_archive,not_found,fallback_rebuild_required,catalog_only,forms_index.tsv; 37 procedures; 10 triggers; 98 table indicators
HRSS019.fmx,HR,present_in_source_archive,not_found,fallback_rebuild_required,catalog_only,forms_index.tsv; 38 procedures; 10 triggers; 113 table indicators
HRSS021.fmx,HR,present_in_source_archive,not_found,fallback_rebuild_required,catalog_only,forms_index.tsv; 37 procedures; 10 triggers; 100 table indicators
HRSS030.fmx,HR,present_in_source_archive,not_found,fallback_rebuild_required,catalog_only,forms_index.tsv; 37 procedures; 8 triggers; 118 table indicators
HRSS031.fmx,HR,present_in_source_archive,not_found,fallback_rebuild_required,catalog_only,forms_index.tsv; 36 procedures; 9 triggers; 132 table indicators
HRSS032.fmx,HR,present_in_source_archive,not_found,fallback_rebuild_required,catalog_only,forms_index.tsv; 34 procedures; 8 triggers; 95 table indicators
HRSSTPS001.fmx,HR,present_in_source_archive,not_found,fallback_rebuild_required,catalog_only,forms_index.tsv; 34 procedures; 8 triggers; 59 table indicators
HRSSTPS002.fmx,HR,present_in_source_archive,not_found,fallback_rebuild_required,catalog_only,forms_index.tsv; 36 procedures; 10 triggers; 102 table indicators
HRST001.fmx,HR,present_in_source_archive,not_found,fallback_rebuild_required,catalog_only,forms_index.tsv; 56 procedures; 10 triggers; 211 table indicators
HRST001_B.fmx,HR,present_in_source_archive,not_found,fallback_rebuild_required,catalog_only,forms_index.tsv; 56 procedures; 10 triggers; 209 table indicators
HRST002.fmx,HR,present_in_source_archive,not_found,fallback_rebuild_required,catalog_only,forms_index.tsv; 56 procedures; 10 triggers; 215 table indicators
HRST002S.fmx,HR,present_in_source_archive,not_found,fallback_rebuild_required,catalog_only,forms_index.tsv; 54 procedures; 10 triggers; 204 table indicators
HRST002S2.fmx,HR,present_in_source_archive,not_found,fallback_rebuild_required,catalog_only,forms_index.tsv; 54 procedures; 10 triggers; 207 table indicators
HRST002SS.fmx,HR,present_in_source_archive,not_found,fallback_rebuild_required,catalog_only,forms_index.tsv; 54 procedures; 10 triggers; 204 table indicators
HRST003.fmx,HR,present_in_source_archive,not_found,fallback_rebuild_required,catalog_only,forms_index.tsv; 52 procedures; 10 triggers; 181 table indicators
HRST005.fmx,HR,present_in_source_archive,not_found,fallback_rebuild_required,catalog_only,forms_index.tsv; 46 procedures; 11 triggers; 159 table indicators
HRST006.fmx,HR,present_in_source_archive,not_found,fallback_rebuild_required,catalog_only,forms_index.tsv; 32 procedures; 10 triggers; 49 table indicators
HRST007.fmx,HR,present_in_source_archive,not_found,fallback_rebuild_required,catalog_only,forms_index.tsv; 47 procedures; 10 triggers; 148 table indicators
HRST008.fmx,HR,present_in_source_archive,not_found,fallback_rebuild_required,catalog_only,forms_index.tsv; 52 procedures; 8 triggers; 152 table indicators
HRST009.fmx,HR,present_in_source_archive,not_found,fallback_rebuild_required,catalog_only,forms_index.tsv; 49 procedures; 10 triggers; 141 table indicators
HRST00S2.fmx,HR,present_in_source_archive,not_found,fallback_rebuild_required,catalog_only,forms_index.tsv; 54 procedures; 10 triggers; 204 table indicators
HRST010.fmx,HR,present_in_source_archive,not_found,fallback_rebuild_required,catalog_only,forms_index.tsv; 52 procedures; 8 triggers; 158 table indicators
HRST010_NEW.fmx,HR,present_in_source_archive,not_found,fallback_rebuild_required,catalog_only,forms_index.tsv; 48 procedures; 8 triggers; 142 table indicators
HRST011.fmx,HR,present_in_source_archive,not_found,fallback_rebuild_required,catalog_only,forms_index.tsv; 64 procedures; 10 triggers; 210 table indicators
HRST012.fmx,HR,present_in_source_archive,not_found,fallback_rebuild_required,catalog_only,forms_index.tsv; 62 procedures; 10 triggers; 218 table indicators
HRST013.fmx,HR,present_in_source_archive,not_found,fallback_rebuild_required,catalog_only,forms_index.tsv; 54 procedures; 8 triggers; 157 table indicators
HRST014.fmx,HR,present_in_source_archive,not_found,fallback_rebuild_required,catalog_only,forms_index.tsv; 51 procedures; 10 triggers; 153 table indicators
HRST015.fmx,HR,present_in_source_archive,not_found,fallback_rebuild_required,catalog_only,forms_index.tsv; 52 procedures; 8 triggers; 183 table indicators
HRST016.fmx,HR,present_in_source_archive,not_found,fallback_rebuild_required,catalog_only,forms_index.tsv; 41 procedures; 10 triggers; 132 table indicators
HRST017.fmx,HR,present_in_source_archive,not_found,fallback_rebuild_required,catalog_only,forms_index.tsv; 49 procedures; 10 triggers; 152 table indicators
HRST018.fmx,HR,present_in_source_archive,not_found,fallback_rebuild_required,catalog_only,forms_index.tsv; 52 procedures; 10 triggers; 183 table indicators
HRST019.fmx,HR,present_in_source_archive,not_found,fallback_rebuild_required,catalog_only,forms_index.tsv; 43 procedures; 11 triggers; 149 table indicators
HRST025.fmx,HR,present_in_source_archive,not_found,fallback_rebuild_required,catalog_only,forms_index.tsv; 46 procedures; 10 triggers; 148 table indicators
HRST026.fmx,HR,present_in_source_archive,not_found,fallback_rebuild_required,catalog_only,forms_index.tsv; 60 procedures; 10 triggers; 216 table indicators
HRST027.fmx,HR,present_in_source_archive,not_found,fallback_rebuild_required,catalog_only,forms_index.tsv; 64 procedures; 10 triggers; 207 table indicators
HRST028.fmx,HR,present_in_source_archive,not_found,fallback_rebuild_required,catalog_only,forms_index.tsv; 53 procedures; 10 triggers; 159 table indicators
HRST029.fmx,HR,present_in_source_archive,not_found,fallback_rebuild_required,catalog_only,forms_index.tsv; 47 procedures; 10 triggers; 160 table indicators
HRST031.fmx,HR,present_in_source_archive,not_found,fallback_rebuild_required,catalog_only,forms_index.tsv; 49 procedures; 8 triggers; 139 table indicators
HRST032.fmx,HR,present_in_source_archive,not_found,fallback_rebuild_required,catalog_only,forms_index.tsv; 51 procedures; 10 triggers; 154 table indicators
HRST034.fmx,HR,present_in_source_archive,not_found,fallback_rebuild_required,catalog_only,forms_index.tsv; 51 procedures; 10 triggers; 150 table indicators
HRST040.fmx,HR,present_in_source_archive,not_found,fallback_rebuild_required,catalog_only,forms_index.tsv; 58 procedures; 9 triggers; 168 table indicators
HRST045.fmx,HR,present_in_source_archive,not_found,fallback_rebuild_required,catalog_only,forms_index.tsv; 51 procedures; 10 triggers; 199 table indicators
HRST046.fmx,HR,present_in_source_archive,not_found,fallback_rebuild_required,catalog_only,forms_index.tsv; 64 procedures; 12 triggers; 247 table indicators
HRST046_NEW.fmx,HR,present_in_source_archive,not_found,fallback_rebuild_required,catalog_only,forms_index.tsv; 61 procedures; 12 triggers; 229 table indicators
HRST047.fmx,HR,present_in_source_archive,not_found,fallback_rebuild_required,catalog_only,forms_index.tsv; 52 procedures; 12 triggers; 175 table indicators
HRST048.fmx,HR,present_in_source_archive,not_found,fallback_rebuild_required,catalog_only,forms_index.tsv; 44 procedures; 10 triggers; 136 table indicators
HRST049.fmx,HR,present_in_source_archive,not_found,fallback_rebuild_required,catalog_only,forms_index.tsv; 45 procedures; 9 triggers; 125 table indicators
HRST050.fmx,HR,present_in_source_archive,not_found,fallback_rebuild_required,catalog_only,forms_index.tsv; 48 procedures; 10 triggers; 186 table indicators
HRST051.fmx,HR,present_in_source_archive,not_found,fallback_rebuild_required,catalog_only,forms_index.tsv; 39 procedures; 8 triggers; 106 table indicators
HRST052.fmx,HR,present_in_source_archive,not_found,fallback_rebuild_required,catalog_only,forms_index.tsv; 50 procedures; 10 triggers; 170 table indicators
HRST053.fmx,HR,present_in_source_archive,not_found,fallback_rebuild_required,catalog_only,forms_index.tsv; 49 procedures; 10 triggers; 164 table indicators
HRST054.fmx,HR,present_in_source_archive,not_found,fallback_rebuild_required,catalog_only,forms_index.tsv; 35 procedures; 8 triggers; 102 table indicators
HRST055.fmx,HR,present_in_source_archive,not_found,fallback_rebuild_required,catalog_only,forms_index.tsv; 44 procedures; 10 triggers; 138 table indicators
HRST060.fmx,HR,present_in_source_archive,not_found,fallback_rebuild_required,catalog_only,forms_index.tsv; 39 procedures; 10 triggers; 114 table indicators
HRSTDD012.fmx,HR,present_in_source_archive,not_found,fallback_rebuild_required,catalog_only,forms_index.tsv; 61 procedures; 10 triggers; 214 table indicators
HRSTRNI003.fmx,HR,present_in_source_archive,not_found,fallback_rebuild_required,catalog_only,forms_index.tsv; 35 procedures; 8 triggers; 93 table indicators
HRSTRNI005.fmx,HR,present_in_source_archive,not_found,fallback_rebuild_required,catalog_only,forms_index.tsv; 35 procedures; 8 triggers; 80 table indicators
HRSTRNI007.fmx,HR,present_in_source_archive,not_found,fallback_rebuild_required,catalog_only,forms_index.tsv; 36 procedures; 8 triggers; 83 table indicators
HRSTRNI009.fmx,HR,present_in_source_archive,not_found,fallback_rebuild_required,catalog_only,forms_index.tsv; 34 procedures; 8 triggers; 82 table indicators
HRSTRNI011.fmx,HR,present_in_source_archive,not_found,fallback_rebuild_required,catalog_only,forms_index.tsv; 39 procedures; 8 triggers; 98 table indicators
HRSTRNR005.fmx,HR,present_in_source_archive,not_found,fallback_rebuild_required,catalog_only,forms_index.tsv; 20 procedures; 3 triggers; 81 table indicators
HRSTRNR010.fmx,HR,present_in_source_archive,not_found,fallback_rebuild_required,catalog_only,forms_index.tsv; 21 procedures; 3 triggers; 92 table indicators
HRSTRNT003.fmx,HR,present_in_source_archive,not_found,fallback_rebuild_required,catalog_only,forms_index.tsv; 42 procedures; 8 triggers; 126 table indicators
HRSTRNT005.fmx,HR,present_in_source_archive,not_found,fallback_rebuild_required,catalog_only,forms_index.tsv; 41 procedures; 8 triggers; 139 table indicators
HRSTRNT006.fmx,HR,present_in_source_archive,not_found,fallback_rebuild_required,catalog_only,forms_index.tsv; 41 procedures; 8 triggers; 113 table indicators
HRSTRNT008.fmx,HR,present_in_source_archive,not_found,fallback_rebuild_required,catalog_only,forms_index.tsv; 41 procedures; 8 triggers; 111 table indicators
HRSTRNT010.fmx,HR,present_in_source_archive,not_found,fallback_rebuild_required,catalog_only,forms_index.tsv; 41 procedures; 8 triggers; 109 table indicators
HRSTRVLR001.fmx,HR,present_in_source_archive,not_found,fallback_rebuild_required,catalog_only,forms_index.tsv; 22 procedures; 3 triggers; 81 table indicators
HRSTRVLR002.fmx,HR,present_in_source_archive,not_found,fallback_rebuild_required,catalog_only,forms_index.tsv; 24 procedures; 3 triggers; 88 table indicators
HRSTRVLS001.fmx,HR,present_in_source_archive,not_found,fallback_rebuild_required,catalog_only,forms_index.tsv; 38 procedures; 10 triggers; 116 table indicators
HRSTRVLS002.fmx,HR,present_in_source_archive,not_found,fallback_rebuild_required,catalog_only,forms_index.tsv; 37 procedures; 10 triggers; 94 table indicators
HRSTRVLS003.fmx,HR,present_in_source_archive,not_found,fallback_rebuild_required,catalog_only,forms_index.tsv; 36 procedures; 10 triggers; 91 table indicators
HRSTRVLT001.fmx,HR,present_in_source_archive,not_found,fallback_rebuild_required,catalog_only,forms_index.tsv; 49 procedures; 10 triggers; 149 table indicators
HRSTRVLT002.fmx,HR,present_in_source_archive,not_found,fallback_rebuild_required,catalog_only,forms_index.tsv; 42 procedures; 10 triggers; 144 table indicators
HRSTRVLT002_OLD.fmx,HR,present_in_source_archive,not_found,fallback_rebuild_required,catalog_only,forms_index.tsv; 42 procedures; 10 triggers; 144 table indicators
HRSTS002.fmx,HR,present_in_source_archive,not_found,fallback_rebuild_required,catalog_only,forms_index.tsv; 54 procedures; 10 triggers; 204 table indicators
HRSTS008.fmx,HR,present_in_source_archive,not_found,fallback_rebuild_required,catalog_only,forms_index.tsv; 48 procedures; 8 triggers; 139 table indicators
HRST_010.fmx,HR,present_in_source_archive,not_found,fallback_rebuild_required,catalog_only,forms_index.tsv; 50 procedures; 8 triggers; 150 table indicators
HRSVLNR001.fmx,HR,present_in_source_archive,not_found,fallback_rebuild_required,catalog_only,forms_index.tsv; 23 procedures; 3 triggers; 95 table indicators
HRSVLNR002.fmx,HR,present_in_source_archive,not_found,fallback_rebuild_required,catalog_only,forms_index.tsv; 22 procedures; 3 triggers; 76 table indicators
HRSVLNS001.fmx,HR,present_in_source_archive,not_found,fallback_rebuild_required,catalog_only,forms_index.tsv; 35 procedures; 10 triggers; 90 table indicators
HRSVLNS002.fmx,HR,present_in_source_archive,not_found,fallback_rebuild_required,catalog_only,forms_index.tsv; 36 procedures; 10 triggers; 111 table indicators
HRSVLNS003.fmx,HR,present_in_source_archive,not_found,fallback_rebuild_required,catalog_only,forms_index.tsv; 37 procedures; 10 triggers; 110 table indicators
HRSVLNT001.fmx,HR,present_in_source_archive,not_found,fallback_rebuild_required,catalog_only,forms_index.tsv; 48 procedures; 10 triggers; 148 table indicators
HRSVLNT002.fmx,HR,present_in_source_archive,not_found,fallback_rebuild_required,catalog_only,forms_index.tsv; 42 procedures; 10 triggers; 138 table indicators
HRSVSAR001.fmx,HR,present_in_source_archive,not_found,fallback_rebuild_required,catalog_only,forms_index.tsv; 20 procedures; 4 triggers; 82 table indicators
HRSVSAR002.fmx,HR,present_in_source_archive,not_found,fallback_rebuild_required,catalog_only,forms_index.tsv; 21 procedures; 3 triggers; 82 table indicators
HRSVSAS001.fmx,HR,present_in_source_archive,not_found,fallback_rebuild_required,catalog_only,forms_index.tsv; 36 procedures; 11 triggers; 94 table indicators
HRSVSAS002.fmx,HR,present_in_source_archive,not_found,fallback_rebuild_required,catalog_only,forms_index.tsv; 37 procedures; 11 triggers; 93 table indicators
HRSVSAT001.fmx,HR,present_in_source_archive,not_found,fallback_rebuild_required,catalog_only,forms_index.tsv; 41 procedures; 11 triggers; 119 table indicators
HRSVSAT002.fmx,HR,present_in_source_archive,not_found,fallback_rebuild_required,catalog_only,forms_index.tsv; 45 procedures; 11 triggers; 132 table indicators
HRSVSAT003.fmx,HR,present_in_source_archive,not_found,fallback_rebuild_required,catalog_only,forms_index.tsv; 43 procedures; 11 triggers; 127 table indicators
HRS_IMPXLS_LOAN.fmx,HR,present_in_source_archive,not_found,fallback_rebuild_required,catalog_only,forms_index.tsv; 36 procedures; 8 triggers; 72 table indicators
HRS_RPRT_EMP.fmx,HR,present_in_source_archive,not_found,fallback_rebuild_required,catalog_only,forms_index.tsv; 35 procedures; 8 triggers; 150 table indicators
IASAPT004.fmx,other,present_in_source_archive,not_found,fallback_rebuild_required,catalog_only,forms_index.tsv; 37 procedures; 1 triggers; 284 table indicators
IBSI001.fmx,other-finance/operations,present_in_source_archive,not_found,fallback_rebuild_required,catalog_only,forms_index.tsv; 35 procedures; 8 triggers; 96 table indicators
IBSI002.fmx,other-finance/operations,present_in_source_archive,not_found,fallback_rebuild_required,catalog_only,forms_index.tsv; 34 procedures; 8 triggers; 71 table indicators
IBSI003.fmx,other-finance/operations,present_in_source_archive,not_found,fallback_rebuild_required,catalog_only,forms_index.tsv; 35 procedures; 8 triggers; 87 table indicators
IBSR001.fmx,other-finance/operations,present_in_source_archive,not_found,fallback_rebuild_required,catalog_only,forms_index.tsv; 18 procedures; 3 triggers; 81 table indicators
IBSR002.fmx,other-finance/operations,present_in_source_archive,not_found,fallback_rebuild_required,catalog_only,forms_index.tsv; 18 procedures; 3 triggers; 80 table indicators
IBSR003.fmx,other-finance/operations,present_in_source_archive,not_found,fallback_rebuild_required,catalog_only,forms_index.tsv; 18 procedures; 3 triggers; 81 table indicators
IBSR004.fmx,other-finance/operations,present_in_source_archive,not_found,fallback_rebuild_required,catalog_only,forms_index.tsv; 18 procedures; 3 triggers; 80 table indicators
IBSR005.fmx,other-finance/operations,present_in_source_archive,not_found,fallback_rebuild_required,catalog_only,forms_index.tsv; 18 procedures; 3 triggers; 80 table indicators
IBSR006.fmx,other-finance/operations,present_in_source_archive,not_found,fallback_rebuild_required,catalog_only,forms_index.tsv; 18 procedures; 3 triggers; 80 table indicators
IBSR007.fmx,other-finance/operations,present_in_source_archive,not_found,fallback_rebuild_required,catalog_only,forms_index.tsv; 18 procedures; 3 triggers; 80 table indicators
IBSR008.fmx,other-finance/operations,present_in_source_archive,not_found,fallback_rebuild_required,catalog_only,forms_index.tsv; 18 procedures; 3 triggers; 80 table indicators
IBSR009.fmx,other-finance/operations,present_in_source_archive,not_found,fallback_rebuild_required,catalog_only,forms_index.tsv; 18 procedures; 3 triggers; 80 table indicators
IBSS001.fmx,other-finance/operations,present_in_source_archive,not_found,fallback_rebuild_required,catalog_only,forms_index.tsv; 34 procedures; 8 triggers; 90 table indicators
IBST001.fmx,other-finance/operations,present_in_source_archive,not_found,fallback_rebuild_required,catalog_only,forms_index.tsv; 35 procedures; 10 triggers; 109 table indicators
IBS_INSTAL.fmx,other-finance/operations,present_in_source_archive,not_found,fallback_rebuild_required,catalog_only,forms_index.tsv; 44 procedures; 8 triggers; 88 table indicators
IMPOUT001.fmx,other,present_in_source_archive,not_found,fallback_rebuild_required,catalog_only,forms_index.tsv; 9 procedures; 4 triggers; 112 table indicators
INVI001.fmx,inventory/stock,present_in_source_archive,not_found,fallback_rebuild_required,catalog_only,forms_index.tsv; 30 procedures; 10 triggers; 67 table indicators
INVI002.fmx,inventory/stock,present_in_source_archive,not_found,fallback_rebuild_required,catalog_only,forms_index.tsv; 31 procedures; 8 triggers; 83 table indicators
INVI003.fmx,inventory/stock,present_in_source_archive,not_found,fallback_rebuild_required,catalog_only,forms_index.tsv; 31 procedures; 8 triggers; 94 table indicators
INVI004.fmx,inventory/stock,present_in_source_archive,not_found,fallback_rebuild_required,catalog_only,forms_index.tsv; 31 procedures; 8 triggers; 58 table indicators
INVI005.fmx,inventory/stock,present_in_source_archive,not_found,fallback_rebuild_required,catalog_only,forms_index.tsv; 31 procedures; 8 triggers; 83 table indicators
INVI006.fmx,inventory/stock,present_in_source_archive,not_found,fallback_rebuild_required,catalog_only,forms_index.tsv; 33 procedures; 8 triggers; 99 table indicators
INVI007.fmx,inventory/stock,present_in_source_archive,not_found,fallback_rebuild_required,catalog_only,forms_index.tsv; 32 procedures; 8 triggers; 60 table indicators
INVI008.fmx,inventory/stock,present_in_source_archive,not_found,fallback_rebuild_required,catalog_only,forms_index.tsv; 45 procedures; 12 triggers; 405 table indicators
INVI009.fmx,inventory/stock,present_in_source_archive,not_found,fallback_rebuild_required,catalog_only,forms_index.tsv; 32 procedures; 8 triggers; 101 table indicators
INVI010.fmx,inventory/stock,present_in_source_archive,not_found,fallback_rebuild_required,catalog_only,forms_index.tsv; 38 procedures; 8 triggers; 235 table indicators
INVI011.fmx,inventory/stock,present_in_source_archive,not_found,fallback_rebuild_required,catalog_only,forms_index.tsv; 51 procedures; 10 triggers; 240 table indicators
INVI012.fmx,inventory/stock,present_in_source_archive,not_found,fallback_rebuild_required,catalog_only,forms_index.tsv; 32 procedures; 8 triggers; 84 table indicators
INVI013.fmx,inventory/stock,present_in_source_archive,not_found,fallback_rebuild_required,catalog_only,forms_index.tsv; 32 procedures; 8 triggers; 85 table indicators
INVI014.fmx,inventory/stock,present_in_source_archive,not_found,fallback_rebuild_required,catalog_only,forms_index.tsv; 33 procedures; 8 triggers; 113 table indicators
INVI015.fmx,inventory/stock,present_in_source_archive,not_found,fallback_rebuild_required,catalog_only,forms_index.tsv; 32 procedures; 8 triggers; 98 table indicators
INVI016.fmx,inventory/stock,present_in_source_archive,not_found,fallback_rebuild_required,catalog_only,forms_index.tsv; 33 procedures; 8 triggers; 97 table indicators
INVI018.fmx,inventory/stock,present_in_source_archive,not_found,fallback_rebuild_required,catalog_only,forms_index.tsv; 35 procedures; 13 triggers; 87 table indicators
INVI019.fmx,inventory/stock,present_in_source_archive,not_found,fallback_rebuild_required,catalog_only,forms_index.tsv; 35 procedures; 8 triggers; 110 table indicators
INVI020.fmx,inventory/stock,present_in_source_archive,not_found,fallback_rebuild_required,catalog_only,forms_index.tsv; 33 procedures; 9 triggers; 69 table indicators
INVI021.fmx,inventory/stock,present_in_source_archive,not_found,fallback_rebuild_required,catalog_only,forms_index.tsv; 39 procedures; 8 triggers; 129 table indicators
INVI022.fmx,inventory/stock,present_in_source_archive,not_found,fallback_rebuild_required,catalog_only,forms_index.tsv; 41 procedures; 8 triggers; 132 table indicators
INVI023.fmx,inventory/stock,present_in_source_archive,not_found,fallback_rebuild_required,catalog_only,forms_index.tsv; 38 procedures; 10 triggers; 197 table indicators
INVR001.fmx,inventory/stock,present_in_source_archive,not_found,fallback_rebuild_required,catalog_only,forms_index.tsv; 15 procedures; 3 triggers; 72 table indicators
INVR002.fmx,inventory/stock,present_in_source_archive,not_found,fallback_rebuild_required,catalog_only,forms_index.tsv; 18 procedures; 3 triggers; 119 table indicators
INVR003.fmx,inventory/stock,present_in_source_archive,not_found,fallback_rebuild_required,catalog_only,forms_index.tsv; 15 procedures; 3 triggers; 82 table indicators
INVR004.fmx,inventory/stock,present_in_source_archive,not_found,fallback_rebuild_required,catalog_only,forms_index.tsv; 15 procedures; 3 triggers; 99 table indicators
INVR005.fmx,inventory/stock,present_in_source_archive,not_found,fallback_rebuild_required,catalog_only,forms_index.tsv; 15 procedures; 3 triggers; 85 table indicators
INVR006.fmx,inventory/stock,present_in_source_archive,not_found,fallback_rebuild_required,catalog_only,forms_index.tsv; 15 procedures; 3 triggers; 106 table indicators
INVR007.fmx,inventory/stock,present_in_source_archive,not_found,fallback_rebuild_required,catalog_only,forms_index.tsv; 15 procedures; 3 triggers; 98 table indicators
INVR008.fmx,inventory/stock,present_in_source_archive,not_found,fallback_rebuild_required,catalog_only,forms_index.tsv; 15 procedures; 3 triggers; 104 table indicators
INVR009.fmx,inventory/stock,present_in_source_archive,not_found,fallback_rebuild_required,catalog_only,forms_index.tsv; 16 procedures; 3 triggers; 124 table indicators
INVR010.fmx,inventory/stock,present_in_source_archive,not_found,fallback_rebuild_required,catalog_only,forms_index.tsv; 16 procedures; 3 triggers; 109 table indicators
INVR011.fmx,inventory/stock,present_in_source_archive,not_found,fallback_rebuild_required,catalog_only,forms_index.tsv; 21 procedures; 3 triggers; 192 table indicators
INVR012.fmx,inventory/stock,present_in_source_archive,not_found,fallback_rebuild_required,catalog_only,forms_index.tsv; 18 procedures; 3 triggers; 167 table indicators
INVR013.fmx,inventory/stock,present_in_source_archive,not_found,fallback_rebuild_required,catalog_only,forms_index.tsv; 17 procedures; 3 triggers; 104 table indicators
INVR014.fmx,inventory/stock,present_in_source_archive,not_found,fallback_rebuild_required,catalog_only,forms_index.tsv; 15 procedures; 3 triggers; 83 table indicators
INVR015.fmx,inventory/stock,present_in_source_archive,not_found,fallback_rebuild_required,catalog_only,forms_index.tsv; 16 procedures; 4 triggers; 133 table indicators
INVR016.fmx,inventory/stock,present_in_source_archive,not_found,fallback_rebuild_required,catalog_only,forms_index.tsv; 15 procedures; 3 triggers; 66 table indicators
INVR017.fmx,inventory/stock,present_in_source_archive,not_found,fallback_rebuild_required,catalog_only,forms_index.tsv; 15 procedures; 3 triggers; 66 table indicators
INVR018.fmx,inventory/stock,present_in_source_archive,not_found,fallback_rebuild_required,catalog_only,forms_index.tsv; 15 procedures; 3 triggers; 71 table indicators
INVR019.fmx,inventory/stock,present_in_source_archive,not_found,fallback_rebuild_required,catalog_only,forms_index.tsv; 14 procedures; 3 triggers; 55 table indicators
INVR020.fmx,inventory/stock,present_in_source_archive,not_found,fallback_rebuild_required,catalog_only,forms_index.tsv; 15 procedures; 3 triggers; 82 table indicators
INVR021.fmx,inventory/stock,present_in_source_archive,not_found,fallback_rebuild_required,catalog_only,forms_index.tsv; 15 procedures; 3 triggers; 99 table indicators
INVR023.fmx,inventory/stock,present_in_source_archive,not_found,fallback_rebuild_required,catalog_only,forms_index.tsv; 15 procedures; 3 triggers; 69 table indicators
INVR024.fmx,inventory/stock,present_in_source_archive,not_found,fallback_rebuild_required,catalog_only,forms_index.tsv; 15 procedures; 3 triggers; 69 table indicators
INVR025.fmx,inventory/stock,present_in_source_archive,not_found,fallback_rebuild_required,catalog_only,forms_index.tsv; 15 procedures; 3 triggers; 91 table indicators
INVR026.fmx,inventory/stock,present_in_source_archive,not_found,fallback_rebuild_required,catalog_only,forms_index.tsv; 16 procedures; 3 triggers; 120 table indicators
INVR027.fmx,inventory/stock,present_in_source_archive,not_found,fallback_rebuild_required,catalog_only,forms_index.tsv; 21 procedures; 3 triggers; 100 table indicators
INVR028.fmx,inventory/stock,present_in_source_archive,not_found,fallback_rebuild_required,catalog_only,forms_index.tsv; 16 procedures; 3 triggers; 101 table indicators
INVR029.fmx,inventory/stock,present_in_source_archive,not_found,fallback_rebuild_required,catalog_only,forms_index.tsv; 15 procedures; 3 triggers; 82 table indicators
INVR030.fmx,inventory/stock,present_in_source_archive,not_found,fallback_rebuild_required,catalog_only,forms_index.tsv; 26 procedures; 8 triggers; 169 table indicators
INVR031.fmx,inventory/stock,present_in_source_archive,not_found,fallback_rebuild_required,catalog_only,forms_index.tsv; 29 procedures; 3 triggers; 239 table indicators
INVR032.fmx,inventory/stock,present_in_source_archive,not_found,fallback_rebuild_required,catalog_only,forms_index.tsv; 15 procedures; 3 triggers; 88 table indicators
INVR033.fmx,inventory/stock,present_in_source_archive,not_found,fallback_rebuild_required,catalog_only,forms_index.tsv; 15 procedures; 3 triggers; 56 table indicators
INVS001.fmx,inventory/stock,present_in_source_archive,not_found,fallback_rebuild_required,catalog_only,forms_index.tsv; 40 procedures; 10 triggers; 220 table indicators
INVS002.fmx,inventory/stock,present_in_source_archive,not_found,fallback_rebuild_required,catalog_only,forms_index.tsv; 33 procedures; 8 triggers; 63 table indicators
INVS003.fmx,inventory/stock,present_in_source_archive,not_found,fallback_rebuild_required,catalog_only,forms_index.tsv; 33 procedures; 8 triggers; 87 table indicators
INVS004.fmx,inventory/stock,present_in_source_archive,not_found,fallback_rebuild_required,catalog_only,forms_index.tsv; 34 procedures; 8 triggers; 70 table indicators
INVS005.fmx,inventory/stock,present_in_source_archive,not_found,fallback_rebuild_required,catalog_only,forms_index.tsv; 33 procedures; 8 triggers; 60 table indicators
INVS006.fmx,inventory/stock,present_in_source_archive,not_found,fallback_rebuild_required,catalog_only,forms_index.tsv; 33 procedures; 8 triggers; 62 table indicators
INVS007.fmx,inventory/stock,present_in_source_archive,not_found,fallback_rebuild_required,catalog_only,forms_index.tsv; 33 procedures; 8 triggers; 61 table indicators
INVS008.fmx,inventory/stock,present_in_source_archive,not_found,fallback_rebuild_required,catalog_only,forms_index.tsv; 33 procedures; 8 triggers; 58 table indicators
INVS009.fmx,inventory/stock,present_in_source_archive,not_found,fallback_rebuild_required,catalog_only,forms_index.tsv; 36 procedures; 8 triggers; 81 table indicators
INVS010.fmx,inventory/stock,present_in_source_archive,not_found,fallback_rebuild_required,catalog_only,forms_index.tsv; 33 procedures; 8 triggers; 63 table indicators
INVS011.fmx,inventory/stock,present_in_source_archive,not_found,fallback_rebuild_required,catalog_only,forms_index.tsv; 33 procedures; 8 triggers; 64 table indicators
INVS012.fmx,inventory/stock,present_in_source_archive,not_found,fallback_rebuild_required,catalog_only,forms_index.tsv; 37 procedures; 8 triggers; 86 table indicators
INVS013.fmx,inventory/stock,present_in_source_archive,not_found,fallback_rebuild_required,catalog_only,forms_index.tsv; 33 procedures; 8 triggers; 73 table indicators
INVS014.fmx,inventory/stock,present_in_source_archive,not_found,fallback_rebuild_required,catalog_only,forms_index.tsv; 32 procedures; 8 triggers; 50 table indicators
INVS015.fmx,inventory/stock,present_in_source_archive,not_found,fallback_rebuild_required,catalog_only,forms_index.tsv; 35 procedures; 8 triggers; 74 table indicators
INVS016.fmx,inventory/stock,present_in_source_archive,not_found,fallback_rebuild_required,catalog_only,forms_index.tsv; 9 procedures; 0 triggers; 55 table indicators
INVS017.fmx,inventory/stock,present_in_source_archive,not_found,fallback_rebuild_required,catalog_only,forms_index.tsv; 33 procedures; 8 triggers; 71 table indicators
INVS018.fmx,inventory/stock,present_in_source_archive,not_found,fallback_rebuild_required,catalog_only,forms_index.tsv; 33 procedures; 8 triggers; 59 table indicators
INVS020.fmx,inventory/stock,present_in_source_archive,not_found,fallback_rebuild_required,catalog_only,forms_index.tsv; 33 procedures; 8 triggers; 64 table indicators
INVS021.fmx,inventory/stock,present_in_source_archive,not_found,fallback_rebuild_required,catalog_only,forms_index.tsv; 33 procedures; 8 triggers; 60 table indicators
INVT001.fmx,inventory/stock,present_in_source_archive,not_found,fallback_rebuild_required,catalog_only,forms_index.tsv; 53 procedures; 9 triggers; 357 table indicators
INVT002.fmx,inventory/stock,present_in_source_archive,not_found,fallback_rebuild_required,catalog_only,forms_index.tsv; 54 procedures; 8 triggers; 270 table indicators
INVT003.fmx,inventory/stock,present_in_source_archive,not_found,fallback_rebuild_required,catalog_only,forms_index.tsv; 80 procedures; 9 triggers; 513 table indicators
INVT004.fmx,inventory/stock,present_in_source_archive,not_found,fallback_rebuild_required,catalog_only,forms_index.tsv; 77 procedures; 10 triggers; 504 table indicators
INVT005.fmx,inventory/stock,present_in_source_archive,not_found,fallback_rebuild_required,catalog_only,forms_index.tsv; 72 procedures; 12 triggers; 479 table indicators
INVT006.fmx,inventory/stock,present_in_source_archive,not_found,fallback_rebuild_required,catalog_only,forms_index.tsv; 71 procedures; 13 triggers; 440 table indicators
INVT007.fmx,inventory/stock,present_in_source_archive,not_found,fallback_rebuild_required,catalog_only,forms_index.tsv; 65 procedures; 10 triggers; 398 table indicators
INVT008.fmx,inventory/stock,present_in_source_archive,not_found,fallback_rebuild_required,catalog_only,forms_index.tsv; 54 procedures; 8 triggers; 311 table indicators
INVT009.fmx,inventory/stock,present_in_source_archive,not_found,fallback_rebuild_required,catalog_only,forms_index.tsv; 39 procedures; 8 triggers; 115 table indicators
INVT010.fmx,inventory/stock,present_in_source_archive,not_found,fallback_rebuild_required,catalog_only,forms_index.tsv; 39 procedures; 8 triggers; 128 table indicators
INVT011.fmx,inventory/stock,present_in_source_archive,not_found,fallback_rebuild_required,catalog_only,forms_index.tsv; 52 procedures; 9 triggers; 215 table indicators
INVT012.fmx,inventory/stock,present_in_source_archive,not_found,fallback_rebuild_required,catalog_only,forms_index.tsv; 45 procedures; 10 triggers; 180 table indicators
INVT013.fmx,inventory/stock,present_in_source_archive,not_found,fallback_rebuild_required,catalog_only,forms_index.tsv; 39 procedures; 8 triggers; 115 table indicators
INVT014.fmx,inventory/stock,present_in_source_archive,not_found,fallback_rebuild_required,catalog_only,forms_index.tsv; 39 procedures; 8 triggers; 122 table indicators
INVT015.fmx,inventory/stock,present_in_source_archive,not_found,fallback_rebuild_required,catalog_only,forms_index.tsv; 40 procedures; 8 triggers; 155 table indicators
INVT016.fmx,inventory/stock,present_in_source_archive,not_found,fallback_rebuild_required,catalog_only,forms_index.tsv; 61 procedures; 34 triggers; 383 table indicators
INVT017.fmx,inventory/stock,present_in_source_archive,not_found,fallback_rebuild_required,catalog_only,forms_index.tsv; 48 procedures; 10 triggers; 316 table indicators
INVT018.fmx,inventory/stock,present_in_source_archive,not_found,fallback_rebuild_required,catalog_only,forms_index.tsv; 54 procedures; 8 triggers; 312 table indicators
INVT019.fmx,inventory/stock,present_in_source_archive,not_found,fallback_rebuild_required,catalog_only,forms_index.tsv; 38 procedures; 8 triggers; 104 table indicators
INVT020.fmx,inventory/stock,present_in_source_archive,not_found,fallback_rebuild_required,catalog_only,forms_index.tsv; 33 procedures; 8 triggers; 55 table indicators
INVT022.fmx,inventory/stock,present_in_source_archive,not_found,fallback_rebuild_required,catalog_only,forms_index.tsv; 44 procedures; 9 triggers; 198 table indicators
INVT023.fmx,inventory/stock,present_in_source_archive,not_found,fallback_rebuild_required,catalog_only,forms_index.tsv; 37 procedures; 9 triggers; 117 table indicators
INV_IMPXLS_AVLQTY.fmx,inventory/stock,present_in_source_archive,not_found,fallback_rebuild_required,catalog_only,forms_index.tsv; 38 procedures; 9 triggers; 90 table indicators
INV_IMPXLS_BARCODE.fmx,inventory/stock,present_in_source_archive,not_found,fallback_rebuild_required,catalog_only,forms_index.tsv; 34 procedures; 8 triggers; 66 table indicators
INV_IMPXLS_BATCH.fmx,inventory/stock,present_in_source_archive,not_found,fallback_rebuild_required,catalog_only,forms_index.tsv; 34 procedures; 8 triggers; 62 table indicators
INV_IMPXLS_ITEM.fmx,inventory/stock,present_in_source_archive,not_found,fallback_rebuild_required,catalog_only,forms_index.tsv; 34 procedures; 8 triggers; 98 table indicators
INV_IMPXLS_PRICE.fmx,inventory/stock,present_in_source_archive,not_found,fallback_rebuild_required,catalog_only,forms_index.tsv; 34 procedures; 8 triggers; 80 table indicators
INV_ITM_TRNS.fmx,inventory/stock,present_in_source_archive,not_found,fallback_rebuild_required,catalog_only,forms_index.tsv; 40 procedures; 9 triggers; 144 table indicators
INV_Reevaluation.fmx,inventory/stock,present_in_source_archive,not_found,fallback_rebuild_required,catalog_only,forms_index.tsv; 22 procedures; 3 triggers; 185 table indicators
JRSI001.fmx,other,present_in_source_archive,not_found,fallback_rebuild_required,catalog_only,forms_index.tsv; 44 procedures; 8 triggers; 107 table indicators
JRSI002.fmx,other,present_in_source_archive,not_found,fallback_rebuild_required,catalog_only,forms_index.tsv; 40 procedures; 7 triggers; 97 table indicators
JRSR001.fmx,other,present_in_source_archive,not_found,fallback_rebuild_required,catalog_only,forms_index.tsv; 17 procedures; 4 triggers; 86 table indicators
JRSS001.fmx,other,present_in_source_archive,not_found,fallback_rebuild_required,catalog_only,forms_index.tsv; 35 procedures; 10 triggers; 76 table indicators
JRSS002.fmx,other,present_in_source_archive,not_found,fallback_rebuild_required,catalog_only,forms_index.tsv; 32 procedures; 8 triggers; 65 table indicators
JRSS003.fmx,other,present_in_source_archive,not_found,fallback_rebuild_required,catalog_only,forms_index.tsv; 33 procedures; 8 triggers; 70 table indicators
JRST001.fmx,other,present_in_source_archive,not_found,fallback_rebuild_required,catalog_only,forms_index.tsv; 60 procedures; 8 triggers; 321 table indicators
JRST002.fmx,other,present_in_source_archive,not_found,fallback_rebuild_required,catalog_only,forms_index.tsv; 60 procedures; 10 triggers; 329 table indicators
JRST0021.fmx,other,present_in_source_archive,not_found,fallback_rebuild_required,catalog_only,forms_index.tsv; 60 procedures; 10 triggers; 329 table indicators
LGHTADM002.fmx,other,present_in_source_archive,not_found,fallback_rebuild_required,catalog_only,forms_index.tsv; 39 procedures; 9 triggers; 324 table indicators
LGHTADM003.fmx,other,present_in_source_archive,not_found,fallback_rebuild_required,catalog_only,forms_index.tsv; 35 procedures; 8 triggers; 116 table indicators
LGHTR002.fmx,other,present_in_source_archive,not_found,fallback_rebuild_required,catalog_only,forms_index.tsv; 17 procedures; 3 triggers; 73 table indicators
LGHTT001.fmx,other,present_in_source_archive,not_found,fallback_rebuild_required,catalog_only,forms_index.tsv; 41 procedures; 27 triggers; 238 table indicators
LGHTT002.fmx,other,present_in_source_archive,not_found,fallback_rebuild_required,catalog_only,forms_index.tsv; 34 procedures; 8 triggers; 70 table indicators
LGHTT003.fmx,other,present_in_source_archive,not_found,fallback_rebuild_required,catalog_only,forms_index.tsv; 32 procedures; 8 triggers; 78 table indicators
MNT0025.fmx,other,present_in_source_archive,not_found,fallback_rebuild_required,catalog_only,forms_index.tsv; 0 procedures; 0 triggers; 64 table indicators
MNT021.fmx,other,present_in_source_archive,not_found,fallback_rebuild_required,catalog_only,forms_index.tsv; 34 procedures; 8 triggers; 85 table indicators
MNT025.fmx,other,present_in_source_archive,not_found,fallback_rebuild_required,catalog_only,forms_index.tsv; 0 procedures; 0 triggers; 70 table indicators
MNT0T25.fmx,other,present_in_source_archive,not_found,fallback_rebuild_required,catalog_only,forms_index.tsv; 0 procedures; 0 triggers; 64 table indicators
MNTI001.fmx,other,present_in_source_archive,not_found,fallback_rebuild_required,catalog_only,forms_index.tsv; 38 procedures; 8 triggers; 102 table indicators
MNTI002.fmx,other,present_in_source_archive,not_found,fallback_rebuild_required,catalog_only,forms_index.tsv; 35 procedures; 8 triggers; 49 table indicators
MNTI003.fmx,other,present_in_source_archive,not_found,fallback_rebuild_required,catalog_only,forms_index.tsv; 34 procedures; 8 triggers; 59 table indicators
MNTI004.fmx,other,present_in_source_archive,not_found,fallback_rebuild_required,catalog_only,forms_index.tsv; 35 procedures; 8 triggers; 52 table indicators
MNTI005.fmx,other,present_in_source_archive,not_found,fallback_rebuild_required,catalog_only,forms_index.tsv; 34 procedures; 8 triggers; 65 table indicators
MNTI006.fmx,other,present_in_source_archive,not_found,fallback_rebuild_required,catalog_only,forms_index.tsv; 36 procedures; 10 triggers; 93 table indicators
MNTI007.fmx,other,present_in_source_archive,not_found,fallback_rebuild_required,catalog_only,forms_index.tsv; 42 procedures; 10 triggers; 110 table indicators
MNTI008.fmx,other,present_in_source_archive,not_found,fallback_rebuild_required,catalog_only,forms_index.tsv; 32 procedures; 8 triggers; 77 table indicators
MNTR001.fmx,other,present_in_source_archive,not_found,fallback_rebuild_required,catalog_only,forms_index.tsv; 16 procedures; 3 triggers; 68 table indicators
MNTR005.fmx,other,present_in_source_archive,not_found,fallback_rebuild_required,catalog_only,forms_index.tsv; 16 procedures; 3 triggers; 68 table indicators
MNTS001.fmx,other,present_in_source_archive,not_found,fallback_rebuild_required,catalog_only,forms_index.tsv; 30 procedures; 8 triggers; 51 table indicators
MNTS002.fmx,other,present_in_source_archive,not_found,fallback_rebuild_required,catalog_only,forms_index.tsv; 35 procedures; 8 triggers; 62 table indicators
MNTS003.fmx,other,present_in_source_archive,not_found,fallback_rebuild_required,catalog_only,forms_index.tsv; 33 procedures; 8 triggers; 97 table indicators
MNTS004.fmx,other,present_in_source_archive,not_found,fallback_rebuild_required,catalog_only,forms_index.tsv; 34 procedures; 8 triggers; 87 table indicators
MNTS005.fmx,other,present_in_source_archive,not_found,fallback_rebuild_required,catalog_only,forms_index.tsv; 35 procedures; 8 triggers; 50 table indicators
MNTS006.fmx,other,present_in_source_archive,not_found,fallback_rebuild_required,catalog_only,forms_index.tsv; 33 procedures; 8 triggers; 77 table indicators
MNTS007.fmx,other,present_in_source_archive,not_found,fallback_rebuild_required,catalog_only,forms_index.tsv; 34 procedures; 8 triggers; 85 table indicators
MNTS025.fmx,other,present_in_source_archive,not_found,fallback_rebuild_required,catalog_only,forms_index.tsv; 0 procedures; 0 triggers; 69 table indicators
MNTT001.fmx,other,present_in_source_archive,not_found,fallback_rebuild_required,catalog_only,forms_index.tsv; 49 procedures; 8 triggers; 158 table indicators
MNTT002.fmx,other,present_in_source_archive,not_found,fallback_rebuild_required,catalog_only,forms_index.tsv; 34 procedures; 8 triggers; 95 table indicators
MNTT003.fmx,other,present_in_source_archive,not_found,fallback_rebuild_required,catalog_only,forms_index.tsv; 46 procedures; 8 triggers; 199 table indicators
MNTT004.fmx,other,present_in_source_archive,not_found,fallback_rebuild_required,catalog_only,forms_index.tsv; 36 procedures; 8 triggers; 100 table indicators
MNTT005.fmx,other,present_in_source_archive,not_found,fallback_rebuild_required,catalog_only,forms_index.tsv; 39 procedures; 11 triggers; 204 table indicators
MNTT006.fmx,other,present_in_source_archive,not_found,fallback_rebuild_required,catalog_only,forms_index.tsv; 34 procedures; 8 triggers; 91 table indicators
MNTT007.fmx,other,present_in_source_archive,not_found,fallback_rebuild_required,catalog_only,forms_index.tsv; 33 procedures; 8 triggers; 84 table indicators
MNTT010.fmx,other,present_in_source_archive,not_found,fallback_rebuild_required,catalog_only,forms_index.tsv; 45 procedures; 8 triggers; 171 table indicators
MNTT011.fmx,other,present_in_source_archive,not_found,fallback_rebuild_required,catalog_only,forms_index.tsv; 33 procedures; 8 triggers; 94 table indicators
MNTT012.fmx,other,present_in_source_archive,not_found,fallback_rebuild_required,catalog_only,forms_index.tsv; 37 procedures; 8 triggers; 60 table indicators
MNTT013.fmx,other,present_in_source_archive,not_found,fallback_rebuild_required,catalog_only,forms_index.tsv; 34 procedures; 8 triggers; 93 table indicators
MNTT020.fmx,other,present_in_source_archive,not_found,fallback_rebuild_required,catalog_only,forms_index.tsv; 33 procedures; 8 triggers; 78 table indicators
MNTT021.fmx,other,present_in_source_archive,not_found,fallback_rebuild_required,catalog_only,forms_index.tsv; 33 procedures; 8 triggers; 83 table indicators
MNTT022.fmx,other,present_in_source_archive,not_found,fallback_rebuild_required,catalog_only,forms_index.tsv; 33 procedures; 8 triggers; 82 table indicators
MNTT025.fmx,other,present_in_source_archive,not_found,fallback_rebuild_required,catalog_only,forms_index.tsv; 0 procedures; 0 triggers; 65 table indicators
MNTT050.fmx,other,present_in_source_archive,not_found,fallback_rebuild_required,catalog_only,forms_index.tsv; 45 procedures; 8 triggers; 171 table indicators
MRPACS001.fmx,MRP/treasury,present_in_source_archive,not_found,fallback_rebuild_required,catalog_only,forms_index.tsv; 9 procedures; 0 triggers; 264 table indicators
MRPACS004.fmx,MRP/treasury,present_in_source_archive,not_found,fallback_rebuild_required,available_for_focus_forms,forms_index.tsv; 24 procedures; 1 triggers; 1816 table indicators
MRPBOM005.fmx,MRP/treasury,present_in_source_archive,not_found,fallback_rebuild_required,catalog_only,forms_index.tsv; 8 procedures; 0 triggers; 63 table indicators
MRPBOM01.fmx,MRP/treasury,present_in_source_archive,not_found,fallback_rebuild_required,catalog_only,forms_index.tsv; 5 procedures; 0 triggers; 21 table indicators
MRPBOM010.fmx,MRP/treasury,present_in_source_archive,not_found,fallback_rebuild_required,catalog_only,forms_index.tsv; 9 procedures; 0 triggers; 74 table indicators
MRPBOM03.fmx,MRP/treasury,present_in_source_archive,not_found,fallback_rebuild_required,catalog_only,forms_index.tsv; 7 procedures; 1 triggers; 67 table indicators
MRPCRP001.fmx,MRP/treasury,present_in_source_archive,not_found,fallback_rebuild_required,catalog_only,forms_index.tsv; 7 procedures; 0 triggers; 28 table indicators
MRPCRP003.fmx,MRP/treasury,present_in_source_archive,not_found,fallback_rebuild_required,catalog_only,forms_index.tsv; 11 procedures; 0 triggers; 112 table indicators
MRPCRP005.fmx,MRP/treasury,present_in_source_archive,not_found,fallback_rebuild_required,catalog_only,forms_index.tsv; 6 procedures; 0 triggers; 43 table indicators
MRPCRP030.fmx,MRP/treasury,present_in_source_archive,not_found,fallback_rebuild_required,catalog_only,forms_index.tsv; 4 procedures; 0 triggers; 91 table indicators
MRPCRP060.fmx,MRP/treasury,present_in_source_archive,not_found,fallback_rebuild_required,catalog_only,forms_index.tsv; 6 procedures; 0 triggers; 61 table indicators
MRPCRP07.fmx,MRP/treasury,present_in_source_archive,not_found,fallback_rebuild_required,catalog_only,forms_index.tsv; 7 procedures; 0 triggers; 29 table indicators
MRPCRP100.fmx,MRP/treasury,present_in_source_archive,not_found,fallback_rebuild_required,catalog_only,forms_index.tsv; 8 procedures; 0 triggers; 25 table indicators
MRPCRP20.fmx,MRP/treasury,present_in_source_archive,not_found,fallback_rebuild_required,catalog_only,forms_index.tsv; 5 procedures; 0 triggers; 51 table indicators
MRPCRP23.fmx,MRP/treasury,present_in_source_archive,not_found,fallback_rebuild_required,catalog_only,forms_index.tsv; 11 procedures; 1 triggers; 108 table indicators
MRPCRP24.fmx,MRP/treasury,present_in_source_archive,not_found,fallback_rebuild_required,catalog_only,forms_index.tsv; 9 procedures; 0 triggers; 30 table indicators
MRPCRP26.fmx,MRP/treasury,present_in_source_archive,not_found,fallback_rebuild_required,catalog_only,forms_index.tsv; 8 procedures; 0 triggers; 31 table indicators
MRPCRP50.fmx,MRP/treasury,present_in_source_archive,not_found,fallback_rebuild_required,catalog_only,forms_index.tsv; 6 procedures; 0 triggers; 48 table indicators
MRPDBA.fmx,MRP/treasury,present_in_source_archive,not_found,fallback_rebuild_required,catalog_only,forms_index.tsv; 13 procedures; 0 triggers; 36 table indicators
MRPIMPXLS.fmx,MRP/treasury,present_in_source_archive,not_found,fallback_rebuild_required,catalog_only,forms_index.tsv; 7 procedures; 0 triggers; 62 table indicators
MRPIMP_ITEMS_XLS.fmx,MRP/treasury,present_in_source_archive,not_found,fallback_rebuild_required,catalog_only,forms_index.tsv; 6 procedures; 0 triggers; 45 table indicators
MRPMMS010.fmx,MRP/treasury,present_in_source_archive,not_found,fallback_rebuild_required,catalog_only,forms_index.tsv; 4 procedures; 0 triggers; 48 table indicators
MRPMMS011.fmx,MRP/treasury,present_in_source_archive,not_found,fallback_rebuild_required,catalog_only,forms_index.tsv; 4 procedures; 0 triggers; 70 table indicators
MRPMMS012.fmx,MRP/treasury,present_in_source_archive,not_found,fallback_rebuild_required,catalog_only,forms_index.tsv; 4 procedures; 0 triggers; 65 table indicators
MRPMMS013.fmx,MRP/treasury,present_in_source_archive,not_found,fallback_rebuild_required,catalog_only,forms_index.tsv; 4 procedures; 0 triggers; 52 table indicators
MRPMMS014.fmx,MRP/treasury,present_in_source_archive,not_found,fallback_rebuild_required,catalog_only,forms_index.tsv; 4 procedures; 0 triggers; 51 table indicators
MRPMPS010.fmx,MRP/treasury,present_in_source_archive,not_found,fallback_rebuild_required,catalog_only,forms_index.tsv; 13 procedures; 3 triggers; 163 table indicators
MRPMPS02.fmx,MRP/treasury,present_in_source_archive,not_found,fallback_rebuild_required,catalog_only,forms_index.tsv; 10 procedures; 0 triggers; 90 table indicators
MRPMPS032.fmx,MRP/treasury,present_in_source_archive,not_found,fallback_rebuild_required,catalog_only,forms_index.tsv; 5 procedures; 0 triggers; 80 table indicators
MRPMPS045.fmx,MRP/treasury,present_in_source_archive,not_found,fallback_rebuild_required,catalog_only,forms_index.tsv; 8 procedures; 0 triggers; 60 table indicators
MRPMPS048.fmx,MRP/treasury,present_in_source_archive,not_found,fallback_rebuild_required,catalog_only,forms_index.tsv; 4 procedures; 0 triggers; 40 table indicators
MRPMPS06.fmx,MRP/treasury,present_in_source_archive,not_found,fallback_rebuild_required,catalog_only,forms_index.tsv; 6 procedures; 0 triggers; 42 table indicators
MRPMPS07.fmx,MRP/treasury,present_in_source_archive,not_found,fallback_rebuild_required,catalog_only,forms_index.tsv; 7 procedures; 0 triggers; 93 table indicators
MRPMPS09.fmx,MRP/treasury,present_in_source_archive,not_found,fallback_rebuild_required,catalog_only,forms_index.tsv; 7 procedures; 3 triggers; 64 table indicators
MRPMRP004.fmx,MRP/treasury,present_in_source_archive,not_found,fallback_rebuild_required,catalog_only,forms_index.tsv; 9 procedures; 0 triggers; 93 table indicators
MRPMRP005.fmx,MRP/treasury,present_in_source_archive,not_found,fallback_rebuild_required,catalog_only,forms_index.tsv; 7 procedures; 0 triggers; 44 table indicators
MRPMRP006.fmx,MRP/treasury,present_in_source_archive,not_found,fallback_rebuild_required,catalog_only,forms_index.tsv; 7 procedures; 0 triggers; 78 table indicators
MRPMRP007.fmx,MRP/treasury,present_in_source_archive,not_found,fallback_rebuild_required,catalog_only,forms_index.tsv; 7 procedures; 0 triggers; 72 table indicators
MRPPCM003.fmx,MRP/treasury,present_in_source_archive,not_found,fallback_rebuild_required,catalog_only,forms_index.tsv; 6 procedures; 0 triggers; 108 table indicators
MRPPCM006.fmx,MRP/treasury,present_in_source_archive,not_found,fallback_rebuild_required,catalog_only,forms_index.tsv; 5 procedures; 0 triggers; 52 table indicators
MRPPCM009.fmx,MRP/treasury,present_in_source_archive,not_found,fallback_rebuild_required,catalog_only,forms_index.tsv; 6 procedures; 51 triggers; 49 table indicators
MRPPCM010.fmx,MRP/treasury,present_in_source_archive,not_found,fallback_rebuild_required,catalog_only,forms_index.tsv; 7 procedures; 0 triggers; 40 table indicators
MRPPCM011.fmx,MRP/treasury,present_in_source_archive,not_found,fallback_rebuild_required,catalog_only,forms_index.tsv; 8 procedures; 0 triggers; 91 table indicators
MRPPCM012.fmx,MRP/treasury,present_in_source_archive,not_found,fallback_rebuild_required,catalog_only,forms_index.tsv; 9 procedures; 0 triggers; 59 table indicators
MRPPCM013.fmx,MRP/treasury,present_in_source_archive,not_found,fallback_rebuild_required,catalog_only,forms_index.tsv; 9 procedures; 0 triggers; 65 table indicators
MRPPCM014.fmx,MRP/treasury,present_in_source_archive,not_found,fallback_rebuild_required,catalog_only,forms_index.tsv; 7 procedures; 0 triggers; 53 table indicators
MRPPCM019.fmx,MRP/treasury,present_in_source_archive,not_found,fallback_rebuild_required,catalog_only,forms_index.tsv; 6 procedures; 0 triggers; 58 table indicators
MRPPCM021.fmx,MRP/treasury,present_in_source_archive,not_found,fallback_rebuild_required,catalog_only,forms_index.tsv; 4 procedures; 0 triggers; 38 table indicators
MRPPCM022.fmx,MRP/treasury,present_in_source_archive,not_found,fallback_rebuild_required,catalog_only,forms_index.tsv; 6 procedures; 0 triggers; 53 table indicators
MRPPCM028.fmx,MRP/treasury,present_in_source_archive,not_found,fallback_rebuild_required,catalog_only,forms_index.tsv; 13 procedures; 57 triggers; 159 table indicators
MRPPCM030.fmx,MRP/treasury,present_in_source_archive,not_found,fallback_rebuild_required,catalog_only,forms_index.tsv; 9 procedures; 0 triggers; 84 table indicators
MRPPCM042.fmx,MRP/treasury,present_in_source_archive,not_found,fallback_rebuild_required,catalog_only,forms_index.tsv; 5 procedures; 0 triggers; 51 table indicators
MRPPCM043.fmx,MRP/treasury,present_in_source_archive,not_found,fallback_rebuild_required,catalog_only,forms_index.tsv; 9 procedures; 51 triggers; 76 table indicators
MRPPCM060.fmx,MRP/treasury,present_in_source_archive,not_found,fallback_rebuild_required,catalog_only,forms_index.tsv; 4 procedures; 0 triggers; 40 table indicators
MRPPCM510.fmx,MRP/treasury,present_in_source_archive,not_found,fallback_rebuild_required,catalog_only,forms_index.tsv; 4 procedures; 0 triggers; 27 table indicators
MRPPCM511.fmx,MRP/treasury,present_in_source_archive,not_found,fallback_rebuild_required,catalog_only,forms_index.tsv; 5 procedures; 0 triggers; 30 table indicators
MRPPQC002.fmx,MRP/treasury,present_in_source_archive,not_found,fallback_rebuild_required,catalog_only,forms_index.tsv; 7 procedures; 0 triggers; 29 table indicators
MRPPQC004.fmx,MRP/treasury,present_in_source_archive,not_found,fallback_rebuild_required,catalog_only,forms_index.tsv; 7 procedures; 0 triggers; 38 table indicators
MRPPQC005.fmx,MRP/treasury,present_in_source_archive,not_found,fallback_rebuild_required,catalog_only,forms_index.tsv; 7 procedures; 0 triggers; 36 table indicators
MRPPQC007.fmx,MRP/treasury,present_in_source_archive,not_found,fallback_rebuild_required,catalog_only,forms_index.tsv; 8 procedures; 0 triggers; 36 table indicators
MRPPQC009.fmx,MRP/treasury,present_in_source_archive,not_found,fallback_rebuild_required,catalog_only,forms_index.tsv; 7 procedures; 0 triggers; 28 table indicators
MRPPQC010.fmx,MRP/treasury,present_in_source_archive,not_found,fallback_rebuild_required,catalog_only,forms_index.tsv; 7 procedures; 0 triggers; 39 table indicators
MRPPQC0111.fmx,MRP/treasury,present_in_source_archive,not_found,fallback_rebuild_required,catalog_only,forms_index.tsv; 5 procedures; 0 triggers; 24 table indicators
MRPPQC012.fmx,MRP/treasury,present_in_source_archive,not_found,fallback_rebuild_required,catalog_only,forms_index.tsv; 6 procedures; 0 triggers; 64 table indicators
MRPPQC015.fmx,MRP/treasury,present_in_source_archive,not_found,fallback_rebuild_required,catalog_only,forms_index.tsv; 6 procedures; 0 triggers; 98 table indicators
MRPPQC019.fmx,MRP/treasury,present_in_source_archive,not_found,fallback_rebuild_required,catalog_only,forms_index.tsv; 5 procedures; 0 triggers; 24 table indicators
MRPPQC020.fmx,MRP/treasury,present_in_source_archive,not_found,fallback_rebuild_required,catalog_only,forms_index.tsv; 6 procedures; 0 triggers; 43 table indicators
MRPREPBOM002.fmx,MRP/treasury,present_in_source_archive,not_found,fallback_rebuild_required,catalog_only,forms_index.tsv; 7 procedures; 0 triggers; 52 table indicators
MRPREPBOM005.fmx,MRP/treasury,present_in_source_archive,not_found,fallback_rebuild_required,catalog_only,forms_index.tsv; 8 procedures; 0 triggers; 45 table indicators
MRPREPCRP007.fmx,MRP/treasury,present_in_source_archive,not_found,fallback_rebuild_required,catalog_only,forms_index.tsv; 6 procedures; 0 triggers; 29 table indicators
MRPREPCRP020.fmx,MRP/treasury,present_in_source_archive,not_found,fallback_rebuild_required,catalog_only,forms_index.tsv; 5 procedures; 0 triggers; 36 table indicators
MRPREPCRP022.fmx,MRP/treasury,present_in_source_archive,not_found,fallback_rebuild_required,catalog_only,forms_index.tsv; 6 procedures; 0 triggers; 26 table indicators
MRPREPCRP024.fmx,MRP/treasury,present_in_source_archive,not_found,fallback_rebuild_required,catalog_only,forms_index.tsv; 6 procedures; 0 triggers; 25 table indicators
MRPREPCRP026.fmx,MRP/treasury,present_in_source_archive,not_found,fallback_rebuild_required,catalog_only,forms_index.tsv; 6 procedures; 0 triggers; 25 table indicators
MRPREPCRP028.fmx,MRP/treasury,present_in_source_archive,not_found,fallback_rebuild_required,catalog_only,forms_index.tsv; 5 procedures; 0 triggers; 24 table indicators
MRPREPCRP031.fmx,MRP/treasury,present_in_source_archive,not_found,fallback_rebuild_required,catalog_only,forms_index.tsv; 6 procedures; 0 triggers; 35 table indicators
MRPREPCRP100.fmx,MRP/treasury,present_in_source_archive,not_found,fallback_rebuild_required,catalog_only,forms_index.tsv; 6 procedures; 0 triggers; 27 table indicators
MRPREPMPS002.fmx,MRP/treasury,present_in_source_archive,not_found,fallback_rebuild_required,catalog_only,forms_index.tsv; 5 procedures; 0 triggers; 49 table indicators
MRPREPMPS003.fmx,MRP/treasury,present_in_source_archive,not_found,fallback_rebuild_required,catalog_only,forms_index.tsv; 5 procedures; 0 triggers; 81 table indicators
MRPREPMPS0061.fmx,MRP/treasury,present_in_source_archive,not_found,fallback_rebuild_required,catalog_only,forms_index.tsv; 5 procedures; 0 triggers; 102 table indicators
MRPREPMPS0063.fmx,MRP/treasury,present_in_source_archive,not_found,fallback_rebuild_required,catalog_only,forms_index.tsv; 4 procedures; 0 triggers; 81 table indicators
MRPREPMPS008.fmx,MRP/treasury,present_in_source_archive,not_found,fallback_rebuild_required,catalog_only,forms_index.tsv; 6 procedures; 0 triggers; 83 table indicators
MRPREPMPS009.fmx,MRP/treasury,present_in_source_archive,not_found,fallback_rebuild_required,catalog_only,forms_index.tsv; 4 procedures; 0 triggers; 58 table indicators
MRPREPPCM003.fmx,MRP/treasury,present_in_source_archive,not_found,fallback_rebuild_required,catalog_only,forms_index.tsv; 4 procedures; 0 triggers; 37 table indicators
MRPREPPCM006.fmx,MRP/treasury,present_in_source_archive,not_found,fallback_rebuild_required,catalog_only,forms_index.tsv; 4 procedures; 0 triggers; 33 table indicators
MRPREPPCM011.fmx,MRP/treasury,present_in_source_archive,not_found,fallback_rebuild_required,catalog_only,forms_index.tsv; 5 procedures; 0 triggers; 48 table indicators
MRPREPPCM014.fmx,MRP/treasury,present_in_source_archive,not_found,fallback_rebuild_required,catalog_only,forms_index.tsv; 4 procedures; 0 triggers; 36 table indicators
MRPREPPCM015.fmx,MRP/treasury,present_in_source_archive,not_found,fallback_rebuild_required,catalog_only,forms_index.tsv; 5 procedures; 0 triggers; 69 table indicators
MRPREPPCM017.fmx,MRP/treasury,present_in_source_archive,not_found,fallback_rebuild_required,catalog_only,forms_index.tsv; 4 procedures; 0 triggers; 45 table indicators
MRPREPPCM021.fmx,MRP/treasury,present_in_source_archive,not_found,fallback_rebuild_required,catalog_only,forms_index.tsv; 4 procedures; 0 triggers; 30 table indicators
MRPREPPCM022.fmx,MRP/treasury,present_in_source_archive,not_found,fallback_rebuild_required,catalog_only,forms_index.tsv; 4 procedures; 0 triggers; 33 table indicators
MRPREPPCM028.fmx,MRP/treasury,present_in_source_archive,not_found,fallback_rebuild_required,catalog_only,forms_index.tsv; 8 procedures; 0 triggers; 111 table indicators
MRPREPPCM029.fmx,MRP/treasury,present_in_source_archive,not_found,fallback_rebuild_required,catalog_only,forms_index.tsv; 8 procedures; 0 triggers; 82 table indicators
MRPREPPCM030.fmx,MRP/treasury,present_in_source_archive,not_found,fallback_rebuild_required,catalog_only,forms_index.tsv; 5 procedures; 0 triggers; 76 table indicators
MRPREPPCM031.fmx,MRP/treasury,present_in_source_archive,not_found,fallback_rebuild_required,catalog_only,forms_index.tsv; 4 procedures; 0 triggers; 37 table indicators
MRPREPPCM035.fmx,MRP/treasury,present_in_source_archive,not_found,fallback_rebuild_required,catalog_only,forms_index.tsv; 5 procedures; 0 triggers; 48 table indicators
MRPREPPCM036.fmx,MRP/treasury,present_in_source_archive,not_found,fallback_rebuild_required,catalog_only,forms_index.tsv; 4 procedures; 0 triggers; 50 table indicators
MRPREPPCM041.fmx,MRP/treasury,present_in_source_archive,not_found,fallback_rebuild_required,catalog_only,forms_index.tsv; 5 procedures; 4 triggers; 79 table indicators
MRPREPPCM050.fmx,MRP/treasury,present_in_source_archive,not_found,fallback_rebuild_required,catalog_only,forms_index.tsv; 5 procedures; 0 triggers; 80 table indicators
MRPREPPCM052.fmx,MRP/treasury,present_in_source_archive,not_found,fallback_rebuild_required,catalog_only,forms_index.tsv; 6 procedures; 0 triggers; 73 table indicators
MRPREPPCM062.fmx,MRP/treasury,present_in_source_archive,not_found,fallback_rebuild_required,catalog_only,forms_index.tsv; 4 procedures; 0 triggers; 39 table indicators
MRPREPPQC002.fmx,MRP/treasury,present_in_source_archive,not_found,fallback_rebuild_required,catalog_only,forms_index.tsv; 6 procedures; 0 triggers; 35 table indicators
MRPREPPQC004.fmx,MRP/treasury,present_in_source_archive,not_found,fallback_rebuild_required,catalog_only,forms_index.tsv; 4 procedures; 0 triggers; 39 table indicators
MRPREPPQC005.fmx,MRP/treasury,present_in_source_archive,not_found,fallback_rebuild_required,catalog_only,forms_index.tsv; 4 procedures; 0 triggers; 39 table indicators
MRPREPPQC007.fmx,MRP/treasury,present_in_source_archive,not_found,fallback_rebuild_required,catalog_only,forms_index.tsv; 4 procedures; 0 triggers; 49 table indicators
MRPREPPQC009.fmx,MRP/treasury,present_in_source_archive,not_found,fallback_rebuild_required,catalog_only,forms_index.tsv; 4 procedures; 0 triggers; 34 table indicators
MRPREPPQC010.fmx,MRP/treasury,present_in_source_archive,not_found,fallback_rebuild_required,catalog_only,forms_index.tsv; 4 procedures; 0 triggers; 44 table indicators
MRPREPPQC012.fmx,MRP/treasury,present_in_source_archive,not_found,fallback_rebuild_required,catalog_only,forms_index.tsv; 5 procedures; 0 triggers; 62 table indicators
MRPREPPQC015.fmx,MRP/treasury,present_in_source_archive,not_found,fallback_rebuild_required,catalog_only,forms_index.tsv; 4 procedures; 0 triggers; 79 table indicators
MRPREPPQC018.fmx,MRP/treasury,present_in_source_archive,not_found,fallback_rebuild_required,catalog_only,forms_index.tsv; 4 procedures; 0 triggers; 88 table indicators
MRPREPPQC111.fmx,MRP/treasury,present_in_source_archive,not_found,fallback_rebuild_required,catalog_only,forms_index.tsv; 4 procedures; 0 triggers; 31 table indicators
MRPREPSFC001.fmx,MRP/treasury,present_in_source_archive,not_found,fallback_rebuild_required,catalog_only,forms_index.tsv; 4 procedures; 0 triggers; 52 table indicators
MRPREPSFC010.fmx,MRP/treasury,present_in_source_archive,not_found,fallback_rebuild_required,catalog_only,forms_index.tsv; 8 procedures; 0 triggers; 83 table indicators
MRPREPSFC021.fmx,MRP/treasury,present_in_source_archive,not_found,fallback_rebuild_required,catalog_only,forms_index.tsv; 5 procedures; 0 triggers; 56 table indicators
MRPREPSFC025.fmx,MRP/treasury,present_in_source_archive,not_found,fallback_rebuild_required,catalog_only,forms_index.tsv; 6 procedures; 0 triggers; 59 table indicators
MRPREPSFC029.fmx,MRP/treasury,present_in_source_archive,not_found,fallback_rebuild_required,catalog_only,forms_index.tsv; 5 procedures; 0 triggers; 68 table indicators
MRPREPSFC046.fmx,MRP/treasury,present_in_source_archive,not_found,fallback_rebuild_required,catalog_only,forms_index.tsv; 4 procedures; 0 triggers; 57 table indicators
MRPREPSFC050.fmx,MRP/treasury,present_in_source_archive,not_found,fallback_rebuild_required,catalog_only,forms_index.tsv; 5 procedures; 0 triggers; 51 table indicators
MRPREPSFC051.fmx,MRP/treasury,present_in_source_archive,not_found,fallback_rebuild_required,catalog_only,forms_index.tsv; 6 procedures; 0 triggers; 50 table indicators
MRPREPSFC052.fmx,MRP/treasury,present_in_source_archive,not_found,fallback_rebuild_required,catalog_only,forms_index.tsv; 5 procedures; 0 triggers; 59 table indicators
MRPREPSGS001.fmx,MRP/treasury,present_in_source_archive,not_found,fallback_rebuild_required,catalog_only,forms_index.tsv; 5 procedures; 0 triggers; 41 table indicators
MRPREPSGS004.fmx,MRP/treasury,present_in_source_archive,not_found,fallback_rebuild_required,catalog_only,forms_index.tsv; 5 procedures; 0 triggers; 34 table indicators
MRPREPSGS005.fmx,MRP/treasury,present_in_source_archive,not_found,fallback_rebuild_required,catalog_only,forms_index.tsv; 5 procedures; 0 triggers; 35 table indicators
MRPREPSGS006.fmx,MRP/treasury,present_in_source_archive,not_found,fallback_rebuild_required,catalog_only,forms_index.tsv; 5 procedures; 0 triggers; 34 table indicators
MRPREPSGS012.fmx,MRP/treasury,present_in_source_archive,not_found,fallback_rebuild_required,catalog_only,forms_index.tsv; 5 procedures; 0 triggers; 33 table indicators
MRPSFC006.fmx,MRP/treasury,present_in_source_archive,not_found,fallback_rebuild_required,catalog_only,forms_index.tsv; 8 procedures; 1 triggers; 87 table indicators
MRPSFC023.fmx,MRP/treasury,present_in_source_archive,not_found,fallback_rebuild_required,catalog_only,forms_index.tsv; 14 procedures; 0 triggers; 111 table indicators
MRPSFC025.fmx,MRP/treasury,present_in_source_archive,not_found,fallback_rebuild_required,catalog_only,forms_index.tsv; 20 procedures; 1 triggers; 255 table indicators
MRPSFC026.fmx,MRP/treasury,present_in_source_archive,not_found,fallback_rebuild_required,catalog_only,forms_index.tsv; 11 procedures; 0 triggers; 114 table indicators
MRPSFC027.fmx,MRP/treasury,present_in_source_archive,not_found,fallback_rebuild_required,catalog_only,forms_index.tsv; 13 procedures; 0 triggers; 108 table indicators
MRPSFC028.fmx,MRP/treasury,present_in_source_archive,not_found,fallback_rebuild_required,catalog_only,forms_index.tsv; 10 procedures; 0 triggers; 82 table indicators
MRPSFC029.fmx,MRP/treasury,present_in_source_archive,not_found,fallback_rebuild_required,catalog_only,forms_index.tsv; 13 procedures; 0 triggers; 124 table indicators
MRPSFC030.fmx,MRP/treasury,present_in_source_archive,not_found,fallback_rebuild_required,catalog_only,forms_index.tsv; 9 procedures; 1 triggers; 137 table indicators
MRPSFC031.fmx,MRP/treasury,present_in_source_archive,not_found,fallback_rebuild_required,catalog_only,forms_index.tsv; 10 procedures; 3 triggers; 117 table indicators
MRPSFC032.fmx,MRP/treasury,present_in_source_archive,not_found,fallback_rebuild_required,catalog_only,forms_index.tsv; 8 procedures; 0 triggers; 69 table indicators
MRPSFC033.fmx,MRP/treasury,present_in_source_archive,not_found,fallback_rebuild_required,catalog_only,forms_index.tsv; 10 procedures; 0 triggers; 77 table indicators
MRPSFC043.fmx,MRP/treasury,present_in_source_archive,not_found,fallback_rebuild_required,catalog_only,forms_index.tsv; 5 procedures; 0 triggers; 53 table indicators
MRPSFC045.fmx,MRP/treasury,present_in_source_archive,not_found,fallback_rebuild_required,catalog_only,forms_index.tsv; 4 procedures; 0 triggers; 47 table indicators
MRPSFC046.fmx,MRP/treasury,present_in_source_archive,not_found,fallback_rebuild_required,catalog_only,forms_index.tsv; 9 procedures; 0 triggers; 116 table indicators
MRPSFC047.fmx,MRP/treasury,present_in_source_archive,not_found,fallback_rebuild_required,catalog_only,forms_index.tsv; 9 procedures; 1 triggers; 146 table indicators
MRPSFC048.fmx,MRP/treasury,present_in_source_archive,not_found,fallback_rebuild_required,catalog_only,forms_index.tsv; 5 procedures; 1 triggers; 59 table indicators
MRPSFC07.fmx,MRP/treasury,present_in_source_archive,not_found,fallback_rebuild_required,catalog_only,forms_index.tsv; 5 procedures; 3 triggers; 56 table indicators
MRPSGS04.fmx,MRP/treasury,present_in_source_archive,not_found,fallback_rebuild_required,catalog_only,forms_index.tsv; 7 procedures; 0 triggers; 37 table indicators
MRPSGS06.fmx,MRP/treasury,present_in_source_archive,not_found,fallback_rebuild_required,catalog_only,forms_index.tsv; 5 procedures; 0 triggers; 66 table indicators
MRPSGS08.fmx,MRP/treasury,present_in_source_archive,not_found,fallback_rebuild_required,catalog_only,forms_index.tsv; 6 procedures; 0 triggers; 54 table indicators
MRPSGS13.fmx,MRP/treasury,present_in_source_archive,not_found,fallback_rebuild_required,catalog_only,forms_index.tsv; 4 procedures; 0 triggers; 62 table indicators
MRPUPGRADE.fmx,MRP/treasury,present_in_source_archive,not_found,fallback_rebuild_required,catalog_only,forms_index.tsv; 4 procedures; 0 triggers; 43 table indicators
MTXAGNT01.fmx,inventory/stock,present_in_source_archive,not_found,fallback_rebuild_required,catalog_only,forms_index.tsv; 7 procedures; 0 triggers; 35 table indicators
MTXBCK001.fmx,inventory/stock,present_in_source_archive,not_found,fallback_rebuild_required,catalog_only,forms_index.tsv; 6 procedures; 0 triggers; 40 table indicators
MTXBCK002.fmx,inventory/stock,present_in_source_archive,not_found,fallback_rebuild_required,catalog_only,forms_index.tsv; 6 procedures; 0 triggers; 40 table indicators
MTXBILR01.fmx,inventory/stock,present_in_source_archive,not_found,fallback_rebuild_required,catalog_only,forms_index.tsv; 7 procedures; 0 triggers; 41 table indicators
MTXBLL001.fmx,inventory/stock,present_in_source_archive,not_found,fallback_rebuild_required,catalog_only,forms_index.tsv; 6 procedures; 1 triggers; 23 table indicators
MTXBLR002.fmx,inventory/stock,present_in_source_archive,not_found,fallback_rebuild_required,catalog_only,forms_index.tsv; 6 procedures; 0 triggers; 35 table indicators
MTXBNK001.fmx,inventory/stock,present_in_source_archive,not_found,fallback_rebuild_required,catalog_only,forms_index.tsv; 6 procedures; 0 triggers; 31 table indicators
MTXCAT001.fmx,inventory/stock,present_in_source_archive,not_found,fallback_rebuild_required,catalog_only,forms_index.tsv; 17 procedures; 5 triggers; 107 table indicators
MTXCATR01.fmx,inventory/stock,present_in_source_archive,not_found,fallback_rebuild_required,catalog_only,forms_index.tsv; 16 procedures; 5 triggers; 101 table indicators
MTXCCK001.fmx,inventory/stock,present_in_source_archive,not_found,fallback_rebuild_required,catalog_only,forms_index.tsv; 8 procedures; 4 triggers; 53 table indicators
MTXCHKR001.fmx,inventory/stock,present_in_source_archive,not_found,fallback_rebuild_required,catalog_only,forms_index.tsv; 6 procedures; 1 triggers; 36 table indicators
MTXCHKR03.fmx,inventory/stock,present_in_source_archive,not_found,fallback_rebuild_required,catalog_only,forms_index.tsv; 7 procedures; 0 triggers; 28 table indicators
MTXCOD006.fmx,inventory/stock,present_in_source_archive,not_found,fallback_rebuild_required,catalog_only,forms_index.tsv; 6 procedures; 0 triggers; 18 table indicators
MTXCOD007.fmx,inventory/stock,present_in_source_archive,not_found,fallback_rebuild_required,catalog_only,forms_index.tsv; 6 procedures; 0 triggers; 18 table indicators
MTXCOD008.fmx,inventory/stock,present_in_source_archive,not_found,fallback_rebuild_required,catalog_only,forms_index.tsv; 6 procedures; 0 triggers; 18 table indicators
MTXCOD009.fmx,inventory/stock,present_in_source_archive,not_found,fallback_rebuild_required,catalog_only,forms_index.tsv; 6 procedures; 0 triggers; 20 table indicators
MTXCOD010.fmx,inventory/stock,present_in_source_archive,not_found,fallback_rebuild_required,catalog_only,forms_index.tsv; 6 procedures; 0 triggers; 19 table indicators
MTXCOD011.fmx,inventory/stock,present_in_source_archive,not_found,fallback_rebuild_required,catalog_only,forms_index.tsv; 6 procedures; 0 triggers; 20 table indicators
MTXCOD021.fmx,inventory/stock,present_in_source_archive,not_found,fallback_rebuild_required,catalog_only,forms_index.tsv; 6 procedures; 0 triggers; 18 table indicators
MTXCOM001.fmx,inventory/stock,present_in_source_archive,not_found,fallback_rebuild_required,catalog_only,forms_index.tsv; 6 procedures; 0 triggers; 32 table indicators
MTXCOM002.fmx,inventory/stock,present_in_source_archive,not_found,fallback_rebuild_required,catalog_only,forms_index.tsv; 6 procedures; 0 triggers; 29 table indicators
MTXCOM003.fmx,inventory/stock,present_in_source_archive,not_found,fallback_rebuild_required,catalog_only,forms_index.tsv; 6 procedures; 5 triggers; 67 table indicators
MTXCOM004.fmx,inventory/stock,present_in_source_archive,not_found,fallback_rebuild_required,catalog_only,forms_index.tsv; 6 procedures; 3 triggers; 63 table indicators
MTXCRP003.fmx,inventory/stock,present_in_source_archive,not_found,fallback_rebuild_required,catalog_only,forms_index.tsv; 6 procedures; 0 triggers; 28 table indicators
MTXCRP004.fmx,inventory/stock,present_in_source_archive,not_found,fallback_rebuild_required,catalog_only,forms_index.tsv; 6 procedures; 0 triggers; 32 table indicators
MTXCRP005.fmx,inventory/stock,present_in_source_archive,not_found,fallback_rebuild_required,catalog_only,forms_index.tsv; 6 procedures; 0 triggers; 30 table indicators
MTXCSHR02.fmx,inventory/stock,present_in_source_archive,not_found,fallback_rebuild_required,catalog_only,forms_index.tsv; 6 procedures; 0 triggers; 39 table indicators
MTXCSHR03.fmx,inventory/stock,present_in_source_archive,not_found,fallback_rebuild_required,catalog_only,forms_index.tsv; 6 procedures; 0 triggers; 37 table indicators
MTXCSTR01.fmx,inventory/stock,present_in_source_archive,not_found,fallback_rebuild_required,catalog_only,forms_index.tsv; 8 procedures; 3 triggers; 52 table indicators
MTXFEE005.fmx,inventory/stock,present_in_source_archive,not_found,fallback_rebuild_required,catalog_only,forms_index.tsv; 6 procedures; 1 triggers; 30 table indicators
MTXGLD004.fmx,inventory/stock,present_in_source_archive,not_found,fallback_rebuild_required,catalog_only,forms_index.tsv; 8 procedures; 7 triggers; 70 table indicators
MTXGLD008.fmx,inventory/stock,present_in_source_archive,not_found,fallback_rebuild_required,catalog_only,forms_index.tsv; 14 procedures; 9 triggers; 250 table indicators
MTXGLD018.fmx,inventory/stock,present_in_source_archive,not_found,fallback_rebuild_required,catalog_only,forms_index.tsv; 17 procedures; 8 triggers; 117 table indicators
MTXGLD019.fmx,inventory/stock,present_in_source_archive,not_found,fallback_rebuild_required,catalog_only,forms_index.tsv; 17 procedures; 7 triggers; 103 table indicators
MTXGLD021.fmx,inventory/stock,present_in_source_archive,not_found,fallback_rebuild_required,catalog_only,forms_index.tsv; 15 procedures; 11 triggers; 148 table indicators
MTXGLR018.fmx,inventory/stock,present_in_source_archive,not_found,fallback_rebuild_required,catalog_only,forms_index.tsv; 17 procedures; 6 triggers; 113 table indicators
MTXGLR019.fmx,inventory/stock,present_in_source_archive,not_found,fallback_rebuild_required,catalog_only,forms_index.tsv; 17 procedures; 6 triggers; 112 table indicators
MTXGRP009.fmx,inventory/stock,present_in_source_archive,not_found,fallback_rebuild_required,catalog_only,forms_index.tsv; 6 procedures; 0 triggers; 35 table indicators
MTXIAMD01.fmx,inventory/stock,present_in_source_archive,not_found,fallback_rebuild_required,catalog_only,forms_index.tsv; 7 procedures; 0 triggers; 37 table indicators
MTXINR001.fmx,inventory/stock,present_in_source_archive,not_found,fallback_rebuild_required,catalog_only,forms_index.tsv; 6 procedures; 0 triggers; 27 table indicators
MTXINR002.fmx,inventory/stock,present_in_source_archive,not_found,fallback_rebuild_required,catalog_only,forms_index.tsv; 6 procedures; 0 triggers; 49 table indicators
MTXINR003.fmx,inventory/stock,present_in_source_archive,not_found,fallback_rebuild_required,catalog_only,forms_index.tsv; 6 procedures; 0 triggers; 34 table indicators
MTXINR018.fmx,inventory/stock,present_in_source_archive,not_found,fallback_rebuild_required,catalog_only,forms_index.tsv; 6 procedures; 0 triggers; 38 table indicators
MTXINR021.fmx,inventory/stock,present_in_source_archive,not_found,fallback_rebuild_required,catalog_only,forms_index.tsv; 8 procedures; 4 triggers; 49 table indicators
MTXINW002.fmx,inventory/stock,present_in_source_archive,not_found,fallback_rebuild_required,catalog_only,forms_index.tsv; 8 procedures; 3 triggers; 157 table indicators
MTXINW003.fmx,inventory/stock,present_in_source_archive,not_found,fallback_rebuild_required,catalog_only,forms_index.tsv; 10 procedures; 6 triggers; 150 table indicators
MTXINW006.fmx,inventory/stock,present_in_source_archive,not_found,fallback_rebuild_required,catalog_only,forms_index.tsv; 8 procedures; 2 triggers; 65 table indicators
MTXINW007.fmx,inventory/stock,present_in_source_archive,not_found,fallback_rebuild_required,catalog_only,forms_index.tsv; 6 procedures; 2 triggers; 31 table indicators
MTXINW008.fmx,inventory/stock,present_in_source_archive,not_found,fallback_rebuild_required,catalog_only,forms_index.tsv; 9 procedures; 2 triggers; 87 table indicators
MTXINW009.fmx,inventory/stock,present_in_source_archive,not_found,fallback_rebuild_required,catalog_only,forms_index.tsv; 8 procedures; 0 triggers; 74 table indicators
MTXINW010.fmx,inventory/stock,present_in_source_archive,not_found,fallback_rebuild_required,catalog_only,forms_index.tsv; 9 procedures; 6 triggers; 74 table indicators
MTXMNT001.fmx,inventory/stock,present_in_source_archive,not_found,fallback_rebuild_required,catalog_only,forms_index.tsv; 6 procedures; 1 triggers; 45 table indicators
MTXMNT003.fmx,inventory/stock,present_in_source_archive,not_found,fallback_rebuild_required,catalog_only,forms_index.tsv; 7 procedures; 0 triggers; 125 table indicators
MTXMNT007.fmx,inventory/stock,present_in_source_archive,not_found,fallback_rebuild_required,catalog_only,forms_index.tsv; 10 procedures; 4 triggers; 118 table indicators
MTXMNT010.fmx,inventory/stock,present_in_source_archive,not_found,fallback_rebuild_required,catalog_only,forms_index.tsv; 6 procedures; 1 triggers; 33 table indicators
MTXOAMD01.fmx,inventory/stock,present_in_source_archive,not_found,fallback_rebuild_required,catalog_only,forms_index.tsv; 7 procedures; 0 triggers; 38 table indicators
MTXOCKR001.fmx,inventory/stock,present_in_source_archive,not_found,fallback_rebuild_required,catalog_only,forms_index.tsv; 6 procedures; 0 triggers; 31 table indicators
MTXOCKR002.fmx,inventory/stock,present_in_source_archive,not_found,fallback_rebuild_required,catalog_only,forms_index.tsv; 6 procedures; 0 triggers; 27 table indicators
MTXOCKR003.fmx,inventory/stock,present_in_source_archive,not_found,fallback_rebuild_required,catalog_only,forms_index.tsv; 6 procedures; 0 triggers; 27 table indicators
MTXOCKR004.fmx,inventory/stock,present_in_source_archive,not_found,fallback_rebuild_required,catalog_only,forms_index.tsv; 6 procedures; 0 triggers; 27 table indicators
MTXOCKR005.fmx,inventory/stock,present_in_source_archive,not_found,fallback_rebuild_required,catalog_only,forms_index.tsv; 6 procedures; 0 triggers; 27 table indicators
MTXOCKR006.fmx,inventory/stock,present_in_source_archive,not_found,fallback_rebuild_required,catalog_only,forms_index.tsv; 6 procedures; 0 triggers; 32 table indicators
MTXOUT001.fmx,inventory/stock,present_in_source_archive,not_found,fallback_rebuild_required,catalog_only,forms_index.tsv; 19 procedures; 5 triggers; 174 table indicators
MTXOUT002.fmx,inventory/stock,present_in_source_archive,not_found,fallback_rebuild_required,catalog_only,forms_index.tsv; 6 procedures; 1 triggers; 34 table indicators
MTXOUT003.fmx,inventory/stock,present_in_source_archive,not_found,fallback_rebuild_required,catalog_only,forms_index.tsv; 6 procedures; 0 triggers; 60 table indicators
MTXOUT004.fmx,inventory/stock,present_in_source_archive,not_found,fallback_rebuild_required,catalog_only,forms_index.tsv; 12 procedures; 7 triggers; 206 table indicators
MTXOUT005.fmx,inventory/stock,present_in_source_archive,not_found,fallback_rebuild_required,catalog_only,forms_index.tsv; 7 procedures; 6 triggers; 128 table indicators
MTXOUT010.fmx,inventory/stock,present_in_source_archive,not_found,fallback_rebuild_required,catalog_only,forms_index.tsv; 6 procedures; 1 triggers; 58 table indicators
MTXOUT014.fmx,inventory/stock,present_in_source_archive,not_found,fallback_rebuild_required,catalog_only,forms_index.tsv; 6 procedures; 1 triggers; 44 table indicators
MTXOUT015.fmx,inventory/stock,present_in_source_archive,not_found,fallback_rebuild_required,catalog_only,forms_index.tsv; 6 procedures; 1 triggers; 46 table indicators
MTXOUT016.fmx,inventory/stock,present_in_source_archive,not_found,fallback_rebuild_required,catalog_only,forms_index.tsv; 6 procedures; 0 triggers; 31 table indicators
MTXOUT017.fmx,inventory/stock,present_in_source_archive,not_found,fallback_rebuild_required,catalog_only,forms_index.tsv; 9 procedures; 0 triggers; 77 table indicators
MTXOUT018.fmx,inventory/stock,present_in_source_archive,not_found,fallback_rebuild_required,catalog_only,forms_index.tsv; 8 procedures; 2 triggers; 54 table indicators
MTXOUT019.fmx,inventory/stock,present_in_source_archive,not_found,fallback_rebuild_required,catalog_only,forms_index.tsv; 8 procedures; 0 triggers; 48 table indicators
MTXOUTR001.fmx,inventory/stock,present_in_source_archive,not_found,fallback_rebuild_required,catalog_only,forms_index.tsv; 6 procedures; 0 triggers; 27 table indicators
MTXOUTR008.fmx,inventory/stock,present_in_source_archive,not_found,fallback_rebuild_required,catalog_only,forms_index.tsv; 7 procedures; 1 triggers; 32 table indicators
MTXOUTR010.fmx,inventory/stock,present_in_source_archive,not_found,fallback_rebuild_required,catalog_only,forms_index.tsv; 7 procedures; 0 triggers; 35 table indicators
MTXOUTR011.fmx,inventory/stock,present_in_source_archive,not_found,fallback_rebuild_required,catalog_only,forms_index.tsv; 7 procedures; 0 triggers; 36 table indicators
MTXOUTR09.fmx,inventory/stock,present_in_source_archive,not_found,fallback_rebuild_required,catalog_only,forms_index.tsv; 7 procedures; 0 triggers; 38 table indicators
MTXRESBKUP.fmx,inventory/stock,present_in_source_archive,not_found,fallback_rebuild_required,catalog_only,forms_index.tsv; 2 procedures; 0 triggers; 32 table indicators
MTXROP002.fmx,inventory/stock,present_in_source_archive,not_found,fallback_rebuild_required,catalog_only,forms_index.tsv; 6 procedures; 1 triggers; 52 table indicators
MTXRP39.fmx,inventory/stock,present_in_source_archive,not_found,fallback_rebuild_required,catalog_only,forms_index.tsv; 7 procedures; 0 triggers; 37 table indicators
MTXSTP001.fmx,inventory/stock,present_in_source_archive,not_found,fallback_rebuild_required,catalog_only,forms_index.tsv; 17 procedures; 5 triggers; 92 table indicators
MTXSTP002.fmx,inventory/stock,present_in_source_archive,not_found,fallback_rebuild_required,catalog_only,forms_index.tsv; 6 procedures; 0 triggers; 38 table indicators
MTXSTP006.fmx,inventory/stock,present_in_source_archive,not_found,fallback_rebuild_required,catalog_only,forms_index.tsv; 6 procedures; 1 triggers; 30 table indicators
MTXSTP007.fmx,inventory/stock,present_in_source_archive,not_found,fallback_rebuild_required,catalog_only,forms_index.tsv; 6 procedures; 0 triggers; 21 table indicators
MTXSTP009.fmx,inventory/stock,present_in_source_archive,not_found,fallback_rebuild_required,catalog_only,forms_index.tsv; 6 procedures; 0 triggers; 26 table indicators
MTXSTP010.fmx,inventory/stock,present_in_source_archive,not_found,fallback_rebuild_required,catalog_only,forms_index.tsv; 8 procedures; 1 triggers; 48 table indicators
MTXSTP011.fmx,inventory/stock,present_in_source_archive,not_found,fallback_rebuild_required,catalog_only,forms_index.tsv; 6 procedures; 0 triggers; 45 table indicators
MTXSTP012.fmx,inventory/stock,present_in_source_archive,not_found,fallback_rebuild_required,catalog_only,forms_index.tsv; 6 procedures; 0 triggers; 46 table indicators
MTXSTP022.fmx,inventory/stock,present_in_source_archive,not_found,fallback_rebuild_required,catalog_only,forms_index.tsv; 8 procedures; 2 triggers; 40 table indicators
MTXSTP024.fmx,inventory/stock,present_in_source_archive,not_found,fallback_rebuild_required,catalog_only,forms_index.tsv; 6 procedures; 0 triggers; 46 table indicators
MTXSTP026.fmx,inventory/stock,present_in_source_archive,not_found,fallback_rebuild_required,catalog_only,forms_index.tsv; 6 procedures; 3 triggers; 44 table indicators
MTXSTP036.fmx,inventory/stock,present_in_source_archive,not_found,fallback_rebuild_required,catalog_only,forms_index.tsv; 6 procedures; 0 triggers; 21 table indicators
MTXSTP040.fmx,inventory/stock,present_in_source_archive,not_found,fallback_rebuild_required,catalog_only,forms_index.tsv; 6 procedures; 1 triggers; 33 table indicators
MTXSTP042.fmx,inventory/stock,present_in_source_archive,not_found,fallback_rebuild_required,catalog_only,forms_index.tsv; 8 procedures; 0 triggers; 39 table indicators
MTXSTP043.fmx,inventory/stock,present_in_source_archive,not_found,fallback_rebuild_required,catalog_only,forms_index.tsv; 14 procedures; 2 triggers; 60 table indicators
MTXTRS001.fmx,inventory/stock,present_in_source_archive,not_found,fallback_rebuild_required,catalog_only,forms_index.tsv; 14 procedures; 4 triggers; 88 table indicators
MTXTRS002.fmx,inventory/stock,present_in_source_archive,not_found,fallback_rebuild_required,catalog_only,forms_index.tsv; 13 procedures; 4 triggers; 86 table indicators
MTXTRSR01.fmx,inventory/stock,present_in_source_archive,not_found,fallback_rebuild_required,catalog_only,forms_index.tsv; 8 procedures; 3 triggers; 38 table indicators
MTXTRSR02.fmx,inventory/stock,present_in_source_archive,not_found,fallback_rebuild_required,catalog_only,forms_index.tsv; 8 procedures; 3 triggers; 42 table indicators
MTXTRSR03.fmx,inventory/stock,present_in_source_archive,not_found,fallback_rebuild_required,catalog_only,forms_index.tsv; 8 procedures; 3 triggers; 38 table indicators
MTXTRV002.fmx,inventory/stock,present_in_source_archive,not_found,fallback_rebuild_required,catalog_only,forms_index.tsv; 6 procedures; 1 triggers; 27 table indicators
MTXTRV004.fmx,inventory/stock,present_in_source_archive,not_found,fallback_rebuild_required,catalog_only,forms_index.tsv; 6 procedures; 0 triggers; 37 table indicators
MTXWST002.fmx,inventory/stock,present_in_source_archive,not_found,fallback_rebuild_required,catalog_only,forms_index.tsv; 7 procedures; 7 triggers; 72 table indicators
MTXWST003.fmx,inventory/stock,present_in_source_archive,not_found,fallback_rebuild_required,catalog_only,forms_index.tsv; 7 procedures; 0 triggers; 35 table indicators
MTXXCH009.fmx,inventory/stock,present_in_source_archive,not_found,fallback_rebuild_required,catalog_only,forms_index.tsv; 8 procedures; 1 triggers; 68 table indicators
MTXXCH011.fmx,inventory/stock,present_in_source_archive,not_found,fallback_rebuild_required,catalog_only,forms_index.tsv; 7 procedures; 2 triggers; 71 table indicators
MTX_ERP_DBA.fmx,inventory/stock,present_in_source_archive,not_found,fallback_rebuild_required,catalog_only,forms_index.tsv; 14 procedures; 0 triggers; 39 table indicators
MtxXrp001.fmx,inventory/stock,present_in_source_archive,not_found,fallback_rebuild_required,catalog_only,forms_index.tsv; 6 procedures; 0 triggers; 29 table indicators
MtxXrp002.fmx,inventory/stock,present_in_source_archive,not_found,fallback_rebuild_required,catalog_only,forms_index.tsv; 8 procedures; 3 triggers; 43 table indicators
MtxXrp003.fmx,inventory/stock,present_in_source_archive,not_found,fallback_rebuild_required,catalog_only,forms_index.tsv; 8 procedures; 3 triggers; 40 table indicators
MtxXrp004.fmx,inventory/stock,present_in_source_archive,not_found,fallback_rebuild_required,catalog_only,forms_index.tsv; 8 procedures; 3 triggers; 40 table indicators
MtxXrp022.fmx,inventory/stock,present_in_source_archive,not_found,fallback_rebuild_required,catalog_only,forms_index.tsv; 8 procedures; 3 triggers; 45 table indicators
Mtxblr001.fmx,inventory/stock,present_in_source_archive,not_found,fallback_rebuild_required,catalog_only,forms_index.tsv; 6 procedures; 0 triggers; 34 table indicators
Mtxcrp001.fmx,inventory/stock,present_in_source_archive,not_found,fallback_rebuild_required,catalog_only,forms_index.tsv; 6 procedures; 0 triggers; 32 table indicators
Mtxcrp002.fmx,inventory/stock,present_in_source_archive,not_found,fallback_rebuild_required,catalog_only,forms_index.tsv; 6 procedures; 0 triggers; 31 table indicators
Mtxcrp006.fmx,inventory/stock,present_in_source_archive,not_found,fallback_rebuild_required,catalog_only,forms_index.tsv; 6 procedures; 0 triggers; 31 table indicators
Mtxcrp007.fmx,inventory/stock,present_in_source_archive,not_found,fallback_rebuild_required,catalog_only,forms_index.tsv; 6 procedures; 0 triggers; 31 table indicators
Mtxcrp008.fmx,inventory/stock,present_in_source_archive,not_found,fallback_rebuild_required,catalog_only,forms_index.tsv; 6 procedures; 0 triggers; 31 table indicators
Mtxcrp009.fmx,inventory/stock,present_in_source_archive,not_found,fallback_rebuild_required,catalog_only,forms_index.tsv; 6 procedures; 0 triggers; 31 table indicators
Mtxcrp010.fmx,inventory/stock,present_in_source_archive,not_found,fallback_rebuild_required,catalog_only,forms_index.tsv; 6 procedures; 0 triggers; 31 table indicators
Mtxcrp011.fmx,inventory/stock,present_in_source_archive,not_found,fallback_rebuild_required,catalog_only,forms_index.tsv; 6 procedures; 0 triggers; 33 table indicators
Mtxusr001.fmx,inventory/stock,present_in_source_archive,not_found,fallback_rebuild_required,catalog_only,forms_index.tsv; 7 procedures; 0 triggers; 38 table indicators
Mtxxrp005.fmx,inventory/stock,present_in_source_archive,not_found,fallback_rebuild_required,catalog_only,forms_index.tsv; 6 procedures; 0 triggers; 40 table indicators
Mtxxrp006.fmx,inventory/stock,present_in_source_archive,not_found,fallback_rebuild_required,catalog_only,forms_index.tsv; 6 procedures; 0 triggers; 30 table indicators
Mtxxrp007.fmx,inventory/stock,present_in_source_archive,not_found,fallback_rebuild_required,catalog_only,forms_index.tsv; 6 procedures; 0 triggers; 32 table indicators
Mtxxrp008.fmx,inventory/stock,present_in_source_archive,not_found,fallback_rebuild_required,catalog_only,forms_index.tsv; 6 procedures; 0 triggers; 30 table indicators
Mtxxrp009.fmx,inventory/stock,present_in_source_archive,not_found,fallback_rebuild_required,catalog_only,forms_index.tsv; 6 procedures; 0 triggers; 31 table indicators
Mtxxrp011.fmx,inventory/stock,present_in_source_archive,not_found,fallback_rebuild_required,catalog_only,forms_index.tsv; 6 procedures; 0 triggers; 27 table indicators
Mtxxrp024.fmx,inventory/stock,present_in_source_archive,not_found,fallback_rebuild_required,catalog_only,forms_index.tsv; 6 procedures; 0 triggers; 30 table indicators
OTHR001.fmx,other,present_in_source_archive,not_found,fallback_rebuild_required,catalog_only,forms_index.tsv; 34 procedures; 8 triggers; 53 table indicators
OTHR002.fmx,other,present_in_source_archive,not_found,fallback_rebuild_required,catalog_only,forms_index.tsv; 36 procedures; 8 triggers; 64 table indicators
OTHR004.fmx,other,present_in_source_archive,not_found,fallback_rebuild_required,catalog_only,forms_index.tsv; 33 procedures; 8 triggers; 54 table indicators
OTHR005.fmx,other,present_in_source_archive,not_found,fallback_rebuild_required,catalog_only,forms_index.tsv; 33 procedures; 8 triggers; 56 table indicators
PMSI022.fmx,MRP/treasury,present_in_source_archive,not_found,fallback_rebuild_required,catalog_only,forms_index.tsv; 36 procedures; 8 triggers; 111 table indicators
PMSI023.fmx,MRP/treasury,present_in_source_archive,not_found,fallback_rebuild_required,catalog_only,forms_index.tsv; 36 procedures; 8 triggers; 109 table indicators
PMSI024.fmx,MRP/treasury,present_in_source_archive,not_found,fallback_rebuild_required,catalog_only,forms_index.tsv; 38 procedures; 10 triggers; 158 table indicators
PMSI026.fmx,MRP/treasury,present_in_source_archive,not_found,fallback_rebuild_required,catalog_only,forms_index.tsv; 37 procedures; 8 triggers; 94 table indicators
PMSR001.fmx,MRP/treasury,present_in_source_archive,not_found,fallback_rebuild_required,catalog_only,forms_index.tsv; 16 procedures; 3 triggers; 67 table indicators
PMSR002.fmx,MRP/treasury,present_in_source_archive,not_found,fallback_rebuild_required,catalog_only,forms_index.tsv; 16 procedures; 3 triggers; 67 table indicators
PMSR003.fmx,MRP/treasury,present_in_source_archive,not_found,fallback_rebuild_required,catalog_only,forms_index.tsv; 17 procedures; 3 triggers; 74 table indicators
PMSR004.fmx,MRP/treasury,present_in_source_archive,not_found,fallback_rebuild_required,catalog_only,forms_index.tsv; 17 procedures; 3 triggers; 74 table indicators
PMSR005.fmx,MRP/treasury,present_in_source_archive,not_found,fallback_rebuild_required,catalog_only,forms_index.tsv; 20 procedures; 3 triggers; 84 table indicators
PMSR006.fmx,MRP/treasury,present_in_source_archive,not_found,fallback_rebuild_required,catalog_only,forms_index.tsv; 20 procedures; 3 triggers; 85 table indicators
PMSR007.fmx,MRP/treasury,present_in_source_archive,not_found,fallback_rebuild_required,catalog_only,forms_index.tsv; 20 procedures; 3 triggers; 86 table indicators
PMSR008.fmx,MRP/treasury,present_in_source_archive,not_found,fallback_rebuild_required,catalog_only,forms_index.tsv; 20 procedures; 3 triggers; 83 table indicators
PMSR009.fmx,MRP/treasury,present_in_source_archive,not_found,fallback_rebuild_required,catalog_only,forms_index.tsv; 20 procedures; 3 triggers; 84 table indicators
PMSR010.fmx,MRP/treasury,present_in_source_archive,not_found,fallback_rebuild_required,catalog_only,forms_index.tsv; 20 procedures; 3 triggers; 83 table indicators
PMSR011.fmx,MRP/treasury,present_in_source_archive,not_found,fallback_rebuild_required,catalog_only,forms_index.tsv; 20 procedures; 3 triggers; 82 table indicators
PMSR012.fmx,MRP/treasury,present_in_source_archive,not_found,fallback_rebuild_required,catalog_only,forms_index.tsv; 20 procedures; 3 triggers; 84 table indicators
PMSR013.fmx,MRP/treasury,present_in_source_archive,not_found,fallback_rebuild_required,catalog_only,forms_index.tsv; 20 procedures; 3 triggers; 85 table indicators
PMSR014.fmx,MRP/treasury,present_in_source_archive,not_found,fallback_rebuild_required,catalog_only,forms_index.tsv; 20 procedures; 3 triggers; 86 table indicators
PMSR015.fmx,MRP/treasury,present_in_source_archive,not_found,fallback_rebuild_required,catalog_only,forms_index.tsv; 20 procedures; 3 triggers; 83 table indicators
PMSR016.fmx,MRP/treasury,present_in_source_archive,not_found,fallback_rebuild_required,catalog_only,forms_index.tsv; 20 procedures; 3 triggers; 84 table indicators
PMSR017.fmx,MRP/treasury,present_in_source_archive,not_found,fallback_rebuild_required,catalog_only,forms_index.tsv; 20 procedures; 3 triggers; 88 table indicators
PMSR018.fmx,MRP/treasury,present_in_source_archive,not_found,fallback_rebuild_required,catalog_only,forms_index.tsv; 20 procedures; 3 triggers; 84 table indicators
PMSR019.fmx,MRP/treasury,present_in_source_archive,not_found,fallback_rebuild_required,catalog_only,forms_index.tsv; 17 procedures; 3 triggers; 74 table indicators
PMSR020.fmx,MRP/treasury,present_in_source_archive,not_found,fallback_rebuild_required,catalog_only,forms_index.tsv; 17 procedures; 3 triggers; 74 table indicators
PMSR021.fmx,MRP/treasury,present_in_source_archive,not_found,fallback_rebuild_required,catalog_only,forms_index.tsv; 20 procedures; 3 triggers; 87 table indicators
PMSR022.fmx,MRP/treasury,present_in_source_archive,not_found,fallback_rebuild_required,catalog_only,forms_index.tsv; 20 procedures; 3 triggers; 85 table indicators
PMSR023.fmx,MRP/treasury,present_in_source_archive,not_found,fallback_rebuild_required,catalog_only,forms_index.tsv; 20 procedures; 3 triggers; 87 table indicators
PMSS004.fmx,MRP/treasury,present_in_source_archive,not_found,fallback_rebuild_required,catalog_only,forms_index.tsv; 35 procedures; 8 triggers; 82 table indicators
PMSS005.fmx,MRP/treasury,present_in_source_archive,not_found,fallback_rebuild_required,catalog_only,forms_index.tsv; 37 procedures; 8 triggers; 115 table indicators
PMSS007.fmx,MRP/treasury,present_in_source_archive,not_found,fallback_rebuild_required,catalog_only,forms_index.tsv; 34 procedures; 8 triggers; 59 table indicators
PMSS008.fmx,MRP/treasury,present_in_source_archive,not_found,fallback_rebuild_required,catalog_only,forms_index.tsv; 34 procedures; 8 triggers; 55 table indicators
PMST062.fmx,MRP/treasury,present_in_source_archive,not_found,fallback_rebuild_required,catalog_only,forms_index.tsv; 42 procedures; 8 triggers; 154 table indicators
PMST063.fmx,MRP/treasury,present_in_source_archive,not_found,fallback_rebuild_required,catalog_only,forms_index.tsv; 41 procedures; 10 triggers; 169 table indicators
PMST068.fmx,MRP/treasury,present_in_source_archive,not_found,fallback_rebuild_required,catalog_only,forms_index.tsv; 38 procedures; 10 triggers; 136 table indicators
PMST069.fmx,MRP/treasury,present_in_source_archive,not_found,fallback_rebuild_required,catalog_only,forms_index.tsv; 38 procedures; 10 triggers; 157 table indicators
PMST070.fmx,MRP/treasury,present_in_source_archive,not_found,fallback_rebuild_required,catalog_only,forms_index.tsv; 36 procedures; 10 triggers; 143 table indicators
PMST071.fmx,MRP/treasury,present_in_source_archive,not_found,fallback_rebuild_required,catalog_only,forms_index.tsv; 36 procedures; 10 triggers; 136 table indicators
PMST080.fmx,MRP/treasury,present_in_source_archive,not_found,fallback_rebuild_required,catalog_only,forms_index.tsv; 36 procedures; 8 triggers; 111 table indicators
PMST081.fmx,MRP/treasury,present_in_source_archive,not_found,fallback_rebuild_required,catalog_only,forms_index.tsv; 36 procedures; 8 triggers; 104 table indicators
PMST082.fmx,MRP/treasury,present_in_source_archive,not_found,fallback_rebuild_required,catalog_only,forms_index.tsv; 36 procedures; 10 triggers; 125 table indicators
PMST083.fmx,MRP/treasury,present_in_source_archive,not_found,fallback_rebuild_required,catalog_only,forms_index.tsv; 36 procedures; 8 triggers; 102 table indicators
PMST090.fmx,MRP/treasury,present_in_source_archive,not_found,fallback_rebuild_required,catalog_only,forms_index.tsv; 31 procedures; 10 triggers; 56 table indicators
PMST091.fmx,MRP/treasury,present_in_source_archive,not_found,fallback_rebuild_required,catalog_only,forms_index.tsv; 36 procedures; 10 triggers; 138 table indicators
PMS_IMPXLS_1.fmx,MRP/treasury,present_in_source_archive,not_found,fallback_rebuild_required,catalog_only,forms_index.tsv; 36 procedures; 8 triggers; 99 table indicators
POSADVS.fmx,POS,present_in_source_archive,not_found,fallback_rebuild_required,catalog_only,forms_index.tsv; 5 procedures; 0 triggers; 42 table indicators
POSI001.fmx,POS,present_in_source_archive,not_found,fallback_rebuild_required,catalog_only,forms_index.tsv; 33 procedures; 8 triggers; 109 table indicators
POSI002.fmx,POS,present_in_source_archive,not_found,fallback_rebuild_required,catalog_only,forms_index.tsv; 31 procedures; 8 triggers; 56 table indicators
POSI003.fmx,POS,present_in_source_archive,not_found,fallback_rebuild_required,catalog_only,forms_index.tsv; 31 procedures; 8 triggers; 81 table indicators
POSI004.fmx,POS,present_in_source_archive,not_found,fallback_rebuild_required,catalog_only,forms_index.tsv; 29 procedures; 8 triggers; 48 table indicators
POSI005.fmx,POS,present_in_source_archive,not_found,fallback_rebuild_required,catalog_only,forms_index.tsv; 30 procedures; 8 triggers; 56 table indicators
POSI006.fmx,POS,present_in_source_archive,not_found,fallback_rebuild_required,catalog_only,forms_index.tsv; 31 procedures; 8 triggers; 56 table indicators
POSI007.fmx,POS,present_in_source_archive,not_found,fallback_rebuild_required,catalog_only,forms_index.tsv; 32 procedures; 8 triggers; 63 table indicators
POSI008.fmx,POS,present_in_source_archive,not_found,fallback_rebuild_required,catalog_only,forms_index.tsv; 31 procedures; 8 triggers; 71 table indicators
POSI009.fmx,POS,present_in_source_archive,not_found,fallback_rebuild_required,catalog_only,forms_index.tsv; 31 procedures; 8 triggers; 57 table indicators
POSI010.fmx,POS,present_in_source_archive,not_found,fallback_rebuild_required,catalog_only,forms_index.tsv; 32 procedures; 9 triggers; 77 table indicators
POSI011.fmx,POS,present_in_source_archive,not_found,fallback_rebuild_required,catalog_only,forms_index.tsv; 32 procedures; 8 triggers; 61 table indicators
POSI012.fmx,POS,present_in_source_archive,not_found,fallback_rebuild_required,catalog_only,forms_index.tsv; 35 procedures; 8 triggers; 65 table indicators
POSI014.fmx,POS,present_in_source_archive,not_found,fallback_rebuild_required,catalog_only,forms_index.tsv; 38 procedures; 8 triggers; 75 table indicators
POSLGN.fmx,POS,present_in_source_archive,not_found,fallback_rebuild_required,catalog_only,forms_index.tsv; 17 procedures; 5 triggers; 239 table indicators
POSR001.fmx,POS,present_in_source_archive,not_found,fallback_rebuild_required,catalog_only,forms_index.tsv; 15 procedures; 3 triggers; 97 table indicators
POSR002.fmx,POS,present_in_source_archive,not_found,fallback_rebuild_required,catalog_only,forms_index.tsv; 15 procedures; 3 triggers; 126 table indicators
POSR003.fmx,POS,present_in_source_archive,not_found,fallback_rebuild_required,catalog_only,forms_index.tsv; 14 procedures; 3 triggers; 53 table indicators
POSR004.fmx,POS,present_in_source_archive,not_found,fallback_rebuild_required,catalog_only,forms_index.tsv; 14 procedures; 3 triggers; 73 table indicators
POSR005.fmx,POS,present_in_source_archive,not_found,fallback_rebuild_required,catalog_only,forms_index.tsv; 14 procedures; 3 triggers; 66 table indicators
POSR006.fmx,POS,present_in_source_archive,not_found,fallback_rebuild_required,catalog_only,forms_index.tsv; 14 procedures; 3 triggers; 63 table indicators
POSR007.fmx,POS,present_in_source_archive,not_found,fallback_rebuild_required,catalog_only,forms_index.tsv; 14 procedures; 3 triggers; 89 table indicators
POSR008.fmx,POS,present_in_source_archive,not_found,fallback_rebuild_required,catalog_only,forms_index.tsv; 13 procedures; 3 triggers; 53 table indicators
POSR009.fmx,POS,present_in_source_archive,not_found,fallback_rebuild_required,catalog_only,forms_index.tsv; 14 procedures; 3 triggers; 58 table indicators
POSR010.fmx,POS,present_in_source_archive,not_found,fallback_rebuild_required,catalog_only,forms_index.tsv; 14 procedures; 3 triggers; 65 table indicators
POSR011.fmx,POS,present_in_source_archive,not_found,fallback_rebuild_required,catalog_only,forms_index.tsv; 14 procedures; 3 triggers; 81 table indicators
POSS001.fmx,POS,present_in_source_archive,not_found,fallback_rebuild_required,catalog_only,forms_index.tsv; 34 procedures; 11 triggers; 132 table indicators
POSS002.fmx,POS,present_in_source_archive,not_found,fallback_rebuild_required,catalog_only,forms_index.tsv; 31 procedures; 8 triggers; 76 table indicators
POSS003.fmx,POS,present_in_source_archive,not_found,fallback_rebuild_required,catalog_only,forms_index.tsv; 30 procedures; 8 triggers; 59 table indicators
POST001.fmx,POS,present_in_source_archive,not_found,fallback_rebuild_required,available_for_focus_forms,forms_index.tsv; 56 procedures; 13 triggers; 327 table indicators
POST002.fmx,POS,present_in_source_archive,not_found,fallback_rebuild_required,catalog_only,forms_index.tsv; 49 procedures; 13 triggers; 262 table indicators
POST003.fmx,POS,present_in_source_archive,not_found,fallback_rebuild_required,catalog_only,forms_index.tsv; 36 procedures; 10 triggers; 136 table indicators
POST004.fmx,POS,present_in_source_archive,not_found,fallback_rebuild_required,catalog_only,forms_index.tsv; 44 procedures; 20 triggers; 213 table indicators
POST005.fmx,POS,present_in_source_archive,not_found,fallback_rebuild_required,catalog_only,forms_index.tsv; 43 procedures; 20 triggers; 212 table indicators
POST006.fmx,POS,present_in_source_archive,not_found,fallback_rebuild_required,catalog_only,forms_index.tsv; 33 procedures; 8 triggers; 80 table indicators
POST008.fmx,POS,present_in_source_archive,not_found,fallback_rebuild_required,catalog_only,forms_index.tsv; 38 procedures; 10 triggers; 272 table indicators
POST009.fmx,POS,present_in_source_archive,not_found,fallback_rebuild_required,catalog_only,forms_index.tsv; 31 procedures; 8 triggers; 67 table indicators
POST010.fmx,POS,present_in_source_archive,not_found,fallback_rebuild_required,catalog_only,forms_index.tsv; 34 procedures; 8 triggers; 101 table indicators
POST011.fmx,POS,present_in_source_archive,not_found,fallback_rebuild_required,catalog_only,forms_index.tsv; 35 procedures; 12 triggers; 120 table indicators
POST012.fmx,POS,present_in_source_archive,not_found,fallback_rebuild_required,catalog_only,forms_index.tsv; 30 procedures; 8 triggers; 82 table indicators
POST013.fmx,POS,present_in_source_archive,not_found,fallback_rebuild_required,catalog_only,forms_index.tsv; 36 procedures; 9 triggers; 126 table indicators
POST014.fmx,POS,present_in_source_archive,not_found,fallback_rebuild_required,catalog_only,forms_index.tsv; 30 procedures; 8 triggers; 56 table indicators
POST015.fmx,POS,present_in_source_archive,not_found,fallback_rebuild_required,catalog_only,forms_index.tsv; 35 procedures; 10 triggers; 105 table indicators
POST016.fmx,POS,present_in_source_archive,not_found,fallback_rebuild_required,catalog_only,forms_index.tsv; 31 procedures; 8 triggers; 74 table indicators
POST017.fmx,POS,present_in_source_archive,not_found,fallback_rebuild_required,catalog_only,forms_index.tsv; 34 procedures; 9 triggers; 109 table indicators
POST018.fmx,POS,present_in_source_archive,not_found,fallback_rebuild_required,catalog_only,forms_index.tsv; 50 procedures; 8 triggers; 256 table indicators
POST019.fmx,POS,present_in_source_archive,not_found,fallback_rebuild_required,catalog_only,forms_index.tsv; 43 procedures; 9 triggers; 215 table indicators
POST020.fmx,POS,present_in_source_archive,not_found,fallback_rebuild_required,catalog_only,forms_index.tsv; 37 procedures; 9 triggers; 129 table indicators
POST021.fmx,POS,present_in_source_archive,not_found,fallback_rebuild_required,catalog_only,forms_index.tsv; 33 procedures; 8 triggers; 65 table indicators
POST022.fmx,POS,present_in_source_archive,not_found,fallback_rebuild_required,catalog_only,forms_index.tsv; 39 procedures; 8 triggers; 129 table indicators
POST_WST.fmx,POS,present_in_source_archive,not_found,fallback_rebuild_required,catalog_only,forms_index.tsv; 0 procedures; 1 triggers; 5 table indicators
POS_INSTALL.fmx,POS,present_in_source_archive,not_found,fallback_rebuild_required,available_for_focus_forms,forms_index.tsv; 40 procedures; 6 triggers; 661 table indicators
REMI001.fmx,other-finance/operations,present_in_source_archive,not_found,fallback_rebuild_required,catalog_only,forms_index.tsv; 43 procedures; 8 triggers; 204 table indicators
REMI003.fmx,other-finance/operations,present_in_source_archive,not_found,fallback_rebuild_required,catalog_only,forms_index.tsv; 37 procedures; 9 triggers; 109 table indicators
REMI010.fmx,other-finance/operations,present_in_source_archive,not_found,fallback_rebuild_required,catalog_only,forms_index.tsv; 40 procedures; 9 triggers; 225 table indicators
REMIMPXLS_REAL.fmx,other-finance/operations,present_in_source_archive,not_found,fallback_rebuild_required,catalog_only,forms_index.tsv; 34 procedures; 8 triggers; 76 table indicators
REMR003.fmx,other-finance/operations,present_in_source_archive,not_found,fallback_rebuild_required,catalog_only,forms_index.tsv; 16 procedures; 3 triggers; 87 table indicators
REMR005.fmx,other-finance/operations,present_in_source_archive,not_found,fallback_rebuild_required,catalog_only,forms_index.tsv; 17 procedures; 3 triggers; 55 table indicators
REMR006.fmx,other-finance/operations,present_in_source_archive,not_found,fallback_rebuild_required,catalog_only,forms_index.tsv; 16 procedures; 3 triggers; 53 table indicators
REMR008.fmx,other-finance/operations,present_in_source_archive,not_found,fallback_rebuild_required,catalog_only,forms_index.tsv; 16 procedures; 3 triggers; 57 table indicators
REMR009.fmx,other-finance/operations,present_in_source_archive,not_found,fallback_rebuild_required,catalog_only,forms_index.tsv; 16 procedures; 3 triggers; 56 table indicators
REMR010.fmx,other-finance/operations,present_in_source_archive,not_found,fallback_rebuild_required,catalog_only,forms_index.tsv; 16 procedures; 3 triggers; 54 table indicators
REMR012.fmx,other-finance/operations,present_in_source_archive,not_found,fallback_rebuild_required,catalog_only,forms_index.tsv; 16 procedures; 3 triggers; 54 table indicators
REMR014.fmx,other-finance/operations,present_in_source_archive,not_found,fallback_rebuild_required,catalog_only,forms_index.tsv; 16 procedures; 3 triggers; 54 table indicators
REMR020.fmx,other-finance/operations,present_in_source_archive,not_found,fallback_rebuild_required,catalog_only,forms_index.tsv; 16 procedures; 3 triggers; 53 table indicators
REMR022.fmx,other-finance/operations,present_in_source_archive,not_found,fallback_rebuild_required,catalog_only,forms_index.tsv; 15 procedures; 3 triggers; 62 table indicators
REMR030.fmx,other-finance/operations,present_in_source_archive,not_found,fallback_rebuild_required,catalog_only,forms_index.tsv; 16 procedures; 3 triggers; 65 table indicators
REMR031.fmx,other-finance/operations,present_in_source_archive,not_found,fallback_rebuild_required,catalog_only,forms_index.tsv; 18 procedures; 3 triggers; 85 table indicators
REMR032.fmx,other-finance/operations,present_in_source_archive,not_found,fallback_rebuild_required,catalog_only,forms_index.tsv; 17 procedures; 3 triggers; 89 table indicators
REMR033.fmx,other-finance/operations,present_in_source_archive,not_found,fallback_rebuild_required,catalog_only,forms_index.tsv; 17 procedures; 3 triggers; 82 table indicators
REMS001.fmx,other-finance/operations,present_in_source_archive,not_found,fallback_rebuild_required,catalog_only,forms_index.tsv; 34 procedures; 8 triggers; 75 table indicators
REMS004.fmx,other-finance/operations,present_in_source_archive,not_found,fallback_rebuild_required,catalog_only,forms_index.tsv; 36 procedures; 7 triggers; 103 table indicators
REMS006.fmx,other-finance/operations,present_in_source_archive,not_found,fallback_rebuild_required,catalog_only,forms_index.tsv; 34 procedures; 8 triggers; 91 table indicators
REMS008.fmx,other-finance/operations,present_in_source_archive,not_found,fallback_rebuild_required,catalog_only,forms_index.tsv; 32 procedures; 8 triggers; 76 table indicators
REMS010.fmx,other-finance/operations,present_in_source_archive,not_found,fallback_rebuild_required,catalog_only,forms_index.tsv; 32 procedures; 10 triggers; 49 table indicators
REMS011.fmx,other-finance/operations,present_in_source_archive,not_found,fallback_rebuild_required,catalog_only,forms_index.tsv; 33 procedures; 8 triggers; 62 table indicators
REMT001.fmx,other-finance/operations,present_in_source_archive,not_found,fallback_rebuild_required,catalog_only,forms_index.tsv; 47 procedures; 10 triggers; 244 table indicators
REMT003.fmx,other-finance/operations,present_in_source_archive,not_found,fallback_rebuild_required,catalog_only,forms_index.tsv; 44 procedures; 10 triggers; 206 table indicators
REMT004.fmx,other-finance/operations,present_in_source_archive,not_found,fallback_rebuild_required,catalog_only,forms_index.tsv; 43 procedures; 10 triggers; 157 table indicators
REMT005.fmx,other-finance/operations,present_in_source_archive,not_found,fallback_rebuild_required,catalog_only,forms_index.tsv; 40 procedures; 10 triggers; 135 table indicators
REMT006.fmx,other-finance/operations,present_in_source_archive,not_found,fallback_rebuild_required,catalog_only,forms_index.tsv; 40 procedures; 8 triggers; 135 table indicators
REMT010.fmx,other-finance/operations,present_in_source_archive,not_found,fallback_rebuild_required,catalog_only,forms_index.tsv; 44 procedures; 8 triggers; 157 table indicators
REMT011.fmx,other-finance/operations,present_in_source_archive,not_found,fallback_rebuild_required,catalog_only,forms_index.tsv; 43 procedures; 10 triggers; 163 table indicators
REMT012.fmx,other-finance/operations,present_in_source_archive,not_found,fallback_rebuild_required,catalog_only,forms_index.tsv; 37 procedures; 8 triggers; 110 table indicators
REMT014.fmx,other-finance/operations,present_in_source_archive,not_found,fallback_rebuild_required,catalog_only,forms_index.tsv; 40 procedures; 8 triggers; 112 table indicators
REMT015.fmx,other-finance/operations,present_in_source_archive,not_found,fallback_rebuild_required,catalog_only,forms_index.tsv; 38 procedures; 8 triggers; 106 table indicators
REMT020.fmx,other-finance/operations,present_in_source_archive,not_found,fallback_rebuild_required,catalog_only,forms_index.tsv; 41 procedures; 10 triggers; 135 table indicators
REMT022.fmx,other-finance/operations,present_in_source_archive,not_found,fallback_rebuild_required,catalog_only,forms_index.tsv; 42 procedures; 8 triggers; 137 table indicators
REMT024.fmx,other-finance/operations,present_in_source_archive,not_found,fallback_rebuild_required,catalog_only,forms_index.tsv; 35 procedures; 8 triggers; 105 table indicators
REMT025.fmx,other-finance/operations,present_in_source_archive,not_found,fallback_rebuild_required,catalog_only,forms_index.tsv; 35 procedures; 8 triggers; 100 table indicators
REMT030.fmx,other-finance/operations,present_in_source_archive,not_found,fallback_rebuild_required,catalog_only,forms_index.tsv; 34 procedures; 8 triggers; 110 table indicators
REM_ALRTS001.fmx,other-finance/operations,present_in_source_archive,not_found,fallback_rebuild_required,catalog_only,forms_index.tsv; 33 procedures; 8 triggers; 64 table indicators
REQFRMWEB.fmx,other,present_in_source_archive,not_found,fallback_rebuild_required,catalog_only,forms_index.tsv; 10 procedures; 0 triggers; 36 table indicators
REST001.fmx,other,present_in_source_archive,not_found,fallback_rebuild_required,catalog_only,forms_index.tsv; 44 procedures; 26 triggers; 243 table indicators
SEC001.fmx,other,present_in_source_archive,not_found,fallback_rebuild_required,catalog_only,forms_index.tsv; 32 procedures; 8 triggers; 51 table indicators
SEC002.fmx,other,present_in_source_archive,not_found,fallback_rebuild_required,catalog_only,forms_index.tsv; 32 procedures; 8 triggers; 53 table indicators
SEC003.fmx,other,present_in_source_archive,not_found,fallback_rebuild_required,catalog_only,forms_index.tsv; 32 procedures; 8 triggers; 50 table indicators
SEC004.fmx,other,present_in_source_archive,not_found,fallback_rebuild_required,catalog_only,forms_index.tsv; 33 procedures; 8 triggers; 63 table indicators
SEC005.fmx,other,present_in_source_archive,not_found,fallback_rebuild_required,catalog_only,forms_index.tsv; 33 procedures; 8 triggers; 51 table indicators
SECFM10.fmx,other,present_in_source_archive,not_found,fallback_rebuild_required,catalog_only,forms_index.tsv; 7 procedures; 0 triggers; 43 table indicators
SHLI001.fmx,other-finance/operations,present_in_source_archive,not_found,fallback_rebuild_required,catalog_only,forms_index.tsv; 35 procedures; 8 triggers; 142 table indicators
SHLI002.fmx,other-finance/operations,present_in_source_archive,not_found,fallback_rebuild_required,catalog_only,forms_index.tsv; 35 procedures; 8 triggers; 87 table indicators
SHLI003.fmx,other-finance/operations,present_in_source_archive,not_found,fallback_rebuild_required,catalog_only,forms_index.tsv; 35 procedures; 8 triggers; 86 table indicators
SHLR001.fmx,other-finance/operations,present_in_source_archive,not_found,fallback_rebuild_required,catalog_only,forms_index.tsv; 18 procedures; 3 triggers; 76 table indicators
SHLR002.fmx,other-finance/operations,present_in_source_archive,not_found,fallback_rebuild_required,catalog_only,forms_index.tsv; 18 procedures; 3 triggers; 73 table indicators
SHLR003.fmx,other-finance/operations,present_in_source_archive,not_found,fallback_rebuild_required,catalog_only,forms_index.tsv; 18 procedures; 3 triggers; 72 table indicators
SHLR004.fmx,other-finance/operations,present_in_source_archive,not_found,fallback_rebuild_required,catalog_only,forms_index.tsv; 18 procedures; 3 triggers; 72 table indicators
SHLR005.fmx,other-finance/operations,present_in_source_archive,not_found,fallback_rebuild_required,catalog_only,forms_index.tsv; 18 procedures; 3 triggers; 73 table indicators
SHLR006.fmx,other-finance/operations,present_in_source_archive,not_found,fallback_rebuild_required,catalog_only,forms_index.tsv; 18 procedures; 3 triggers; 73 table indicators
SHLR007.fmx,other-finance/operations,present_in_source_archive,not_found,fallback_rebuild_required,catalog_only,forms_index.tsv; 18 procedures; 3 triggers; 73 table indicators
SHLR008.fmx,other-finance/operations,present_in_source_archive,not_found,fallback_rebuild_required,catalog_only,forms_index.tsv; 18 procedures; 3 triggers; 72 table indicators
SHLR009.fmx,other-finance/operations,present_in_source_archive,not_found,fallback_rebuild_required,catalog_only,forms_index.tsv; 18 procedures; 3 triggers; 72 table indicators
SHLR010.fmx,other-finance/operations,present_in_source_archive,not_found,fallback_rebuild_required,catalog_only,forms_index.tsv; 19 procedures; 3 triggers; 75 table indicators
SHLR011.fmx,other-finance/operations,present_in_source_archive,not_found,fallback_rebuild_required,catalog_only,forms_index.tsv; 18 procedures; 3 triggers; 73 table indicators
SHLR012.fmx,other-finance/operations,present_in_source_archive,not_found,fallback_rebuild_required,catalog_only,forms_index.tsv; 19 procedures; 3 triggers; 75 table indicators
SHLR013.fmx,other-finance/operations,present_in_source_archive,not_found,fallback_rebuild_required,catalog_only,forms_index.tsv; 19 procedures; 3 triggers; 75 table indicators
SHLS001.fmx,other-finance/operations,present_in_source_archive,not_found,fallback_rebuild_required,catalog_only,forms_index.tsv; 32 procedures; 8 triggers; 49 table indicators
SHLS002.fmx,other-finance/operations,present_in_source_archive,not_found,fallback_rebuild_required,catalog_only,forms_index.tsv; 34 procedures; 10 triggers; 86 table indicators
SHLS003.fmx,other-finance/operations,present_in_source_archive,not_found,fallback_rebuild_required,catalog_only,forms_index.tsv; 34 procedures; 8 triggers; 57 table indicators
SHLS004.fmx,other-finance/operations,present_in_source_archive,not_found,fallback_rebuild_required,catalog_only,forms_index.tsv; 34 procedures; 8 triggers; 64 table indicators
SHLT001.fmx,other-finance/operations,present_in_source_archive,not_found,fallback_rebuild_required,catalog_only,forms_index.tsv; 36 procedures; 8 triggers; 110 table indicators
SHLT002.fmx,other-finance/operations,present_in_source_archive,not_found,fallback_rebuild_required,catalog_only,forms_index.tsv; 36 procedures; 8 triggers; 101 table indicators
SHLT003.fmx,other-finance/operations,present_in_source_archive,not_found,fallback_rebuild_required,catalog_only,forms_index.tsv; 36 procedures; 8 triggers; 92 table indicators
SHLT004.fmx,other-finance/operations,present_in_source_archive,not_found,fallback_rebuild_required,catalog_only,forms_index.tsv; 36 procedures; 8 triggers; 109 table indicators
SHLT005.fmx,other-finance/operations,present_in_source_archive,not_found,fallback_rebuild_required,catalog_only,forms_index.tsv; 36 procedures; 8 triggers; 104 table indicators
SHLT006.fmx,other-finance/operations,present_in_source_archive,not_found,fallback_rebuild_required,catalog_only,forms_index.tsv; 36 procedures; 8 triggers; 112 table indicators
SHLT007.fmx,other-finance/operations,present_in_source_archive,not_found,fallback_rebuild_required,catalog_only,forms_index.tsv; 36 procedures; 8 triggers; 91 table indicators
SHLT008.fmx,other-finance/operations,present_in_source_archive,not_found,fallback_rebuild_required,catalog_only,forms_index.tsv; 36 procedures; 8 triggers; 97 table indicators
SHLT010.fmx,other-finance/operations,present_in_source_archive,not_found,fallback_rebuild_required,catalog_only,forms_index.tsv; 36 procedures; 8 triggers; 110 table indicators
SHLT011.fmx,other-finance/operations,present_in_source_archive,not_found,fallback_rebuild_required,catalog_only,forms_index.tsv; 36 procedures; 8 triggers; 106 table indicators
SHOI001.fmx,other-finance/operations,present_in_source_archive,not_found,fallback_rebuild_required,catalog_only,forms_index.tsv; 34 procedures; 7 triggers; 119 table indicators
SHOI002.fmx,other-finance/operations,present_in_source_archive,not_found,fallback_rebuild_required,catalog_only,forms_index.tsv; 33 procedures; 8 triggers; 55 table indicators
SHOR001.fmx,other-finance/operations,present_in_source_archive,not_found,fallback_rebuild_required,catalog_only,forms_index.tsv; 17 procedures; 3 triggers; 101 table indicators
SHOS001.fmx,other-finance/operations,present_in_source_archive,not_found,fallback_rebuild_required,catalog_only,forms_index.tsv; 32 procedures; 8 triggers; 91 table indicators
SHP027.fmx,other-finance/operations,present_in_source_archive,not_found,fallback_rebuild_required,catalog_only,forms_index.tsv; 32 procedures; 40 triggers; 344 table indicators
SHPDBA.fmx,other-finance/operations,present_in_source_archive,not_found,fallback_rebuild_required,available_for_focus_forms,forms_index.tsv; 56 procedures; 44 triggers; 501 table indicators
SHPDBA_FULL.fmx,other-finance/operations,present_in_source_archive,not_found,fallback_rebuild_required,catalog_only,forms_index.tsv; 50 procedures; 8 triggers; 367 table indicators
SHPI001.fmx,other-finance/operations,present_in_source_archive,not_found,fallback_rebuild_required,catalog_only,forms_index.tsv; 36 procedures; 8 triggers; 91 table indicators
SHPI002.fmx,other-finance/operations,present_in_source_archive,not_found,fallback_rebuild_required,catalog_only,forms_index.tsv; 40 procedures; 8 triggers; 101 table indicators
SHPR001.fmx,other-finance/operations,present_in_source_archive,not_found,fallback_rebuild_required,catalog_only,forms_index.tsv; 16 procedures; 3 triggers; 85 table indicators
SHPR002.fmx,other-finance/operations,present_in_source_archive,not_found,fallback_rebuild_required,catalog_only,forms_index.tsv; 16 procedures; 3 triggers; 83 table indicators
SHPS001.fmx,other-finance/operations,present_in_source_archive,not_found,fallback_rebuild_required,catalog_only,forms_index.tsv; 34 procedures; 9 triggers; 70 table indicators
SHPS002.fmx,other-finance/operations,present_in_source_archive,not_found,fallback_rebuild_required,catalog_only,forms_index.tsv; 33 procedures; 8 triggers; 55 table indicators
SHPT001.fmx,other-finance/operations,present_in_source_archive,not_found,fallback_rebuild_required,catalog_only,forms_index.tsv; 53 procedures; 9 triggers; 207 table indicators
SHPT002.fmx,other-finance/operations,present_in_source_archive,not_found,fallback_rebuild_required,catalog_only,forms_index.tsv; 53 procedures; 11 triggers; 224 table indicators
SHPT003.fmx,other-finance/operations,present_in_source_archive,not_found,fallback_rebuild_required,catalog_only,forms_index.tsv; 43 procedures; 9 triggers; 155 table indicators
SHPT004.fmx,other-finance/operations,present_in_source_archive,not_found,fallback_rebuild_required,catalog_only,forms_index.tsv; 42 procedures; 9 triggers; 155 table indicators
SHPT005.fmx,other-finance/operations,present_in_source_archive,not_found,fallback_rebuild_required,catalog_only,forms_index.tsv; 42 procedures; 9 triggers; 155 table indicators
SHPT006.fmx,other-finance/operations,present_in_source_archive,not_found,fallback_rebuild_required,catalog_only,forms_index.tsv; 50 procedures; 9 triggers; 185 table indicators
SHPT007.fmx,other-finance/operations,present_in_source_archive,not_found,fallback_rebuild_required,catalog_only,forms_index.tsv; 40 procedures; 8 triggers; 102 table indicators
SHP_DBA.fmx,other-finance/operations,present_in_source_archive,not_found,fallback_rebuild_required,catalog_only,forms_index.tsv; 32 procedures; 40 triggers; 344 table indicators
STNI001.fmx,other,present_in_source_archive,not_found,fallback_rebuild_required,catalog_only,forms_index.tsv; 36 procedures; 8 triggers; 82 table indicators
STNR001.fmx,other,present_in_source_archive,not_found,fallback_rebuild_required,catalog_only,forms_index.tsv; 19 procedures; 3 triggers; 78 table indicators
STNR002.fmx,other,present_in_source_archive,not_found,fallback_rebuild_required,catalog_only,forms_index.tsv; 19 procedures; 3 triggers; 84 table indicators
STNR003.fmx,other,present_in_source_archive,not_found,fallback_rebuild_required,catalog_only,forms_index.tsv; 18 procedures; 3 triggers; 86 table indicators
STNR004.fmx,other,present_in_source_archive,not_found,fallback_rebuild_required,catalog_only,forms_index.tsv; 19 procedures; 3 triggers; 107 table indicators
STNR005.fmx,other,present_in_source_archive,not_found,fallback_rebuild_required,catalog_only,forms_index.tsv; 20 procedures; 3 triggers; 129 table indicators
STNS002.fmx,other,present_in_source_archive,not_found,fallback_rebuild_required,catalog_only,forms_index.tsv; 36 procedures; 8 triggers; 84 table indicators
STNS003.fmx,other,present_in_source_archive,not_found,fallback_rebuild_required,catalog_only,forms_index.tsv; 36 procedures; 8 triggers; 110 table indicators
STNS004.fmx,other,present_in_source_archive,not_found,fallback_rebuild_required,catalog_only,forms_index.tsv; 37 procedures; 8 triggers; 105 table indicators
STNT001.fmx,other,present_in_source_archive,not_found,fallback_rebuild_required,catalog_only,forms_index.tsv; 38 procedures; 8 triggers; 114 table indicators
STNT002.fmx,other,present_in_source_archive,not_found,fallback_rebuild_required,catalog_only,forms_index.tsv; 45 procedures; 10 triggers; 179 table indicators
STNT003.fmx,other,present_in_source_archive,not_found,fallback_rebuild_required,catalog_only,forms_index.tsv; 48 procedures; 10 triggers; 243 table indicators
STNT003_old.fmx,other,present_in_source_archive,not_found,fallback_rebuild_required,catalog_only,forms_index.tsv; 46 procedures; 10 triggers; 222 table indicators
STNT004.fmx,other,present_in_source_archive,not_found,fallback_rebuild_required,catalog_only,forms_index.tsv; 31 procedures; 14 triggers; 161 table indicators
TELEYEMEN_FNGI008.fmx,other,present_in_source_archive,not_found,fallback_rebuild_required,catalog_only,forms_index.tsv; 42 procedures; 8 triggers; 224 table indicators
YS_EMP_TRNS.fmx,other,present_in_source_archive,not_found,fallback_rebuild_required,catalog_only,forms_index.tsv; 19 procedures; 2 triggers; 46 table indicators
YS_EMP_UPD_DATA.fmx,other,present_in_source_archive,not_found,fallback_rebuild_required,catalog_only,forms_index.tsv; 41 procedures; 8 triggers; 117 table indicators
YS_FAS_FLTR.fmx,other,present_in_source_archive,not_found,fallback_rebuild_required,catalog_only,forms_index.tsv; 38 procedures; 10 triggers; 109 table indicators
YS_HRS_FLTR.fmx,other,present_in_source_archive,not_found,fallback_rebuild_required,catalog_only,forms_index.tsv; 38 procedures; 10 triggers; 109 table indicators
YS_ICODE_LOV.fmx,other,present_in_source_archive,not_found,fallback_rebuild_required,catalog_only,forms_index.tsv; 11 procedures; 0 triggers; 87 table indicators
YS_IMPXLS_EMP.fmx,other,present_in_source_archive,not_found,fallback_rebuild_required,catalog_only,forms_index.tsv; 38 procedures; 8 triggers; 102 table indicators
YS_IMPXLS_HRCHY.fmx,other,present_in_source_archive,not_found,fallback_rebuild_required,catalog_only,forms_index.tsv; 36 procedures; 8 triggers; 71 table indicators
activation_code.fmx,other,present_in_source_archive,not_found,fallback_rebuild_required,catalog_only,forms_index.tsv; 5 procedures; 1 triggers; 144 table indicators
fast090.fmx,GL/finance,present_in_source_archive,not_found,fallback_rebuild_required,catalog_only,forms_index.tsv; 47 procedures; 10 triggers; 178 table indicators
glsi007_acc_pj.fmx,GL/finance,present_in_source_archive,not_found,fallback_rebuild_required,catalog_only,forms_index.tsv; 36 procedures; 8 triggers; 82 table indicators
hrst0_11.fmx,HR,present_in_source_archive,not_found,fallback_rebuild_required,catalog_only,forms_index.tsv; 59 procedures; 10 triggers; 208 table indicators
jv_types.fmx,other,present_in_source_archive,not_found,fallback_rebuild_required,catalog_only,forms_index.tsv; 0 procedures; 0 triggers; 4 table indicators
mrpbom02.fmx,MRP/treasury,present_in_source_archive,not_found,fallback_rebuild_required,catalog_only,forms_index.tsv; 12 procedures; 0 triggers; 103 table indicators
mrpcrp22.fmx,MRP/treasury,present_in_source_archive,not_found,fallback_rebuild_required,catalog_only,forms_index.tsv; 8 procedures; 0 triggers; 31 table indicators
mrpmps03.fmx,MRP/treasury,present_in_source_archive,not_found,fallback_rebuild_required,catalog_only,forms_index.tsv; 11 procedures; 1 triggers; 73 table indicators
mrprepmps001.fmx,MRP/treasury,present_in_source_archive,not_found,fallback_rebuild_required,catalog_only,forms_index.tsv; 8 procedures; 0 triggers; 71 table indicators
mrprepmps0062.fmx,MRP/treasury,present_in_source_archive,not_found,fallback_rebuild_required,catalog_only,forms_index.tsv; 4 procedures; 0 triggers; 106 table indicators
mrprepsgs008.fmx,MRP/treasury,present_in_source_archive,not_found,fallback_rebuild_required,catalog_only,forms_index.tsv; 5 procedures; 0 triggers; 34 table indicators
mrprepsgs021.fmx,MRP/treasury,present_in_source_archive,not_found,fallback_rebuild_required,catalog_only,forms_index.tsv; 5 procedures; 0 triggers; 39 table indicators
mrpsgs05.fmx,MRP/treasury,present_in_source_archive,not_found,fallback_rebuild_required,catalog_only,forms_index.tsv; 5 procedures; 0 triggers; 44 table indicators
mrpsgs12.fmx,MRP/treasury,present_in_source_archive,not_found,fallback_rebuild_required,catalog_only,forms_index.tsv; 6 procedures; 0 triggers; 39 table indicators
mrpsgs21.fmx,MRP/treasury,present_in_source_archive,not_found,fallback_rebuild_required,catalog_only,forms_index.tsv; 7 procedures; 0 triggers; 61 table indicators
mtxacount.fmx,inventory/stock,present_in_source_archive,not_found,fallback_rebuild_required,catalog_only,forms_index.tsv; 4 procedures; 1 triggers; 34 table indicators
mtxbckrp01.fmx,inventory/stock,present_in_source_archive,not_found,fallback_rebuild_required,catalog_only,forms_index.tsv; 6 procedures; 0 triggers; 40 table indicators
mtxbckrp02.fmx,inventory/stock,present_in_source_archive,not_found,fallback_rebuild_required,catalog_only,forms_index.tsv; 6 procedures; 0 triggers; 41 table indicators
mtxbll002.fmx,inventory/stock,present_in_source_archive,not_found,fallback_rebuild_required,catalog_only,forms_index.tsv; 6 procedures; 1 triggers; 39 table indicators
mtxcckr02.fmx,inventory/stock,present_in_source_archive,not_found,fallback_rebuild_required,catalog_only,forms_index.tsv; 7 procedures; 0 triggers; 37 table indicators
mtxcod001.fmx,inventory/stock,present_in_source_archive,not_found,fallback_rebuild_required,catalog_only,forms_index.tsv; 6 procedures; 0 triggers; 29 table indicators
mtxcod002.fmx,inventory/stock,present_in_source_archive,not_found,fallback_rebuild_required,catalog_only,forms_index.tsv; 6 procedures; 0 triggers; 19 table indicators
mtxcod015.fmx,inventory/stock,present_in_source_archive,not_found,fallback_rebuild_required,catalog_only,forms_index.tsv; 6 procedures; 0 triggers; 24 table indicators
mtxcod017.fmx,inventory/stock,present_in_source_archive,not_found,fallback_rebuild_required,catalog_only,forms_index.tsv; 6 procedures; 1 triggers; 21 table indicators
mtxcod018.fmx,inventory/stock,present_in_source_archive,not_found,fallback_rebuild_required,catalog_only,forms_index.tsv; 6 procedures; 1 triggers; 19 table indicators
mtxcod020.fmx,inventory/stock,present_in_source_archive,not_found,fallback_rebuild_required,catalog_only,forms_index.tsv; 6 procedures; 1 triggers; 46 table indicators
mtxcsttr01.fmx,inventory/stock,present_in_source_archive,not_found,fallback_rebuild_required,catalog_only,forms_index.tsv; 8 procedures; 3 triggers; 47 table indicators
mtxcustr01.fmx,inventory/stock,present_in_source_archive,not_found,fallback_rebuild_required,catalog_only,forms_index.tsv; 8 procedures; 3 triggers; 52 table indicators
mtxdba002.fmx,inventory/stock,present_in_source_archive,not_found,fallback_rebuild_required,catalog_only,forms_index.tsv; 0 procedures; 0 triggers; 3 table indicators
mtxfeer03.fmx,inventory/stock,present_in_source_archive,not_found,fallback_rebuild_required,catalog_only,forms_index.tsv; 7 procedures; 0 triggers; 39 table indicators
mtxfeer04.fmx,inventory/stock,present_in_source_archive,not_found,fallback_rebuild_required,catalog_only,forms_index.tsv; 7 procedures; 0 triggers; 40 table indicators
mtxfeer05.fmx,inventory/stock,present_in_source_archive,not_found,fallback_rebuild_required,catalog_only,forms_index.tsv; 7 procedures; 0 triggers; 42 table indicators
mtxfeer06.fmx,inventory/stock,present_in_source_archive,not_found,fallback_rebuild_required,catalog_only,forms_index.tsv; 7 procedures; 0 triggers; 34 table indicators
mtxfeout01.fmx,inventory/stock,present_in_source_archive,not_found,fallback_rebuild_required,catalog_only,forms_index.tsv; 7 procedures; 0 triggers; 36 table indicators
mtxfil001.fmx,inventory/stock,present_in_source_archive,not_found,fallback_rebuild_required,catalog_only,forms_index.tsv; 6 procedures; 0 triggers; 37 table indicators
mtxgld002.fmx,inventory/stock,present_in_source_archive,not_found,fallback_rebuild_required,catalog_only,forms_index.tsv; 6 procedures; 0 triggers; 24 table indicators
mtxgld010.fmx,inventory/stock,present_in_source_archive,not_found,fallback_rebuild_required,catalog_only,forms_index.tsv; 10 procedures; 10 triggers; 100 table indicators
mtxgld011.fmx,inventory/stock,present_in_source_archive,not_found,fallback_rebuild_required,catalog_only,forms_index.tsv; 8 procedures; 6 triggers; 91 table indicators
mtxgld016.fmx,inventory/stock,present_in_source_archive,not_found,fallback_rebuild_required,catalog_only,forms_index.tsv; 9 procedures; 8 triggers; 140 table indicators
mtxgld022.fmx,inventory/stock,present_in_source_archive,not_found,fallback_rebuild_required,catalog_only,forms_index.tsv; 6 procedures; 0 triggers; 34 table indicators
mtxinr005.fmx,inventory/stock,present_in_source_archive,not_found,fallback_rebuild_required,catalog_only,forms_index.tsv; 6 procedures; 0 triggers; 41 table indicators
mtxinrep01.fmx,inventory/stock,present_in_source_archive,not_found,fallback_rebuild_required,catalog_only,forms_index.tsv; 7 procedures; 0 triggers; 35 table indicators
mtxinw001.fmx,inventory/stock,present_in_source_archive,not_found,fallback_rebuild_required,catalog_only,forms_index.tsv; 12 procedures; 7 triggers; 221 table indicators
mtxirp011.fmx,inventory/stock,present_in_source_archive,not_found,fallback_rebuild_required,catalog_only,forms_index.tsv; 6 procedures; 0 triggers; 27 table indicators
mtxirp015.fmx,inventory/stock,present_in_source_archive,not_found,fallback_rebuild_required,catalog_only,forms_index.tsv; 7 procedures; 0 triggers; 36 table indicators
mtxmnt005.fmx,inventory/stock,present_in_source_archive,not_found,fallback_rebuild_required,catalog_only,forms_index.tsv; 6 procedures; 5 triggers; 38 table indicators
mtxmnt006.fmx,inventory/stock,present_in_source_archive,not_found,fallback_rebuild_required,catalog_only,forms_index.tsv; 6 procedures; 1 triggers; 31 table indicators
mtxmnt009.fmx,inventory/stock,present_in_source_archive,not_found,fallback_rebuild_required,catalog_only,forms_index.tsv; 7 procedures; 3 triggers; 40 table indicators
mtxorp021.fmx,inventory/stock,present_in_source_archive,not_found,fallback_rebuild_required,catalog_only,forms_index.tsv; 6 procedures; 0 triggers; 42 table indicators
mtxout012.fmx,inventory/stock,present_in_source_archive,not_found,fallback_rebuild_required,catalog_only,forms_index.tsv; 6 procedures; 1 triggers; 59 table indicators
mtxout013.fmx,inventory/stock,present_in_source_archive,not_found,fallback_rebuild_required,catalog_only,forms_index.tsv; 6 procedures; 2 triggers; 49 table indicators
mtxoutr002.fmx,inventory/stock,present_in_source_archive,not_found,fallback_rebuild_required,catalog_only,forms_index.tsv; 6 procedures; 0 triggers; 39 table indicators
mtxprv001.fmx,inventory/stock,present_in_source_archive,not_found,fallback_rebuild_required,catalog_only,forms_index.tsv; 7 procedures; 0 triggers; 38 table indicators
mtxprv002.fmx,inventory/stock,present_in_source_archive,not_found,fallback_rebuild_required,catalog_only,forms_index.tsv; 7 procedures; 0 triggers; 32 table indicators
mtxrp43.fmx,inventory/stock,present_in_source_archive,not_found,fallback_rebuild_required,catalog_only,forms_index.tsv; 6 procedures; 0 triggers; 39 table indicators
mtxstp003.fmx,inventory/stock,present_in_source_archive,not_found,fallback_rebuild_required,catalog_only,forms_index.tsv; 7 procedures; 0 triggers; 71 table indicators
mtxstp004.fmx,inventory/stock,present_in_source_archive,not_found,fallback_rebuild_required,catalog_only,forms_index.tsv; 6 procedures; 1 triggers; 41 table indicators
mtxstp017.fmx,inventory/stock,present_in_source_archive,not_found,fallback_rebuild_required,catalog_only,forms_index.tsv; 6 procedures; 1 triggers; 50 table indicators
mtxstp029.fmx,inventory/stock,present_in_source_archive,not_found,fallback_rebuild_required,catalog_only,forms_index.tsv; 6 procedures; 2 triggers; 34 table indicators
mtxstp030.fmx,inventory/stock,present_in_source_archive,not_found,fallback_rebuild_required,catalog_only,forms_index.tsv; 6 procedures; 2 triggers; 41 table indicators
mtxstp031.fmx,inventory/stock,present_in_source_archive,not_found,fallback_rebuild_required,catalog_only,forms_index.tsv; 6 procedures; 1 triggers; 31 table indicators
mtxstp035.fmx,inventory/stock,present_in_source_archive,not_found,fallback_rebuild_required,catalog_only,forms_index.tsv; 6 procedures; 0 triggers; 36 table indicators
mtxstp037.fmx,inventory/stock,present_in_source_archive,not_found,fallback_rebuild_required,catalog_only,forms_index.tsv; 6 procedures; 0 triggers; 18 table indicators
mtxstpw035.fmx,inventory/stock,present_in_source_archive,not_found,fallback_rebuild_required,catalog_only,forms_index.tsv; 33 procedures; 8 triggers; 73 table indicators
mtxstr001.fmx,inventory/stock,present_in_source_archive,not_found,fallback_rebuild_required,catalog_only,forms_index.tsv; 8 procedures; 3 triggers; 48 table indicators
mtxtrs003.fmx,inventory/stock,present_in_source_archive,not_found,fallback_rebuild_required,catalog_only,forms_index.tsv; 10 procedures; 3 triggers; 67 table indicators
mtxtrv003.fmx,inventory/stock,present_in_source_archive,not_found,fallback_rebuild_required,catalog_only,forms_index.tsv; 6 procedures; 0 triggers; 34 table indicators
mtxusr002.fmx,inventory/stock,present_in_source_archive,not_found,fallback_rebuild_required,catalog_only,forms_index.tsv; 7 procedures; 3 triggers; 54 table indicators
mtxusr003.fmx,inventory/stock,present_in_source_archive,not_found,fallback_rebuild_required,catalog_only,forms_index.tsv; 7 procedures; 3 triggers; 50 table indicators
mtxusr004.fmx,inventory/stock,present_in_source_archive,not_found,fallback_rebuild_required,catalog_only,forms_index.tsv; 6 procedures; 1 triggers; 43 table indicators
mtxusr005.fmx,inventory/stock,present_in_source_archive,not_found,fallback_rebuild_required,catalog_only,forms_index.tsv; 6 procedures; 0 triggers; 35 table indicators
mtxwst001.fmx,inventory/stock,present_in_source_archive,not_found,fallback_rebuild_required,catalog_only,forms_index.tsv; 6 procedures; 0 triggers; 26 table indicators
mtxwst0011.fmx,inventory/stock,present_in_source_archive,not_found,fallback_rebuild_required,catalog_only,forms_index.tsv; 6 procedures; 0 triggers; 23 table indicators
mtxxch001.fmx,inventory/stock,present_in_source_archive,not_found,fallback_rebuild_required,catalog_only,forms_index.tsv; 14 procedures; 7 triggers; 148 table indicators
mtxxch003.fmx,inventory/stock,present_in_source_archive,not_found,fallback_rebuild_required,catalog_only,forms_index.tsv; 8 procedures; 0 triggers; 40 table indicators
mtxxch004.fmx,inventory/stock,present_in_source_archive,not_found,fallback_rebuild_required,catalog_only,forms_index.tsv; 6 procedures; 0 triggers; 44 table indicators
mtxxch007.fmx,inventory/stock,present_in_source_archive,not_found,fallback_rebuild_required,catalog_only,forms_index.tsv; 6 procedures; 1 triggers; 30 table indicators
mtxxch093.fmx,inventory/stock,present_in_source_archive,not_found,fallback_rebuild_required,catalog_only,forms_index.tsv; 6 procedures; 0 triggers; 43 table indicators
mtxxrp013.fmx,inventory/stock,present_in_source_archive,not_found,fallback_rebuild_required,catalog_only,forms_index.tsv; 6 procedures; 0 triggers; 37 table indicators
rep2excel.fmx,reports,present_in_source_archive,not_found,fallback_rebuild_required,catalog_only,forms_index.tsv; 0 procedures; 0 triggers; 7 table indicators
tabent.fmx,other,present_in_source_archive,not_found,fallback_rebuild_required,catalog_only,forms_index.tsv; 0 procedures; 0 triggers; 3 table indicators
tafkeet.fmx,other,present_in_source_archive,not_found,fallback_rebuild_required,catalog_only,forms_index.tsv; 0 procedures; 0 triggers; 30 table indicators
بADMT022.fmx,other,present_in_source_archive,not_found,fallback_rebuild_required,catalog_only,forms_index.tsv; 250 procedures; 12 triggers; 936 table indicators
ببADMT022.fmx,other,present_in_source_archive,not_found,fallback_rebuild_required,catalog_only,forms_index.tsv; 248 procedures; 12 triggers; 961 table indicators
