window,kind,name,evidence,implementation_status,source_needed
ADMT027.fmx,procedure,ADD_PROC,focus_forms/ADMT027.fmx.md,specification_only,FMB/PLL/PKB
ADMT027.fmx,procedure,B4SAVE_PRC,focus_forms/ADMT027.fmx.md,specification_only,FMB/PLL/PKB
ADMT027.fmx,procedure,BGT_PKG,focus_forms/ADMT027.fmx.md,specification_only,FMB/PLL/PKB
ADMT027.fmx,procedure,CHK_B4SAVE_DTL_PRC,focus_forms/ADMT027.fmx.md,specification_only,FMB/PLL/PKB
ADMT027.fmx,procedure,CHK_B4SAVE_MST_PRC,focus_forms/ADMT027.fmx.md,specification_only,FMB/PLL/PKB
ADMT027.fmx,procedure,CREATE_VIEW_MULTI_YEAR_PRC,focus_forms/ADMT027.fmx.md,specification_only,FMB/PLL/PKB
ADMT027.fmx,procedure,DELETE_PROC,focus_forms/ADMT027.fmx.md,specification_only,FMB/PLL/PKB
ADMT027.fmx,procedure,DEL_DET_REC_PRC,focus_forms/ADMT027.fmx.md,specification_only,FMB/PLL/PKB
ADMT027.fmx,procedure,DIS_ENA_CONS_FK_PRC,focus_forms/ADMT027.fmx.md,specification_only,FMB/PLL/PKB
ADMT027.fmx,procedure,DTS_COMMENT_PKG,focus_forms/ADMT027.fmx.md,specification_only,FMB/PLL/PKB
ADMT027.fmx,procedure,DTS_CONSTRAINT_PKG,focus_forms/ADMT027.fmx.md,specification_only,FMB/PLL/PKB
ADMT027.fmx,procedure,DTS_FUNCTION_PKG,focus_forms/ADMT027.fmx.md,specification_only,FMB/PLL/PKB
ADMT027.fmx,procedure,DTS_INDEX_PKG,focus_forms/ADMT027.fmx.md,specification_only,FMB/PLL/PKB
ADMT027.fmx,procedure,DTS_INSRT_DATA_PKG,focus_forms/ADMT027.fmx.md,specification_only,FMB/PLL/PKB
ADMT027.fmx,procedure,DTS_INSRT_FORM_DTL_PKG,focus_forms/ADMT027.fmx.md,specification_only,FMB/PLL/PKB
ADMT027.fmx,procedure,DTS_PACKAGE_PKG,focus_forms/ADMT027.fmx.md,specification_only,FMB/PLL/PKB
ADMT027.fmx,procedure,DTS_PROCEDURE_PKG,focus_forms/ADMT027.fmx.md,specification_only,FMB/PLL/PKB
ADMT027.fmx,procedure,DTS_SEQUENCE_PKG,focus_forms/ADMT027.fmx.md,specification_only,FMB/PLL/PKB
ADMT027.fmx,procedure,DTS_SYNONYM_PKG,focus_forms/ADMT027.fmx.md,specification_only,FMB/PLL/PKB
ADMT027.fmx,procedure,DTS_TABLE_FILED_PKG,focus_forms/ADMT027.fmx.md,specification_only,FMB/PLL/PKB
ADMT027.fmx,procedure,DTS_TABLE_PKG,focus_forms/ADMT027.fmx.md,specification_only,FMB/PLL/PKB
ADMT027.fmx,procedure,DTS_TRIGGER_PKG,focus_forms/ADMT027.fmx.md,specification_only,FMB/PLL/PKB
ADMT027.fmx,procedure,DTS_VIEW_PKG,focus_forms/ADMT027.fmx.md,specification_only,FMB/PLL/PKB
ADMT027.fmx,procedure,ENA_DIS_ITM_PRC,focus_forms/ADMT027.fmx.md,specification_only,FMB/PLL/PKB
ADMT027.fmx,procedure,EXIT_PROC,focus_forms/ADMT027.fmx.md,specification_only,FMB/PLL/PKB
ADMT027.fmx,procedure,FAS_COMMENT_PKG,focus_forms/ADMT027.fmx.md,specification_only,FMB/PLL/PKB
ADMT027.fmx,procedure,FAS_CONSTRAINT_PKG,focus_forms/ADMT027.fmx.md,specification_only,FMB/PLL/PKB
ADMT027.fmx,procedure,FAS_FUNCTION_PKG,focus_forms/ADMT027.fmx.md,specification_only,FMB/PLL/PKB
ADMT027.fmx,procedure,FAS_INDEX_PKG,focus_forms/ADMT027.fmx.md,specification_only,FMB/PLL/PKB
ADMT027.fmx,procedure,FAS_INSRT_DATA_PKG,focus_forms/ADMT027.fmx.md,specification_only,FMB/PLL/PKB
ADMT027.fmx,procedure,FAS_INSRT_FORM_DTL_PKG,focus_forms/ADMT027.fmx.md,specification_only,FMB/PLL/PKB
ADMT027.fmx,procedure,FAS_PACKAGE_PKG,focus_forms/ADMT027.fmx.md,specification_only,FMB/PLL/PKB
ADMT027.fmx,procedure,FAS_PROCEDURE_PKG,focus_forms/ADMT027.fmx.md,specification_only,FMB/PLL/PKB
ADMT027.fmx,procedure,FAS_SEQUENCE_PKG,focus_forms/ADMT027.fmx.md,specification_only,FMB/PLL/PKB
ADMT027.fmx,procedure,FAS_SYNONYM_PKG,focus_forms/ADMT027.fmx.md,specification_only,FMB/PLL/PKB
ADMT027.fmx,procedure,FAS_TABLE_FILED_PKG,focus_forms/ADMT027.fmx.md,specification_only,FMB/PLL/PKB
ADMT027.fmx,procedure,FAS_TABLE_PKG,focus_forms/ADMT027.fmx.md,specification_only,FMB/PLL/PKB
ADMT027.fmx,procedure,FAS_TRIGGER_PKG,focus_forms/ADMT027.fmx.md,specification_only,FMB/PLL/PKB
ADMT027.fmx,procedure,FAS_VIEW_PKG,focus_forms/ADMT027.fmx.md,specification_only,FMB/PLL/PKB
ADMT027.fmx,procedure,FILL_ALL_LIST_PRC,focus_forms/ADMT027.fmx.md,specification_only,FMB/PLL/PKB
ADMT027.fmx,procedure,FMS_COMMENT_PKG,focus_forms/ADMT027.fmx.md,specification_only,FMB/PLL/PKB
ADMT027.fmx,procedure,FMS_CONSTRAINT_PKG,focus_forms/ADMT027.fmx.md,specification_only,FMB/PLL/PKB
ADMT027.fmx,procedure,FMS_FUNCTION_PKG,focus_forms/ADMT027.fmx.md,specification_only,FMB/PLL/PKB
ADMT027.fmx,procedure,FMS_INDEX_PKG,focus_forms/ADMT027.fmx.md,specification_only,FMB/PLL/PKB
ADMT027.fmx,procedure,FMS_INSRT_DATA_PKG,focus_forms/ADMT027.fmx.md,specification_only,FMB/PLL/PKB
ADMT027.fmx,procedure,FMS_INSRT_FORM_DTL_PKG,focus_forms/ADMT027.fmx.md,specification_only,FMB/PLL/PKB
ADMT027.fmx,procedure,FMS_PACKAGE_PKG,focus_forms/ADMT027.fmx.md,specification_only,FMB/PLL/PKB
ADMT027.fmx,procedure,FMS_PROCEDURE_PKG,focus_forms/ADMT027.fmx.md,specification_only,FMB/PLL/PKB
ADMT027.fmx,procedure,FMS_SEQUENCE_PKG,focus_forms/ADMT027.fmx.md,specification_only,FMB/PLL/PKB
ADMT027.fmx,procedure,FMS_SYNONYM_PKG,focus_forms/ADMT027.fmx.md,specification_only,FMB/PLL/PKB
ADMT027.fmx,procedure,FMS_TABLE_FILED_PKG,focus_forms/ADMT027.fmx.md,specification_only,FMB/PLL/PKB
ADMT027.fmx,procedure,FMS_TABLE_PKG,focus_forms/ADMT027.fmx.md,specification_only,FMB/PLL/PKB
ADMT027.fmx,procedure,FMS_TRIGGER_PKG,focus_forms/ADMT027.fmx.md,specification_only,FMB/PLL/PKB
ADMT027.fmx,procedure,FMS_VIEW_PKG,focus_forms/ADMT027.fmx.md,specification_only,FMB/PLL/PKB
ADMT027.fmx,procedure,FNG_COMMENT_PKG,focus_forms/ADMT027.fmx.md,specification_only,FMB/PLL/PKB
ADMT027.fmx,procedure,FNG_CONSTRAINT_PKG,focus_forms/ADMT027.fmx.md,specification_only,FMB/PLL/PKB
ADMT027.fmx,procedure,FNG_FUNCTION_PKG,focus_forms/ADMT027.fmx.md,specification_only,FMB/PLL/PKB
ADMT027.fmx,procedure,FNG_INDEX_PKG,focus_forms/ADMT027.fmx.md,specification_only,FMB/PLL/PKB
ADMT027.fmx,procedure,FNG_INSRT_DATA_PKG,focus_forms/ADMT027.fmx.md,specification_only,FMB/PLL/PKB
ADMT027.fmx,procedure,FNG_INSRT_FORM_DTL_PKG,focus_forms/ADMT027.fmx.md,specification_only,FMB/PLL/PKB
ADMT027.fmx,procedure,FNG_PACKAGE_PKG,focus_forms/ADMT027.fmx.md,specification_only,FMB/PLL/PKB
ADMT027.fmx,procedure,FNG_PROCEDURE_PKG,focus_forms/ADMT027.fmx.md,specification_only,FMB/PLL/PKB
ADMT027.fmx,procedure,FNG_SEQUENCE_PKG,focus_forms/ADMT027.fmx.md,specification_only,FMB/PLL/PKB
ADMT027.fmx,procedure,FNG_SYNONYM_PKG,focus_forms/ADMT027.fmx.md,specification_only,FMB/PLL/PKB
ADMT027.fmx,procedure,FNG_TABLE_FILED_PKG,focus_forms/ADMT027.fmx.md,specification_only,FMB/PLL/PKB
ADMT027.fmx,procedure,FNG_TABLE_PKG,focus_forms/ADMT027.fmx.md,specification_only,FMB/PLL/PKB
ADMT027.fmx,procedure,FNG_TRIGGER_PKG,focus_forms/ADMT027.fmx.md,specification_only,FMB/PLL/PKB
ADMT027.fmx,procedure,FNG_VIEW_PKG,focus_forms/ADMT027.fmx.md,specification_only,FMB/PLL/PKB
ADMT027.fmx,procedure,GEN_PKG,focus_forms/ADMT027.fmx.md,specification_only,FMB/PLL/PKB
ADMT027.fmx,procedure,GET_TYPE_NM_FNC,focus_forms/ADMT027.fmx.md,specification_only,FMB/PLL/PKB
ADMT027.fmx,procedure,GLS_COMMENT_PKG,focus_forms/ADMT027.fmx.md,specification_only,FMB/PLL/PKB
ADMT027.fmx,procedure,GLS_CONSTRAINT_PKG,focus_forms/ADMT027.fmx.md,specification_only,FMB/PLL/PKB
ADMT027.fmx,procedure,GLS_FUNCTION_PKG,focus_forms/ADMT027.fmx.md,specification_only,FMB/PLL/PKB
ADMT027.fmx,procedure,GLS_INDEX_PKG,focus_forms/ADMT027.fmx.md,specification_only,FMB/PLL/PKB
ADMT027.fmx,procedure,GLS_INSRT_DATA_PKG,focus_forms/ADMT027.fmx.md,specification_only,FMB/PLL/PKB
ADMT027.fmx,procedure,GLS_INSRT_FORM_DTL_PKG,focus_forms/ADMT027.fmx.md,specification_only,FMB/PLL/PKB
ADMT027.fmx,procedure,GLS_PACKAGE_PKG,focus_forms/ADMT027.fmx.md,specification_only,FMB/PLL/PKB
ADMT027.fmx,procedure,GLS_PROCEDURE_PKG,focus_forms/ADMT027.fmx.md,specification_only,FMB/PLL/PKB
ADMT027.fmx,procedure,GLS_SEQUENCE_PKG,focus_forms/ADMT027.fmx.md,specification_only,FMB/PLL/PKB
ADMT027.fmx,procedure,GLS_SYNONYM_PKG,focus_forms/ADMT027.fmx.md,specification_only,FMB/PLL/PKB
ADMT027.fmx,procedure,GLS_TABLE_FILED_PKG,focus_forms/ADMT027.fmx.md,specification_only,FMB/PLL/PKB
ADMT027.fmx,procedure,GLS_TABLE_PKG,focus_forms/ADMT027.fmx.md,specification_only,FMB/PLL/PKB
ADMT027.fmx,procedure,GLS_TRIGGER_PKG,focus_forms/ADMT027.fmx.md,specification_only,FMB/PLL/PKB
ADMT027.fmx,procedure,GLS_VIEW_PKG,focus_forms/ADMT027.fmx.md,specification_only,FMB/PLL/PKB
ADMT027.fmx,procedure,HRS_AFR_PKG,focus_forms/ADMT027.fmx.md,specification_only,FMB/PLL/PKB
ADMT027.fmx,procedure,HRS_ARTCL_PKG,focus_forms/ADMT027.fmx.md,specification_only,FMB/PLL/PKB
ADMT027.fmx,procedure,HRS_COMMENT_PKG,focus_forms/ADMT027.fmx.md,specification_only,FMB/PLL/PKB
ADMT027.fmx,procedure,HRS_CONSTRAINT_PKG,focus_forms/ADMT027.fmx.md,specification_only,FMB/PLL/PKB
ADMT027.fmx,procedure,HRS_FUNCTION_PKG,focus_forms/ADMT027.fmx.md,specification_only,FMB/PLL/PKB
ADMT027.fmx,procedure,HRS_GNR_PKG,focus_forms/ADMT027.fmx.md,specification_only,FMB/PLL/PKB
ADMT027.fmx,procedure,HRS_INDEX_PKG,focus_forms/ADMT027.fmx.md,specification_only,FMB/PLL/PKB
ADMT027.fmx,procedure,HRS_INSRT_DATA_PKG,focus_forms/ADMT027.fmx.md,specification_only,FMB/PLL/PKB
ADMT027.fmx,procedure,HRS_INSRT_FORM_DTL_PKG,focus_forms/ADMT027.fmx.md,specification_only,FMB/PLL/PKB
ADMT027.fmx,procedure,HRS_MDCL_PKG,focus_forms/ADMT027.fmx.md,specification_only,FMB/PLL/PKB
ADMT027.fmx,procedure,HRS_PACKAGE_PKG,focus_forms/ADMT027.fmx.md,specification_only,FMB/PLL/PKB
ADMT027.fmx,procedure,HRS_PROCEDURE_PKG,focus_forms/ADMT027.fmx.md,specification_only,FMB/PLL/PKB
ADMT027.fmx,procedure,HRS_SEQUENCE_PKG,focus_forms/ADMT027.fmx.md,specification_only,FMB/PLL/PKB
ADMT027.fmx,procedure,HRS_SYNONYM_PKG,focus_forms/ADMT027.fmx.md,specification_only,FMB/PLL/PKB
ADMT027.fmx,procedure,HRS_TABLE_FILED_PKG,focus_forms/ADMT027.fmx.md,specification_only,FMB/PLL/PKB
ADMT027.fmx,procedure,HRS_TABLE_PKG,focus_forms/ADMT027.fmx.md,specification_only,FMB/PLL/PKB
ADMT027.fmx,procedure,HRS_TRIGGER_PKG,focus_forms/ADMT027.fmx.md,specification_only,FMB/PLL/PKB
ADMT027.fmx,procedure,HRS_VIEW_PKG,focus_forms/ADMT027.fmx.md,specification_only,FMB/PLL/PKB
ADMT027.fmx,procedure,IAS_ACODE_PKG,focus_forms/ADMT027.fmx.md,specification_only,FMB/PLL/PKB
ADMT027.fmx,procedure,IAS_AUD_SYS_PKG,focus_forms/ADMT027.fmx.md,specification_only,FMB/PLL/PKB
ADMT027.fmx,procedure,IAS_BRN_PKG,focus_forms/ADMT027.fmx.md,specification_only,FMB/PLL/PKB
ADMT027.fmx,procedure,IAS_CC_CODE_PKG,focus_forms/ADMT027.fmx.md,specification_only,FMB/PLL/PKB
ADMT027.fmx,procedure,IAS_CHECKDATA_AR_PRC,focus_forms/ADMT027.fmx.md,specification_only,FMB/PLL/PKB
ADMT027.fmx,procedure,IAS_CHECKDATA_AR_PRCIAS20142IAS_CHECKDATA_AR_PRC,focus_forms/ADMT027.fmx.md,specification_only,FMB/PLL/PKB
ADMT027.fmx,procedure,IAS_CHECK_DBS_PKG,focus_forms/ADMT027.fmx.md,specification_only,FMB/PLL/PKB
ADMT027.fmx,procedure,IAS_CLOSING_YEAR_PKG,focus_forms/ADMT027.fmx.md,specification_only,FMB/PLL/PKB
ADMT027.fmx,procedure,IAS_CSHBNK_PKG,focus_forms/ADMT027.fmx.md,specification_only,FMB/PLL/PKB
ADMT027.fmx,procedure,IAS_CST_PKG,focus_forms/ADMT027.fmx.md,specification_only,FMB/PLL/PKB
ADMT027.fmx,procedure,IAS_DBS_SYS_PKG,focus_forms/ADMT027.fmx.md,specification_only,FMB/PLL/PKB
ADMT027.fmx,procedure,IAS_GEN_PKG,focus_forms/ADMT027.fmx.md,specification_only,FMB/PLL/PKB
ADMT027.fmx,procedure,IAS_GET_ALL_FLD_TBL_FNC,focus_forms/ADMT027.fmx.md,specification_only,FMB/PLL/PKB
ADMT027.fmx,procedure,IAS_GET_ENC_PASS_FNC,focus_forms/ADMT027.fmx.md,specification_only,FMB/PLL/PKB
ADMT027.fmx,procedure,IAS_GET_ENC_PASS_FNCIAS20142IAS_GET_ENC_PASS_FNC,focus_forms/ADMT027.fmx.md,specification_only,FMB/PLL/PKB
ADMT027.fmx,procedure,IAS_INSRT_OB_POST_PRC,focus_forms/ADMT027.fmx.md,specification_only,FMB/PLL/PKB
ADMT027.fmx,procedure,IAS_ITM_PKG,focus_forms/ADMT027.fmx.md,specification_only,FMB/PLL/PKB
ADMT027.fmx,procedure,IAS_MND_CSHBNK_PKG,focus_forms/ADMT027.fmx.md,specification_only,FMB/PLL/PKB
ADMT027.fmx,procedure,IAS_MND_CSTVND_PKG,focus_forms/ADMT027.fmx.md,specification_only,FMB/PLL/PKB
ADMT027.fmx,procedure,IAS_MND_VNDTRNS_PKG,focus_forms/ADMT027.fmx.md,specification_only,FMB/PLL/PKB
ADMT027.fmx,procedure,IAS_PJ_PKG,focus_forms/ADMT027.fmx.md,specification_only,FMB/PLL/PKB
ADMT027.fmx,procedure,IAS_USR_PKG,focus_forms/ADMT027.fmx.md,specification_only,FMB/PLL/PKB
ADMT027.fmx,procedure,IAS_VNDR_PKG,focus_forms/ADMT027.fmx.md,specification_only,FMB/PLL/PKB
ADMT027.fmx,procedure,IAS_WCODE_PKG,focus_forms/ADMT027.fmx.md,specification_only,FMB/PLL/PKB
ADMT027.fmx,procedure,INSRT_LIST_PRC,focus_forms/ADMT027.fmx.md,specification_only,FMB/PLL/PKB
ADMT027.fmx,procedure,INSRT_LOV_PRC,focus_forms/ADMT027.fmx.md,specification_only,FMB/PLL/PKB
ADMT027.fmx,procedure,INSRT_SFLAGS_PRC,focus_forms/ADMT027.fmx.md,specification_only,FMB/PLL/PKB
ADMT027.fmx,procedure,LIST_PROC,focus_forms/ADMT027.fmx.md,specification_only,FMB/PLL/PKB
ADMT027.fmx,procedure,LOV_TRG,focus_forms/ADMT027.fmx.md,specification_only,FMB/PLL/PKB
ADMT027.fmx,procedure,LST_APPRVD_SCREEN,focus_forms/ADMT027.fmx.md,specification_only,FMB/PLL/PKB
ADMT027.fmx,procedure,LYSERP_LIB,focus_forms/ADMT027.fmx.md,specification_only,FMB/PLL/PKB
ADMT027.fmx,procedure,MRP_COMMENT_PKG,focus_forms/ADMT027.fmx.md,specification_only,FMB/PLL/PKB
ADMT027.fmx,procedure,MRP_CONSTRAINT_PKG,focus_forms/ADMT027.fmx.md,specification_only,FMB/PLL/PKB
ADMT027.fmx,procedure,MRP_FUNCTION_PKG,focus_forms/ADMT027.fmx.md,specification_only,FMB/PLL/PKB
ADMT027.fmx,procedure,MRP_INDEX_PKG,focus_forms/ADMT027.fmx.md,specification_only,FMB/PLL/PKB
ADMT027.fmx,procedure,MRP_INSRT_DATA_PKG,focus_forms/ADMT027.fmx.md,specification_only,FMB/PLL/PKB
ADMT027.fmx,procedure,MRP_INSRT_FORM_DTL_PKG,focus_forms/ADMT027.fmx.md,specification_only,FMB/PLL/PKB
ADMT027.fmx,procedure,MRP_PACKAGE_PKG,focus_forms/ADMT027.fmx.md,specification_only,FMB/PLL/PKB
ADMT027.fmx,procedure,MRP_PROCEDURE_PKG,focus_forms/ADMT027.fmx.md,specification_only,FMB/PLL/PKB
ADMT027.fmx,procedure,MRP_SEQUENCE_PKG,focus_forms/ADMT027.fmx.md,specification_only,FMB/PLL/PKB
ADMT027.fmx,procedure,MRP_SYNONYM_PKG,focus_forms/ADMT027.fmx.md,specification_only,FMB/PLL/PKB
ADMT027.fmx,procedure,MRP_TABLE_FILED_PKG,focus_forms/ADMT027.fmx.md,specification_only,FMB/PLL/PKB
ADMT027.fmx,procedure,MRP_TABLE_PKG,focus_forms/ADMT027.fmx.md,specification_only,FMB/PLL/PKB
ADMT027.fmx,procedure,MRP_TRIGGER_PKG,focus_forms/ADMT027.fmx.md,specification_only,FMB/PLL/PKB
ADMT027.fmx,procedure,MRP_VIEW_PKG,focus_forms/ADMT027.fmx.md,specification_only,FMB/PLL/PKB
ADMT027.fmx,procedure,MTX_COMMENT_PKG,focus_forms/ADMT027.fmx.md,specification_only,FMB/PLL/PKB
ADMT027.fmx,procedure,MTX_CONSTRAINT_PKG,focus_forms/ADMT027.fmx.md,specification_only,FMB/PLL/PKB
ADMT027.fmx,procedure,MTX_FUNCTION_PKG,focus_forms/ADMT027.fmx.md,specification_only,FMB/PLL/PKB
ADMT027.fmx,procedure,MTX_INDEX_PKG,focus_forms/ADMT027.fmx.md,specification_only,FMB/PLL/PKB
ADMT027.fmx,procedure,MTX_INSRT_DATA_PKG,focus_forms/ADMT027.fmx.md,specification_only,FMB/PLL/PKB
ADMT027.fmx,procedure,MTX_INSRT_FORM_DTL_PKG,focus_forms/ADMT027.fmx.md,specification_only,FMB/PLL/PKB
ADMT027.fmx,procedure,MTX_PACKAGE_PKG,focus_forms/ADMT027.fmx.md,specification_only,FMB/PLL/PKB
ADMT027.fmx,procedure,MTX_PROCEDURE_PKG,focus_forms/ADMT027.fmx.md,specification_only,FMB/PLL/PKB
ADMT027.fmx,procedure,MTX_SEQUENCE_PKG,focus_forms/ADMT027.fmx.md,specification_only,FMB/PLL/PKB
ADMT027.fmx,procedure,MTX_SYNONYM_PKG,focus_forms/ADMT027.fmx.md,specification_only,FMB/PLL/PKB
ADMT027.fmx,procedure,MTX_TABLE_FILED_PKG,focus_forms/ADMT027.fmx.md,specification_only,FMB/PLL/PKB
ADMT027.fmx,procedure,MTX_TABLE_PKG,focus_forms/ADMT027.fmx.md,specification_only,FMB/PLL/PKB
ADMT027.fmx,procedure,MTX_TRIGGER_PKG,focus_forms/ADMT027.fmx.md,specification_only,FMB/PLL/PKB
ADMT027.fmx,procedure,MTX_VIEW_PKG,focus_forms/ADMT027.fmx.md,specification_only,FMB/PLL/PKB
ADMT027.fmx,procedure,PMS_COMMENT_PKG,focus_forms/ADMT027.fmx.md,specification_only,FMB/PLL/PKB
ADMT027.fmx,procedure,PMS_CONSTRAINT_PKG,focus_forms/ADMT027.fmx.md,specification_only,FMB/PLL/PKB
ADMT027.fmx,procedure,PMS_FUNCTION_PKG,focus_forms/ADMT027.fmx.md,specification_only,FMB/PLL/PKB
ADMT027.fmx,procedure,PMS_INDEX_PKG,focus_forms/ADMT027.fmx.md,specification_only,FMB/PLL/PKB
ADMT027.fmx,procedure,PMS_INSRT_DATA_PKG,focus_forms/ADMT027.fmx.md,specification_only,FMB/PLL/PKB
ADMT027.fmx,procedure,PMS_INSRT_FORM_DTL_PKG,focus_forms/ADMT027.fmx.md,specification_only,FMB/PLL/PKB
ADMT027.fmx,procedure,PMS_PACKAGE_PKG,focus_forms/ADMT027.fmx.md,specification_only,FMB/PLL/PKB
ADMT027.fmx,procedure,PMS_PROCEDURE_PKG,focus_forms/ADMT027.fmx.md,specification_only,FMB/PLL/PKB
ADMT027.fmx,procedure,PMS_SEQUENCE_PKG,focus_forms/ADMT027.fmx.md,specification_only,FMB/PLL/PKB
ADMT027.fmx,procedure,PMS_SYNONYM_PKG,focus_forms/ADMT027.fmx.md,specification_only,FMB/PLL/PKB
ADMT027.fmx,procedure,PMS_TABLE_FILED_PKG,focus_forms/ADMT027.fmx.md,specification_only,FMB/PLL/PKB
ADMT027.fmx,procedure,PMS_TABLE_PKG,focus_forms/ADMT027.fmx.md,specification_only,FMB/PLL/PKB
ADMT027.fmx,procedure,PMS_TRIGGER_PKG,focus_forms/ADMT027.fmx.md,specification_only,FMB/PLL/PKB
ADMT027.fmx,procedure,PMS_VIEW_PKG,focus_forms/ADMT027.fmx.md,specification_only,FMB/PLL/PKB
ADMT027.fmx,procedure,POST_FORMS_COMMIT_PRC,focus_forms/ADMT027.fmx.md,specification_only,FMB/PLL/PKB
ADMT027.fmx,procedure,PRE_FORM_PRC,focus_forms/ADMT027.fmx.md,specification_only,FMB/PLL/PKB
ADMT027.fmx,procedure,PRINT_PROC,focus_forms/ADMT027.fmx.md,specification_only,FMB/PLL/PKB
ADMT027.fmx,procedure,REM_COMMENT_PKG,focus_forms/ADMT027.fmx.md,specification_only,FMB/PLL/PKB
ADMT027.fmx,procedure,REM_CONSTRAINT_PKG,focus_forms/ADMT027.fmx.md,specification_only,FMB/PLL/PKB
ADMT027.fmx,procedure,REM_FUNCTION_PKG,focus_forms/ADMT027.fmx.md,specification_only,FMB/PLL/PKB
ADMT027.fmx,procedure,REM_INDEX_PKG,focus_forms/ADMT027.fmx.md,specification_only,FMB/PLL/PKB
ADMT027.fmx,procedure,REM_INSRT_DATA_PKG,focus_forms/ADMT027.fmx.md,specification_only,FMB/PLL/PKB
ADMT027.fmx,procedure,REM_INSRT_FORM_DTL_PKG,focus_forms/ADMT027.fmx.md,specification_only,FMB/PLL/PKB
ADMT027.fmx,procedure,REM_PACKAGE_PKG,focus_forms/ADMT027.fmx.md,specification_only,FMB/PLL/PKB
ADMT027.fmx,procedure,REM_PROCEDURE_PKG,focus_forms/ADMT027.fmx.md,specification_only,FMB/PLL/PKB
ADMT027.fmx,procedure,REM_SEQUENCE_PKG,focus_forms/ADMT027.fmx.md,specification_only,FMB/PLL/PKB
ADMT027.fmx,procedure,REM_SYNONYM_PKG,focus_forms/ADMT027.fmx.md,specification_only,FMB/PLL/PKB
ADMT027.fmx,procedure,REM_TABLE_FILED_PKG,focus_forms/ADMT027.fmx.md,specification_only,FMB/PLL/PKB
ADMT027.fmx,procedure,REM_TABLE_PKG,focus_forms/ADMT027.fmx.md,specification_only,FMB/PLL/PKB
ADMT027.fmx,procedure,REM_TRIGGER_PKG,focus_forms/ADMT027.fmx.md,specification_only,FMB/PLL/PKB
ADMT027.fmx,procedure,REM_VIEW_PKG,focus_forms/ADMT027.fmx.md,specification_only,FMB/PLL/PKB
ADMT027.fmx,procedure,RE_CRT_TRIGR_AUD_PRC,focus_forms/ADMT027.fmx.md,specification_only,FMB/PLL/PKB
ADMT027.fmx,procedure,SAVE_PROC,focus_forms/ADMT027.fmx.md,specification_only,FMB/PLL/PKB
ADMT027.fmx,procedure,SET_POS_PRC,focus_forms/ADMT027.fmx.md,specification_only,FMB/PLL/PKB
ADMT027.fmx,procedure,SHL_COMMENT_PKG,focus_forms/ADMT027.fmx.md,specification_only,FMB/PLL/PKB
ADMT027.fmx,procedure,SHL_CONSTRAINT_PKG,focus_forms/ADMT027.fmx.md,specification_only,FMB/PLL/PKB
ADMT027.fmx,procedure,SHL_FUNCTION_PKG,focus_forms/ADMT027.fmx.md,specification_only,FMB/PLL/PKB
ADMT027.fmx,procedure,SHL_INDEX_PKG,focus_forms/ADMT027.fmx.md,specification_only,FMB/PLL/PKB
ADMT027.fmx,procedure,SHL_INSRT_DATA_PKG,focus_forms/ADMT027.fmx.md,specification_only,FMB/PLL/PKB
ADMT027.fmx,procedure,SHL_INSRT_FORM_DTL_PKG,focus_forms/ADMT027.fmx.md,specification_only,FMB/PLL/PKB
ADMT027.fmx,procedure,SHL_PACKAGE_PKG,focus_forms/ADMT027.fmx.md,specification_only,FMB/PLL/PKB
ADMT027.fmx,procedure,SHL_PROCEDURE_PKG,focus_forms/ADMT027.fmx.md,specification_only,FMB/PLL/PKB
ADMT027.fmx,procedure,SHL_SEQUENCE_PKG,focus_forms/ADMT027.fmx.md,specification_only,FMB/PLL/PKB
ADMT027.fmx,procedure,SHL_SYNONYM_PKG,focus_forms/ADMT027.fmx.md,specification_only,FMB/PLL/PKB
ADMT027.fmx,procedure,SHL_TABLE_FILED_PKG,focus_forms/ADMT027.fmx.md,specification_only,FMB/PLL/PKB
ADMT027.fmx,procedure,SHL_TABLE_PKG,focus_forms/ADMT027.fmx.md,specification_only,FMB/PLL/PKB
ADMT027.fmx,procedure,SHL_TRIGGER_PKG,focus_forms/ADMT027.fmx.md,specification_only,FMB/PLL/PKB
ADMT027.fmx,procedure,SHL_VIEW_PKG,focus_forms/ADMT027.fmx.md,specification_only,FMB/PLL/PKB
ADMT027.fmx,procedure,SHP_COMMENT_PKG,focus_forms/ADMT027.fmx.md,specification_only,FMB/PLL/PKB
ADMT027.fmx,procedure,SHP_CONSTRAINT_PKG,focus_forms/ADMT027.fmx.md,specification_only,FMB/PLL/PKB
ADMT027.fmx,procedure,SHP_FUNCTION_PKG,focus_forms/ADMT027.fmx.md,specification_only,FMB/PLL/PKB
ADMT027.fmx,procedure,SHP_INDEX_PKG,focus_forms/ADMT027.fmx.md,specification_only,FMB/PLL/PKB
ADMT027.fmx,procedure,SHP_INSRT_DATA_PKG,focus_forms/ADMT027.fmx.md,specification_only,FMB/PLL/PKB
ADMT027.fmx,procedure,SHP_INSRT_FORM_DTL_PKG,focus_forms/ADMT027.fmx.md,specification_only,FMB/PLL/PKB
ADMT027.fmx,procedure,SHP_PACKAGE_PKG,focus_forms/ADMT027.fmx.md,specification_only,FMB/PLL/PKB
ADMT027.fmx,procedure,SHP_PROCEDURE_PKG,focus_forms/ADMT027.fmx.md,specification_only,FMB/PLL/PKB
ADMT027.fmx,procedure,SHP_SEQUENCE_PKG,focus_forms/ADMT027.fmx.md,specification_only,FMB/PLL/PKB
ADMT027.fmx,procedure,SHP_SYNONYM_PKG,focus_forms/ADMT027.fmx.md,specification_only,FMB/PLL/PKB
ADMT027.fmx,procedure,SHP_TABLE_FILED_PKG,focus_forms/ADMT027.fmx.md,specification_only,FMB/PLL/PKB
ADMT027.fmx,procedure,SHP_TABLE_PKG,focus_forms/ADMT027.fmx.md,specification_only,FMB/PLL/PKB
ADMT027.fmx,procedure,SHP_TRIGGER_PKG,focus_forms/ADMT027.fmx.md,specification_only,FMB/PLL/PKB
ADMT027.fmx,procedure,SHP_VIEW_PKG,focus_forms/ADMT027.fmx.md,specification_only,FMB/PLL/PKB
ADMT027.fmx,procedure,SYS_SCREEN,focus_forms/ADMT027.fmx.md,specification_only,FMB/PLL/PKB
ADMT027.fmx,procedure,UPDATE_CP_QTY_PRC,focus_forms/ADMT027.fmx.md,specification_only,FMB/PLL/PKB
ADMT027.fmx,procedure,UPDATE_PRIVILEGE_PRC,focus_forms/ADMT027.fmx.md,specification_only,FMB/PLL/PKB
ADMT027.fmx,procedure,UPDATE_PROC,focus_forms/ADMT027.fmx.md,specification_only,FMB/PLL/PKB
ADMT027.fmx,procedure,VIEW_MULTI_YEAR_PST_DTL_PRC,focus_forms/ADMT027.fmx.md,specification_only,FMB/PLL/PKB
ADMT027.fmx,procedure,WHEN_NEW_FORM_INSTANCE_PRC,focus_forms/ADMT027.fmx.md,specification_only,FMB/PLL/PKB
ADMT027.fmx,procedure,WHEN_TAB_PAGE_CHANGED_PRC,focus_forms/ADMT027.fmx.md,specification_only,FMB/PLL/PKB
ADMT027.fmx,procedure,WHEN_TIMER_EXPIRED_PRC,focus_forms/ADMT027.fmx.md,specification_only,FMB/PLL/PKB
ADMT027.fmx,procedure,YSERP_LIB,focus_forms/ADMT027.fmx.md,specification_only,FMB/PLL/PKB
ADMT027.fmx,procedure,YSERP_MNU,focus_forms/ADMT027.fmx.md,specification_only,FMB/PLL/PKB
ADMT027.fmx,procedure,YS_AC_DTL_PKG,focus_forms/ADMT027.fmx.md,specification_only,FMB/PLL/PKB
ADMT027.fmx,procedure,YS_APPRVD_PKG,focus_forms/ADMT027.fmx.md,specification_only,FMB/PLL/PKB
ADMT027.fmx,procedure,YS_EMP_PKG,focus_forms/ADMT027.fmx.md,specification_only,FMB/PLL/PKB
ADMT027.fmx,procedure,YS_GEN_PKG,focus_forms/ADMT027.fmx.md,specification_only,FMB/PLL/PKB
ADMT027.fmx,procedure,YS_SRL_SCR_PKG,focus_forms/ADMT027.fmx.md,specification_only,FMB/PLL/PKB
ADMT027.fmx,component,IASARCSTOP.fmx,focus_forms/ADMT027.fmx.md,specification_only,FMB/PLL/PKB
ADMT027.fmx,component,IAS_DBAMN_PRV.fmx,focus_forms/ADMT027.fmx.md,specification_only,FMB/PLL/PKB
ADMT027.fmx,component,Ias_Update_New_Version6.Fmx,focus_forms/ADMT027.fmx.md,specification_only,FMB/PLL/PKB
ADMT027.fmx,component,Op_Lc.fmx,focus_forms/ADMT027.fmx.md,specification_only,FMB/PLL/PKB
ADMT027.fmx,component,Op_Vend.fmx,focus_forms/ADMT027.fmx.md,specification_only,FMB/PLL/PKB
ADMT027.fmx,component,YSERP_MNU.MMX,focus_forms/ADMT027.fmx.md,specification_only,FMB/PLL/PKB
ADMT027.fmx,sql,"SELECT NVL(AR_AC_LINK_TYPE,1),NVL(AP_AC_LINK_TYPE,1),NVL(USE_VAT,0),NVL(INVOICING_SERIALS,1),NVL(INVOICING_SERIALS_SR,1),NVL(NO_OF_DECIMAL_AR,2),NVL(SP_PROGRAM,0),NVL(CC_AVAIL,1),N",focus_forms/ADMT027.fmx.md,observed_sql_indicator,PKB/SQL and schema
ADMT027.fmx,sql,"SELECT NVL(HEAD_OFFICE,0) FROM IAS_PARA_LGHT""SELECT COUNT(1) FROM S_BRN""",focus_forms/ADMT027.fmx.md,observed_sql_indicator,PKB/SQL and schema
ADMT027.fmx,sql,"SELECT COUNT(*) FROM ACCOUNT_CURR,CUSTOMER WHERE A_CODE = C_A_CODE""SELECT COUNT(*) FROM CUSTOMER_CURR""INSERT INTO CUSTOMER_CURR ( C_CODE,A_CY,INACTIVE,AD_U_ID,AD_DATE ) SELECT C_CO",focus_forms/ADMT027.fmx.md,observed_sql_indicator,PKB/SQL and schema
ADMT027.fmx,sql,"SELECT 1 FROM DBA_SNAPSHOTS WHERE TABLE_NAME = ''ITEM_DETAILS'' AND OWNER = USER AND ROWNUM <= 1""",focus_forms/ADMT027.fmx.md,observed_sql_indicator,PKB/SQL and schema
ADMT027.fmx,sql,"SELECT TABLE_NAME,CONSTRAINT_NAME FROM USER_CONSTRAINTS WHERE (R_CONSTRAINT_NAME IN (SELECT CONSTRAINT_NAME FROM USER_CONSTRAINTS WHERE TABLE_NAME = UPPER(:b1) ) OR (TABLE_NAME = U",focus_forms/ADMT027.fmx.md,observed_sql_indicator,PKB/SQL and schema
ADMT027.fmx,sql,"SELECT COUNT(1) FROM S_FLAGS WHERE LANG_NO = 1""SELECT COUNT(1) FROM FORM_DETAIL""SELECT COUNT(1) FROM IAS_FORM_NAME""SELECT COUNT(DISTINCT LANG_NO) FROM IAS_FORM_NAME""SELECT MAX(LABE",focus_forms/ADMT027.fmx.md,observed_sql_indicator,PKB/SQL and schema
ADMT027.fmx,sql,"SELECT COLUMN_NAME FROM USER_TAB_COLUMNS WHERE TABLE_NAME = UPPER(:b1) AND COLUMN_NAME NOT IN ( UPPER(''ROW_ID''),UPPER(''UMARKER'') )ORDER BY COLUMN_ID""",focus_forms/ADMT027.fmx.md,observed_sql_indicator,PKB/SQL and schema
ADMT027.fmx,sql,"DELETE FROM S_LST_SLCT WHERE LST_NM = ''LST_APPRVD_SCREEN''""INSERT INTO S_LST_SLCT ( LST_NM,LST_SQL,LST_WHR,LST_ORDRBY,LST_SQL_PRV ) VALUES ( ''LST_APPRVD_SCREEN'',''SELECT M.FORM_",focus_forms/ADMT027.fmx.md,observed_sql_indicator,PKB/SQL and schema
ADMT027.fmx,sql,"INSERT INTO S_FLAGS ( LANG_NO, FLG_SR, FLG_VALUE, FLG_CODE, FLG_DESC, FLG_ST,FLG_PRIV , LBL_NO ) VALUES ( 1, 60, 60, 'INPT_SCR_PRV', '",focus_forms/ADMT027.fmx.md,observed_sql_indicator,PKB/SQL and schema
ADMT027.fmx,sql,"INSERT INTO S_FLAGS ( LANG_NO, FLG_SR, FLG_VALUE, FLG_CODE, FLG_DESC, FLG_ST,FLG_PRIV , LBL_NO ) VALUES ( 2, 60, 60, 'INPT_SCR_PRV', 'Onyx Mobile', V_FLG_ST, 1 , 4042)",focus_forms/ADMT027.fmx.md,observed_sql_indicator,PKB/SQL and schema
ADMT027.fmx,sql,"INSERT INTO S_FLAGS ( LANG_NO, FLG_SR, FLG_VALUE, FLG_CODE, FLG_DESC, FLG_ST,FLG_PRIV ) VALUES ( 1, 35, 35, 'SI_REP_GRP', '",focus_forms/ADMT027.fmx.md,observed_sql_indicator,PKB/SQL and schema
ADMT027.fmx,sql,"INSERT INTO S_FLAGS ( LANG_NO, FLG_SR, FLG_VALUE, FLG_CODE, FLG_DESC, FLG_ST,FLG_PRIV ) VALUES ( 2, 35, 35, 'SI_REP_GRP', 'Employee', 1, 0)",focus_forms/ADMT027.fmx.md,observed_sql_indicator,PKB/SQL and schema
ADMT027.fmx,sql,"INSERT INTO S_FLAGS ( LANG_NO, FLG_SR, FLG_VALUE, FLG_CODE, FLG_DESC, FLG_ST,FLG_PRIV ) VALUES ( 1, 36, 36, 'SI_REP_GRP', '",focus_forms/ADMT027.fmx.md,observed_sql_indicator,PKB/SQL and schema
ADMT027.fmx,sql,"INSERT INTO S_FLAGS ( LANG_NO, FLG_SR, FLG_VALUE, FLG_CODE, FLG_DESC, FLG_ST,FLG_PRIV ) VALUES ( 2, 36, 36, 'SI_REP_GRP', 'Joint', 1, 0)",focus_forms/ADMT027.fmx.md,observed_sql_indicator,PKB/SQL and schema
ADMT027.fmx,sql,"INSERT INTO S_FLAGS (LANG_NO, FLG_SR, FLG_VALUE, FLG_CODE, FLG_DESC, FLG_ST, FLG_PRIV, LBL_NO) Values (1, 15, 15, 'ASTMNT_TYPE', '",focus_forms/ADMT027.fmx.md,observed_sql_indicator,PKB/SQL and schema
ADMT027.fmx,sql,"INSERT INTO S_FLAGS (LANG_NO, FLG_SR, FLG_VALUE, FLG_CODE, FLG_DESC,FLG_ST, FLG_PRIV, LBL_NO) Values (2, 15, 15, 'ASTMNT_TYPE', 'Sales man', 1, 1, 488)",focus_forms/ADMT027.fmx.md,observed_sql_indicator,PKB/SQL and schema
ADMT027.fmx,sql,"INSERT INTO S_FLAGS (LANG_NO, FLG_SR, FLG_VALUE, FLG_CODE, FLG_DESC, FLG_ST, FLG_PRIV, LBL_NO) Values (1, 16, 16, 'ASTMNT_TYPE', '",focus_forms/ADMT027.fmx.md,observed_sql_indicator,PKB/SQL and schema
ADMT027.fmx,sql,"INSERT INTO S_FLAGS (LANG_NO, FLG_SR, FLG_VALUE, FLG_CODE, FLG_DESC, FLG_ST,FLG_PRIV, LBL_NO) Values (2, 16, 16, 'ASTMNT_TYPE', 'Collectors', 1, 1, 2459)",focus_forms/ADMT027.fmx.md,observed_sql_indicator,PKB/SQL and schema
ADMT027.fmx,sql,"INSERT INTO S_FLAGS ( LANG_NO, FLG_SR, FLG_VALUE, FLG_CODE, FLG_DESC, FLG_ST,FLG_PRIV ) VALUES ( 1, 9, 9, 'SI_DOC_TYPE_REF', '",focus_forms/ADMT027.fmx.md,observed_sql_indicator,PKB/SQL and schema
ADMT027.fmx,sql,"INSERT INTO S_FLAGS ( LANG_NO, FLG_SR, FLG_VALUE, FLG_CODE, FLG_DESC, FLG_ST,FLG_PRIV ) VALUES ( 2, 9, 9, 'SI_DOC_TYPE_REF', 'Maintenace Warranty', 0, 0)",focus_forms/ADMT027.fmx.md,observed_sql_indicator,PKB/SQL and schema
ADMT027.fmx,sql,"INSERT INTO S_FLAGS ( LANG_NO, FLG_SR, FLG_VALUE, FLG_CODE, FLG_DESC, FLG_ST,FLG_PRIV ) VALUES ( 1, 10, 10, 'SI_DOC_TYPE_REF', '",focus_forms/ADMT027.fmx.md,observed_sql_indicator,PKB/SQL and schema
ADMT027.fmx,sql,"INSERT INTO S_FLAGS ( LANG_NO, FLG_SR, FLG_VALUE, FLG_CODE, FLG_DESC, FLG_ST,FLG_PRIV ) VALUES ( 2, 10, 10, 'SI_DOC_TYPE_REF', 'Maintenace Out Warranty',0, 0)",focus_forms/ADMT027.fmx.md,observed_sql_indicator,PKB/SQL and schema
ADMT027.fmx,sql,"INSERT INTO S_FLAGS ( LANG_NO, FLG_SR, FLG_VALUE, FLG_CODE, FLG_DESC, FLG_ST,FLG_PRIV ) VALUES ( 1, 1, 1, 'SRCH_TYP', '",focus_forms/ADMT027.fmx.md,observed_sql_indicator,PKB/SQL and schema
ADMT027.fmx,sql,"INSERT INTO S_FLAGS ( LANG_NO, FLG_SR, FLG_VALUE, FLG_CODE, FLG_DESC, FLG_ST,FLG_PRIV ) VALUES ( 2, 1, 1, 'SRCH_TYP', 'Contain Of', 1, 0)",focus_forms/ADMT027.fmx.md,observed_sql_indicator,PKB/SQL and schema
ADMT027.fmx,sql,"INSERT INTO S_FLAGS ( LANG_NO, FLG_SR, FLG_VALUE, FLG_CODE, FLG_DESC, FLG_ST,FLG_PRIV ) VALUES ( 1, 2, 2, 'SRCH_TYP', '",focus_forms/ADMT027.fmx.md,observed_sql_indicator,PKB/SQL and schema
ADMT027.fmx,sql,"INSERT INTO S_FLAGS ( LANG_NO, FLG_SR, FLG_VALUE, FLG_CODE, FLG_DESC, FLG_ST,FLG_PRIV ) VALUES ( 2, 2, 2, 'SRCH_TYP', 'Start By', 1, 0)",focus_forms/ADMT027.fmx.md,observed_sql_indicator,PKB/SQL and schema
ADMT027.fmx,sql,"INSERT INTO S_FLAGS ( LANG_NO, FLG_SR, FLG_VALUE, FLG_CODE, FLG_DESC, FLG_ST,FLG_PRIV ) VALUES ( 1, 3, 3, 'SRCH_TYP', '",focus_forms/ADMT027.fmx.md,observed_sql_indicator,PKB/SQL and schema
ADMT027.fmx,sql,"INSERT INTO S_FLAGS ( LANG_NO, FLG_SR, FLG_VALUE, FLG_CODE, FLG_DESC, FLG_ST,FLG_PRIV ) VALUES ( 2, 3, 3, 'SRCH_TYP', 'End By', 1, 0)",focus_forms/ADMT027.fmx.md,observed_sql_indicator,PKB/SQL and schema
ADMT027.fmx,sql,"INSERT INTO S_FLAGS ( LANG_NO, FLG_SR, FLG_VALUE, FLG_CODE, FLG_DESC, FLG_ST,FLG_PRIV ) VALUES ( 1, 4, 4, 'SRCH_TYP', '",focus_forms/ADMT027.fmx.md,observed_sql_indicator,PKB/SQL and schema
ADMT027.fmx,sql,"INSERT INTO S_FLAGS ( LANG_NO, FLG_SR, FLG_VALUE, FLG_CODE, FLG_DESC, FLG_ST,FLG_PRIV ) VALUES ( 2, 4, 4, 'SRCH_TYP', 'Equal', 1, 0)",focus_forms/ADMT027.fmx.md,observed_sql_indicator,PKB/SQL and schema
ADMT027.fmx,sql,"INSERT INTO S_FLAGS (LANG_NO, FLG_SR, FLG_VALUE, FLG_CODE, FLG_DESC, FLG_ST, FLG_PRIV) Values (1, 1, 1, 'MOV_DOC_PY', '",focus_forms/ADMT027.fmx.md,observed_sql_indicator,PKB/SQL and schema
ADMT027.fmx,sql,"INSERT INTO S_FLAGS (LANG_NO, FLG_SR, FLG_VALUE, FLG_CODE, FLG_DESC, FLG_ST, FLG_PRIV) Values (2, 1, 1, 'MOV_DOC_PY', 'Move Doc. Not Use', 1, 0)",focus_forms/ADMT027.fmx.md,observed_sql_indicator,PKB/SQL and schema
ADMT027.fmx,sql,INSERT INTO S_FLAGS (LA,focus_forms/ADMT027.fmx.md,observed_sql_indicator,PKB/SQL and schema
ADMT027.fmx,sql,"INSERT INTO S_FLAGS (LANG_NO, FLG_SR, FLG_VALUE, FLG_CODE, FLG_DESC, FLG_ST, FLG_PRIV) Values (2, 2, 2, 'MOV_DOC_PY', 'Move Doc. Not Use And Partly Use', 1, 0)",focus_forms/ADMT027.fmx.md,observed_sql_indicator,PKB/SQL and schema
ADMT027.fmx,sql,"INSERT INTO S_FLAGS (LANG_NO, FLG_SR, FLG_VALUE, FLG_CODE, FLG_DESC, FLG_ST, FLG_PRIV) Values (1, 1, 0, 'MOV_INSTALL_PY', '",focus_forms/ADMT027.fmx.md,observed_sql_indicator,PKB/SQL and schema
ADMT027.fmx,sql,"INSERT INTO S_FLAGS (LANG_NO, FLG_SR, FLG_VALUE, FLG_CODE, FLG_DESC, FLG_ST, FLG_PRIV) Values (2, 1, 0, 'MOV_INSTALL_PY', 'Move Install. One Record Open Bal.', 1, 0)",focus_forms/ADMT027.fmx.md,observed_sql_indicator,PKB/SQL and schema
ADMT027.fmx,sql,"INSERT INTO S_FLAGS (LANG_NO, FLG_SR, FLG_VALUE, FLG_CODE, FLG_DESC, FLG_ST, FLG_PRIV) Values (1, 2, 1, 'MOV_INSTALL_PY', '",focus_forms/ADMT027.fmx.md,observed_sql_indicator,PKB/SQL and schema
ADMT027.fmx,sql,"INSERT INTO S_FLAGS (LANG_NO, FLG_SR, FLG_VALUE, FLG_CODE, FLG_DESC, FLG_ST, FLG_PRIV) Values (2, 2, 1, 'MOV_INSTALL_PY', 'Only Move Install. Not Paid - Manually Paid', 1, 0)",focus_forms/ADMT027.fmx.md,observed_sql_indicator,PKB/SQL and schema
ADMT027.fmx,sql,"INSERT INTO S_FLAGS (LANG_NO, FLG_SR, FLG_VALUE, FLG_CODE, FLG_DESC, FLG_ST, FLG_PRIV) Values (1, 3, 2, 'MOV_INSTALL_PY', '",focus_forms/ADMT027.fmx.md,observed_sql_indicator,PKB/SQL and schema
ADMT027.fmx,sql,"INSERT INTO S_FLAGS (LANG_NO, FLG_SR, FLG_VALUE, FLG_CODE, FLG_DESC, FLG_ST, FLG_PRIV) Values (2, 3, 2, 'MOV_INSTALL_PY', 'Only Move Install. Not Paid - Auto. Distriputed Paid', 1,",focus_forms/ADMT027.fmx.md,observed_sql_indicator,PKB/SQL and schema
ADMT027.fmx,sql,"INSERT INTO S_FLAGS (LANG_NO, FLG_SR, FLG_VALUE, FLG_CODE, FLG_DESC, FLG_ST, FLG_PRIV, LBL_NO) Values (1, 1, 1, 'PAY_MTHD', '",focus_forms/ADMT027.fmx.md,observed_sql_indicator,PKB/SQL and schema
ADMT027.fmx,sql,"INSERT INTO S_FLAGS (LANG_NO, FLG_SR, FLG_VALUE, FLG_CODE, FLG_DESC, FLG_ST, FLG_PRIV, LBL_NO) Values (1, 2, 2, 'PAY_MTHD', '",focus_forms/ADMT027.fmx.md,observed_sql_indicator,PKB/SQL and schema
ADMT027.fmx,sql,"INSERT INTO S_FLAGS (LANG_NO, FLG_SR, FLG_VALUE, FLG_CODE, FLG_DESC, FLG_ST, FLG_PRIV, LBL_NO) Values (1, 3, 3, 'PAY_MTHD', '",focus_forms/ADMT027.fmx.md,observed_sql_indicator,PKB/SQL and schema
ADMT027.fmx,sql,"INSERT INTO S_FLAGS (LANG_NO, FLG_SR, FLG_VALUE, FLG_CODE, FLG_DESC, FLG_ST, FLG_PRIV, LBL_NO) Values (2, 1, 1, 'PAY_MTHD', 'Cash Issue', 1, 0, 5579)",focus_forms/ADMT027.fmx.md,observed_sql_indicator,PKB/SQL and schema
ADMT027.fmx,sql,"INSERT INTO S_FLAGS (LANG_NO, FLG_SR, FLG_VALUE, FLG_CODE, FLG_DESC, FLG_ST, FLG_PRIV, LBL_NO) Values (2, 2, 2, 'PAY_MTHD', 'Cheaque Issue', 1, 0, 5579)",focus_forms/ADMT027.fmx.md,observed_sql_indicator,PKB/SQL and schema
ADMT027.fmx,sql,"INSERT INTO S_FLAGS (LANG_NO, FLG_SR, FLG_VALUE, FLG_CODE, FLG_DESC, FLG_ST, FLG_PRIV, LBL_NO) Values (3, 3, 3, 'PAY_MTHD', 'Journal ', 1, 0, 5579)",focus_forms/ADMT027.fmx.md,observed_sql_indicator,PKB/SQL and schema
ADMT027.fmx,sql,"INSERT INTO S_FLAGS ( LANG_NO, FLG_SR, FLG_VALUE, FLG_CODE, FLG_DESC, FLG_ST,FLG_PRIV ) VALUES ( 1, 1, 1, 'POINT_CALC_TYP', '",focus_forms/ADMT027.fmx.md,observed_sql_indicator,PKB/SQL and schema
ADMT027.fmx,sql,"INSERT INTO S_FLAGS ( LANG_NO, FLG_SR, FLG_VALUE, FLG_CODE, FLG_DESC, FLG_ST,FLG_PRIV ) VALUES ( 2, 1, 1, 'POINT_CALC_TYP', 'Amount', 1, 0)",focus_forms/ADMT027.fmx.md,observed_sql_indicator,PKB/SQL and schema
ADMT027.fmx,sql,"INSERT INTO S_FLAGS ( LANG_NO, FLG_SR, FLG_VALUE, FLG_CODE, FLG_DESC, FLG_ST,FLG_PRIV ) VALUES ( 1, 2, 2, 'POINT_CALC_TYP', '",focus_forms/ADMT027.fmx.md,observed_sql_indicator,PKB/SQL and schema
ADMT027.fmx,sql,"INSERT INTO S_FLAGS ( LANG_NO, FLG_SR, FLG_VALUE, FLG_CODE, FLG_DESC, FLG_ST,FLG_PRIV ) VALUES ( 2, 2, 2, 'POINT_CALC_TYP', ' Slices', 1, 0)",focus_forms/ADMT027.fmx.md,observed_sql_indicator,PKB/SQL and schema
ADMT027.fmx,sql,"INSERT INTO S_FLAGS ( LANG_NO, FLG_SR, FLG_VALUE, FLG_CODE, FLG_DESC, FLG_ST,FLG_PRIV ) VALUES ( 1, 1, 0, 'POINT_AGE_EXPIRED_TYP', '",focus_forms/ADMT027.fmx.md,observed_sql_indicator,PKB/SQL and schema
ADMT027.fmx,sql,"INSERT INTO S_FLAGS ( LANG_NO, FLG_SR, FLG_VALUE, FLG_CODE, FLG_DESC, FLG_ST,FLG_PRIV ) VALUES ( 2, 1, 0, 'POINT_AGE_EXPIRED_TYP', 'End of year', 1, 0)",focus_forms/ADMT027.fmx.md,observed_sql_indicator,PKB/SQL and schema
ADMT027.fmx,sql,"INSERT INTO S_FLAGS ( LANG_NO, FLG_SR, FLG_VALUE, FLG_CODE, FLG_DESC, FLG_ST,FLG_PRIV ) VALUES ( 1, 2, 1, 'POINT_AGE_EXPIRED_TYP', '",focus_forms/ADMT027.fmx.md,observed_sql_indicator,PKB/SQL and schema
ADMT027.fmx,sql,"INSERT INTO S_FLAGS ( LANG_NO, FLG_SR, FLG_VALUE, FLG_CODE, FLG_DESC, FLG_ST,FLG_PRIV ) VALUES ( 2, 2, 1, 'POINT_AGE_EXPIRED_TYP', 'By date of dealing', 1, 0)",focus_forms/ADMT027.fmx.md,observed_sql_indicator,PKB/SQL and schema
ADMT027.fmx,sql,"INSERT INTO S_FLAGS ( LANG_NO, FLG_SR, FLG_VALUE, FLG_CODE, FLG_DESC, FLG_ST,FLG_PRIV ) VALUES ( 1, 3, 2, 'POINT_AGE_EXPIRED_TYP', '",focus_forms/ADMT027.fmx.md,observed_sql_indicator,PKB/SQL and schema
ADMT027.fmx,sql,"INSERT INTO S_FLAGS ( LANG_NO, FLG_SR, FLG_VALUE, FLG_CODE, FLG_DESC, FLG_ST,FLG_PRIV ) VALUES ( 2, 3, 2, 'POINT_AGE_EXPIRED_TYP', 'By date of activation', 1, 0)",focus_forms/ADMT027.fmx.md,observed_sql_indicator,PKB/SQL and schema
ADMT027.fmx,sql,"INSERT INTO S_FLAGS (LANG_NO, FLG_SR, FLG_VALUE, FLG_CODE, FLG_DESC, FLG_ST, FLG_PRIV, LBL_NO) Values (1, 1, 1, 'BGT_MOV_TYP', '",focus_forms/ADMT027.fmx.md,observed_sql_indicator,PKB/SQL and schema
ADMT027.fmx,sql,"INSERT INTO S_FLAGS (LANG_NO, FLG_SR, FLG_VALUE, FLG_CODE, FLG_DESC, FLG_ST, FLG_PRIV, LBL_NO) Values (2, 1, 1, 'BGT_MOV_TYP', 'Movement inside Budget', 1, 1, 6067)",focus_forms/ADMT027.fmx.md,observed_sql_indicator,PKB/SQL and schema
ADMT027.fmx,sql,"INSERT INTO S_FLAGS (LANG_NO, FLG_SR, FLG_VALUE, FLG_CODE, FLG_DESC, FLG_ST, FLG_PRIV, LBL_NO) Values (1, 2, 2, 'BGT_MOV_TYP', '",focus_forms/ADMT027.fmx.md,observed_sql_indicator,PKB/SQL and schema
ADMT027.fmx,sql,"INSERT INTO S_FLAGS (LANG_NO, FLG_SR, FLG_VALUE, FLG_CODE, FLG_DESC, FLG_ST, FLG_PRIV, LBL_NO) Values (2, 2, 2, 'BGT_MOV_TYP', 'Movement from Brunch to Others Branches', 1, 1, 6067",focus_forms/ADMT027.fmx.md,observed_sql_indicator,PKB/SQL and schema
ADMT027.fmx,sql,"INSERT INTO S_FLAGS ( LANG_NO, FLG_SR, FLG_VALUE, FLG_CODE, FLG_DESC, FLG_ST, FLG_PRIV, LBL_NO ) VALUES ( 1, 609, 609, 'POST_DOC_TYPE', '",focus_forms/ADMT027.fmx.md,observed_sql_indicator,PKB/SQL and schema
ADMT027.fmx,sql,"INSERT INTO S_FLAGS ( LANG_NO, FLG_SR, FLG_VALUE, FLG_CODE, FLG_DESC, FLG_ST, FLG_PRIV, LBL_NO ) VALUES (2, 609, 609, 'POST_DOC_TYPE', 'Assets Adjustment ', 1, 1, 1428)",focus_forms/ADMT027.fmx.md,observed_sql_indicator,PKB/SQL and schema
ADMT027.fmx,sql,"INSERT INTO S_FLAGS ( LANG_NO, FLG_SR, FLG_VALUE, FLG_CODE, FLG_DESC, FLG_ST, FLG_PRIV,LBL_NO ) VALUES ( 2, 610, 610, 'POST_DOC_TYPE', 'Assets Evaluation', 1, 1, 1428)",focus_forms/ADMT027.fmx.md,observed_sql_indicator,PKB/SQL and schema
ADMT027.fmx,sql,"INSERT INTO S_FLAGS ( LANG_NO, FLG_SR, FLG_VALUE, FLG_CODE, FLG_DESC, FLG_ST, FLG_PRIV, LBL_NO ) VALUES ( 1, 610, 610, 'POST_DOC_TYPE', '",focus_forms/ADMT027.fmx.md,observed_sql_indicator,PKB/SQL and schema
ADMT027.fmx,sql,"INSERT INTO S_FLAGS ( LANG_NO, FLG_SR, FLG_VALUE, FLG_CODE, FLG_DESC, FLG_ST, FLG_PRIV, LBL_NO ) VALUES ( 1, 609, 609, 'UNPOST_DOC_TYPE', '",focus_forms/ADMT027.fmx.md,observed_sql_indicator,PKB/SQL and schema
ADMT027.fmx,sql,"INSERT INTO S_FLAGS ( LANG_NO, FLG_SR, FLG_VALUE, FLG_CODE, FLG_DESC, FLG_ST, FLG_PRIV, LBL_NO ) VALUES ( 2, 609, 609, 'UNPOST_DOC_TYPE', 'Assets Adjustment ', 1, 1, 1417)",focus_forms/ADMT027.fmx.md,observed_sql_indicator,PKB/SQL and schema
ADMT027.fmx,sql,"INSERT INTO S_FLAGS ( LANG_NO, FLG_SR, FLG_VALUE, FLG_CODE, FLG_DESC, FLG_ST, FLG_PRIV, LBL_NO ) VALUES ( 2, 610, 610, 'UNPOST_DOC_TYPE', 'Assets Evaluation ', 1, 1, 1417)",focus_forms/ADMT027.fmx.md,observed_sql_indicator,PKB/SQL and schema
ADMT027.fmx,sql,"INSERT INTO S_FLAGS ( LANG_NO, FLG_SR, FLG_VALUE, FLG_CODE, FLG_DESC, FLG_ST, FLG_PRIV, LBL_NO ) VALUES ( 1, 610, 610, 'UNPOST_DOC_TYPE', '",focus_forms/ADMT027.fmx.md,observed_sql_indicator,PKB/SQL and schema
ADMT027.fmx,sql,"INSERT INTO S_FLAGS ( LANG_NO, FLG_SR, FLG_VALUE, FLG_CODE, FLG_DESC, FLG_ST, FLG_PRIV) Values (1, 1, 1, 'CARD_GRNT_TYP', '",focus_forms/ADMT027.fmx.md,observed_sql_indicator,PKB/SQL and schema
ADMT027.fmx,sql,"INSERT INTO S_FLAGS ( LANG_NO, FLG_SR, FLG_VALUE, FLG_CODE, FLG_DESC, FLG_ST, FLG_PRIV) Values (2, 1, 1, 'CARD_GRNT_TYP', 'Period', 1, 0)",focus_forms/ADMT027.fmx.md,observed_sql_indicator,PKB/SQL and schema
ADMT027.fmx,sql,"INSERT INTO S_FLAGS ( LANG_NO, FLG_SR, FLG_VALUE, FLG_CODE, FLG_DESC, FLG_ST, FLG_PRIV) Values (1, 2, 2, 'CARD_GRNT_TYP', '",focus_forms/ADMT027.fmx.md,observed_sql_indicator,PKB/SQL and schema
ADMT027.fmx,sql,"INSERT INTO S_FLAGS ( LANG_NO, FLG_SR, FLG_VALUE, FLG_CODE, FLG_DESC, FLG_ST, FLG_PRIV) Values (2, 2, 2, 'CARD_GRNT_TYP', 'Distance',1, 0)",focus_forms/ADMT027.fmx.md,observed_sql_indicator,PKB/SQL and schema
ADMT027.fmx,sql,"INSERT INTO S_FLAGS (LANG_NO, FLG_SR, FLG_VALUE, FLG_CODE, FLG_DESC, FLG_ST,FLG_PRIV ) Values (1, 7, 7, 'ASTMNT_TYPE', '",focus_forms/ADMT027.fmx.md,observed_sql_indicator,PKB/SQL and schema
ADMT027.fmx,sql,"INSERT INTO S_FLAGS (LANG_NO, FLG_SR, FLG_VALUE, FLG_CODE, FLG_DESC, FLG_ST,FLG_PRIV ) Values (2, 4, 4, 'ASTMNT_TYPE', 'For Banks', 1,1)",focus_forms/ADMT027.fmx.md,observed_sql_indicator,PKB/SQL and schema
ADMT027.fmx,sql,"INSERT INTO S_FLAGS (LANG_NO, FLG_SR, FLG_VALUE, FLG_CODE, FLG_DESC, FLG_ST,FLG_PRIV ) Values (2, 5, 5, 'ASTMNT_TYPE', 'For Customer', 1,1)",focus_forms/ADMT027.fmx.md,observed_sql_indicator,PKB/SQL and schema
ADMT027.fmx,sql,"INSERT INTO S_FLAGS (LANG_NO, FLG_SR, FLG_VALUE, FLG_CODE, FLG_DESC, FLG_ST,FLG_PRIV ) Values (2, 6, 6, 'ASTMNT_TYPE', 'For Vendor', 1,1)",focus_forms/ADMT027.fmx.md,observed_sql_indicator,PKB/SQL and schema
ADMT027.fmx,sql,"INSERT INTO S_FLAGS (LANG_NO, FLG_SR, FLG_VALUE, FLG_CODE, FLG_DESC, FLG_ST,FLG_PRIV ) Values (2, 7, 7, 'ASTMNT_TYPE', 'For Lc.', 1,1)",focus_forms/ADMT027.fmx.md,observed_sql_indicator,PKB/SQL and schema
ADMT027.fmx,sql,"INSERT INTO S_FLAGS (LANG_NO, FLG_SR, FLG_VALUE, FLG_CODE, FLG_DESC, FLG_ST,FLG_PRIV ) Values (1, 1, 1, 'ASTMNT_TYPE', '",focus_forms/ADMT027.fmx.md,observed_sql_indicator,PKB/SQL and schema
ADMT027.fmx,sql,"INSERT INTO S_FLAGS (LANG_NO, FLG_SR, FLG_VALUE, FLG_CODE, FLG_DESC, FLG_ST,FLG_PRIV ) Values (1, 3, 3, 'ASTMNT_TYPE', '",focus_forms/ADMT027.fmx.md,observed_sql_indicator,PKB/SQL and schema
ADMT027.fmx,sql,"INSERT INTO S_FLAGS (LANG_NO, FLG_SR, FLG_VALUE, FLG_CODE, FLG_DESC, FLG_ST,FLG_PRIV ) Values (2, 1, 1, 'ASTMNT_TYPE', 'For Accounts', 1,1)",focus_forms/ADMT027.fmx.md,observed_sql_indicator,PKB/SQL and schema
ADMT027.fmx,sql,"INSERT INTO S_FLAGS (LANG_NO, FLG_SR, FLG_VALUE, FLG_CODE, FLG_DESC, FLG_ST,FLG_PRIV ) Values (1, 2, 2, 'ASTMNT_TYPE', '",focus_forms/ADMT027.fmx.md,observed_sql_indicator,PKB/SQL and schema
ADMT027.fmx,sql,"INSERT INTO S_FLAGS (LANG_NO, FLG_SR, FLG_VALUE, FLG_CODE, FLG_DESC, FLG_ST,FLG_PRIV ) Values (2, 3, 3, 'ASTMNT_TYPE', 'For Cash', 1,1)",focus_forms/ADMT027.fmx.md,observed_sql_indicator,PKB/SQL and schema
ADMT027.fmx,sql,"INSERT INTO S_FLAGS (LANG_NO, FLG_SR, FLG_VALUE, FLG_CODE, FLG_DESC, FLG_ST,FLG_PRIV ) Values (2, 2, 2, 'ASTMNT_TYPE', 'For Cost Cntr', 1,1)",focus_forms/ADMT027.fmx.md,observed_sql_indicator,PKB/SQL and schema
ADMT027.fmx,sql,"INSERT INTO S_FLAGS (LANG_NO, FLG_SR, FLG_VALUE, FLG_CODE, FLG_DESC, FLG_ST,FLG_PRIV ) Values (1, 4, 4, 'ASTMNT_TYPE', '",focus_forms/ADMT027.fmx.md,observed_sql_indicator,PKB/SQL and schema
ADMT027.fmx,sql,"INSERT INTO S_FLAGS (LANG_NO, FLG_SR, FLG_VALUE, FLG_CODE, FLG_DESC, FLG_ST,FLG_PRIV ) Values (1, 5, 5, 'ASTMNT_TYPE', '",focus_forms/ADMT027.fmx.md,observed_sql_indicator,PKB/SQL and schema
ADMT027.fmx,sql,"INSERT INTO S_FLAGS (LANG_NO, FLG_SR, FLG_VALUE, FLG_CODE, FLG_DESC, FLG_ST,FLG_PRIV ) Values (1, 6, 6, 'ASTMNT_TYPE', '",focus_forms/ADMT027.fmx.md,observed_sql_indicator,PKB/SQL and schema
ADMT027.fmx,sql,"INSERT INTO S_FLAGS (LANG_NO, FLG_SR, FLG_VALUE, FLG_CODE, FLG_DESC, FLG_ST,FLG_PRIV ) Values (1, 8, 8, 'ASTMNT_TYPE', '",focus_forms/ADMT027.fmx.md,observed_sql_indicator,PKB/SQL and schema
ADMT027.fmx,sql,"INSERT INTO S_FLAGS (LANG_NO, FLG_SR, FLG_VALUE, FLG_CODE, FLG_DESC, FLG_ST,FLG_PRIV ) Values (2, 8, 8, 'ASTMNT_TYPE', 'For Cusromer Con. Vendor', 1,1)",focus_forms/ADMT027.fmx.md,observed_sql_indicator,PKB/SQL and schema
ADMT027.fmx,sql,"INSERT INTO S_FLAGS (LANG_NO, FLG_SR, FLG_VALUE, FLG_CODE, FLG_DESC, FLG_ST,FLG_PRIV ) Values (1, 9, 9, 'ASTMNT_TYPE', '",focus_forms/ADMT027.fmx.md,observed_sql_indicator,PKB/SQL and schema
ADMT027.fmx,sql,"INSERT INTO S_FLAGS (LANG_NO, FLG_SR, FLG_VALUE, FLG_CODE, FLG_DESC, FLG_ST,FLG_PRIV ) Values (2, 9, 9, 'ASTMNT_TYPE', 'For Vendor Conn. Cusromer', 1,1)",focus_forms/ADMT027.fmx.md,observed_sql_indicator,PKB/SQL and schema
ADMT027.fmx,sql,"INSERT INTO S_FLAGS ( LANG_NO, FLG_SR, FLG_VALUE, FLG_CODE, FLG_DESC,FLG_ST,FLG_PRIV ) VALUES ( 1, 12, 12, 'ASTMNT_TYPE', '",focus_forms/ADMT027.fmx.md,observed_sql_indicator,PKB/SQL and schema
ADMT027.fmx,sql,"INSERT INTO S_FLAGS ( LANG_NO, FLG_SR, FLG_VALUE, FLG_CODE, FLG_DESC,FLG_ST,FLG_PRIV ) VALUES ( 2, 12, 12, 'ASTMNT_TYPE', 'Branches', 1,1)",focus_forms/ADMT027.fmx.md,observed_sql_indicator,PKB/SQL and schema
ADMT027.fmx,sql,"INSERT INTO S_FLAGS ( LANG_NO, FLG_SR, FLG_VALUE, FLG_CODE, FLG_DESC,FLG_ST,FLG_PRIV ) VALUES ( 1, 13, 13, 'ASTMNT_TYPE', '",focus_forms/ADMT027.fmx.md,observed_sql_indicator,PKB/SQL and schema
ADMT027.fmx,sql,"INSERT INTO S_FLAGS ( LANG_NO, FLG_SR, FLG_VALUE, FLG_CODE, FLG_DESC,FLG_ST,FLG_PRIV ) VALUES ( 2, 13, 13, 'ASTMNT_TYPE', 'Campanies', 1,1)",focus_forms/ADMT027.fmx.md,observed_sql_indicator,PKB/SQL and schema
ADMT027.fmx,sql,"INSERT INTO S_FLAGS ( LANG_NO, FLG_SR, FLG_VALUE, FLG_CODE, FLG_DESC, FLG_ST, FLG_PRIV, LBL_NO) VALUES ( 1, 4, 3, 'APPROVED' ,'",focus_forms/ADMT027.fmx.md,observed_sql_indicator,PKB/SQL and schema
ADMT027.fmx,sql,"INSERT INTO S_FLAGS ( LANG_NO, FLG_SR, FLG_VALUE, FLG_CODE, FLG_DESC, FLG_ST, FLG_PRIV, LBL_NO) VALUES ( 2, 4, 3, 'APPROVED' ,'In Progress',1,0,null)",focus_forms/ADMT027.fmx.md,observed_sql_indicator,PKB/SQL and schema
ADMT027.fmx,sql,"INSERT INTO S_FLAGS ( LANG_NO, FLG_SR, FLG_VALUE, FLG_CODE, FLG_DESC, FLG_ST, FLG_PRIV, LBL_NO) VALUES ( 1, 1, 0, 'APPROVED_MOV' ,'",focus_forms/ADMT027.fmx.md,observed_sql_indicator,PKB/SQL and schema
ADMT027.fmx,sql,"INSERT INTO S_FLAGS ( LANG_NO, FLG_SR, FLG_VALUE, FLG_CODE, FLG_DESC, FLG_ST, FLG_PRIV, LBL_NO) VALUES ( 2, 1, 0, 'APPROVED_MOV' ,'New',1,0,null)",focus_forms/ADMT027.fmx.md,observed_sql_indicator,PKB/SQL and schema
ADMT027.fmx,sql,"INSERT INTO S_FLAGS ( LANG_NO, FLG_SR, FLG_VALUE, FLG_CODE, FLG_DESC, FLG_ST, FLG_PRIV, LBL_NO) VALUES ( 1, 2, 1, 'APPROVED_MOV' ,'",focus_forms/ADMT027.fmx.md,observed_sql_indicator,PKB/SQL and schema
ADMT027.fmx,sql,"INSERT INTO S_FLAGS ( LANG_NO, FLG_SR, FLG_VALUE, FLG_CODE, FLG_DESC, FLG_ST, FLG_PRIV, LBL_NO) VALUES ( 2, 2, 1, 'APPROVED_MOV' ,'Approve',1,0,null)",focus_forms/ADMT027.fmx.md,observed_sql_indicator,PKB/SQL and schema
ADMT027.fmx,sql,"INSERT INTO S_FLAGS ( LANG_NO, FLG_SR, FLG_VALUE, FLG_CODE, FLG_DESC, FLG_ST, FLG_PRIV, LBL_NO) VALUES ( 1, 3, 2, 'APPROVED_MOV' ,'",focus_forms/ADMT027.fmx.md,observed_sql_indicator,PKB/SQL and schema
ADMT027.fmx,sql,"INSERT INTO S_FLAGS ( LANG_NO, FLG_SR, FLG_VALUE, FLG_CODE, FLG_DESC, FLG_ST, FLG_PRIV, LBL_NO) VALUES ( 2, 3, 2, 'APPROVED_MOV' ,'Reject',1,0,null)",focus_forms/ADMT027.fmx.md,observed_sql_indicator,PKB/SQL and schema
ADMT027.fmx,sql,"INSERT INTO S_FLAGS ( LANG_NO, FLG_SR, FLG_VALUE, FLG_CODE, FLG_DESC, FLG_ST, FLG_PRIV, LBL_NO) VALUES ( 1, 4, 3, 'APPROVED_MOV' ,'",focus_forms/ADMT027.fmx.md,observed_sql_indicator,PKB/SQL and schema
ADMT027.fmx,sql,"INSERT INTO S_FLAGS ( LANG_NO, FLG_SR, FLG_VALUE, FLG_CODE, FLG_DESC, FLG_ST, FLG_PRIV, LBL_NO) VALUES ( 2, 4, 3, 'APPROVED_MOV' ,'Return',1,0,null)",focus_forms/ADMT027.fmx.md,observed_sql_indicator,PKB/SQL and schema
ADMT027.fmx,sql,"INSERT INTO S_FLAGS (LANG_NO, FLG_SR, FLG_VALUE, FLG_CODE, FLG_DESC,FLG_ST, FLG_PRIV) VALUES (1,1,1,'QTY_COST_LST','",focus_forms/ADMT027.fmx.md,observed_sql_indicator,PKB/SQL and schema
ADMT027.fmx,sql,"INSERT INTO S_FLAGS (LANG_NO, FLG_SR, FLG_VALUE, FLG_CODE, FLG_DESC,FLG_ST, FLG_PRIV) VALUES (1,2,2,'QTY_COST_LST','",focus_forms/ADMT027.fmx.md,observed_sql_indicator,PKB/SQL and schema
ADMT027.fmx,sql,"INSERT INTO S_FLAGS (LANG_NO, FLG_SR, FLG_VALUE, FLG_CODE, FLG_DESC,FLG_ST, FLG_PRIV) VALUES (1,3,3,'QTY_COST_LST','",focus_forms/ADMT027.fmx.md,observed_sql_indicator,PKB/SQL and schema
ADMT027.fmx,sql,"INSERT INTO S_FLAGS (LANG_NO, FLG_SR, FLG_VALUE, FLG_CODE, FLG_DESC,FLG_ST, FLG_PRIV) VALUES (2,1,1,'QTY_COST_LST','Qty. Only',1,0)",focus_forms/ADMT027.fmx.md,observed_sql_indicator,PKB/SQL and schema
ADMT027.fmx,sql,"INSERT INTO S_FLAGS (LANG_NO, FLG_SR, FLG_VALUE, FLG_CODE, FLG_DESC,FLG_ST, FLG_PRIV) VALUES (2,2,2,'QTY_COST_LST','Cost. Only',1,0)",focus_forms/ADMT027.fmx.md,observed_sql_indicator,PKB/SQL and schema
ADMT027.fmx,sql,"INSERT INTO S_FLAGS (LANG_NO, FLG_SR, FLG_VALUE, FLG_CODE, FLG_DESC,FLG_ST, FLG_PRIV) VALUES (2,3,3,'QTY_COST_LST','Qty & Cost',1,0)",focus_forms/ADMT027.fmx.md,observed_sql_indicator,PKB/SQL and schema
ADMT027.fmx,sql,"INSERT INTO S_FLAGS (LANG_NO, FLG_SR, FLG_VALUE, FLG_CODE, FLG_DESC,FLG_ST, FLG_PRIV) VALUES (1,1,1,'GRP_BY_LST','",focus_forms/ADMT027.fmx.md,observed_sql_indicator,PKB/SQL and schema
ADMT027.fmx,sql,"INSERT INTO S_FLAGS (LANG_NO, FLG_SR, FLG_VALUE, FLG_CODE, FLG_DESC,FLG_ST, FLG_PRIV) VALUES (1,2,2,'GRP_BY_LST','",focus_forms/ADMT027.fmx.md,observed_sql_indicator,PKB/SQL and schema
ADMT027.fmx,sql,"INSERT INTO S_FLAGS (LANG_NO, FLG_SR, FLG_VALUE, FLG_CODE, FLG_DESC,FLG_ST, FLG_PRIV) VALUES (1,3,3,'GRP_BY_LST','",focus_forms/ADMT027.fmx.md,observed_sql_indicator,PKB/SQL and schema
ADMT027.fmx,sql,"INSERT INTO S_FLAGS (LANG_NO, FLG_SR, FLG_VALUE, FLG_CODE, FLG_DESC,FLG_ST, FLG_PRIV) VALUES (1,4,4,'GRP_BY_LST','",focus_forms/ADMT027.fmx.md,observed_sql_indicator,PKB/SQL and schema
ADMT027.fmx,sql,"INSERT INTO S_FLAGS (LANG_NO, FLG_SR, FLG_VALUE, FLG_CODE, FLG_DESC,FLG_ST, FLG_PRIV) VALUES (1,5,5,'GRP_BY_LST','",focus_forms/ADMT027.fmx.md,observed_sql_indicator,PKB/SQL and schema
ADMT027.fmx,sql,"INSERT INTO S_FLAGS (LANG_NO, FLG_SR, FLG_VALUE, FLG_CODE, FLG_DESC,FLG_ST, FLG_PRIV) VALUES (1,6,6,'GRP_BY_LST','",focus_forms/ADMT027.fmx.md,observed_sql_indicator,PKB/SQL and schema
ADMT027.fmx,sql,"INSERT INTO S_FLAGS (LANG_NO, FLG_SR, FLG_VALUE, FLG_CODE, FLG_DESC,FLG_ST, FLG_PRIV) VALUES (1,7,7,'GRP_BY_LST','",focus_forms/ADMT027.fmx.md,observed_sql_indicator,PKB/SQL and schema
ADMT027.fmx,sql,"INSERT INTO S_FLAGS (LANG_NO, FLG_SR, FLG_VALUE, FLG_CODE, FLG_DESC,FLG_ST, FLG_PRIV) VALUES (1,8,8,'GRP_BY_LST','",focus_forms/ADMT027.fmx.md,observed_sql_indicator,PKB/SQL and schema
ADMT027.fmx,sql,"INSERT INTO S_FLAGS (LANG_NO, FLG_SR, FLG_VALUE, FLG_CODE, FLG_DESC,FLG_ST, FLG_PRIV) VALUES (2,1,1,'GRP_BY_LST','By Item',1,0)",focus_forms/ADMT027.fmx.md,observed_sql_indicator,PKB/SQL and schema
ADMT027.fmx,sql,"INSERT INTO S_FLAGS (LANG_NO, FLG_SR, FLG_VALUE, FLG_CODE, FLG_DESC,FLG_ST, FLG_PRIV) VALUES (2,2,2,'GRP_BY_LST','By Item and Group',1,0)",focus_forms/ADMT027.fmx.md,observed_sql_indicator,PKB/SQL and schema
ADMT027.fmx,sql,"INSERT INTO S_FLAGS (LANG_NO, FLG_SR, FLG_VALUE, FLG_CODE, FLG_DESC,FLG_ST, FLG_PRIV) VALUES (2,3,3,'GRP_BY_LST','By Item and Warehouse',1,0)",focus_forms/ADMT027.fmx.md,observed_sql_indicator,PKB/SQL and schema
ADMT027.fmx,sql,"INSERT INTO S_FLAGS (LANG_NO, FLG_SR, FLG_VALUE, FLG_CODE, FLG_DESC,FLG_ST, FLG_PRIV) VALUES (2,4,4,'GRP_BY_LST','By Item , Warehouse And Group',1,0)",focus_forms/ADMT027.fmx.md,observed_sql_indicator,PKB/SQL and schema
ADMT027.fmx,sql,"INSERT INTO S_FLAGS (LANG_NO, FLG_SR, FLG_VALUE, FLG_CODE, FLG_DESC,FLG_ST, FLG_PRIV) VALUES (2,5,5,'GRP_BY_LST','By Item and Group Warehouse',1,0)",focus_forms/ADMT027.fmx.md,observed_sql_indicator,PKB/SQL and schema
ADMT027.fmx,sql,"INSERT INTO S_FLAGS (LANG_NO, FLG_SR, FLG_VALUE, FLG_CODE, FLG_DESC,FLG_ST, FLG_PRIV) VALUES (2,6,6,'GRP_BY_LST','By Group',1,0)",focus_forms/ADMT027.fmx.md,observed_sql_indicator,PKB/SQL and schema
ADMT027.fmx,sql,"INSERT INTO S_FLAGS (LANG_NO, FLG_SR, FLG_VALUE, FLG_CODE, FLG_DESC,FLG_ST, FLG_PRIV) VALUES (2,7,7,'GRP_BY_LST','By Warehouse',1,0)",focus_forms/ADMT027.fmx.md,observed_sql_indicator,PKB/SQL and schema
ADMT027.fmx,sql,"INSERT INTO S_FLAGS (LANG_NO, FLG_SR, FLG_VALUE, FLG_CODE, FLG_DESC,FLG_ST, FLG_PRIV) VALUES (2,8,8,'GRP_BY_LST','By Group Warehouse',1,0)",focus_forms/ADMT027.fmx.md,observed_sql_indicator,PKB/SQL and schema
ADMT027.fmx,sql,"INSERT INTO S_FLAGS (LANG_NO, FLG_SR, FLG_VALUE, FLG_CODE, FLG_DESC, FLG_ST, FLG_PRIV) Values (1, 1, 0, 'CST_COMM_SLICES_TYP', '",focus_forms/ADMT027.fmx.md,observed_sql_indicator,PKB/SQL and schema
ADMT027.fmx,sql,"INSERT INTO S_FLAGS (LANG_NO, FLG_SR, FLG_VALUE, FLG_CODE, FLG_DESC, FLG_ST, FLG_PRIV) Values (2, 1, 0, 'CST_COMM_SLICES_TYP', 'Not Use',1, 0)",focus_forms/ADMT027.fmx.md,observed_sql_indicator,PKB/SQL and schema
ADMT027.fmx,sql,"INSERT INTO S_FLAGS (LANG_NO, FLG_SR, FLG_VALUE, FLG_CODE, FLG_DESC, FLG_ST, FLG_PRIV) Values (1, 2, 1, 'CST_COMM_SLICES_TYP', '",focus_forms/ADMT027.fmx.md,observed_sql_indicator,PKB/SQL and schema
ADMT027.fmx,sql,"INSERT INTO S_FLAGS (LANG_NO, FLG_SR, FLG_VALUE, FLG_CODE, FLG_DESC, FLG_ST, FLG_PRIV) Values (2, 2, 1, 'CST_COMM_SLICES_TYP', 'Net Sales Amount', 1, 0)",focus_forms/ADMT027.fmx.md,observed_sql_indicator,PKB/SQL and schema
ADMT027.fmx,sql,"INSERT INTO S_FLAGS (LANG_NO, FLG_SR, FLG_VALUE, FLG_CODE, FLG_DESC, FLG_ST, FLG_PRIV) Values (1, 3, 2, 'CST_COMM_SLICES_TYP', '",focus_forms/ADMT027.fmx.md,observed_sql_indicator,PKB/SQL and schema
ADMT027.fmx,sql,"INSERT INTO S_FLAGS (LANG_NO, FLG_SR, FLG_VALUE, FLG_CODE, FLG_DESC, FLG_ST, FLG_PRIV) Values (2, 3, 2, 'CST_COMM_SLICES_TYP', 'Sales Plan', 1, 0)",focus_forms/ADMT027.fmx.md,observed_sql_indicator,PKB/SQL and schema
ADMT027.fmx,sql,"INSERT INTO S_FLAGS (LANG_NO, FLG_SR, FLG_VALUE, FLG_CODE, FLG_DESC, FLG_ST, FLG_PRIV) Values (1, 4, 3, 'CST_COMM_SLICES_TYP', '",focus_forms/ADMT027.fmx.md,observed_sql_indicator,PKB/SQL and schema
ADMT027.fmx,sql,"INSERT INTO S_FLAGS (LANG_NO, FLG_SR, FLG_VALUE, FLG_CODE, FLG_DESC, FLG_ST, FLG_PRIV) Values (2, 4, 3, 'CST_COMM_SLICES_TYP', 'Paid Age', 1, 0)",focus_forms/ADMT027.fmx.md,observed_sql_indicator,PKB/SQL and schema
ADMT027.fmx,sql,"INSERT INTO S_FLAGS (LANG_NO, FLG_SR, FLG_VALUE, FLG_CODE, FLG_DESC, FLG_ST, FLG_PRIV) Values (1, 5, 4, 'CST_COMM_SLICES_TYP', '",focus_forms/ADMT027.fmx.md,observed_sql_indicator,PKB/SQL and schema
ADMT027.fmx,sql,"INSERT INTO S_FLAGS (LANG_NO, FLG_SR, FLG_VALUE, FLG_CODE, FLG_DESC, FLG_ST, FLG_PRIV) Values (2, 5, 4, 'CST_COMM_SLICES_TYP', 'Quantities', 1, 0)",focus_forms/ADMT027.fmx.md,observed_sql_indicator,PKB/SQL and schema
ADMT027.fmx,sql,"INSERT INTO S_FLAGS (LANG_NO, FLG_SR, FLG_VALUE, FLG_CODE, FLG_DESC, FLG_ST, FLG_PRIV) Values (1, 1, 1, 'CST_COMM_TYP', '",focus_forms/ADMT027.fmx.md,observed_sql_indicator,PKB/SQL and schema
ADMT027.fmx,sql,"INSERT INTO S_FLAGS (LANG_NO, FLG_SR, FLG_VALUE, FLG_CODE, FLG_DESC, FLG_ST, FLG_PRIV) Values (2, 1, 1, 'CST_COMM_TYP', 'By Customer', 1, 0)",focus_forms/ADMT027.fmx.md,observed_sql_indicator,PKB/SQL and schema
ADMT027.fmx,sql,"INSERT INTO S_FLAGS (LANG_NO, FLG_SR, FLG_VALUE, FLG_CODE, FLG_DESC, FLG_ST, FLG_PRIV) Values (1, 2, 2, 'CST_COMM_TYP', '",focus_forms/ADMT027.fmx.md,observed_sql_indicator,PKB/SQL and schema
ADMT027.fmx,sql,"INSERT INTO S_FLAGS (LANG_NO, FLG_SR, FLG_VALUE, FLG_CODE, FLG_DESC, FLG_ST, FLG_PRIV) Values (2, 2, 2, 'CST_COMM_TYP', 'By Customer Group', 1, 0)",focus_forms/ADMT027.fmx.md,observed_sql_indicator,PKB/SQL and schema
ADMT027.fmx,sql,"INSERT INTO S_FLAGS (LANG_NO, FLG_SR, FLG_VALUE, FLG_CODE, FLG_DESC, FLG_ST, FLG_PRIV) Values (1, 3, 3, 'CST_COMM_TYP', '",focus_forms/ADMT027.fmx.md,observed_sql_indicator,PKB/SQL and schema
ADMT027.fmx,sql,"INSERT INTO S_FLAGS (LANG_NO, FLG_SR, FLG_VALUE, FLG_CODE, FLG_DESC, FLG_ST, FLG_PRIV) Values (2, 3, 3, 'CST_COMM_TYP', 'By Customer Class', 1, 0)",focus_forms/ADMT027.fmx.md,observed_sql_indicator,PKB/SQL and schema
ADMT027.fmx,sql,"INSERT INTO S_FLAGS (LANG_NO, FLG_SR, FLG_VALUE, FLG_CODE, FLG_DESC, FLG_ST, FLG_PRIV) Values (1, 4, 4, 'CST_COMM_TYP', '",focus_forms/ADMT027.fmx.md,observed_sql_indicator,PKB/SQL and schema
ADMT027.fmx,sql,"INSERT INTO S_FLAGS (LANG_NO, FLG_SR, FLG_VALUE, FLG_CODE, FLG_DESC, FLG_ST, FLG_PRIV) Values (2, 4, 4, 'CST_COMM_TYP', 'By Customer Degree', 1, 0)",focus_forms/ADMT027.fmx.md,observed_sql_indicator,PKB/SQL and schema
ADMT027.fmx,sql,"INSERT INTO S_FLAGS (LANG_NO, FLG_SR, FLG_VALUE, FLG_CODE, FLG_DESC, FLG_ST, FLG_PRIV) Values (1, 5, 5, 'CST_COMM_TYP', '",focus_forms/ADMT027.fmx.md,observed_sql_indicator,PKB/SQL and schema
ADMT027.fmx,sql,"INSERT INTO S_FLAGS (LANG_NO, FLG_SR, FLG_VALUE, FLG_CODE, FLG_DESC, FLG_ST, FLG_PRIV) Values (2, 5, 5, 'CST_COMM_TYP', 'By Region', 1, 0)",focus_forms/ADMT027.fmx.md,observed_sql_indicator,PKB/SQL and schema
ADMT027.fmx,sql,"INSERT INTO S_FLAGS ( LANG_NO, FLG_SR, FLG_VALUE, FLG_CODE, FLG_DESC, FLG_ST, FLG_PRIV,LBL_NO ) VALUES (1, 1, 2, 'INPT_SCR_PRV', '",focus_forms/ADMT027.fmx.md,observed_sql_indicator,PKB/SQL and schema
ADMT027.fmx,sql,"INSERT INTO S_FLAGS ( LANG_NO, FLG_SR, FLG_VALUE, FLG_CODE, FLG_DESC, FLG_ST, FLG_PRIV,LBL_NO ) VALUES (1, 2, 3, 'INPT_SCR_PRV', '",focus_forms/ADMT027.fmx.md,observed_sql_indicator,PKB/SQL and schema
ADMT027.fmx,sql,"INSERT INTO S_FLAGS ( LANG_NO, FLG_SR, FLG_VALUE, FLG_CODE, FLG_DESC, FLG_ST, FLG_PRIV,LBL_NO ) VALUES (1, 3, 4, 'INPT_SCR_PRV', '",focus_forms/ADMT027.fmx.md,observed_sql_indicator,PKB/SQL and schema
ADMT027.fmx,sql,"INSERT INTO S_FLAGS ( LANG_NO, FLG_SR, FLG_VALUE, FLG_CODE, FLG_DESC, FLG_ST, FLG_PRIV,LBL_NO ) VALUES (1, 4, 5, 'INPT_SCR_PRV', '",focus_forms/ADMT027.fmx.md,observed_sql_indicator,PKB/SQL and schema
ADMT027.fmx,sql,"INSERT INTO S_FLAGS ( LANG_NO, FLG_SR, FLG_VALUE, FLG_CODE, FLG_DESC, FLG_ST, FLG_PRIV,LBL_NO ) VALUES (1, 5, 6, 'INPT_SCR_PRV', '",focus_forms/ADMT027.fmx.md,observed_sql_indicator,PKB/SQL and schema
ADMT027.fmx,sql,"INSERT INTO S_FLAGS ( LANG_NO, FLG_SR, FLG_VALUE, FLG_CODE, FLG_DESC, FLG_ST, FLG_PRIV,LBL_NO ) VALUES (1, 6, 10, 'INPT_SCR_PRV', '",focus_forms/ADMT027.fmx.md,observed_sql_indicator,PKB/SQL and schema
ADMT027.fmx,sql,"INSERT INTO S_FLAGS ( LANG_NO, FLG_SR, FLG_VALUE, FLG_CODE, FLG_DESC, FLG_ST, FLG_PRIV,LBL_NO ) VALUES (1, 7, 11, 'INPT_SCR_PRV', '",focus_forms/ADMT027.fmx.md,observed_sql_indicator,PKB/SQL and schema
ADMT027.fmx,sql,"INSERT INTO S_FLAGS ( LANG_NO, FLG_SR, FLG_VALUE, FLG_CODE, FLG_DESC, FLG_ST, FLG_PRIV,LBL_NO ) VALUES (1, 8, 12, 'INPT_SCR_PRV', '",focus_forms/ADMT027.fmx.md,observed_sql_indicator,PKB/SQL and schema
ADMT027.fmx,sql,"INSERT INTO S_FLAGS ( LANG_NO, FLG_SR, FLG_VALUE, FLG_CODE, FLG_DESC, FLG_ST, FLG_PRIV,LBL_NO ) VALUES (1, 9, 13, 'INPT_SCR_PRV', '",focus_forms/ADMT027.fmx.md,observed_sql_indicator,PKB/SQL and schema
ADMT027.fmx,sql,"INSERT INTO S_FLAGS ( LANG_NO, FLG_SR, FLG_VALUE, FLG_CODE, FLG_DESC, FLG_ST, FLG_PRIV,LBL_NO ) VALUES (1, 10, 14, 'INPT_SCR_PRV', '",focus_forms/ADMT027.fmx.md,observed_sql_indicator,PKB/SQL and schema
ADMT027.fmx,sql,"INSERT INTO S_FLAGS ( LANG_NO, FLG_SR, FLG_VALUE, FLG_CODE, FLG_DESC, FLG_ST, FLG_PRIV,LBL_NO ) VALUES (1, 11, 20, 'INPT_SCR_PRV', '",focus_forms/ADMT027.fmx.md,observed_sql_indicator,PKB/SQL and schema
ADMT027.fmx,sql,"INSERT INTO S_FLAGS ( LANG_NO, FLG_SR, FLG_VALUE, FLG_CODE, FLG_DESC, FLG_ST, FLG_PRIV,LBL_NO ) VALUES (1, 12, 21, 'INPT_SCR_PRV', '",focus_forms/ADMT027.fmx.md,observed_sql_indicator,PKB/SQL and schema
ADMT027.fmx,sql,"INSERT INTO S_FLAGS ( LANG_NO, FLG_SR, FLG_VALUE, FLG_CODE, FLG_DESC, FLG_ST, FLG_PRIV,LBL_NO ) VALUES (1, 13, 22, 'INPT_SCR_PRV', '",focus_forms/ADMT027.fmx.md,observed_sql_indicator,PKB/SQL and schema
ADMT027.fmx,sql,"INSERT INTO S_FLAGS ( LANG_NO, FLG_SR, FLG_VALUE, FLG_CODE, FLG_DESC, FLG_ST, FLG_PRIV,LBL_NO ) VALUES (1, 14, 23, 'INPT_SCR_PRV', '",focus_forms/ADMT027.fmx.md,observed_sql_indicator,PKB/SQL and schema
ADMT027.fmx,sql,"INSERT INTO S_FLAGS ( LANG_NO, FLG_SR, FLG_VALUE, FLG_CODE, FLG_DESC, FLG_ST, FLG_PRIV,LBL_NO ) VALUES (1, 15, 25, 'INPT_SCR_PRV', '",focus_forms/ADMT027.fmx.md,observed_sql_indicator,PKB/SQL and schema
ADMT027.fmx,sql,"INSERT INTO S_FLAGS ( LANG_NO, FLG_SR, FLG_VALUE, FLG_CODE, FLG_DESC, FLG_ST, FLG_PRIV,LBL_NO ) VALUES (1, 16, 26, 'INPT_SCR_PRV', '",focus_forms/ADMT027.fmx.md,observed_sql_indicator,PKB/SQL and schema
ADMT027.fmx,sql,"INSERT INTO S_FLAGS ( LANG_NO, FLG_SR, FLG_VALUE, FLG_CODE, FLG_DESC, FLG_ST, FLG_PRIV,LBL_NO ) VALUES (1, 17, 27, 'INPT_SCR_PRV', '",focus_forms/ADMT027.fmx.md,observed_sql_indicator,PKB/SQL and schema
ADMT027.fmx,sql,"INSERT INTO S_FLAGS ( LANG_NO, FLG_SR, FLG_VALUE, FLG_CODE, FLG_DESC, FLG_ST, FLG_PRIV,LBL_NO ) VALUES (1, 18, 28, 'INPT_SCR_PRV', '",focus_forms/ADMT027.fmx.md,observed_sql_indicator,PKB/SQL and schema
ADMT027.fmx,sql,"INSERT INTO S_FLAGS ( LANG_NO, FLG_SR, FLG_VALUE, FLG_CODE, FLG_DESC, FLG_ST, FLG_PRIV,LBL_NO ) VALUES (1, 19, 29, 'INPT_SCR_PRV', '",focus_forms/ADMT027.fmx.md,observed_sql_indicator,PKB/SQL and schema
ADMT027.fmx,sql,"INSERT INTO S_FLAGS ( LANG_NO, FLG_SR, FLG_VALUE, FLG_CODE, FLG_DESC, FLG_ST, FLG_PRIV,LBL_NO ) VALUES (1, 20, 30, 'INPT_SCR_PRV', '",focus_forms/ADMT027.fmx.md,observed_sql_indicator,PKB/SQL and schema
ADMT027.fmx,sql,"INSERT INTO S_FLAGS ( LANG_NO, FLG_SR, FLG_VALUE, FLG_CODE, FLG_DESC, FLG_ST, FLG_PRIV,LBL_NO ) VALUES (1, 21, 40, 'INPT_SCR_PRV', '",focus_forms/ADMT027.fmx.md,observed_sql_indicator,PKB/SQL and schema
ADMT027.fmx,sql,"INSERT INTO S_FLAGS ( LANG_NO, FLG_SR, FLG_VALUE, FLG_CODE, FLG_DESC, FLG_ST, FLG_PRIV,LBL_NO ) VALUES (1, 22, 45, 'INPT_SCR_PRV', '",focus_forms/ADMT027.fmx.md,observed_sql_indicator,PKB/SQL and schema
ADMT027.fmx,sql,"INSERT INTO S_FLAGS ( LANG_NO, FLG_SR, FLG_VALUE, FLG_CODE, FLG_DESC, FLG_ST, FLG_PRIV,LBL_NO ) VALUES (1, 23, 50, 'INPT_SCR_PRV', '",focus_forms/ADMT027.fmx.md,observed_sql_indicator,PKB/SQL and schema
ADMT027.fmx,sql,"INSERT INTO S_FLAGS ( LANG_NO, FLG_SR, FLG_VALUE, FLG_CODE, FLG_DESC, FLG_ST, FLG_PRIV,LBL_NO ) VALUES (1, 24, 51, 'INPT_SCR_PRV', '",focus_forms/ADMT027.fmx.md,observed_sql_indicator,PKB/SQL and schema
ADMT027.fmx,sql,"INSERT INTO S_FLAGS ( LANG_NO, FLG_SR, FLG_VALUE, FLG_CODE, FLG_DESC, FLG_ST, FLG_PRIV,LBL_NO ) VALUES (1, 25, 52, 'INPT_SCR_PRV', '",focus_forms/ADMT027.fmx.md,observed_sql_indicator,PKB/SQL and schema
ADMT027.fmx,sql,"INSERT INTO S_FLAGS ( LANG_NO, FLG_SR, FLG_VALUE, FLG_CODE, FLG_DESC, FLG_ST, FLG_PRIV,LBL_NO ) VALUES (1, 26, 55, 'INPT_SCR_PRV', '",focus_forms/ADMT027.fmx.md,observed_sql_indicator,PKB/SQL and schema
ADMT027.fmx,sql,"INSERT INTO S_FLAGS ( LANG_NO, FLG_SR, FLG_VALUE, FLG_CODE, FLG_DESC, FLG_ST, FLG_PRIV,LBL_NO ) VALUES (1, 27, 70, 'INPT_SCR_PRV', '",focus_forms/ADMT027.fmx.md,observed_sql_indicator,PKB/SQL and schema
ADMT027.fmx,sql,"INSERT INTO S_FLAGS ( LANG_NO, FLG_SR, FLG_VALUE, FLG_CODE, FLG_DESC, FLG_ST, FLG_PRIV,LBL_NO ) VALUES (1, 28, 90, 'INPT_SCR_PRV', '",focus_forms/ADMT027.fmx.md,observed_sql_indicator,PKB/SQL and schema
ADMT027.fmx,sql,"INSERT INTO S_FLAGS ( LANG_NO, FLG_SR, FLG_VALUE, FLG_CODE, FLG_DESC, FLG_ST, FLG_PRIV,LBL_NO ) VALUES (1, 29, 91, 'INPT_SCR_PRV', '",focus_forms/ADMT027.fmx.md,observed_sql_indicator,PKB/SQL and schema
ADMT027.fmx,sql,"INSERT INTO S_FLAGS ( LANG_NO, FLG_SR, FLG_VALUE, FLG_CODE, FLG_DESC, FLG_ST, FLG_PRIV,LBL_NO ) VALUES (1, 30, 92, 'INPT_SCR_PRV', '",focus_forms/ADMT027.fmx.md,observed_sql_indicator,PKB/SQL and schema
ADMT027.fmx,sql,"INSERT INTO S_FLAGS ( LANG_NO, FLG_SR, FLG_VALUE, FLG_CODE, FLG_DESC, FLG_ST, FLG_PRIV,LBL_NO ) VALUES (2, 1, 2, 'INPT_SCR_PRV', 'Branch', 1, 1, 4042)",focus_forms/ADMT027.fmx.md,observed_sql_indicator,PKB/SQL and schema
ADMT027.fmx,sql,"INSERT INTO S_FLAGS ( LANG_NO, FLG_SR, FLG_VALUE, FLG_CODE, FLG_DESC, FLG_ST, FLG_PRIV,LBL_NO ) VALUES (2, 2, 3, 'INPT_SCR_PRV', 'Accounts', 1, 1, 4042)",focus_forms/ADMT027.fmx.md,observed_sql_indicator,PKB/SQL and schema
ADMT027.fmx,sql,"INSERT INTO S_FLAGS ( LANG_NO, FLG_SR, FLG_VALUE, FLG_CODE, FLG_DESC, FLG_ST, FLG_PRIV,LBL_NO ) VALUES (2, 3, 4, 'INPT_SCR_PRV', 'Cost Centers', 1, 1, 4042)",focus_forms/ADMT027.fmx.md,observed_sql_indicator,PKB/SQL and schema
ADMT027.fmx,sql,"INSERT INTO S_FLAGS ( LANG_NO, FLG_SR, FLG_VALUE, FLG_CODE, FLG_DESC, FLG_ST, FLG_PRIV,LBL_NO ) VALUES (2, 4, 5, 'INPT_SCR_PRV', 'Projects', 1, 1, 4042)",focus_forms/ADMT027.fmx.md,observed_sql_indicator,PKB/SQL and schema
ADMT027.fmx,sql,"INSERT INTO S_FLAGS ( LANG_NO, FLG_SR, FLG_VALUE, FLG_CODE, FLG_DESC, FLG_ST, FLG_PRIV,LBL_NO ) VALUES (2, 5, 6, 'INPT_SCR_PRV', 'Activities', 1, 1, 4042)",focus_forms/ADMT027.fmx.md,observed_sql_indicator,PKB/SQL and schema
ADMT027.fmx,sql,"INSERT INTO S_FLAGS ( LANG_NO, FLG_SR, FLG_VALUE, FLG_CODE, FLG_DESC, FLG_ST, FLG_PRIV,LBL_NO ) VALUES (2, 6, 10, 'INPT_SCR_PRV', 'Funds', 1, 1, 4042)",focus_forms/ADMT027.fmx.md,observed_sql_indicator,PKB/SQL and schema
ADMT027.fmx,sql,"INSERT INTO S_FLAGS ( LANG_NO, FLG_SR, FLG_VALUE, FLG_CODE, FLG_DESC, FLG_ST, FLG_PRIV,LBL_NO ) VALUES (2, 7, 11, 'INPT_SCR_PRV', 'Banks', 1, 1, 4042)",focus_forms/ADMT027.fmx.md,observed_sql_indicator,PKB/SQL and schema
ADMT027.fmx,sql,"INSERT INTO S_FLAGS ( LANG_NO, FLG_SR, FLG_VALUE, FLG_CODE, FLG_DESC, FLG_ST, FLG_PRIV,LBL_NO ) VALUES (2, 8, 12, 'INPT_SCR_PRV', 'Notes Types', 1, 1, 4042)",focus_forms/ADMT027.fmx.md,observed_sql_indicator,PKB/SQL and schema
ADMT027.fmx,sql,"INSERT INTO S_FLAGS ( LANG_NO, FLG_SR, FLG_VALUE, FLG_CODE, FLG_DESC, FLG_ST, FLG_PRIV,LBL_NO ) VALUES (2, 9, 13, 'INPT_SCR_PRV', 'Request Gls Types', 1, 1, 4042)",focus_forms/ADMT027.fmx.md,observed_sql_indicator,PKB/SQL and schema
ADMT027.fmx,sql,"INSERT INTO S_FLAGS ( LANG_NO, FLG_SR, FLG_VALUE, FLG_CODE, FLG_DESC, FLG_ST, FLG_PRIV,LBL_NO ) VALUES (2, 10, 14, 'INPT_SCR_PRV', 'Journal Types', 1, 1, 4042)",focus_forms/ADMT027.fmx.md,observed_sql_indicator,PKB/SQL and schema
ADMT027.fmx,sql,"INSERT INTO S_FLAGS ( LANG_NO, FLG_SR, FLG_VALUE, FLG_COD",focus_forms/ADMT027.fmx.md,observed_sql_indicator,PKB/SQL and schema
ADMT027.fmx,sql,"INSERT INTO S_FLAGS ( LANG_NO, FLG_SR, FLG_VALUE, FLG_CODE, FLG_DESC, FLG_ST, FLG_PRIV,LBL_NO ) VALUES (2, 12, 21, 'INPT_SCR_PRV', 'Items Activities', 1, 1, 4042)",focus_forms/ADMT027.fmx.md,observed_sql_indicator,PKB/SQL and schema
ADMT027.fmx,sql,"INSERT INTO S_FLAGS ( LANG_NO, FLG_SR, FLG_VALUE, FLG_CODE, FLG_DESC, FLG_ST, FLG_PRIV,LBL_NO ) VALUES (2, 13, 22, 'INPT_SCR_PRV', 'Warehouse', 1, 1, 4042)",focus_forms/ADMT027.fmx.md,observed_sql_indicator,PKB/SQL and schema
ADMT027.fmx,sql,"INSERT INTO S_FLAGS ( LANG_NO, FLG_SR, FLG_VALUE, FLG_CODE, FLG_DESC, FLG_ST, FLG_PRIV,LBL_NO ) VALUES (2, 14, 23, 'INPT_SCR_PRV', 'Items Pricing', 1, 1, 4042)",focus_forms/ADMT027.fmx.md,observed_sql_indicator,PKB/SQL and schema
ADMT027.fmx,sql,"INSERT INTO S_FLAGS ( LANG_NO, FLG_SR, FLG_VALUE, FLG_CODE, FLG_DESC, FLG_ST, FLG_PRIV,LBL_NO ) VALUES (2, 15, 25, 'INPT_SCR_PRV', 'Stk. Request types', 1, 1, 4042)",focus_forms/ADMT027.fmx.md,observed_sql_indicator,PKB/SQL and schema
ADMT027.fmx,sql,"INSERT INTO S_FLAGS ( LANG_NO, FLG_SR, FLG_VALUE, FLG_CODE, FLG_DESC, FLG_ST, FLG_PRIV,LBL_NO ) VALUES (2, 16, 26, 'INPT_SCR_PRV', 'Stk. Incoming types', 1, 1, 4042)",focus_forms/ADMT027.fmx.md,observed_sql_indicator,PKB/SQL and schema
ADMT027.fmx,sql,"INSERT INTO S_FLAGS ( LANG_NO, FLG_SR, FLG_VALUE, FLG_CODE, FLG_DESC, FLG_ST, FLG_PRIV,LBL_NO ) VALUES (2, 17, 27, 'INPT_SCR_PRV', 'Stk. Outgoing types', 1, 1, 4042)",focus_forms/ADMT027.fmx.md,observed_sql_indicator,PKB/SQL and schema
ADMT027.fmx,sql,"INSERT INTO S_FLAGS ( LANG_NO, FLG_SR, FLG_VALUE, FLG_CODE, FLG_DESC, FLG_ST, FLG_PRIV,LBL_NO ) VALUES (2, 18, 28, 'INPT_SCR_PRV', 'Stk. Transfer types', 1, 1, 4042)",focus_forms/ADMT027.fmx.md,observed_sql_indicator,PKB/SQL and schema
ADMT027.fmx,sql,"INSERT INTO S_FLAGS ( LANG_NO, FLG_SR, FLG_VALUE, FLG_CODE, FLG_DESC, FLG_ST, FLG_PRIV,LBL_NO ) VALUES (2, 19, 29, 'INPT_SCR_PRV', 'Stk. Adjustment types', 1, 1, 4042)",focus_forms/ADMT027.fmx.md,observed_sql_indicator,PKB/SQL and schema
ADMT027.fmx,sql,"INSERT INTO S_FLAGS ( LANG_NO, FLG_SR, FLG_VALUE, FLG_CODE, FLG_DESC, FLG_ST, FLG_PRIV,LBL_NO ) VALUES (2, 20, 30, 'INPT_SCR_PRV', 'Inventory Manualtypes', 1, 1, 4042)",focus_forms/ADMT027.fmx.md,observed_sql_indicator,PKB/SQL and schema
ADMT027.fmx,sql,"INSERT INTO S_FLAGS ( LANG_NO, FLG_SR, FLG_VALUE, FLG_CODE, FLG_DESC, FLG_ST, FLG_PRIV,LBL_NO ) VALUES (2, 21, 40, 'INPT_SCR_PRV', 'Vendors', 1, 1, 4042)",focus_forms/ADMT027.fmx.md,observed_sql_indicator,PKB/SQL and schema
ADMT027.fmx,sql,"INSERT INTO S_FLAGS ( LANG_NO, FLG_SR, FLG_VALUE, FLG_CODE, FLG_DESC, FLG_ST, FLG_PRIV,LBL_NO ) VALUES (2, 22, 45, 'INPT_SCR_PRV', 'Purchase System types', 1, 1, 4042)",focus_forms/ADMT027.fmx.md,observed_sql_indicator,PKB/SQL and schema
ADMT027.fmx,sql,"INSERT INTO S_FLAGS ( LANG_NO, FLG_SR, FLG_VALUE, FLG_CODE, FLG_DESC, FLG_ST, FLG_PRIV,LBL_NO ) VALUES (2, 23, 50, 'INPT_SCR_PRV', 'Customers', 1, 1, 4042)",focus_forms/ADMT027.fmx.md,observed_sql_indicator,PKB/SQL and schema
ADMT027.fmx,sql,"INSERT INTO S_FLAGS ( LANG_NO, FLG_SR, FLG_VALUE, FLG_CODE, FLG_DESC, FLG_ST, FLG_PRIV,LBL_NO ) VALUES (2, 24, 51, 'INPT_SCR_PRV', 'Sales Man', 1, 1, 4042)",focus_forms/ADMT027.fmx.md,observed_sql_indicator,PKB/SQL and schema
ADMT027.fmx,sql,"INSERT INTO S_FLAGS ( LANG_NO, FLG_SR, FLG_VALUE, FLG_CODE, FLG_DESC, FLG_ST, FLG_PRIV,LBL_NO ) VALUES (2, 25, 52, 'INPT_SCR_PRV', 'Collectors', 1, 1, 4042)",focus_forms/ADMT027.fmx.md,observed_sql_indicator,PKB/SQL and schema
ADMT027.fmx,sql,"INSERT INTO S_FLAGS ( LANG_NO, FLG_SR, FLG_VALUE, FLG_CODE, FLG_DESC, FLG_ST, FLG_PRIV,LBL_NO ) VALUES (2, 26, 55, 'INPT_SCR_PRV', 'Sales System types', 1, 1, 4042)",focus_forms/ADMT027.fmx.md,observed_sql_indicator,PKB/SQL and schema
ADMT027.fmx,sql,"INSERT INTO S_FLAGS ( LANG_NO, FLG_SR, FLG_VALUE, FLG_CODE, FLG_DESC, FLG_ST, FLG_PRIV,LBL_NO ) VALUES (2, 27, 70, 'INPT_SCR_PRV', 'Salary Artcle', 1, 1, 4042)",focus_forms/ADMT027.fmx.md,observed_sql_indicator,PKB/SQL and schema
ADMT027.fmx,sql,"INSERT INTO S_FLAGS ( LANG_NO, FLG_SR, FLG_VALUE, FLG_CODE, FLG_DESC, FLG_ST, FLG_PRIV,LBL_NO ) VALUES (2, 28, 90, 'INPT_SCR_PRV', 'Lists', 1, 1, 4042)",focus_forms/ADMT027.fmx.md,observed_sql_indicator,PKB/SQL and schema
ADMT027.fmx,sql,"INSERT INTO S_FLAGS ( LANG_NO, FLG_SR, FLG_VALUE, FLG_CODE, FLG_DESC, FLG_ST, FLG_PRIV,LBL_NO ) VALUES (2, 29, 91, 'INPT_SCR_PRV', 'Fields', 1, 1, 4042)",focus_forms/ADMT027.fmx.md,observed_sql_indicator,PKB/SQL and schema
ADMT027.fmx,sql,"INSERT INTO S_FLAGS ( LANG_NO, FLG_SR, FLG_VALUE, FLG_CODE, FLG_DESC, FLG_ST, FLG_PRIV,LBL_NO ) VALUES (2, 30, 92, 'INPT_SCR_PRV', 'Printing Sample', 1, 1, 4042)",focus_forms/ADMT027.fmx.md,observed_sql_indicator,PKB/SQL and schema
ADMT027.fmx,sql,"INSERT INTO S_FLAGS (LANG_NO, FLG_SR, FLG_VALUE, FLG_CODE, FLG_DESC, FLG_ST, FLG_PRIV) Values (1, 1, 0, 'EMP_PRV_TYP', '",focus_forms/ADMT027.fmx.md,observed_sql_indicator,PKB/SQL and schema
ADMT027.fmx,sql,"INSERT INTO S_FLAGS (LANG_NO, FLG_SR, FLG_VALUE, FLG_CODE, FLG_DESC, FLG_ST, FLG_PRIV) Values (2, 1, 0, 'EMP_PRV_TYP', 'Not Use', 1, 0)",focus_forms/ADMT027.fmx.md,observed_sql_indicator,PKB/SQL and schema
ADMT027.fmx,sql,"INSERT INTO S_FLAGS (LANG_NO, FLG_SR, FLG_VALUE, FLG_CODE, FLG_DESC, FLG_ST, FLG_PRIV) Values (2, 2, 1, 'EMP_PRV_TYP', 'By Employee', 1, 0)",focus_forms/ADMT027.fmx.md,observed_sql_indicator,PKB/SQL and schema
ADMT027.fmx,sql,"INSERT INTO S_FLAGS (LANG_NO, FLG_SR, FLG_VALUE, FLG_CODE, FLG_DESC, FLG_ST, FLG_PRIV) Values (1, 2, 1, 'EMP_PRV_TYP', '",focus_forms/ADMT027.fmx.md,observed_sql_indicator,PKB/SQL and schema
ADMT027.fmx,sql,"INSERT INTO S_FLAGS (LANG_NO, FLG_SR, FLG_VALUE, FLG_CODE, FLG_DESC, FLG_ST, FLG_PRIV) Values (2, 3, 2, 'EMP_PRV_TYP', 'By Hierarchy Levels', 1, 0)",focus_forms/ADMT027.fmx.md,observed_sql_indicator,PKB/SQL and schema
ADMT027.fmx,sql,"INSERT INTO S_FLAGS (LANG_NO, FLG_SR, FLG_VALUE, FLG_CODE, FLG_DESC, FLG_ST, FLG_PRIV) Values (1, 3, 2, 'EMP_PRV_TYP', '",focus_forms/ADMT027.fmx.md,observed_sql_indicator,PKB/SQL and schema
ADMT027.fmx,sql,"INSERT INTO S_FLAGS (LANG_NO, FLG_SR, FLG_VALUE, FLG_CODE, FLG_DESC, FLG_ST, FLG_PRIV, LBL_NO) Values (2, 31, 71, 'INPT_SCR_PRV', 'Employees', 1, 1, 4042)",focus_forms/ADMT027.fmx.md,observed_sql_indicator,PKB/SQL and schema
ADMT027.fmx,sql,"INSERT INTO S_FLAGS (LANG_NO, FLG_SR, FLG_VALUE, FLG_CODE, FLG_DESC, FLG_ST, FLG_PRIV, LBL_NO) Values (1, 31, 71, 'INPT_SCR_PRV', '",focus_forms/ADMT027.fmx.md,observed_sql_indicator,PKB/SQL and schema
ADMT027.fmx,sql,"INSERT INTO S_FLAGS (LANG_NO, FLG_SR, FLG_VALUE, FLG_CODE, FLG_DESC, FLG_ST, FLG_PRIV, LBL_NO) Values (1, 32, 72, 'INPT_SCR_PRV', '",focus_forms/ADMT027.fmx.md,observed_sql_indicator,PKB/SQL and schema
ADMT027.fmx,sql,"INSERT INTO S_FLAGS (LANG_NO, FLG_SR, FLG_VALUE, FLG_CODE, FLG_DESC, FLG_ST, FLG_PRIV, LBL_NO) Values (2, 32, 72, 'INPT_SCR_PRV', 'Hierarchy Levels', 1, 1, 4042)",focus_forms/ADMT027.fmx.md,observed_sql_indicator,PKB/SQL and schema
ADMT027.fmx,sql,UPDATE S_FLAGS SET FLG_DESC = ',focus_forms/ADMT027.fmx.md,observed_sql_indicator,PKB/SQL and schema
ADMT027.fmx,sql,UPDATE S_FLAGS SET FLG_DESC = 'Allow Out With Approved Code' WHERE LANG_NO=2 AND FLG_CODE='INSRNCE_OUT_TYP' AND FLG_VALUE=2,focus_forms/ADMT027.fmx.md,observed_sql_indicator,PKB/SQL and schema
ADMT027.fmx,sql,"INSERT INTO S_FLAGS ( LANG_NO, FLG_SR, FLG_VALUE, FLG_CODE, FLG_DESC, FLG_ST,FLG_PRIV ) VALUES (1, 1, 1, 'INSRNCE_OUT_TYP', '",focus_forms/ADMT027.fmx.md,observed_sql_indicator,PKB/SQL and schema
ADMT027.fmx,sql,"INSERT INTO S_FLAGS ( LANG_NO, FLG_SR, FLG_VALUE, FLG_CODE, FLG_DESC, FLG_ST,FLG_PRIV ) VALUES (2, 1, 1, 'INSRNCE_OUT_TYP', 'Allow Out', 1, 0)",focus_forms/ADMT027.fmx.md,observed_sql_indicator,PKB/SQL and schema
ADMT027.fmx,sql,"INSERT INTO S_FLAGS ( LANG_NO, FLG_SR, FLG_VALUE, FLG_CODE, FLG_DESC, FLG_ST,FLG_PRIV ) VALUES ( 1, 2, 2,'INSRNCE_OUT_TYP','",focus_forms/ADMT027.fmx.md,observed_sql_indicator,PKB/SQL and schema
ADMT027.fmx,sql,"INSERT INTO S_FLAGS ( LANG_NO, FLG_SR, FLG_VALUE, FLG_CODE, FLG_DESC, FLG_ST,FLG_PRIV ) VALUES ( 2, 2, 2,'INSRNCE_OUT_TYP', 'Allow Out With Approved Code', 1, 0)",focus_forms/ADMT027.fmx.md,observed_sql_indicator,PKB/SQL and schema
ADMT027.fmx,sql,"INSERT INTO S_FLAGS ( LANG_NO, FLG_SR, FLG_VALUE, FLG_CODE, FLG_DESC, FLG_ST,FLG_PRIV ) VALUES (1, 1, 1, 'INSRNCE_RLTN_TYP', '",focus_forms/ADMT027.fmx.md,observed_sql_indicator,PKB/SQL and schema
ADMT027.fmx,sql,"INSERT INTO S_FLAGS ( LANG_NO, FLG_SR, FLG_VALUE, FLG_CODE, FLG_DESC, FLG_ST,FLG_PRIV ) VALUES (2, 1, 1, 'INSRNCE_RLTN_TYP', 'Contributor', 1, 0)",focus_forms/ADMT027.fmx.md,observed_sql_indicator,PKB/SQL and schema
ADMT027.fmx,sql,"INSERT INTO S_FLAGS ( LANG_NO, FLG_SR, FLG_VALUE, FLG_CODE, FLG_DESC, FLG_ST,FLG_PRIV ) VALUES (1, 2, 2, 'INSRNCE_RLTN_TYP', '",focus_forms/ADMT027.fmx.md,observed_sql_indicator,PKB/SQL and schema
ADMT027.fmx,sql,"INSERT INTO S_FLAGS ( LANG_NO, FLG_SR, FLG_VALUE, FLG_CODE, FLG_DESC, FLG_ST,FLG_PRIV ) VALUES (2, 2, 2, 'INSRNCE_RLTN_TYP', 'Wife', 1, 0)",focus_forms/ADMT027.fmx.md,observed_sql_indicator,PKB/SQL and schema
ADMT027.fmx,sql,"INSERT INTO S_FLAGS ( LANG_NO, FLG_SR, FLG_VALUE, FLG_CODE, FLG_DESC, FLG_ST,FLG_PRIV ) VALUES (1, 3, 3, 'INSRNCE_RLTN_TYP', '",focus_forms/ADMT027.fmx.md,observed_sql_indicator,PKB/SQL and schema
ADMT027.fmx,sql,"INSERT INTO S_FLAGS ( LANG_NO, FLG_SR, FLG_VALUE, FLG_CODE, FLG_DESC, FLG_ST,FLG_PRIV ) VALUES (2, 3, 3, 'INSRNCE_RLTN_TYP', 'Children', 1, 0)",focus_forms/ADMT027.fmx.md,observed_sql_indicator,PKB/SQL and schema
ADMT027.fmx,sql,"INSERT INTO S_FLAGS ( LANG_NO, FLG_SR, FLG_VALUE, FLG_CODE, FLG_DESC, FLG_ST,FLG_PRIV ) VALUES (1, 4, 4, 'INSRNCE_RLTN_TYP', '",focus_forms/ADMT027.fmx.md,observed_sql_indicator,PKB/SQL and schema
ADMT027.fmx,metadata,ADMT027,focus_forms/ADMT027.fmx.md,specification_only,none
ADMT027.fmx,metadata,YSERP_MNU.MMX,focus_forms/ADMT027.fmx.md,specification_only,none
ADMT027.fmx,metadata,AMERICAN_AMERICA.AR8MSWIN1256,focus_forms/ADMT027.fmx.md,specification_only,none
ADMT027.fmx,metadata,P0_15_DEC_201605_26_28,focus_forms/ADMT027.fmx.md,specification_only,none
ADMT027.fmx,metadata,SQLFORMS,focus_forms/ADMT027.fmx.md,specification_only,none
ADMT027.fmx,metadata,"""PKG INIT""<anonymous>""""",focus_forms/ADMT027.fmx.md,specification_only,none
ADMT027.fmx,metadata,P1_15_DEC_201605_26_28,focus_forms/ADMT027.fmx.md,specification_only,none
ADMT027.fmx,metadata,P2_15_DEC_201605_26_28,focus_forms/ADMT027.fmx.md,specification_only,none
ADMT027.fmx,metadata,P3_15_DEC_201605_26_28,focus_forms/ADMT027.fmx.md,specification_only,none
ADMT027.fmx,metadata,/LYSERP_LIB,focus_forms/ADMT027.fmx.md,specification_only,none
ADMT027.fmx,metadata,GEN_PKG,focus_forms/ADMT027.fmx.md,specification_only,none
ADMT027.fmx,metadata,P4_15_DEC_201605_26_28,focus_forms/ADMT027.fmx.md,specification_only,none
ADMT027.fmx,metadata,/NSPC2/WHEN_TAB_PAGE_CHANGED_PRC,focus_forms/ADMT027.fmx.md,specification_only,none
ADMT027.fmx,metadata,P5_15_DEC_201605_26_28,focus_forms/ADMT027.fmx.md,specification_only,none
ADMT027.fmx,metadata,P6_15_DEC_201605_26_28,focus_forms/ADMT027.fmx.md,specification_only,none
ADMT027.fmx,metadata,/NSPC2/PRE_FORM_PRC,focus_forms/ADMT027.fmx.md,specification_only,none
ADMT027.fmx,metadata,P7_15_DEC_201605_26_28,focus_forms/ADMT027.fmx.md,specification_only,none
ADMT027.fmx,metadata,!/NSPC2/WHEN_NEW_FORM_INSTANCE_PRC,focus_forms/ADMT027.fmx.md,specification_only,none
ADMT027.fmx,metadata,P8_15_DEC_201605_26_28,focus_forms/ADMT027.fmx.md,specification_only,none
ADMT027.fmx,metadata,/NSPC2/POST_FORMS_COMMIT_PRC,focus_forms/ADMT027.fmx.md,specification_only,none
ADMT027.fmx,metadata,P9_15_DEC_201605_26_28,focus_forms/ADMT027.fmx.md,specification_only,none
ADMT027.fmx,metadata,P10_15_DEC_201605_26_28,focus_forms/ADMT027.fmx.md,specification_only,none
ADMT027.fmx,metadata,P11_15_DEC_201605_26_28,focus_forms/ADMT027.fmx.md,specification_only,none
ADMT027.fmx,metadata,P12_15_DEC_201605_26_28,focus_forms/ADMT027.fmx.md,specification_only,none
ADMT027.fmx,metadata,P13_15_DEC_201605_26_28,focus_forms/ADMT027.fmx.md,specification_only,none
ADMT027.fmx,metadata,P14_15_DEC_201605_26_28,focus_forms/ADMT027.fmx.md,specification_only,none
ADMT027.fmx,metadata,P15_15_DEC_201605_26_28,focus_forms/ADMT027.fmx.md,specification_only,none
ADMT027.fmx,metadata,/NSPC2/EXIT_PROC,focus_forms/ADMT027.fmx.md,specification_only,none
ADMT027.fmx,metadata,P16_15_DEC_201605_26_28,focus_forms/ADMT027.fmx.md,specification_only,none
ADMT027.fmx,metadata,P17_15_DEC_201605_26_28,focus_forms/ADMT027.fmx.md,specification_only,none
ADMT027.fmx,metadata,STANDARD,focus_forms/ADMT027.fmx.md,specification_only,none
ADMT027.fmx,metadata,FORMS40,focus_forms/ADMT027.fmx.md,specification_only,none
ADMT027.fmx,metadata,VIEW_BTN,focus_forms/ADMT027.fmx.md,specification_only,none
ADMT027.fmx,metadata,SCREEN_BTN,focus_forms/ADMT027.fmx.md,specification_only,none
ADMT027.fmx,metadata,PRINT_DOC_BTN,focus_forms/ADMT027.fmx.md,specification_only,none
ADMT027.fmx,metadata,CANCEL_BTN,focus_forms/ADMT027.fmx.md,specification_only,none
ADMT027.fmx,metadata,PRINT_ST,focus_forms/ADMT027.fmx.md,specification_only,none
ADMT027.fmx,metadata,P18_15_DEC_201605_26_28,focus_forms/ADMT027.fmx.md,specification_only,none
ADMT027.fmx,metadata,Create -,focus_forms/ADMT027.fmx.md,specification_only,none
ADMT027.fmx,metadata,P19_15_DEC_201605_26_28,focus_forms/ADMT027.fmx.md,specification_only,none
ADMT027.fmx,metadata,FORMS4C,focus_forms/ADMT027.fmx.md,specification_only,none
ADMT027.fmx,metadata,/NSPC2/ADD_PROC,focus_forms/ADMT027.fmx.md,specification_only,none
ADMT027.fmx,metadata,BAR.ADD_Btn,focus_forms/ADMT027.fmx.md,specification_only,none
ADMT027.fmx,metadata,TRUE,focus_forms/ADMT027.fmx.md,specification_only,none
ADMT027.fmx,metadata,Delete -,focus_forms/ADMT027.fmx.md,specification_only,none
ADMT027.fmx,metadata,P20_15_DEC_201605_26_28,focus_forms/ADMT027.fmx.md,specification_only,none
ADMT027.fmx,metadata,/NSPC2/DELETE_PROC,focus_forms/ADMT027.fmx.md,specification_only,none
ADMT027.fmx,metadata,BAR.Del_Btn,focus_forms/ADMT027.fmx.md,specification_only,none
ADMT027.fmx,metadata,Accept -,focus_forms/ADMT027.fmx.md,specification_only,none
ADMT027.fmx,metadata,P21_15_DEC_201605_26_28,focus_forms/ADMT027.fmx.md,specification_only,none
ADMT027.fmx,metadata,/NSPC2/SAVE_PROC,focus_forms/ADMT027.fmx.md,specification_only,none
ADMT027.fmx,metadata,BAR.SAVE_Btn,focus_forms/ADMT027.fmx.md,specification_only,none
ADMT027.fmx,metadata,List -,focus_forms/ADMT027.fmx.md,specification_only,none
ADMT027.fmx,metadata,P22_15_DEC_201605_26_28,focus_forms/ADMT027.fmx.md,specification_only,none
ADMT027.fmx,metadata,/NSPC2/LIST_PROC,focus_forms/ADMT027.fmx.md,specification_only,none
ADMT027.fmx,metadata,BAR.LIST_BTN,focus_forms/ADMT027.fmx.md,specification_only,none
ADMT027.fmx,metadata,Search_,focus_forms/ADMT027.fmx.md,specification_only,none
ADMT027.fmx,metadata,P23_15_DEC_201605_26_28,focus_forms/ADMT027.fmx.md,specification_only,none
ADMT027.fmx,metadata,/NSPC2/KEY_ENTQRY,focus_forms/ADMT027.fmx.md,specification_only,none
ADMT027.fmx,metadata,BAR.SeeK_Btn,focus_forms/ADMT027.fmx.md,specification_only,none
ADMT027.fmx,metadata,Exceute -,focus_forms/ADMT027.fmx.md,specification_only,none
ADMT027.fmx,metadata,P24_15_DEC_201605_26_28,focus_forms/ADMT027.fmx.md,specification_only,none
ADMT027.fmx,metadata,/NSPC2/KEY_EXEQRY,focus_forms/ADMT027.fmx.md,specification_only,none
ADMT027.fmx,metadata,BAR.SEEK_BTN,focus_forms/ADMT027.fmx.md,specification_only,none
ADMT027.fmx,metadata,Print -,focus_forms/ADMT027.fmx.md,specification_only,none
ADMT027.fmx,metadata,P25_15_DEC_201605_26_28,focus_forms/ADMT027.fmx.md,specification_only,none
ADMT027.fmx,metadata,/NSPC2/CALL_SCR_PRINT,focus_forms/ADMT027.fmx.md,specification_only,none
ADMT027.fmx,metadata,BAR.Print_Btn,focus_forms/ADMT027.fmx.md,specification_only,none
ADMT027.fmx,metadata,P26_15_DEC_201605_26_28,focus_forms/ADMT027.fmx.md,specification_only,none
ADMT027.fmx,metadata,/NSPC2/WHEN_TIMER_EXPIRED_PRC,focus_forms/ADMT027.fmx.md,specification_only,none
ADMT027.fmx,metadata,P27_15_DEC_201605_26_28,focus_forms/ADMT027.fmx.md,specification_only,none
ADMT027.fmx,metadata,P28_15_DEC_201605_26_28,focus_forms/ADMT027.fmx.md,specification_only,none
ADMT027.fmx,metadata,P29_15_DEC_201605_26_28,focus_forms/ADMT027.fmx.md,specification_only,none
ADMT027.fmx,metadata,WHEN_TAB_PAGE_CHANGED_PRC,focus_forms/ADMT027.fmx.md,specification_only,none
ADMT027.fmx,metadata,"""PKG INIT""WHEN_TAB_PAGE_CHANGED_PRC""""",focus_forms/ADMT027.fmx.md,specification_only,none
ADMT027.fmx,metadata,ADD_PROC,focus_forms/ADMT027.fmx.md,specification_only,none
ADMT027.fmx,metadata,"""PKG INIT""ADD_PROC""""",focus_forms/ADMT027.fmx.md,specification_only,none
ADMT027.fmx,metadata,ADD_PROC2,focus_forms/ADMT027.fmx.md,specification_only,none
ADMT027.fmx,metadata,FORMS4W,focus_forms/ADMT027.fmx.md,specification_only,none
ADMT027.fmx,metadata,"""PKG INIT""ADD_PROC2""V_PK_VAL""""",focus_forms/ADMT027.fmx.md,specification_only,none
ADMT027.fmx,metadata,ADD_F_DOC,focus_forms/ADMT027.fmx.md,specification_only,none
ADMT027.fmx,metadata,CALL_BTN_SCR,focus_forms/ADMT027.fmx.md,specification_only,none
ADMT027.fmx,metadata,CALL_BAR_BTN_SCR,focus_forms/ADMT027.fmx.md,specification_only,none
ADMT027.fmx,metadata,IAS_USR_PKG,focus_forms/ADMT027.fmx.md,specification_only,none
ADMT027.fmx,metadata,IAS20142,focus_forms/ADMT027.fmx.md,specification_only,none
ADMT027.fmx,metadata,YS_GEN_PKG,focus_forms/ADMT027.fmx.md,specification_only,none
ADMT027.fmx,metadata,"""PKG INIT""CALL_BTN_SCR""P_SCR_TYP""V_APPROVED_PRV""V_VRFY_PRV""V_INACTIVE_PRV""""",focus_forms/ADMT027.fmx.md,specification_only,none
ADMT027.fmx,metadata,CALL_OBJ.DUMMY,focus_forms/ADMT027.fmx.md,specification_only,none
ADMT027.fmx,metadata,Bar.Save_Btn,focus_forms/ADMT027.fmx.md,specification_only,none
ADMT027.fmx,metadata,FALSE,focus_forms/ADMT027.fmx.md,specification_only,none
ADMT027.fmx,metadata,IAS_USR_PKGIAS20142CHK_USR_FRM_PRVIA,focus_forms/ADMT027.fmx.md,specification_only,none
ADMT027.fmx,metadata,IAS_USR_PKGIAS20142GET_USR_APPRV,focus_forms/ADMT027.fmx.md,specification_only,none
ADMT027.fmx,metadata,Parameter.Grant_Audit_Doc,focus_forms/ADMT027.fmx.md,specification_only,none
ADMT027.fmx,metadata,INACTIVE,focus_forms/ADMT027.fmx.md,specification_only,none
ADMT027.fmx,metadata,YS_GEN_PKGIAS20142GET_USR_FLD_PRVYS_,focus_forms/ADMT027.fmx.md,specification_only,none
ADMT027.fmx,metadata,B4SAVE_PRC,focus_forms/ADMT027.fmx.md,specification_only,none
ADMT027.fmx,metadata,"""PKG INIT""B4SAVE_PRC""""",focus_forms/ADMT027.fmx.md,specification_only,none
ADMT027.fmx,metadata,CHANGED,focus_forms/ADMT027.fmx.md,specification_only,none
ADMT027.fmx,metadata,PARAMETER.BLK,focus_forms/ADMT027.fmx.md,specification_only,none
ADMT027.fmx,metadata,CHK_B4SAVE_MST_PRC,focus_forms/ADMT027.fmx.md,specification_only,none
ADMT027.fmx,metadata,/NSPC2/CHECK_DUPLICATE,focus_forms/ADMT027.fmx.md,specification_only,none
ADMT027.fmx,metadata,"""PKG INIT""CHK_B4SAVE_MST_PRC""P_REC_ST""""",focus_forms/ADMT027.fmx.md,specification_only,none
ADMT027.fmx,metadata,VA_ITM_MOVE,focus_forms/ADMT027.fmx.md,specification_only,none
ADMT027.fmx,metadata,VA_SUM,focus_forms/ADMT027.fmx.md,specification_only,none
ADMT027.fmx,metadata,MS Sans Serif,focus_forms/ADMT027.fmx.md,specification_only,none
ADMT027.fmx,metadata,VA_EXP_DATE,focus_forms/ADMT027.fmx.md,specification_only,none
ADMT027.fmx,metadata,CALL_SCR_PRINT,focus_forms/ADMT027.fmx.md,specification_only,none
ADMT027.fmx,metadata,"""PKG INIT""CALL_SCR_PRINT""V_AUDIT_REF""V_STAND_BY""""",focus_forms/ADMT027.fmx.md,specification_only,none
ADMT027.fmx,metadata,Prnt.rep_smple,focus_forms/ADMT027.fmx.md,specification_only,none
ADMT027.fmx,metadata,Prnt.screen_btn,focus_forms/ADMT027.fmx.md,specification_only,none
ADMT027.fmx,metadata,Prnt.view_btn,focus_forms/ADMT027.fmx.md,specification_only,none
ADMT027.fmx,metadata,Prnt.print_doc_btn,focus_forms/ADMT027.fmx.md,specification_only,none
ADMT027.fmx,metadata,CHECK_DUPLICATE,focus_forms/ADMT027.fmx.md,specification_only,none
ADMT027.fmx,metadata,YS_SRL_SCR_PKG,focus_forms/ADMT027.fmx.md,specification_only,none
ADMT027.fmx,metadata,"""PKG INIT""CHECK_DUPLICATE""P_BLK""V_CHK_VAL""V_MAX_SCR""V_DOC_NO""""",focus_forms/ADMT027.fmx.md,specification_only,none
ADMT027.fmx,metadata,YS_SRL_SCR_PKGIAS20142GET_SYS_SQ,focus_forms/ADMT027.fmx.md,specification_only,none
ADMT027.fmx,metadata,CHK_B4SAVE_DTL_PRC,focus_forms/ADMT027.fmx.md,specification_only,none
ADMT027.fmx,metadata,"""PKG INIT""CHK_B4SAVE_DTL_PRC""P_REC_ST""""",focus_forms/ADMT027.fmx.md,specification_only,none
ADMT027.fmx,metadata,DETAIL_BLOCK_1,focus_forms/ADMT027.fmx.md,specification_only,none
ADMT027.fmx,metadata,DETAIL_BLOCK_2,focus_forms/ADMT027.fmx.md,specification_only,none
ADMT027.fmx,metadata,DEL_DET_REC_PRC,focus_forms/ADMT027.fmx.md,specification_only,none
ADMT027.fmx,metadata,"""PKG INIT""DEL_DET_REC_PRC""P_BLK_NM""""",focus_forms/ADMT027.fmx.md,specification_only,none
ADMT027.fmx,metadata,DETAIL_BLOCK_NAME_1,focus_forms/ADMT027.fmx.md,specification_only,none
ADMT027.fmx,metadata,DETAIL_BLOCK_NAME_2,focus_forms/ADMT027.fmx.md,specification_only,none
ADMT027.fmx,metadata,DETAIL_BLOCK_NAME_n,focus_forms/ADMT027.fmx.md,specification_only,none
ADMT027.fmx,metadata,ENA_DIS_ITM_PRC,focus_forms/ADMT027.fmx.md,specification_only,none
ADMT027.fmx,metadata,"""PKG INIT""ENA_DIS_ITM_PRC""P_TYP""""",focus_forms/ADMT027.fmx.md,specification_only,none
ADMT027.fmx,metadata,EXIT_PROC,focus_forms/ADMT027.fmx.md,specification_only,none
ADMT027.fmx,metadata,"""PKG INIT""EXIT_PROC""""",focus_forms/ADMT027.fmx.md,specification_only,none
ADMT027.fmx,metadata,Bar.Exit_Btn,focus_forms/ADMT027.fmx.md,specification_only,none
ADMT027.fmx,metadata,UNDO,focus_forms/ADMT027.fmx.md,specification_only,none
ADMT027.fmx,metadata,CANCEL,focus_forms/ADMT027.fmx.md,specification_only,none
ADMT027.fmx,metadata,ENTER-QUERY,focus_forms/ADMT027.fmx.md,specification_only,none
ADMT027.fmx,metadata,al_undo,focus_forms/ADMT027.fmx.md,specification_only,none
ADMT027.fmx,metadata,.Dummy,focus_forms/ADMT027.fmx.md,specification_only,none
ADMT027.fmx,metadata,RollBack,focus_forms/ADMT027.fmx.md,specification_only,none
ADMT027.fmx,metadata,FILL_ALL_LIST_PRC,focus_forms/ADMT027.fmx.md,specification_only,none
ADMT027.fmx,metadata,"""PKG INIT""FILL_ALL_LIST_PRC""P_ITM""V_STM""""",focus_forms/ADMT027.fmx.md,specification_only,none
ADMT027.fmx,metadata,KEY_ENTQRY,focus_forms/ADMT027.fmx.md,specification_only,none
ADMT027.fmx,metadata,"""PKG INIT""KEY_ENTQRY""""",focus_forms/ADMT027.fmx.md,specification_only,none
ADMT027.fmx,metadata,KEY_EXEQRY,focus_forms/ADMT027.fmx.md,specification_only,none
ADMT027.fmx,metadata,"""PKG INIT""KEY_EXEQRY""""",focus_forms/ADMT027.fmx.md,specification_only,none
ADMT027.fmx,metadata,ROLLBACK,focus_forms/ADMT027.fmx.md,specification_only,none
ADMT027.fmx,metadata,.dummy,focus_forms/ADMT027.fmx.md,specification_only,none
ADMT027.fmx,metadata,LIST_PROC,focus_forms/ADMT027.fmx.md,specification_only,none
ADMT027.fmx,metadata,"""PKG INIT""LIST_PROC""V_SHW_LV""""",focus_forms/ADMT027.fmx.md,specification_only,none
ADMT027.fmx,metadata,LOAD_PARAMETERS,focus_forms/ADMT027.fmx.md,specification_only,none
ADMT027.fmx,metadata,IAS_PARA_GEN,focus_forms/ADMT027.fmx.md,specification_only,none
ADMT027.fmx,metadata,IAS_PARA_GL,focus_forms/ADMT027.fmx.md,specification_only,none
ADMT027.fmx,metadata,IAS_PARA_INV,focus_forms/ADMT027.fmx.md,specification_only,none
ADMT027.fmx,metadata,IAS_PARA_AP,focus_forms/ADMT027.fmx.md,specification_only,none
ADMT027.fmx,metadata,IAS_PARA_AR,focus_forms/ADMT027.fmx.md,specification_only,none
ADMT027.fmx,metadata,EX_RATE,focus_forms/ADMT027.fmx.md,specification_only,none
ADMT027.fmx,metadata,"""PKG INIT""LOAD_PARAMETERS""<cursor ptr>""<SQL statement. Line 4>""<SQL statement. Line 56>""""",focus_forms/ADMT027.fmx.md,specification_only,none
ADMT027.fmx,metadata,YS_GEN_PKGIAS20142CHK_ACTV_SYSTEMYS_,focus_forms/ADMT027.fmx.md,specification_only,none
ADMT027.fmx,metadata,DATABASE.SYSTEM_UPDATED,focus_forms/ADMT027.fmx.md,specification_only,none
ADMT027.fmx,metadata,DATABASE.CHECK_CST_VEND_TRANS,focus_forms/ADMT027.fmx.md,specification_only,none
ADMT027.fmx,metadata,DATABASE.DETAILS,focus_forms/ADMT027.fmx.md,specification_only,none
ADMT027.fmx,metadata,"SELECT NVL(AR_AC_LINK_TYPE,1),NVL(AP_AC_LINK_TYPE,1),NVL(USE_VAT,0),NVL(INVOICING_SERIALS,1),NVL(INVOICING_SERIALS_SR,1),NVL(NO_OF_DECIMAL_AR,2),NVL(SP_PROGRAM,0),NVL(CC_AVAIL,1),NVL(LC_TYPE,1),NVL(USE_OUT_BILLS,0),NVL(YS_GEN_PKG.CHK_ACTV_SYSTEM(80,:b1),0),NVL(POST_CHEQUE_TYPE,0),NVL(IAS_PARA_AR.SHOW_DISC_PER_ITEMS_AR,0),NVL(IAS_PARA_AP.SHOW_DISC_PER_ITEMS_AP,0),NVL(YS_GEN_PKG.CHK_ACTV_SYSTEM(85,:b1),0),NVL(USE_COMPOUND_ITEMS,0),NVL(ITEM_POSTING_FLAG,0),NVL(USE_APPRV_SLS_MNG_SO,0) FROM IAS_PARA_GEN,IAS_PARA_GL,IAS_PARA_INV,IAS_PARA_AP,IAS_PARA_AR""SELECT CUR_CODE FROM EX_RATE WHERE L_F = 1""",focus_forms/ADMT027.fmx.md,specification_only,none
ADMT027.fmx,metadata,POST_FORMS_COMMIT_PRC,focus_forms/ADMT027.fmx.md,specification_only,none
ADMT027.fmx,metadata,"""PKG INIT""POST_FORMS_COMMIT_PRC""""",focus_forms/ADMT027.fmx.md,specification_only,none
ADMT027.fmx,metadata,PRE_FORM_PRC,focus_forms/ADMT027.fmx.md,specification_only,none
ADMT027.fmx,metadata,/NSPC2/LOAD_PARAMETERS,focus_forms/ADMT027.fmx.md,specification_only,none
ADMT027.fmx,metadata,IAS_GEN_PKG,focus_forms/ADMT027.fmx.md,specification_only,none
ADMT027.fmx,metadata,IAS_PARA_LGHT,focus_forms/ADMT027.fmx.md,specification_only,none
ADMT027.fmx,metadata,S_BRN,focus_forms/ADMT027.fmx.md,specification_only,none
ADMT027.fmx,metadata,"""PKG INIT""PRE_FORM_PRC""<cursor ptr>""<SQL statement. Line 48>""<SQL statement. Line 70>""""",focus_forms/ADMT027.fmx.md,specification_only,none
ADMT027.fmx,metadata,ALTER PACKAGE IAS_Gen_Pkg COMPILE,focus_forms/ADMT027.fmx.md,specification_only,none
ADMT027.fmx,metadata,V6.1.2017.02.22,focus_forms/ADMT027.fmx.md,specification_only,none
ADMT027.fmx,metadata,Prnt,focus_forms/ADMT027.fmx.md,specification_only,none
ADMT027.fmx,metadata,TERMINAL,focus_forms/ADMT027.fmx.md,specification_only,none
ADMT027.fmx,metadata,DataBase.TABLE_LAB_MES_PRV,focus_forms/ADMT027.fmx.md,specification_only,none
ADMT027.fmx,metadata,DataBase.FUNCTIONS,focus_forms/ADMT027.fmx.md,specification_only,none
ADMT027.fmx,metadata,DataBase.SYSTEM_UPDATED,focus_forms/ADMT027.fmx.md,specification_only,none
ADMT027.fmx,metadata,DataBase.CHECK_CST_VEND_TRANS,focus_forms/ADMT027.fmx.md,specification_only,none
ADMT027.fmx,metadata,DataBase.DETAILS,focus_forms/ADMT027.fmx.md,specification_only,none
ADMT027.fmx,metadata,IAS_GEN_PKGIAS20142GET_PROMPTIAS,focus_forms/ADMT027.fmx.md,specification_only,none
ADMT027.fmx,metadata,MSGBOX,focus_forms/ADMT027.fmx.md,specification_only,none
ADMT027.fmx,metadata,"SELECT NVL(HEAD_OFFICE,0) FROM IAS_PARA_LGHT""SELECT COUNT(1) FROM S_BRN""",focus_forms/ADMT027.fmx.md,specification_only,none
ADMT027.fmx,metadata,PRINT_PROC,focus_forms/ADMT027.fmx.md,specification_only,none
APST003.fmx,procedure,ADD_PROC,focus_forms/APST003.fmx.md,specification_only,FMB/PLL/PKB
APST003.fmx,procedure,ATTACH_ITEM_PKG,focus_forms/APST003.fmx.md,specification_only,FMB/PLL/PKB
APST003.fmx,procedure,AUDIT_OTHR_PRC,focus_forms/APST003.fmx.md,specification_only,FMB/PLL/PKB
APST003.fmx,procedure,B4SAVE_PRC,focus_forms/APST003.fmx.md,specification_only,FMB/PLL/PKB
APST003.fmx,procedure,CHECK_QTY_PJ_MNG_SYS_PRC,focus_forms/APST003.fmx.md,specification_only,FMB/PLL/PKB
APST003.fmx,procedure,CHK_B4SAVE_DTL_PRC,focus_forms/APST003.fmx.md,specification_only,FMB/PLL/PKB
APST003.fmx,procedure,CHK_B4SAVE_MST_PRC,focus_forms/APST003.fmx.md,specification_only,FMB/PLL/PKB
APST003.fmx,procedure,CKECK_ITM_VNDR_CNT_FNC,focus_forms/APST003.fmx.md,specification_only,FMB/PLL/PKB
APST003.fmx,procedure,CKECK_ITM_VNDR_CNT_PRC,focus_forms/APST003.fmx.md,specification_only,FMB/PLL/PKB
APST003.fmx,procedure,DELETE_PROC,focus_forms/APST003.fmx.md,specification_only,FMB/PLL/PKB
APST003.fmx,procedure,DEL_DET_REC_PRC,focus_forms/APST003.fmx.md,specification_only,FMB/PLL/PKB
APST003.fmx,procedure,ENA_DIS_ITM_PRC,focus_forms/APST003.fmx.md,specification_only,FMB/PLL/PKB
APST003.fmx,procedure,EXIT_PROC,focus_forms/APST003.fmx.md,specification_only,FMB/PLL/PKB
APST003.fmx,procedure,FILL_ALL_LIST_PRC,focus_forms/APST003.fmx.md,specification_only,FMB/PLL/PKB
APST003.fmx,procedure,GEN_PKG,focus_forms/APST003.fmx.md,specification_only,FMB/PLL/PKB
APST003.fmx,procedure,GET_COST_ITM_PRC,focus_forms/APST003.fmx.md,specification_only,FMB/PLL/PKB
APST003.fmx,procedure,GET_LAST_PURCH_PRC,focus_forms/APST003.fmx.md,specification_only,FMB/PLL/PKB
APST003.fmx,procedure,IAS_ACTV_PKG,focus_forms/APST003.fmx.md,specification_only,FMB/PLL/PKB
APST003.fmx,procedure,IAS_AP_DOC_SERIAL_PKG,focus_forms/APST003.fmx.md,specification_only,FMB/PLL/PKB
APST003.fmx,procedure,IAS_ATTACH_ITM_PKG,focus_forms/APST003.fmx.md,specification_only,FMB/PLL/PKB
APST003.fmx,procedure,IAS_AUDIT_OTHR_PKG,focus_forms/APST003.fmx.md,specification_only,FMB/PLL/PKB
APST003.fmx,procedure,IAS_AUDIT_OTHR_PKGIAS20142AUDIT_OTHR_PRC,focus_forms/APST003.fmx.md,specification_only,FMB/PLL/PKB
APST003.fmx,procedure,IAS_AUD_SYS_PKG,focus_forms/APST003.fmx.md,specification_only,FMB/PLL/PKB
APST003.fmx,procedure,IAS_CHECK_SYS_PKG,focus_forms/APST003.fmx.md,specification_only,FMB/PLL/PKB
APST003.fmx,procedure,IAS_CST_PKG,focus_forms/APST003.fmx.md,specification_only,FMB/PLL/PKB
APST003.fmx,procedure,IAS_DBS_SYS_PKG,focus_forms/APST003.fmx.md,specification_only,FMB/PLL/PKB
APST003.fmx,procedure,IAS_FETCH_DATA_PKG,focus_forms/APST003.fmx.md,specification_only,FMB/PLL/PKB
APST003.fmx,procedure,IAS_GEN_PKG,focus_forms/APST003.fmx.md,specification_only,FMB/PLL/PKB
APST003.fmx,procedure,IAS_GET_DOC_DEL_FNC,focus_forms/APST003.fmx.md,specification_only,FMB/PLL/PKB
APST003.fmx,procedure,IAS_GET_ENC_PASS_FNC,focus_forms/APST003.fmx.md,specification_only,FMB/PLL/PKB
APST003.fmx,procedure,IAS_GET_ENC_PASS_FNCIAS20142IAS_GET_ENC_PASS_FNC,focus_forms/APST003.fmx.md,specification_only,FMB/PLL/PKB
APST003.fmx,procedure,IAS_ITM_INV_PKG,focus_forms/APST003.fmx.md,specification_only,FMB/PLL/PKB
APST003.fmx,procedure,IAS_ITM_PKG,focus_forms/APST003.fmx.md,specification_only,FMB/PLL/PKB
APST003.fmx,procedure,IAS_PRMTR_PKG,focus_forms/APST003.fmx.md,specification_only,FMB/PLL/PKB
APST003.fmx,procedure,IAS_USR_PKG,focus_forms/APST003.fmx.md,specification_only,FMB/PLL/PKB
APST003.fmx,procedure,IAS_VNDR_PKG,focus_forms/APST003.fmx.md,specification_only,FMB/PLL/PKB
APST003.fmx,procedure,IAS_WEIGHT_SYS_PKG,focus_forms/APST003.fmx.md,specification_only,FMB/PLL/PKB
APST003.fmx,procedure,IAS_WEIGHT_SYS_PKGIAS20142CALC_AREA_SIZE_PRC,focus_forms/APST003.fmx.md,specification_only,FMB/PLL/PKB
APST003.fmx,procedure,IAS_WT_PKG,focus_forms/APST003.fmx.md,specification_only,FMB/PLL/PKB
APST003.fmx,procedure,KEY_LISTVAL_PRC,focus_forms/APST003.fmx.md,specification_only,FMB/PLL/PKB
APST003.fmx,procedure,LIST_PROC,focus_forms/APST003.fmx.md,specification_only,FMB/PLL/PKB
APST003.fmx,procedure,LOV_TRG,focus_forms/APST003.fmx.md,specification_only,FMB/PLL/PKB
APST003.fmx,procedure,LYSERP_LIB,focus_forms/APST003.fmx.md,specification_only,FMB/PLL/PKB
APST003.fmx,procedure,POST_FORMS_COMMIT_PRC,focus_forms/APST003.fmx.md,specification_only,FMB/PLL/PKB
APST003.fmx,procedure,PRE_FORM_PRC,focus_forms/APST003.fmx.md,specification_only,FMB/PLL/PKB
APST003.fmx,procedure,PRINT_PROC,focus_forms/APST003.fmx.md,specification_only,FMB/PLL/PKB
APST003.fmx,procedure,SAVE_PROC,focus_forms/APST003.fmx.md,specification_only,FMB/PLL/PKB
APST003.fmx,procedure,SET_POS_PRC,focus_forms/APST003.fmx.md,specification_only,FMB/PLL/PKB
APST003.fmx,procedure,SHOW_BAT_COL1_IN_SCREEN,focus_forms/APST003.fmx.md,specification_only,FMB/PLL/PKB
APST003.fmx,procedure,SHOW_BAT_COL2_IN_SCREEN,focus_forms/APST003.fmx.md,specification_only,FMB/PLL/PKB
APST003.fmx,procedure,SHOW_BAT_COL3_IN_SCREEN,focus_forms/APST003.fmx.md,specification_only,FMB/PLL/PKB
APST003.fmx,procedure,SHOW_BAT_COL4_IN_SCREEN,focus_forms/APST003.fmx.md,specification_only,FMB/PLL/PKB
APST003.fmx,procedure,SHOW_BAT_COL5_IN_SCREEN,focus_forms/APST003.fmx.md,specification_only,FMB/PLL/PKB
APST003.fmx,procedure,SRCH_DTL_PKG,focus_forms/APST003.fmx.md,specification_only,FMB/PLL/PKB
APST003.fmx,procedure,SYS_SCREEN,focus_forms/APST003.fmx.md,specification_only,FMB/PLL/PKB
APST003.fmx,procedure,UPDATE_OTHER_CHARGES_DTL_PRC,focus_forms/APST003.fmx.md,specification_only,FMB/PLL/PKB
APST003.fmx,procedure,UPDATE_PROC,focus_forms/APST003.fmx.md,specification_only,FMB/PLL/PKB
APST003.fmx,procedure,WHEN_NEW_FORM_INSTANCE_PRC,focus_forms/APST003.fmx.md,specification_only,FMB/PLL/PKB
APST003.fmx,procedure,WHEN_TAB_PAGE_CHANGED_PRC,focus_forms/APST003.fmx.md,specification_only,FMB/PLL/PKB
APST003.fmx,procedure,WHEN_TIMER_EXPIRED_PRC,focus_forms/APST003.fmx.md,specification_only,FMB/PLL/PKB
APST003.fmx,procedure,WIN_API,focus_forms/APST003.fmx.md,specification_only,FMB/PLL/PKB
APST003.fmx,procedure,YSERP_LIB,focus_forms/APST003.fmx.md,specification_only,FMB/PLL/PKB
APST003.fmx,procedure,YSERP_MNU,focus_forms/APST003.fmx.md,specification_only,FMB/PLL/PKB
APST003.fmx,procedure,YS_APPRVD_PKG,focus_forms/APST003.fmx.md,specification_only,FMB/PLL/PKB
APST003.fmx,procedure,YS_GEN_PKG,focus_forms/APST003.fmx.md,specification_only,FMB/PLL/PKB
APST003.fmx,procedure,YS_ITM_LOV_PKG,focus_forms/APST003.fmx.md,specification_only,FMB/PLL/PKB
APST003.fmx,component,APST011.Fmx,focus_forms/APST003.fmx.md,specification_only,FMB/PLL/PKB
APST003.fmx,component,Excel.exe,focus_forms/APST003.fmx.md,specification_only,FMB/PLL/PKB
APST003.fmx,component,INVI010.Fmx,focus_forms/APST003.fmx.md,specification_only,FMB/PLL/PKB
APST003.fmx,component,Inv_Itm_Trns.Fmx,focus_forms/APST003.fmx.md,specification_only,FMB/PLL/PKB
APST003.fmx,component,YSERP_MNU.MMX,focus_forms/APST003.fmx.md,specification_only,FMB/PLL/PKB
APST003.fmx,component,YS_ICODE_LOV.FMX,focus_forms/APST003.fmx.md,specification_only,FMB/PLL/PKB
APST003.fmx,component,calc.exe,focus_forms/APST003.fmx.md,specification_only,FMB/PLL/PKB
APST003.fmx,component,invi023.Fmx,focus_forms/APST003.fmx.md,specification_only,FMB/PLL/PKB
APST003.fmx,sql,"SELECT LEV_NO FROM IAS_PRICING_LEVELS WHERE LEV_DEFLT = 1""SELECT COUNT(1) FROM IAS_PRIV_AP WHERE U_ID = :b1 AND AP_TYPE = 2 AND ADD_FLAG = 1""SELECT P_TYPE FROM IAS_PRIV_AP WHERE U_",focus_forms/APST003.fmx.md,observed_sql_indicator,PKB/SQL and schema
APST003.fmx,sql,"SELECT PO_TYPE,PO_DATE,V_CODE,V_NAME,REF_NO,CUR_CODE,CC_CODE,PO_DESC,PJ_NO,INACTIVE,INACTIVE_RES,PUR_TYPE,FIELD1,FIELD2,FIELD3,FIELD4,FIELD5,FIELD6,FIELD7,FIELD8,FIELD9,FIELD10 FRO",focus_forms/APST003.fmx.md,observed_sql_indicator,PKB/SQL and schema
APST003.fmx,sql,"SELECT 1 FROM VENDOR_CURR WHERE V_CODE = :b1 AND A_CY = :b2 AND ROWNUM <= 1""SELECT 1 FROM ACCOUNT_CURR WHERE A_CODE = :b1 AND A_CY = :b2 AND ROWNUM <= 1""",focus_forms/APST003.fmx.md,observed_sql_indicator,PKB/SQL and schema
APST003.fmx,sql,"SELECT 1 FROM P_ORDER WHERE PO_SER = :b1 AND ROWNUM <= 1""",focus_forms/APST003.fmx.md,observed_sql_indicator,PKB/SQL and schema
APST003.fmx,sql,"UPDATE IAS_ITM_ATTACH_OTHRS SET CC_CODE=:b1 WHERE DOC_SER = :b2""UPDATE P_ORDER_DETAIL SET PO_TYPE=:b1 WHERE PO_NO = :b2 AND PO_SER = :b3""",focus_forms/APST003.fmx.md,observed_sql_indicator,PKB/SQL and schema
APST003.fmx,sql,"SELECT 1 FROM IAS_ITM_MST WHERE I_CODE = :b1 AND ROWNUM <= 1""SELECT UP_DATE FROM P_REQUEST WHERE PR_SER = :b1 AND ROWNUM <= 1""SELECT P_SIZE FROM IAS_ITM_DTL WHERE I_CODE = :b1 AND",focus_forms/APST003.fmx.md,observed_sql_indicator,PKB/SQL and schema
APST003.fmx,sql,"SELECT 1 FROM P_ORDER_DETAIL WHERE PO_SER != :b1 AND PR_SER IN (SELECT DISTINCT (PR_SER) FROM P_ORDER_DETAIL WHERE PO_SER = :b2 ) AND ROWNUM <= 1""UPDATE P_REQUEST SET PR_SELECTED=0",focus_forms/APST003.fmx.md,observed_sql_indicator,PKB/SQL and schema
APST003.fmx,sql,"UPDATE IAS_VND_QUOT_MST SET PROCESSED=1 WHERE QT_SER IN (SELECT QT_SER FROM P_ORDER_DETAIL WHERE PO_SER = :b1 )""UPDATE P_REQUEST SET PR_SELECTED=1 WHERE PR_SER IN (SELECT PR_SER FR",focus_forms/APST003.fmx.md,observed_sql_indicator,PKB/SQL and schema
APST003.fmx,sql,"SELECT NVL(SHOW_G_NAME,0),PATH_EXCEL,NVL(WTAVG_TYPE,1),NVL(AP_USE_FREE_QTY,0),NVL(USE_PROJECTS,1),NVL(USE_ACTVTY,1),NVL(USE_ITM_ATTACH,0),NVL(IAS_PARA_AP.ALLOW_DOC_DEL_NO,0),NVL(CO",focus_forms/APST003.fmx.md,observed_sql_indicator,PKB/SQL and schema
APST003.fmx,sql,"SELECT HIDE_COST FROM PRIVILEGE_FIXED WHERE U_ID = :b1""",focus_forms/APST003.fmx.md,observed_sql_indicator,PKB/SQL and schema
APST003.fmx,sql,"SELECT PATH_EXCEL FROM IAS_PARA_GEN""SELECT USER_TAB_COLUMNS.COLUMN_NAME,IAS_DBS_SYS_PKG.GET_COMMENT(:b1,''IAS_ITM_MST'',USER_TAB_COLUMNS.COLUMN_NAME,USER) COMMENTS FROM ALL_COL_COM",focus_forms/APST003.fmx.md,observed_sql_indicator,PKB/SQL and schema
APST003.fmx,sql,"SELECT 1 FROM IAS_BATCH_NO_CONTENTS WHERE COL_NO = 1 AND BATCH_DESC_NO = :b1 AND ROWNUM <= 1""SELECT 1 FROM IAS_BATCH_NO_CONTENTS WHERE COL_NO = 2 AND BATCH_DESC_NO = :b1 AND ROWNUM",focus_forms/APST003.fmx.md,observed_sql_indicator,PKB/SQL and schema
APST003.fmx,sql,"SELECT NVL(SUM(I_QTY),0) FROM P_ORDER_DETAIL WHERE DOC_TYPE_REF = 40 AND PR_NO = :b1 AND PR_SER = :b2 AND I_CODE = :b3""SELECT NVL(SUM(I_QTY),0) FROM P_REQUEST_DETAIL WHERE PR_NO =",focus_forms/APST003.fmx.md,observed_sql_indicator,PKB/SQL and schema
APST003.fmx,sql,"SELECT 1 FROM IAS_ATTACH_MST WHERE ATTCH_NO = :b1 AND NVL(CONN_C_CODE,0) = 1 AND ROWNUM <= 1""SELECT DECODE(:b1,1,NVL(ATTCH_A_NAME,ATTCH_E_NAME),NVL(ATTCH_E_NAME,ATTCH_A_NAME)) ATTC",focus_forms/APST003.fmx.md,observed_sql_indicator,PKB/SQL and schema
APST003.fmx,sql,"SELECT 1 FROM P_ORDER_DETAIL WHERE I_CODE = :b1 AND ITM_UNT = :b2 AND EXPIRE_DATE = :b3 AND BATCH_NO = :b4 AND PO_SER = :b5 AND ROWNUM <= 1""",focus_forms/APST003.fmx.md,observed_sql_indicator,PKB/SQL and schema
APST003.fmx,sql,"SELECT COUNT(DISTINCT V_CODE) FROM IAS_V_VNDR_ITM WHERE I_CODE = :b1""SELECT V_CODE FROM IAS_V_VNDR_ITM WHERE I_CODE = :b1 AND V_CODE != :b2 AND ROWNUM = 1""",focus_forms/APST003.fmx.md,observed_sql_indicator,PKB/SQL and schema
APST003.fmx,sql,"SELECT COUNT(DISTINCT V_CODE) FROM IAS_V_VNDR_ITM WHERE I_CODE = :b1""SELECT V_CODE FROM IAS_V_VNDR_ITM WHERE I_CODE = :b1 AND ROWNUM = 1""SELECT COUNT(1) FROM IAS_V_VNDR_ITM WHERE I",focus_forms/APST003.fmx.md,observed_sql_indicator,PKB/SQL and schema
APST003.fmx,sql,"SELECT 1 FROM IAS_ITM_MST WHERE I_CODE = :b1 AND ROWNUM <= 1""SELECT 1 FROM IAS_ITM_UNT_BARCODE WHERE BARCODE = :b1 AND ROWNUM <= 1""INSERT INTO IAS_ITM_UNT_BARCODE ( I_CODE,ITM_UNT,",focus_forms/APST003.fmx.md,observed_sql_indicator,PKB/SQL and schema
APST003.fmx,sql,"SELECT MAX(RCRD_NO) FROM P_ORDER_DETAIL WHERE PO_SER = :b1""",focus_forms/APST003.fmx.md,observed_sql_indicator,PKB/SQL and schema
APST003.fmx,sql,"SELECT 1 FROM IAS_V_ITEMS_DETAILS WHERE ROWNUM <= 1""SELECT I_CODE,I_NAME FROM IAS_V_ITEMS_DETAILS""",focus_forms/APST003.fmx.md,observed_sql_indicator,PKB/SQL and schema
APST003.fmx,sql,"SELECT G_CODE,MNG_CODE,SUBG_CODE,ASSISTANT_NO,DETAIL_NO,GROUP_NO,ITEM_TYPE,ACTIVITY_NO,GRP_CLASS_CODE FROM IAS_ITM_MST WHERE I_CODE = :b1""SELECT NVL(MAX(SUBSTR(BARCODE,:b1,:b2)),0)",focus_forms/APST003.fmx.md,observed_sql_indicator,PKB/SQL and schema
APST003.fmx,sql,"SELECT AMT,AMT_TYPE,A_CY,AC_RATE FROM IAS_AP_DISC WHERE I_CODE = :b1""SELECT AMT,AMT_TYPE,A_CY,AC_RATE FROM IAS_AP_DISC WHERE V_CODE = :b1""SELECT AMT,AMT_TYPE,A_CY,AC_RATE FROM IAS_",focus_forms/APST003.fmx.md,observed_sql_indicator,PKB/SQL and schema
APST003.fmx,sql,"SELECT (NVL(I_PRICE,0) / NVL(P_SIZE,1) ) * :b1 FROM GR_DETAIL,(SELECT MAX(GR_DETAIL.GR_DATE) GDATE,MAX(GR_DETAIL.REC_NO) RECNO FROM GR_DETAIL WHERE I_CODE = :b2 AND A_CY = :b3 AND",focus_forms/APST003.fmx.md,observed_sql_indicator,PKB/SQL and schema
APST003.fmx,sql,"SELECT 1 FROM IAS_ITM_UNT_BARCODE WHERE I_CODE = :b1 AND NVL(BATCH_NO,''0'') = :b2 AND NVL(EXPIRE_DATE,''01/01/1900'') = :b3 AND ITM_UNT = :b4 AND ROWNUM <= 1""SELECT 1 FROM IAS_ITM",focus_forms/APST003.fmx.md,observed_sql_indicator,PKB/SQL and schema
APST003.fmx,sql,"UPDATE P_REQUEST_DETAIL A SET PO_QTY=(SELECT SUM(NVL(I_QTY,0) + NVL(PO_QTY,0) ) FROM P_ORDER_DETAIL WHERE PR_SER = A.PR_SER AND I_CODE = A.I_CODE AND DOC_SEQUENCE_PRQ = A.DOC_SEQUE",focus_forms/APST003.fmx.md,observed_sql_indicator,PKB/SQL and schema
APST003.fmx,sql,"SELECT 1 FROM P_REQUEST WHERE PR_NO = :b1 AND ((:b2 = 1 ) OR EXISTS (SELECT 1 FROM S_BRN_USR_PRIV WHERE U_ID = :b2 AND S_BRN_USR_PRIV.BRN_NO = P_REQUEST.BRN_NO AND NVL(ADD_FLAG,1)",focus_forms/APST003.fmx.md,observed_sql_indicator,PKB/SQL and schema
APST003.fmx,sql,SELECT 1 FROM IAS_VND_QUOT_MST WHERE QT_NO = :b1 AND QT_SER = :b2 AND ((:b3 = 1 ) OR EXISTS (SELECT 1 FROM S_BRN_USR_PRIV WHERE U_ID = :b3 AND S_BRN_USR_PRIV.BRN_NO = IAS_VND_QUOT_,focus_forms/APST003.fmx.md,observed_sql_indicator,PKB/SQL and schema
APST003.fmx,sql,"SELECT CNTRCT_A_CY FROM IAS_AP_CNTRCT_MST WHERE CNTRCT_SER = :b1""",focus_forms/APST003.fmx.md,observed_sql_indicator,PKB/SQL and schema
APST003.fmx,sql,SELECT CNTRCT_SER FROM IAS_AP_CNTRCT_MST WHERE CNTRCT_NO = :b1 AND ((:b2 = 1 ) OR EXISTS (SELECT 1 FROM S_BRN_USR_PRIV WHERE U_ID = :b2 AND S_BRN_USR_PRIV.BRN_NO = IAS_AP_CNTRCT_MS,focus_forms/APST003.fmx.md,observed_sql_indicator,PKB/SQL and schema
APST003.fmx,sql,"SELECT A_CY FROM IAS_PRICING_LEVELS WHERE LEV_NO = :b1""SELECT I_PRICE FROM IAS_ITEM_PRICE WHERE I_CODE = :b1 AND LEV_NO = :b2""SELECT LEV_NO,A_CY FROM IAS_PRICING_LEVELS WHERE LEV_D",focus_forms/APST003.fmx.md,observed_sql_indicator,PKB/SQL and schema
APST003.fmx,sql,"SELECT 1 FROM MEASUREMENT WHERE MEASURE_CODE = :b1 AND ROWNUM <= 1""SELECT 1 FROM IAS_ITM_MST WHERE I_CODE = LTRIM(RTRIM(UPPER(:b1))) AND ROWNUM <= 1""SELECT 1 FROM GROUP_DETAILS WHE",focus_forms/APST003.fmx.md,observed_sql_indicator,PKB/SQL and schema
APST003.fmx,sql,SELECT CNTRCT_SER FROM IAS_AP_CNTRCT_MST WHERE CNTRCT_NO = :b1 AND ((:b2 = 1 ) OR EXISTS (SELECT 1 FROM S_BRN_USR_PRIV WHERE U_ID = :b2 AND S_BRN_USR_PRIV.BRN_NO = IAS_AP_CNTRCT_MS,focus_forms/APST003.fmx.md,observed_sql_indicator,PKB/SQL and schema
APST003.fmx,sql,"SELECT 1,APPROVED FROM SALES_ORDER WHERE ORDER_NO = :b1 AND ((:b2 = 1 ) OR EXISTS (SELECT 1 FROM S_BRN_USR_PRIV WHERE U_ID = :b2 AND S_BRN_USR_PRIV.BRN_NO = SALES_ORDER.BRN_NO AND",focus_forms/APST003.fmx.md,observed_sql_indicator,PKB/SQL and schema
APST003.fmx,sql,"SELECT A_CY FROM IAS_PRICING_LEVELS WHERE LEV_DEFLT = 1""SELECT A_CY FROM IAS_PRICING_LEVELS WHERE LEV_NO = :b1""",focus_forms/APST003.fmx.md,observed_sql_indicator,PKB/SQL and schema
APST003.fmx,sql,"SELECT LEV_NO,A_CY FROM IAS_PRICING_LEVELS WHERE LEV_NO = DECODE(:b1,999,LEV_NO,:b1) ORDER BY LEV_NO""SELECT 1 FROM IAS_ITM_MST WHERE I_CODE = :b1 AND ROWNUM <= 1""SELECT 1 FROM IAS_",focus_forms/APST003.fmx.md,observed_sql_indicator,PKB/SQL and schema
APST003.fmx,sql,"SELECT LEV_NO,A_CY FROM IAS_PRICING_LEVELS WHERE LEV_DEFLT = 1""SELECT I_PRICE FROM IAS_ITEM_PRICE WHERE LEV_NO = :b1 AND I_CODE = :b2""SELECT I_PRICE FROM IAS_ITEM_PRICE WHERE LEV_N",focus_forms/APST003.fmx.md,observed_sql_indicator,PKB/SQL and schema
APST003.fmx,sql,"DELETE FROM IAS_COL_IMP_EXL_TMPLT WHERE FORM_NO = :b1""INSERT INTO IAS_COL_IMP_EXL_TMPLT ( FORM_NO,COLUMN_NO,COLUMN_NM ) VALUES ( :b1,:b2,:b3 )""",focus_forms/APST003.fmx.md,observed_sql_indicator,PKB/SQL and schema
APST003.fmx,sql,"SELECT BARCODE FROM IAS_ITM_DTL WHERE I_CODE = :b1 AND ITM_UNT = :b2 AND ROWNUM <= 1""SELECT BARCODE FROM IAS_ITM_UNT_BARCODE WHERE I_CODE = :b1 AND ITM_UNT = :b2 AND NVL(EXPIRE_DAT",focus_forms/APST003.fmx.md,observed_sql_indicator,PKB/SQL and schema
APST003.fmx,sql,"SELECT NVL(BATCH_DESC_A_NAME,BATCH_DESC_E_NAME) FROM IAS_BATCH_NO_CONTENTS WHERE COL_NO = 1 AND BATCH_DESC_NO = LPAD(SUBSTR(:b1,:b2,:b3),:b3,''0'')""SELECT NVL(BATCH_DESC_A_NAME,BAT",focus_forms/APST003.fmx.md,observed_sql_indicator,PKB/SQL and schema
APST003.fmx,sql,"SELECT CHRG_NO,CHRG_NAME,A_CODE,CALC_TYPE,NVL(CHRG_TYPE,1) CHRG_TYPE,DECODE(AMT_TYPE,1,DECODE(A_CY,:b1,AMT,AMT * AC_RATE * 1 / IAS_GEN_PKG.GET_CUR_RATE(:b1) ), NULL ) AMT,DECODE(AM",focus_forms/APST003.fmx.md,observed_sql_indicator,PKB/SQL and schema
APST003.fmx,sql,"UPDATE P_ORDER_DETAIL SET OTHR_AMT=0 WHERE PO_SER = :b1""SELECT SUM(I_PRICE * I_QTY ) FROM P_ORDER_DETAIL WHERE PO_SER = :b1 AND ROWNUM <= 1""UPDATE P_ORDER_DETAIL A SET OTHR_AMT=(SE",focus_forms/APST003.fmx.md,observed_sql_indicator,PKB/SQL and schema
APST003.fmx,sql,"UPDATE P_ORDER_DETAIL SET VAT_AMT=ROUND(((NVL(VAT_PER,0) * NVL(I_PRICE,0) ) / 100 ),:b1) WHERE PO_SER = :b2 AND NVL(I_QTY,0) > 0""UPDATE P_ORDER_DETAIL SET I_PRICE=NVL(I_PRICE_VAT,0",focus_forms/APST003.fmx.md,observed_sql_indicator,PKB/SQL and schema
APST003.fmx,sql,"SELECT M.I_Code,",focus_forms/APST003.fmx.md,observed_sql_indicator,PKB/SQL and schema
APST003.fmx,sql,"SELECT ias_mainsub_grp_dtl.g_code,ias_mainsub_grp_dtl.mng_code,",focus_forms/APST003.fmx.md,observed_sql_indicator,PKB/SQL and schema
APST003.fmx,sql,"SELECT ias_sub_grp_dtl.g_code,ias_sub_grp_dtl.subg_code,",focus_forms/APST003.fmx.md,observed_sql_indicator,PKB/SQL and schema
APST003.fmx,sql,"SELECT A.BATCH_DESC_NO BATCH_D_NO1,A.BATCH_DESC_NAME BATCH_D_NAME1,",focus_forms/APST003.fmx.md,observed_sql_indicator,PKB/SQL and schema
APST003.fmx,sql,"SELECT PR_DATE FROM P_REQUEST WHERE PR_NO = :b1 AND ROWNUM <= 1""",focus_forms/APST003.fmx.md,observed_sql_indicator,PKB/SQL and schema
APST003.fmx,sql,"SELECT CC_CODE FROM WAREHOUSE_DETAILS WHERE W_CODE = :b1""",focus_forms/APST003.fmx.md,observed_sql_indicator,PKB/SQL and schema
APST003.fmx,sql,"SELECT TAXPAYER FROM V_DETAILS WHERE V_CODE = :b1""",focus_forms/APST003.fmx.md,observed_sql_indicator,PKB/SQL and schema
APST003.fmx,sql,"SELECT DECODE(:b1,1,NVL(V_A_NAME,V_E_NAME),NVL(V_E_NAME,V_A_NAME)) FROM V_DETAILS WHERE V_CODE = :b2""",focus_forms/APST003.fmx.md,observed_sql_indicator,PKB/SQL and schema
APST003.fmx,sql,"SELECT COUNT(*) FROM COST_CENTERS WHERE CC_CODE = :b1 AND C_S_M = (SELECT CC_TYPE FROM COST_CENTER_TYPES WHERE NVL(AFFECTED_BY_TRANS,0) = 1 )""",focus_forms/APST003.fmx.md,observed_sql_indicator,PKB/SQL and schema
APST003.fmx,sql,"SELECT COUNT(*) FROM P_ORDER WHERE PO_NO = :b1""",focus_forms/APST003.fmx.md,observed_sql_indicator,PKB/SQL and schema
APST003.fmx,sql,"UPDATE P_ORDER SET INACTIVE=NVL(:b1,0),INACTIVE_U_ID=:b2,INACTIVE_DATE=IAS_GEN_PKG.GET_CURDATE,INACTIVE_RES=:b3 WHERE PO_SER = :b4""",focus_forms/APST003.fmx.md,observed_sql_indicator,PKB/SQL and schema
APST003.fmx,sql,"SELECT COUNT(1) FROM IAS_AP_CNTRCT_MST WHERE CNTRCT_NO = :b1""",focus_forms/APST003.fmx.md,observed_sql_indicator,PKB/SQL and schema
APST003.fmx,sql,"SELECT NVL(IAS_DBS_SYS_PKG.GET_COMMENT(:b1,''IAS_ITM_MST'',:b2,USER),:b2) FROM ALL_COL_COMMENTS WHERE OWNER = USER AND TABLE_NAME = ''IAS_ITM_MST'' AND COLUMN_NAME = :b2""",focus_forms/APST003.fmx.md,observed_sql_indicator,PKB/SQL and schema
APST003.fmx,sql,"SELECT 1 FROM P_ORDER WHERE V_CODE = :b1 AND BILL_NO_V_CODE = :b2 AND ROWNUM <= 1""",focus_forms/APST003.fmx.md,observed_sql_indicator,PKB/SQL and schema
APST003.fmx,sql,"SELECT 1 FROM USER_R WHERE U_ID = :b1""",focus_forms/APST003.fmx.md,observed_sql_indicator,PKB/SQL and schema
APST003.fmx,sql,"UPDATE P_ORDER SET ASSGN_TO_U_ID=NVL(:b1,0),ASSGN_U_ID=:b2,ASSGN_DATE=IAS_GEN_PKG.GET_CURDATE WHERE PO_SER = :b3""",focus_forms/APST003.fmx.md,observed_sql_indicator,PKB/SQL and schema
APST003.fmx,sql,"SELECT W_CODE,PR_NO,QT_NO FROM P_ORDER_DETAIL WHERE PO_NO = :b1 AND PO_SER = :b2 AND ROWNUM <= 1""SELECT NVL(MAX(REC_ATTCH),0) + 1 FROM P_ORDER_DETAIL WHERE PO_SER = :b1""",focus_forms/APST003.fmx.md,observed_sql_indicator,PKB/SQL and schema
APST003.fmx,sql,"DELETE FROM P_ORDER_DETAIL P WHERE P.PO_TYPE = :b1 AND P.PO_NO = :b2 AND P.PO_SER = :b3""DELETE FROM IAS_ITM_ATTACH_OTHRS I WHERE I.DOC_SER = :b1""DELETE FROM P_ORDER_DETAIL P WHERE",focus_forms/APST003.fmx.md,observed_sql_indicator,PKB/SQL and schema
APST003.fmx,sql,SELECT NVL(BAT,focus_forms/APST003.fmx.md,observed_sql_indicator,PKB/SQL and schema
APST003.fmx,sql,"SELECT 1 FROM GR_DETAIL WHERE I_CODE = :b1 AND BATCH_NO = :b2 AND ROWNUM <= 1""SELECT 1 FROM IAS_BATCH_NO WHERE BATCH_NO = :b1 AND ROWNUM <= 1""",focus_forms/APST003.fmx.md,observed_sql_indicator,PKB/SQL and schema
APST003.fmx,sql,"SELECT ITEM_SIZE FROM IAS_ITM_MST WHERE I_CODE = :b1""",focus_forms/APST003.fmx.md,observed_sql_indicator,PKB/SQL and schema
APST003.fmx,sql,"SELECT SUM(I_QTY) FROM IAS_PI_BILL_DTL WHERE I_CODE = :b1 AND W_CODE = :b2 AND PO_SER IS NOT NULL""SELECT SUM(I_QTY) FROM P_ORDER_DETAIL WHERE I_CODE = :b1 AND W_CODE = :b2""",focus_forms/APST003.fmx.md,observed_sql_indicator,PKB/SQL and schema
APST003.fmx,sql,"SELECT P_SIZE FROM IAS_ITM_DTL WHERE I_CODE = :b1 AND ITM_UNT = :b2""",focus_forms/APST003.fmx.md,observed_sql_indicator,PKB/SQL and schema
APST003.fmx,sql,"SELECT DECODE(:b1,1,NVL(I_NAME,I_E_NAME),NVL(I_E_NAME,I_NAME)),I_DESC,NVL(USE_QTY_FRACTION,0),MIN_LMT_COST_PER,MAX_LMT_COST_PER,NVL(SIZE_ITM,0),USE_WEIGHT,NVL(ALLOW_DISC_PI,0),NVL(",focus_forms/APST003.fmx.md,observed_sql_indicator,PKB/SQL and schema
APST003.fmx,sql,"UPDATE P_REQUEST_DETAIL SET PO_QTY=NVL(PO_QTY,0) - NVL(:b1,0) WHERE PR_SER = :b2 AND I_CODE = :b3 AND DOC_SEQUENCE = :b4""",focus_forms/APST003.fmx.md,observed_sql_indicator,PKB/SQL and schema
APST003.fmx,sql,"SELECT NVL(VAT_PER,0) FROM IAS_ITM_MST WHERE I_CODE = :b1""",focus_forms/APST003.fmx.md,observed_sql_indicator,PKB/SQL and schema
APST003.fmx,sql,"SELECT 1 FROM IAS_AP_CHARGES WHERE CHRG_NO = :b1 AND NVL(FILL_AUTO,0) = 1""",focus_forms/APST003.fmx.md,observed_sql_indicator,PKB/SQL and schema
APST003.fmx,sql,"SELECT 1 FROM IAS_AP_CHARGES WHERE CHRG_NO = :b1 AND NVL(FILL_AUTO,0) = 0""SELECT A_CODE,DECODE(AMT_TYPE,0,AMT, NULL ) * DECODE(CHRG_TYPE,1,1,-1) AMT_PER,NVL(AMT_TYPE,0),DECODE(NVL(",focus_forms/APST003.fmx.md,observed_sql_indicator,PKB/SQL and schema
APST003.fmx,sql,"SELECT 1 FROM IAS_AP_CHARGES WHERE A_CODE = :b1 AND ROWNUM <= 1""SELECT CHRG_NAME,DECODE(A_CY,:b1,AMT,AMT * AC_RATE * 1 / IAS_GEN_PKG.GET_CUR_RATE(:b1) ) * DECODE(CHRG_TYPE,1,1,-1)",focus_forms/APST003.fmx.md,observed_sql_indicator,PKB/SQL and schema
APST003.fmx,sql,"SELECT NVL(CALC_TYPE,0),CHRG_TYPE FROM IAS_AP_CHARGES WHERE A_CODE = :b1 AND CHRG_NO = :b2""",focus_forms/APST003.fmx.md,observed_sql_indicator,PKB/SQL and schema
APST003.fmx,sql,"SELECT COUNT(1) FROM IAS_AP_CHARGES WHERE A_CODE = :b1 AND CHRG_NO = :b2 AND NVL(AMT_TYPE,0) = 1""",focus_forms/APST003.fmx.md,observed_sql_indicator,PKB/SQL and schema
APST003.fmx,sql,"SELECT DECODE(A_CY,:b1,AMT,AMT * AC_RATE * 1 / IAS_GEN_PKG.GET_CUR_RATE(:b1) ) P_ORDER FROM IAS_AP_CHARGES WHERE CHRG_NO = :b3 AND AMT_TYPE = 1""",focus_forms/APST003.fmx.md,observed_sql_indicator,PKB/SQL and schema
APST003.fmx,sql,"SELECT 1 FROM IAS_AP_CHARGES WHERE ROWNUM <= 1""SELECT 1 FROM IAS_AP_CHARGES WHERE NVL(AMT_TYPE,0) = 1 AND (A_CY IS NULL OR AC_RATE IS NULL ) AND ROWNUM <= 1""",focus_forms/APST003.fmx.md,observed_sql_indicator,PKB/SQL and schema
APST003.fmx,sql,"SELECT CHRG_NAME,DECODE(NVL(FILL_AUTO,0),0,1,0) FROM IAS_AP_CHARGES WHERE CHRG_NO = :b1 AND A_CODE = :b2""SELECT 1 FROM IAS_AP_CHARGES WHERE CHRG_NO = :b1 AND NVL(FILL_AUTO,0) = 1 A",focus_forms/APST003.fmx.md,observed_sql_indicator,PKB/SQL and schema
APST003.fmx,sql,"SELECT 1 FROM ACCOUNT_CURR WHERE A_CODE = :b1 AND A_CY = :b2 AND ROWNUM <= 1""SELECT DECODE(A_CY,:b1,AMT,AMT * AC_RATE * 1 / IAS_GEN_PKG.GET_CUR_RATE(:b2) ) FROM IAS_AP_CHARGES WHER",focus_forms/APST003.fmx.md,observed_sql_indicator,PKB/SQL and schema
APST003.fmx,sql,"SELECT 1 FROM ACCOUNT_CURR WHERE A_CODE = :b1 AND A_CY = :b2 AND ROWNUM <= 1""SELECT DECODE(A_CY,:b1,AMT,AMT * AC_RATE * 1 / IAS_GEN_PKG.GET_CUR_RATE(:b1) ) FROM IAS_AP_CHARGES WHER",focus_forms/APST003.fmx.md,observed_sql_indicator,PKB/SQL and schema
APST003.fmx,sql,"SELECT I_CODE FROM IAS_ITM_MST WHERE I_CODE = :b1""",focus_forms/APST003.fmx.md,observed_sql_indicator,PKB/SQL and schema
APST003.fmx,sql,"SELECT 1 FROM PRIVILEGE_GC WHERE U_ID = :b1 AND G_CODE = :b2 AND NVL(VIEW_FLAG,0) = 1""",focus_forms/APST003.fmx.md,observed_sql_indicator,PKB/SQL and schema
APST003.fmx,sql,"SELECT FLEX_FIELD,ATTCH_DESC_NO1,ATTCH_DESC_NO2,ATTCH_DESC_NO3,ATTCH_DESC_NO4,ATTCH_DESC_NO5,ATTCH_NO1,ATTCH_NO2,ATTCH_NO3,ATTCH_NO4,ATTCH_NO5 FROM IAS_ITM_ATTACH WHERE I_CODE = :b",focus_forms/APST003.fmx.md,observed_sql_indicator,PKB/SQL and schema
APST003.fmx,sql,"SELECT 1 FROM IAS_ALTERNATIVE_GROUP WHERE GROUP_NO = :b1 AND ROWNUM <= 1""SELECT 1 FROM ITEM_TYPES WHERE TYPE_OF_ITEM = :b1 AND ROWNUM <= 1""SELECT 1 FROM IAS_ITEM_LEVELS WHERE ILEV_",focus_forms/APST003.fmx.md,observed_sql_indicator,PKB/SQL and schema
APST003.fmx,sql,"SELECT 1 FROM MEASUREMENT WHERE MEASURE_CODE = :b1 AND ROWNUM <= 1""SELECT 1 FROM IAS_MAINSUB_GRP_DTL WHERE MNG_CODE = :b1 AND ROWNUM <= 1""SELECT 1 FROM IAS_SUB_GRP_DTL WHERE SUBG_C",focus_forms/APST003.fmx.md,observed_sql_indicator,PKB/SQL and schema
APST003.fmx,sql,"SELECT DECODE(:b1,1,NVL(I_NAME,I_E_NAME),NVL(I_E_NAME,I_NAME)) FROM IAS_ITM_MST WHERE I_CODE = :b2""",focus_forms/APST003.fmx.md,observed_sql_indicator,PKB/SQL and schema
APST003.fmx,sql,"SELECT PASSWORD FROM USER_R WHERE U_ID = :b1 AND ROWNUM <= 1""",focus_forms/APST003.fmx.md,observed_sql_indicator,PKB/SQL and schema
APST003.fmx,metadata,APST003,focus_forms/APST003.fmx.md,specification_only,none
APST003.fmx,metadata,YSERP_MNU.MMX,focus_forms/APST003.fmx.md,specification_only,none
APST003.fmx,metadata,AMERICAN_AMERICA.AR8MSWIN1256,focus_forms/APST003.fmx.md,specification_only,none
APST003.fmx,metadata,P1_23_NOV_201414_43_31,focus_forms/APST003.fmx.md,specification_only,none
APST003.fmx,metadata,SQLFORMS,focus_forms/APST003.fmx.md,specification_only,none
APST003.fmx,metadata,"""PKG INIT""<anonymous>""""",focus_forms/APST003.fmx.md,specification_only,none
APST003.fmx,metadata,P0_23_NOV_201414_43_31,focus_forms/APST003.fmx.md,specification_only,none
APST003.fmx,metadata,P2_10_SEP_201409_15_34,focus_forms/APST003.fmx.md,specification_only,none
APST003.fmx,metadata,P0_19_MAR_201416_15_06,focus_forms/APST003.fmx.md,specification_only,none
APST003.fmx,metadata,/LYSERP_LIB,focus_forms/APST003.fmx.md,specification_only,none
APST003.fmx,metadata,GEN_PKG,focus_forms/APST003.fmx.md,specification_only,none
APST003.fmx,metadata,P30_16_JAN_201412_58_41,focus_forms/APST003.fmx.md,specification_only,none
APST003.fmx,metadata,/NSPC23/PRE_FORM_PRC,focus_forms/APST003.fmx.md,specification_only,none
APST003.fmx,metadata,P29_16_JAN_201412_58_41,focus_forms/APST003.fmx.md,specification_only,none
APST003.fmx,metadata,"""/NSPC23/WHEN_NEW_FORM_INSTANCE_PRC",focus_forms/APST003.fmx.md,specification_only,none
APST003.fmx,metadata,P28_16_JAN_201412_58_41,focus_forms/APST003.fmx.md,specification_only,none
APST003.fmx,metadata,/NSPC23/POST_FORMS_COMMIT_PRC,focus_forms/APST003.fmx.md,specification_only,none
APST003.fmx,metadata,P27_16_JAN_201412_58_41,focus_forms/APST003.fmx.md,specification_only,none
APST003.fmx,metadata,P26_16_JAN_201412_58_41,focus_forms/APST003.fmx.md,specification_only,none
APST003.fmx,metadata,P25_16_JAN_201412_58_41,focus_forms/APST003.fmx.md,specification_only,none
APST003.fmx,metadata,P24_16_JAN_201412_58_41,focus_forms/APST003.fmx.md,specification_only,none
APST003.fmx,metadata,P23_16_JAN_201412_58_41,focus_forms/APST003.fmx.md,specification_only,none
APST003.fmx,metadata,P22_16_JAN_201412_58_41,focus_forms/APST003.fmx.md,specification_only,none
APST003.fmx,metadata,P21_16_JAN_201412_58_41,focus_forms/APST003.fmx.md,specification_only,none
APST003.fmx,metadata,/NSPC23/EXIT_PROC,focus_forms/APST003.fmx.md,specification_only,none
APST003.fmx,metadata,P20_16_JAN_201412_58_41,focus_forms/APST003.fmx.md,specification_only,none
APST003.fmx,metadata,P19_16_JAN_201412_58_41,focus_forms/APST003.fmx.md,specification_only,none
APST003.fmx,metadata,STANDARD,focus_forms/APST003.fmx.md,specification_only,none
APST003.fmx,metadata,FORMS40,focus_forms/APST003.fmx.md,specification_only,none
APST003.fmx,metadata,VIEW_BTN,focus_forms/APST003.fmx.md,specification_only,none
APST003.fmx,metadata,SCREEN_BTN,focus_forms/APST003.fmx.md,specification_only,none
APST003.fmx,metadata,PRINT_DOC_BTN,focus_forms/APST003.fmx.md,specification_only,none
APST003.fmx,metadata,CANCEL_BTN,focus_forms/APST003.fmx.md,specification_only,none
APST003.fmx,metadata,PRINT_ST,focus_forms/APST003.fmx.md,specification_only,none
APST003.fmx,metadata,P18_16_JAN_201412_58_41,focus_forms/APST003.fmx.md,specification_only,none
APST003.fmx,metadata,Create -,focus_forms/APST003.fmx.md,specification_only,none
APST003.fmx,metadata,P17_16_JAN_201412_58_41,focus_forms/APST003.fmx.md,specification_only,none
APST003.fmx,metadata,FORMS4C,focus_forms/APST003.fmx.md,specification_only,none
APST003.fmx,metadata,/NSPC23/ADD_PROC,focus_forms/APST003.fmx.md,specification_only,none
APST003.fmx,metadata,BAR.ADD_Btn,focus_forms/APST003.fmx.md,specification_only,none
APST003.fmx,metadata,TRUE,focus_forms/APST003.fmx.md,specification_only,none
APST003.fmx,metadata,Delete -,focus_forms/APST003.fmx.md,specification_only,none
APST003.fmx,metadata,P16_16_JAN_201412_58_41,focus_forms/APST003.fmx.md,specification_only,none
APST003.fmx,metadata,/NSPC23/DELETE_PROC,focus_forms/APST003.fmx.md,specification_only,none
APST003.fmx,metadata,BAR.Del_Btn,focus_forms/APST003.fmx.md,specification_only,none
APST003.fmx,metadata,Accept -,focus_forms/APST003.fmx.md,specification_only,none
APST003.fmx,metadata,P15_16_JAN_201412_58_41,focus_forms/APST003.fmx.md,specification_only,none
APST003.fmx,metadata,/NSPC23/SAVE_PROC,focus_forms/APST003.fmx.md,specification_only,none
APST003.fmx,metadata,BAR.SAVE_Btn,focus_forms/APST003.fmx.md,specification_only,none
APST003.fmx,metadata,List -,focus_forms/APST003.fmx.md,specification_only,none
APST003.fmx,metadata,P14_16_JAN_201412_58_41,focus_forms/APST003.fmx.md,specification_only,none
APST003.fmx,metadata,/NSPC23/LIST_PROC,focus_forms/APST003.fmx.md,specification_only,none
APST003.fmx,metadata,BAR.LIST_BTN,focus_forms/APST003.fmx.md,specification_only,none
APST003.fmx,metadata,Search_,focus_forms/APST003.fmx.md,specification_only,none
APST003.fmx,metadata,P13_16_JAN_201412_58_41,focus_forms/APST003.fmx.md,specification_only,none
APST003.fmx,metadata,/NSPC23/KEY_ENTQRY,focus_forms/APST003.fmx.md,specification_only,none
APST003.fmx,metadata,BAR.SeeK_Btn,focus_forms/APST003.fmx.md,specification_only,none
APST003.fmx,metadata,Exceute -,focus_forms/APST003.fmx.md,specification_only,none
APST003.fmx,metadata,P12_16_JAN_201412_58_41,focus_forms/APST003.fmx.md,specification_only,none
APST003.fmx,metadata,/NSPC23/KEY_EXEQRY,focus_forms/APST003.fmx.md,specification_only,none
APST003.fmx,metadata,BAR.SEEK_BTN,focus_forms/APST003.fmx.md,specification_only,none
APST003.fmx,metadata,Print -,focus_forms/APST003.fmx.md,specification_only,none
APST003.fmx,metadata,P11_16_JAN_201412_58_41,focus_forms/APST003.fmx.md,specification_only,none
APST003.fmx,metadata,/NSPC23/CALL_SCR_PRINT,focus_forms/APST003.fmx.md,specification_only,none
APST003.fmx,metadata,BAR.Print_Btn,focus_forms/APST003.fmx.md,specification_only,none
APST003.fmx,metadata,P10_16_JAN_201412_58_41,focus_forms/APST003.fmx.md,specification_only,none
APST003.fmx,metadata,/NSPC23/WHEN_TIMER_EXPIRED_PRC,focus_forms/APST003.fmx.md,specification_only,none
APST003.fmx,metadata,P9_16_JAN_201412_58_41,focus_forms/APST003.fmx.md,specification_only,none
APST003.fmx,metadata,P8_16_JAN_201412_58_41,focus_forms/APST003.fmx.md,specification_only,none
APST003.fmx,metadata,P4_12_FEB_201417_30_42,focus_forms/APST003.fmx.md,specification_only,none
APST003.fmx,metadata,!/NSPC23/WHEN_TAB_PAGE_CHANGED_PRC,focus_forms/APST003.fmx.md,specification_only,none
APST003.fmx,metadata,P5_16_JAN_201412_58_41,focus_forms/APST003.fmx.md,specification_only,none
APST003.fmx,metadata,P8_14_DEC_201415_45_45,focus_forms/APST003.fmx.md,specification_only,none
APST003.fmx,metadata,/NSPC23/CLEAR_ALL_MASTER_DETAILS,focus_forms/APST003.fmx.md,specification_only,none
APST003.fmx,metadata,ADD_PROC,focus_forms/APST003.fmx.md,specification_only,none
APST003.fmx,metadata,FORMS4W,focus_forms/APST003.fmx.md,specification_only,none
APST003.fmx,metadata,/NSPC23/ENA_DIS_ITM_PRC,focus_forms/APST003.fmx.md,specification_only,none
APST003.fmx,metadata,IAS_GEN_PKG,focus_forms/APST003.fmx.md,specification_only,none
APST003.fmx,metadata,IAS20142,focus_forms/APST003.fmx.md,specification_only,none
APST003.fmx,metadata,/NSPC23/GET_SERIAL,focus_forms/APST003.fmx.md,specification_only,none
APST003.fmx,metadata,IAS_PRICING_LEVELS,focus_forms/APST003.fmx.md,specification_only,none
APST003.fmx,metadata,IAS_PRIV_AP,focus_forms/APST003.fmx.md,specification_only,none
APST003.fmx,metadata,"""PKG INIT""ADD_PROC""V_CNT""V_PO_TYP""<cursor ptr>""<SQL statement. Line 37>""<SQL statement. Line 59>""<SQL statement. Line 68>""""",focus_forms/APST003.fmx.md,specification_only,none
APST003.fmx,metadata,MAIN2,focus_forms/APST003.fmx.md,specification_only,none
APST003.fmx,metadata,FALSE,focus_forms/APST003.fmx.md,specification_only,none
APST003.fmx,metadata,P_Order,focus_forms/APST003.fmx.md,specification_only,none
APST003.fmx,metadata,P_Order_detail,focus_forms/APST003.fmx.md,specification_only,none
APST003.fmx,metadata,p_order_detail.i_code,focus_forms/APST003.fmx.md,specification_only,none
APST003.fmx,metadata,IAS_GEN_PKGIAS20142GET_SYSDATEIA,focus_forms/APST003.fmx.md,specification_only,none
APST003.fmx,metadata,p_order.po_type,focus_forms/APST003.fmx.md,specification_only,none
APST003.fmx,metadata,P_Order.Lvl_Price,focus_forms/APST003.fmx.md,specification_only,none
APST003.fmx,metadata,IAS_GEN_PKGIAS20142GET_ONE_WCODE,focus_forms/APST003.fmx.md,specification_only,none
APST003.fmx,metadata,p_order.pr_no,focus_forms/APST003.fmx.md,specification_only,none
APST003.fmx,metadata,p_order.po_no,focus_forms/APST003.fmx.md,specification_only,none
APST003.fmx,metadata,P_Order.po_type,focus_forms/APST003.fmx.md,specification_only,none
APST003.fmx,metadata,P_Order.Need_Check_Qty,focus_forms/APST003.fmx.md,specification_only,none
APST003.fmx,metadata,CHECK_CNTRCT,focus_forms/APST003.fmx.md,specification_only,none
APST003.fmx,metadata,P_Order.po_no,focus_forms/APST003.fmx.md,specification_only,none
APST003.fmx,metadata,"SELECT LEV_NO FROM IAS_PRICING_LEVELS WHERE LEV_DEFLT = 1""SELECT COUNT(1) FROM IAS_PRIV_AP WHERE U_ID = :b1 AND AP_TYPE = 2 AND ADD_FLAG = 1""SELECT P_TYPE FROM IAS_PRIV_AP WHERE U_ID = :b1 AND AP_TYPE = 2 AND ADD_FLAG = 1 AND ROWNUM <= 1""",focus_forms/APST003.fmx.md,specification_only,none
APST003.fmx,metadata,CALL_BTN_SCR,focus_forms/APST003.fmx.md,specification_only,none
APST003.fmx,metadata,CALL_BAR_BTN_SCR,focus_forms/APST003.fmx.md,specification_only,none
APST003.fmx,metadata,IAS_USR_PKG,focus_forms/APST003.fmx.md,specification_only,none
APST003.fmx,metadata,YS_GEN_PKG,focus_forms/APST003.fmx.md,specification_only,none
APST003.fmx,metadata,"""PKG INIT""CALL_BTN_SCR""P_SCR_TYP""V_APPROVED_PRV""V_VRFY_PRV""V_INACTIVE_PRV""""",focus_forms/APST003.fmx.md,specification_only,none
APST003.fmx,metadata,CALL_OBJ.DUMMY,focus_forms/APST003.fmx.md,specification_only,none
APST003.fmx,metadata,Bar.Save_Btn,focus_forms/APST003.fmx.md,specification_only,none
APST003.fmx,metadata,IAS_USR_PKGIAS20142CHK_USR_FRM_PRVIA,focus_forms/APST003.fmx.md,specification_only,none
APST003.fmx,metadata,IAS_USR_PKGIAS20142GET_USR_APPRV,focus_forms/APST003.fmx.md,specification_only,none
APST003.fmx,metadata,Parameter.Grant_Audit_Doc,focus_forms/APST003.fmx.md,specification_only,none
APST003.fmx,metadata,INACTIVE,focus_forms/APST003.fmx.md,specification_only,none
APST003.fmx,metadata,YS_GEN_PKGIAS20142GET_USR_FLD_PRVYS_,focus_forms/APST003.fmx.md,specification_only,none
APST003.fmx,metadata,VA_ITM_MOVE,focus_forms/APST003.fmx.md,specification_only,none
APST003.fmx,metadata,VA_BTN,focus_forms/APST003.fmx.md,specification_only,none
APST003.fmx,metadata,MS Sans Serif,focus_forms/APST003.fmx.md,specification_only,none
APST003.fmx,metadata,VA_FLD,focus_forms/APST003.fmx.md,specification_only,none
APST003.fmx,metadata,VA_CHK,focus_forms/APST003.fmx.md,specification_only,none
APST003.fmx,metadata,ADD_PROC2,focus_forms/APST003.fmx.md,specification_only,none
APST003.fmx,metadata,P_ORDER_DETAIL,focus_forms/APST003.fmx.md,specification_only,none
APST003.fmx,metadata,P_ORDER,focus_forms/APST003.fmx.md,specification_only,none
APST003.fmx,metadata,"""PKG INIT""ADD_PROC2""V_PK_VAL""V_DOC_SER""V_W_CODE""SHALT""CM""<cursor ptr>""PO_TYPE""PO_DATE""V_CODE""V_NAME""REF_NO""CUR_CODE""CC_CODE""PO_DESC""PJ_NO""INACTIVE""INACTIVE_RES""PUR_TYPE""FIELD1""FIELD2""FIELD3""FIELD4""FIELD5""FIELD6""FIELD7""FIELD8""FIELD9""FIELD10""I""I_CODE""I_QTY""FREE_QTY""I_PRICE""I_PRICE_VAT""ITEM_DESC""RCRD_NO""P_QTY""ITM_UNT""""",focus_forms/APST003.fmx.md,specification_only,none
APST003.fmx,metadata,ADD_F_DOC,focus_forms/APST003.fmx.md,specification_only,none
APST003.fmx,metadata,P_Order_Detail,focus_forms/APST003.fmx.md,specification_only,none
APST003.fmx,metadata,@<X<,focus_forms/APST003.fmx.md,specification_only,none
APST003.fmx,metadata,\<`<,focus_forms/APST003.fmx.md,specification_only,none
APST003.fmx,metadata,d<|<,focus_forms/APST003.fmx.md,specification_only,none
APST003.fmx,metadata,0=4=,focus_forms/APST003.fmx.md,specification_only,none
APST003.fmx,metadata,`hhh,focus_forms/APST003.fmx.md,specification_only,none
APST003.fmx,metadata,lhph,focus_forms/APST003.fmx.md,specification_only,none
APST003.fmx,metadata,thxh,focus_forms/APST003.fmx.md,specification_only,none
APST003.fmx,metadata,h#\',focus_forms/APST003.fmx.md,specification_only,none
APST003.fmx,metadata,`'T+,focus_forms/APST003.fmx.md,specification_only,none
APST003.fmx,metadata,X+L/,focus_forms/APST003.fmx.md,specification_only,none
APST003.fmx,metadata,P/D3,focus_forms/APST003.fmx.md,specification_only,none
APST003.fmx,metadata,H3`3,focus_forms/APST003.fmx.md,specification_only,none
APST003.fmx,metadata,d3|3,focus_forms/APST003.fmx.md,specification_only,none
APST003.fmx,metadata,44L4,focus_forms/APST003.fmx.md,specification_only,none
APST003.fmx,metadata,"P4,<",focus_forms/APST003.fmx.md,specification_only,none
APST003.fmx,metadata,0<<<r,focus_forms/APST003.fmx.md,specification_only,none
APST003.fmx,metadata,"SELECT PO_TYPE,PO_DATE,V_CODE,V_NAME,REF_NO,CUR_CODE,CC_CODE,PO_DESC,PJ_NO,INACTIVE,INACTIVE_RES,PUR_TYPE,FIELD1,FIELD2,FIELD3,FIELD4,FIELD5,FIELD6,FIELD7,FIELD8,FIELD9,FIELD10 FROM P_ORDER WHERE PO_SER = :b1""SELECT I_CODE,I_QTY,NVL(FREE_QTY,0) FREE_QTY,I_PRICE,I_PRICE_VAT,ITEM_DESC,RCRD_NO,P_QTY,ITM_UNT FROM P_ORDER_DETAIL WHERE PO_SER = :b1 ORDER BY RCRD_NO""",focus_forms/APST003.fmx.md,specification_only,none
APST003.fmx,metadata,B4SAVE_PRC,focus_forms/APST003.fmx.md,specification_only,none
APST003.fmx,metadata,IAS_CHECK_SYS_PKG,focus_forms/APST003.fmx.md,specification_only,none
APST003.fmx,metadata,VENDOR_CURR,focus_forms/APST003.fmx.md,specification_only,none
APST003.fmx,metadata,IAS_VNDR_PKG,focus_forms/APST003.fmx.md,specification_only,none
APST003.fmx,metadata,ACCOUNT_CURR,focus_forms/APST003.fmx.md,specification_only,none
APST003.fmx,metadata,/NSPC23/CHECK_CNTRCT_DATA,focus_forms/APST003.fmx.md,specification_only,none
APST003.fmx,metadata,/NSPC23/AUDIT_OTHR_PRC,focus_forms/APST003.fmx.md,specification_only,none
APST003.fmx,metadata,/NSPC23/CALC_OTHER_CHARGES,focus_forms/APST003.fmx.md,specification_only,none
APST003.fmx,metadata,"""PKG INIT""B4SAVE_PRC""V_CNT""CNT""VEN_A_CODE""<cursor ptr>""<SQL statement. Line 98>""<SQL statement. Line 120>""""",focus_forms/APST003.fmx.md,specification_only,none
APST003.fmx,metadata,P_order.Po_No,focus_forms/APST003.fmx.md,specification_only,none
APST003.fmx,metadata,P_order.Po_Date,focus_forms/APST003.fmx.md,specification_only,none
APST003.fmx,metadata,None,focus_forms/APST003.fmx.md,specification_only,none
APST003.fmx,metadata,P_order.Cur_Code,focus_forms/APST003.fmx.md,specification_only,none
APST003.fmx,metadata,P_order.V_Name,focus_forms/APST003.fmx.md,specification_only,none
APST003.fmx,metadata,P_Order.Po_Desc,focus_forms/APST003.fmx.md,specification_only,none
APST003.fmx,metadata,P_Order.Ref_no,focus_forms/APST003.fmx.md,specification_only,none
APST003.fmx,metadata,VCODE,focus_forms/APST003.fmx.md,specification_only,none
APST003.fmx,metadata,IAS_CHECK_SYS_PKGIAS20142CHECK_AC_ACY_INCTVI,focus_forms/APST003.fmx.md,specification_only,none
APST003.fmx,metadata,P_order.w_code,focus_forms/APST003.fmx.md,specification_only,none
APST003.fmx,metadata,P_order.cc_code,focus_forms/APST003.fmx.md,specification_only,none
APST003.fmx,metadata,P_order.Pj_no,focus_forms/APST003.fmx.md,specification_only,none
APST003.fmx,metadata,P_order.Actv_no,focus_forms/APST003.fmx.md,specification_only,none
APST003.fmx,metadata,P_order.BILL_NO_V_CODE,focus_forms/APST003.fmx.md,specification_only,none
APST003.fmx,metadata,P_order.cur_code,focus_forms/APST003.fmx.md,specification_only,none
APST003.fmx,metadata,IAS_VNDR_PKGIAS20142GET_ACODEIAS,focus_forms/APST003.fmx.md,specification_only,none
APST003.fmx,metadata,p_order_detail,focus_forms/APST003.fmx.md,specification_only,none
APST003.fmx,metadata,Select 1 From p_order where po_ser =,focus_forms/APST003.fmx.md,specification_only,none
APST003.fmx,metadata,and po_processed = 1 and RowNum<=1,focus_forms/APST003.fmx.md,specification_only,none
APST003.fmx,metadata,IAS_GEN_PKGIAS20142GET_CNTIA,focus_forms/APST003.fmx.md,specification_only,none
APST003.fmx,metadata,CHANGED,focus_forms/APST003.fmx.md,specification_only,none
APST003.fmx,metadata,PARAMETER.BLK,focus_forms/APST003.fmx.md,specification_only,none
APST003.fmx,metadata,(!@!,focus_forms/APST003.fmx.md,specification_only,none
APST003.fmx,metadata,D!P!,focus_forms/APST003.fmx.md,specification_only,none
APST003.fmx,metadata,T!l!,focus_forms/APST003.fmx.md,specification_only,none
APST003.fmx,metadata,p!|!,focus_forms/APST003.fmx.md,specification_only,none
APST003.fmx,metadata,"(""4""",focus_forms/APST003.fmx.md,specification_only,none
APST003.fmx,metadata,"8""D""",focus_forms/APST003.fmx.md,specification_only,none
APST003.fmx,metadata,"H""`""",focus_forms/APST003.fmx.md,specification_only,none
APST003.fmx,metadata,"d""h""",focus_forms/APST003.fmx.md,specification_only,none
APST003.fmx,metadata,$#<#,focus_forms/APST003.fmx.md,specification_only,none
APST003.fmx,metadata,@#L#,focus_forms/APST003.fmx.md,specification_only,none
APST005.fmx,procedure,ADD_PROC,focus_forms/APST005.fmx.md,specification_only,FMB/PLL/PKB
APST005.fmx,procedure,ATTACH_ITEM_PKG,focus_forms/APST005.fmx.md,specification_only,FMB/PLL/PKB
APST005.fmx,procedure,AUDIT_PRC,focus_forms/APST005.fmx.md,specification_only,FMB/PLL/PKB
APST005.fmx,procedure,B4SAVE_PRC,focus_forms/APST005.fmx.md,specification_only,FMB/PLL/PKB
APST005.fmx,procedure,CHANGE_BILL_TYP_PRC,focus_forms/APST005.fmx.md,specification_only,FMB/PLL/PKB
APST005.fmx,procedure,CHK_B4SAVE_DTL_PRC,focus_forms/APST005.fmx.md,specification_only,FMB/PLL/PKB
APST005.fmx,procedure,CHK_B4SAVE_MST_PRC,focus_forms/APST005.fmx.md,specification_only,FMB/PLL/PKB
APST005.fmx,procedure,CKECK_ITM_VNDR_CNT_PRC,focus_forms/APST005.fmx.md,specification_only,FMB/PLL/PKB
APST005.fmx,procedure,DELETE_PROC,focus_forms/APST005.fmx.md,specification_only,FMB/PLL/PKB
APST005.fmx,procedure,DEL_DET_REC_PRC,focus_forms/APST005.fmx.md,specification_only,FMB/PLL/PKB
APST005.fmx,procedure,ENA_DIS_ITM_PRC,focus_forms/APST005.fmx.md,specification_only,FMB/PLL/PKB
APST005.fmx,procedure,EXIT_PROC,focus_forms/APST005.fmx.md,specification_only,FMB/PLL/PKB
APST005.fmx,procedure,FILL_ALL_LIST_PRC,focus_forms/APST005.fmx.md,specification_only,FMB/PLL/PKB
APST005.fmx,procedure,GEN_PKG,focus_forms/APST005.fmx.md,specification_only,FMB/PLL/PKB
APST005.fmx,procedure,GET_COST_ITM_PRC,focus_forms/APST005.fmx.md,specification_only,FMB/PLL/PKB
APST005.fmx,procedure,GET_ITM_SER_PRC,focus_forms/APST005.fmx.md,specification_only,FMB/PLL/PKB
APST005.fmx,procedure,IAS_ACODE_PKG,focus_forms/APST005.fmx.md,specification_only,FMB/PLL/PKB
APST005.fmx,procedure,IAS_ACTV_PKG,focus_forms/APST005.fmx.md,specification_only,FMB/PLL/PKB
APST005.fmx,procedure,IAS_AP_DOC_SERIAL_PKG,focus_forms/APST005.fmx.md,specification_only,FMB/PLL/PKB
APST005.fmx,procedure,IAS_ATTACH_ITM_PKG,focus_forms/APST005.fmx.md,specification_only,FMB/PLL/PKB
APST005.fmx,procedure,IAS_AUDIT_PKG,focus_forms/APST005.fmx.md,specification_only,FMB/PLL/PKB
APST005.fmx,procedure,IAS_AUD_SYS_PKG,focus_forms/APST005.fmx.md,specification_only,FMB/PLL/PKB
APST005.fmx,procedure,IAS_BRN_PKG,focus_forms/APST005.fmx.md,specification_only,FMB/PLL/PKB
APST005.fmx,procedure,IAS_CC_CODE_PKG,focus_forms/APST005.fmx.md,specification_only,FMB/PLL/PKB
APST005.fmx,procedure,IAS_CHECK_LIGHT_TRANS_FNC,focus_forms/APST005.fmx.md,specification_only,FMB/PLL/PKB
APST005.fmx,procedure,IAS_CHECK_SYS_PKG,focus_forms/APST005.fmx.md,specification_only,FMB/PLL/PKB
APST005.fmx,procedure,IAS_CSHBNK_PKG,focus_forms/APST005.fmx.md,specification_only,FMB/PLL/PKB
APST005.fmx,procedure,IAS_CST_PKG,focus_forms/APST005.fmx.md,specification_only,FMB/PLL/PKB
APST005.fmx,procedure,IAS_DBS_SYS_PKG,focus_forms/APST005.fmx.md,specification_only,FMB/PLL/PKB
APST005.fmx,procedure,IAS_FETCH_DATA_PKG,focus_forms/APST005.fmx.md,specification_only,FMB/PLL/PKB
APST005.fmx,procedure,IAS_GEN_PKG,focus_forms/APST005.fmx.md,specification_only,FMB/PLL/PKB
APST005.fmx,procedure,IAS_GET_DOC_DEL_FNC,focus_forms/APST005.fmx.md,specification_only,FMB/PLL/PKB
APST005.fmx,procedure,IAS_GET_ENC_PASS_FNC,focus_forms/APST005.fmx.md,specification_only,FMB/PLL/PKB
APST005.fmx,procedure,IAS_GET_ENC_PASS_FNCIAS20142IAS_GET_ENC_PASS_FNC,focus_forms/APST005.fmx.md,specification_only,FMB/PLL/PKB
APST005.fmx,procedure,IAS_ITM_BARCODE_PKG,focus_forms/APST005.fmx.md,specification_only,FMB/PLL/PKB
APST005.fmx,procedure,IAS_ITM_INV_PKG,focus_forms/APST005.fmx.md,specification_only,FMB/PLL/PKB
APST005.fmx,procedure,IAS_ITM_PKG,focus_forms/APST005.fmx.md,specification_only,FMB/PLL/PKB
APST005.fmx,procedure,IAS_PJ_PKG,focus_forms/APST005.fmx.md,specification_only,FMB/PLL/PKB
APST005.fmx,procedure,IAS_POST_IN_SAV_PKG,focus_forms/APST005.fmx.md,specification_only,FMB/PLL/PKB
APST005.fmx,procedure,IAS_PRMTR_PKG,focus_forms/APST005.fmx.md,specification_only,FMB/PLL/PKB
APST005.fmx,procedure,IAS_TRNS_PKG,focus_forms/APST005.fmx.md,specification_only,FMB/PLL/PKB
APST005.fmx,procedure,IAS_USR_PKG,focus_forms/APST005.fmx.md,specification_only,FMB/PLL/PKB
APST005.fmx,procedure,IAS_VNDR_PKG,focus_forms/APST005.fmx.md,specification_only,FMB/PLL/PKB
APST005.fmx,procedure,IAS_WCODE_PKG,focus_forms/APST005.fmx.md,specification_only,FMB/PLL/PKB
APST005.fmx,procedure,IAS_WEIGHT_SYS_PKG,focus_forms/APST005.fmx.md,specification_only,FMB/PLL/PKB
APST005.fmx,procedure,IAS_WEIGHT_SYS_PKGIAS20142CALC_AREA_SIZE_PRC,focus_forms/APST005.fmx.md,specification_only,FMB/PLL/PKB
APST005.fmx,procedure,IAS_WT_PKG,focus_forms/APST005.fmx.md,specification_only,FMB/PLL/PKB
APST005.fmx,procedure,IMP_F_EXCEL_PRC,focus_forms/APST005.fmx.md,specification_only,FMB/PLL/PKB
APST005.fmx,procedure,KEY_LISTVAL_PRC,focus_forms/APST005.fmx.md,specification_only,FMB/PLL/PKB
APST005.fmx,procedure,LIST_PROC,focus_forms/APST005.fmx.md,specification_only,FMB/PLL/PKB
APST005.fmx,procedure,LOV_PKG,focus_forms/APST005.fmx.md,specification_only,FMB/PLL/PKB
APST005.fmx,procedure,LOV_TRG,focus_forms/APST005.fmx.md,specification_only,FMB/PLL/PKB
APST005.fmx,procedure,LYSERP_LIB,focus_forms/APST005.fmx.md,specification_only,FMB/PLL/PKB
APST005.fmx,procedure,POST_FORMS_COMMIT_PRC,focus_forms/APST005.fmx.md,specification_only,FMB/PLL/PKB
APST005.fmx,procedure,PRE_FORM_PRC,focus_forms/APST005.fmx.md,specification_only,FMB/PLL/PKB
APST005.fmx,procedure,PRINT_PROC,focus_forms/APST005.fmx.md,specification_only,FMB/PLL/PKB
APST005.fmx,procedure,SAVE_PROC,focus_forms/APST005.fmx.md,specification_only,FMB/PLL/PKB
APST005.fmx,procedure,SET_POS_PRC,focus_forms/APST005.fmx.md,specification_only,FMB/PLL/PKB
APST005.fmx,procedure,SHOW_BAT_COL1_IN_SCREEN,focus_forms/APST005.fmx.md,specification_only,FMB/PLL/PKB
APST005.fmx,procedure,SHOW_BAT_COL2_IN_SCREEN,focus_forms/APST005.fmx.md,specification_only,FMB/PLL/PKB
APST005.fmx,procedure,SHOW_BAT_COL3_IN_SCREEN,focus_forms/APST005.fmx.md,specification_only,FMB/PLL/PKB
APST005.fmx,procedure,SHOW_BAT_COL4_IN_SCREEN,focus_forms/APST005.fmx.md,specification_only,FMB/PLL/PKB
APST005.fmx,procedure,SHOW_BAT_COL5_IN_SCREEN,focus_forms/APST005.fmx.md,specification_only,FMB/PLL/PKB
APST005.fmx,procedure,SRCH_DTL_PKG,focus_forms/APST005.fmx.md,specification_only,FMB/PLL/PKB
APST005.fmx,procedure,SYS_SCREEN,focus_forms/APST005.fmx.md,specification_only,FMB/PLL/PKB
APST005.fmx,procedure,UPDATE_OTHER_CHARGES_DTL_PRC,focus_forms/APST005.fmx.md,specification_only,FMB/PLL/PKB
APST005.fmx,procedure,UPDATE_PROC,focus_forms/APST005.fmx.md,specification_only,FMB/PLL/PKB
APST005.fmx,procedure,WHEN_NEW_FORM_INSTANCE_PRC,focus_forms/APST005.fmx.md,specification_only,FMB/PLL/PKB
APST005.fmx,procedure,WHEN_TAB_PAGE_CHANGED_PRC,focus_forms/APST005.fmx.md,specification_only,FMB/PLL/PKB
APST005.fmx,procedure,WHEN_TIMER_EXPIRED_PRC,focus_forms/APST005.fmx.md,specification_only,FMB/PLL/PKB
APST005.fmx,procedure,WIN_API,focus_forms/APST005.fmx.md,specification_only,FMB/PLL/PKB
APST005.fmx,procedure,YSERP_LIB,focus_forms/APST005.fmx.md,specification_only,FMB/PLL/PKB
APST005.fmx,procedure,YSERP_MNU,focus_forms/APST005.fmx.md,specification_only,FMB/PLL/PKB
APST005.fmx,procedure,YS_AC_DTL_PKG,focus_forms/APST005.fmx.md,specification_only,FMB/PLL/PKB
APST005.fmx,procedure,YS_GEN_PKG,focus_forms/APST005.fmx.md,specification_only,FMB/PLL/PKB
APST005.fmx,procedure,YS_ITM_LOV_PKG,focus_forms/APST005.fmx.md,specification_only,FMB/PLL/PKB
APST005.fmx,component,ERP_CODE_TRNS.FMX,focus_forms/APST005.fmx.md,specification_only,FMB/PLL/PKB
APST005.fmx,component,EXCEL.EXE,focus_forms/APST005.fmx.md,specification_only,FMB/PLL/PKB
APST005.fmx,component,Excel.exe,focus_forms/APST005.fmx.md,specification_only,FMB/PLL/PKB
APST005.fmx,component,INVI010.Fmx,focus_forms/APST005.fmx.md,specification_only,FMB/PLL/PKB
APST005.fmx,component,Inv_Itm_Trns.Fmx,focus_forms/APST005.fmx.md,specification_only,FMB/PLL/PKB
APST005.fmx,component,Inv_Reevaluation.Fmx,focus_forms/APST005.fmx.md,specification_only,FMB/PLL/PKB
APST005.fmx,component,YSERP_MNU.MMX,focus_forms/APST005.fmx.md,specification_only,FMB/PLL/PKB
APST005.fmx,component,YS_ICODE_LOV.FMX,focus_forms/APST005.fmx.md,specification_only,FMB/PLL/PKB
APST005.fmx,component,calc.exe,focus_forms/APST005.fmx.md,specification_only,FMB/PLL/PKB
APST005.fmx,component,invi023.Fmx,focus_forms/APST005.fmx.md,specification_only,FMB/PLL/PKB
APST005.fmx,sql,"SELECT LEV_NO FROM IAS_PRICING_LEVELS WHERE LEV_DEFLT = 1""",focus_forms/APST005.fmx.md,observed_sql_indicator,PKB/SQL and schema
APST005.fmx,sql,"SELECT BILL_DOC_TYPE,CASH_NO,PUR_TYPE,V_CODE,A_CODE,BILL_CURRENCY,BILL_RATE,STOCK_RATE,V_NAME,CHEQUE_AMT,DISC_AMT,DISC_AMT_MST,DISC_AMT_DTL,BILL_AMT,W_CODE,PMAN_CODE,REF_NO,CC_CODE",focus_forms/APST005.fmx.md,observed_sql_indicator,PKB/SQL and schema
APST005.fmx,sql,"SELECT NVL(MAX(DOC_NO),0) + 1 FROM IAS_SALES_FREE_QTY_HISTORY""",focus_forms/APST005.fmx.md,observed_sql_indicator,PKB/SQL and schema
APST005.fmx,sql,"SELECT 1 FROM IAS_PI_BILL_MST WHERE BILL_SER = :b1 AND ROWNUM <= 1""",focus_forms/APST005.fmx.md,observed_sql_indicator,PKB/SQL and schema
APST005.fmx,sql,"SELECT 1 FROM GR_NOTE WHERE PI_TYPE = 2 AND PUR_TYPE = 2 AND DOC_SER = :b1 AND ROWNUM <= 1""SELECT 1 FROM ITEM_MOVEMENT WHERE EXISTS (SELECT 1 FROM IAS_PI_BILL_DTL WHERE BILL_NO = :",focus_forms/APST005.fmx.md,observed_sql_indicator,PKB/SQL and schema
APST005.fmx,sql,"SELECT ADMIN_USER FROM USER_R WHERE U_ID = :b1""SELECT NVL(CONN_ITM_ACT_BY_USR_PRIV,0) FROM IAS_PARA_INV""",focus_forms/APST005.fmx.md,observed_sql_indicator,PKB/SQL and schema
APST005.fmx,sql,"SELECT 1 FROM GR_DETAIL WHERE PI_TYPE = 2 AND DOC_SER = :b1 AND ROWNUM <= 1""UPDATE ITEM_MOVEMENT SET REF_NO=:b1 WHERE DOC_TYPE = 2 AND DOC_NO = :b2 AND DOC_SER = :b3""UPDATE GR_NOTE",focus_forms/APST005.fmx.md,observed_sql_indicator,PKB/SQL and schema
APST005.fmx,sql,"SELECT ACCOUNT_TYPE FROM ACCOUNT_TYPES WHERE AFFECTED_BY_TRANS = 1""SELECT CUR_CODE FROM EX_RATE WHERE L_F = 1""SELECT CUR_CODE FROM EX_RATE WHERE STOCK_CUR = 1""SELECT NVL(VENDOR_D_T",focus_forms/APST005.fmx.md,observed_sql_indicator,PKB/SQL and schema
APST005.fmx,sql,"SELECT 1 FROM GR_NOTE WHERE PI_TYPE = 2 AND DOC_SER = :b1 AND ROWNUM <= 1""SELECT LEV_NO FROM IAS_PRICING_LEVELS WHERE LEV_DEFLT = 1""",focus_forms/APST005.fmx.md,observed_sql_indicator,PKB/SQL and schema
APST005.fmx,sql,"SELECT PATH_EXCEL FROM IAS_PARA_GEN""SELECT USER_TAB_COLUMNS.COLUMN_NAME,IAS_DBS_SYS_PKG.GET_COMMENT(:b1,''IAS_ITM_MST'',USER_TAB_COLUMNS.COLUMN_NAME,USER) COMMENTS FROM ALL_COL_COM",focus_forms/APST005.fmx.md,observed_sql_indicator,PKB/SQL and schema
APST005.fmx,sql,"SELECT 1 FROM IAS_BATCH_NO_CONTENTS WHERE COL_NO = 1 AND BATCH_DESC_NO = :b1 AND ROWNUM <= 1""SELECT 1 FROM IAS_ITM_MST WHERE I_CODE = :b1 AND ROWNUM <= 1""SELECT 1 FROM IAS_BATCH_NO",focus_forms/APST005.fmx.md,observed_sql_indicator,PKB/SQL and schema
APST005.fmx,sql,"SELECT CNTRCT_A_CY FROM IAS_AP_CNTRCT_MST WHERE CNTRCT_SER = :b1""",focus_forms/APST005.fmx.md,observed_sql_indicator,PKB/SQL and schema
APST005.fmx,sql,"SELECT NVL(CNTRCT_AMT,0) + NVL(CNTRCT_RENEW_AMT,0) - NVL(DISC_AMT,0) ,CNTRCT_T_DATE,NVL(ALOW_EXCD_AMT,0),NVL(PER_EXCD,1),CNTRCT_A_CY FROM IAS_AP_CNTRCT_MST WHERE CNTRCT_SER = :b1""S",focus_forms/APST005.fmx.md,observed_sql_indicator,PKB/SQL and schema
APST005.fmx,sql,"SELECT COUNT(1),NVL(INACTIVE,0) FROM IAS_ITM_MST WHERE I_CODE = :b1 GROUP BY INACTIVE""SELECT 1 FROM IAS_ITM_MST WHERE I_CODE = :b1 AND SERVICE_ITM = 1 AND ROWNUM <= 1""",focus_forms/APST005.fmx.md,observed_sql_indicator,PKB/SQL and schema
APST005.fmx,sql,"SELECT FLEX_NO FROM IAS_ITM_ATTACH WHERE FLEX_FIELD = :b1""SELECT FLEX_FIELD FROM IAS_ITM_ATTACH WHERE FLEX_NO = :b1""SELECT 1 FROM IAS_ITM_ATTACH WHERE FLEX_FIELD = :b1 AND FLEX_NO",focus_forms/APST005.fmx.md,observed_sql_indicator,PKB/SQL and schema
APST005.fmx,sql,"SELECT COUNT(*) FROM IAS_CASH_IN_HAND_DTL WHERE CASH_NO = :b1 AND A_CY = :b2""SELECT COUNT(*) FROM IAS_CASH_AT_BANK_DTL WHERE BANK_NO = :b1 AND A_CY = :b2""",focus_forms/APST005.fmx.md,observed_sql_indicator,PKB/SQL and schema
APST005.fmx,sql,"SELECT I_CODE FROM (SELECT I_CODE,W_CODE,NVL(EXPIRE_DATE,''01/01/1900''),NVL(BATCH_NO,''0''),NVL(I_QTY,0) + NVL(FREE_QTY,0) FROM IAS_PI_BILL_DTL WHERE PUR_TYPE = 1 AND BILL_SER = :",focus_forms/APST005.fmx.md,observed_sql_indicator,PKB/SQL and schema
APST005.fmx,sql,"SELECT 1 FROM IAS_PI_BILL_DTL WHERE BILL_SER = :b1 AND I_CODE = :b2 AND ITM_UNT = :b3 AND W_CODE = :b4 AND EXPIRE_DATE = :b5 AND BATCH_NO = :b6 AND ROWNUM <= 1""",focus_forms/APST005.fmx.md,observed_sql_indicator,PKB/SQL and schema
APST005.fmx,sql,"SELECT COUNT(DISTINCT V_CODE) FROM IAS_V_VNDR_ITM WHERE I_CODE = :b1""SELECT V_CODE FROM IAS_V_VNDR_ITM WHERE I_CODE = :b1 AND ROWNUM = 1""SELECT COUNT(1) FROM IAS_V_VNDR_ITM WHERE I",focus_forms/APST005.fmx.md,observed_sql_indicator,PKB/SQL and schema
APST005.fmx,sql,"SELECT 1 FROM IAS_ITM_MST WHERE I_CODE = :b1 AND ROWNUM <= 1""SELECT 1 FROM IAS_ITM_UNT_BARCODE WHERE BARCODE = :b1 AND ROWNUM <= 1""INSERT INTO IAS_ITM_UNT_BARCODE ( I_CODE,ITM_UNT,",focus_forms/APST005.fmx.md,observed_sql_indicator,PKB/SQL and schema
APST005.fmx,sql,"DELETE FROM ITEM_MOVEMENT WHERE DOC_TYPE = 2 AND DOC_NO = :b1 AND DOC_SER = :b2 AND I_CODE = :b3 AND ITM_UNT = :b4 AND NVL(RCRD_NO,0) = NVL(:b5,0) AND DOC_SEQUENCE = NVL(:b6,0)""UPD",focus_forms/APST005.fmx.md,observed_sql_indicator,PKB/SQL and schema
APST005.fmx,sql,"SELECT ACTIVITY_NO FROM IAS_ITM_MST WHERE I_CODE = :b1""",focus_forms/APST005.fmx.md,observed_sql_indicator,PKB/SQL and schema
APST005.fmx,sql,"SELECT NVL(BATCH_DESC_A_NAME,BATCH_DESC_E_NAME) FROM IAS_BATCH_NO_CONTENTS WHERE COL_NO = 1 AND BATCH_DESC_NO = LPAD(SUBSTR(:b1,:b2,:b3),:b3,''0'')""SELECT NVL(BATCH_DESC_A_NAME,BAT",focus_forms/APST005.fmx.md,observed_sql_indicator,PKB/SQL and schema
APST005.fmx,sql,"SELECT G_CODE,MNG_CODE,SUBG_CODE,ASSISTANT_NO,DETAIL_NO,GROUP_NO,ITEM_TYPE,ACTIVITY_NO,GRP_CLASS_CODE FROM IAS_ITM_MST WHERE I_CODE = :b1""SELECT NVL(MAX(SUBSTR(BARCODE,:b1,:b2)),0)",focus_forms/APST005.fmx.md,observed_sql_indicator,PKB/SQL and schema
APST005.fmx,sql,"SELECT AMT,AMT_TYPE,A_CY,AC_RATE FROM IAS_AP_DISC WHERE I_CODE = :b1""SELECT AMT,AMT_TYPE,A_CY,AC_RATE FROM IAS_AP_DISC WHERE V_CODE = :b1""SELECT AMT,AMT_TYPE,A_CY,AC_RATE FROM IAS_",focus_forms/APST005.fmx.md,observed_sql_indicator,PKB/SQL and schema
APST005.fmx,sql,"SELECT MAX(RCRD_NO) FROM IAS_PI_BILL_DTL WHERE BILL_SER = :b1""",focus_forms/APST005.fmx.md,observed_sql_indicator,PKB/SQL and schema
APST005.fmx,sql,"SELECT NVL(MAX(GR_NO),0) + 1 FROM GR_NOTE WHERE PI_TYPE = 2 AND PUR_TYPE = 1""SELECT NVL(MAX(GR_NO),0) + 1 FROM GR_NOTE WHERE PI_TYPE = 2 AND PUR_TYPE = 1 AND PI_DOC_TYPE = :b1""SELE",focus_forms/APST005.fmx.md,observed_sql_indicator,PKB/SQL and schema
APST005.fmx,sql,"SELECT DECODE(:b1,1,NVL(DESC_A_NAME,DESC_E_NAME),NVL(DESC_E_NAME,DESC_A_NAME)) FROM IAS_ITEM_SERIAL_DESC WHERE DESC_NO = :b2 AND ROWNUM <= 1""",focus_forms/APST005.fmx.md,observed_sql_indicator,PKB/SQL and schema
APST005.fmx,sql,"SELECT PATH_EXCEL FROM IAS_PARA_GEN WHERE ROWNUM = 1""SELECT 1 FROM IAS_ITEM_SERIAL_DESC WHERE DESC_NO = :b1 AND ROWNUM <= 1""",focus_forms/APST005.fmx.md,observed_sql_indicator,PKB/SQL and schema
APST005.fmx,sql,"SELECT 1 FROM IAS_ITM_UNT_BARCODE WHERE BARCODE = :b1 AND ROWNUM <= 1""SELECT 1 FROM IAS_ITM_MST WHERE I_CODE = :b1 AND ROWNUM <= 1""INSERT INTO IAS_ITM_UNT_BARCODE ( I_CODE,ITM_UNT,",focus_forms/APST005.fmx.md,observed_sql_indicator,PKB/SQL and schema
APST005.fmx,sql,"SELECT 1 FROM MEASUREMENT WHERE MEASURE_CODE = :b1 AND ROWNUM <= 1""SELECT 1 FROM IAS_ITM_MST WHERE I_CODE = LTRIM(RTRIM(UPPER(:b1))) AND ROWNUM <= 1""SELECT 1 FROM GROUP_DETAILS WHE",focus_forms/APST005.fmx.md,observed_sql_indicator,PKB/SQL and schema
APST005.fmx,sql,"SELECT 1 FROM IAS_ITM_UNT_BARCODE WHERE BARCODE = :b1 AND ROWNUM <= 1""SELECT 1 FROM IAS_ITM_MST WHERE I_CODE = :b1 AND ROWNUM <= 1""INSERT INTO IAS_ITM_UNT_BARCODE ( I_CODE,BARCODE,",focus_forms/APST005.fmx.md,observed_sql_indicator,PKB/SQL and schema
APST005.fmx,sql,"SELECT LEV_NO,A_CY FROM IAS_PRICING_LEVELS WHERE LEV_NO = DECODE(:b1,999,LEV_NO,:b1) ORDER BY LEV_NO""SELECT 1 FROM IAS_ITM_MST WHERE I_CODE = :b1 AND ROWNUM <= 1""SELECT 1 FROM IAS_",focus_forms/APST005.fmx.md,observed_sql_indicator,PKB/SQL and schema
APST005.fmx,sql,"SELECT SUM(I_PRICE * I_QTY ) FROM IAS_PI_BILL_DTL WHERE BILL_NO = :b1 AND BILL_SER = :b2 AND PUR_TYPE = 1 AND NVL(ADD_AMT,0) > 0""SELECT I_CODE,W_CODE,I_QTY,I_PRICE,EXPIRE_DATE,BATC",focus_forms/APST005.fmx.md,observed_sql_indicator,PKB/SQL and schema
APST005.fmx,sql,"SELECT 1 FROM IAS_ITM_UNT_BARCODE WHERE I_CODE = :b1 AND NVL(BATCH_NO,''0'') = :b2 AND NVL(EXPIRE_DATE,''01/01/1900'') = :b3 AND ITM_UNT = :b4 AND ROWNUM <= 1""SELECT 1 FROM IAS_ITM",focus_forms/APST005.fmx.md,observed_sql_indicator,PKB/SQL and schema
APST005.fmx,sql,"UPDATE P_ORDER_DETAIL A SET PI_QTY=(SELECT SUM(NVL(I_QTY,0)) FROM IAS_PI_BILL_DTL WHERE PO_SER = A.PO_SER AND I_CODE = A.I_CODE AND NVL(DOC_SEQUENCE_GRN_PO,0) = NVL(A.DOC_SEQUENCE,",focus_forms/APST005.fmx.md,observed_sql_indicator,PKB/SQL and schema
APST005.fmx,sql,SELECT 1 FROM GRN_MASTER WHERE GR_NO = :b1 AND EXISTS (SELECT 1 FROM IAS_PRIV_AP WHERE U_ID = :b2 AND AP_TYPE = 3 AND P_TYPE = GRN_MASTER.GRN_TYPE AND ADD_FLAG = 1 AND ROWNUM <= 1,focus_forms/APST005.fmx.md,observed_sql_indicator,PKB/SQL and schema
APST005.fmx,sql,"SELECT DOC_TYPE,BILL_DOC_TYPE,DOC_NO,DOC_SER,I_CODE,ITM_UNT,P_SIZE,SERIALNO,W_CODE,CC_CODE,EXPIRE_DATE,BATCH_NO,FREE_FLG,BILL_COST,OUT_NO,OUT_GR_SER,IN_OUT,RCRD_NO,RCRD_NO_DOC,EXTE",focus_forms/APST005.fmx.md,observed_sql_indicator,PKB/SQL and schema
APST005.fmx,sql,SELECT 1 FROM P_ORDER WHERE PO_NO = :b1 AND EXISTS (SELECT 1 FROM IAS_PRIV_AP WHERE U_ID = :b2 AND AP_TYPE = 2 AND P_TYPE = P_ORDER.PO_TYPE AND ADD_FLAG = 1 AND ROWNUM <= 1 ) AND (,focus_forms/APST005.fmx.md,observed_sql_indicator,PKB/SQL and schema
APST005.fmx,sql,"SELECT COUNT(*) FROM IAS_ATTACH_MST""SELECT SUBSTR(GENERATE_BARCODE,1,INSTR(GENERATE_BARCODE,''-'',1) - 1 ) FROM IAS_PARA_INV""SELECT SUBSTR(GENERATE_BARCODE,INSTR(GENERATE_BARCODE,'",focus_forms/APST005.fmx.md,observed_sql_indicator,PKB/SQL and schema
APST005.fmx,sql,"UPDATE IAS_PI_BILL_DTL SET VAT_AMT=ROUND(((NVL(VAT_PER,0) * NVL(I_PRICE,0) ) / 100 ),:b1) WHERE BILL_SER = :b2 AND NVL(I_QTY,0) > 0""UPDATE IAS_PI_BILL_DTL SET I_PRICE=NVL(I_PRICE_V",focus_forms/APST005.fmx.md,observed_sql_indicator,PKB/SQL and schema
APST005.fmx,sql,"SELECT desc_no,",focus_forms/APST005.fmx.md,observed_sql_indicator,PKB/SQL and schema
APST005.fmx,sql,"SELECT A_CY FROM IAS_PRICING_LEVELS WHERE LEV_NO = :b1""SELECT I_PRICE FROM IAS_ITEM_PRICE WHERE I_CODE = :b1 AND LEV_NO = :b2""SELECT LEV_NO,A_CY FROM IAS_PRICING_LEVELS WHERE LEV_D",focus_forms/APST005.fmx.md,observed_sql_indicator,PKB/SQL and schema
APST005.fmx,sql,"SELECT A_CY FROM IAS_PRICING_LEVELS WHERE LEV_DEFLT = 1""SELECT A_CY FROM IAS_PRICING_LEVELS WHERE LEV_NO = :b1""",focus_forms/APST005.fmx.md,observed_sql_indicator,PKB/SQL and schema
APST005.fmx,sql,"SELECT CHRG_NO,CHRG_NAME,A_CODE,CALC_TYPE,NVL(CHRG_TYPE,1) CHRG_TYPE,DECODE(AMT_TYPE,1,DECODE(A_CY,:b1,AMT,AMT * AC_RATE * 1 / :b2 ), NULL ) AMT,DECODE(AMT_TYPE,0,AMT, NULL ) AMT_P",focus_forms/APST005.fmx.md,observed_sql_indicator,PKB/SQL and schema
APST005.fmx,sql,"UPDATE IAS_PI_BILL_DTL SET OTHR_AMT=0 WHERE BILL_SER = :b1""SELECT BILL_AMT FROM IAS_PI_BILL_MST WHERE BILL_SER = :b1 AND ROWNUM <= 1""UPDATE IAS_PI_BILL_DTL A SET OTHR_AMT=(SELECT N",focus_forms/APST005.fmx.md,observed_sql_indicator,PKB/SQL and schema
APST005.fmx,sql,"SELECT LEV_NO,A_CY FROM IAS_PRICING_LEVELS WHERE LEV_DEFLT = 1""SELECT I_PRICE FROM IAS_ITEM_PRICE WHERE LEV_NO = :b1 AND I_CODE = :b2""SELECT I_PRICE FROM IAS_ITEM_PRICE WHERE LEV_N",focus_forms/APST005.fmx.md,observed_sql_indicator,PKB/SQL and schema
APST005.fmx,sql,"DELETE FROM IAS_COL_IMP_EXL_TMPLT WHERE FORM_NO = :b1""INSERT INTO IAS_COL_IMP_EXL_TMPLT ( FORM_NO,COLUMN_NO,COLUMN_NM ) VALUES ( :b1,:b2,:b3 )""",focus_forms/APST005.fmx.md,observed_sql_indicator,PKB/SQL and schema
APST005.fmx,sql,"SELECT BARCODE FROM IAS_ITM_DTL WHERE I_CODE = :b1 AND ITM_UNT = :b2 AND ROWNUM <= 1""SELECT BARCODE FROM IAS_ITM_UNT_BARCODE WHERE I_CODE = :b1 AND ITM_UNT = :b2 AND ROWNUM <= 1""",focus_forms/APST005.fmx.md,observed_sql_indicator,PKB/SQL and schema
APST005.fmx,sql,"SELECT IAS_RCRD_ATTCH.NEXTVAL FROM DUAL""SELECT 1 FROM IAS_ATTACH_MST WHERE ATTCH_NO = :b1 AND NVL(CONN_C_CODE,0) = 1 AND ROWNUM <= 1""SELECT DECODE(:b1,1,NVL(ATTCH_A_NAME,ATTCH_E_NA",focus_forms/APST005.fmx.md,observed_sql_indicator,PKB/SQL and schema
APST005.fmx,sql,"SELECT 1 FROM IAS_ATTACH_MST WHERE ATTCH_NO = :b1 AND NVL(CONN_C_CODE,0) = 1 AND ROWNUM <= 1""SELECT DECODE(:b1,1,NVL(ATTCH_A_NAME,ATTCH_E_NAME),NVL(ATTCH_E_NAME,ATTCH_A_NAME)) ATTC",focus_forms/APST005.fmx.md,observed_sql_indicator,PKB/SQL and schema
APST005.fmx,sql,"SELECT COUNT(1) FROM IAS_CASH_IN_HAND_DTL A,PRIV_CASH B WHERE B.U_ID = :b1 AND A.CASH_NO = B.CASH_NO AND B.CASH_TYPE = 1 AND NVL(B.ADD_FLAG,0) = 1""SELECT A.CASH_NO,A.CASH_NAME,B.A_",focus_forms/APST005.fmx.md,observed_sql_indicator,PKB/SQL and schema
APST005.fmx,sql,"SELECT 1 FROM SALES_FREE_QTY WHERE I_CODE = :b1 AND ITM_UNT = :b2 AND ROWNUM <= 1""UPDATE SALES_FREE_QTY SET PER_QTY=:b1,UP_U_ID=:b2,UP_DATE=:b3 WHERE I_CODE = :b4 AND ITM_UNT = :b5",focus_forms/APST005.fmx.md,observed_sql_indicator,PKB/SQL and schema
APST005.fmx,sql,"SELECT cash_in_hand.cash_no,",focus_forms/APST005.fmx.md,observed_sql_indicator,PKB/SQL and schema
APST005.fmx,sql,"SELECT m.I_Code,",focus_forms/APST005.fmx.md,observed_sql_indicator,PKB/SQL and schema
APST005.fmx,sql,"SELECT A.BATCH_DESC_NO BATCH_D_NO1,A.BATCH_DESC_NAME BATCH_D_NAME1,",focus_forms/APST005.fmx.md,observed_sql_indicator,PKB/SQL and schema
APST005.fmx,sql,"SELECT A.BATCH_DESC_NO BATCH_D_NO1,A.BATCH_DESC_NAME BATCH_D_NAME1 ,",focus_forms/APST005.fmx.md,observed_sql_indicator,PKB/SQL and schema
APST005.fmx,sql,"SELECT DISTINCT Lc_Master.Lc_No,",focus_forms/APST005.fmx.md,observed_sql_indicator,PKB/SQL and schema
APST005.fmx,sql,"SELECT cur_no,priv_cash.A_CY,Decode(:Parameter.Lang_no,1,cur_name,cur_e_name ) cur_name ,cur_rate",focus_forms/APST005.fmx.md,observed_sql_indicator,PKB/SQL and schema
APST005.fmx,sql,"SELECT CC_CODE FROM WAREHOUSE_DETAILS WHERE W_CODE = :b1""",focus_forms/APST005.fmx.md,observed_sql_indicator,PKB/SQL and schema
APST005.fmx,sql,"SELECT COUNT(*) FROM IAS_CASH_IN_HAND_DTL WHERE CASH_NO = :b1 AND A_CY = :b2""SELECT COUNT(*) FROM CASH_AT_BANK WHERE BANK_NO = :b1""SELECT A_CODE FROM CASH_AT_BANK WHERE BANK_NO = :",focus_forms/APST005.fmx.md,observed_sql_indicator,PKB/SQL and schema
APST005.fmx,sql,"SELECT V_A_CODE,TAXPAYER,BLK_LST,DECODE(NVL(:b1,0),1,CONN_BRN_NO,:b2) FROM V_DETAILS WHERE V_CODE = :b3""SELECT CREDIT_PERIOD FROM V_DETAILS WHERE V_CODE = :b1""SELECT V_DETAILS.CC_C",focus_forms/APST005.fmx.md,observed_sql_indicator,PKB/SQL and schema
APST005.fmx,sql,"SELECT V_CODE FROM V_DETAILS WHERE (LTRIM(RTRIM(V_A_NAME)) = LTRIM(RTRIM(:b1)) OR LTRIM(RTRIM(V_E_NAME)) = LTRIM(RTRIM(:b1)) )""SELECT V_A_CODE,TAXPAYER,DECODE(NVL(:b1,0),1,CONN_BRN",focus_forms/APST005.fmx.md,observed_sql_indicator,PKB/SQL and schema
APST005.fmx,sql,"SELECT 1 FROM CASH_IN_HAND WHERE CASH_NO = :b1 AND ROWNUM <= 1""SELECT A_CODE FROM CASH_IN_HAND WHERE CASH_NO = :b1""",focus_forms/APST005.fmx.md,observed_sql_indicator,PKB/SQL and schema
APST005.fmx,sql,"SELECT COUNT(*) FROM ACCOUNT WHERE A_CODE = :b1 AND A_S_M = :b2 AND A_CODE IN (SELECT A_CODE FROM CASH_IN_HAND )""SELECT COUNT(*) FROM ACCOUNT_CURR WHERE A_CODE = :b1 AND A_CY = :b2",focus_forms/APST005.fmx.md,observed_sql_indicator,PKB/SQL and schema
APST005.fmx,sql,"SELECT 1 FROM IAS_PI_BILL_MST WHERE REF_NO = :b1 AND ROWNUM <= 1""",focus_forms/APST005.fmx.md,observed_sql_indicator,PKB/SQL and schema
APST005.fmx,sql,"SELECT 1 FROM IAS_PI_BILL_MST WHERE V_CODE = :b1 AND BILL_NO_V_CODE = :b2 AND ROWNUM <= 1""",focus_forms/APST005.fmx.md,observed_sql_indicator,PKB/SQL and schema
APST005.fmx,sql,"SELECT COUNT(1) FROM IAS_PURCHS_MAN WHERE PMAN_CODE = :b1 AND NVL(INACTIVE,0) = 1""",focus_forms/APST005.fmx.md,observed_sql_indicator,PKB/SQL and schema
APST005.fmx,sql,"SELECT COUNT(1) FROM IAS_AP_CNTRCT_MST WHERE CNTRCT_NO = :b1""",focus_forms/APST005.fmx.md,observed_sql_indicator,PKB/SQL and schema
APST005.fmx,sql,"SELECT COUNT(1) FROM IAS_AP_CNTRCT_BTCH WHERE CNTRCT_SER = :b1""",focus_forms/APST005.fmx.md,observed_sql_indicator,PKB/SQL and schema
APST005.fmx,sql,"SELECT COUNT(1) FROM IAS_AP_CNTRCT_BTCH WHERE CNTRCT_SER = :b1 AND NVL(PROCESSED,0) = 0""",focus_forms/APST005.fmx.md,observed_sql_indicator,PKB/SQL and schema
APST005.fmx,sql,"DELETE FROM IAS_INSTALLMENT_PI WHERE BILL_DOC_TYPE = :b1 AND BILL_NO = :b2 AND BILL_SER = :b3 AND NVL(I_PY,0) = 0""",focus_forms/APST005.fmx.md,observed_sql_indicator,PKB/SQL and schema
APST005.fmx,sql,"SELECT MAX(G_SER) FROM GR_NOTE WHERE GR_NO = :b1 AND NVL(GR_NOTE.A_CY,''0'') = DECODE(:b2, NULL ,NVL(GR_NOTE.A_CY,''0''),:b2) AND NVL(V_CODE,''0'') = DECODE(:b4, NULL ,NVL(V_CODE,'",focus_forms/APST005.fmx.md,observed_sql_indicator,PKB/SQL and schema
APST005.fmx,sql,"SELECT COUNT(*) FROM ACCOUNT_CURR WHERE A_CODE = :b1""SELECT A_CY FROM ACCOUNT_CURR WHERE A_CODE = :b1""",focus_forms/APST005.fmx.md,observed_sql_indicator,PKB/SQL and schema
APST005.fmx,sql,"SELECT 1 FROM ACCOUNT_CURR,V_DETAILS WHERE ACCOUNT_CURR.A_CODE = V_DETAILS.V_A_CODE AND V_CODE = :b1 AND A_CY = :b2 AND ROWNUM <= 1""SELECT 1 FROM VENDOR_CURR WHERE V_CODE = :b1 AND",focus_forms/APST005.fmx.md,observed_sql_indicator,PKB/SQL and schema
APST005.fmx,sql,"SELECT V_CODE FROM V_DETAILS WHERE (LTRIM(RTRIM(V_A_NAME)) = LTRIM(RTRIM(:b1)) OR LTRIM(RTRIM(V_E_NAME)) = LTRIM(RTRIM(:b1)) )""",focus_forms/APST005.fmx.md,observed_sql_indicator,PKB/SQL and schema
APST005.fmx,sql,"UPDATE IAS_PI_BILL_MST SET A_DESC=:b1,REF_NO=:b2,UP_U_ID=:b3,UP_DATE=IAS_GEN_PKG.GET_CURDATE WHERE BILL_SER = :b4 AND BILL_NO = :b5 AND BILL_POST = 0""UPDATE IAS_POST_DTL SET DOC_DE",focus_forms/APST005.fmx.md,observed_sql_indicator,PKB/SQL and schema
APST005.fmx,metadata,APST005,focus_forms/APST005.fmx.md,specification_only,none
APST005.fmx,metadata,YSERP_MNU.MMX,focus_forms/APST005.fmx.md,specification_only,none
APST005.fmx,metadata,AMERICAN_AMERICA.AR8MSWIN1256,focus_forms/APST005.fmx.md,specification_only,none
APST005.fmx,metadata,P2_23_NOV_201414_41_45,focus_forms/APST005.fmx.md,specification_only,none
APST005.fmx,metadata,SQLFORMS,focus_forms/APST005.fmx.md,specification_only,none
APST005.fmx,metadata,"""PKG INIT""<anonymous>""""",focus_forms/APST005.fmx.md,specification_only,none
APST005.fmx,metadata,P1_23_NOV_201414_41_45,focus_forms/APST005.fmx.md,specification_only,none
APST005.fmx,metadata,P0_10_SEP_201410_13_12,focus_forms/APST005.fmx.md,specification_only,none
APST005.fmx,metadata,P6_19_MAR_201415_58_48,focus_forms/APST005.fmx.md,specification_only,none
APST005.fmx,metadata,/LYSERP_LIB,focus_forms/APST005.fmx.md,specification_only,none
APST005.fmx,metadata,GEN_PKG,focus_forms/APST005.fmx.md,specification_only,none
APST005.fmx,metadata,P30_16_JAN_201412_58_41,focus_forms/APST005.fmx.md,specification_only,none
APST005.fmx,metadata,/NSPC6/PRE_FORM_PRC,focus_forms/APST005.fmx.md,specification_only,none
APST005.fmx,metadata,P29_16_JAN_201412_58_41,focus_forms/APST005.fmx.md,specification_only,none
APST005.fmx,metadata,!/NSPC6/WHEN_NEW_FORM_INSTANCE_PRC,focus_forms/APST005.fmx.md,specification_only,none
APST005.fmx,metadata,P28_16_JAN_201412_58_41,focus_forms/APST005.fmx.md,specification_only,none
APST005.fmx,metadata,/NSPC6/POST_FORMS_COMMIT_PRC,focus_forms/APST005.fmx.md,specification_only,none
APST005.fmx,metadata,P27_16_JAN_201412_58_41,focus_forms/APST005.fmx.md,specification_only,none
APST005.fmx,metadata,P26_16_JAN_201412_58_41,focus_forms/APST005.fmx.md,specification_only,none
APST005.fmx,metadata,P25_16_JAN_201412_58_41,focus_forms/APST005.fmx.md,specification_only,none
APST005.fmx,metadata,P24_16_JAN_201412_58_41,focus_forms/APST005.fmx.md,specification_only,none
APST005.fmx,metadata,P23_16_JAN_201412_58_41,focus_forms/APST005.fmx.md,specification_only,none
APST005.fmx,metadata,P22_16_JAN_201412_58_41,focus_forms/APST005.fmx.md,specification_only,none
APST005.fmx,metadata,P21_16_JAN_201412_58_41,focus_forms/APST005.fmx.md,specification_only,none
APST005.fmx,metadata,/NSPC6/EXIT_PROC,focus_forms/APST005.fmx.md,specification_only,none
APST005.fmx,metadata,P20_16_JAN_201412_58_41,focus_forms/APST005.fmx.md,specification_only,none
APST005.fmx,metadata,P19_16_JAN_201412_58_41,focus_forms/APST005.fmx.md,specification_only,none
APST005.fmx,metadata,STANDARD,focus_forms/APST005.fmx.md,specification_only,none
APST005.fmx,metadata,FORMS40,focus_forms/APST005.fmx.md,specification_only,none
APST005.fmx,metadata,VIEW_BTN,focus_forms/APST005.fmx.md,specification_only,none
APST005.fmx,metadata,SCREEN_BTN,focus_forms/APST005.fmx.md,specification_only,none
APST005.fmx,metadata,PRINT_DOC_BTN,focus_forms/APST005.fmx.md,specification_only,none
APST005.fmx,metadata,CANCEL_BTN,focus_forms/APST005.fmx.md,specification_only,none
APST005.fmx,metadata,PRINT_ST,focus_forms/APST005.fmx.md,specification_only,none
APST005.fmx,metadata,P18_16_JAN_201412_58_41,focus_forms/APST005.fmx.md,specification_only,none
APST005.fmx,metadata,Create -,focus_forms/APST005.fmx.md,specification_only,none
APST005.fmx,metadata,P17_16_JAN_201412_58_41,focus_forms/APST005.fmx.md,specification_only,none
APST005.fmx,metadata,FORMS4C,focus_forms/APST005.fmx.md,specification_only,none
APST005.fmx,metadata,/NSPC6/ADD_PROC,focus_forms/APST005.fmx.md,specification_only,none
APST005.fmx,metadata,BAR.ADD_Btn,focus_forms/APST005.fmx.md,specification_only,none
APST005.fmx,metadata,TRUE,focus_forms/APST005.fmx.md,specification_only,none
APST005.fmx,metadata,Delete -,focus_forms/APST005.fmx.md,specification_only,none
APST005.fmx,metadata,P16_16_JAN_201412_58_41,focus_forms/APST005.fmx.md,specification_only,none
APST005.fmx,metadata,/NSPC6/DELETE_PROC,focus_forms/APST005.fmx.md,specification_only,none
APST005.fmx,metadata,BAR.Del_Btn,focus_forms/APST005.fmx.md,specification_only,none
APST005.fmx,metadata,Accept -,focus_forms/APST005.fmx.md,specification_only,none
APST005.fmx,metadata,P15_16_JAN_201412_58_41,focus_forms/APST005.fmx.md,specification_only,none
APST005.fmx,metadata,/NSPC6/SAVE_PROC,focus_forms/APST005.fmx.md,specification_only,none
APST005.fmx,metadata,BAR.SAVE_Btn,focus_forms/APST005.fmx.md,specification_only,none
APST005.fmx,metadata,List -,focus_forms/APST005.fmx.md,specification_only,none
APST005.fmx,metadata,P14_16_JAN_201412_58_41,focus_forms/APST005.fmx.md,specification_only,none
APST005.fmx,metadata,/NSPC6/LIST_PROC,focus_forms/APST005.fmx.md,specification_only,none
APST005.fmx,metadata,BAR.LIST_BTN,focus_forms/APST005.fmx.md,specification_only,none
APST005.fmx,metadata,Search_,focus_forms/APST005.fmx.md,specification_only,none
APST005.fmx,metadata,P13_16_JAN_201412_58_41,focus_forms/APST005.fmx.md,specification_only,none
APST005.fmx,metadata,/NSPC6/KEY_ENTQRY,focus_forms/APST005.fmx.md,specification_only,none
APST005.fmx,metadata,BAR.SeeK_Btn,focus_forms/APST005.fmx.md,specification_only,none
APST005.fmx,metadata,Exceute -,focus_forms/APST005.fmx.md,specification_only,none
APST005.fmx,metadata,P12_16_JAN_201412_58_41,focus_forms/APST005.fmx.md,specification_only,none
APST005.fmx,metadata,/NSPC6/KEY_EXEQRY,focus_forms/APST005.fmx.md,specification_only,none
APST005.fmx,metadata,BAR.SEEK_BTN,focus_forms/APST005.fmx.md,specification_only,none
APST005.fmx,metadata,Print -,focus_forms/APST005.fmx.md,specification_only,none
APST005.fmx,metadata,P11_16_JAN_201412_58_41,focus_forms/APST005.fmx.md,specification_only,none
APST005.fmx,metadata,/NSPC6/CALL_SCR_PRINT,focus_forms/APST005.fmx.md,specification_only,none
APST005.fmx,metadata,BAR.Print_Btn,focus_forms/APST005.fmx.md,specification_only,none
APST005.fmx,metadata,P10_16_JAN_201412_58_41,focus_forms/APST005.fmx.md,specification_only,none
APST005.fmx,metadata,/NSPC6/WHEN_TIMER_EXPIRED_PRC,focus_forms/APST005.fmx.md,specification_only,none
APST005.fmx,metadata,P9_16_JAN_201412_58_41,focus_forms/APST005.fmx.md,specification_only,none
APST005.fmx,metadata,P8_16_JAN_201412_58_41,focus_forms/APST005.fmx.md,specification_only,none
APST005.fmx,metadata,P4_12_FEB_201417_30_42,focus_forms/APST005.fmx.md,specification_only,none
APST005.fmx,metadata,/NSPC6/WHEN_TAB_PAGE_CHANGED_PRC,focus_forms/APST005.fmx.md,specification_only,none
APST005.fmx,metadata,P5_16_JAN_201412_58_41,focus_forms/APST005.fmx.md,specification_only,none
APST005.fmx,metadata,P9_24_FEB_201416_24_15,focus_forms/APST005.fmx.md,specification_only,none
APST005.fmx,metadata,/NSPC6/CLEAR_ALL_MASTER_DETAILS,focus_forms/APST005.fmx.md,specification_only,none
APST005.fmx,metadata,ADD_PROC,focus_forms/APST005.fmx.md,specification_only,none
APST005.fmx,metadata,IAS_CHECK_SYS_PKG,focus_forms/APST005.fmx.md,specification_only,none
APST005.fmx,metadata,IAS20142,focus_forms/APST005.fmx.md,specification_only,none
APST005.fmx,metadata,FORMS4W,focus_forms/APST005.fmx.md,specification_only,none
APST005.fmx,metadata,/NSPC6/ENA_DIS_ITM_PRC,focus_forms/APST005.fmx.md,specification_only,none
APST005.fmx,metadata,/NSPC6/GET_SERIAL,focus_forms/APST005.fmx.md,specification_only,none
APST005.fmx,metadata,IAS_GEN_PKG,focus_forms/APST005.fmx.md,specification_only,none
APST005.fmx,metadata,/NSPC6/CHANGE_BILL_TYP_PRC,focus_forms/APST005.fmx.md,specification_only,none
APST005.fmx,metadata,IAS_PRICING_LEVELS,focus_forms/APST005.fmx.md,specification_only,none
APST005.fmx,metadata,"""PKG INIT""ADD_PROC""V_BILL_TYPE""V_WCODE""V_CC_CODE""V_COST_TYPE""V_CASH_NO""<cursor ptr>""<SQL statement. Line 72>""""",focus_forms/APST005.fmx.md,specification_only,none
APST005.fmx,metadata,IAS_CHECK_SYS_PKGIAS20142CHECK_INV_CLOSE,focus_forms/APST005.fmx.md,specification_only,none
APST005.fmx,metadata,ROLLBACK,focus_forms/APST005.fmx.md,specification_only,none
APST005.fmx,metadata,IAS_PI_BILL_Mst,focus_forms/APST005.fmx.md,specification_only,none
APST005.fmx,metadata,MAIN5,focus_forms/APST005.fmx.md,specification_only,none
APST005.fmx,metadata,Check_Po,focus_forms/APST005.fmx.md,specification_only,none
APST005.fmx,metadata,IAS_PI_BILL_Mst.DISTRIBUTE_AMT,focus_forms/APST005.fmx.md,specification_only,none
APST005.fmx,metadata,IAS_GEN_PKGIAS20142GET_PROMPTIAS,focus_forms/APST005.fmx.md,specification_only,none
APST005.fmx,metadata,IAS_GEN_PKGIAS20142GET_SYSDATEIA,focus_forms/APST005.fmx.md,specification_only,none
APST005.fmx,metadata,IAS_PI_BILL_Mst.CC_CODE,focus_forms/APST005.fmx.md,specification_only,none
APST005.fmx,metadata,IAS_PI_BILL_Mst.W_CODE,focus_forms/APST005.fmx.md,specification_only,none
APST005.fmx,metadata,IAS_PI_BILL_Mst.bill_Doc_Type,focus_forms/APST005.fmx.md,specification_only,none
APST005.fmx,metadata,IAS_PI_BILL_Mst.Bill_Type_No,focus_forms/APST005.fmx.md,specification_only,none
APST005.fmx,metadata,Ias_Pi_Bill_Mst.Lvl_Price,focus_forms/APST005.fmx.md,specification_only,none
APST005.fmx,metadata,"SELECT LEV_NO FROM IAS_PRICING_LEVELS WHERE LEV_DEFLT = 1""",focus_forms/APST005.fmx.md,specification_only,none
APST005.fmx,metadata,CALL_BTN_SCR,focus_forms/APST005.fmx.md,specification_only,none
APST005.fmx,metadata,CALL_BAR_BTN_SCR,focus_forms/APST005.fmx.md,specification_only,none
APST005.fmx,metadata,IAS_USR_PKG,focus_forms/APST005.fmx.md,specification_only,none
APST005.fmx,metadata,YS_GEN_PKG,focus_forms/APST005.fmx.md,specification_only,none
APST005.fmx,metadata,"""PKG INIT""CALL_BTN_SCR""P_SCR_TYP""V_APPROVED_PRV""V_VRFY_PRV""V_INACTIVE_PRV""""",focus_forms/APST005.fmx.md,specification_only,none
APST005.fmx,metadata,CALL_OBJ.DUMMY,focus_forms/APST005.fmx.md,specification_only,none
APST005.fmx,metadata,Bar.Save_Btn,focus_forms/APST005.fmx.md,specification_only,none
APST005.fmx,metadata,FALSE,focus_forms/APST005.fmx.md,specification_only,none
APST005.fmx,metadata,IAS_USR_PKGIAS20142CHK_USR_FRM_PRVIA,focus_forms/APST005.fmx.md,specification_only,none
APST005.fmx,metadata,IAS_USR_PKGIAS20142GET_USR_APPRV,focus_forms/APST005.fmx.md,specification_only,none
APST005.fmx,metadata,Parameter.Vrfy_Flag,focus_forms/APST005.fmx.md,specification_only,none
APST005.fmx,metadata,Parameter.Blk,focus_forms/APST005.fmx.md,specification_only,none
APST005.fmx,metadata,INACTIVE,focus_forms/APST005.fmx.md,specification_only,none
APST005.fmx,metadata,YS_GEN_PKGIAS20142GET_USR_FLD_PRVYS_,focus_forms/APST005.fmx.md,specification_only,none
APST005.fmx,metadata,VA_ITM_MOVE,focus_forms/APST005.fmx.md,specification_only,none
APST005.fmx,metadata,VA_BTN,focus_forms/APST005.fmx.md,specification_only,none
APST005.fmx,metadata,MS Sans Serif,focus_forms/APST005.fmx.md,specification_only,none
APST005.fmx,metadata,VA_FLD,focus_forms/APST005.fmx.md,specification_only,none
APST005.fmx,metadata,VA_MNDTRY_FLD,focus_forms/APST005.fmx.md,specification_only,none
APST005.fmx,metadata,VA_CHK,focus_forms/APST005.fmx.md,specification_only,none
APST005.fmx,metadata,tahoma,focus_forms/APST005.fmx.md,specification_only,none
APST005.fmx,metadata,VA_LOV,focus_forms/APST005.fmx.md,specification_only,none
APST005.fmx,metadata,VA_CURREC,focus_forms/APST005.fmx.md,specification_only,none
APST005.fmx,metadata,ADD_PROC2,focus_forms/APST005.fmx.md,specification_only,none
APST005.fmx,metadata,IAS_PI_BILL_MST,focus_forms/APST005.fmx.md,specification_only,none
APST005.fmx,metadata,IAS_PI_BILL_DTL,focus_forms/APST005.fmx.md,specification_only,none
APST005.fmx,metadata,IAS_ITM_MST,focus_forms/APST005.fmx.md,specification_only,none
APST005.fmx,metadata,"""PKG INIT""ADD_PROC2""V_PK_VAL""A""CCODE""ACODE""CCUR""WCODE""OQTY""FQTY""V_BILLSER""V_DOCTYP""V_SHAT""<cursor ptr>""<SQL statement. Line 49>""C""I_CODE""ITM_UNT""I_QTY""P_QTY""P_SIZE""FREE_QTY""EXPIRE_DATE""BATCH_NO""W_CODE""CC_CODE""I_PRICE""I_PRICE_VAT""DIS_PER""DIS_AMT_DTL""I""<SQL statement. Line 181>""""",focus_forms/APST005.fmx.md,specification_only,none
APST005.fmx,metadata,G(I0,focus_forms/APST005.fmx.md,specification_only,none
APST005.fmx,metadata,ADD_F_DOC,focus_forms/APST005.fmx.md,specification_only,none
APST005.fmx,metadata,Ias_Pi_Bill_Mst.Bill_Currency,focus_forms/APST005.fmx.md,specification_only,none
APST005.fmx,metadata,IAS_Pi_BILL_MST,focus_forms/APST005.fmx.md,specification_only,none
APST005.fmx,metadata,Ias_Pi_Bill_Mst.Bill_No,focus_forms/APST005.fmx.md,specification_only,none
APST005.fmx,metadata,Ias_Pi_Bill_Mst.bill_date,focus_forms/APST005.fmx.md,specification_only,none
APST005.fmx,metadata,Ias_Pi_Bill_Mst,focus_forms/APST005.fmx.md,specification_only,none
APST005.fmx,metadata,Ias_Pi_Bill_Dtl,focus_forms/APST005.fmx.md,specification_only,none
APST005.fmx,metadata,MAIN0.JRNL_SRVC_BILL,focus_forms/APST005.fmx.md,specification_only,none
APST005.fmx,metadata,IAS_GEN_PKGIAS20142GET_CUR_RATEI,focus_forms/APST005.fmx.md,specification_only,none
APST005.fmx,metadata,FTR.ERR,focus_forms/APST005.fmx.md,specification_only,none
APST005.fmx,metadata,01/01/1900,focus_forms/APST005.fmx.md,specification_only,none
APST005.fmx,metadata,$!<!,focus_forms/APST005.fmx.md,specification_only,none
APST005.fmx,metadata,@!X!,focus_forms/APST005.fmx.md,specification_only,none
APST005.fmx,metadata,\!t!,focus_forms/APST005.fmx.md,specification_only,none
APST005.fmx,metadata,"0""H""",focus_forms/APST005.fmx.md,specification_only,none
APST005.fmx,metadata,"L""d""",focus_forms/APST005.fmx.md,specification_only,none
APST005.fmx,metadata,0#H#,focus_forms/APST005.fmx.md,specification_only,none
APST005.fmx,metadata,L#d#,focus_forms/APST005.fmx.md,specification_only,none
APST005.fmx,metadata,4$<$,focus_forms/APST005.fmx.md,specification_only,none
APST005.fmx,metadata,@$X$,focus_forms/APST005.fmx.md,specification_only,none
APST005.fmx,metadata,\$t$,focus_forms/APST005.fmx.md,specification_only,none
APST005.fmx,metadata,p&x&,focus_forms/APST005.fmx.md,specification_only,none
APST005.fmx,metadata,",'D'",focus_forms/APST005.fmx.md,specification_only,none
APST005.fmx,metadata,H'`',focus_forms/APST005.fmx.md,specification_only,none
APST005.fmx,metadata,"SELECT BILL_DOC_TYPE,CASH_NO,PUR_TYPE,V_CODE,A_CODE,BILL_CURRENCY,BILL_RATE,STOCK_RATE,V_NAME,CHEQUE_AMT,DISC_AMT,DISC_AMT_MST,DISC_AMT_DTL,BILL_AMT,W_CODE,PMAN_CODE,REF_NO,CC_CODE,PJ_NO,ACTV_NO,CASH_AC_FCC,CASH_NO_FCC,A_DESC,SRVC_BILL,FIELD1,FIELD2,FIELD3,FIELD4,FIELD5,FIELD6,FIELD7,FIELD8,FIELD9,FIELD10,BRN_NO FROM IAS_PI_BILL_MST WHERE BILL_SER = :b1 AND ROWNUM <= 1""SELECT I_CODE,ITM_UNT,NVL(I_QTY,0) I_QTY,NVL(P_QTY,0) P_QTY,NVL(P_SIZE,0) P_SIZE,NVL(FREE_QTY,0) FREE_QTY,EXPIRE_DATE,BATCH_NO,W_CODE,CC_CODE,I_PRICE,I_PRICE_VAT,DIS_PER,DIS_AMT_DTL FROM IAS_PI_BILL_DTL WHERE BILL_SER = :b1 ORDER BY RCRD_NO""SELECT NVL(USE_SERIALNO,0) FROM IAS_ITM_MST WHERE I_CODE = :b1""",focus_forms/APST005.fmx.md,specification_only,none
APST005.fmx,metadata,B4SAVE_PRC,focus_forms/APST005.fmx.md,specification_only,none
APST005.fmx,metadata,/NSPC6/CHECK_FIELDS,focus_forms/APST005.fmx.md,specification_only,none
APST005.fmx,metadata,/NSPC6/CALC_OTHER_CHARGES,focus_forms/APST005.fmx.md,specification_only,none
APST005.fmx,metadata,/NSPC6/AUDIT_PRC,focus_forms/APST005.fmx.md,specification_only,none
APST005.fmx,metadata,IAS_SALES_FREE_QTY_HISTORY,focus_forms/APST005.fmx.md,specification_only,none
APST005.fmx,metadata,"""PKG INIT""B4SAVE_PRC""V_CNT""V_DIF_ADD_AMT""<cursor ptr>""<SQL statement. Line 210>""""",focus_forms/APST005.fmx.md,specification_only,none
APST005.fmx,metadata,G4E<,focus_forms/APST005.fmx.md,specification_only,none
APST005.fmx,metadata,IAS_CHECK_SYS_PKGIAS20142CHECK_CUR_RATEI,focus_forms/APST005.fmx.md,specification_only,none
APST005.fmx,metadata,IAS_PI_BILL_Dtl,focus_forms/APST005.fmx.md,specification_only,none
APST005.fmx,metadata,IAS_PI_BILL_Dtl.i_code,focus_forms/APST005.fmx.md,specification_only,none
APST005.fmx,metadata,IAS_PI_BILL_Mst.A_Desc,focus_forms/APST005.fmx.md,specification_only,none
APST005.fmx,metadata,IAS_PI_BILL_Mst.Ref_no,focus_forms/APST005.fmx.md,specification_only,none
APST005.fmx,metadata,CHANGED,focus_forms/APST005.fmx.md,specification_only,none
APST005.fmx,metadata,Select 1 From Ias_Pi_bill_Mst,focus_forms/APST005.fmx.md,specification_only,none
APST005.fmx,metadata,Where bill_ser=,focus_forms/APST005.fmx.md,specification_only,none
APST005.fmx,metadata,"and nvl(bill_post,0)=1",focus_forms/APST005.fmx.md,specification_only,none
APST005.fmx,metadata,and RowNum<=1,focus_forms/APST005.fmx.md,specification_only,none
APST005.fmx,metadata,IAS_GEN_PKGIAS20142GET_CNTIA,focus_forms/APST005.fmx.md,specification_only,none
APST005.fmx,metadata,Select 1 From gr_note where pi_type=2 and doc_ser =,focus_forms/APST005.fmx.md,specification_only,none
APST005.fmx,metadata,IAS_PI_BILL_EXPND,focus_forms/APST005.fmx.md,specification_only,none
APST005.fmx,metadata,PARAMETER.BLK,focus_forms/APST005.fmx.md,specification_only,none
APST005.fmx,metadata,IAS_PI_BILL_Dtl.FREE_QTY_PROFT,focus_forms/APST005.fmx.md,specification_only,none
APST005.fmx,metadata,(!@!,focus_forms/APST005.fmx.md,specification_only,none
APST005.fmx,metadata,D!\!,focus_forms/APST005.fmx.md,specification_only,none
APST005.fmx,metadata,`!x!,focus_forms/APST005.fmx.md,specification_only,none
APST005.fmx,metadata,"(""4""",focus_forms/APST005.fmx.md,specification_only,none
APST005.fmx,metadata,"8""D""",focus_forms/APST005.fmx.md,specification_only,none
APST005.fmx,metadata,"H""`""",focus_forms/APST005.fmx.md,specification_only,none
ARSR041.fmx,procedure,ADD_PROC,focus_forms/ARSR041.fmx.md,specification_only,FMB/PLL/PKB
ARSR041.fmx,procedure,CLEAR_PROC,focus_forms/ARSR041.fmx.md,specification_only,FMB/PLL/PKB
ARSR041.fmx,procedure,DELETE_PROC,focus_forms/ARSR041.fmx.md,specification_only,FMB/PLL/PKB
ARSR041.fmx,procedure,EXIT_PROC,focus_forms/ARSR041.fmx.md,specification_only,FMB/PLL/PKB
ARSR041.fmx,procedure,FILL_ALL_LIST_PRC,focus_forms/ARSR041.fmx.md,specification_only,FMB/PLL/PKB
ARSR041.fmx,procedure,GEN_PKG,focus_forms/ARSR041.fmx.md,specification_only,FMB/PLL/PKB
ARSR041.fmx,procedure,GET_INC_PRC,focus_forms/ARSR041.fmx.md,specification_only,FMB/PLL/PKB
ARSR041.fmx,procedure,GET_SALES_PRC,focus_forms/ARSR041.fmx.md,specification_only,FMB/PLL/PKB
ARSR041.fmx,procedure,IAS_ACTV_PKG,focus_forms/ARSR041.fmx.md,specification_only,FMB/PLL/PKB
ARSR041.fmx,procedure,IAS_AR_GET_DATA_REP_PKG,focus_forms/ARSR041.fmx.md,specification_only,FMB/PLL/PKB
ARSR041.fmx,procedure,IAS_CHECK_SYS_PKG,focus_forms/ARSR041.fmx.md,specification_only,FMB/PLL/PKB
ARSR041.fmx,procedure,IAS_GEN_PKG,focus_forms/ARSR041.fmx.md,specification_only,FMB/PLL/PKB
ARSR041.fmx,procedure,IAS_GET_ENC_PASS_FNC,focus_forms/ARSR041.fmx.md,specification_only,FMB/PLL/PKB
ARSR041.fmx,procedure,IAS_GET_ENC_PASS_FNCIAS20142IAS_GET_ENC_PASS_FNC,focus_forms/ARSR041.fmx.md,specification_only,FMB/PLL/PKB
ARSR041.fmx,procedure,IAS_INV_MNGMNT_PKG,focus_forms/ARSR041.fmx.md,specification_only,FMB/PLL/PKB
ARSR041.fmx,procedure,IAS_ITM_PKG,focus_forms/ARSR041.fmx.md,specification_only,FMB/PLL/PKB
ARSR041.fmx,procedure,IAS_PJ_PKG,focus_forms/ARSR041.fmx.md,specification_only,FMB/PLL/PKB
ARSR041.fmx,procedure,IAS_USR_PKG,focus_forms/ARSR041.fmx.md,specification_only,FMB/PLL/PKB
ARSR041.fmx,procedure,IAS_VNDR_PKG,focus_forms/ARSR041.fmx.md,specification_only,FMB/PLL/PKB
ARSR041.fmx,procedure,IMP_F_XLS_PRC,focus_forms/ARSR041.fmx.md,specification_only,FMB/PLL/PKB
ARSR041.fmx,procedure,INSERT_DATA_PRC,focus_forms/ARSR041.fmx.md,specification_only,FMB/PLL/PKB
ARSR041.fmx,procedure,LIST_PROC,focus_forms/ARSR041.fmx.md,specification_only,FMB/PLL/PKB
ARSR041.fmx,procedure,LOV_TRG,focus_forms/ARSR041.fmx.md,specification_only,FMB/PLL/PKB
ARSR041.fmx,procedure,LYSERP_LIB,focus_forms/ARSR041.fmx.md,specification_only,FMB/PLL/PKB
ARSR041.fmx,procedure,PRE_FORM_PRC,focus_forms/ARSR041.fmx.md,specification_only,FMB/PLL/PKB
ARSR041.fmx,procedure,PRINT_PROC,focus_forms/ARSR041.fmx.md,specification_only,FMB/PLL/PKB
ARSR041.fmx,procedure,SAVE_PROC,focus_forms/ARSR041.fmx.md,specification_only,FMB/PLL/PKB
ARSR041.fmx,procedure,SHOW_SUM_PRC,focus_forms/ARSR041.fmx.md,specification_only,FMB/PLL/PKB
ARSR041.fmx,procedure,SYS_SCREEN,focus_forms/ARSR041.fmx.md,specification_only,FMB/PLL/PKB
ARSR041.fmx,procedure,S_GEN_PKG,focus_forms/ARSR041.fmx.md,specification_only,FMB/PLL/PKB
ARSR041.fmx,procedure,UPDATE_PROC,focus_forms/ARSR041.fmx.md,specification_only,FMB/PLL/PKB
ARSR041.fmx,procedure,WIN_API,focus_forms/ARSR041.fmx.md,specification_only,FMB/PLL/PKB
ARSR041.fmx,procedure,YSERP_LIB,focus_forms/ARSR041.fmx.md,specification_only,FMB/PLL/PKB
ARSR041.fmx,procedure,YSERP_MNU,focus_forms/ARSR041.fmx.md,specification_only,FMB/PLL/PKB
ARSR041.fmx,procedure,YS_GEN_PKG,focus_forms/ARSR041.fmx.md,specification_only,FMB/PLL/PKB
ARSR041.fmx,component,Excel.exe,focus_forms/ARSR041.fmx.md,specification_only,FMB/PLL/PKB
ARSR041.fmx,component,YSERP_MNU.MMX,focus_forms/ARSR041.fmx.md,specification_only,FMB/PLL/PKB
ARSR041.fmx,sql,"SELECT PATH_EXCEL,CONN_ITM_ACT_BY_USR_PRIV,NVL(YS_GEN_PKG.CHK_ACTV_SYSTEM(80,:b1),0) CONN_POS_SYSTEM,COSTING_TYPE,WTAVG_TYPE,SALES_DISC_TYPE,COSTING_TYPE,WTAVG_TYPE,AR_AC_LINK_TYPE",focus_forms/ARSR041.fmx.md,observed_sql_indicator,PKB/SQL and schema
ARSR041.fmx,sql,"SELECT BATCH_NM_COL1,BATCH_NM_COL2,BATCH_NM_COL3,BATCH_NM_COL4,BATCH_NM_COL5,SIZE_COL1,SIZE_COL2,SIZE_COL3,SIZE_COL4,SIZE_COL5,1,SIZE_COL1 + 1 ,SIZE_COL1 + SIZE_COL2 + 1 ,SIZE_COL1",focus_forms/ARSR041.fmx.md,observed_sql_indicator,PKB/SQL and schema
ARSR041.fmx,sql,"INSERT INTO Ias_Itm_Wcode ( i_code, Itm_Unt, p_size, w_code, avl_qty)",focus_forms/ARSR041.fmx.md,observed_sql_indicator,PKB/SQL and schema
ARSR041.fmx,sql,"SELECT DISTINCT a.i_code, b.Itm_Unt, b.p_size, a.w_code, 0",focus_forms/ARSR041.fmx.md,observed_sql_indicator,PKB/SQL and schema
ARSR041.fmx,sql,"SELECT i_code, Itm_Unt, w_code FROM Ias_Itm_Wcode)",focus_forms/ARSR041.fmx.md,observed_sql_indicator,PKB/SQL and schema
ARSR041.fmx,sql,"SELECT SUM(((NVL(CP_QTY,0) * NVL(STK_COST,0) ) / NVL(P_SIZE,1) )) / SUM(NVL(CP_QTY,0)) FROM GR_DETAIL WHERE I_CODE = :b1 AND GR_DATE <= :b2 AND W_CODE IN (SELECT W_CODE FROM IAS_AR",focus_forms/ARSR041.fmx.md,observed_sql_indicator,PKB/SQL and schema
ARSR041.fmx,sql,"SELECT DISTINCT BILL_DATE,ROUND(NVL(IAS_BILL_DTL.DIS_PER,0),NVL(:b1,20)) DIS_PER FROM IAS_BILL_MST,IAS_BILL_DTL WHERE IAS_BILL_MST.BILL_SER = IAS_BILL_DTL.BILL_SER AND BILL_DATE BE",focus_forms/ARSR041.fmx.md,observed_sql_indicator,PKB/SQL and schema
ARSR041.fmx,sql,"SELECT NVL(SUM(CP_QTY),0) FROM GR_DETAIL WHERE DOC_SEQUENCE < (SELECT DOC_SEQUENCE FROM GR_DETAIL WHERE G_SER = :b1 AND I_CODE = :b2 AND ROWNUM < 2 )""",focus_forms/ARSR041.fmx.md,observed_sql_indicator,PKB/SQL and schema
ARSR041.fmx,sql,"SELECT SUM(GET_COST(:b1,2,:b2,W_CODE,:b3,:b3) * GET_ICODE_AVLQTY(:b2,:b6,W_CODE) ) / SUM(GET_ICODE_AVLQTY(:b2,:b6,W_CODE)) FROM IAS_AR_WH_TMP""SELECT SUM(GET_COST(:b1,2,:b2,W_CODE,:",focus_forms/ARSR041.fmx.md,observed_sql_indicator,PKB/SQL and schema
ARSR041.fmx,sql,"SELECT GRP_CODE FROM IAS_GRP_ITM_LVL WHERE AFFECTED_BY_TRANS = 1 ORDER BY GRP_CODE""",focus_forms/ARSR041.fmx.md,observed_sql_indicator,PKB/SQL and schema
ARSR041.fmx,sql,"SELECT Round(i_price ,2)",focus_forms/ARSR041.fmx.md,observed_sql_indicator,PKB/SQL and schema
ARSR041.fmx,sql,"SELECT Round(AVG(I_Cwtavg),2) FROM Ias_Itm_Wcode a,Gr_Detail b",focus_forms/ARSR041.fmx.md,observed_sql_indicator,PKB/SQL and schema
ARSR041.fmx,sql,"SELECT Round(AVG(I_Cwtavg),2) FROM Ias_Itm_Wcode",focus_forms/ARSR041.fmx.md,observed_sql_indicator,PKB/SQL and schema
ARSR041.fmx,sql,SELECT Count(Distinct a.Bill_Date),focus_forms/ARSR041.fmx.md,observed_sql_indicator,PKB/SQL and schema
ARSR041.fmx,sql,"SELECT I_PRICE FROM IAS_ITEM_PRICE WHERE I_CODE = :b1 AND LEV_NO = :b2 AND ROWNUM <= 1""SELECT ROUND(AVG(I_PRICE),2) FROM IAS_ITEM_PRICE WHERE I_CODE = :b1""SELECT V_CODE FROM IAS_V_",focus_forms/ARSR041.fmx.md,observed_sql_indicator,PKB/SQL and schema
ARSR041.fmx,sql,"SELECT MAX(NVL(REP_NO,0)) + 1 FROM IAS_AR_ITM_DISC_AGE_TMP""UPDATE IAS_AR_ITM_DISC_AGE_TMP SET REP_NO=:b1,REP_DATE=TO_CHAR(SYSDATE,''dd/mm/yyyy'') WHERE REP_NO IS NULL""",focus_forms/ARSR041.fmx.md,observed_sql_indicator,PKB/SQL and schema
ARSR041.fmx,sql,"SELECT c_group_code ,",focus_forms/ARSR041.fmx.md,observed_sql_indicator,PKB/SQL and schema
ARSR041.fmx,sql,SELECT 1,focus_forms/ARSR041.fmx.md,observed_sql_indicator,PKB/SQL and schema
ARSR041.fmx,sql,"SELECT activity_no,",focus_forms/ARSR041.fmx.md,observed_sql_indicator,PKB/SQL and schema
ARSR041.fmx,sql,"SELECT Doc_No,",focus_forms/ARSR041.fmx.md,observed_sql_indicator,PKB/SQL and schema
ARSR041.fmx,sql,"SELECT EMP_NO,",focus_forms/ARSR041.fmx.md,observed_sql_indicator,PKB/SQL and schema
ARSR041.fmx,sql,"SELECT Gr_No,",focus_forms/ARSR041.fmx.md,observed_sql_indicator,PKB/SQL and schema
ARSR041.fmx,sql,"SELECT Bill_No,",focus_forms/ARSR041.fmx.md,observed_sql_indicator,PKB/SQL and schema
ARSR041.fmx,sql,"SELECT FLD_CODE,FLD_NAME,W_CODE,BATCH_NO,FLD_CODE2,GRP_LVL FROM IAS_AR_ITM_DISC_TMP WHERE TRMNL_NAME = :b1 ORDER BY FLD_CODE""SELECT DIS_PER,ROWNUM RNUM FROM (SELECT DISTINCT ROUND(",focus_forms/ARSR041.fmx.md,observed_sql_indicator,PKB/SQL and schema
ARSR041.fmx,sql,"SELECT DISTINCT IAS_GEN_PKG.GET_PROMPT(:b1,COMMENTS) FROM USER_COL_COMMENTS,USER_TAB_COLUMNS WHERE USER_COL_COMMENTS.TABLE_NAME = USER_TAB_COLUMNS.TABLE_NAME AND USER_COL_COMMENTS.",focus_forms/ARSR041.fmx.md,observed_sql_indicator,PKB/SQL and schema
ARSR041.fmx,sql,SELECT DISTINCT,focus_forms/ARSR041.fmx.md,observed_sql_indicator,PKB/SQL and schema
ARSR041.fmx,sql,"SELECT PO_NO,",focus_forms/ARSR041.fmx.md,observed_sql_indicator,PKB/SQL and schema
ARSR041.fmx,sql,"SELECT Actv_No,",focus_forms/ARSR041.fmx.md,observed_sql_indicator,PKB/SQL and schema
ARSR041.fmx,metadata,ARSR041,focus_forms/ARSR041.fmx.md,specification_only,none
ARSR041.fmx,metadata,YSERP_MNU.MMX,focus_forms/ARSR041.fmx.md,specification_only,none
ARSR041.fmx,metadata,AMERICAN_AMERICA.AR8MSWIN1256,focus_forms/ARSR041.fmx.md,specification_only,none
ARSR041.fmx,metadata,P1_09_DEC_201417_41_52,focus_forms/ARSR041.fmx.md,specification_only,none
ARSR041.fmx,metadata,SQLFORMS,focus_forms/ARSR041.fmx.md,specification_only,none
ARSR041.fmx,metadata,"""PKG INIT""<anonymous>""""",focus_forms/ARSR041.fmx.md,specification_only,none
ARSR041.fmx,metadata,P0_09_DEC_201417_41_52,focus_forms/ARSR041.fmx.md,specification_only,none
ARSR041.fmx,metadata,P0_10_SEP_201409_25_27,focus_forms/ARSR041.fmx.md,specification_only,none
ARSR041.fmx,metadata,P26_07_JAN_201411_38_51,focus_forms/ARSR041.fmx.md,specification_only,none
ARSR041.fmx,metadata,/NSPC11/PRE_FORM_PRC,focus_forms/ARSR041.fmx.md,specification_only,none
ARSR041.fmx,metadata,P195_14_FEB_201416_33_37,focus_forms/ARSR041.fmx.md,specification_only,none
ARSR041.fmx,metadata,STANDARD,focus_forms/ARSR041.fmx.md,specification_only,none
ARSR041.fmx,metadata,IAS_GEN_PKG,focus_forms/ARSR041.fmx.md,specification_only,none
ARSR041.fmx,metadata,IAS20142,focus_forms/ARSR041.fmx.md,specification_only,none
ARSR041.fmx,metadata,/LYSERP_LIB,focus_forms/ARSR041.fmx.md,specification_only,none
ARSR041.fmx,metadata,GEN_PKG,focus_forms/ARSR041.fmx.md,specification_only,none
ARSR041.fmx,metadata,FORMS4W,focus_forms/ARSR041.fmx.md,specification_only,none
ARSR041.fmx,metadata,FORMS40,focus_forms/ARSR041.fmx.md,specification_only,none
ARSR041.fmx,metadata,/NSPC11/POS_NEW,focus_forms/ARSR041.fmx.md,specification_only,none
ARSR041.fmx,metadata,"""PKG INIT""<anonymous>""I""STM""""",focus_forms/ARSR041.fmx.md,specification_only,none
ARSR041.fmx,metadata,IAS_GEN_PKGIAS20142GET_PROMPTIAS,focus_forms/ARSR041.fmx.md,specification_only,none
ARSR041.fmx,metadata,Paramtrs.Slice_Disc,focus_forms/ARSR041.fmx.md,specification_only,none
ARSR041.fmx,metadata,Select Ias_Gen_Pkg.Get_Prompt(,focus_forms/ARSR041.fmx.md,specification_only,none
ARSR041.fmx,metadata,",Comments) Comments,Column_Name",focus_forms/ARSR041.fmx.md,specification_only,none
ARSR041.fmx,metadata,From User_Col_Comments,focus_forms/ARSR041.fmx.md,specification_only,none
ARSR041.fmx,metadata,Where Table_Name ='IAS_ITM_MST',focus_forms/ARSR041.fmx.md,specification_only,none
ARSR041.fmx,metadata,And Comments In (Select To_Char(Label_No) From Ias_Labels),focus_forms/ARSR041.fmx.md,specification_only,none
ARSR041.fmx,metadata,"and Column_Name not in('I_CODE','I_NAME','I_E_NAME','ITM_UNT','BRN_YEAR','BRN_USR','BRN_NO','MSUR_UNT_REP','CMP_NO','AD_U_ID','AD_DATE','UP_U_ID','UP_DATE')",focus_forms/ARSR041.fmx.md,specification_only,none
ARSR041.fmx,metadata,"And Column_Name not in ('PRIMARY_COST','I_CWTAVG')",focus_forms/ARSR041.fmx.md,specification_only,none
ARSR041.fmx,metadata,PARAMTRS.LIST_I_CODE,focus_forms/ARSR041.fmx.md,specification_only,none
ARSR041.fmx,metadata,PER_PRICE_COST,focus_forms/ARSR041.fmx.md,specification_only,none
ARSR041.fmx,metadata,I_COST,focus_forms/ARSR041.fmx.md,specification_only,none
ARSR041.fmx,metadata,PUR_PRICE,focus_forms/ARSR041.fmx.md,specification_only,none
ARSR041.fmx,metadata,I_PRICE,focus_forms/ARSR041.fmx.md,specification_only,none
ARSR041.fmx,metadata,DIS_AMT,focus_forms/ARSR041.fmx.md,specification_only,none
ARSR041.fmx,metadata,I_YEAR,focus_forms/ARSR041.fmx.md,specification_only,none
ARSR041.fmx,metadata,PUR_CNT,focus_forms/ARSR041.fmx.md,specification_only,none
ARSR041.fmx,metadata,V_NAME,focus_forms/ARSR041.fmx.md,specification_only,none
ARSR041.fmx,metadata,V_CODE,focus_forms/ARSR041.fmx.md,specification_only,none
ARSR041.fmx,metadata,BARCODE,focus_forms/ARSR041.fmx.md,specification_only,none
ARSR041.fmx,metadata,GRP_CLASS_CODE_NM,focus_forms/ARSR041.fmx.md,specification_only,none
ARSR041.fmx,metadata,SUB_GRP_NM,focus_forms/ARSR041.fmx.md,specification_only,none
ARSR041.fmx,metadata,PARAMTRS.Fill_data_Type,focus_forms/ARSR041.fmx.md,specification_only,none
ARSR041.fmx,metadata,Paramtrs.Dis_Per_Add_Minus,focus_forms/ARSR041.fmx.md,specification_only,none
ARSR041.fmx,metadata,IAS_AR_ITM_DISC_AGE_TMP,focus_forms/ARSR041.fmx.md,specification_only,none
ARSR041.fmx,metadata,IAS_AR_ITM_DISC_AGE_TMP.F_CODE,focus_forms/ARSR041.fmx.md,specification_only,none
ARSR041.fmx,metadata,TERMINAL,focus_forms/ARSR041.fmx.md,specification_only,none
ARSR041.fmx,metadata,Select to_char(lev_no)||'- '||,focus_forms/ARSR041.fmx.md,specification_only,none
ARSR041.fmx,metadata,DECODE (,focus_forms/ARSR041.fmx.md,specification_only,none
ARSR041.fmx,metadata,",1, NVL (lev_a_name, lev_e_name),",focus_forms/ARSR041.fmx.md,specification_only,none
ARSR041.fmx,metadata,"NVL (lev_e_name, lev_a_name)),to_char(lev_no)",focus_forms/ARSR041.fmx.md,specification_only,none
ARSR041.fmx,metadata,FROM ias_pricing_levels,focus_forms/ARSR041.fmx.md,specification_only,none
ARSR041.fmx,metadata,WHERE ((,focus_forms/ARSR041.fmx.md,specification_only,none
ARSR041.fmx,metadata,Or (EXISTS (SELECT lev_no,focus_forms/ARSR041.fmx.md,specification_only,none
ARSR041.fmx,metadata,FROM ias_priv_price,focus_forms/ARSR041.fmx.md,specification_only,none
ARSR041.fmx,metadata,WHERE u_id =,focus_forms/ARSR041.fmx.md,specification_only,none
ARSR041.fmx,metadata,AND lev_no = ias_pricing_levels.lev_no,focus_forms/ARSR041.fmx.md,specification_only,none
ARSR041.fmx,metadata,"AND NVL (View_flag,0)=1",focus_forms/ARSR041.fmx.md,specification_only,none
ARSR041.fmx,metadata,AND RowNum<=1))),focus_forms/ARSR041.fmx.md,specification_only,none
ARSR041.fmx,metadata,ORDER BY lev_no,focus_forms/ARSR041.fmx.md,specification_only,none
ARSR041.fmx,metadata,Paramtrs.Lev_No,focus_forms/ARSR041.fmx.md,specification_only,none
ARSR041.fmx,metadata,PUR_,focus_forms/ARSR041.fmx.md,specification_only,none
ARSR041.fmx,metadata,P25_07_JAN_201411_38_51,focus_forms/ARSR041.fmx.md,specification_only,none
ARSR041.fmx,metadata,P24_07_JAN_201411_38_51,focus_forms/ARSR041.fmx.md,specification_only,none
ARSR041.fmx,metadata,P23_07_JAN_201411_38_51,focus_forms/ARSR041.fmx.md,specification_only,none
ARSR041.fmx,metadata,P22_07_JAN_201411_38_51,focus_forms/ARSR041.fmx.md,specification_only,none
ARSR041.fmx,metadata,P21_07_JAN_201411_38_51,focus_forms/ARSR041.fmx.md,specification_only,none
ARSR041.fmx,metadata,P20_07_JAN_201411_38_51,focus_forms/ARSR041.fmx.md,specification_only,none
ARSR041.fmx,metadata,P19_07_JAN_201411_38_51,focus_forms/ARSR041.fmx.md,specification_only,none
ARSR041.fmx,metadata,/NSPC11/EXIT_PROC,focus_forms/ARSR041.fmx.md,specification_only,none
ARSR041.fmx,metadata,P18_07_JAN_201411_38_51,focus_forms/ARSR041.fmx.md,specification_only,none
ARSR041.fmx,metadata,P17_07_JAN_201411_38_51,focus_forms/ARSR041.fmx.md,specification_only,none
ARSR041.fmx,metadata,VIEW_BTN,focus_forms/ARSR041.fmx.md,specification_only,none
ARSR041.fmx,metadata,SCREEN_BTN,focus_forms/ARSR041.fmx.md,specification_only,none
ARSR041.fmx,metadata,PRINT_DOC_BTN,focus_forms/ARSR041.fmx.md,specification_only,none
ARSR041.fmx,metadata,CANCEL_BTN,focus_forms/ARSR041.fmx.md,specification_only,none
ARSR041.fmx,metadata,PRINT_ST,focus_forms/ARSR041.fmx.md,specification_only,none
ARSR041.fmx,metadata,P16_07_JAN_201411_38_51,focus_forms/ARSR041.fmx.md,specification_only,none
ARSR041.fmx,metadata,Create -,focus_forms/ARSR041.fmx.md,specification_only,none
ARSR041.fmx,metadata,P15_07_JAN_201411_38_51,focus_forms/ARSR041.fmx.md,specification_only,none
ARSR041.fmx,metadata,Delete -,focus_forms/ARSR041.fmx.md,specification_only,none
ARSR041.fmx,metadata,P14_07_JAN_201411_38_51,focus_forms/ARSR041.fmx.md,specification_only,none
ARSR041.fmx,metadata,Accept -,focus_forms/ARSR041.fmx.md,specification_only,none
ARSR041.fmx,metadata,P13_07_JAN_201411_38_51,focus_forms/ARSR041.fmx.md,specification_only,none
ARSR041.fmx,metadata,List -,focus_forms/ARSR041.fmx.md,specification_only,none
ARSR041.fmx,metadata,P12_07_JAN_201411_38_51,focus_forms/ARSR041.fmx.md,specification_only,none
ARSR041.fmx,metadata,Search_,focus_forms/ARSR041.fmx.md,specification_only,none
ARSR041.fmx,metadata,P11_07_JAN_201411_38_51,focus_forms/ARSR041.fmx.md,specification_only,none
ARSR041.fmx,metadata,Exceute -,focus_forms/ARSR041.fmx.md,specification_only,none
ARSR041.fmx,metadata,P10_07_JAN_201411_38_51,focus_forms/ARSR041.fmx.md,specification_only,none
ARSR041.fmx,metadata,Print -,focus_forms/ARSR041.fmx.md,specification_only,none
ARSR041.fmx,metadata,P9_07_JAN_201411_38_51,focus_forms/ARSR041.fmx.md,specification_only,none
ARSR041.fmx,metadata,P8_07_JAN_201411_38_51,focus_forms/ARSR041.fmx.md,specification_only,none
ARSR041.fmx,metadata,FORMS4C,focus_forms/ARSR041.fmx.md,specification_only,none
ARSR041.fmx,metadata,"""PKG INIT""<anonymous>""TIM""""",focus_forms/ARSR041.fmx.md,specification_only,none
ARSR041.fmx,metadata,MSG_TMR,focus_forms/ARSR041.fmx.md,specification_only,none
ARSR041.fmx,metadata,FTR.ERR,focus_forms/ARSR041.fmx.md,specification_only,none
ARSR041.fmx,metadata,P7_07_JAN_201411_38_51,focus_forms/ARSR041.fmx.md,specification_only,none
ARSR041.fmx,metadata,Win1,focus_forms/ARSR041.fmx.md,specification_only,none
ARSR041.fmx,metadata,Main1,focus_forms/ARSR041.fmx.md,specification_only,none
ARSR041.fmx,metadata,Main12,focus_forms/ARSR041.fmx.md,specification_only,none
ARSR041.fmx,metadata,P196_14_FEB_201416_33_37,focus_forms/ARSR041.fmx.md,specification_only,none
ARSR041.fmx,metadata,TAB4,focus_forms/ARSR041.fmx.md,specification_only,none
ARSR041.fmx,metadata,I_CODE,focus_forms/ARSR041.fmx.md,specification_only,none
ARSR041.fmx,metadata,F_WC,focus_forms/ARSR041.fmx.md,specification_only,none
ARSR041.fmx,metadata,T_WC,focus_forms/ARSR041.fmx.md,specification_only,none
ARSR041.fmx,metadata,Paramtrs.F_INC_LAST_DAYs,focus_forms/ARSR041.fmx.md,specification_only,none
ARSR041.fmx,metadata,TAB5,focus_forms/ARSR041.fmx.md,specification_only,none
ARSR041.fmx,metadata,Paramtrs_Wh,focus_forms/ARSR041.fmx.md,specification_only,none
ARSR041.fmx,metadata,Paramtrs.F_Cntry_No,focus_forms/ARSR041.fmx.md,specification_only,none
ARSR041.fmx,metadata,P6_07_JAN_201411_38_51,focus_forms/ARSR041.fmx.md,specification_only,none
ARSR041.fmx,metadata,P5_07_JAN_201411_38_51,focus_forms/ARSR041.fmx.md,specification_only,none
ARSR041.fmx,metadata,P4_07_JAN_201411_38_51,focus_forms/ARSR041.fmx.md,specification_only,none
ARSR041.fmx,metadata,Ias_Bill_Mst.Dummy,focus_forms/ARSR041.fmx.md,specification_only,none
ARSR041.fmx,metadata,P3_07_JAN_201411_38_51,focus_forms/ARSR041.fmx.md,specification_only,none
ARSR041.fmx,metadata,EXIT_PROC,focus_forms/ARSR041.fmx.md,specification_only,none
ARSR041.fmx,metadata,"""PKG INIT""EXIT_PROC""""",focus_forms/ARSR041.fmx.md,specification_only,none
ARSR041.fmx,metadata,VA_FLD,focus_forms/ARSR041.fmx.md,specification_only,none
ARSR041.fmx,metadata,MS Sans Serif,focus_forms/ARSR041.fmx.md,specification_only,none
ARSR041.fmx,metadata,VA_LOV,focus_forms/ARSR041.fmx.md,specification_only,none
ARSR041.fmx,metadata,VA_FLD_USR,focus_forms/ARSR041.fmx.md,specification_only,none
ARSR041.fmx,metadata,VA_BAR,focus_forms/ARSR041.fmx.md,specification_only,none
ARSR041.fmx,metadata,VA_RPRT_BAR,focus_forms/ARSR041.fmx.md,specification_only,none
ARSR041.fmx,metadata,VA_CURREC,focus_forms/ARSR041.fmx.md,specification_only,none
ARSR041.fmx,metadata,VA_MAIN,focus_forms/ARSR041.fmx.md,specification_only,none
ARSR041.fmx,metadata,VA_RCRD_MOV,focus_forms/ARSR041.fmx.md,specification_only,none
ARSR041.fmx,metadata,tahoma,focus_forms/ARSR041.fmx.md,specification_only,none
ARSR041.fmx,metadata,VA_DNT_MODFY,focus_forms/ARSR041.fmx.md,specification_only,none
ARSR041.fmx,metadata,VA_FRM_NL_CLR,focus_forms/ARSR041.fmx.md,specification_only,none
ARSR041.fmx,metadata,VA_NO_COLOR,focus_forms/ARSR041.fmx.md,specification_only,none
ARSR041.fmx,metadata,VA_FRM_CLR,focus_forms/ARSR041.fmx.md,specification_only,none
ARSR041.fmx,metadata,VA_HNTTXT,focus_forms/ARSR041.fmx.md,specification_only,none
ARSR041.fmx,metadata,VA_HDR,focus_forms/ARSR041.fmx.md,specification_only,none
ARSR041.fmx,metadata,VA_TREE,focus_forms/ARSR041.fmx.md,specification_only,none
ARSR041.fmx,metadata,VA_VER,focus_forms/ARSR041.fmx.md,specification_only,none
ARSR041.fmx,metadata,VA_PRG,focus_forms/ARSR041.fmx.md,specification_only,none
ARSR041.fmx,metadata,VA_HNT,focus_forms/ARSR041.fmx.md,specification_only,none
ARSR041.fmx,metadata,VA_FTR,focus_forms/ARSR041.fmx.md,specification_only,none
ARSR041.fmx,metadata,VA_PRNT,focus_forms/ARSR041.fmx.md,specification_only,none
ARSR041.fmx,metadata,VA_ERR,focus_forms/ARSR041.fmx.md,specification_only,none
ARSR041.fmx,metadata,VA_MNDTRY_FLD,focus_forms/ARSR041.fmx.md,specification_only,none
ARSR041.fmx,metadata,VA_CHK,focus_forms/ARSR041.fmx.md,specification_only,none
ARSR041.fmx,metadata,VA_DSPLY,focus_forms/ARSR041.fmx.md,specification_only,none
ARSR041.fmx,metadata,VA_PRMPT,focus_forms/ARSR041.fmx.md,specification_only,none
ARSR041.fmx,metadata,CLEAR_PROC,focus_forms/ARSR041.fmx.md,specification_only,none
ARSR041.fmx,metadata,"""PKG INIT""CLEAR_PROC""""",focus_forms/ARSR041.fmx.md,specification_only,none
ARSR041.fmx,metadata,Paramtrs.F_Brn_No,focus_forms/ARSR041.fmx.md,specification_only,none
ARSR041.fmx,metadata,Paramtrs.T_Brn_No,focus_forms/ARSR041.fmx.md,specification_only,none
ARSR041.fmx,metadata,LOAD_PARAMETERS,focus_forms/ARSR041.fmx.md,specification_only,none
ARSR041.fmx,metadata,IAS_PARA_GEN,focus_forms/ARSR041.fmx.md,specification_only,none
ARSR041.fmx,metadata,IAS_PARA_INV,focus_forms/ARSR041.fmx.md,specification_only,none
ARSR041.fmx,metadata,IAS_PARA_AR,focus_forms/ARSR041.fmx.md,specification_only,none
ARSR041.fmx,metadata,IAS_PARA_AP,focus_forms/ARSR041.fmx.md,specification_only,none
ARSR041.fmx,metadata,YS_GEN_PKG,focus_forms/ARSR041.fmx.md,specification_only,none
ARSR041.fmx,metadata,PRIVILEGE_FIXED,focus_forms/ARSR041.fmx.md,specification_only,none
ARSR041.fmx,metadata,EX_RATE,focus_forms/ARSR041.fmx.md,specification_only,none
ARSR041.fmx,metadata,"""PKG INIT""LOAD_PARAMETERS""V_STM""<cursor ptr>""<SQL statement. Line 5>""<SQL statement. Line 41>""<SQL statement. Line 45>""""",focus_forms/ARSR041.fmx.md,specification_only,none
ARSR041.fmx,metadata,IAS_GEN_PKGIAS20142GET_CUR_RATEI,focus_forms/ARSR041.fmx.md,specification_only,none
ARSR041.fmx,metadata,Paramtrs.Avl_Qty_Amt,focus_forms/ARSR041.fmx.md,specification_only,none
ARSR041.fmx,metadata,Paramtrs.Net_Inc_Amt,focus_forms/ARSR041.fmx.md,specification_only,none
ARSR041.fmx,metadata,Paramtrs.Stk_Cost,focus_forms/ARSR041.fmx.md,specification_only,none
ARSR041.fmx,metadata,Paramtrs.Profit_Per,focus_forms/ARSR041.fmx.md,specification_only,none
ARSR041.fmx,metadata,Paramtrs.Profit_Amt,focus_forms/ARSR041.fmx.md,specification_only,none
ARSR041.fmx,metadata,Paramtrs.Stk_Cost_Disc,focus_forms/ARSR041.fmx.md,specification_only,none
ARSR041.fmx,metadata,Paramtrs.Profit_Per_Disc,focus_forms/ARSR041.fmx.md,specification_only,none
ARSR041.fmx,metadata,Paramtrs.Profit_Amt_Disc,focus_forms/ARSR041.fmx.md,specification_only,none
ARSR041.fmx,metadata,Paramtrs.Sales_Amt,focus_forms/ARSR041.fmx.md,specification_only,none
ARSR041.fmx,metadata,Paramtrs.Rt_Sales_Amt,focus_forms/ARSR041.fmx.md,specification_only,none
ARSR041.fmx,metadata,Paramtrs.Net_Amt,focus_forms/ARSR041.fmx.md,specification_only,none
ARSR041.fmx,metadata,Paramtrs.Sales_Qty,focus_forms/ARSR041.fmx.md,specification_only,none
ARSR041.fmx,metadata,Paramtrs.Rt_Sales_Qty,focus_forms/ARSR041.fmx.md,specification_only,none
ARSR041.fmx,metadata,Paramtrs.Net_Qty,focus_forms/ARSR041.fmx.md,specification_only,none
ARSR041.fmx,metadata,Paramtrs.CALC_UNPOST_QTY_POS,focus_forms/ARSR041.fmx.md,specification_only,none
ARSR041.fmx,metadata,"SELECT PATH_EXCEL,CONN_ITM_ACT_BY_USR_PRIV,NVL(YS_GEN_PKG.CHK_ACTV_SYSTEM(80,:b1),0) CONN_POS_SYSTEM,COSTING_TYPE,WTAVG_TYPE,SALES_DISC_TYPE,COSTING_TYPE,WTAVG_TYPE,AR_AC_LINK_TYPE,AP_AC_LINK_TYPE,NO_OF_DECIMAL_AR,USE_BATCH_NO,NVL(BATCHNO_COL_NO,0) FROM IAS_PARA_GEN,IAS_PARA_INV,IAS_PARA_AR,IAS_PARA_AP""SELECT NVL(AR_SHOW_STK_CST_REP,0),NVL(SHW_AMT_QTY_STATC_AR_REP,3) FROM PRIVILEGE_FIXED WHERE U_ID = :b1""SELECT CUR_CODE FROM EX_RATE WHERE NVL(STOCK_CUR,0) = 1""",focus_forms/ARSR041.fmx.md,specification_only,none
ARSR041.fmx,metadata,PRE_FORM_PRC,focus_forms/ARSR041.fmx.md,specification_only,none
ARSR041.fmx,metadata,/NSPC11/LOAD_PARAMETERS,focus_forms/ARSR041.fmx.md,specification_only,none
ARSR041.fmx,metadata,/NSPC11/FILL_ALL_LIST_PRC,focus_forms/ARSR041.fmx.md,specification_only,none
ARSR041.fmx,metadata,"""PKG INIT""PRE_FORM_PRC""V_BATCH_NM_COL1""V_BATCH_NM_COL2""V_BATCH_NM_COL3""V_BATCH_NM_COL4""V_BATCH_NM_COL5""<cursor ptr>""<SQL statement. Line 114>""""",focus_forms/ARSR041.fmx.md,specification_only,none
ARSR041.fmx,metadata,V6.1.2016.12.14,focus_forms/ARSR041.fmx.md,specification_only,none
ARSR041.fmx,metadata,Paramtrs,focus_forms/ARSR041.fmx.md,specification_only,none
ARST003.fmx,procedure,ADD_PROC,focus_forms/ARST003.fmx.md,specification_only,FMB/PLL/PKB
ARST003.fmx,procedure,ATTACH_ITEM_PKG,focus_forms/ARST003.fmx.md,specification_only,FMB/PLL/PKB
ARST003.fmx,procedure,AUDIT_OTHR_PROC,focus_forms/ARST003.fmx.md,specification_only,FMB/PLL/PKB
ARST003.fmx,procedure,B4SAVE_PRC,focus_forms/ARST003.fmx.md,specification_only,FMB/PLL/PKB
ARST003.fmx,procedure,CHECK_DOC_DEL_PRC,focus_forms/ARST003.fmx.md,specification_only,FMB/PLL/PKB
ARST003.fmx,procedure,CHK_B4SAVE_DTL_PRC,focus_forms/ARST003.fmx.md,specification_only,FMB/PLL/PKB
ARST003.fmx,procedure,CHK_B4SAVE_MST_PRC,focus_forms/ARST003.fmx.md,specification_only,FMB/PLL/PKB
ARST003.fmx,procedure,DELETE_PROC,focus_forms/ARST003.fmx.md,specification_only,FMB/PLL/PKB
ARST003.fmx,procedure,DEL_DET_REC_PRC,focus_forms/ARST003.fmx.md,specification_only,FMB/PLL/PKB
ARST003.fmx,procedure,ENA_DIS_ITM_PRC,focus_forms/ARST003.fmx.md,specification_only,FMB/PLL/PKB
ARST003.fmx,procedure,EXIT_PROC,focus_forms/ARST003.fmx.md,specification_only,FMB/PLL/PKB
ARST003.fmx,procedure,FILL_ALL_LIST_PRC,focus_forms/ARST003.fmx.md,specification_only,FMB/PLL/PKB
ARST003.fmx,procedure,GEN_PKG,focus_forms/ARST003.fmx.md,specification_only,FMB/PLL/PKB
ARST003.fmx,procedure,GET_BL_CST_VND_FNC,focus_forms/ARST003.fmx.md,specification_only,FMB/PLL/PKB
ARST003.fmx,procedure,GET_BL_CST_VND_FNCIAS20142GET_BL_CST_VND_FNC,focus_forms/ARST003.fmx.md,specification_only,FMB/PLL/PKB
ARST003.fmx,procedure,IAS_ACTV_PKG,focus_forms/ARST003.fmx.md,specification_only,FMB/PLL/PKB
ARST003.fmx,procedure,IAS_ATTACH_ITM_PKG,focus_forms/ARST003.fmx.md,specification_only,FMB/PLL/PKB
ARST003.fmx,procedure,IAS_AUDIT_OTHR_PKG,focus_forms/ARST003.fmx.md,specification_only,FMB/PLL/PKB
ARST003.fmx,procedure,IAS_AUDIT_OTHR_PKGIAS20142AUDIT_OTHR_PRC,focus_forms/ARST003.fmx.md,specification_only,FMB/PLL/PKB
ARST003.fmx,procedure,IAS_AUD_SYS_PKG,focus_forms/ARST003.fmx.md,specification_only,FMB/PLL/PKB
ARST003.fmx,procedure,IAS_CHECK_SYS_PKG,focus_forms/ARST003.fmx.md,specification_only,FMB/PLL/PKB
ARST003.fmx,procedure,IAS_CST_PKG,focus_forms/ARST003.fmx.md,specification_only,FMB/PLL/PKB
ARST003.fmx,procedure,IAS_FETCH_DATA_PKG,focus_forms/ARST003.fmx.md,specification_only,FMB/PLL/PKB
ARST003.fmx,procedure,IAS_GEN_PKG,focus_forms/ARST003.fmx.md,specification_only,FMB/PLL/PKB
ARST003.fmx,procedure,IAS_GET_DOC_DEL_FNC,focus_forms/ARST003.fmx.md,specification_only,FMB/PLL/PKB
ARST003.fmx,procedure,IAS_GET_ENC_PASS_FNC,focus_forms/ARST003.fmx.md,specification_only,FMB/PLL/PKB
ARST003.fmx,procedure,IAS_GET_ENC_PASS_FNCIAS20142IAS_GET_ENC_PASS_FNC,focus_forms/ARST003.fmx.md,specification_only,FMB/PLL/PKB
ARST003.fmx,procedure,IAS_GET_ICODE_RESERVE_QTY_PRC,focus_forms/ARST003.fmx.md,specification_only,FMB/PLL/PKB
ARST003.fmx,procedure,IAS_GET_SALESDISC_PRC,focus_forms/ARST003.fmx.md,specification_only,FMB/PLL/PKB
ARST003.fmx,procedure,IAS_GET_SALESFREEQTY_PRC,focus_forms/ARST003.fmx.md,specification_only,FMB/PLL/PKB
ARST003.fmx,procedure,IAS_GET_SALESFREEQTY_PRCIAS20142IAS_GET_SALESFREEQTY_PRC,focus_forms/ARST003.fmx.md,specification_only,FMB/PLL/PKB
ARST003.fmx,procedure,IAS_INSRNCE_SCR_PKG,focus_forms/ARST003.fmx.md,specification_only,FMB/PLL/PKB
ARST003.fmx,procedure,IAS_ITM_PKG,focus_forms/ARST003.fmx.md,specification_only,FMB/PLL/PKB
ARST003.fmx,procedure,IAS_LAST_SALE_PRICE_PRC,focus_forms/ARST003.fmx.md,specification_only,FMB/PLL/PKB
ARST003.fmx,procedure,IAS_PJ_PKG,focus_forms/ARST003.fmx.md,specification_only,FMB/PLL/PKB
ARST003.fmx,procedure,IAS_PRMTR_PKG,focus_forms/ARST003.fmx.md,specification_only,FMB/PLL/PKB
ARST003.fmx,procedure,IAS_SMS_MAIL_PKG,focus_forms/ARST003.fmx.md,specification_only,FMB/PLL/PKB
ARST003.fmx,procedure,IAS_TRNS_PKG,focus_forms/ARST003.fmx.md,specification_only,FMB/PLL/PKB
ARST003.fmx,procedure,IAS_USR_PKG,focus_forms/ARST003.fmx.md,specification_only,FMB/PLL/PKB
ARST003.fmx,procedure,IAS_WCODE_PKG,focus_forms/ARST003.fmx.md,specification_only,FMB/PLL/PKB
ARST003.fmx,procedure,IAS_WEIGHT_SYS_PKG,focus_forms/ARST003.fmx.md,specification_only,FMB/PLL/PKB
ARST003.fmx,procedure,IAS_WEIGHT_SYS_PKGIAS20142CALC_AREA_SIZE_PRC,focus_forms/ARST003.fmx.md,specification_only,FMB/PLL/PKB
ARST003.fmx,procedure,IAS_WT_PKG,focus_forms/ARST003.fmx.md,specification_only,FMB/PLL/PKB
ARST003.fmx,procedure,INSRT_APPRVD_LVL_PRC,focus_forms/ARST003.fmx.md,specification_only,FMB/PLL/PKB
ARST003.fmx,procedure,KEY_LISTVAL_PRC,focus_forms/ARST003.fmx.md,specification_only,FMB/PLL/PKB
ARST003.fmx,procedure,LIST_PROC,focus_forms/ARST003.fmx.md,specification_only,FMB/PLL/PKB
ARST003.fmx,procedure,LOV_PKG,focus_forms/ARST003.fmx.md,specification_only,FMB/PLL/PKB
ARST003.fmx,procedure,LOV_TRG,focus_forms/ARST003.fmx.md,specification_only,FMB/PLL/PKB
ARST003.fmx,procedure,LYSERP_LIB,focus_forms/ARST003.fmx.md,specification_only,FMB/PLL/PKB
ARST003.fmx,procedure,POST_FORMS_COMMIT_PRC,focus_forms/ARST003.fmx.md,specification_only,FMB/PLL/PKB
ARST003.fmx,procedure,PRE_FORM_PRC,focus_forms/ARST003.fmx.md,specification_only,FMB/PLL/PKB
ARST003.fmx,procedure,PRINT_PROC,focus_forms/ARST003.fmx.md,specification_only,FMB/PLL/PKB
ARST003.fmx,procedure,SAVE_PROC,focus_forms/ARST003.fmx.md,specification_only,FMB/PLL/PKB
ARST003.fmx,procedure,SET_POS_PRC,focus_forms/ARST003.fmx.md,specification_only,FMB/PLL/PKB
ARST003.fmx,procedure,SHOW_BAT_COL1_IN_SCREEN,focus_forms/ARST003.fmx.md,specification_only,FMB/PLL/PKB
ARST003.fmx,procedure,SHOW_BAT_COL2_IN_SCREEN,focus_forms/ARST003.fmx.md,specification_only,FMB/PLL/PKB
ARST003.fmx,procedure,SHOW_BAT_COL3_IN_SCREEN,focus_forms/ARST003.fmx.md,specification_only,FMB/PLL/PKB
ARST003.fmx,procedure,SHOW_BAT_COL4_IN_SCREEN,focus_forms/ARST003.fmx.md,specification_only,FMB/PLL/PKB
ARST003.fmx,procedure,SHOW_BAT_COL5_IN_SCREEN,focus_forms/ARST003.fmx.md,specification_only,FMB/PLL/PKB
ARST003.fmx,procedure,SRCH_DTL_PKG,focus_forms/ARST003.fmx.md,specification_only,FMB/PLL/PKB
ARST003.fmx,procedure,SYS_SCREEN,focus_forms/ARST003.fmx.md,specification_only,FMB/PLL/PKB
ARST003.fmx,procedure,UPDATE_PROC,focus_forms/ARST003.fmx.md,specification_only,FMB/PLL/PKB
ARST003.fmx,procedure,WHEN_NEW_FORM_INSTANCE_PRC,focus_forms/ARST003.fmx.md,specification_only,FMB/PLL/PKB
ARST003.fmx,procedure,WHEN_TIMER_EXPIRED_PRC,focus_forms/ARST003.fmx.md,specification_only,FMB/PLL/PKB
ARST003.fmx,procedure,WIN_API,focus_forms/ARST003.fmx.md,specification_only,FMB/PLL/PKB
ARST003.fmx,procedure,YSERP_LIB,focus_forms/ARST003.fmx.md,specification_only,FMB/PLL/PKB
ARST003.fmx,procedure,YSERP_MNU,focus_forms/ARST003.fmx.md,specification_only,FMB/PLL/PKB
ARST003.fmx,procedure,YS_APPRVD_PKG,focus_forms/ARST003.fmx.md,specification_only,FMB/PLL/PKB
ARST003.fmx,procedure,YS_EMP_PKG,focus_forms/ARST003.fmx.md,specification_only,FMB/PLL/PKB
ARST003.fmx,procedure,YS_GEN_PKG,focus_forms/ARST003.fmx.md,specification_only,FMB/PLL/PKB
ARST003.fmx,component,ARSI008.fmx,focus_forms/ARST003.fmx.md,specification_only,FMB/PLL/PKB
ARST003.fmx,component,ARSI021.FMX,focus_forms/ARST003.fmx.md,specification_only,FMB/PLL/PKB
ARST003.fmx,component,ARST024.FMX,focus_forms/ARST003.fmx.md,specification_only,FMB/PLL/PKB
ARST003.fmx,component,EXCEL.EXE,focus_forms/ARST003.fmx.md,specification_only,FMB/PLL/PKB
ARST003.fmx,component,Excel.exe,focus_forms/ARST003.fmx.md,specification_only,FMB/PLL/PKB
ARST003.fmx,component,GLST004.fmx,focus_forms/ARST003.fmx.md,specification_only,FMB/PLL/PKB
ARST003.fmx,component,YSERP_MNU.MMX,focus_forms/ARST003.fmx.md,specification_only,FMB/PLL/PKB
ARST003.fmx,sql,"SELECT SO_TYPE,ORDER_CUR,C_CODE,C_NAME,A_DESC,CC_CODE,REF_DOC_NO,REF_DOC_DATE,DISC_AMT,DELIVERY_DATE,REP_CODE,PREPARE_DATE,REC_DEALER_DATE,W_CODE,BILL_DOC_TYPE,INSRNCE_CMP_NO,INSRN",focus_forms/ARST003.fmx.md,observed_sql_indicator,PKB/SQL and schema
ARST003.fmx,sql,"SELECT CREDIT_PERIOD FROM CUSTOMER WHERE C_CODE = :b1""",focus_forms/ARST003.fmx.md,observed_sql_indicator,PKB/SQL and schema
ARST003.fmx,sql,"UPDATE QUOTATION SET PROCESSED=1 WHERE QUOT_SER = :b1""UPDATE IAS_ITM_ATTACH_OTHRS SET C_CODE=:b1,CC_CODE=:b2,REP_CODE=:b3 WHERE DOC_TYPE = 2 AND DOC_SER = :b4""SELECT NVL(MAX(DOC_NO",focus_forms/ARST003.fmx.md,observed_sql_indicator,PKB/SQL and schema
ARST003.fmx,sql,"UPDATE QUOTATION SET PROCESSED=0 WHERE QUOT_SER = :b1 AND QUOT_SER NOT IN (SELECT QUOT_SER FROM SALES_ORDER WHERE ORDER_SER != :b2 AND QUOT_SER IS NOT NULL )""DELETE FROM IAS_RESERV",focus_forms/ARST003.fmx.md,observed_sql_indicator,PKB/SQL and schema
ARST003.fmx,sql,"SELECT IAS_DOC_SEQ_OTHR.NEXTVAL FROM DUAL""UPDATE IAS_RESERVE_DTL SET W_CODE=NVL(:b1,:b2),I_QTY=NVL(:b3,0) + NVL(:b4,0) ,P_QTY=NVL(:b5,0) + (NVL(:b6,0) * NVL(:b7,1) ) ,CP_QTY=:b5,T_",focus_forms/ARST003.fmx.md,observed_sql_indicator,PKB/SQL and schema
ARST003.fmx,sql,"UPDATE ORDER_DETAIL SET SO_TYPE=:b1,SI_TYPE=:b2 WHERE ORDER_SER = :b3""UPDATE OTHER_CHARGES_OTHRS SET BILL_DOC_TYPE=:b1 WHERE BILL_SER = :b2""UPDATE OTHER_CHARGES_ITEMS_OTHRS SET BIL",focus_forms/ARST003.fmx.md,observed_sql_indicator,PKB/SQL and schema
ARST003.fmx,sql,SELECT TO_CHAR(W_CODE)||'- '||DECODE(,focus_forms/ARST003.fmx.md,observed_sql_indicator,PKB/SQL and schema
ARST003.fmx,sql,"SELECT DOC_GEN_AR,DATE_GEN_AR,DATE_SETTING_AR,NVL(CUST_PRICE_FIXED,0),NVL(PRICE_TYPE,1),AR_WC_TYPE,CONN_AC_CC,NVL(CHECK_LMT_SORDER,1),NVL(SHOW_I_SIZE,0),NVL(SALES_DUPLICATE_ITEM,1)",focus_forms/ARST003.fmx.md,observed_sql_indicator,PKB/SQL and schema
ARST003.fmx,sql,"SELECT NVL(MAX(TO_NUMBER(ORDER_NO)),0) + 1 FROM SALES_ORDER WHERE BRN_NO = :b1""SELECT NVL(MAX(TO_NUMBER(ORDER_NO)),0) + 1 FROM SALES_ORDER WHERE SO_TYPE = :b1 AND BRN_NO = :b2""",focus_forms/ARST003.fmx.md,observed_sql_indicator,PKB/SQL and schema
ARST003.fmx,sql,"SELECT CRLIMIT_TYPE,NVL(INV_DIS_LMT,0),CRLIMIT_PER FROM PRIVILEGE_FIXED WHERE U_ID = :b1""",focus_forms/ARST003.fmx.md,observed_sql_indicator,PKB/SQL and schema
ARST003.fmx,sql,"SELECT NVL(AR_ALLOW_SALES_PRV_DR,0),NVL(AR_CHK_PRD_AFTR_DUE,0) FROM PRIVILEGE_FIXED WHERE U_ID = :b1""SELECT CREDIT_PERIOD,DECODE(NVL(:b1,0),1,ALLOW_PRD_AFTR_DUE,0) FROM CUSTOMER WH",focus_forms/ARST003.fmx.md,observed_sql_indicator,PKB/SQL and schema
ARST003.fmx,sql,"SELECT 1 FROM ORDER_DETAIL WHERE ORDER_SER = :b1 AND I_CODE = :b2 AND ITM_UNT = :b3 AND W_CODE = NVL(:b4,:b5) AND NVL(EXPIRE_DATE,''01/01/1900'') = NVL(:b6,''01/01/1900'') AND NVL(",focus_forms/ARST003.fmx.md,observed_sql_indicator,PKB/SQL and schema
ARST003.fmx,sql,"SELECT I_CODE FROM ORDER_DETAIL WHERE ORDER_SER = :b1 ORDER BY RCRD_NO""",focus_forms/ARST003.fmx.md,observed_sql_indicator,PKB/SQL and schema
ARST003.fmx,sql,"SELECT IAS_RCRD_ATTCH.NEXTVAL FROM DUAL""SELECT FLEX_NO,FLEX_FIELD,ATTCH_DESC_NO1,ATTCH_DESC_NO2,ATTCH_DESC_NO3,ATTCH_DESC_NO4,ATTCH_DESC_NO5 FROM IAS_ITM_ATTACH WHERE FLEX_NO = :b1",focus_forms/ARST003.fmx.md,observed_sql_indicator,PKB/SQL and schema
ARST003.fmx,sql,"SELECT SUM(((NVL(I_QTY,0) - NVL(OUT_QTY,0) ) + (NVL(FREE_QTY,0) + NVL(OUT_FREE_QTY,0) ) ) * NVL(P_SIZE,1) ) FROM IAS_BILL_MST,IAS_BILL_DTL WHERE IAS_BILL_MST.BILL_SER = IAS_BILL_DT",focus_forms/ARST003.fmx.md,observed_sql_indicator,PKB/SQL and schema
ARST003.fmx,sql,"SELECT (SUM(NVL(P_QTY,0) + (NVL(FREE_QTY,0) * NVL(P_SIZE,1) ) ) - SUM(NVL(PI_QTY,0) / NVL(P_SIZE,1) ) ) FROM P_ORDER A,P_ORDER_DETAIL B WHERE A.PO_SER = B.PO_SER AND NVL(A.PO_CLOSE",focus_forms/ARST003.fmx.md,observed_sql_indicator,PKB/SQL and schema
ARST003.fmx,sql,"SELECT MAX(RCRD_NO) FROM ORDER_DETAIL WHERE ORDER_SER = :b1""",focus_forms/ARST003.fmx.md,observed_sql_indicator,PKB/SQL and schema
ARST003.fmx,sql,"SELECT B.C_CODE,B.A_CY,B.BILL_NO,B.DOC_TYPE,B.BILL_DOC_TYPE,B.BILL_SER,B.I_NO,B.I_DATE,B.I_AMT,(NVL(B.I_AMT,0) * NVL(B.AC_RATE,1) ) I_AMT_LOC,B.AC_RATE,B.BRN_NO,B.BRN_YEAR,B.CMP_NO",focus_forms/ARST003.fmx.md,observed_sql_indicator,PKB/SQL and schema
ARST003.fmx,sql,"SELECT LEV_NO FROM CUSTOMER_CURR WHERE C_CODE = :b1 AND A_CY = :b2""",focus_forms/ARST003.fmx.md,observed_sql_indicator,PKB/SQL and schema
ARST003.fmx,sql,"SELECT 1,USE_BATCH_NO,USE_EXP_DATE FROM IAS_ITM_MST WHERE I_CODE = LTRIM(RTRIM(UPPER(:b1))) AND ROWNUM <= 1""SELECT BATCH_NO,BATCH_NO FROM IAS_SUB_CST_MEASUR_MST WHERE C_CODE = :b1",focus_forms/ARST003.fmx.md,observed_sql_indicator,PKB/SQL and schema
ARST003.fmx,sql,"SELECT SUM(NVL(I_QTY,0) + NVL(FREE_QTY,0) ) FROM ORDER_DETAIL WHERE I_CODE = :b1 AND W_CODE = :b2 AND RES_DATE >= :b3 AND NVL(RESERVED,0) = 1""",focus_forms/ARST003.fmx.md,observed_sql_indicator,PKB/SQL and schema
ARST003.fmx,sql,"SELECT NVL(CR_LIMIT,0) FROM CUSTOMER_CURR WHERE C_CODE = :b1 AND A_CY = :b2""SELECT 1 FROM PRIV_ACC WHERE U_ID = :b1 AND A_CODE = IAS_CST_PKG.GET_ACODE(:b2) AND NVL(VIEW_FLAG,0) = 1",focus_forms/ARST003.fmx.md,observed_sql_indicator,PKB/SQL and schema
ARST003.fmx,sql,"SELECT 1 FROM QUOTATION WHERE QUOT_NO = :b1 AND ((:b2 = 1 ) OR EXISTS (SELECT 1 FROM S_BRN_USR_PRIV WHERE U_ID = :b2 AND S_BRN_USR_PRIV.BRN_NO = QUOTATION.BRN_NO AND NVL(FILL_FLAG,",focus_forms/ARST003.fmx.md,observed_sql_indicator,PKB/SQL and schema
ARST003.fmx,sql,"SELECT NVL(NO_OF_DECIMAL,2),NVL(USE_DEL_GL,0),NVL(USE_MOD_GL,0),NVL(CONN_AC_CC,0),NVL(FOR_CURRENCY,0),NVL(HANDLY_LOCAL_AMT,0),NVL(J_STAND_BY,0),POST_CHEQUE_TYPE,DATE_SETTING_GL FRO",focus_forms/ARST003.fmx.md,observed_sql_indicator,PKB/SQL and schema
ARST003.fmx,sql,"SELECT NVL(BATCH_DESC_A_NAME,BATCH_DESC_E_NAME) FROM IAS_BATCH_NO_CONTENTS WHERE COL_NO = 1 AND BATCH_DESC_NO = LPAD(SUBSTR(:b1,:b2,:b3),:b3,''0'')""SELECT NVL(BATCH_DESC_A_NAME,BAT",focus_forms/ARST003.fmx.md,observed_sql_indicator,PKB/SQL and schema
ARST003.fmx,sql,"SELECT NVL(PLIMIT_TYPE,2),PLIMIT_PER,NVL(L_PRICE,2),NVL(H_PRICE,2) FROM PRIVILEGE_FIXED WHERE U_ID = :b1""",focus_forms/ARST003.fmx.md,observed_sql_indicator,PKB/SQL and schema
ARST003.fmx,sql,"SELECT LEV_NO FROM IAS_ITEM_PRICE WHERE I_CODE = :b1 AND ROUND(IAS_GEN_PKG.GET_ITM_PRICE_DOCACY(:b2,:b3,:b4,:b5,:b6,:b7,:b8,LEV_NO,NVL(:b9,:b10),NVL(:b11,0),:b12,:b13),:b14) = :b15",focus_forms/ARST003.fmx.md,observed_sql_indicator,PKB/SQL and schema
ARST003.fmx,sql,"SELECT EXPIRE_DATE,BATCH_NO,CP_QTY FROM GR_DETAIL WHERE I_CODE = :b1 AND W_CODE = NVL(:b2,W_CODE) AND NVL(CP_QTY,0) > 0 AND (EXPIRE_DATE != ''01/01/1900'' OR BATCH_NO != ''0'' )ORD",focus_forms/ARST003.fmx.md,observed_sql_indicator,PKB/SQL and schema
ARST003.fmx,sql,"UPDATE SALES_ORDER SET ORDER_AMT=(SELECT ROUND(NVL(SUM(I_QTY * I_PRICE ),0),:b1) FROM ORDER_DETAIL WHERE ORDER_SER = :b2 ),INSRNCE_CSH_AMT=(SELECT ROUND(NVL(SUM(I_QTY * (NVL(INSRNC",focus_forms/ARST003.fmx.md,observed_sql_indicator,PKB/SQL and schema
ARST003.fmx,sql,"UPDATE ORDER_DETAIL SET DIS_AMT_MST=0,DIS_AMT=DIS_AMT_DTL WHERE ORDER_SER = :b1""",focus_forms/ARST003.fmx.md,observed_sql_indicator,PKB/SQL and schema
ARST003.fmx,sql,"UPDATE ORDER_DETAIL SET VAT_AMT=ROUND(((NVL(VAT_PER,0) * NVL(I_PRICE,0) ) / 100 ),:b1) WHERE ORDER_SER = :b2 AND NVL(I_QTY,0) > 0""UPDATE ORDER_DETAIL SET I_PRICE=NVL(I_PRICE_VAT,0)",focus_forms/ARST003.fmx.md,observed_sql_indicator,PKB/SQL and schema
ARST003.fmx,sql,"UPDATE ORDER_DETAIL SET OTHR_AMT=0 WHERE ORDER_SER = :b1""UPDATE ORDER_DETAIL A SET OTHR_AMT=(SELECT SUM(DECODE(NVL(UNIT_AMT,0),0,(NVL(OTHER_CHARGES_ITEMS_OTHRS.AMT,0) / DECODE(NVL(",focus_forms/ARST003.fmx.md,observed_sql_indicator,PKB/SQL and schema
ARST003.fmx,sql,"SELECT Pj_No,",focus_forms/ARST003.fmx.md,observed_sql_indicator,PKB/SQL and schema
ARST003.fmx,sql,"SELECT ias_item_price.lev_no,",focus_forms/ARST003.fmx.md,observed_sql_indicator,PKB/SQL and schema
ARST003.fmx,sql,SELECT lev_no,focus_forms/ARST003.fmx.md,observed_sql_indicator,PKB/SQL and schema
ARST003.fmx,sql,"SELECT QT_TYPE, QUOT_NO, QUOT_DATE, C_NAME, QUOT_SER, BRN_NO",focus_forms/ARST003.fmx.md,observed_sql_indicator,PKB/SQL and schema
ARST003.fmx,sql,SELECT S_TYPE,focus_forms/ARST003.fmx.md,observed_sql_indicator,PKB/SQL and schema
ARST003.fmx,sql,SELECT 1,focus_forms/ARST003.fmx.md,observed_sql_indicator,PKB/SQL and schema
ARST003.fmx,sql,"SELECT Sales_Man.reprs_code rep_code,",focus_forms/ARST003.fmx.md,observed_sql_indicator,PKB/SQL and schema
ARST003.fmx,sql,"SELECT 1 FROM IAS_INSRNCE_CLSS_MDCL_NET WHERE INS_CMP_NO = :b1 AND CLSS_NO = :b2 AND MDCL_NO = :b3 AND ROWNUM <= 1""SELECT 1 FROM IAS_BNFCRS WHERE BNF_NO = :b1 AND NVL(INACTIVE,0) =",focus_forms/ARST003.fmx.md,observed_sql_indicator,PKB/SQL and schema
ARST003.fmx,sql,"SELECT w_code,",focus_forms/ARST003.fmx.md,observed_sql_indicator,PKB/SQL and schema
ARST003.fmx,sql,"SELECT cc_code,",focus_forms/ARST003.fmx.md,observed_sql_indicator,PKB/SQL and schema
ARST003.fmx,sql,"SELECT Regions.R_code,",focus_forms/ARST003.fmx.md,observed_sql_indicator,PKB/SQL and schema
ARST003.fmx,sql,"SELECT SO_TYPE,",focus_forms/ARST003.fmx.md,observed_sql_indicator,PKB/SQL and schema
ARST003.fmx,sql,"SELECT DISTINCT Ias_Itm_Wcode.W_Code,",focus_forms/ARST003.fmx.md,observed_sql_indicator,PKB/SQL and schema
ARST003.fmx,sql,"SELECT Sales_Order.ORDER_NO ORDER_NO,",focus_forms/ARST003.fmx.md,observed_sql_indicator,PKB/SQL and schema
ARST003.fmx,sql,"SELECT SUBG_CODE,",focus_forms/ARST003.fmx.md,observed_sql_indicator,PKB/SQL and schema
ARST003.fmx,sql,"SELECT MNG_CODE,",focus_forms/ARST003.fmx.md,observed_sql_indicator,PKB/SQL and schema
ARST003.fmx,sql,"SELECT Driver_No,",focus_forms/ARST003.fmx.md,observed_sql_indicator,PKB/SQL and schema
ARST003.fmx,sql,"SELECT PRM_CODE,",focus_forms/ARST003.fmx.md,observed_sql_indicator,PKB/SQL and schema
ARST003.fmx,sql,"SELECT Actv_no,",focus_forms/ARST003.fmx.md,observed_sql_indicator,PKB/SQL and schema
ARST003.fmx,sql,"SELECT Decode(to_char(expire_date,'ddmmyyyy'),'01011900',to_date(''),expire_date) Expire_Date,",focus_forms/ARST003.fmx.md,observed_sql_indicator,PKB/SQL and schema
ARST003.fmx,sql,"SELECT DECODE(batch_no,'0','', batch_no) batch_no,",focus_forms/ARST003.fmx.md,observed_sql_indicator,PKB/SQL and schema
ARST003.fmx,sql,SELECT BATCH_NO FROM (,focus_forms/ARST003.fmx.md,observed_sql_indicator,PKB/SQL and schema
ARST003.fmx,sql,SELECT DISTINCT BATCH_NO,focus_forms/ARST003.fmx.md,observed_sql_indicator,PKB/SQL and schema
ARST003.fmx,sql,SELECT A_CY FROM ACCOUNT_CURR WHERE,focus_forms/ARST003.fmx.md,observed_sql_indicator,PKB/SQL and schema
ARST003.fmx,sql,"SELECT R_CODE,DECODE(:b1,1,NVL(C_A_NAME,C_E_NAME),NVL(C_E_NAME,C_A_NAME)),BLK_LST,DRIVER_NO,C_CLASS,REP_CODE,NVL(INSRNCE_CST,0),INSRNCE_CMP_NO FROM CUSTOMER WHERE C_CODE = :b2""SELE",focus_forms/ARST003.fmx.md,observed_sql_indicator,PKB/SQL and schema
ARST003.fmx,sql,"SELECT COUNT(1) FROM IAS_DRIVERS WHERE DRIVER_NO = :b1 AND NVL(INACTIVE,0) = 1""",focus_forms/ARST003.fmx.md,observed_sql_indicator,PKB/SQL and schema
ARST003.fmx,sql,"SELECT COUNT(1) FROM IAS_PROMOTERS WHERE PRM_CODE = :b1 AND NVL(INACTIVE,0) = 1""",focus_forms/ARST003.fmx.md,observed_sql_indicator,PKB/SQL and schema
ARST003.fmx,sql,"SELECT 1 FROM IAS_BNFCRS WHERE BNF_NO = :b1 AND NVL(INACTIVE,0) = 1 AND ROWNUM <= 1""",focus_forms/ARST003.fmx.md,observed_sql_indicator,PKB/SQL and schema
ARST003.fmx,sql,"SELECT MAX(BILL_DATE) FROM IAS_BILL_MST WHERE C_CODE = :b1 AND INSRNCE_CMP_NO = :b2 AND INSRNCE_CARD_NO = :b3""",focus_forms/ARST003.fmx.md,observed_sql_indicator,PKB/SQL and schema
ARST003.fmx,sql,"SELECT BNF_NO,PRSON_CARD_NO_FMLY,DECODE(:b1,1,NVL(PRSON_L_NM,PRSON_F_NM),NVL(PRSON_F_NM,PRSON_L_NM)),RLTN_TYP,LOAD_PER,LMT_AMT_LOC_NET_DOC,LMT_AMT_LOC_OUT_NET_DOC,NVL(INACTIVE,0),C",focus_forms/ARST003.fmx.md,observed_sql_indicator,PKB/SQL and schema
ARST003.fmx,sql,"SELECT 1 FROM IAS_MEDICAL_NET WHERE MDCL_NO = :b1 AND NVL(INACTIVE,0) = 1 AND ROWNUM <= 1""SELECT 1 FROM IAS_INSRNCE_CLSS_MDCL_NET WHERE INS_CMP_NO = :b1 AND CLSS_NO = :b2 AND MDCL_",focus_forms/ARST003.fmx.md,observed_sql_indicator,PKB/SQL and schema
ARST003.fmx,sql,"SELECT NVL(INV_DIS_LMT,0) FROM PRIVILEGE_FIXED WHERE U_ID = :b1""",focus_forms/ARST003.fmx.md,observed_sql_indicator,PKB/SQL and schema
ARST003.fmx,sql,"UPDATE SALES_ORDER SET INACTIVE=NVL(:b1,0),INACTIVE_RES=:b2,INACTIVE_DATE=IAS_GEN_PKG.GET_CURDATE,INACTIVE_U_ID=:b3 WHERE ORDER_SER = :b4""",focus_forms/ARST003.fmx.md,observed_sql_indicator,PKB/SQL and schema
ARST003.fmx,sql,"UPDATE SALES_ORDER SET APPROVED=NVL(:b1,0),APRV_U_ID=:b2,APRV_DATE=IAS_GEN_PKG.GET_CURDATE WHERE ORDER_SER = :b3""",focus_forms/ARST003.fmx.md,observed_sql_indicator,PKB/SQL and schema
ARST003.fmx,sql,"SELECT NVL(MAX(DOC_NO),0) + 1 FROM IAS_RESERVE_MST WHERE DOC_TYPE_REF = 53""INSERT INTO IAS_RESERVE_MST ( DOC_TYPE,DOC_NO,DOC_SER,DOC_NO_REF,DOC_TYPE_REF,DOC_SER_REF,C_CODE,BRN_NO,C",focus_forms/ARST003.fmx.md,observed_sql_indicator,PKB/SQL and schema
ARST003.fmx,sql,"DELETE FROM ORDER_DETAIL O WHERE O.ORDER_NO = :b1 AND O.ORDER_SER = :b2 AND O.SO_TYPE = :b3""DELETE FROM IAS_ITM_ATTACH_OTHRS I WHERE I.DOC_SER = :b1""DELETE FROM IAS_RESERVE_MST WHE",focus_forms/ARST003.fmx.md,observed_sql_indicator,PKB/SQL and schema
ARST003.fmx,sql,"SELECT DOC_NO,DOC_SER FROM IAS_RESERVE_MST WHERE DOC_TYPE_REF = 53 AND DOC_SER_REF = :b1 AND ROWNUM <= 1""SELECT SUM(NVL(I_QTY,0) * NVL(I_PRICE,0) ) FROM ORDER_DETAIL WHERE ORDER_SE",focus_forms/ARST003.fmx.md,observed_sql_indicator,PKB/SQL and schema
ARST003.fmx,sql,"UPDATE ORDER_DETAIL SET EMP_NO=:b1 WHERE ORDER_SER = :b2""UPDATE IAS_RESERVE_MST SET C_CODE=:b1 WHERE DOC_SER_REF = :b2""UPDATE IAS_RESERVE_DTL SET C_CODE=:b1 WHERE DOC_SER_REF = :b2",focus_forms/ARST003.fmx.md,observed_sql_indicator,PKB/SQL and schema
ARST003.fmx,sql,"SELECT 1 FROM IAS_ITM_MST WHERE I_CODE = :b1 AND ROWNUM <= 1""",focus_forms/ARST003.fmx.md,observed_sql_indicator,PKB/SQL and schema
ARST003.fmx,sql,"SELECT SUM(CP_QTY) FROM GR_DETAIL WHERE CP_QTY > 0 AND (((TO_DATE(EXPIRE_DATE,''dd/mm/yyyy'') - :b1 ) <= :b2 ) OR TO_DATE(EXPIRE_DATE,''dd/mm/yyyy'') < :b1 ) AND I_CODE = :b4""",focus_forms/ARST003.fmx.md,observed_sql_indicator,PKB/SQL and schema
ARST003.fmx,sql,"SELECT FLEX_NO,EXPIRE_DATE,BATCH_NO FROM IAS_ITM_UNT_BARCODE WHERE BARCODE = :b1""SELECT 1 FROM IAS_ITM_MST WHERE I_CODE = :b1 AND ROWNUM <= 1""SELECT DECODE(:b1,1,NVL(I_NAME,I_E_NAM",focus_forms/ARST003.fmx.md,observed_sql_indicator,PKB/SQL and schema
ARST003.fmx,sql,"SELECT A_CY FROM IAS_PRICING_LEVELS WHERE LEV_NO = :b1""SELECT NVL(CUR_RATE,1) FROM EX_RATE WHERE CUR_CODE = :b1""",focus_forms/ARST003.fmx.md,observed_sql_indicator,PKB/SQL and schema
ARST003.fmx,sql,"SELECT GROUP_NO FROM IAS_ITM_MST WHERE I_CODE = :b1""",focus_forms/ARST003.fmx.md,observed_sql_indicator,PKB/SQL and schema
ARST003.fmx,sql,"SELECT DECODE(:b1,1,NVL(SUB_C_L_NM,SUB_C_F_NM),NVL(SUB_C_F_NM,SUB_C_L_NM)) FROM SUB_CUSTOMER WHERE SUB_C_CODE = :b2""SELECT DECODE(:b1,1,NVL(SUB_C_L_NM,SUB_C_F_NM),NVL(SUB_C_F_NM,SU",focus_forms/ARST003.fmx.md,observed_sql_indicator,PKB/SQL and schema
ARST003.fmx,sql,"SELECT SUM(NVL(I_QTY,0) + NVL(FREE_QTY,0) ) FROM IAS_BILL_DTL WHERE DOC_TYPE_REF = 53 AND DOC_SER_REF = :b1 AND I_CODE = :b2 AND NVL(RCRD_NO_REF,RCRD_NO) = :b3""",focus_forms/ARST003.fmx.md,observed_sql_indicator,PKB/SQL and schema
ARST003.fmx,sql,"SELECT DECODE(:b1,1,NVL(I_NAME,I_E_NAME),NVL(I_E_NAME,I_NAME)),I_DESC,NVL(ALLOW_FREE_QTY,0),NVL(USE_QTY_FRACTION,0),DAY_ITM_EXPIRE,NVL(ITEM_SIZE,0),NVL(SERVICE_ITM,0),FREE_QTY_PER,",focus_forms/ARST003.fmx.md,observed_sql_indicator,PKB/SQL and schema
ARST003.fmx,sql,"SELECT NVL(VAT_PER,0) FROM IAS_ITM_MST WHERE I_CODE = :b1""",focus_forms/ARST003.fmx.md,observed_sql_indicator,PKB/SQL and schema
ARST003.fmx,sql,"DELETE FROM IAS_RESERVE_DTL WHERE DOC_TYPE_REF = 53 AND DOC_SER_REF = :b1 AND I_CODE = :b2 AND RCRD_NO = :b3""DELETE FROM OTHER_CHARGES_ITEMS_OTHRS O WHERE O.BILL_NO = :b1 AND O.BIL",focus_forms/ARST003.fmx.md,observed_sql_indicator,PKB/SQL and schema
ARST003.fmx,sql,"INSERT INTO IAS_RESERVE_DTL ( DOC_TYPE,DOC_NO,DOC_SER,DOC_NO_REF,DOC_TYPE_REF,DOC_SER_REF,I_CODE,ITM_UNT,W_CODE,EXPIRE_DATE,BATCH_NO,I_QTY,P_SIZE,P_QTY,CP_QTY,RESERVED,C_CODE,T_DAT",focus_forms/ARST003.fmx.md,observed_sql_indicator,PKB/SQL and schema
ARST003.fmx,sql,"SELECT 1 FROM SALES_CHARGES WHERE SC_NO = :b1 AND NVL(FILL_AUTO,0) = 0""SELECT A_CODE,DECODE(AMT_TYPE,0,AMT, NULL ) * DECODE(SC_TYPE,1,1,-1) AMT_PER,NVL(AMT_TYPE,0),DECODE(NVL(FILL_",focus_forms/ARST003.fmx.md,observed_sql_indicator,PKB/SQL and schema
ARST003.fmx,sql,"SELECT 1 FROM SALES_CHARGES WHERE A_CODE = :b1 AND ROWNUM <= 1""SELECT SC_NAME,DECODE(A_CY,:b1,AMT,AMT * AC_RATE * 1 / :b2 ) * DECODE(SC_TYPE,1,1,-1) FROM SALES_CHARGES WHERE SC_NO",focus_forms/ARST003.fmx.md,observed_sql_indicator,PKB/SQL and schema
ARST003.fmx,sql,"SELECT NVL(CALC_TYPE,0),SC_TYPE FROM SALES_CHARGES WHERE A_CODE = :b1 AND SC_NO = :b2""",focus_forms/ARST003.fmx.md,observed_sql_indicator,PKB/SQL and schema
ARST003.fmx,sql,"SELECT COUNT(1) FROM SALES_CHARGES WHERE A_CODE = :b1 AND SC_NO = :b2 AND NVL(AMT_TYPE,0) = 1""",focus_forms/ARST003.fmx.md,observed_sql_indicator,PKB/SQL and schema
ARST003.fmx,sql,"SELECT DECODE(A_CY,:b1,AMT,AMT * AC_RATE * 1 / :b2 ) FROM SALES_CHARGES WHERE SC_NO = :b3 AND AMT_TYPE = 1""",focus_forms/ARST003.fmx.md,observed_sql_indicator,PKB/SQL and schema
ARST003.fmx,sql,"SELECT SC_NAME,DECODE(NVL(FILL_AUTO,0),0,1,0) FROM SALES_CHARGES WHERE SC_NO = :b1 AND A_CODE = :b2""SELECT 1 FROM SALES_CHARGES WHERE SC_NO = :b1 AND NVL(FILL_AUTO,0) = 1 AND ROWNU",focus_forms/ARST003.fmx.md,observed_sql_indicator,PKB/SQL and schema
ARST003.fmx,sql,"SELECT 1 FROM ACCOUNT_CURR WHERE A_CODE = :b1 AND A_CY = :b2 AND ROWNUM <= 1""SELECT DECODE(A_CY,:b1,AMT,AMT * AC_RATE * 1 / :b2 ) FROM SALES_CHARGES WHERE SC_NO = :b3 AND AMT_TYPE",focus_forms/ARST003.fmx.md,observed_sql_indicator,PKB/SQL and schema
ARST003.fmx,sql,"SELECT FLEX_FIELD,ATTCH_DESC_NO1,ATTCH_DESC_NO2,ATTCH_DESC_NO3,ATTCH_DESC_NO4,ATTCH_DESC_NO5,ATTCH_NO1,ATTCH_NO2,ATTCH_NO3,ATTCH_NO4,ATTCH_NO5 FROM IAS_ITM_ATTACH WHERE I_CODE = :b",focus_forms/ARST003.fmx.md,observed_sql_indicator,PKB/SQL and schema
ARST003.fmx,sql,"SELECT IAS_ATTCH_SEQ.NEXTVAL FROM DUAL""",focus_forms/ARST003.fmx.md,observed_sql_indicator,PKB/SQL and schema
ARST003.fmx,sql,"SELECT DECODE(:b1,1,NVL(C_A_NAME,C_E_NAME),NVL(C_E_NAME,C_A_NAME)) FROM CUSTOMER WHERE C_CODE = :b2""",focus_forms/ARST003.fmx.md,observed_sql_indicator,PKB/SQL and schema
ARST003.fmx,sql,"SELECT PASSWORD FROM USER_R WHERE U_ID = :b1 AND ROWNUM <= 1""",focus_forms/ARST003.fmx.md,observed_sql_indicator,PKB/SQL and schema
ARST003.fmx,metadata,ARST003,focus_forms/ARST003.fmx.md,specification_only,none
ARST003.fmx,metadata,YSERP_MNU.MMX,focus_forms/ARST003.fmx.md,specification_only,none
ARST003.fmx,metadata,AMERICAN_AMERICA.AR8MSWIN1256,focus_forms/ARST003.fmx.md,specification_only,none
ARST003.fmx,metadata,P6_20_NOV_201408_34_23,focus_forms/ARST003.fmx.md,specification_only,none
ARST003.fmx,metadata,SQLFORMS,focus_forms/ARST003.fmx.md,specification_only,none
ARST003.fmx,metadata,"""PKG INIT""<anonymous>""""",focus_forms/ARST003.fmx.md,specification_only,none
ARST003.fmx,metadata,P5_20_NOV_201408_34_23,focus_forms/ARST003.fmx.md,specification_only,none
ARST003.fmx,metadata,P2_09_SEP_201416_23_58,focus_forms/ARST003.fmx.md,specification_only,none
ARST003.fmx,metadata,P0_19_MAR_201416_21_03,focus_forms/ARST003.fmx.md,specification_only,none
ARST003.fmx,metadata,/LYSERP_LIB,focus_forms/ARST003.fmx.md,specification_only,none
ARST003.fmx,metadata,GEN_PKG,focus_forms/ARST003.fmx.md,specification_only,none
ARST003.fmx,metadata,P30_16_JAN_201412_58_41,focus_forms/ARST003.fmx.md,specification_only,none
ARST003.fmx,metadata,/NSPC11/PRE_FORM_PRC,focus_forms/ARST003.fmx.md,specification_only,none
ARST003.fmx,metadata,P29_16_JAN_201412_58_41,focus_forms/ARST003.fmx.md,specification_only,none
ARST003.fmx,metadata,"""/NSPC11/WHEN_NEW_FORM_INSTANCE_PRC",focus_forms/ARST003.fmx.md,specification_only,none
ARST003.fmx,metadata,P28_16_JAN_201412_58_41,focus_forms/ARST003.fmx.md,specification_only,none
ARST003.fmx,metadata,/NSPC11/POST_FORMS_COMMIT_PRC,focus_forms/ARST003.fmx.md,specification_only,none
ARST003.fmx,metadata,P27_16_JAN_201412_58_41,focus_forms/ARST003.fmx.md,specification_only,none
ARST003.fmx,metadata,P26_16_JAN_201412_58_41,focus_forms/ARST003.fmx.md,specification_only,none
ARST003.fmx,metadata,P25_16_JAN_201412_58_41,focus_forms/ARST003.fmx.md,specification_only,none
ARST003.fmx,metadata,P24_16_JAN_201412_58_41,focus_forms/ARST003.fmx.md,specification_only,none
ARST003.fmx,metadata,P23_16_JAN_201412_58_41,focus_forms/ARST003.fmx.md,specification_only,none
ARST003.fmx,metadata,P22_16_JAN_201412_58_41,focus_forms/ARST003.fmx.md,specification_only,none
ARST003.fmx,metadata,P21_16_JAN_201412_58_41,focus_forms/ARST003.fmx.md,specification_only,none
ARST003.fmx,metadata,/NSPC11/EXIT_PROC,focus_forms/ARST003.fmx.md,specification_only,none
ARST003.fmx,metadata,P20_16_JAN_201412_58_41,focus_forms/ARST003.fmx.md,specification_only,none
ARST003.fmx,metadata,P19_16_JAN_201412_58_41,focus_forms/ARST003.fmx.md,specification_only,none
ARST003.fmx,metadata,STANDARD,focus_forms/ARST003.fmx.md,specification_only,none
ARST003.fmx,metadata,FORMS40,focus_forms/ARST003.fmx.md,specification_only,none
ARST003.fmx,metadata,VIEW_BTN,focus_forms/ARST003.fmx.md,specification_only,none
ARST003.fmx,metadata,SCREEN_BTN,focus_forms/ARST003.fmx.md,specification_only,none
ARST003.fmx,metadata,PRINT_DOC_BTN,focus_forms/ARST003.fmx.md,specification_only,none
ARST003.fmx,metadata,CANCEL_BTN,focus_forms/ARST003.fmx.md,specification_only,none
ARST003.fmx,metadata,PRINT_ST,focus_forms/ARST003.fmx.md,specification_only,none
ARST003.fmx,metadata,P18_16_JAN_201412_58_41,focus_forms/ARST003.fmx.md,specification_only,none
ARST003.fmx,metadata,Create -,focus_forms/ARST003.fmx.md,specification_only,none
ARST003.fmx,metadata,P17_16_JAN_201412_58_41,focus_forms/ARST003.fmx.md,specification_only,none
ARST003.fmx,metadata,FORMS4C,focus_forms/ARST003.fmx.md,specification_only,none
ARST003.fmx,metadata,/NSPC11/ADD_PROC,focus_forms/ARST003.fmx.md,specification_only,none
ARST003.fmx,metadata,BAR.ADD_Btn,focus_forms/ARST003.fmx.md,specification_only,none
ARST003.fmx,metadata,TRUE,focus_forms/ARST003.fmx.md,specification_only,none
ARST003.fmx,metadata,Delete -,focus_forms/ARST003.fmx.md,specification_only,none
ARST003.fmx,metadata,P16_16_JAN_201412_58_41,focus_forms/ARST003.fmx.md,specification_only,none
ARST003.fmx,metadata,/NSPC11/DELETE_PROC,focus_forms/ARST003.fmx.md,specification_only,none
ARST003.fmx,metadata,BAR.Del_Btn,focus_forms/ARST003.fmx.md,specification_only,none
ARST003.fmx,metadata,Accept -,focus_forms/ARST003.fmx.md,specification_only,none
ARST003.fmx,metadata,P15_16_JAN_201412_58_41,focus_forms/ARST003.fmx.md,specification_only,none
ARST003.fmx,metadata,/NSPC11/SAVE_PROC,focus_forms/ARST003.fmx.md,specification_only,none
ARST003.fmx,metadata,BAR.SAVE_Btn,focus_forms/ARST003.fmx.md,specification_only,none
ARST003.fmx,metadata,List -,focus_forms/ARST003.fmx.md,specification_only,none
ARST003.fmx,metadata,P14_16_JAN_201412_58_41,focus_forms/ARST003.fmx.md,specification_only,none
ARST003.fmx,metadata,/NSPC11/LIST_PROC,focus_forms/ARST003.fmx.md,specification_only,none
ARST003.fmx,metadata,BAR.LIST_BTN,focus_forms/ARST003.fmx.md,specification_only,none
ARST003.fmx,metadata,Search_,focus_forms/ARST003.fmx.md,specification_only,none
ARST003.fmx,metadata,P13_16_JAN_201412_58_41,focus_forms/ARST003.fmx.md,specification_only,none
ARST003.fmx,metadata,/NSPC11/KEY_ENTQRY,focus_forms/ARST003.fmx.md,specification_only,none
ARST003.fmx,metadata,BAR.SeeK_Btn,focus_forms/ARST003.fmx.md,specification_only,none
ARST003.fmx,metadata,Exceute -,focus_forms/ARST003.fmx.md,specification_only,none
ARST003.fmx,metadata,P12_16_JAN_201412_58_41,focus_forms/ARST003.fmx.md,specification_only,none
ARST003.fmx,metadata,/NSPC11/KEY_EXEQRY,focus_forms/ARST003.fmx.md,specification_only,none
ARST003.fmx,metadata,BAR.SEEK_BTN,focus_forms/ARST003.fmx.md,specification_only,none
ARST003.fmx,metadata,Print -,focus_forms/ARST003.fmx.md,specification_only,none
ARST003.fmx,metadata,P11_16_JAN_201412_58_41,focus_forms/ARST003.fmx.md,specification_only,none
ARST003.fmx,metadata,/NSPC11/CALL_SCR_PRINT,focus_forms/ARST003.fmx.md,specification_only,none
ARST003.fmx,metadata,BAR.Print_Btn,focus_forms/ARST003.fmx.md,specification_only,none
ARST003.fmx,metadata,P10_16_JAN_201412_58_41,focus_forms/ARST003.fmx.md,specification_only,none
ARST003.fmx,metadata,/NSPC11/WHEN_TIMER_EXPIRED_PRC,focus_forms/ARST003.fmx.md,specification_only,none
ARST003.fmx,metadata,P9_16_JAN_201412_58_41,focus_forms/ARST003.fmx.md,specification_only,none
ARST003.fmx,metadata,P8_16_JAN_201412_58_41,focus_forms/ARST003.fmx.md,specification_only,none
ARST003.fmx,metadata,P5_16_JAN_201412_58_41,focus_forms/ARST003.fmx.md,specification_only,none
ARST003.fmx,metadata,P8_02_FEB_201414_58_17,focus_forms/ARST003.fmx.md,specification_only,none
ARST003.fmx,metadata,IMP_F_EXCEL,focus_forms/ARST003.fmx.md,specification_only,none
ARST003.fmx,metadata,Bar.Save_Btn,focus_forms/ARST003.fmx.md,specification_only,none
ARST003.fmx,metadata,Sales_Order.Order_No,focus_forms/ARST003.fmx.md,specification_only,none
ARST003.fmx,metadata,Sales_Order.Order_Date,focus_forms/ARST003.fmx.md,specification_only,none
ARST003.fmx,metadata,Sales_Order.Order_Cur,focus_forms/ARST003.fmx.md,specification_only,none
ARST003.fmx,metadata,Sales_Order.w_code,focus_forms/ARST003.fmx.md,specification_only,none
ARST003.fmx,metadata,Imp_Excel.W_Code,focus_forms/ARST003.fmx.md,specification_only,none
ARST003.fmx,metadata,P9_02_FEB_201416_28_08,focus_forms/ARST003.fmx.md,specification_only,none
ARST003.fmx,metadata,/NSPC11/CLEAR_ALL_MASTER_DETAILS,focus_forms/ARST003.fmx.md,specification_only,none
ARST003.fmx,metadata,KEY_LISTVAL_PRC,focus_forms/ARST003.fmx.md,specification_only,none
ARST003.fmx,metadata,LOV_PKG,focus_forms/ARST003.fmx.md,specification_only,none
ARST003.fmx,metadata,"""PKG INIT""KEY_LISTVAL_PRC""P_ITM""V_LOV_NM""V_RTRN_ITM1""V_RTRN_ITM2""V_WHR""V_GO_ITM""""",focus_forms/ARST003.fmx.md,specification_only,none
ARST003.fmx,metadata,CALL_SCR_PRINT,focus_forms/ARST003.fmx.md,specification_only,none
ARST003.fmx,metadata,FORMS4W,focus_forms/ARST003.fmx.md,specification_only,none
ARST003.fmx,metadata,"""PKG INIT""CALL_SCR_PRINT""V_AUDIT_REF""V_STAND_BY""""",focus_forms/ARST003.fmx.md,specification_only,none
ARST003.fmx,metadata,Prnt.rep_smple,focus_forms/ARST003.fmx.md,specification_only,none
ARST003.fmx,metadata,Prnt.screen_btn,focus_forms/ARST003.fmx.md,specification_only,none
ARST003.fmx,metadata,Prnt.view_btn,focus_forms/ARST003.fmx.md,specification_only,none
ARST003.fmx,metadata,Prnt.print_doc_btn,focus_forms/ARST003.fmx.md,specification_only,none
ARST003.fmx,metadata,CHECK_DUPLICATE,focus_forms/ARST003.fmx.md,specification_only,none
ARST003.fmx,metadata,IAS_GEN_PKG,focus_forms/ARST003.fmx.md,specification_only,none
ARST003.fmx,metadata,IAS20142,focus_forms/ARST003.fmx.md,specification_only,none
ARST003.fmx,metadata,/NSPC11/GET_ORDER_NO,focus_forms/ARST003.fmx.md,specification_only,none
ARST003.fmx,metadata,/NSPC11/CHECK_DOC_DEL_PRC,focus_forms/ARST003.fmx.md,specification_only,none
ARST003.fmx,metadata,"""PKG INIT""CHECK_DUPLICATE""CNT""""",focus_forms/ARST003.fmx.md,specification_only,none
ARST003.fmx,metadata,Select 1 from Sales_Order,focus_forms/ARST003.fmx.md,specification_only,none
ARST003.fmx,metadata,where Order_No=,focus_forms/ARST003.fmx.md,specification_only,none
ARST003.fmx,metadata,And Brn_No =,focus_forms/ARST003.fmx.md,specification_only,none
ARST003.fmx,metadata,And RowNum<=1,focus_forms/ARST003.fmx.md,specification_only,none
ARST003.fmx,metadata,IAS_GEN_PKGIAS20142GET_CNTIA,focus_forms/ARST003.fmx.md,specification_only,none
ARST003.fmx,metadata,And So_Type =,focus_forms/ARST003.fmx.md,specification_only,none
ARST003.fmx,metadata,ENA_DIS_ITM_PRC,focus_forms/ARST003.fmx.md,specification_only,none
ARST003.fmx,metadata,"""PKG INIT""ENA_DIS_ITM_PRC""P_TYP""""",focus_forms/ARST003.fmx.md,specification_only,none
ARST003.fmx,metadata,WHEN_TIMER_EXPIRED_PRC,focus_forms/ARST003.fmx.md,specification_only,none
ARST003.fmx,metadata,"""PKG INIT""WHEN_TIMER_EXPIRED_PRC""""",focus_forms/ARST003.fmx.md,specification_only,none
ARST003.fmx,metadata,VA_ITM_MOVE,focus_forms/ARST003.fmx.md,specification_only,none
ARST003.fmx,metadata,VA_SUM,focus_forms/ARST003.fmx.md,specification_only,none
ARST003.fmx,metadata,MS Sans Serif,focus_forms/ARST003.fmx.md,specification_only,none
ARST003.fmx,metadata,VA_EXP_DATE,focus_forms/ARST003.fmx.md,specification_only,none
ARST003.fmx,metadata,VA_BTCH_NO,focus_forms/ARST003.fmx.md,specification_only,none
ARST003.fmx,metadata,VA_WEIGH,focus_forms/ARST003.fmx.md,specification_only,none
ARST003.fmx,metadata,VA_FREE_QTY,focus_forms/ARST003.fmx.md,specification_only,none
ARST003.fmx,metadata,VA_DISC,focus_forms/ARST003.fmx.md,specification_only,none
ARST003.fmx,metadata,VA_VAT,focus_forms/ARST003.fmx.md,specification_only,none
ARST003.fmx,metadata,ADD_PROC,focus_forms/ARST003.fmx.md,specification_only,none
ARST003.fmx,metadata,/NSPC11/IAS_WT_PKG,focus_forms/ARST003.fmx.md,specification_only,none
ARST003.fmx,metadata,YS_GEN_PKG,focus_forms/ARST003.fmx.md,specification_only,none
ARST003.fmx,metadata,/NSPC11/MAKEARDUP,focus_forms/ARST003.fmx.md,specification_only,none
ARST003.fmx,metadata,"""PKG INIT""ADD_PROC""V_DATE""V_A_CY""V_W_CODE""V_CC_CODE""V_PJ_NO""V_ACTV_NO""V_BILL_DOC_TYPE""I""""",focus_forms/ARST003.fmx.md,specification_only,none
ARST003.fmx,metadata,Dflt_Options,focus_forms/ARST003.fmx.md,specification_only,none
ARST003.fmx,metadata,ORDER_DETAIL,focus_forms/ARST003.fmx.md,specification_only,none
ARST003.fmx,metadata,other_charges_othrs.sc_no,focus_forms/ARST003.fmx.md,specification_only,none
ARST003.fmx,metadata,other_charges_othrs.A_Code,focus_forms/ARST003.fmx.md,specification_only,none
ARST003.fmx,metadata,other_charges_othrs.amt,focus_forms/ARST003.fmx.md,specification_only,none
ARST003.fmx,metadata,other_charges_othrs.per,focus_forms/ARST003.fmx.md,specification_only,none
ARST003.fmx,metadata,other_charges_othrs.clear,focus_forms/ARST003.fmx.md,specification_only,none
ARST003.fmx,metadata,IMP_EXCEL.FEXCEL,focus_forms/ARST003.fmx.md,specification_only,none
ARST003.fmx,metadata,Order_Detail.FIELD_DTL,focus_forms/ARST003.fmx.md,specification_only,none
ARST003.fmx,metadata,Order_Detail.FREE_QTY,focus_forms/ARST003.fmx.md,specification_only,none
ARST003.fmx,metadata,SALES_ORDER,focus_forms/ARST003.fmx.md,specification_only,none
ARST003.fmx,metadata,TRANSFER_PRODUCT,focus_forms/ARST003.fmx.md,specification_only,none
ARST003.fmx,metadata,YS_GEN_PKGIAS20142GET_USR_FLD_PRVYS_,focus_forms/ARST003.fmx.md,specification_only,none
ARST003.fmx,metadata,Sales_Order.TRANSFER_PRODUCT,focus_forms/ARST003.fmx.md,specification_only,none
ARST003.fmx,metadata,SHOW_INACTIVE,focus_forms/ARST003.fmx.md,specification_only,none
ARST003.fmx,metadata,Sales_Order.SHOW_INACTIVE,focus_forms/ARST003.fmx.md,specification_only,none
ARST003.fmx,metadata,IAS_GEN_PKGIAS20142GET_SYSDATEIA,focus_forms/ARST003.fmx.md,specification_only,none
ARST003.fmx,metadata,Sales_Order.Order_NO,focus_forms/ARST003.fmx.md,specification_only,none
ARST003.fmx,metadata,Sales_Order.Order_DATE,focus_forms/ARST003.fmx.md,specification_only,none
ARST003.fmx,metadata,Sales_Order.So_Type,focus_forms/ARST003.fmx.md,specification_only,none
ARST003.fmx,metadata,Sales_Order.W_code,focus_forms/ARST003.fmx.md,specification_only,none
ARST003.fmx,metadata,Sales_Order.W_Code,focus_forms/ARST003.fmx.md,specification_only,none
ARST003.fmx,metadata,Sales_Order.Cc_code,focus_forms/ARST003.fmx.md,specification_only,none
ARST003.fmx,metadata,Sales_Order.Cc_Code,focus_forms/ARST003.fmx.md,specification_only,none
ARST003.fmx,metadata,Sales_Order.pj_no,focus_forms/ARST003.fmx.md,specification_only,none
ARST003.fmx,metadata,Sales_Order.Bill_Doc_Type,focus_forms/ARST003.fmx.md,specification_only,none
ARST003.fmx,metadata,Order_Detail.Measur_Price,focus_forms/ARST003.fmx.md,specification_only,none
ARST003.fmx,metadata,Order_Detail.I_price_Vat,focus_forms/ARST003.fmx.md,specification_only,none
ARST003.fmx,metadata,Order_Detail.I_price,focus_forms/ARST003.fmx.md,specification_only,none
ARST003.fmx,metadata,INSRNCE_DATA,focus_forms/ARST003.fmx.md,specification_only,none
ARST003.fmx,metadata,Sales_Order.Brn_No,focus_forms/ARST003.fmx.md,specification_only,none
ARST003.fmx,metadata,ADD_PROC2,focus_forms/ARST003.fmx.md,specification_only,none
ARST003.fmx,metadata,"""PKG INIT""ADD_PROC2""CCODE""ACODE""CCUR""WCODE""OQTY""FQTY""ORDERSER""SHALT""V_INSRNCE_CARD_NO""V_INSRNCE_LOAD_PER""V_INSRNCE_MDCL_NO""I""<cursor ptr>""<SQL statement. Line 109>""C""I_CODE""I_QTY""P_QTY""P_SIZE""FREE_QTY""I_PRICE""I_PRICE_VAT""W_CODE""I_LENGTH""I_WIDTH""I_HEIGHT""I_NUMBER""DIS_PER""DIS_AMT_DTL""DIS_PER2""DIS_AMT_DTL2""DIS_PER3""DIS_AMT_DTL3""INSRNCE_LOAD_PER""INSRNCE_LOAD_AMT""INSRNCE_ADD_LMT""<SQL statement. Line 252>""""",focus_forms/ARST003.fmx.md,specification_only,none
ARST003.fmx,metadata,ADD_F_DOC,focus_forms/ARST003.fmx.md,specification_only,none
ARST003.fmx,metadata,Sales_Order.ORDER_NO,focus_forms/ARST003.fmx.md,specification_only,none
ARST003.fmx,metadata,Sales_Order.ORDER_DATE,focus_forms/ARST003.fmx.md,specification_only,none
ARST003.fmx,metadata,Sales_Order,focus_forms/ARST003.fmx.md,specification_only,none
ARST003.fmx,metadata,Order_Detail,focus_forms/ARST003.fmx.md,specification_only,none
ARST003.fmx,metadata,Order_Detail.I_Qty,focus_forms/ARST003.fmx.md,specification_only,none
ARST003.fmx,metadata,Sales_Order.Bill_Due_Date,focus_forms/ARST003.fmx.md,specification_only,none
ARST003.fmx,metadata,Sales_Order.Cheque_Due_Date,focus_forms/ARST003.fmx.md,specification_only,none
ARST003.fmx,metadata,<$T$,focus_forms/ARST003.fmx.md,specification_only,none
ARST003.fmx,metadata,X$p$,focus_forms/ARST003.fmx.md,specification_only,none
ARST003.fmx,metadata,"SELECT SO_TYPE,ORDER_CUR,C_CODE,C_NAME,A_DESC,CC_CODE,REF_DOC_NO,REF_DOC_DATE,DISC_AMT,DELIVERY_DATE,REP_CODE,PREPARE_DATE,REC_DEALER_DATE,W_CODE,BILL_DOC_TYPE,INSRNCE_CMP_NO,INSRNCE_BNF_NO,INSRNCE_PRSON_NM,INSRNCE_CARD_NO,INSRNCE_CARD_NO_FMLY,INSRNCE_RLTN_TYP,INSRNCE_CLSS_NO,INSRNCE_LOAD_PER,INSRNCE_DIAGNOSIS,INSRNCE_MDCL_NO,INSRNCE_CSH_AMT FROM SALES_ORDER WHERE ORDER_SER = :b1 AND ROWNUM <= 1""SELECT I_CODE,NVL(I_QTY,0) I_QTY,NVL(P_QTY,0) P_QTY,NVL(P_SIZE,0) P_SIZE,NVL(FREE_QTY,0) FREE_QTY,I_PRICE,I_PRICE_VAT,W_CODE,I_LENGTH,I_WIDTH,I_HEIGHT,I_NUMBER,DIS_PER,DIS_AMT_DTL,DIS_PER2,DIS_AMT_DTL2,DIS_PER3,DIS_AMT_DTL3,INSRNCE_LOAD_PER,INSRNCE_LOAD_AMT,INSRNCE_ADD_LMT FROM ORDER_DETAIL WHERE ORDER_SER = :b1 ORDER BY RCRD_NO FOR UPDATE NOWAIT""SELECT DISC_AMT FROM SALES_ORDER WHERE ORDER_SER = :b1""",focus_forms/ARST003.fmx.md,specification_only,none
ARST003.fmx,metadata,CALL_BTN_SCR,focus_forms/ARST003.fmx.md,specification_only,none
ARST003.fmx,metadata,CALL_BAR_BTN_SCR,focus_forms/ARST003.fmx.md,specification_only,none
ARST003.fmx,metadata,IAS_USR_PKG,focus_forms/ARST003.fmx.md,specification_only,none
ARST003.fmx,metadata,IAS_SMS_MAIL_PKG,focus_forms/ARST003.fmx.md,specification_only,none
ARST003.fmx,metadata,"""PKG INIT""CALL_BTN_SCR""P_SCR_TYP""V_APPROVED_PRV""V_VRFY_PRV""V_INACTIVE_PRV""V_APPRV""V_CNT""""",focus_forms/ARST003.fmx.md,specification_only,none
ARST003.fmx,metadata,CALL_OBJ.DUMMY,focus_forms/ARST003.fmx.md,specification_only,none
ARST003.fmx,metadata,FALSE,focus_forms/ARST003.fmx.md,specification_only,none
ARST003.fmx,metadata,IAS_USR_PKGIAS20142CHK_USR_FRM_PRVIA,focus_forms/ARST003.fmx.md,specification_only,none
ARST003.fmx,metadata,Select 1 From Ias_Chk_Doc_Inout_Qty_Mst,focus_forms/ARST003.fmx.md,specification_only,none
ARST003.fmx,metadata,Where Doc_Type_Ref=53,focus_forms/ARST003.fmx.md,specification_only,none
ARST003.fmx,metadata,And Doc_Ser_Ref =,focus_forms/ARST003.fmx.md,specification_only,none
ARST003.fmx,metadata,IAS_SMS_MAIL_PKGIAS20142GET_PRMTRIAS,focus_forms/ARST003.fmx.md,specification_only,none
ARST003.fmx,metadata,IAS_SMS_MAIL_PKGIAS20142INSRT_SO_INSRNC_ALRT,focus_forms/ARST003.fmx.md,specification_only,none
ARST003.fmx,metadata,IAS_SMS_MAIL_PKGIAS20142INSRT_SO_ALRTIAS,focus_forms/ARST003.fmx.md,specification_only,none
ARST003.fmx,metadata,"Err. Insrt Msg sms,email ,",focus_forms/ARST003.fmx.md,specification_only,none
ARST003.fmx,metadata,Parameter.Vrfy_Flag,focus_forms/ARST003.fmx.md,specification_only,none
ARST004.fmx,procedure,ADD_PROC,focus_forms/ARST004.fmx.md,specification_only,FMB/PLL/PKB
ARST004.fmx,procedure,AS_CHK_LGHT_BRN_FNCIAS20142IAS_CHK_LGHT_BRN_FNC,focus_forms/ARST004.fmx.md,specification_only,FMB/PLL/PKB
ARST004.fmx,procedure,ATTACH_ITEM_OTHRS_PKG,focus_forms/ARST004.fmx.md,specification_only,FMB/PLL/PKB
ARST004.fmx,procedure,ATTACH_ITEM_PKG,focus_forms/ARST004.fmx.md,specification_only,FMB/PLL/PKB
ARST004.fmx,procedure,AUDIT_PROC,focus_forms/ARST004.fmx.md,specification_only,FMB/PLL/PKB
ARST004.fmx,procedure,B4SAVE_PRC,focus_forms/ARST004.fmx.md,specification_only,FMB/PLL/PKB
ARST004.fmx,procedure,BILL_CNVRT_OUTGOING_AUTO_PRC,focus_forms/ARST004.fmx.md,specification_only,FMB/PLL/PKB
ARST004.fmx,procedure,BILL_OUT_AUTO_AVLQTY_SAVE_PRC,focus_forms/ARST004.fmx.md,specification_only,FMB/PLL/PKB
ARST004.fmx,procedure,BILL_OUT_AUTO_PRC,focus_forms/ARST004.fmx.md,specification_only,FMB/PLL/PKB
ARST004.fmx,procedure,CHECK_DOC_DEL_PRC,focus_forms/ARST004.fmx.md,specification_only,FMB/PLL/PKB
ARST004.fmx,procedure,CHK_B4SAVE_DTL_PRC,focus_forms/ARST004.fmx.md,specification_only,FMB/PLL/PKB
ARST004.fmx,procedure,CHK_B4SAVE_MST_PRC,focus_forms/ARST004.fmx.md,specification_only,FMB/PLL/PKB
ARST004.fmx,procedure,CREATE_TIMER_PRC,focus_forms/ARST004.fmx.md,specification_only,FMB/PLL/PKB
ARST004.fmx,procedure,DELETE_PROC,focus_forms/ARST004.fmx.md,specification_only,FMB/PLL/PKB
ARST004.fmx,procedure,DEL_DET_REC_PRC,focus_forms/ARST004.fmx.md,specification_only,FMB/PLL/PKB
ARST004.fmx,procedure,DEL_TIMER_PRC,focus_forms/ARST004.fmx.md,specification_only,FMB/PLL/PKB
ARST004.fmx,procedure,DMY_EXEC_TRG,focus_forms/ARST004.fmx.md,specification_only,FMB/PLL/PKB
ARST004.fmx,procedure,ENA_DIS_ITM_PRC,focus_forms/ARST004.fmx.md,specification_only,FMB/PLL/PKB
ARST004.fmx,procedure,EXIT_PROC,focus_forms/ARST004.fmx.md,specification_only,FMB/PLL/PKB
ARST004.fmx,procedure,FETCH_ITMS_SRCH_PKG,focus_forms/ARST004.fmx.md,specification_only,FMB/PLL/PKB
ARST004.fmx,procedure,FILL_ALL_LIST_PRC,focus_forms/ARST004.fmx.md,specification_only,FMB/PLL/PKB
ARST004.fmx,procedure,GEN_PKG,focus_forms/ARST004.fmx.md,specification_only,FMB/PLL/PKB
ARST004.fmx,procedure,GET_BL_CST_VND_FNC,focus_forms/ARST004.fmx.md,specification_only,FMB/PLL/PKB
ARST004.fmx,procedure,GET_BL_CST_VND_FNCIAS20142GET_BL_CST_VND_FNC,focus_forms/ARST004.fmx.md,specification_only,FMB/PLL/PKB
ARST004.fmx,procedure,GET_ITM_SER_PRC,focus_forms/ARST004.fmx.md,specification_only,FMB/PLL/PKB
ARST004.fmx,procedure,GET_TR_QTY_FNC,focus_forms/ARST004.fmx.md,specification_only,FMB/PLL/PKB
ARST004.fmx,procedure,GET_TR_QTY_FNCIAS20142GET_TR_QTY_FNC,focus_forms/ARST004.fmx.md,specification_only,FMB/PLL/PKB
ARST004.fmx,procedure,IAS_ACTV_PKG,focus_forms/ARST004.fmx.md,specification_only,FMB/PLL/PKB
ARST004.fmx,procedure,IAS_ATTACH_ITM_PKG,focus_forms/ARST004.fmx.md,specification_only,FMB/PLL/PKB
ARST004.fmx,procedure,IAS_AUDIT_PKG,focus_forms/ARST004.fmx.md,specification_only,FMB/PLL/PKB
ARST004.fmx,procedure,IAS_AUD_SYS_PKG,focus_forms/ARST004.fmx.md,specification_only,FMB/PLL/PKB
ARST004.fmx,procedure,IAS_BRN_PKG,focus_forms/ARST004.fmx.md,specification_only,FMB/PLL/PKB
ARST004.fmx,procedure,IAS_CC_CODE_PKG,focus_forms/ARST004.fmx.md,specification_only,FMB/PLL/PKB
ARST004.fmx,procedure,IAS_CHECK_SYS_PKG,focus_forms/ARST004.fmx.md,specification_only,FMB/PLL/PKB
ARST004.fmx,procedure,IAS_CHK_LGHT_BRN_FNC,focus_forms/ARST004.fmx.md,specification_only,FMB/PLL/PKB
ARST004.fmx,procedure,IAS_CSHBNK_PKG,focus_forms/ARST004.fmx.md,specification_only,FMB/PLL/PKB
ARST004.fmx,procedure,IAS_CST_PKG,focus_forms/ARST004.fmx.md,specification_only,FMB/PLL/PKB
ARST004.fmx,procedure,IAS_DBS_SYS_PKG,focus_forms/ARST004.fmx.md,specification_only,FMB/PLL/PKB
ARST004.fmx,procedure,IAS_DSTR_CST_DR_PKG,focus_forms/ARST004.fmx.md,specification_only,FMB/PLL/PKB
ARST004.fmx,procedure,IAS_FETCH_DATA_PKG,focus_forms/ARST004.fmx.md,specification_only,FMB/PLL/PKB
ARST004.fmx,procedure,IAS_GEN_PKG,focus_forms/ARST004.fmx.md,specification_only,FMB/PLL/PKB
ARST004.fmx,procedure,IAS_GET_DOC_DEL_FNC,focus_forms/ARST004.fmx.md,specification_only,FMB/PLL/PKB
ARST004.fmx,procedure,IAS_GET_ENC_PASS_FNC,focus_forms/ARST004.fmx.md,specification_only,FMB/PLL/PKB
ARST004.fmx,procedure,IAS_GET_ENC_PASS_FNCIAS20142IAS_GET_ENC_PASS_FNC,focus_forms/ARST004.fmx.md,specification_only,FMB/PLL/PKB
ARST004.fmx,procedure,IAS_GET_ICODE_RESERVE_QTY_PRC,focus_forms/ARST004.fmx.md,specification_only,FMB/PLL/PKB
ARST004.fmx,procedure,IAS_GET_SALESDISC_PRC,focus_forms/ARST004.fmx.md,specification_only,FMB/PLL/PKB
ARST004.fmx,procedure,IAS_GET_SALESFREEQTY_PRC,focus_forms/ARST004.fmx.md,specification_only,FMB/PLL/PKB
ARST004.fmx,procedure,IAS_GET_SALESFREEQTY_PRCIAS20142IAS_GET_SALESFREEQTY_PRC,focus_forms/ARST004.fmx.md,specification_only,FMB/PLL/PKB
ARST004.fmx,procedure,IAS_GL_LMT_PKG,focus_forms/ARST004.fmx.md,specification_only,FMB/PLL/PKB
ARST004.fmx,procedure,IAS_INSRNCE_SCR_PKG,focus_forms/ARST004.fmx.md,specification_only,FMB/PLL/PKB
ARST004.fmx,procedure,IAS_INSRT_OUT_BILLS_PKG,focus_forms/ARST004.fmx.md,specification_only,FMB/PLL/PKB
ARST004.fmx,procedure,IAS_INSTALLMENT_AR_PKG,focus_forms/ARST004.fmx.md,specification_only,FMB/PLL/PKB
ARST004.fmx,procedure,IAS_ITM_INV_PKG,focus_forms/ARST004.fmx.md,specification_only,FMB/PLL/PKB
ARST004.fmx,procedure,IAS_ITM_PKG,focus_forms/ARST004.fmx.md,specification_only,FMB/PLL/PKB
ARST004.fmx,procedure,IAS_LAST_SALE_PRICE_PRC,focus_forms/ARST004.fmx.md,specification_only,FMB/PLL/PKB
ARST004.fmx,procedure,IAS_PJ_PKG,focus_forms/ARST004.fmx.md,specification_only,FMB/PLL/PKB
ARST004.fmx,procedure,IAS_POST_IN_SAV_PKG,focus_forms/ARST004.fmx.md,specification_only,FMB/PLL/PKB
ARST004.fmx,procedure,IAS_PRMTR_PKG,focus_forms/ARST004.fmx.md,specification_only,FMB/PLL/PKB
ARST004.fmx,procedure,IAS_QT_PRM_PKG,focus_forms/ARST004.fmx.md,specification_only,FMB/PLL/PKB
ARST004.fmx,procedure,IAS_QT_PRM_SCR_PKG,focus_forms/ARST004.fmx.md,specification_only,FMB/PLL/PKB
ARST004.fmx,procedure,IAS_SALESMAN_PKG,focus_forms/ARST004.fmx.md,specification_only,FMB/PLL/PKB
ARST004.fmx,procedure,IAS_SMAN_PKG,focus_forms/ARST004.fmx.md,specification_only,FMB/PLL/PKB
ARST004.fmx,procedure,IAS_TRNS_PKG,focus_forms/ARST004.fmx.md,specification_only,FMB/PLL/PKB
ARST004.fmx,procedure,IAS_TRNS_PKGIAS20142UPDATE_BILL_DISC_PRC,focus_forms/ARST004.fmx.md,specification_only,FMB/PLL/PKB
ARST004.fmx,procedure,IAS_USR_PKG,focus_forms/ARST004.fmx.md,specification_only,FMB/PLL/PKB
ARST004.fmx,procedure,IAS_WCODE_PKG,focus_forms/ARST004.fmx.md,specification_only,FMB/PLL/PKB
ARST004.fmx,procedure,IAS_WEIGHT_SYS_PKG,focus_forms/ARST004.fmx.md,specification_only,FMB/PLL/PKB
ARST004.fmx,procedure,IAS_WEIGHT_SYS_PKGIAS20142CALC_AREA_SIZE_PRC,focus_forms/ARST004.fmx.md,specification_only,FMB/PLL/PKB
ARST004.fmx,procedure,IAS_WT_PKG,focus_forms/ARST004.fmx.md,specification_only,FMB/PLL/PKB
ARST004.fmx,procedure,IMP_F_EXCEL_PRC,focus_forms/ARST004.fmx.md,specification_only,FMB/PLL/PKB
ARST004.fmx,procedure,KEY_LISTVAL_PRC,focus_forms/ARST004.fmx.md,specification_only,FMB/PLL/PKB
ARST004.fmx,procedure,LIST_PROC,focus_forms/ARST004.fmx.md,specification_only,FMB/PLL/PKB
ARST004.fmx,procedure,LOV_PKG,focus_forms/ARST004.fmx.md,specification_only,FMB/PLL/PKB
ARST004.fmx,procedure,LOV_TRG,focus_forms/ARST004.fmx.md,specification_only,FMB/PLL/PKB
ARST004.fmx,procedure,LYSERP_LIB,focus_forms/ARST004.fmx.md,specification_only,FMB/PLL/PKB
ARST004.fmx,procedure,POST_FORMS_COMMIT_PRC,focus_forms/ARST004.fmx.md,specification_only,FMB/PLL/PKB
ARST004.fmx,procedure,PRE_FORM_PRC,focus_forms/ARST004.fmx.md,specification_only,FMB/PLL/PKB
ARST004.fmx,procedure,PRINT_PROC,focus_forms/ARST004.fmx.md,specification_only,FMB/PLL/PKB
ARST004.fmx,procedure,SAVE_PROC,focus_forms/ARST004.fmx.md,specification_only,FMB/PLL/PKB
ARST004.fmx,procedure,SET_POS_PRC,focus_forms/ARST004.fmx.md,specification_only,FMB/PLL/PKB
ARST004.fmx,procedure,SHOW_BAT_COL1_IN_SCREEN,focus_forms/ARST004.fmx.md,specification_only,FMB/PLL/PKB
ARST004.fmx,procedure,SHOW_BAT_COL2_IN_SCREEN,focus_forms/ARST004.fmx.md,specification_only,FMB/PLL/PKB
ARST004.fmx,procedure,SHOW_BAT_COL3_IN_SCREEN,focus_forms/ARST004.fmx.md,specification_only,FMB/PLL/PKB
ARST004.fmx,procedure,SHOW_BAT_COL4_IN_SCREEN,focus_forms/ARST004.fmx.md,specification_only,FMB/PLL/PKB
ARST004.fmx,procedure,SHOW_BAT_COL5_IN_SCREEN,focus_forms/ARST004.fmx.md,specification_only,FMB/PLL/PKB
ARST004.fmx,procedure,SRCH_DTL_PKG,focus_forms/ARST004.fmx.md,specification_only,FMB/PLL/PKB
ARST004.fmx,procedure,SYS_SCREEN,focus_forms/ARST004.fmx.md,specification_only,FMB/PLL/PKB
ARST004.fmx,procedure,UPDATE_PROC,focus_forms/ARST004.fmx.md,specification_only,FMB/PLL/PKB
ARST004.fmx,procedure,WHEN_NEW_FORM_INSTANCE_PRC,focus_forms/ARST004.fmx.md,specification_only,FMB/PLL/PKB
ARST004.fmx,procedure,WHEN_TAB_PAGE_CHANGED_PRC,focus_forms/ARST004.fmx.md,specification_only,FMB/PLL/PKB
ARST004.fmx,procedure,WHEN_TIMER_EXPIRED_PRC,focus_forms/ARST004.fmx.md,specification_only,FMB/PLL/PKB
ARST004.fmx,procedure,WIN_API,focus_forms/ARST004.fmx.md,specification_only,FMB/PLL/PKB
ARST004.fmx,procedure,YSERP_LIB,focus_forms/ARST004.fmx.md,specification_only,FMB/PLL/PKB
ARST004.fmx,procedure,YSERP_MNU,focus_forms/ARST004.fmx.md,specification_only,FMB/PLL/PKB
ARST004.fmx,procedure,YS_EMP_PKG,focus_forms/ARST004.fmx.md,specification_only,FMB/PLL/PKB
ARST004.fmx,procedure,YS_GEN_PKG,focus_forms/ARST004.fmx.md,specification_only,FMB/PLL/PKB
ARST004.fmx,procedure,YS_ITM_LOV_PKG,focus_forms/ARST004.fmx.md,specification_only,FMB/PLL/PKB
ARST004.fmx,procedure,YS_LOV_SLCT_PKG,focus_forms/ARST004.fmx.md,specification_only,FMB/PLL/PKB
ARST004.fmx,component,ARSI008.fmx,focus_forms/ARST004.fmx.md,specification_only,FMB/PLL/PKB
ARST004.fmx,component,ARSI021.FMX,focus_forms/ARST004.fmx.md,specification_only,FMB/PLL/PKB
ARST004.fmx,component,ERP_CODE_TRNS.FMX,focus_forms/ARST004.fmx.md,specification_only,FMB/PLL/PKB
ARST004.fmx,component,EXCEL.EXE,focus_forms/ARST004.fmx.md,specification_only,FMB/PLL/PKB
ARST004.fmx,component,Excel.exe,focus_forms/ARST004.fmx.md,specification_only,FMB/PLL/PKB
ARST004.fmx,component,GLST004.fmx,focus_forms/ARST004.fmx.md,specification_only,FMB/PLL/PKB
ARST004.fmx,component,Inv_Itm_Trns.Fmx,focus_forms/ARST004.fmx.md,specification_only,FMB/PLL/PKB
ARST004.fmx,component,TransferToMTN.exe,focus_forms/ARST004.fmx.md,specification_only,FMB/PLL/PKB
ARST004.fmx,component,YSERP_MNU.MMX,focus_forms/ARST004.fmx.md,specification_only,FMB/PLL/PKB
ARST004.fmx,component,YS_ICODE_LOV.FMX,focus_forms/ARST004.fmx.md,specification_only,FMB/PLL/PKB
ARST004.fmx,sql,"SELECT 1 FROM IAS_BILL_MST WHERE BILL_SER = :b1 AND ROWNUM <= 1""",focus_forms/ARST004.fmx.md,observed_sql_indicator,PKB/SQL and schema
ARST004.fmx,sql,"SELECT :b1,BILL_DOC_TYPE,CASH_NO,C_CODE,CR_CARD_NO,CR_CARD_NO_SCND,CR_CARD_NO_THRD,A_CODE,BILL_CURRENCY,BILL_RATE,STOCK_RATE,C_NAME,DISC_AMT,DISC_AMT_MST,DISC_AMT_DTL,OTHR_AMT,BILL",focus_forms/ARST004.fmx.md,observed_sql_indicator,PKB/SQL and schema
ARST004.fmx,sql,"SELECT BILL_POST,AUDIT_REF,EXTERNAL_POST,NVL(PAID_BILL,0),NVL(REC_INV_BILL,0) FROM IAS_BILL_MST WHERE BILL_SER = :b1 AND ROWNUM <= 1""SELECT COUNT(1) FROM SALES_MAN WHERE REPRS_CODE",focus_forms/ARST004.fmx.md,observed_sql_indicator,PKB/SQL and schema
ARST004.fmx,sql,"SELECT NVL(STAND_BY,0),NVL(AUDIT_REF,0) FROM IAS_BILL_MST WHERE BILL_SER = :b1 AND ROWNUM <= 1""",focus_forms/ARST004.fmx.md,observed_sql_indicator,PKB/SQL and schema
ARST004.fmx,sql,"SELECT 1 FROM MASTER_OUT_BILLS WHERE BILL_SER = :b1 AND ROWNUM <= 1""SELECT BILL_POST,AUDIT_REF,EXTERNAL_POST,BILL_PY,NVL(PAID_BILL,0) FROM IAS_BILL_MST WHERE BILL_SER = :b1 AND ROW",focus_forms/ARST004.fmx.md,observed_sql_indicator,PKB/SQL and schema
ARST004.fmx,sql,"SELECT 1 FROM IAS_BILL_DTL WHERE BILL_SER = :b1 AND NVL(SERVICE_ITEM,0) = 0 AND ROWNUM <= 1""SELECT REPRS_CODE FROM SALES_MAN WHERE W_CODE = :b1 AND ROWNUM <= 1""",focus_forms/ARST004.fmx.md,observed_sql_indicator,PKB/SQL and schema
ARST004.fmx,sql,SELECT TO_CHAR(W_CODE)||'- '||DECODE(,focus_forms/ARST004.fmx.md,observed_sql_indicator,PKB/SQL and schema
ARST004.fmx,sql,"SELECT ACCOUNT_TYPE FROM ACCOUNT_TYPES WHERE AFFECTED_BY_TRANS = 1""SELECT CUR_CODE FROM EX_RATE WHERE L_F = 1""SELECT CUR_CODE FROM EX_RATE WHERE STOCK_CUR = 1""SELECT NVL(CUST_D_TYP",focus_forms/ARST004.fmx.md,observed_sql_indicator,PKB/SQL and schema
ARST004.fmx,sql,"SELECT CMP_CODE,USR_CODE,USR_PASS,USR_TAG FROM TELECOM_STP WHERE CMPNY_NO = :b1 AND ROWNUM <= 1""DELETE FROM OTHER_CHARGES WHERE BILL_SER = :b1 AND EXISTS (SELECT SC_NO FROM SALES_C",focus_forms/ARST004.fmx.md,observed_sql_indicator,PKB/SQL and schema
ARST004.fmx,sql,"SELECT SC_NO,SC_NAME,A_CODE,CALC_TYPE,NVL(SC_TYPE,1) SC_TYPE,DECODE(AMT_TYPE,1,DECODE(A_CY,:b1,AMT,AMT * AC_RATE * 1 / :b2 ), NULL ) AMT,DECODE(AMT_TYPE,0,AMT, NULL ) AMT_PER FROM",focus_forms/ARST004.fmx.md,observed_sql_indicator,PKB/SQL and schema
ARST004.fmx,sql,"SELECT 1 FROM MASTER_OUT_BILLS WHERE BILL_SER = :b1 AND ROWNUM <= 1""SELECT BILL_POST,AUDIT_REF,EXTERNAL_POST,NVL(BILL_PY,0),NVL(PAID_BILL,0) FROM IAS_BILL_MST WHERE BILL_SER = :b1""",focus_forms/ARST004.fmx.md,observed_sql_indicator,PKB/SQL and schema
ARST004.fmx,sql,"SELECT SALES_CHARGES_ITEMS.SC_NO,SC_NAME,A_CODE,NVL(SALES_CHARGES.SC_TYPE,1) SC_TYPE,DECODE(AMT_TYPE,1,DECODE(A_CY,:b1,SALES_CHARGES_ITEMS.AMT,SALES_CHARGES_ITEMS.AMT * AC_RATE * 1",focus_forms/ARST004.fmx.md,observed_sql_indicator,PKB/SQL and schema
ARST004.fmx,sql,"SELECT 1 FROM SALES_CHARGES WHERE NVL(INV_ITEM,0) = 1 AND ROWNUM <= 1""DELETE FROM OTHER_CHARGES_ITEMS WHERE BILL_TYPE = 1 AND BILL_NO = :b1 AND BILL_SER = :b2""SELECT IAS_BILL_DTL.I",focus_forms/ARST004.fmx.md,observed_sql_indicator,PKB/SQL and schema
ARST004.fmx,sql,"SELECT NVL(CR_LIMIT,0) FROM CUSTOMER_CURR WHERE C_CODE = :b1 AND A_CY = :b2""SELECT 1 FROM PRIV_ACC WHERE U_ID = :b1 AND A_CODE = :b2 AND NVL(VIEW_FLAG,0) = 1 AND ROWNUM <= 1""SELECT",focus_forms/ARST004.fmx.md,observed_sql_indicator,PKB/SQL and schema
ARST004.fmx,sql,"UPDATE IAS_BILL_MST SET BILL_AMT=(SELECT ROUND(NVL(SUM(I_QTY * I_PRICE ),0),:b1) FROM IAS_BILL_DTL WHERE BILL_SER = :b2 ),INSRNCE_CSH_AMT=(SELECT ROUND(NVL(SUM(I_QTY * (NVL(INSRNCE",focus_forms/ARST004.fmx.md,observed_sql_indicator,PKB/SQL and schema
ARST004.fmx,sql,"SELECT NVL(BILL_AMT,0) - NVL(DISC_AMT,0) + NVL(OTHR_AMT,0) + NVL(VAT_AMT,0) FROM IAS_BILL_MST WHERE BILL_SER = :b1 AND C_CODE = :b2 AND BILL_SER IN (SELECT DOC_SER FROM IAS_POST_MS",focus_forms/ARST004.fmx.md,observed_sql_indicator,PKB/SQL and schema
ARST004.fmx,sql,"SELECT NVL(AR_ALLOW_SALES_PRV_DR,0),NVL(AR_CHK_PRD_AFTR_DUE,0) FROM PRIVILEGE_FIXED WHERE U_ID = :b1""SELECT CREDIT_PERIOD,DECODE(NVL(:b1,0),1,ALLOW_PRD_AFTR_DUE,0),F_ACTV_DATE,T_AC",focus_forms/ARST004.fmx.md,observed_sql_indicator,PKB/SQL and schema
ARST004.fmx,sql,"SELECT NVL(INV_DIS_LMT,0),NVL(INV_DIS_LMT_ITM,INV_DIS_LMT) FROM PRIVILEGE_FIXED WHERE U_ID = :b1""",focus_forms/ARST004.fmx.md,observed_sql_indicator,PKB/SQL and schema
ARST004.fmx,sql,"SELECT I_CODE,ITM_UNT,TO_CHAR(W_CODE,''000000'') W_CODE,TO_CHAR(EXPIRE_DATE,''DD/MM/YYYY'') EXPIRE_DATE,NVL(BATCH_NO,''0'') BATCH_NO,I_QTY,USE_SERIALNO,I_HEIGHT,I_WIDTH,I_LENGTH FR",focus_forms/ARST004.fmx.md,observed_sql_indicator,PKB/SQL and schema
ARST004.fmx,sql,"SELECT DISTINCT IAS_BILL_DTL.I_CODE,IAS_BILL_DTL.ITM_UNT,SUM(NVL(IAS_BILL_DTL.I_QTY,0)) IQTY,SUM(NVL(IAS_BILL_DTL.FREE_QTY,0)) FQTY,IAS_BILL_DTL.W_CODE,IAS_ITM_MST.G_CODE,WAREHOUSE",focus_forms/ARST004.fmx.md,observed_sql_indicator,PKB/SQL and schema
ARST004.fmx,sql,"SELECT C_CODE,ORDER_CUR FROM SALES_ORDER WHERE ORDER_NO = :b1 AND ORDER_SER = :b2""",focus_forms/ARST004.fmx.md,observed_sql_indicator,PKB/SQL and schema
ARST004.fmx,sql,"SELECT A_CODE FROM CASH_IN_HAND WHERE CASH_NO = :b1""SELECT A_CODE FROM CASH_AT_BANK WHERE BANK_NO = :b1""SELECT C_A_CODE FROM CUSTOMER WHERE C_CODE = :b1""SELECT BANK_AC FROM CREDIT_",focus_forms/ARST004.fmx.md,observed_sql_indicator,PKB/SQL and schema
ARST004.fmx,sql,"DELETE FROM INSTALLMENT WHERE BILL_SER = :b1 AND NVL(I_PY,0) = 0""INSERT INTO INSTALLMENT ( DOC_TYPE,BILL_DOC_TYPE,BILL_NO,BILL_SER,I_NO,I_DATE,DOC_DATE,I_AMT,CHEQUE_NO,CHEQUE_DUE_D",focus_forms/ARST004.fmx.md,observed_sql_indicator,PKB/SQL and schema
ARST004.fmx,sql,"SELECT NVL(PLIMIT_TYPE,2),PLIMIT_PER,NVL(L_PRICE,2),NVL(H_PRICE,2) FROM PRIVILEGE_FIXED WHERE U_ID = :b1""",focus_forms/ARST004.fmx.md,observed_sql_indicator,PKB/SQL and schema
ARST004.fmx,sql,"SELECT I_CODE,ITM_UNT,W_CODE,I_QTY,DECODE(NVL(:b1,0),1,(DECODE(:b2,1,NVL(I_PRICE_VAT,0),NVL(I_PRICE,0)) - NVL(DIS_AMT,0) ),DECODE(:b2,1,NVL(I_PRICE_VAT,0),NVL(I_PRICE,0))) I_PRICE,",focus_forms/ARST004.fmx.md,observed_sql_indicator,PKB/SQL and schema
ARST004.fmx,sql,"SELECT DISC_PER FROM CUSTOMER WHERE C_CODE = :b1 AND ROWNUM <= 1""SELECT NVL(INV_DIS_LMT,0),NVL(INV_DIS_LMT_ITM,INV_DIS_LMT) FROM PRIVILEGE_FIXED WHERE U_ID = :b1""",focus_forms/ARST004.fmx.md,observed_sql_indicator,PKB/SQL and schema
ARST004.fmx,sql,"SELECT CHK_AVL_QTY FROM WAREHOUSE_DETAILS WHERE W_CODE = :b1 AND ROWNUM <= 1""SELECT NVL(PAY_AVL_QTY,1) FROM PRIVILEGE_FIXED WHERE U_ID = :b1""SELECT SUM(((NVL(I_QTY,0) - NVL(OUT_QTY",focus_forms/ARST004.fmx.md,observed_sql_indicator,PKB/SQL and schema
ARST004.fmx,sql,"SELECT I_CODE,W_CODE,P_SIZE,(NVL(SUM(P_QTY),0) + NVL(SUM(FREE_QTY * P_SIZE ),0) ) QTY FROM IAS_BILL_DTL WHERE BILL_NO = :b1 AND BILL_SER = :b2 AND NVL(SERVICE_ITEM,0) = 0 GROUP BY",focus_forms/ARST004.fmx.md,observed_sql_indicator,PKB/SQL and schema
ARST004.fmx,sql,"SELECT I_CODE FROM (SELECT I_CODE,W_CODE,NVL(EXPIRE_DATE,''01/01/1900''),NVL(BATCH_NO,''0''),RCRD_NO,NVL(I_QTY,0) + NVL(FREE_QTY,0) FROM IAS_BILL_DTL WHERE BILL_SER = :b1 AND NVL(I",focus_forms/ARST004.fmx.md,observed_sql_indicator,PKB/SQL and schema
ARST004.fmx,sql,"SELECT NVL(SUM(P_QTY),0),NVL(SUM(NVL(FREE_QTY,0) * P_SIZE ),0) / :b1 FROM IAS_BILL_DTL WHERE DOC_TYPE_REF = 53 AND DOC_NO_REF = :b2 AND DOC_SER_REF = :b3 AND I_CODE = :b4""SELECT NV",focus_forms/ARST004.fmx.md,observed_sql_indicator,PKB/SQL and schema
ARST004.fmx,sql,"SELECT NVL(SUM(P_QTY),0) / NVL(:b1,1) FROM IAS_BILL_DTL WHERE DOC_TYPE_REF = 53 AND DOC_NO_REF = :b2 AND DOC_SER_REF = :b3 AND I_CODE = :b4""SELECT NVL(SUM(P_QTY),0) / NVL(:b1,1) FR",focus_forms/ARST004.fmx.md,observed_sql_indicator,PKB/SQL and schema
ARST004.fmx,sql,SELECT 1,focus_forms/ARST004.fmx.md,observed_sql_indicator,PKB/SQL and schema
ARST004.fmx,sql,"SELECT NULL ""FLD1"", NULL ""FLD2"", NULL ""FLD3"", NULL ""FLD4"", NULL ""FLD5"", NULL ""FLD6"", NULL ""FLD7"", NULL ""FLD8"", NULL ""FLD9"", NULL ""FLD10"", NULL ""FLD11"" , NULL ""FLD12"", NULL ""FLD13""",focus_forms/ARST004.fmx.md,observed_sql_indicator,PKB/SQL and schema
ARST004.fmx,sql,"SELECT COLUMN_NAME FROM USER_TAB_COLUMNS WHERE TABLE_NAME = ''IAS_POST_DTL'' AND COLUMN_NAME NOT IN ( ''DOC_NO_REF'',''DOC_JV_TYPE_REF'',''DOC_TYPE_REF'',''DOC_SER_REF'' )ORDER BY",focus_forms/ARST004.fmx.md,observed_sql_indicator,PKB/SQL and schema
ARST004.fmx,sql,"DELETE FROM ITEM_MOVEMENT WHERE DOC_TYPE = 1 AND DOC_SER = :b1 AND I_CODE = :b2 AND DOC_SEQUENCE = :b3""DELETE FROM SALE_COST WHERE BILL_TYPE = 1 AND DOC_SER = :b1 AND I_CODE = :b2",focus_forms/ARST004.fmx.md,observed_sql_indicator,PKB/SQL and schema
ARST004.fmx,sql,"SELECT I_CODE FROM IAS_BILL_DTL WHERE BILL_SER = :b1 ORDER BY RCRD_NO""",focus_forms/ARST004.fmx.md,observed_sql_indicator,PKB/SQL and schema
ARST004.fmx,sql,"SELECT ACTIVITY_NO FROM IAS_ITEMS_ACTIVITY_PRIV WHERE IAS_ITEMS_ACTIVITY_PRIV.ACTIVITY_NO = :b1 AND U_ID = 1 AND ADD_FLAG = 1 AND ROWNUM <= 1""",focus_forms/ARST004.fmx.md,observed_sql_indicator,PKB/SQL and schema
ARST004.fmx,sql,"SELECT PRM_CODE,",focus_forms/ARST004.fmx.md,observed_sql_indicator,PKB/SQL and schema
ARST004.fmx,sql,"SELECT NVL(MAX(TO_NUMBER(BILL_NO)),0) + 1 FROM IAS_BILL_MST WHERE BRN_NO = :b1""SELECT NVL(MAX(TO_NUMBER(BILL_NO)),0) + 1 FROM IAS_BILL_MST WHERE BILL_DOC_TYPE = :b1 AND BRN_NO = :b",focus_forms/ARST004.fmx.md,observed_sql_indicator,PKB/SQL and schema
ARST004.fmx,sql,"SELECT DECODE(:b1,1,NVL(C_A_NAME,C_E_NAME),NVL(C_E_NAME,C_A_NAME)) FROM CUSTOMER WHERE C_CODE = :b2""",focus_forms/ARST004.fmx.md,observed_sql_indicator,PKB/SQL and schema
ARST004.fmx,sql,"SELECT CASH_NAME FROM CASH_IN_HAND WHERE CASH_NO = :b1""SELECT DECODE(:b1,1,NVL(A_NAME,A_NAME_ENG),NVL(A_NAME_ENG,A_NAME)) FROM ACCOUNT WHERE A_CODE = :b2""SELECT BANK_NAME FROM CASH",focus_forms/ARST004.fmx.md,observed_sql_indicator,PKB/SQL and schema
ARST004.fmx,sql,"SELECT MAX(RCRD_NO) FROM IAS_BILL_DTL WHERE BILL_SER = :b1""",focus_forms/ARST004.fmx.md,observed_sql_indicator,PKB/SQL and schema
ARST004.fmx,sql,"SELECT CASH_NAME FROM CASH_IN_HAND WHERE CASH_NO = :b1""SELECT DECODE(:b1,1,NVL(A_NAME,A_NAME_ENG),NVL(A_NAME_ENG,A_NAME)) FROM ACCOUNT WHERE A_CODE = :b2""SELECT BANK_NAME FROM CASH",focus_forms/ARST004.fmx.md,observed_sql_indicator,PKB/SQL and schema
ARST004.fmx,sql,"SELECT DECODE(:b1,1,NVL(DESC_A_NAME,DESC_E_NAME),NVL(DESC_E_NAME,DESC_A_NAME)) FROM IAS_ITEM_SERIAL_DESC WHERE DESC_NO = :b2 AND ROWNUM <= 1""",focus_forms/ARST004.fmx.md,observed_sql_indicator,PKB/SQL and schema
ARST004.fmx,sql,"SELECT NVL(NO_OF_DECIMAL,2),NVL(USE_DEL_GL,0),NVL(USE_MOD_GL,0),NVL(CONN_AC_CC,0),NVL(FOR_CURRENCY,0),NVL(HANDLY_LOCAL_AMT,0),NVL(J_STAND_BY,0),POST_CHEQUE_TYPE,DATE_SETTING_GL FRO",focus_forms/ARST004.fmx.md,observed_sql_indicator,PKB/SQL and schema
ARST004.fmx,sql,"SELECT B.C_CODE,B.A_CY,B.BILL_NO,B.DOC_TYPE,B.BILL_DOC_TYPE,B.BILL_SER,B.I_NO,DECODE(A.CREDIT_PERIOD, NULL ,B.I_DATE,NVL(B.DOC_DATE,B.I_DATE) + CREDIT_PERIOD ) I_DATE,B.I_AMT,(NVL(",focus_forms/ARST004.fmx.md,observed_sql_indicator,PKB/SQL and schema
ARST004.fmx,sql,"SELECT LEV_NO FROM IAS_ITEM_PRICE WHERE I_CODE = :b1 AND ROUND(IAS_GEN_PKG.GET_ITM_PRICE_DOCACY(:b2,:b3,:b4,:b5,:b6,:b7,:b8,LEV_NO,NVL(:b9,:b10),NVL(:b11,0),:b12,:b13),:b14) = :b15",focus_forms/ARST004.fmx.md,observed_sql_indicator,PKB/SQL and schema
ARST004.fmx,sql,"SELECT B.C_CODE,B.A_CY,B.BILL_NO,B.DOC_TYPE,B.BILL_DOC_TYPE,B.BILL_SER,B.I_NO,B.I_DATE,B.I_AMT,(NVL(B.I_AMT,0) * NVL(B.AC_RATE,1) ) I_AMT_LOC,B.AC_RATE,B.BRN_NO,B.BRN_YEAR,B.CMP_NO",focus_forms/ARST004.fmx.md,observed_sql_indicator,PKB/SQL and schema
ARST004.fmx,sql,"SELECT LEV_NO FROM CUSTOMER_CURR WHERE C_CODE = :b1 AND A_CY = :b2""",focus_forms/ARST004.fmx.md,observed_sql_indicator,PKB/SQL and schema
ARST004.fmx,sql,"SELECT 1 FROM MEASUREMENT WHERE MEASURE_CODE = :b1 AND ROWNUM <= 1""SELECT 1 FROM IAS_ITM_MST WHERE I_CODE = LTRIM(RTRIM(UPPER(:b1))) AND ROWNUM <= 1""SELECT USE_SERIALNO,USE_BATCH_N",focus_forms/ARST004.fmx.md,observed_sql_indicator,PKB/SQL and schema
ARST004.fmx,sql,"SELECT cash_in_hand.cash_no,",focus_forms/ARST004.fmx.md,observed_sql_indicator,PKB/SQL and schema
ARST004.fmx,sql,"SELECT PATH_EXCEL FROM IAS_PARA_GEN WHERE ROWNUM = 1""SELECT 1 FROM IAS_ITEM_SERIAL_DESC WHERE DESC_NO = :b1 AND ROWNUM <= 1""",focus_forms/ARST004.fmx.md,observed_sql_indicator,PKB/SQL and schema
ARST004.fmx,sql,"DELETE FROM ITEM_MOVEMENT WHERE DOC_TYPE = 1 AND DOC_SER = :b1 AND I_CODE = :b2 AND RCRD_NO = :b3""",focus_forms/ARST004.fmx.md,observed_sql_indicator,PKB/SQL and schema
ARST004.fmx,sql,"SELECT G_SER FROM GR_NOTE WHERE GR_NO = :b1 AND ((:b2 = 1 ) OR EXISTS (SELECT 1 FROM S_BRN_USR_PRIV WHERE U_ID = :b2 AND S_BRN_USR_PRIV.BRN_NO = GR_NOTE.BRN_NO AND NVL(FILL_FLAG,1)",focus_forms/ARST004.fmx.md,observed_sql_indicator,PKB/SQL and schema
ARST004.fmx,sql,"SELECT cr_card_no,",focus_forms/ARST004.fmx.md,observed_sql_indicator,PKB/SQL and schema
ARST004.fmx,sql,"SELECT Decode(Nvl(Net_Paper,0),0,paper_no,trns_no)",focus_forms/ARST004.fmx.md,observed_sql_indicator,PKB/SQL and schema
ARST004.fmx,sql,SELECT Count(1),focus_forms/ARST004.fmx.md,observed_sql_indicator,PKB/SQL and schema
ARST004.fmx,sql,SELECT 1 FROM Customer,focus_forms/ARST004.fmx.md,observed_sql_indicator,PKB/SQL and schema
ARST004.fmx,sql,"SELECT COUNT(1) FROM WAREHOUSE_DETAILS""SELECT W_CODE FROM WAREHOUSE_DETAILS""SELECT CC_CODE FROM CUSTOMER WHERE C_CODE = :b1""SELECT FREE_PAPER,NET_PAPER FROM GATE_YS.GT_PAPER_MS WHE",focus_forms/ARST004.fmx.md,observed_sql_indicator,PKB/SQL and schema
ARST004.fmx,sql,SELECT BILL_SER FROM IAS_PI_BILL_MST WHERE BILL_NO = :b1 AND ((:b2 = 1 ) OR EXISTS (SELECT 1 FROM S_BRN_USR_PRIV WHERE U_ID = :b2 AND S_BRN_USR_PRIV.BRN_NO = IAS_PI_BILL_MST.BRN_NO,focus_forms/ARST004.fmx.md,observed_sql_indicator,PKB/SQL and schema
ARST004.fmx,sql,SELECT QUOT_SER FROM QUOTATION WHERE QUOT_NO = :b1 AND ((:b2 = 1 ) OR EXISTS (SELECT 1 FROM S_BRN_USR_PRIV WHERE U_ID = :b2 AND S_BRN_USR_PRIV.BRN_NO = QUOTATION.BRN_NO AND NVL(FIL,focus_forms/ARST004.fmx.md,observed_sql_indicator,PKB/SQL and schema
ARST004.fmx,sql,SELECT ORDER_SER FROM SALES_ORDER WHERE ORDER_NO = :b1 AND ((:b2 = 1 ) OR EXISTS (SELECT 1 FROM S_BRN_USR_PRIV WHERE U_ID = :b2 AND S_BRN_USR_PRIV.BRN_NO = SALES_ORDER.BRN_NO AND N,focus_forms/ARST004.fmx.md,observed_sql_indicator,PKB/SQL and schema
ARST004.fmx,sql,SELECT TR_SER FROM IAS_WHTRNS_MST WHERE TR_NO = :b1 AND TR_INOUT_TYPE = 2 AND ((:b2 = 1 ) OR EXISTS (SELECT 1 FROM S_BRN_USR_PRIV WHERE U_ID = :b2 AND S_BRN_USR_PRIV.BRN_NO = IAS_W,focus_forms/ARST004.fmx.md,observed_sql_indicator,PKB/SQL and schema
ARST004.fmx,sql,SELECT TR_SER FROM IAS_WHTRNS_MST WHERE TR_NO = :b1 AND TR_INOUT_TYPE = 1 AND ((:b2 = 1 ) OR EXISTS (SELECT 1 FROM S_BRN_USR_PRIV WHERE U_ID = :b2 AND S_BRN_USR_PRIV.BRN_NO = IAS_W,focus_forms/ARST004.fmx.md,observed_sql_indicator,PKB/SQL and schema
ARST004.fmx,sql,SELECT WO_SER FROM IAS_WORK_ORDER_MST WHERE WO_NO = :b1 AND ((:b2 = 1 ) OR EXISTS (SELECT 1 FROM S_BRN_USR_PRIV WHERE U_ID = :b2 AND S_BRN_USR_PRIV.BRN_NO = IAS_WORK_ORDER_MST.BRN_,focus_forms/ARST004.fmx.md,observed_sql_indicator,PKB/SQL and schema
ARST004.fmx,sql,"SELECT NVL(SHOW_ITEM_DESC,0),NVL(ITM_DISC_TYPE,1),NVL(DISC_COUNT,1) FROM IAS_PARA_AR""",focus_forms/ARST004.fmx.md,observed_sql_indicator,PKB/SQL and schema
ARST004.fmx,sql,UPDATE ITEM_MOVEMENT A SET DIS_AMT=(SELECT DIS_AMT FROM IAS_BILL_DTL WHERE DOC_SEQUENCE = A.DOC_SEQUENCE AND I_CODE = A.I_CODE AND W_CODE = A.W_CODE AND RCRD_NO = A.RCRD_NO AND BIL,focus_forms/ARST004.fmx.md,observed_sql_indicator,PKB/SQL and schema
ARST004.fmx,sql,"UPDATE IAS_RESERVE_DTL A SET CP_QTY=(SELECT NVL(A.P_QTY,0) - NVL(SUM(NVL(P_QTY,0) + (NVL(FREE_QTY,0) * NVL(P_SIZE,1) ) ),0) FROM IAS_BILL_DTL WHERE DOC_TYPE_REF = 53 AND DOC_NO_REF",focus_forms/ARST004.fmx.md,observed_sql_indicator,PKB/SQL and schema
ARST004.fmx,sql,"SELECT PI_TYPE,GR_NO,I_CODE,W_CODE,REC_NO,I_QTY,P_QTY,CC_CODE FROM SALE_COST WHERE BILL_TYPE = 1 AND DOC_SER = :b1 FOR UPDATE NOWAIT""UPDATE GR_DETAIL SET CP_QTY=NVL(CP_QTY,0) + NVL",focus_forms/ARST004.fmx.md,observed_sql_indicator,PKB/SQL and schema
ARST004.fmx,sql,"UPDATE IAS_BILL_DTL SET OTHR_AMT=0 WHERE BILL_SER = :b1""UPDATE IAS_BILL_DTL A SET OTHR_AMT=(SELECT SUM(DECODE(NVL(UNIT_AMT,0),0,(NVL(OTHER_CHARGES_ITEMS.AMT,0) / DECODE(NVL(A.I_QTY",focus_forms/ARST004.fmx.md,observed_sql_indicator,PKB/SQL and schema
ARST004.fmx,sql,"UPDATE IAS_BILL_DTL SET VAT_AMT=ROUND(((NVL(VAT_PER,0) * NVL(I_PRICE,0) ) / 100 ),:b1) WHERE BILL_SER = :b2 AND NVL(I_QTY,0) > 0""UPDATE IAS_BILL_DTL SET I_PRICE=NVL(I_PRICE_VAT,0)",focus_forms/ARST004.fmx.md,observed_sql_indicator,PKB/SQL and schema
ARST004.fmx,sql,"SELECT PATH_EXCEL FROM IAS_PARA_GEN""",focus_forms/ARST004.fmx.md,observed_sql_indicator,PKB/SQL and schema
ARST004.fmx,sql,"SELECT I_IMG FROM IAS_ITM_MST WHERE I_CODE = :b1 AND ROWNUM <= 1""",focus_forms/ARST004.fmx.md,observed_sql_indicator,PKB/SQL and schema
ARST004.fmx,sql,"SELECT I_CODE FROM (SELECT I_CODE,W_CODE,EXPIRE_DATE,BATCH_NO,REC_ATTCH,SUM(NVL(I_QTY,0)) QTY,SUM(NVL(FREE_QTY,0)) FQTY FROM IAS_BILL_DTL WHERE BILL_SER = :b1 AND NVL(IAS_BILL_DTL.",focus_forms/ARST004.fmx.md,observed_sql_indicator,PKB/SQL and schema
ARST004.fmx,sql,"SELECT IAS_RCRD_ATTCH.NEXTVAL FROM DUAL""SELECT FLEX_NO,FLEX_FIELD,ATTCH_DESC_NO1,ATTCH_DESC_NO2,ATTCH_DESC_NO3,ATTCH_DESC_NO4,ATTCH_DESC_NO5 FROM IAS_ITM_ATTACH WHERE FLEX_NO = :b1",focus_forms/ARST004.fmx.md,observed_sql_indicator,PKB/SQL and schema
ARST004.fmx,sql,SELECT DOC_SER FROM MNT_VCHRS_MST WHERE DOC_NO = :b1 AND ((:b2 = 1 ) OR EXISTS (SELECT 1 FROM S_BRN_USR_PRIV WHERE U_ID = :b2 AND S_BRN_USR_PRIV.BRN_NO = MNT_VCHRS_MST.BRN_NO AND N,focus_forms/ARST004.fmx.md,observed_sql_indicator,PKB/SQL and schema
ARST004.fmx,sql,"SELECT NVL(BATCH_DESC_A_NAME,BATCH_DESC_E_NAME) FROM IAS_BATCH_NO_CONTENTS WHERE COL_NO = 1 AND BATCH_DESC_NO = LPAD(SUBSTR(:b1,:b2,:b3),:b3,''0'')""SELECT NVL(BATCH_DESC_A_NAME,BAT",focus_forms/ARST004.fmx.md,observed_sql_indicator,PKB/SQL and schema
ARST004.fmx,sql,"SELECT cash_at_bank.Bank_no,",focus_forms/ARST004.fmx.md,observed_sql_indicator,PKB/SQL and schema
ARST004.fmx,sql,"SELECT 1 FROM IAS_CST_SMAN WHERE C_CODE = :b1 AND REP_CODE = :b2 AND ROWNUM <= 1""SELECT 1 FROM CUSTOMER WHERE C_CODE = :b1 AND REP_CODE = :b2 AND ROWNUM <= 1""SELECT REPRS_CODE FROM",focus_forms/ARST004.fmx.md,observed_sql_indicator,PKB/SQL and schema
ARST004.fmx,sql,SELECT 1 FROM IAS_INCOUT_DTL A WHERE DOC_TYPE = 2 AND DOC_TYPE_REF = 81 AND EXISTS (SELECT 1 FROM IAS_INCOUT_DTL WHERE DOC_TYPE = 1 AND DOC_SER = A.DOC_SER_REF AND DOC_SER_REF = :b,focus_forms/ARST004.fmx.md,observed_sql_indicator,PKB/SQL and schema
ARST004.fmx,sql,"SELECT Regions.R_code,",focus_forms/ARST004.fmx.md,observed_sql_indicator,PKB/SQL and schema
ARST004.fmx,sql,"SELECT I_CODE,FREE_QTY FROM IAS_QUT_PRM_SUB_DTL WHERE QUOT_SER = :b1 AND RCRD_NO = :b2""SELECT QT_I_CODE,QT_ITM_UNT,FREE_QTY FROM IAS_QUT_PRM_DTL WHERE QUOT_SER = :b1 AND RCRD_NO =",focus_forms/ARST004.fmx.md,observed_sql_indicator,PKB/SQL and schema
ARST004.fmx,sql,"DELETE FROM IAS_INCOUT_MST A WHERE DOC_TYPE = 1 AND EXISTS (SELECT 1 FROM IAS_INCOUT_DTL WHERE DOC_SER = A.DOC_SER AND DOC_TYPE_REF = 4 AND DOC_SER_REF = :b1 AND ROWNUM <= 1 )""SELE",focus_forms/ARST004.fmx.md,observed_sql_indicator,PKB/SQL and schema
ARST004.fmx,sql,"SELECT w_code,",focus_forms/ARST004.fmx.md,observed_sql_indicator,PKB/SQL and schema
ARST004.fmx,sql,"SELECT B.C_CODE,B.A_CY,B.BILL_NO,B.DOC_DATE,B.DOC_TYPE,B.BILL_DOC_TYPE,B.BILL_SER,B.I_NO,DECODE(A.CREDIT_PERIOD, NULL ,B.I_DATE,NVL(B.DOC_DATE,B.I_DATE) + CREDIT_PERIOD ) I_DATE,B.",focus_forms/ARST004.fmx.md,observed_sql_indicator,PKB/SQL and schema
ARST004.fmx,sql,"UPDATE IAS_BILL_DTL SET DIS_AMT_MST=0,DIS_AMT=DIS_AMT_DTL WHERE BILL_SER = :b1""",focus_forms/ARST004.fmx.md,observed_sql_indicator,PKB/SQL and schema
ARST004.fmx,sql,"SELECT 1 FROM IAS_INSRNCE_CLSS_MDCL_NET WHERE INS_CMP_NO = :b1 AND CLSS_NO = :b2 AND MDCL_NO = :b3 AND ROWNUM <= 1""SELECT 1 FROM IAS_BNFCRS WHERE BNF_NO = :b1 AND NVL(INACTIVE,0) =",focus_forms/ARST004.fmx.md,observed_sql_indicator,PKB/SQL and schema
ARST004.fmx,sql,"SELECT 1 FROM MASTER_OUT_BILLS WHERE BILL_SER = :b1 AND ROWNUM <= 1""SELECT 1 FROM IAS_WHTRNS_DTL WHERE TR_INOUT_TYPE = 1 AND DOC_TYPE_REF = 4 AND DOC_SER_REF = :b1 AND ROWNUM <= 1""",focus_forms/ARST004.fmx.md,observed_sql_indicator,PKB/SQL and schema
ARST004.fmx,sql,"SELECT Driver_No,",focus_forms/ARST004.fmx.md,observed_sql_indicator,PKB/SQL and schema
ARST004.fmx,sql,"SELECT 1 FROM MASTER_OUT_BILLS WHERE BILL_SER = :b1 AND ROWNUM <= 1""SELECT 1 FROM IAS_BILL_DTL WHERE BILL_SER = :b1 AND NVL(SERVICE_ITEM,0) = 0 AND ROWNUM <= 1""SELECT 1 FROM IAS_PO",focus_forms/ARST004.fmx.md,observed_sql_indicator,PKB/SQL and schema
ARST004.fmx,sql,"SELECT COUNT(1) FROM IAS_CASH_IN_HAND_DTL A,PRIV_CASH B WHERE B.U_ID = :b1 AND A.CASH_NO = B.CASH_NO AND A.A_CY = B.A_CY AND B.CASH_TYPE = 1 AND NVL(B.ADD_FLAG,0) = 1""SELECT A.CASH",focus_forms/ARST004.fmx.md,observed_sql_indicator,PKB/SQL and schema
ARST004.fmx,sql,"SELECT NVL(SUM(I_QTY),0) FROM IAS_BILL_DTL WHERE DOC_TYPE_REF = 110 AND DOC_NO_REF = :b1 AND DOC_SER_REF = :b2 AND I_CODE = :b3""SELECT NVL(SUM(I_QTY),0) FROM (SELECT NVL(SUM(I_QTY)",focus_forms/ARST004.fmx.md,observed_sql_indicator,PKB/SQL and schema
ARST004.fmx,sql,"UPDATE IAS_BILL_DTL SET COMM_AMT_DTL=(NVL(COMM_PER,0) * (I_PRICE - NVL(DIS_AMT_MST,0) - NVL(DIS_AMT_DTL,0) ) ) / 100 WHERE BILL_SER = :b1""UPDATE IAS_BILL_MST SET COMM_AMT_DTL=(SELE",focus_forms/ARST004.fmx.md,observed_sql_indicator,PKB/SQL and schema
ARST004.fmx,sql,SELECT WO_SER FROM MNT_WORK_MST WHERE WO_NO = :b1 AND WO_ST = 3 AND ((:b2 = 1 ) OR EXISTS (SELECT 1 FROM S_BRN_USR_PRIV WHERE U_ID = :b2 AND S_BRN_USR_PRIV.BRN_NO = MNT_WORK_MST.BR,focus_forms/ARST004.fmx.md,observed_sql_indicator,PKB/SQL and schema
ARST004.fmx,sql,SELECT WO_NO FROM MNT_WORK_MST WHERE WO_NO = :b1 AND WO_ST = 3 AND ((:b2 = 1 ) OR EXISTS (SELECT 1 FROM S_BRN_USR_PRIV WHERE U_ID = :b2 AND S_BRN_USR_PRIV.BRN_NO = MNT_WORK_MST.BRN,focus_forms/ARST004.fmx.md,observed_sql_indicator,PKB/SQL and schema
ARST004.fmx,sql,"SELECT DECODE(:b1,1,NVL(I_NAME,I_E_NAME),NVL(I_E_NAME,I_NAME)),I_DESC,NVL(VAT_PER,0),ITEM_SIZE,G_CODE,NVL(IAS_ITM_MST.ALLOW_DISC,0),NVL(IAS_ITM_MST.DISC_PER,0),NVL(ALLOW_FREE_QTY,0",focus_forms/ARST004.fmx.md,observed_sql_indicator,PKB/SQL and schema
ARST004.fmx,sql,"SELECT NVL(INCOM_NAME, INCOM_E_NAME) INCOM_TYPE, GR_NOTE.GR_NO, GR_NOTE.GR_DATE, GR_NOTE.A_DESC,",focus_forms/ARST004.fmx.md,observed_sql_indicator,PKB/SQL and schema
ARST004.fmx,sql,SELECT WO_SER FROM MNT_WORK_MST WHERE WO_NO = :b1 AND WO_ST = 3 AND ((:b2 = 1 ) OR EXISTS (SELECT 1 FROM S_BRN_USR_PRIV WHERE U_ID = :b2 AND S_BRN_USR_PRIV.BRN_NO = MNT_WORK_MST.BR,focus_forms/ARST004.fmx.md,observed_sql_indicator,PKB/SQL and schema
ARST004.fmx,sql,"SELECT NVL(INCLUDE_FLAG,0),NVL(VWREP_FLAG,0),NVL(PRINT_FLAG,0) FROM PRIVILEGE WHERE FORM_NO = 657 AND U_ID = :b1 AND ROWNUM <= 1""",focus_forms/ARST004.fmx.md,observed_sql_indicator,PKB/SQL and schema
ARST004.fmx,sql,"SELECT ias_item_price.lev_no,",focus_forms/ARST004.fmx.md,observed_sql_indicator,PKB/SQL and schema
ARST004.fmx,sql,SELECT lev_no,focus_forms/ARST004.fmx.md,observed_sql_indicator,PKB/SQL and schema
ARST004.fmx,sql,SELECT RT_BILL_SER FROM IAS_RT_BILL_MST WHERE RT_BILL_NO = :b1 AND ((:b2 = 1 ) OR EXISTS (SELECT 1 FROM S_BRN_USR_PRIV WHERE U_ID = :b2 AND S_BRN_USR_PRIV.BRN_NO = IAS_RT_BILL_MST.,focus_forms/ARST004.fmx.md,observed_sql_indicator,PKB/SQL and schema
ARST004.fmx,sql,"SELECT M.OUT_NO,M.OUT_SER FROM IAS_OUTGOING_MST M,OUT_TYPES O WHERE M.OUT_TYPE = O.OUT_TYPE AND (OUT_NO = NVL(:b1,0) OR '','' || NVL(:b2,''0'') || '','' LIKE ''%,'' || M.OUT_SER ||",focus_forms/ARST004.fmx.md,observed_sql_indicator,PKB/SQL and schema
ARST004.fmx,sql,SELECT A_CY FROM ACCOUNT_CURR WHERE,focus_forms/ARST004.fmx.md,observed_sql_indicator,PKB/SQL and schema
ARST004.fmx,sql,SELECT OUT_SER FROM IAS_OUTGOING_MST WHERE OUT_NO = :b1 AND ((:b2 = 1 ) OR EXISTS (SELECT 1 FROM S_BRN_USR_PRIV WHERE U_ID = :b2 AND S_BRN_USR_PRIV.BRN_NO = IAS_OUTGOING_MST.BRN_NO,focus_forms/ARST004.fmx.md,observed_sql_indicator,PKB/SQL and schema
ARST004.fmx,sql,"SELECT MIN(DOC_DATE) FROM IAS_V_PST_DTL_YR WHERE BRN_YEAR = :b1 - 1""",focus_forms/ARST004.fmx.md,observed_sql_indicator,PKB/SQL and schema
ARST004.fmx,sql,"SELECT NVL(Out_NAME, OUT_E_NAME) OUT_TYPE, Ias_Outgoing_Mst.OUT_NO, Ias_Outgoing_Mst.OUT_DATE, Ias_Outgoing_Mst.A_DESC,w_code,",focus_forms/ARST004.fmx.md,observed_sql_indicator,PKB/SQL and schema
ARST004.fmx,metadata,ARST004,focus_forms/ARST004.fmx.md,specification_only,none
ARST004.fmx,metadata,YSERP_MNU.MMX,focus_forms/ARST004.fmx.md,specification_only,none
ARST004.fmx,metadata,AMERICAN_AMERICA.AR8MSWIN1256,focus_forms/ARST004.fmx.md,specification_only,none
ARST004.fmx,metadata,P11_18_JAN_201711_12_26,focus_forms/ARST004.fmx.md,specification_only,none
ARST004.fmx,metadata,/NSPC10/PRE_FORM_PRC,focus_forms/ARST004.fmx.md,specification_only,none
ARST004.fmx,metadata,"""PKG INIT""<anonymous>""""",focus_forms/ARST004.fmx.md,specification_only,none
ARST004.fmx,metadata,P8_19_NOV_201408_42_25,focus_forms/ARST004.fmx.md,specification_only,none
ARST004.fmx,metadata,SQLFORMS,focus_forms/ARST004.fmx.md,specification_only,none
ARST004.fmx,metadata,P7_19_NOV_201408_42_25,focus_forms/ARST004.fmx.md,specification_only,none
ARST004.fmx,metadata,P7_09_SEP_201416_11_34,focus_forms/ARST004.fmx.md,specification_only,none
ARST004.fmx,metadata,P6_19_MAR_201410_22_07,focus_forms/ARST004.fmx.md,specification_only,none
ARST004.fmx,metadata,/LYSERP_LIB,focus_forms/ARST004.fmx.md,specification_only,none
ARST004.fmx,metadata,GEN_PKG,focus_forms/ARST004.fmx.md,specification_only,none
ARST004.fmx,metadata,P29_16_JAN_201412_58_41,focus_forms/ARST004.fmx.md,specification_only,none
ARST004.fmx,metadata,"""/NSPC10/WHEN_NEW_FORM_INSTANCE_PRC",focus_forms/ARST004.fmx.md,specification_only,none
ARST004.fmx,metadata,P28_16_JAN_201412_58_41,focus_forms/ARST004.fmx.md,specification_only,none
ARST004.fmx,metadata,/NSPC10/POST_FORMS_COMMIT_PRC,focus_forms/ARST004.fmx.md,specification_only,none
ARST004.fmx,metadata,P27_16_JAN_201412_58_41,focus_forms/ARST004.fmx.md,specification_only,none
ARST004.fmx,metadata,P26_16_JAN_201412_58_41,focus_forms/ARST004.fmx.md,specification_only,none
ARST004.fmx,metadata,P25_16_JAN_201412_58_41,focus_forms/ARST004.fmx.md,specification_only,none
ARST004.fmx,metadata,P24_16_JAN_201412_58_41,focus_forms/ARST004.fmx.md,specification_only,none
ARST004.fmx,metadata,P23_16_JAN_201412_58_41,focus_forms/ARST004.fmx.md,specification_only,none
ARST004.fmx,metadata,P22_16_JAN_201412_58_41,focus_forms/ARST004.fmx.md,specification_only,none
ARST004.fmx,metadata,P21_16_JAN_201412_58_41,focus_forms/ARST004.fmx.md,specification_only,none
ARST004.fmx,metadata,/NSPC10/EXIT_PROC,focus_forms/ARST004.fmx.md,specification_only,none
ARST004.fmx,metadata,P20_16_JAN_201412_58_41,focus_forms/ARST004.fmx.md,specification_only,none
ARST004.fmx,metadata,P19_16_JAN_201412_58_41,focus_forms/ARST004.fmx.md,specification_only,none
ARST004.fmx,metadata,STANDARD,focus_forms/ARST004.fmx.md,specification_only,none
ARST004.fmx,metadata,FORMS40,focus_forms/ARST004.fmx.md,specification_only,none
ARST004.fmx,metadata,VIEW_BTN,focus_forms/ARST004.fmx.md,specification_only,none
ARST004.fmx,metadata,SCREEN_BTN,focus_forms/ARST004.fmx.md,specification_only,none
ARST004.fmx,metadata,PRINT_DOC_BTN,focus_forms/ARST004.fmx.md,specification_only,none
ARST004.fmx,metadata,CANCEL_BTN,focus_forms/ARST004.fmx.md,specification_only,none
ARST004.fmx,metadata,PRINT_ST,focus_forms/ARST004.fmx.md,specification_only,none
ARST004.fmx,metadata,P18_16_JAN_201412_58_41,focus_forms/ARST004.fmx.md,specification_only,none
ARST004.fmx,metadata,Create -,focus_forms/ARST004.fmx.md,specification_only,none
ARST004.fmx,metadata,P17_16_JAN_201412_58_41,focus_forms/ARST004.fmx.md,specification_only,none
ARST004.fmx,metadata,FORMS4C,focus_forms/ARST004.fmx.md,specification_only,none
ARST004.fmx,metadata,/NSPC10/ADD_PROC,focus_forms/ARST004.fmx.md,specification_only,none
ARST004.fmx,metadata,BAR.ADD_Btn,focus_forms/ARST004.fmx.md,specification_only,none
ARST004.fmx,metadata,TRUE,focus_forms/ARST004.fmx.md,specification_only,none
ARST004.fmx,metadata,Delete -,focus_forms/ARST004.fmx.md,specification_only,none
ARST004.fmx,metadata,P16_16_JAN_201412_58_41,focus_forms/ARST004.fmx.md,specification_only,none
ARST004.fmx,metadata,/NSPC10/DELETE_PROC,focus_forms/ARST004.fmx.md,specification_only,none
ARST004.fmx,metadata,BAR.Del_Btn,focus_forms/ARST004.fmx.md,specification_only,none
ARST004.fmx,metadata,Accept -,focus_forms/ARST004.fmx.md,specification_only,none
ARST004.fmx,metadata,P15_16_JAN_201412_58_41,focus_forms/ARST004.fmx.md,specification_only,none
ARST004.fmx,metadata,/NSPC10/SAVE_PROC,focus_forms/ARST004.fmx.md,specification_only,none
ARST004.fmx,metadata,BAR.SAVE_Btn,focus_forms/ARST004.fmx.md,specification_only,none
ARST004.fmx,metadata,List -,focus_forms/ARST004.fmx.md,specification_only,none
ARST004.fmx,metadata,P14_16_JAN_201412_58_41,focus_forms/ARST004.fmx.md,specification_only,none
ARST004.fmx,metadata,/NSPC10/LIST_PROC,focus_forms/ARST004.fmx.md,specification_only,none
ARST004.fmx,metadata,BAR.LIST_BTN,focus_forms/ARST004.fmx.md,specification_only,none
ARST004.fmx,metadata,Search_,focus_forms/ARST004.fmx.md,specification_only,none
ARST004.fmx,metadata,P13_16_JAN_201412_58_41,focus_forms/ARST004.fmx.md,specification_only,none
ARST004.fmx,metadata,/NSPC10/KEY_ENTQRY,focus_forms/ARST004.fmx.md,specification_only,none
ARST004.fmx,metadata,BAR.SeeK_Btn,focus_forms/ARST004.fmx.md,specification_only,none
ARST004.fmx,metadata,Exceute -,focus_forms/ARST004.fmx.md,specification_only,none
ARST004.fmx,metadata,P12_16_JAN_201412_58_41,focus_forms/ARST004.fmx.md,specification_only,none
ARST004.fmx,metadata,/NSPC10/KEY_EXEQRY,focus_forms/ARST004.fmx.md,specification_only,none
ARST004.fmx,metadata,BAR.SEEK_BTN,focus_forms/ARST004.fmx.md,specification_only,none
ARST004.fmx,metadata,Print -,focus_forms/ARST004.fmx.md,specification_only,none
ARST004.fmx,metadata,P11_16_JAN_201412_58_41,focus_forms/ARST004.fmx.md,specification_only,none
ARST004.fmx,metadata,/NSPC10/CALL_SCR_PRINT,focus_forms/ARST004.fmx.md,specification_only,none
ARST004.fmx,metadata,BAR.Print_Btn,focus_forms/ARST004.fmx.md,specification_only,none
ARST004.fmx,metadata,P10_16_JAN_201412_58_41,focus_forms/ARST004.fmx.md,specification_only,none
ARST004.fmx,metadata,/NSPC10/WHEN_TIMER_EXPIRED_PRC,focus_forms/ARST004.fmx.md,specification_only,none
ARST004.fmx,metadata,P9_16_JAN_201412_58_41,focus_forms/ARST004.fmx.md,specification_only,none
ARST004.fmx,metadata,FORMS4W,focus_forms/ARST004.fmx.md,specification_only,none
ARST004.fmx,metadata,/NSPC10/DEL_TIMER_PRC,focus_forms/ARST004.fmx.md,specification_only,none
ARST004.fmx,metadata,WIN3,focus_forms/ARST004.fmx.md,specification_only,none
ARST004.fmx,metadata,Ias_Bill_Mst.Dummy,focus_forms/ARST004.fmx.md,specification_only,none
ARST004.fmx,metadata,WIN7,focus_forms/ARST004.fmx.md,specification_only,none
ARST004.fmx,metadata,WIN8,focus_forms/ARST004.fmx.md,specification_only,none
ARST004.fmx,metadata,WIN9,focus_forms/ARST004.fmx.md,specification_only,none
ARST004.fmx,metadata,WIN10,focus_forms/ARST004.fmx.md,specification_only,none
ARST004.fmx,metadata,WIN11,focus_forms/ARST004.fmx.md,specification_only,none
ARST004.fmx,metadata,WIN12,focus_forms/ARST004.fmx.md,specification_only,none
ARST004.fmx,metadata,Ias_Bill_Dtl.I_Qty,focus_forms/ARST004.fmx.md,specification_only,none
ARST004.fmx,metadata,WIN13,focus_forms/ARST004.fmx.md,specification_only,none
ARST004.fmx,metadata,WIN14,focus_forms/ARST004.fmx.md,specification_only,none
ARST004.fmx,metadata,WIN15,focus_forms/ARST004.fmx.md,specification_only,none
ARST004.fmx,metadata,Ias_Bill_Dtl.I_CODE,focus_forms/ARST004.fmx.md,specification_only,none
ARST004.fmx,metadata,WIN16,focus_forms/ARST004.fmx.md,specification_only,none
ARST004.fmx,metadata,.I_Qty,focus_forms/ARST004.fmx.md,specification_only,none
ARST004.fmx,metadata,.Dummy,focus_forms/ARST004.fmx.md,specification_only,none
ARST004.fmx,metadata,WIN18,focus_forms/ARST004.fmx.md,specification_only,none
ARST004.fmx,metadata,P8_16_JAN_201412_58_41,focus_forms/ARST004.fmx.md,specification_only,none
ARST004.fmx,metadata,P4_12_FEB_201417_30_42,focus_forms/ARST004.fmx.md,specification_only,none
ARST004.fmx,metadata,!/NSPC10/WHEN_TAB_PAGE_CHANGED_PRC,focus_forms/ARST004.fmx.md,specification_only,none
ARST004.fmx,metadata,P2_05_MAR_201415_22_26,focus_forms/ARST004.fmx.md,specification_only,none
ARST004.fmx,metadata,P5_16_JAN_201412_58_41,focus_forms/ARST004.fmx.md,specification_only,none
ARST004.fmx,metadata,P16_19_FEB_201419_21_34,focus_forms/ARST004.fmx.md,specification_only,none
ARST004.fmx,metadata,/NSPC10/CLEAR_ALL_MASTER_DETAILS,focus_forms/ARST004.fmx.md,specification_only,none
ARST004.fmx,metadata,CALL_BTN_SCR,focus_forms/ARST004.fmx.md,specification_only,none
ARST004.fmx,metadata,CALL_BAR_BTN_SCR,focus_forms/ARST004.fmx.md,specification_only,none
ARST004.fmx,metadata,IAS_USR_PKG,focus_forms/ARST004.fmx.md,specification_only,none
ARST004.fmx,metadata,IAS20142,focus_forms/ARST004.fmx.md,specification_only,none
ARST004.fmx,metadata,YS_GEN_PKG,focus_forms/ARST004.fmx.md,specification_only,none
ARST004.fmx,metadata,"""PKG INIT""CALL_BTN_SCR""P_SCR_TYP""V_APPROVED_PRV""V_VRFY_PRV""V_INACTIVE_PRV""""",focus_forms/ARST004.fmx.md,specification_only,none
ARST004.fmx,metadata,CALL_OBJ.DUMMY,focus_forms/ARST004.fmx.md,specification_only,none
ARST004.fmx,metadata,Bar.Save_Btn,focus_forms/ARST004.fmx.md,specification_only,none
ARST004.fmx,metadata,FALSE,focus_forms/ARST004.fmx.md,specification_only,none
ARST004.fmx,metadata,IAS_USR_PKGIAS20142CHK_USR_FRM_PRVIA,focus_forms/ARST004.fmx.md,specification_only,none
ARST004.fmx,metadata,APPROVED,focus_forms/ARST004.fmx.md,specification_only,none
ARST004.fmx,metadata,YS_GEN_PKGIAS20142GET_USR_FLD_PRVYS_,focus_forms/ARST004.fmx.md,specification_only,none
ARST004.fmx,metadata,Parameter.Vrfy_Flag,focus_forms/ARST004.fmx.md,specification_only,none
ARST004.fmx,metadata,Parameter.Blk,focus_forms/ARST004.fmx.md,specification_only,none
ARST004.fmx,metadata,INACTIVE,focus_forms/ARST004.fmx.md,specification_only,none
ARST004.fmx,metadata,CHECK_DUPLICATE,focus_forms/ARST004.fmx.md,specification_only,none
ARST004.fmx,metadata,IAS_BILL_MST,focus_forms/ARST004.fmx.md,specification_only,none
ARST004.fmx,metadata,/NSPC10/GET_BILL_NO,focus_forms/ARST004.fmx.md,specification_only,none
ARST004.fmx,metadata,/NSPC10/CHECK_DOC_DEL_PRC,focus_forms/ARST004.fmx.md,specification_only,none
ARST004.fmx,metadata,"""PKG INIT""CHECK_DUPLICATE""P_BLK""CNT""<cursor ptr>""<SQL statement. Line 6>""""",focus_forms/ARST004.fmx.md,specification_only,none
ARST004.fmx,metadata,Ftr.Err,focus_forms/ARST004.fmx.md,specification_only,none
ARST004.fmx,metadata,"SELECT 1 FROM IAS_BILL_MST WHERE BILL_SER = :b1 AND ROWNUM <= 1""",focus_forms/ARST004.fmx.md,specification_only,none
ARST004.fmx,metadata,VA_ITM_MOVE,focus_forms/ARST004.fmx.md,specification_only,none
ARST004.fmx,metadata,VA_QT_PRM,focus_forms/ARST004.fmx.md,specification_only,none
ARST004.fmx,metadata,VA_BTN,focus_forms/ARST004.fmx.md,specification_only,none
ARST004.fmx,metadata,MS Sans Serif,focus_forms/ARST004.fmx.md,specification_only,none
ARST004.fmx,metadata,VA_FLD,focus_forms/ARST004.fmx.md,specification_only,none
ARST004.fmx,metadata,VA_RED,focus_forms/ARST004.fmx.md,specification_only,none
ARST004.fmx,metadata,VA_PRMPT,focus_forms/ARST004.fmx.md,specification_only,none
ARST004.fmx,metadata,Tahoma,focus_forms/ARST004.fmx.md,specification_only,none
ARST004.fmx,metadata,VA_MNDTRY_FLD,focus_forms/ARST004.fmx.md,specification_only,none
ARST004.fmx,metadata,VA_CHK,focus_forms/ARST004.fmx.md,specification_only,none
ARST004.fmx,metadata,tahoma,focus_forms/ARST004.fmx.md,specification_only,none
ARST004.fmx,metadata,VA_LOV,focus_forms/ARST004.fmx.md,specification_only,none
ARST004.fmx,metadata,VA_CURREC,focus_forms/ARST004.fmx.md,specification_only,none
ARST004.fmx,metadata,VA_MAIN,focus_forms/ARST004.fmx.md,specification_only,none
ARST004.fmx,metadata,VA_FTR,focus_forms/ARST004.fmx.md,specification_only,none
ARST004.fmx,metadata,VA_SUM,focus_forms/ARST004.fmx.md,specification_only,none
ARST004.fmx,metadata,VA_EXP_DATE,focus_forms/ARST004.fmx.md,specification_only,none
ARST004.fmx,metadata,VA_BTCH_NO,focus_forms/ARST004.fmx.md,specification_only,none
ARST004.fmx,metadata,VA_WEIGH,focus_forms/ARST004.fmx.md,specification_only,none
ARST004.fmx,metadata,VA_FREE_QTY,focus_forms/ARST004.fmx.md,specification_only,none
ARST004.fmx,metadata,VA_DISC,focus_forms/ARST004.fmx.md,specification_only,none
ARST004.fmx,metadata,VA_VAT,focus_forms/ARST004.fmx.md,specification_only,none
ARST004.fmx,metadata,VA_MOV,focus_forms/ARST004.fmx.md,specification_only,none
ARST004.fmx,metadata,Wingdings 2,focus_forms/ARST004.fmx.md,specification_only,none
ARST004.fmx,metadata,VA_RADIO,focus_forms/ARST004.fmx.md,specification_only,none
ARST004.fmx,metadata,VA_HNTTXT,focus_forms/ARST004.fmx.md,specification_only,none
ARST004.fmx,metadata,VA_HDR,focus_forms/ARST004.fmx.md,specification_only,none
ARST004.fmx,metadata,VA_TREE,focus_forms/ARST004.fmx.md,specification_only,none
ARST004.fmx,metadata,VA_ERR,focus_forms/ARST004.fmx.md,specification_only,none
ARST004.fmx,metadata,ADD_PROC,focus_forms/ARST004.fmx.md,specification_only,none
ARST004.fmx,metadata,IAS_CHECK_SYS_PKG,focus_forms/ARST004.fmx.md,specification_only,none
ARST004.fmx,metadata,/NSPC10/ENA_DIS_ITM_PRC,focus_forms/ARST004.fmx.md,specification_only,none
ARST004.fmx,metadata,IAS_GEN_PKG,focus_forms/ARST004.fmx.md,specification_only,none
ARST004.fmx,metadata,/NSPC10/BILL_DOC_TYPE_CHANGE,focus_forms/ARST004.fmx.md,specification_only,none
ARST004.fmx,metadata,IAS_WCODE_PKG,focus_forms/ARST004.fmx.md,specification_only,none
ARST004.fmx,metadata,/NSPC10/MAKEARRAY,focus_forms/ARST004.fmx.md,specification_only,none
ARST004.fmx,metadata,"""PKG INIT""ADD_PROC""BDATE""BDT""WCODE""V_CS""V_PJ""V_ACTV""CCNAME""CASHNO""V_BRN_NO""ACY""UNT_TYPE""""",focus_forms/ARST004.fmx.md,specification_only,none
ARST004.fmx,metadata,Ias_Bill_Dtl,focus_forms/ARST004.fmx.md,specification_only,none
ARST004.fmx,metadata,IAS_CHECK_SYS_PKGIAS20142CHECK_INV_CLOSE,focus_forms/ARST004.fmx.md,specification_only,none
ARST004.fmx,metadata,Ias_Bill_Mst,focus_forms/ARST004.fmx.md,specification_only,none
ARST004.fmx,metadata,Dflt_Options,focus_forms/ARST004.fmx.md,specification_only,none
ARST004.fmx,metadata,IAS_GEN_PKGIAS20142GET_SYSDATEIA,focus_forms/ARST004.fmx.md,specification_only,none
ARST004.fmx,metadata,IAS_GEN_PKGIAS20142GET_PROMPTIAS,focus_forms/ARST004.fmx.md,specification_only,none
ARST004.fmx,metadata,Ias_Bill_Mst.Cash_No,focus_forms/ARST004.fmx.md,specification_only,none
ARST004.fmx,metadata,Ias_Bill_Mst.Bill_Currency,focus_forms/ARST004.fmx.md,specification_only,none
ARST004.fmx,metadata,Ias_Bill_Mst.bill_rate,focus_forms/ARST004.fmx.md,specification_only,none
ARST004.fmx,metadata,IAS_GEN_PKGIAS20142GET_CUR_RATEI,focus_forms/ARST004.fmx.md,specification_only,none
ARST004.fmx,metadata,Ias_Bill_Mst.bill_doc_type,focus_forms/ARST004.fmx.md,specification_only,none
ARST004.fmx,metadata,Ias_Bill_Mst.W_code,focus_forms/ARST004.fmx.md,specification_only,none
ARST004.fmx,metadata,Ias_Bill_Mst.Cc_Code,focus_forms/ARST004.fmx.md,specification_only,none
ARST004.fmx,metadata,Ias_Bill_Mst.W_Code,focus_forms/ARST004.fmx.md,specification_only,none
ARST004.fmx,metadata,Ias_Bill_Mst.Si_Type,focus_forms/ARST004.fmx.md,specification_only,none
ARST004.fmx,metadata,Ias_Bill_Mst.Cc_code,focus_forms/ARST004.fmx.md,specification_only,none
ARST004.fmx,metadata,IAS_WCODE_PKGIAS20142GET_WC_CCIA,focus_forms/ARST004.fmx.md,specification_only,none
ARST004.fmx,metadata,Ias_Bill_Mst.Bill_No,focus_forms/ARST004.fmx.md,specification_only,none
ARST004.fmx,metadata,Ias_Bill_Mst.Bill_Date,focus_forms/ARST004.fmx.md,specification_only,none
ARST004.fmx,metadata,Ias_Bill_Mst.c_code,focus_forms/ARST004.fmx.md,specification_only,none
ARST004.fmx,metadata,Ias_Bill_Mst.cash_no,focus_forms/ARST004.fmx.md,specification_only,none
ARST004.fmx,metadata,None,focus_forms/ARST004.fmx.md,specification_only,none
ARST004.fmx,metadata,Ias_Bill_Mst.C_Name,focus_forms/ARST004.fmx.md,specification_only,none
ARST004.fmx,metadata,Ias_Bill_Dtl.I_Code,focus_forms/ARST004.fmx.md,specification_only,none
ARST004.fmx,metadata,Check_So,focus_forms/ARST004.fmx.md,specification_only,none
ARST004.fmx,metadata,ArDup,focus_forms/ARST004.fmx.md,specification_only,none
ARST004.fmx,metadata,INSRNCE_DATA,focus_forms/ARST004.fmx.md,specification_only,none
ARST006.fmx,procedure,ADD_PROC,focus_forms/ARST006.fmx.md,specification_only,FMB/PLL/PKB
ARST006.fmx,procedure,ATTACH_ITEM_OTHRS_PKG,focus_forms/ARST006.fmx.md,specification_only,FMB/PLL/PKB
ARST006.fmx,procedure,ATTACH_ITEM_PKG,focus_forms/ARST006.fmx.md,specification_only,FMB/PLL/PKB
ARST006.fmx,procedure,B4SAVE_PRC,focus_forms/ARST006.fmx.md,specification_only,FMB/PLL/PKB
ARST006.fmx,procedure,CHECK_DOC_DEL_PRC,focus_forms/ARST006.fmx.md,specification_only,FMB/PLL/PKB
ARST006.fmx,procedure,CHK_B4SAVE_DTL_PRC,focus_forms/ARST006.fmx.md,specification_only,FMB/PLL/PKB
ARST006.fmx,procedure,CHK_B4SAVE_MST_PRC,focus_forms/ARST006.fmx.md,specification_only,FMB/PLL/PKB
ARST006.fmx,procedure,DELETE_PROC,focus_forms/ARST006.fmx.md,specification_only,FMB/PLL/PKB
ARST006.fmx,procedure,DEL_DET_REC_PRC,focus_forms/ARST006.fmx.md,specification_only,FMB/PLL/PKB
ARST006.fmx,procedure,ENA_DIS_ITM_PRC,focus_forms/ARST006.fmx.md,specification_only,FMB/PLL/PKB
ARST006.fmx,procedure,EXIT_PROC,focus_forms/ARST006.fmx.md,specification_only,FMB/PLL/PKB
ARST006.fmx,procedure,FILL_ALL_LIST_PRC,focus_forms/ARST006.fmx.md,specification_only,FMB/PLL/PKB
ARST006.fmx,procedure,GEN_PKG,focus_forms/ARST006.fmx.md,specification_only,FMB/PLL/PKB
ARST006.fmx,procedure,GET_ITM_SER_PRC,focus_forms/ARST006.fmx.md,specification_only,FMB/PLL/PKB
ARST006.fmx,procedure,IAS_ACTV_PKG,focus_forms/ARST006.fmx.md,specification_only,FMB/PLL/PKB
ARST006.fmx,procedure,IAS_ATTACH_ITM_PKG,focus_forms/ARST006.fmx.md,specification_only,FMB/PLL/PKB
ARST006.fmx,procedure,IAS_AUDIT_PKG,focus_forms/ARST006.fmx.md,specification_only,FMB/PLL/PKB
ARST006.fmx,procedure,IAS_AUD_SYS_PKG,focus_forms/ARST006.fmx.md,specification_only,FMB/PLL/PKB
ARST006.fmx,procedure,IAS_BRN_PKG,focus_forms/ARST006.fmx.md,specification_only,FMB/PLL/PKB
ARST006.fmx,procedure,IAS_CC_CODE_PKG,focus_forms/ARST006.fmx.md,specification_only,FMB/PLL/PKB
ARST006.fmx,procedure,IAS_CHECK_SYS_PKG,focus_forms/ARST006.fmx.md,specification_only,FMB/PLL/PKB
ARST006.fmx,procedure,IAS_CHK_BRN_UP_DEL_FNC,focus_forms/ARST006.fmx.md,specification_only,FMB/PLL/PKB
ARST006.fmx,procedure,IAS_CHK_BRN_UP_DEL_FNCIAS20142IAS_CHK_BRN_UP_DEL_FNC,focus_forms/ARST006.fmx.md,specification_only,FMB/PLL/PKB
ARST006.fmx,procedure,IAS_CHK_LGHT_BRN_FNC,focus_forms/ARST006.fmx.md,specification_only,FMB/PLL/PKB
ARST006.fmx,procedure,IAS_CHK_LGHT_BRN_FNCIAS20142IAS_CHK_LGHT_BRN_FNC,focus_forms/ARST006.fmx.md,specification_only,FMB/PLL/PKB
ARST006.fmx,procedure,IAS_CSHBNK_PKG,focus_forms/ARST006.fmx.md,specification_only,FMB/PLL/PKB
ARST006.fmx,procedure,IAS_CST_PKG,focus_forms/ARST006.fmx.md,specification_only,FMB/PLL/PKB
ARST006.fmx,procedure,IAS_DBS_SYS_PKG,focus_forms/ARST006.fmx.md,specification_only,FMB/PLL/PKB
ARST006.fmx,procedure,IAS_FETCH_DATA_PKG,focus_forms/ARST006.fmx.md,specification_only,FMB/PLL/PKB
ARST006.fmx,procedure,IAS_GEN_PKG,focus_forms/ARST006.fmx.md,specification_only,FMB/PLL/PKB
ARST006.fmx,procedure,IAS_GET_DOC_DEL_FNC,focus_forms/ARST006.fmx.md,specification_only,FMB/PLL/PKB
ARST006.fmx,procedure,IAS_GET_ENC_PASS_FNC,focus_forms/ARST006.fmx.md,specification_only,FMB/PLL/PKB
ARST006.fmx,procedure,IAS_GET_ENC_PASS_FNCIAS20142IAS_GET_ENC_PASS_FNC,focus_forms/ARST006.fmx.md,specification_only,FMB/PLL/PKB
ARST006.fmx,procedure,IAS_GL_LMT_PKG,focus_forms/ARST006.fmx.md,specification_only,FMB/PLL/PKB
ARST006.fmx,procedure,IAS_INSRNCE_SCR_PKG,focus_forms/ARST006.fmx.md,specification_only,FMB/PLL/PKB
ARST006.fmx,procedure,IAS_INSRT_OUT_BILLS_PKG,focus_forms/ARST006.fmx.md,specification_only,FMB/PLL/PKB
ARST006.fmx,procedure,IAS_INSTALLMENT_AR_PKG,focus_forms/ARST006.fmx.md,specification_only,FMB/PLL/PKB
ARST006.fmx,procedure,IAS_ITM_INV_PKG,focus_forms/ARST006.fmx.md,specification_only,FMB/PLL/PKB
ARST006.fmx,procedure,IAS_ITM_PKG,focus_forms/ARST006.fmx.md,specification_only,FMB/PLL/PKB
ARST006.fmx,procedure,IAS_PJ_PKG,focus_forms/ARST006.fmx.md,specification_only,FMB/PLL/PKB
ARST006.fmx,procedure,IAS_POST_IN_SAV_PKG,focus_forms/ARST006.fmx.md,specification_only,FMB/PLL/PKB
ARST006.fmx,procedure,IAS_PRMTR_PKG,focus_forms/ARST006.fmx.md,specification_only,FMB/PLL/PKB
ARST006.fmx,procedure,IAS_SALESMAN_PKG,focus_forms/ARST006.fmx.md,specification_only,FMB/PLL/PKB
ARST006.fmx,procedure,IAS_TRNS_PKG,focus_forms/ARST006.fmx.md,specification_only,FMB/PLL/PKB
ARST006.fmx,procedure,IAS_USR_PKG,focus_forms/ARST006.fmx.md,specification_only,FMB/PLL/PKB
ARST006.fmx,procedure,IAS_VNDR_PKG,focus_forms/ARST006.fmx.md,specification_only,FMB/PLL/PKB
ARST006.fmx,procedure,IAS_WCODE_PKG,focus_forms/ARST006.fmx.md,specification_only,FMB/PLL/PKB
ARST006.fmx,procedure,IAS_WEIGHT_SYS_PKG,focus_forms/ARST006.fmx.md,specification_only,FMB/PLL/PKB
ARST006.fmx,procedure,IAS_WEIGHT_SYS_PKGIAS20142CALC_AREA_SIZE_PRC,focus_forms/ARST006.fmx.md,specification_only,FMB/PLL/PKB
ARST006.fmx,procedure,IAS_WT_PKG,focus_forms/ARST006.fmx.md,specification_only,FMB/PLL/PKB
ARST006.fmx,procedure,IMP_F_EXCEL_PRC,focus_forms/ARST006.fmx.md,specification_only,FMB/PLL/PKB
ARST006.fmx,procedure,KEY_LISTVAL_PRC,focus_forms/ARST006.fmx.md,specification_only,FMB/PLL/PKB
ARST006.fmx,procedure,LIST_PROC,focus_forms/ARST006.fmx.md,specification_only,FMB/PLL/PKB
ARST006.fmx,procedure,LOV_PKG,focus_forms/ARST006.fmx.md,specification_only,FMB/PLL/PKB
ARST006.fmx,procedure,LOV_TRG,focus_forms/ARST006.fmx.md,specification_only,FMB/PLL/PKB
ARST006.fmx,procedure,LYSERP_LIB,focus_forms/ARST006.fmx.md,specification_only,FMB/PLL/PKB
ARST006.fmx,procedure,POST_FORMS_COMMIT_PRC,focus_forms/ARST006.fmx.md,specification_only,FMB/PLL/PKB
ARST006.fmx,procedure,PRE_FORM_PRC,focus_forms/ARST006.fmx.md,specification_only,FMB/PLL/PKB
ARST006.fmx,procedure,PRINT_PROC,focus_forms/ARST006.fmx.md,specification_only,FMB/PLL/PKB
ARST006.fmx,procedure,RET_BILL_AUTO_PRC,focus_forms/ARST006.fmx.md,specification_only,FMB/PLL/PKB
ARST006.fmx,procedure,SAVE_PROC,focus_forms/ARST006.fmx.md,specification_only,FMB/PLL/PKB
ARST006.fmx,procedure,SET_POS_PRC,focus_forms/ARST006.fmx.md,specification_only,FMB/PLL/PKB
ARST006.fmx,procedure,SHOW_BAT_COL1_IN_SCREEN,focus_forms/ARST006.fmx.md,specification_only,FMB/PLL/PKB
ARST006.fmx,procedure,SHOW_BAT_COL2_IN_SCREEN,focus_forms/ARST006.fmx.md,specification_only,FMB/PLL/PKB
ARST006.fmx,procedure,SHOW_BAT_COL3_IN_SCREEN,focus_forms/ARST006.fmx.md,specification_only,FMB/PLL/PKB
ARST006.fmx,procedure,SHOW_BAT_COL4_IN_SCREEN,focus_forms/ARST006.fmx.md,specification_only,FMB/PLL/PKB
ARST006.fmx,procedure,SHOW_BAT_COL5_IN_SCREEN,focus_forms/ARST006.fmx.md,specification_only,FMB/PLL/PKB
ARST006.fmx,procedure,SRCH_DTL_PKG,focus_forms/ARST006.fmx.md,specification_only,FMB/PLL/PKB
ARST006.fmx,procedure,SYS_SCREEN,focus_forms/ARST006.fmx.md,specification_only,FMB/PLL/PKB
ARST006.fmx,procedure,UPDATE_BILL_DEPOSIT_AUTO_PRC,focus_forms/ARST006.fmx.md,specification_only,FMB/PLL/PKB
ARST006.fmx,procedure,UPDATE_PROC,focus_forms/ARST006.fmx.md,specification_only,FMB/PLL/PKB
ARST006.fmx,procedure,WHEN_NEW_FORM_INSTANCE_PRC,focus_forms/ARST006.fmx.md,specification_only,FMB/PLL/PKB
ARST006.fmx,procedure,WHEN_TAB_PAGE_CHANGED_PRC,focus_forms/ARST006.fmx.md,specification_only,FMB/PLL/PKB
ARST006.fmx,procedure,WHEN_TIMER_EXPIRED_PRC,focus_forms/ARST006.fmx.md,specification_only,FMB/PLL/PKB
ARST006.fmx,procedure,WIN_API,focus_forms/ARST006.fmx.md,specification_only,FMB/PLL/PKB
ARST006.fmx,procedure,YSERP_LIB,focus_forms/ARST006.fmx.md,specification_only,FMB/PLL/PKB
ARST006.fmx,procedure,YSERP_MNU,focus_forms/ARST006.fmx.md,specification_only,FMB/PLL/PKB
ARST006.fmx,procedure,YS_EMP_PKG,focus_forms/ARST006.fmx.md,specification_only,FMB/PLL/PKB
ARST006.fmx,procedure,YS_GEN_PKG,focus_forms/ARST006.fmx.md,specification_only,FMB/PLL/PKB
ARST006.fmx,component,Excel.exe,focus_forms/ARST006.fmx.md,specification_only,FMB/PLL/PKB
ARST006.fmx,component,Inv_Itm_Trns.Fmx,focus_forms/ARST006.fmx.md,specification_only,FMB/PLL/PKB
ARST006.fmx,component,YSERP_MNU.MMX,focus_forms/ARST006.fmx.md,specification_only,FMB/PLL/PKB
ARST006.fmx,sql,"SELECT NVL(STAND_BY,0),NVL(AUDIT_REF,0) FROM IAS_RT_BILL_MST WHERE RT_BILL_SER = :b1 AND ROWNUM <= 1""",focus_forms/ARST006.fmx.md,observed_sql_indicator,PKB/SQL and schema
ARST006.fmx,sql,"SELECT RT_BILL_POST,AUDIT_REF,EXTERNAL_POST,NVL(REC_INV_RT_BILL,0) FROM IAS_RT_BILL_MST WHERE RT_BILL_SER = :b1 AND ROWNUM <= 1""",focus_forms/ARST006.fmx.md,observed_sql_indicator,PKB/SQL and schema
ARST006.fmx,sql,"SELECT 1 FROM IAS_RT_BILL_MST WHERE RT_BILL_SER = :b1 AND ROWNUM <= 1""",focus_forms/ARST006.fmx.md,observed_sql_indicator,PKB/SQL and schema
ARST006.fmx,sql,"SELECT 1 FROM IAS_RT_BILL_MST WHERE RT_BILL_NO = :b1 AND RT_BILL_SER = :b2 AND RT_BILL_SER IN (SELECT RT_BILL_SER FROM IAS_RET_BILL_MST ) AND ROWNUM <= 1""SELECT RT_BILL_POST,AUDIT_",focus_forms/ARST006.fmx.md,observed_sql_indicator,PKB/SQL and schema
ARST006.fmx,sql,"SELECT 1 FROM IAS_RT_BILL_DTL WHERE RT_BILL_SER = :b1 AND ROWNUM <= 1""UPDATE GATE_YS.GT_PAPER_MS SET GT_PAPER_MS.RT_BILL_NO=:b1,GT_PAPER_MS.RT_BILL_SER=:b2 WHERE GT_PAPER_MS.PAPER_",focus_forms/ARST006.fmx.md,observed_sql_indicator,PKB/SQL and schema
ARST006.fmx,sql,"SELECT CUR_CODE FROM EX_RATE WHERE L_F = 1""SELECT CUR_CODE FROM EX_RATE WHERE STOCK_CUR = 1""SELECT NVL(USE_PROJECTS,0),NVL(YS_GEN_PKG.CHK_ACTV_SYSTEM(80,:b1),0),NVL(CALC_VAT_AMT_TY",focus_forms/ARST006.fmx.md,observed_sql_indicator,PKB/SQL and schema
ARST006.fmx,sql,"SELECT 1 FROM IAS_RT_BILL_MST WHERE RT_BILL_NO = :b1 AND RT_BILL_SER = :b2 AND RT_BILL_SER IN (SELECT RT_BILL_SER FROM IAS_RET_BILL_MST ) AND ROWNUM <= 1""SELECT NVL(RT_BILL_POST,0)",focus_forms/ARST006.fmx.md,observed_sql_indicator,PKB/SQL and schema
ARST006.fmx,sql,"SELECT SC_NO,SC_NAME,A_CODE,DECODE(AMT_TYPE,1,AMT, NULL ) AMT,DECODE(AMT_TYPE,0,AMT, NULL ) AMT_PER,CALC_TYPE,NVL(SC_TYPE,1) SC_TYPE FROM SALES_CHARGES WHERE NVL(FILL_AUTO,0) = 1 A",focus_forms/ARST006.fmx.md,observed_sql_indicator,PKB/SQL and schema
ARST006.fmx,sql,"DELETE FROM OTHER_CHARGES WHERE OTHER_CHARGES.SC_NO IN (SELECT SC_NO FROM SALES_CHARGES WHERE NVL(FILL_AUTO,0) = 1 AND NVL(SALES_CHARGES.INV_ITEM,0) = 0 ) AND BILL_TYPE = 3 AND BIL",focus_forms/ARST006.fmx.md,observed_sql_indicator,PKB/SQL and schema
ARST006.fmx,sql,"SELECT COUNT(1) FROM S_PRD_DTL WHERE PRD_NO = 1 AND :b1 >= F_DATE""",focus_forms/ARST006.fmx.md,observed_sql_indicator,PKB/SQL and schema
ARST006.fmx,sql,"SELECT I_CODE FROM (SELECT I_CODE,W_CODE,EXPIRE_DATE,BATCH_NO,REC_ATTCH,SUM(NVL(I_QTY,0)) QTY,SUM(NVL(FREE_QTY,0)) FQTY FROM IAS_RT_BILL_DTL WHERE RT_BILL_SER = :b1 AND NVL(IAS_RT_",focus_forms/ARST006.fmx.md,observed_sql_indicator,PKB/SQL and schema
ARST006.fmx,sql,"SELECT COUNT(1) FROM SALES_CHARGES WHERE NVL(INV_ITEM,0) = 1""SELECT OTHER_CHARGES_ITEMS.I_CODE,OTHER_CHARGES_ITEMS.ITM_UNT,IAS_BILL_DTL.I_QTY,IAS_BILL_DTL.I_PRICE,OTHER_CHARGES_ITE",focus_forms/ARST006.fmx.md,observed_sql_indicator,PKB/SQL and schema
ARST006.fmx,sql,"SELECT IAS_RCRD_ATTCH.NEXTVAL FROM DUAL""SELECT FLEX_NO,FLEX_FIELD,ATTCH_DESC_NO1,ATTCH_DESC_NO2,ATTCH_DESC_NO3,ATTCH_DESC_NO4,ATTCH_DESC_NO5 FROM IAS_ITM_ATTACH WHERE FLEX_NO = :b1",focus_forms/ARST006.fmx.md,observed_sql_indicator,PKB/SQL and schema
ARST006.fmx,sql,"SELECT COUNT(1) FROM SALES_CHARGES WHERE NVL(INV_ITEM,0) = 1 AND NVL(ALLOW_RETURN,0) = 1""DELETE FROM OTHER_CHARGES_ITEMS WHERE BILL_TYPE = 3 AND BILL_NO = :b1 AND BILL_SER = :b2""SE",focus_forms/ARST006.fmx.md,observed_sql_indicator,PKB/SQL and schema
ARST006.fmx,sql,"SELECT SC_NO,SC_NAME,A_CODE,CALC_TYPE,NVL(SC_TYPE,1) SC_TYPE,DECODE(AMT_TYPE,1,DECODE(A_CY,:b1,AMT,AMT * AC_RATE * 1 / :b2 ), NULL ) AMT,DECODE(AMT_TYPE,0,AMT, NULL ) AMT_PER FROM",focus_forms/ARST006.fmx.md,observed_sql_indicator,PKB/SQL and schema
ARST006.fmx,sql,"SELECT COUNT(1) FROM SALES_CHARGES WHERE NVL(INV_ITEM,0) = 1 AND NVL(ALLOW_RETURN,0) = 1""DELETE FROM OTHER_CHARGES_ITEMS WHERE BILL_TYPE = 3 AND BILL_NO = :b1 AND BILL_SER = :b2""SE",focus_forms/ARST006.fmx.md,observed_sql_indicator,PKB/SQL and schema
ARST006.fmx,sql,"SELECT NVL(H_PRICE,2) FROM PRIVILEGE_FIXED WHERE U_ID = :b1""",focus_forms/ARST006.fmx.md,observed_sql_indicator,PKB/SQL and schema
ARST006.fmx,sql,"SELECT RT_BILL_SER,BILL_NO,BILL_SER,I_CODE,NVL(P_SIZE,1) P_SIZE,W_CODE,NVL(SUM(P_QTY + (NVL(FREE_QTY,0) * NVL(P_SIZE,1) ) ),0) P_QTY FROM IAS_RT_BILL_DTL WHERE RT_BILL_NO = :b1 AND",focus_forms/ARST006.fmx.md,observed_sql_indicator,PKB/SQL and schema
ARST006.fmx,sql,"SELECT I_CODE FROM (SELECT I_CODE,W_CODE,NVL(EXPIRE_DATE,''01/01/1900''),NVL(BATCH_NO,''0''),RCRD_NO,NVL(I_QTY,0) + NVL(FREE_QTY,0) FROM IAS_RT_BILL_DTL WHERE BILL_SER = :b1 AND NV",focus_forms/ARST006.fmx.md,observed_sql_indicator,PKB/SQL and schema
ARST006.fmx,sql,"UPDATE IAS_RT_BILL_MST SET BILL_AMT=(SELECT ROUND(NVL(SUM(I_QTY * I_PRICE ),0),:b1) FROM IAS_RT_BILL_DTL WHERE RT_BILL_SER = :b2 ),INSRNCE_CSH_AMT=(SELECT ROUND(NVL(SUM(I_QTY * (NV",focus_forms/ARST006.fmx.md,observed_sql_indicator,PKB/SQL and schema
ARST006.fmx,sql,"SELECT MAX(RCRD_NO) FROM IAS_RT_BILL_DTL WHERE RT_BILL_SER = :b1""",focus_forms/ARST006.fmx.md,observed_sql_indicator,PKB/SQL and schema
ARST006.fmx,sql,"SELECT 1 FROM IAS_V_SI_PY WHERE BILL_DOC_TYPE = :b1 AND BILL_NO = :b2 AND ROWNUM <= 1""SELECT 1 FROM IAS_V_SI_DET_PY WHERE BILL_DOC_TYPE = :b1 AND BILL_NO = :b2 AND I_CODE = :b3 AND",focus_forms/ARST006.fmx.md,observed_sql_indicator,PKB/SQL and schema
ARST006.fmx,sql,"SELECT NVL(SUM(I_QTY * NVL(P_SIZE,1) ),0) FROM IAS_V_SI_DET_PY WHERE BILL_SER = :b1 AND I_CODE = :b2 AND NVL(RCRD_NO,0) = NVL(:b3,0)""SELECT NVL(SUM(D.P_QTY),0) FROM IAS_RT_BILL_MST",focus_forms/ARST006.fmx.md,observed_sql_indicator,PKB/SQL and schema
ARST006.fmx,sql,"SELECT A_CODE FROM CASH_IN_HAND WHERE CASH_NO = :b1""SELECT A_CODE FROM CASH_AT_BANK WHERE BANK_NO = :b1""SELECT C_A_CODE FROM CUSTOMER WHERE C_CODE = :b1""SELECT A_CODE FROM CASH_IN_",focus_forms/ARST006.fmx.md,observed_sql_indicator,PKB/SQL and schema
ARST006.fmx,sql,"UPDATE ITEM_MOVEMENT A SET DIS_AMT=(SELECT DIS_AMT FROM IAS_RT_BILL_DTL WHERE DOC_SEQUENCE = A.DOC_SEQUENCE AND ROWNUM <= 1 ) WHERE DOC_TYPE = 3 AND DOC_SER = :b1""",focus_forms/ARST006.fmx.md,observed_sql_indicator,PKB/SQL and schema
ARST006.fmx,sql,"DELETE FROM GR_DETAIL WHERE PI_TYPE = 3 AND GR_NO = :b1 AND NVL(G_SER,0) = NVL(:b2,0) AND I_CODE = :b3 AND NVL(RCRD_NO,0) = NVL(:b4,0)""DELETE FROM ITEM_MOVEMENT WHERE DOC_TYPE = 3",focus_forms/ARST006.fmx.md,observed_sql_indicator,PKB/SQL and schema
ARST006.fmx,sql,"SELECT COUNT(1) FROM ACCOUNT_CURR WHERE A_CODE = :b1""SELECT A_CY FROM ACCOUNT_CURR WHERE A_CODE = :b1""SELECT COUNT(1) FROM CUSTOMER_CURR WHERE C_CODE = :b1""SELECT A_CY FROM CUSTOME",focus_forms/ARST006.fmx.md,observed_sql_indicator,PKB/SQL and schema
ARST006.fmx,sql,"SELECT CASH_NAME FROM CASH_IN_HAND WHERE CASH_NO = :b1""SELECT DECODE(:b1,1,NVL(A_NAME,A_NAME_ENG),NVL(A_NAME_ENG,A_NAME)) FROM ACCOUNT WHERE A_CODE = :b2""SELECT BANK_NAME FROM CASH",focus_forms/ARST006.fmx.md,observed_sql_indicator,PKB/SQL and schema
ARST006.fmx,sql,"SELECT BILL_SER FROM IAS_BILL_MST WHERE BILL_SER_CONN = :b1 AND ROWNUM <= 1""SELECT SUM(FREE_QTY) FROM IAS_BILL_DTL WHERE BILL_SER = :b1 AND I_CODE = :b2 AND NVL(I_QTY,0) = 0""SELECT",focus_forms/ARST006.fmx.md,observed_sql_indicator,PKB/SQL and schema
ARST006.fmx,sql,"SELECT DECODE(:b1,1,NVL(DESC_A_NAME,DESC_E_NAME),NVL(DESC_E_NAME,DESC_A_NAME)) FROM IAS_ITEM_SERIAL_DESC WHERE DESC_NO = :b2 AND ROWNUM <= 1""",focus_forms/ARST006.fmx.md,observed_sql_indicator,PKB/SQL and schema
ARST006.fmx,sql,"SELECT PRM_CODE,",focus_forms/ARST006.fmx.md,observed_sql_indicator,PKB/SQL and schema
ARST006.fmx,sql,"SELECT COUNT(1) FROM WAREHOUSE_DETAILS""SELECT W_CODE FROM WAREHOUSE_DETAILS""",focus_forms/ARST006.fmx.md,observed_sql_indicator,PKB/SQL and schema
ARST006.fmx,sql,"SELECT NVL(MAX(TO_NUMBER(RT_BILL_NO)),0) + 1 FROM IAS_RT_BILL_MST WHERE BRN_NO = :b1""SELECT NVL(MAX(TO_NUMBER(RT_BILL_NO)),0) + 1 FROM IAS_RT_BILL_MST WHERE RT_BILL_DOC_TYPE = :b1",focus_forms/ARST006.fmx.md,observed_sql_indicator,PKB/SQL and schema
ARST006.fmx,sql,"SELECT LEV_NO FROM CUSTOMER_CURR WHERE C_CODE = :b1 AND A_CY = :b2""",focus_forms/ARST006.fmx.md,observed_sql_indicator,PKB/SQL and schema
ARST006.fmx,sql,"SELECT 1 FROM IAS_CST_SMAN WHERE C_CODE = :b1 AND REP_CODE = :b2 AND ROWNUM <= 1""SELECT REPRS_CODE FROM SALES_MAN WHERE W_CODE = :b1 AND ROWNUM <= 1""SELECT W_CODE,CASH_NO,CC_CODE,P",focus_forms/ARST006.fmx.md,observed_sql_indicator,PKB/SQL and schema
ARST006.fmx,sql,"SELECT 1 FROM IAS_ITM_MST WHERE I_CODE = LTRIM(RTRIM(UPPER(:b1))) AND ROWNUM <= 1""SELECT 1 FROM MEASUREMENT WHERE MEASURE_CODE = :b1 AND ROWNUM <= 1""SELECT USE_SERIALNO,USE_BATCH_N",focus_forms/ARST006.fmx.md,observed_sql_indicator,PKB/SQL and schema
ARST006.fmx,sql,"SELECT I_CODE,ITM_UNT,NVL(P_SIZE,1) P_SIZE,W_CODE,CC_CODE,NVL(I_QTY,0) I_QTY,NVL(FREE_QTY,0) FREE_QTY,NVL(I_PRICE_VAT,0) I_PRICE_VAT,NVL(I_PRICE,0) I_PRICE,NVL(STK_COST,0) STK_COST",focus_forms/ARST006.fmx.md,observed_sql_indicator,PKB/SQL and schema
ARST006.fmx,sql,"SELECT R_code,",focus_forms/ARST006.fmx.md,observed_sql_indicator,PKB/SQL and schema
ARST006.fmx,sql,SELECT BILL_SER FROM IAS_BILL_MST WHERE BILL_NO = :b1 AND ((:b2 = 0 ) OR EXISTS (SELECT 1 FROM IAS_SHW_DOC_PRIV WHERE U_ID = :b3 AND T_U_ID = IAS_BILL_MST.AD_U_ID AND NVL(PRIV_FLAG,focus_forms/ARST006.fmx.md,observed_sql_indicator,PKB/SQL and schema
ARST006.fmx,sql,"SELECT USE_SERIALNO FROM IAS_ITM_MST WHERE I_CODE = :b1""SELECT OTHER_CHARGES.SC_NO,SC_NAME,OTHER_CHARGES.A_CODE,PER,OTHER_CHARGES.AMT FROM OTHER_CHARGES,SALES_CHARGES WHERE SALES_C",focus_forms/ARST006.fmx.md,observed_sql_indicator,PKB/SQL and schema
ARST006.fmx,sql,"SELECT BILL_DOC_TYPE,BILL_SER FROM IAS_BILL_MST WHERE BILL_NO = :b1 AND BILL_SER = :b2 AND ((:b3 = 1 ) OR EXISTS (SELECT 1 FROM S_BRN_USR_PRIV WHERE U_ID = :b3 AND S_BRN_USR_PRIV.B",focus_forms/ARST006.fmx.md,observed_sql_indicator,PKB/SQL and schema
ARST006.fmx,sql,"SELECT cash_in_hand.cash_no,",focus_forms/ARST006.fmx.md,observed_sql_indicator,PKB/SQL and schema
ARST006.fmx,sql,"SELECT BILL_SER FROM IAS_V_SI_PY WHERE BILL_NO = :b1 AND BILL_SER = :b2""SELECT BILL_CURRENCY,C_CODE,CASH_NO,BILL_DOC_TYPE,C_NAME,DECODE(:b1,1,W_CODE),DECODE(:b2,1,CC_CODE),R_CODE,R",focus_forms/ARST006.fmx.md,observed_sql_indicator,PKB/SQL and schema
ARST006.fmx,sql,"UPDATE IAS_RT_BILL_DTL SET OTHR_AMT=0 WHERE RT_BILL_SER = :b1""SELECT 1 FROM OTHER_CHARGES WHERE BILL_SER = :b1 AND BILL_TYPE = 3 AND NVL(INV_ITEM,0) = 1 AND ROWNUM <= 1""SELECT 1 FR",focus_forms/ARST006.fmx.md,observed_sql_indicator,PKB/SQL and schema
ARST006.fmx,sql,"SELECT COUNT(1) FROM WAREHOUSE_DETAILS""SELECT W_CODE FROM WAREHOUSE_DETAILS""SELECT I_CODE,I_QTY FROM GATE_YS.GR WHERE DOC_NO = :b1 AND PAPER_SERIAL = :b2 AND BRANCH = :b3 AND YEAR",focus_forms/ARST006.fmx.md,observed_sql_indicator,PKB/SQL and schema
ARST006.fmx,sql,"SELECT NVL(SHOW_ITEM_DESC,0),NVL(ITM_DISC_TYPE,1),NVL(DISC_COUNT,1) FROM IAS_PARA_AR""",focus_forms/ARST006.fmx.md,observed_sql_indicator,PKB/SQL and schema
ARST006.fmx,sql,"UPDATE IAS_RT_BILL_DTL SET VAT_AMT=ROUND(((NVL(VAT_PER,0) * NVL(I_PRICE,0) ) / 100 ),:b1) WHERE RT_BILL_SER = :b2 AND NVL(I_QTY,0) > 0""UPDATE IAS_RT_BILL_DTL SET I_PRICE=NVL(I_PRIC",focus_forms/ARST006.fmx.md,observed_sql_indicator,PKB/SQL and schema
ARST006.fmx,sql,"SELECT NVL(SUM(NVL(FREE_QTY,0) * NVL(P_SIZE,1) ),0) FROM IAS_V_SI_DET_PY WHERE BILL_SER = :b1 AND I_CODE = :b2 AND NVL(RCRD_NO,0) = NVL(:b3,0)""SELECT NVL(SUM(NVL(D.FREE_QTY,0) * NV",focus_forms/ARST006.fmx.md,observed_sql_indicator,PKB/SQL and schema
ARST006.fmx,sql,"SELECT I_CODE,TO_CHAR(W_CODE,''000'') W_CODE,TO_CHAR(EXPIRE_DATE,''DD/MM/YYYY'') EXPIRE_DATE,NVL(BATCH_NO,''0'') BATCH_NO,I_QTY,USE_SERIALNO,I_HEIGHT,I_WIDTH,I_LENGTH,NVL(BILL_SER,",focus_forms/ARST006.fmx.md,observed_sql_indicator,PKB/SQL and schema
ARST006.fmx,sql,"SELECT NVL(BATCH_DESC_A_NAME,BATCH_DESC_E_NAME) FROM IAS_BATCH_NO_CONTENTS WHERE COL_NO = 1 AND BATCH_DESC_NO = LPAD(SUBSTR(:b1,:b2,:b3),:b3,''0'')""SELECT NVL(BATCH_DESC_A_NAME,BAT",focus_forms/ARST006.fmx.md,observed_sql_indicator,PKB/SQL and schema
ARST006.fmx,sql,"UPDATE IAS_BILL_MST A SET PROCESSED=1 WHERE BILL_SER IN (SELECT BILL_SER FROM IAS_RT_BILL_DTL WHERE RT_BILL_SER = :b1 ) AND 0 = (SELECT SUM((NVL(I_QTY,0) + NVL(FREE_QTY,0) ) - (NVL",focus_forms/ARST006.fmx.md,observed_sql_indicator,PKB/SQL and schema
ARST006.fmx,sql,"SELECT 1 FROM IAS_BNFCRS WHERE BNF_NO = :b1 AND NVL(INACTIVE,0) = 1 AND ROWNUM <= 1""SELECT 1 FROM IAS_INSRNCE_CMP WHERE INS_CMP_NO = :b1 AND NVL(INACTIVE,0) = 1 AND ROWNUM <= 1""SEL",focus_forms/ARST006.fmx.md,observed_sql_indicator,PKB/SQL and schema
ARST006.fmx,sql,"UPDATE IAS_INCOUT_DTL A SET RT_QTY=(SELECT NVL(SUM(NVL(P_QTY,0)),0) / A.P_SIZE IQTY FROM IAS_RT_BILL_DTL WHERE BILL_SER = A.DOC_SER_REF AND I_CODE = A.I_CODE ),RT_FREE_QTY=(SELECT",focus_forms/ARST006.fmx.md,observed_sql_indicator,PKB/SQL and schema
ARST006.fmx,sql,"SELECT NVL(SUM(P_QTY),0),NVL(SUM(NVL(FREE_QTY,0) * P_SIZE ),0) / :b1 FROM IAS_RT_BILL_DTL WHERE DOC_TYPE_REF = 136 AND DOC_NO_REF = :b2 AND DOC_SER_REF = :b3 AND I_CODE = :b4 AND R",focus_forms/ARST006.fmx.md,observed_sql_indicator,PKB/SQL and schema
ARST006.fmx,sql,"SELECT NVL(SUM(NVL(P_QTY,0) + (NVL(FREE_QTY,0) * NVL(P_SIZE,1) ) ),0) FROM IAS_RT_BILL_DTL_RQ WHERE RT_BILL_SER = :b1""SELECT NVL(SUM(NVL(P_QTY,0) + (NVL(FREE_QTY,0) * NVL(P_SIZE,1)",focus_forms/ARST006.fmx.md,observed_sql_indicator,PKB/SQL and schema
ARST006.fmx,sql,"SELECT ias_item_price.lev_no,",focus_forms/ARST006.fmx.md,observed_sql_indicator,PKB/SQL and schema
ARST006.fmx,sql,SELECT lev_no,focus_forms/ARST006.fmx.md,observed_sql_indicator,PKB/SQL and schema
ARST006.fmx,sql,"SELECT cash_at_bank.Bank_no,",focus_forms/ARST006.fmx.md,observed_sql_indicator,PKB/SQL and schema
ARST006.fmx,sql,"SELECT w_code,",focus_forms/ARST006.fmx.md,observed_sql_indicator,PKB/SQL and schema
ARST006.fmx,sql,"SELECT reprs_code,",focus_forms/ARST006.fmx.md,observed_sql_indicator,PKB/SQL and schema
ARST006.fmx,sql,"SELECT rt_bill_date, flg_desc t_name, rt_bill_no, c_name, rt_bill_doc_type,",focus_forms/ARST006.fmx.md,observed_sql_indicator,PKB/SQL and schema
ARST006.fmx,sql,"SELECT RT_BILL_DATE, FLG_DESC T_NAME, RT_BILL_NO, C_NAME, W_CODE, CC_CODE, RT_BILL_DOC_TYPE,",focus_forms/ARST006.fmx.md,observed_sql_indicator,PKB/SQL and schema
ARST006.fmx,sql,SELECT 1,focus_forms/ARST006.fmx.md,observed_sql_indicator,PKB/SQL and schema
ARST006.fmx,sql,SELECT RT_BILL_SER FROM IAS_RT_BILL_MST_RQ WHERE RT_BILL_NO = :b1 AND ((:b2 = 1 ) OR EXISTS (SELECT 1 FROM S_BRN_USR_PRIV WHERE U_ID = :b2 AND S_BRN_USR_PRIV.BRN_NO = IAS_RT_BILL_M,focus_forms/ARST006.fmx.md,observed_sql_indicator,PKB/SQL and schema
ARST006.fmx,sql,"SELECT 1 FROM IAS_RT_BILL_DTL WHERE RT_BILL_SER = :b1 AND (NVL(USE_ATTCH,0) + NVL(USE_SERIALNO,0) ) = 1 AND ROWNUM <= 1""SELECT D.I_CODE FROM IAS_RT_BILL_DTL D,IAS_ITM_MST M WHERE D",focus_forms/ARST006.fmx.md,observed_sql_indicator,PKB/SQL and schema
ARST006.fmx,sql,"SELECT RT_BILL_DATE, FLG_DESC T_NAME, RT_BILL_NO, C_NAME, CC_CODE, BILL_AMT, RT_BILL_DOC_TYPE,",focus_forms/ARST006.fmx.md,observed_sql_indicator,PKB/SQL and schema
ARST006.fmx,sql,"SELECT RT_BILL_DATE,",focus_forms/ARST006.fmx.md,observed_sql_indicator,PKB/SQL and schema
ARST006.fmx,sql,"SELECT bill_date, flg_desc t_name, bill_no, c_code, c_name, bill_currency,",focus_forms/ARST006.fmx.md,observed_sql_indicator,PKB/SQL and schema
ARST006.fmx,sql,"SELECT Bill_date,",focus_forms/ARST006.fmx.md,observed_sql_indicator,PKB/SQL and schema
ARST006.fmx,sql,"SELECT BILL_DATE, FLG_DESC T_NAME, BILL_NO, C_CODE, C_NAME, BILL_CURRENCY,",focus_forms/ARST006.fmx.md,observed_sql_indicator,PKB/SQL and schema
ARST006.fmx,sql,"SELECT Ias_Bill_Dtl.bill_no bill_no, Ias_Bill_Mst.c_name c_name,",focus_forms/ARST006.fmx.md,observed_sql_indicator,PKB/SQL and schema
ARST006.fmx,sql,"SELECT Ias_V_Si_Det_Py.bill_no bill_no,",focus_forms/ARST006.fmx.md,observed_sql_indicator,PKB/SQL and schema
ARST006.fmx,sql,"SELECT Distinct Gate_Ys.gt_paper_ms.paper_no,",focus_forms/ARST006.fmx.md,observed_sql_indicator,PKB/SQL and schema
ARST006.fmx,sql,"SELECT SUBG_CODE,",focus_forms/ARST006.fmx.md,observed_sql_indicator,PKB/SQL and schema
ARST006.fmx,sql,"SELECT MNG_CODE,",focus_forms/ARST006.fmx.md,observed_sql_indicator,PKB/SQL and schema
ARST006.fmx,sql,"SELECT desc_no,",focus_forms/ARST006.fmx.md,observed_sql_indicator,PKB/SQL and schema
ARST006.fmx,sql,"SELECT Actv_no,",focus_forms/ARST006.fmx.md,observed_sql_indicator,PKB/SQL and schema
ARST006.fmx,sql,"SELECT DECODE(batch_no,'0','', batch_no) batch_no,",focus_forms/ARST006.fmx.md,observed_sql_indicator,PKB/SQL and schema
ARST006.fmx,sql,"SELECT Driver_No,",focus_forms/ARST006.fmx.md,observed_sql_indicator,PKB/SQL and schema
ARST006.fmx,sql,"SELECT R_CODE,CC_CODE FROM WAREHOUSE_DETAILS WHERE W_CODE = :b1 AND ROWNUM <= 1""",focus_forms/ARST006.fmx.md,observed_sql_indicator,PKB/SQL and schema
ARST006.fmx,sql,"SELECT COUNT(1) FROM IAS_PROMOTERS WHERE PRM_CODE = :b1 AND NVL(INACTIVE,0) = 1""",focus_forms/ARST006.fmx.md,observed_sql_indicator,PKB/SQL and schema
ARST006.fmx,sql,"SELECT COUNT(1) FROM IAS_CASH_IN_HAND_DTL A,PRIV_CASH B WHERE B.U_ID = :b1 AND A.CASH_NO = B.CASH_NO AND B.CASH_TYPE = 1 AND NVL(B.ADD_FLAG,0) = 1""SELECT A.CASH_NO,A.CASH_NAME,B.A_",focus_forms/ARST006.fmx.md,observed_sql_indicator,PKB/SQL and schema
ARST006.fmx,sql,"SELECT COUNT(1) FROM IAS_RT_BILL_MST WHERE RT_BILL_NO = :b1 AND BRN_NO = :b2""SELECT COUNT(1) FROM IAS_RT_BILL_MST WHERE RT_BILL_DOC_TYPE = :b1 AND RT_BILL_NO = :b2 AND BRN_NO = :b3",focus_forms/ARST006.fmx.md,observed_sql_indicator,PKB/SQL and schema
ARST006.fmx,sql,"SELECT A_CODE FROM CASH_IN_HAND WHERE CASH_NO = :b1""SELECT REPRS_CODE FROM SALES_MAN WHERE CASH_NO = :b1""SELECT A_CODE FROM CASH_AT_BANK WHERE BANK_NO = :b1""SELECT REPRS_CODE,W_COD",focus_forms/ARST006.fmx.md,observed_sql_indicator,PKB/SQL and schema
ARST006.fmx,sql,"SELECT C_A_CODE,R_CODE,REP_CODE,INACTIVE,C_CLASS,DECODE(:b1,1,NVL(C_A_NAME,C_E_NAME),NVL(C_E_NAME,C_A_NAME)),BLK_LST,CONN_BRN_NO,NVL(INSRNCE_CST,0),INSRNCE_CMP_NO FROM CUSTOMER WHE",focus_forms/ARST006.fmx.md,observed_sql_indicator,PKB/SQL and schema
ARST006.fmx,sql,"SELECT CC_CODE FROM CUSTOMER WHERE C_CODE = :b1""SELECT CC_CODE FROM CUSTOMER WHERE C_CODE = :b1 AND EXISTS (SELECT 1 FROM PRIVILEGE_CC WHERE U_ID = :b2 AND CC_CODE = CUSTOMER.CC_CO",focus_forms/ARST006.fmx.md,observed_sql_indicator,PKB/SQL and schema
ARST006.fmx,sql,"SELECT 1 FROM PRIV_ACC WHERE A_CODE = :b1 AND A_CY = :b2 AND NVL(ADD_FLAG,0) = 1 AND U_ID = :b3 AND ROWNUM <= 1""SELECT 1 FROM PRIV_ACC WHERE A_CODE = :b1 AND A_CY = :b2 AND NVL(ADD",focus_forms/ARST006.fmx.md,observed_sql_indicator,PKB/SQL and schema
ARST006.fmx,sql,"SELECT C_CODE FROM CUSTOMER WHERE (LTRIM(RTRIM(C_A_NAME)) = LTRIM(RTRIM(:b1)) OR LTRIM(RTRIM(C_E_NAME)) = LTRIM(RTRIM(:b1)) )""SELECT C_A_CODE,R_CODE,REP_CODE,INACTIVE,C_CLASS FROM",focus_forms/ARST006.fmx.md,observed_sql_indicator,PKB/SQL and schema
ARST006.fmx,sql,"SELECT BILL_CURRENCY,C_CODE,REP_CODE,COMM_PER,NVL(STAND_BY,0) FROM IAS_BILL_MST WHERE BILL_SER = :b1 AND DECODE(:b2,1,NVL(CC_CODE,0),0) = DECODE(:b2,1,NVL(:b4,0),0)""",focus_forms/ARST006.fmx.md,observed_sql_indicator,PKB/SQL and schema
ARST006.fmx,sql,"SELECT COUNT(1) FROM SALES_MAN WHERE REPRS_CODE = :b1 AND NVL(INACTIVE,0) = 1""SELECT COMM_PER FROM SALES_MAN WHERE REPRS_CODE = :b1 AND ROWNUM <= 1""",focus_forms/ARST006.fmx.md,observed_sql_indicator,PKB/SQL and schema
ARST006.fmx,sql,"SELECT DECODE(:b1,1,NVL(RES_L_NM,RES_F_NM),NVL(RES_F_NM,RES_L_NM)) RES_NM FROM IAS_RT_SALES_REASON WHERE RES_TYP = :b2 AND ROWNUM <= 1""",focus_forms/ARST006.fmx.md,observed_sql_indicator,PKB/SQL and schema
ARST006.fmx,sql,"SELECT NVL(INV_DIS_LMT,0) FROM PRIVILEGE_FIXED WHERE U_ID = :b1""",focus_forms/ARST006.fmx.md,observed_sql_indicator,PKB/SQL and schema
ARST006.fmx,metadata,ARST006,focus_forms/ARST006.fmx.md,specification_only,none
ARST006.fmx,metadata,YSERP_MNU.MMX,focus_forms/ARST006.fmx.md,specification_only,none
ARST006.fmx,metadata,AMERICAN_AMERICA.AR8MSWIN1256,focus_forms/ARST006.fmx.md,specification_only,none
ARST006.fmx,metadata,P7_19_NOV_201408_39_34,focus_forms/ARST006.fmx.md,specification_only,none
ARST006.fmx,metadata,SQLFORMS,focus_forms/ARST006.fmx.md,specification_only,none
ARST006.fmx,metadata,"""PKG INIT""<anonymous>""""",focus_forms/ARST006.fmx.md,specification_only,none
ARST006.fmx,metadata,P6_19_NOV_201408_39_34,focus_forms/ARST006.fmx.md,specification_only,none
ARST006.fmx,metadata,P0_10_SEP_201409_07_04,focus_forms/ARST006.fmx.md,specification_only,none
ARST006.fmx,metadata,P6_19_MAR_201410_50_09,focus_forms/ARST006.fmx.md,specification_only,none
ARST006.fmx,metadata,/LYSERP_LIB,focus_forms/ARST006.fmx.md,specification_only,none
ARST006.fmx,metadata,GEN_PKG,focus_forms/ARST006.fmx.md,specification_only,none
ARST006.fmx,metadata,P30_16_JAN_201412_58_41,focus_forms/ARST006.fmx.md,specification_only,none
ARST006.fmx,metadata,/NSPC3/PRE_FORM_PRC,focus_forms/ARST006.fmx.md,specification_only,none
ARST006.fmx,metadata,P29_16_JAN_201412_58_41,focus_forms/ARST006.fmx.md,specification_only,none
ARST006.fmx,metadata,!/NSPC3/WHEN_NEW_FORM_INSTANCE_PRC,focus_forms/ARST006.fmx.md,specification_only,none
ARST006.fmx,metadata,P28_16_JAN_201412_58_41,focus_forms/ARST006.fmx.md,specification_only,none
ARST006.fmx,metadata,/NSPC3/POST_FORMS_COMMIT_PRC,focus_forms/ARST006.fmx.md,specification_only,none
ARST006.fmx,metadata,P27_16_JAN_201412_58_41,focus_forms/ARST006.fmx.md,specification_only,none
ARST006.fmx,metadata,P26_16_JAN_201412_58_41,focus_forms/ARST006.fmx.md,specification_only,none
ARST006.fmx,metadata,P25_16_JAN_201412_58_41,focus_forms/ARST006.fmx.md,specification_only,none
ARST006.fmx,metadata,P24_16_JAN_201412_58_41,focus_forms/ARST006.fmx.md,specification_only,none
ARST006.fmx,metadata,P23_16_JAN_201412_58_41,focus_forms/ARST006.fmx.md,specification_only,none
ARST006.fmx,metadata,P22_16_JAN_201412_58_41,focus_forms/ARST006.fmx.md,specification_only,none
ARST006.fmx,metadata,P21_16_JAN_201412_58_41,focus_forms/ARST006.fmx.md,specification_only,none
ARST006.fmx,metadata,/NSPC3/EXIT_PROC,focus_forms/ARST006.fmx.md,specification_only,none
ARST006.fmx,metadata,P20_16_JAN_201412_58_41,focus_forms/ARST006.fmx.md,specification_only,none
ARST006.fmx,metadata,P19_16_JAN_201412_58_41,focus_forms/ARST006.fmx.md,specification_only,none
ARST006.fmx,metadata,STANDARD,focus_forms/ARST006.fmx.md,specification_only,none
ARST006.fmx,metadata,FORMS40,focus_forms/ARST006.fmx.md,specification_only,none
ARST006.fmx,metadata,VIEW_BTN,focus_forms/ARST006.fmx.md,specification_only,none
ARST006.fmx,metadata,SCREEN_BTN,focus_forms/ARST006.fmx.md,specification_only,none
ARST006.fmx,metadata,PRINT_DOC_BTN,focus_forms/ARST006.fmx.md,specification_only,none
ARST006.fmx,metadata,CANCEL_BTN,focus_forms/ARST006.fmx.md,specification_only,none
ARST006.fmx,metadata,PRINT_ST,focus_forms/ARST006.fmx.md,specification_only,none
ARST006.fmx,metadata,P18_16_JAN_201412_58_41,focus_forms/ARST006.fmx.md,specification_only,none
ARST006.fmx,metadata,Create -,focus_forms/ARST006.fmx.md,specification_only,none
ARST006.fmx,metadata,P17_16_JAN_201412_58_41,focus_forms/ARST006.fmx.md,specification_only,none
ARST006.fmx,metadata,FORMS4C,focus_forms/ARST006.fmx.md,specification_only,none
ARST006.fmx,metadata,/NSPC3/ADD_PROC,focus_forms/ARST006.fmx.md,specification_only,none
ARST006.fmx,metadata,BAR.ADD_Btn,focus_forms/ARST006.fmx.md,specification_only,none
ARST006.fmx,metadata,TRUE,focus_forms/ARST006.fmx.md,specification_only,none
ARST006.fmx,metadata,Delete -,focus_forms/ARST006.fmx.md,specification_only,none
ARST006.fmx,metadata,P16_16_JAN_201412_58_41,focus_forms/ARST006.fmx.md,specification_only,none
ARST006.fmx,metadata,/NSPC3/DELETE_PROC,focus_forms/ARST006.fmx.md,specification_only,none
ARST006.fmx,metadata,BAR.Del_Btn,focus_forms/ARST006.fmx.md,specification_only,none
ARST006.fmx,metadata,Accept -,focus_forms/ARST006.fmx.md,specification_only,none
ARST006.fmx,metadata,P15_16_JAN_201412_58_41,focus_forms/ARST006.fmx.md,specification_only,none
ARST006.fmx,metadata,/NSPC3/SAVE_PROC,focus_forms/ARST006.fmx.md,specification_only,none
ARST006.fmx,metadata,BAR.SAVE_Btn,focus_forms/ARST006.fmx.md,specification_only,none
ARST006.fmx,metadata,List -,focus_forms/ARST006.fmx.md,specification_only,none
ARST006.fmx,metadata,P14_16_JAN_201412_58_41,focus_forms/ARST006.fmx.md,specification_only,none
ARST006.fmx,metadata,/NSPC3/LIST_PROC,focus_forms/ARST006.fmx.md,specification_only,none
ARST006.fmx,metadata,BAR.LIST_BTN,focus_forms/ARST006.fmx.md,specification_only,none
ARST006.fmx,metadata,Search_,focus_forms/ARST006.fmx.md,specification_only,none
ARST006.fmx,metadata,P13_16_JAN_201412_58_41,focus_forms/ARST006.fmx.md,specification_only,none
ARST006.fmx,metadata,/NSPC3/KEY_ENTQRY,focus_forms/ARST006.fmx.md,specification_only,none
ARST006.fmx,metadata,BAR.SeeK_Btn,focus_forms/ARST006.fmx.md,specification_only,none
ARST006.fmx,metadata,Exceute -,focus_forms/ARST006.fmx.md,specification_only,none
ARST006.fmx,metadata,P12_16_JAN_201412_58_41,focus_forms/ARST006.fmx.md,specification_only,none
ARST006.fmx,metadata,/NSPC3/KEY_EXEQRY,focus_forms/ARST006.fmx.md,specification_only,none
ARST006.fmx,metadata,BAR.SEEK_BTN,focus_forms/ARST006.fmx.md,specification_only,none
ARST006.fmx,metadata,Print -,focus_forms/ARST006.fmx.md,specification_only,none
ARST006.fmx,metadata,P11_16_JAN_201412_58_41,focus_forms/ARST006.fmx.md,specification_only,none
ARST006.fmx,metadata,/NSPC3/CALL_SCR_PRINT,focus_forms/ARST006.fmx.md,specification_only,none
ARST006.fmx,metadata,BAR.Print_Btn,focus_forms/ARST006.fmx.md,specification_only,none
ARST006.fmx,metadata,P10_16_JAN_201412_58_41,focus_forms/ARST006.fmx.md,specification_only,none
ARST006.fmx,metadata,/NSPC3/WHEN_TIMER_EXPIRED_PRC,focus_forms/ARST006.fmx.md,specification_only,none
ARST006.fmx,metadata,P9_16_JAN_201412_58_41,focus_forms/ARST006.fmx.md,specification_only,none
ARST006.fmx,metadata,FORMS4W,focus_forms/ARST006.fmx.md,specification_only,none
ARST006.fmx,metadata,WIN7,focus_forms/ARST006.fmx.md,specification_only,none
ARST006.fmx,metadata,Ias_Rt_Bill_Mst.Dummy,focus_forms/ARST006.fmx.md,specification_only,none
ARST006.fmx,metadata,WIN9,focus_forms/ARST006.fmx.md,specification_only,none
ARST006.fmx,metadata,Bar.Dummy,focus_forms/ARST006.fmx.md,specification_only,none
ARST006.fmx,metadata,WIN10,focus_forms/ARST006.fmx.md,specification_only,none
ARST006.fmx,metadata,Ias_Rt_Bill_Dtl,focus_forms/ARST006.fmx.md,specification_only,none
ARST006.fmx,metadata,WIN11,focus_forms/ARST006.fmx.md,specification_only,none
ARST006.fmx,metadata,Ias_Rt_Bill_Dtl.I_Qty,focus_forms/ARST006.fmx.md,specification_only,none
ARST006.fmx,metadata,Win_Wt,focus_forms/ARST006.fmx.md,specification_only,none
ARST006.fmx,metadata,.I_Qty,focus_forms/ARST006.fmx.md,specification_only,none
ARST006.fmx,metadata,.Dummy,focus_forms/ARST006.fmx.md,specification_only,none
ARST006.fmx,metadata,WIN13,focus_forms/ARST006.fmx.md,specification_only,none
ARST006.fmx,metadata,P8_16_JAN_201412_58_41,focus_forms/ARST006.fmx.md,specification_only,none
ARST006.fmx,metadata,P4_12_FEB_201417_30_42,focus_forms/ARST006.fmx.md,specification_only,none
ARST006.fmx,metadata,/NSPC3/WHEN_TAB_PAGE_CHANGED_PRC,focus_forms/ARST006.fmx.md,specification_only,none
ARST006.fmx,metadata,P5_16_JAN_201412_58_41,focus_forms/ARST006.fmx.md,specification_only,none
ARST006.fmx,metadata,P6_22_FEB_201412_23_21,focus_forms/ARST006.fmx.md,specification_only,none
ARST006.fmx,metadata,/NSPC3/CLEAR_ALL_MASTER_DETAILS,focus_forms/ARST006.fmx.md,specification_only,none
ARST006.fmx,metadata,ADD_PROC,focus_forms/ARST006.fmx.md,specification_only,none
ARST006.fmx,metadata,/NSPC3/ENA_DIS_ITEM,focus_forms/ARST006.fmx.md,specification_only,none
ARST006.fmx,metadata,/NSPC3/GET_RT_BILL_NO,focus_forms/ARST006.fmx.md,specification_only,none
ARST006.fmx,metadata,/NSPC3/MAKEARRAY,focus_forms/ARST006.fmx.md,specification_only,none
ARST006.fmx,metadata,IAS_GEN_PKG,focus_forms/ARST006.fmx.md,specification_only,none
ARST006.fmx,metadata,IAS20142,focus_forms/ARST006.fmx.md,specification_only,none
ARST006.fmx,metadata,"""PKG INIT""ADD_PROC""CNT""""",focus_forms/ARST006.fmx.md,specification_only,none
ARST006.fmx,metadata,RollBack,focus_forms/ARST006.fmx.md,specification_only,none
ARST006.fmx,metadata,IAS_RT_BILL_MST,focus_forms/ARST006.fmx.md,specification_only,none
ARST006.fmx,metadata,Ias_Rt_Bill_Mst.c_code,focus_forms/ARST006.fmx.md,specification_only,none
ARST006.fmx,metadata,Ias_Rt_Bill_Mst.Sr_Type,focus_forms/ARST006.fmx.md,specification_only,none
ARST006.fmx,metadata,ArDup,focus_forms/ARST006.fmx.md,specification_only,none
ARST006.fmx,metadata,raj1,focus_forms/ARST006.fmx.md,specification_only,none
ARST006.fmx,metadata,None,focus_forms/ARST006.fmx.md,specification_only,none
ARST006.fmx,metadata,IAS_GEN_PKGIAS20142GET_CUR_RATEI,focus_forms/ARST006.fmx.md,specification_only,none
ARST006.fmx,metadata,Ias_Rt_Bill_Mst.C_Name,focus_forms/ARST006.fmx.md,specification_only,none
ARST006.fmx,metadata,Ias_Rt_Bill_Mst.Doc_No_Ref,focus_forms/ARST006.fmx.md,specification_only,none
ARST006.fmx,metadata,ADD_PROC2,focus_forms/ARST006.fmx.md,specification_only,none
ARST006.fmx,metadata,"""PKG INIT""ADD_PROC2""V_PK_VAL""""",focus_forms/ARST006.fmx.md,specification_only,none
ARST006.fmx,metadata,ADD_F_DOC,focus_forms/ARST006.fmx.md,specification_only,none
ARST006.fmx,metadata,CALL_SCR_PRINT,focus_forms/ARST006.fmx.md,specification_only,none
ARST006.fmx,metadata,"""PKG INIT""CALL_SCR_PRINT""V_AUDIT_REF""V_STAND_BY""<cursor ptr>""<SQL statement. Line 9>""""",focus_forms/ARST006.fmx.md,specification_only,none
ARST006.fmx,metadata,Ftr.Err,focus_forms/ARST006.fmx.md,specification_only,none
ARST006.fmx,metadata,Prnt.rep_smple,focus_forms/ARST006.fmx.md,specification_only,none
ARST006.fmx,metadata,Prnt.screen_btn,focus_forms/ARST006.fmx.md,specification_only,none
ARST006.fmx,metadata,Prnt.view_btn,focus_forms/ARST006.fmx.md,specification_only,none
ARST006.fmx,metadata,Prnt.print_doc_btn,focus_forms/ARST006.fmx.md,specification_only,none
ARST006.fmx,metadata,"SELECT NVL(STAND_BY,0),NVL(AUDIT_REF,0) FROM IAS_RT_BILL_MST WHERE RT_BILL_SER = :b1 AND ROWNUM <= 1""",focus_forms/ARST006.fmx.md,specification_only,none
ARST006.fmx,metadata,WHEN_TAB_PAGE_CHANGED_PRC,focus_forms/ARST006.fmx.md,specification_only,none
ARST006.fmx,metadata,"""PKG INIT""WHEN_TAB_PAGE_CHANGED_PRC""""",focus_forms/ARST006.fmx.md,specification_only,none
ARST006.fmx,metadata,VA_FLD,focus_forms/ARST006.fmx.md,specification_only,none
ARST006.fmx,metadata,B4SAVE_PRC,focus_forms/ARST006.fmx.md,specification_only,none
ARST006.fmx,metadata,IAS_USR_PKG,focus_forms/ARST006.fmx.md,specification_only,none
ARST006.fmx,metadata,/NSPC3/AUDIT,focus_forms/ARST006.fmx.md,specification_only,none
ARST006.fmx,metadata,/NSPC3/CHECK_FIELDS,focus_forms/ARST006.fmx.md,specification_only,none
ARST006.fmx,metadata,/NSPC3/MAKEARDUP,focus_forms/ARST006.fmx.md,specification_only,none
ARST006.fmx,metadata,/NSPC3/CALC_OTHER_CHARGES,focus_forms/ARST006.fmx.md,specification_only,none
ARST006.fmx,metadata,/NSPC3/CALC_OTHER_CHARGES_SR,focus_forms/ARST006.fmx.md,specification_only,none
ARST006.fmx,metadata,IAS_CHECK_SYS_PKG,focus_forms/ARST006.fmx.md,specification_only,none
ARST006.fmx,metadata,IAS_WCODE_PKG,focus_forms/ARST006.fmx.md,specification_only,none
ARST006.fmx,metadata,/NSPC3/IAS_SALESMAN_PKG,focus_forms/ARST006.fmx.md,specification_only,none
ARST006.fmx,metadata,IAS_CHK_LGHT_BRN_FNC,focus_forms/ARST006.fmx.md,specification_only,none
ARST006.fmx,metadata,"""PKG INIT""B4SAVE_PRC""CASHTYPE""CNT""B_POST""A_REF""E_POST""REC_RTBILL""<cursor ptr>""<SQL statement. Line 98>""V_CHK""""",focus_forms/ARST006.fmx.md,specification_only,none
ARST006.fmx,metadata,GPE<,focus_forms/ARST006.fmx.md,specification_only,none
ARST006.fmx,metadata,BAR.Save_btn,focus_forms/ARST006.fmx.md,specification_only,none
ARST006.fmx,metadata,IAS_GEN_PKGIAS20142GET_UPDATE_DOC_PERIOD,focus_forms/ARST006.fmx.md,specification_only,none
ARST006.fmx,metadata,CHANGED,focus_forms/ARST006.fmx.md,specification_only,none
ARST006.fmx,metadata,IAS_USR_PKGIAS20142GET_USR_NMIAS,focus_forms/ARST006.fmx.md,specification_only,none
ARST006.fmx,metadata,IAS_GEN_PKGIAS20142GET_CURDATEIA,focus_forms/ARST006.fmx.md,specification_only,none
ARST006.fmx,metadata,"Select Nvl(Up_Cnt,0)+1",focus_forms/ARST006.fmx.md,specification_only,none
ARST006.fmx,metadata,From Ias_Rt_Bill_Mst,focus_forms/ARST006.fmx.md,specification_only,none
ARST006.fmx,metadata,Where Rt_Bill_Ser=,focus_forms/ARST006.fmx.md,specification_only,none
ARST006.fmx,metadata,And RowNum<=1,focus_forms/ARST006.fmx.md,specification_only,none
ARST006.fmx,metadata,IAS_GEN_PKGIAS20142GET_CNTIA,focus_forms/ARST006.fmx.md,specification_only,none
ARST006.fmx,metadata,Raj1,focus_forms/ARST006.fmx.md,specification_only,none
ARST006.fmx,metadata,Ias_Rt_Bill_Mst.cash_no,focus_forms/ARST006.fmx.md,specification_only,none
ARST006.fmx,metadata,Ias_Rt_Bill_Mst.cash_no_Fcc,focus_forms/ARST006.fmx.md,specification_only,none
ARST006.fmx,metadata,IAS_RT_BILL_DTL,focus_forms/ARST006.fmx.md,specification_only,none
ARST006.fmx,metadata,Ias_Rt_Bill_Mst.ref_no,focus_forms/ARST006.fmx.md,specification_only,none
ARST006.fmx,metadata,Select 1 From Ias_Ret_Bill_Mst,focus_forms/ARST006.fmx.md,specification_only,none
ARST006.fmx,metadata,Where Rt_Bill_ser=,focus_forms/ARST006.fmx.md,specification_only,none
ARST006.fmx,metadata,IAS_CHECK_SYS_PKGIAS20142CHECK_INV_CLOSE,focus_forms/ARST006.fmx.md,specification_only,none
ARST006.fmx,metadata,ACODE,focus_forms/ARST006.fmx.md,specification_only,none
ARST006.fmx,metadata,IAS_CHECK_SYS_PKGIAS20142CHECK_AC_ACY_INCTVI,focus_forms/ARST006.fmx.md,specification_only,none
ARST006.fmx,metadata,IAS_WCODE_PKGIAS20142CHK_WC_BRNI,focus_forms/ARST006.fmx.md,specification_only,none
ARST006.fmx,metadata,CASHNO,focus_forms/ARST006.fmx.md,specification_only,none
ARST006.fmx,metadata,Ias_Rt_Bill_Dtl.Dis_Per,focus_forms/ARST006.fmx.md,specification_only,none
ARST006.fmx,metadata,FALSE,focus_forms/ARST006.fmx.md,specification_only,none
ARST006.fmx,metadata,Ias_Rt_Bill_Dtl.Dis_Amt_Dtl,focus_forms/ARST006.fmx.md,specification_only,none
ARST006.fmx,metadata,IAS_CHK_LGHT_BRN_FNCIAS20142IAS_CHK_LGHT_BRN_FNC,focus_forms/ARST006.fmx.md,specification_only,none
ARST006.fmx,metadata,0!H!,focus_forms/ARST006.fmx.md,specification_only,none
ARST006.fmx,metadata,L!P!,focus_forms/ARST006.fmx.md,specification_only,none
ARST006.fmx,metadata,T!l!,focus_forms/ARST006.fmx.md,specification_only,none
ARST006.fmx,metadata,"<""T""",focus_forms/ARST006.fmx.md,specification_only,none
ARST006.fmx,metadata,"X""p""",focus_forms/ARST006.fmx.md,specification_only,none
ARST006.fmx,metadata,$#<#,focus_forms/ARST006.fmx.md,specification_only,none
ARST006.fmx,metadata,@#X#,focus_forms/ARST006.fmx.md,specification_only,none
ARST006.fmx,metadata,\#t#,focus_forms/ARST006.fmx.md,specification_only,none
ARST006.fmx,metadata,$$0$,focus_forms/ARST006.fmx.md,specification_only,none
ARST006.fmx,metadata,4$L$,focus_forms/ARST006.fmx.md,specification_only,none
ARST006.fmx,metadata,P$\$,focus_forms/ARST006.fmx.md,specification_only,none
ARST006.fmx,metadata,`$x$,focus_forms/ARST006.fmx.md,specification_only,none
ARST006.fmx,metadata,0%4%,focus_forms/ARST006.fmx.md,specification_only,none
ARST006.fmx,metadata,8%P%,focus_forms/ARST006.fmx.md,specification_only,none
ARST006.fmx,metadata,T%l%,focus_forms/ARST006.fmx.md,specification_only,none
ARST006.fmx,metadata,(&@&,focus_forms/ARST006.fmx.md,specification_only,none
ARST006.fmx,metadata,D&\&,focus_forms/ARST006.fmx.md,specification_only,none
ARST006.fmx,metadata,`&x&,focus_forms/ARST006.fmx.md,specification_only,none
ARST006.fmx,metadata,",'D'",focus_forms/ARST006.fmx.md,specification_only,none
ARST006.fmx,metadata,H'`',focus_forms/ARST006.fmx.md,specification_only,none
ARST006.fmx,metadata,d'|',focus_forms/ARST006.fmx.md,specification_only,none
ARST006.fmx,metadata,0(H(,focus_forms/ARST006.fmx.md,specification_only,none
ARST006.fmx,metadata,L(d(,focus_forms/ARST006.fmx.md,specification_only,none
ARST023.fmx,procedure,ADD_PROC,focus_forms/ARST023.fmx.md,specification_only,FMB/PLL/PKB
ARST023.fmx,procedure,ATTACH_ITEM_OTHRS_PKG,focus_forms/ARST023.fmx.md,specification_only,FMB/PLL/PKB
ARST023.fmx,procedure,B4SAVE_PRC,focus_forms/ARST023.fmx.md,specification_only,FMB/PLL/PKB
ARST023.fmx,procedure,CHECK_DOC_DEL_PRC,focus_forms/ARST023.fmx.md,specification_only,FMB/PLL/PKB
ARST023.fmx,procedure,CHK_B4SAVE_DTL_PRC,focus_forms/ARST023.fmx.md,specification_only,FMB/PLL/PKB
ARST023.fmx,procedure,CHK_B4SAVE_MST_PRC,focus_forms/ARST023.fmx.md,specification_only,FMB/PLL/PKB
ARST023.fmx,procedure,DELETE_PROC,focus_forms/ARST023.fmx.md,specification_only,FMB/PLL/PKB
ARST023.fmx,procedure,DEL_DET_REC_PRC,focus_forms/ARST023.fmx.md,specification_only,FMB/PLL/PKB
ARST023.fmx,procedure,ENA_DIS_ITM_PRC,focus_forms/ARST023.fmx.md,specification_only,FMB/PLL/PKB
ARST023.fmx,procedure,EXIT_PROC,focus_forms/ARST023.fmx.md,specification_only,FMB/PLL/PKB
ARST023.fmx,procedure,FILL_ALL_LIST_PRC,focus_forms/ARST023.fmx.md,specification_only,FMB/PLL/PKB
ARST023.fmx,procedure,GEN_PKG,focus_forms/ARST023.fmx.md,specification_only,FMB/PLL/PKB
ARST023.fmx,procedure,GET_ITM_SER_PRC,focus_forms/ARST023.fmx.md,specification_only,FMB/PLL/PKB
ARST023.fmx,procedure,IAS_ACTV_PKG,focus_forms/ARST023.fmx.md,specification_only,FMB/PLL/PKB
ARST023.fmx,procedure,IAS_ATTACH_ITM_PKG,focus_forms/ARST023.fmx.md,specification_only,FMB/PLL/PKB
ARST023.fmx,procedure,IAS_AUDIT_PKG,focus_forms/ARST023.fmx.md,specification_only,FMB/PLL/PKB
ARST023.fmx,procedure,IAS_AUD_SYS_PKG,focus_forms/ARST023.fmx.md,specification_only,FMB/PLL/PKB
ARST023.fmx,procedure,IAS_BRN_PKG,focus_forms/ARST023.fmx.md,specification_only,FMB/PLL/PKB
ARST023.fmx,procedure,IAS_CC_CODE_PKG,focus_forms/ARST023.fmx.md,specification_only,FMB/PLL/PKB
ARST023.fmx,procedure,IAS_CHECK_SYS_PKG,focus_forms/ARST023.fmx.md,specification_only,FMB/PLL/PKB
ARST023.fmx,procedure,IAS_CHK_BRN_UP_DEL_FNC,focus_forms/ARST023.fmx.md,specification_only,FMB/PLL/PKB
ARST023.fmx,procedure,IAS_CHK_BRN_UP_DEL_FNCIAS20142IAS_CHK_BRN_UP_DEL_FNC,focus_forms/ARST023.fmx.md,specification_only,FMB/PLL/PKB
ARST023.fmx,procedure,IAS_CSHBNK_PKG,focus_forms/ARST023.fmx.md,specification_only,FMB/PLL/PKB
ARST023.fmx,procedure,IAS_CST_PKG,focus_forms/ARST023.fmx.md,specification_only,FMB/PLL/PKB
ARST023.fmx,procedure,IAS_DBS_SYS_PKG,focus_forms/ARST023.fmx.md,specification_only,FMB/PLL/PKB
ARST023.fmx,procedure,IAS_FETCH_DATA_PKG,focus_forms/ARST023.fmx.md,specification_only,FMB/PLL/PKB
ARST023.fmx,procedure,IAS_GEN_PKG,focus_forms/ARST023.fmx.md,specification_only,FMB/PLL/PKB
ARST023.fmx,procedure,IAS_GET_DOC_DEL_FNC,focus_forms/ARST023.fmx.md,specification_only,FMB/PLL/PKB
ARST023.fmx,procedure,IAS_GET_ENC_PASS_FNC,focus_forms/ARST023.fmx.md,specification_only,FMB/PLL/PKB
ARST023.fmx,procedure,IAS_GET_ENC_PASS_FNCIAS20142IAS_GET_ENC_PASS_FNC,focus_forms/ARST023.fmx.md,specification_only,FMB/PLL/PKB
ARST023.fmx,procedure,IAS_GL_LMT_PKG,focus_forms/ARST023.fmx.md,specification_only,FMB/PLL/PKB
ARST023.fmx,procedure,IAS_INSRNCE_SCR_PKG,focus_forms/ARST023.fmx.md,specification_only,FMB/PLL/PKB
ARST023.fmx,procedure,IAS_ITM_PKG,focus_forms/ARST023.fmx.md,specification_only,FMB/PLL/PKB
ARST023.fmx,procedure,IAS_PJ_PKG,focus_forms/ARST023.fmx.md,specification_only,FMB/PLL/PKB
ARST023.fmx,procedure,IAS_PRMTR_PKG,focus_forms/ARST023.fmx.md,specification_only,FMB/PLL/PKB
ARST023.fmx,procedure,IAS_SALESMAN_PKG,focus_forms/ARST023.fmx.md,specification_only,FMB/PLL/PKB
ARST023.fmx,procedure,IAS_TRNS_PKG,focus_forms/ARST023.fmx.md,specification_only,FMB/PLL/PKB
ARST023.fmx,procedure,IAS_USR_PKG,focus_forms/ARST023.fmx.md,specification_only,FMB/PLL/PKB
ARST023.fmx,procedure,IAS_VNDR_PKG,focus_forms/ARST023.fmx.md,specification_only,FMB/PLL/PKB
ARST023.fmx,procedure,IAS_WCODE_PKG,focus_forms/ARST023.fmx.md,specification_only,FMB/PLL/PKB
ARST023.fmx,procedure,IAS_WEIGHT_SYS_PKG,focus_forms/ARST023.fmx.md,specification_only,FMB/PLL/PKB
ARST023.fmx,procedure,IAS_WEIGHT_SYS_PKGIAS20142CALC_AREA_SIZE_PRC,focus_forms/ARST023.fmx.md,specification_only,FMB/PLL/PKB
ARST023.fmx,procedure,IAS_WT_PKG,focus_forms/ARST023.fmx.md,specification_only,FMB/PLL/PKB
ARST023.fmx,procedure,IMP_F_EXCEL_PRC,focus_forms/ARST023.fmx.md,specification_only,FMB/PLL/PKB
ARST023.fmx,procedure,INSRT_APPRVD_LVL_PRC,focus_forms/ARST023.fmx.md,specification_only,FMB/PLL/PKB
ARST023.fmx,procedure,KEY_LISTVAL_PRC,focus_forms/ARST023.fmx.md,specification_only,FMB/PLL/PKB
ARST023.fmx,procedure,LIST_PROC,focus_forms/ARST023.fmx.md,specification_only,FMB/PLL/PKB
ARST023.fmx,procedure,LOV_PKG,focus_forms/ARST023.fmx.md,specification_only,FMB/PLL/PKB
ARST023.fmx,procedure,LOV_TRG,focus_forms/ARST023.fmx.md,specification_only,FMB/PLL/PKB
ARST023.fmx,procedure,LYSERP_LIB,focus_forms/ARST023.fmx.md,specification_only,FMB/PLL/PKB
ARST023.fmx,procedure,POST_FORMS_COMMIT_PRC,focus_forms/ARST023.fmx.md,specification_only,FMB/PLL/PKB
ARST023.fmx,procedure,PRE_FORM_PRC,focus_forms/ARST023.fmx.md,specification_only,FMB/PLL/PKB
ARST023.fmx,procedure,PRINT_PROC,focus_forms/ARST023.fmx.md,specification_only,FMB/PLL/PKB
ARST023.fmx,procedure,SAVE_PROC,focus_forms/ARST023.fmx.md,specification_only,FMB/PLL/PKB
ARST023.fmx,procedure,SET_POS_PRC,focus_forms/ARST023.fmx.md,specification_only,FMB/PLL/PKB
ARST023.fmx,procedure,SHOW_BAT_COL1_IN_SCREEN,focus_forms/ARST023.fmx.md,specification_only,FMB/PLL/PKB
ARST023.fmx,procedure,SHOW_BAT_COL2_IN_SCREEN,focus_forms/ARST023.fmx.md,specification_only,FMB/PLL/PKB
ARST023.fmx,procedure,SHOW_BAT_COL3_IN_SCREEN,focus_forms/ARST023.fmx.md,specification_only,FMB/PLL/PKB
ARST023.fmx,procedure,SHOW_BAT_COL4_IN_SCREEN,focus_forms/ARST023.fmx.md,specification_only,FMB/PLL/PKB
ARST023.fmx,procedure,SHOW_BAT_COL5_IN_SCREEN,focus_forms/ARST023.fmx.md,specification_only,FMB/PLL/PKB
ARST023.fmx,procedure,SRCH_DTL_PKG,focus_forms/ARST023.fmx.md,specification_only,FMB/PLL/PKB
ARST023.fmx,procedure,SYS_SCREEN,focus_forms/ARST023.fmx.md,specification_only,FMB/PLL/PKB
ARST023.fmx,procedure,UPDATE_PROC,focus_forms/ARST023.fmx.md,specification_only,FMB/PLL/PKB
ARST023.fmx,procedure,WHEN_NEW_FORM_INSTANCE_PRC,focus_forms/ARST023.fmx.md,specification_only,FMB/PLL/PKB
ARST023.fmx,procedure,WHEN_TAB_PAGE_CHANGED_PRC,focus_forms/ARST023.fmx.md,specification_only,FMB/PLL/PKB
ARST023.fmx,procedure,WHEN_TIMER_EXPIRED_PRC,focus_forms/ARST023.fmx.md,specification_only,FMB/PLL/PKB
ARST023.fmx,procedure,WIN_API,focus_forms/ARST023.fmx.md,specification_only,FMB/PLL/PKB
ARST023.fmx,procedure,YSERP_LIB,focus_forms/ARST023.fmx.md,specification_only,FMB/PLL/PKB
ARST023.fmx,procedure,YSERP_MNU,focus_forms/ARST023.fmx.md,specification_only,FMB/PLL/PKB
ARST023.fmx,procedure,YS_APPRVD_PKG,focus_forms/ARST023.fmx.md,specification_only,FMB/PLL/PKB
ARST023.fmx,procedure,YS_EMP_PKG,focus_forms/ARST023.fmx.md,specification_only,FMB/PLL/PKB
ARST023.fmx,procedure,YS_GEN_PKG,focus_forms/ARST023.fmx.md,specification_only,FMB/PLL/PKB
ARST023.fmx,component,Excel.exe,focus_forms/ARST023.fmx.md,specification_only,FMB/PLL/PKB
ARST023.fmx,component,Inv_Itm_Trns.Fmx,focus_forms/ARST023.fmx.md,specification_only,FMB/PLL/PKB
ARST023.fmx,component,YSERP_MNU.MMX,focus_forms/ARST023.fmx.md,specification_only,FMB/PLL/PKB
ARST023.fmx,sql,"SELECT NVL(STAND_BY,0) FROM IAS_RT_BILL_MST_RQ WHERE RT_BILL_SER = :b1 AND ROWNUM <= 1""",focus_forms/ARST023.fmx.md,observed_sql_indicator,PKB/SQL and schema
ARST023.fmx,sql,"SELECT COUNT(1) FROM WAREHOUSE_DETAILS""SELECT W_CODE FROM WAREHOUSE_DETAILS""",focus_forms/ARST023.fmx.md,observed_sql_indicator,PKB/SQL and schema
ARST023.fmx,sql,"SELECT EXTERNAL_POST FROM IAS_RT_BILL_MST_RQ WHERE RT_BILL_SER = :b1 AND ROWNUM <= 1""",focus_forms/ARST023.fmx.md,observed_sql_indicator,PKB/SQL and schema
ARST023.fmx,sql,"SELECT 1 FROM IAS_RT_BILL_MST_RQ WHERE RT_BILL_SER = :b1 AND ROWNUM <= 1""",focus_forms/ARST023.fmx.md,observed_sql_indicator,PKB/SQL and schema
ARST023.fmx,sql,"SELECT 1 FROM IAS_RT_BILL_DTL WHERE DOC_SER_REF = :b1 AND ROWNUM <= 1""SELECT EXTERNAL_POST,NVL(RT_BILL_PY,0),NVL(APPROVED,0) FROM IAS_RT_BILL_MST_RQ WHERE RT_BILL_SER = :b1 AND ROW",focus_forms/ARST023.fmx.md,observed_sql_indicator,PKB/SQL and schema
ARST023.fmx,sql,"SELECT CUR_CODE FROM EX_RATE WHERE L_F = 1""SELECT CUR_CODE FROM EX_RATE WHERE STOCK_CUR = 1""SELECT NVL(USE_PROJECTS,0),NVL(YS_GEN_PKG.CHK_ACTV_SYSTEM(80,:b1),0),NVL(CALC_VAT_AMT_TY",focus_forms/ARST023.fmx.md,observed_sql_indicator,PKB/SQL and schema
ARST023.fmx,sql,"SELECT 1 FROM IAS_RT_BILL_DTL_RQ WHERE RT_BILL_SER = :b1 AND ROWNUM <= 1""",focus_forms/ARST023.fmx.md,observed_sql_indicator,PKB/SQL and schema
ARST023.fmx,sql,SELECT N,focus_forms/ARST023.fmx.md,observed_sql_indicator,PKB/SQL and schema
ARST023.fmx,sql,"DELETE FROM OTHER_CHARGES_OTHRS WHERE OTHER_CHARGES_OTHRS.SC_NO IN (SELECT SC_NO FROM SALES_CHARGES WHERE NVL(FILL_AUTO,0) = 1 AND NVL(SALES_CHARGES.INV_ITEM,0) = 0 ) AND BILL_TYPE",focus_forms/ARST023.fmx.md,observed_sql_indicator,PKB/SQL and schema
ARST023.fmx,sql,"SELECT COUNT(1) FROM S_PRD_DTL WHERE PRD_NO = 1 AND :b1 >= F_DATE""",focus_forms/ARST023.fmx.md,observed_sql_indicator,PKB/SQL and schema
ARST023.fmx,sql,"SELECT SC_NO,SC_NAME,A_CODE,DECODE(AMT_TYPE,1,AMT, NULL ) AMT,DECODE(AMT_TYPE,0,AMT, NULL ) AMT_PER,CALC_TYPE,NVL(SC_TYPE,1) SC_TYPE FROM SALES_CHARGES WHERE NVL(FILL_AUTO,0) = 1 A",focus_forms/ARST023.fmx.md,observed_sql_indicator,PKB/SQL and schema
ARST023.fmx,sql,"SELECT COUNT(1) FROM SALES_CHARGES WHERE NVL(INV_ITEM,0) = 1""SELECT OTHER_CHARGES_ITEMS_OTHRS.I_CODE,OTHER_CHARGES_ITEMS_OTHRS.ITM_UNT,IAS_BILL_DTL.I_QTY,IAS_BILL_DTL.I_PRICE,OTHER",focus_forms/ARST023.fmx.md,observed_sql_indicator,PKB/SQL and schema
ARST023.fmx,sql,"SELECT I_CODE FROM (SELECT I_CODE,W_CODE,EXPIRE_DATE,BATCH_NO,REC_ATTCH,SUM(NVL(I_QTY,0)) QTY,SUM(NVL(FREE_QTY,0)) FQTY FROM IAS_RT_BILL_DTL_RQ WHERE RT_BILL_SER = :b1 AND NVL(IAS_",focus_forms/ARST023.fmx.md,observed_sql_indicator,PKB/SQL and schema
ARST023.fmx,sql,"SELECT COUNT(1) FROM SALES_CHARGES WHERE NVL(INV_ITEM,0) = 1 AND NVL(ALLOW_RETURN,0) = 1""DELETE FROM OTHER_CHARGES_ITEMS_OTHRS WHERE BILL_TYPE = 136 AND BILL_NO = :b1 AND BILL_SER",focus_forms/ARST023.fmx.md,observed_sql_indicator,PKB/SQL and schema
ARST023.fmx,sql,"SELECT SC_NO,SC_NAME,A_CODE,CALC_TYPE,NVL(SC_TYPE,1) SC_TYPE,DECODE(AMT_TYPE,1,DECODE(A_CY,:b1,AMT,AMT * AC_RATE * 1 / :b2 ), NULL ) AMT,DECODE(AMT_TYPE,0,AMT, NULL ) AMT_PER FROM",focus_forms/ARST023.fmx.md,observed_sql_indicator,PKB/SQL and schema
ARST023.fmx,sql,"SELECT NVL(H_PRICE,2) FROM PRIVILEGE_FIXED WHERE U_ID = :b1""",focus_forms/ARST023.fmx.md,observed_sql_indicator,PKB/SQL and schema
ARST023.fmx,sql,"SELECT COUNT(1) FROM SALES_CHARGES WHERE NVL(INV_ITEM,0) = 1 AND NVL(ALLOW_RETURN,0) = 1""DELETE FROM OTHER_CHARGES_ITEMS_OTHRS WHERE BILL_TYPE = 136 AND BILL_NO = :b1 AND BILL_SER",focus_forms/ARST023.fmx.md,observed_sql_indicator,PKB/SQL and schema
ARST023.fmx,sql,"SELECT RT_BILL_SER,BILL_NO,BILL_SER,I_CODE,NVL(P_SIZE,1) P_SIZE,W_CODE,NVL(SUM(P_QTY + (NVL(FREE_QTY,0) * NVL(P_SIZE,1) ) ),0) P_QTY FROM IAS_RT_BILL_DTL_RQ WHERE RT_BILL_NO = :b1",focus_forms/ARST023.fmx.md,observed_sql_indicator,PKB/SQL and schema
ARST023.fmx,sql,"SELECT NVL(SUM(I_QTY * NVL(P_SIZE,1) ),0) FROM IAS_V_SI_DET_PY WHERE BILL_SER = :b1 AND I_CODE = :b2 AND NVL(RCRD_NO,0) = NVL(:b3,0)""SELECT NVL(SUM(D.P_QTY),0) FROM IAS_RT_BILL_MST",focus_forms/ARST023.fmx.md,observed_sql_indicator,PKB/SQL and schema
ARST023.fmx,sql,"UPDATE IAS_RT_BILL_MST_RQ SET BILL_AMT=(SELECT ROUND(NVL(SUM(I_QTY * I_PRICE ),0),:b1) FROM IAS_RT_BILL_DTL_RQ WHERE RT_BILL_SER = :b2 ),INSRNCE_CSH_AMT=(SELECT ROUND(NVL(SUM(I_QTY",focus_forms/ARST023.fmx.md,observed_sql_indicator,PKB/SQL and schema
ARST023.fmx,sql,"SELECT PRM_CODE,",focus_forms/ARST023.fmx.md,observed_sql_indicator,PKB/SQL and schema
ARST023.fmx,sql,"SELECT 1 FROM IAS_V_SI_PY WHERE BILL_DOC_TYPE = :b1 AND BILL_NO = :b2 AND ROWNUM <= 1""SELECT 1 FROM IAS_V_SI_DET_PY WHERE BILL_DOC_TYPE = :b1 AND BILL_NO = :b2 AND I_CODE = :b3 AND",focus_forms/ARST023.fmx.md,observed_sql_indicator,PKB/SQL and schema
ARST023.fmx,sql,"SELECT I_CODE FROM (SELECT I_CODE,W_CODE,NVL(EXPIRE_DATE,''01/01/1900''),NVL(BATCH_NO,''0''),RCRD_NO,NVL(I_QTY,0) + NVL(FREE_QTY,0) FROM IAS_RT_BILL_DTL_RQ WHERE BILL_SER = :b1 AND",focus_forms/ARST023.fmx.md,observed_sql_indicator,PKB/SQL and schema
ARST023.fmx,sql,"SELECT A_CODE FROM CASH_IN_HAND WHERE CASH_NO = :b1""SELECT A_CODE FROM CASH_AT_BANK WHERE BANK_NO = :b1""SELECT C_A_CODE FROM CUSTOMER WHERE C_CODE = :b1""SELECT A_CODE FROM CASH_IN_",focus_forms/ARST023.fmx.md,observed_sql_indicator,PKB/SQL and schema
ARST023.fmx,sql,"SELECT COUNT(1) FROM ACCOUNT_CURR WHERE A_CODE = :b1""SELECT A_CY FROM ACCOUNT_CURR WHERE A_CODE = :b1""SELECT COUNT(1) FROM CUSTOMER_CURR WHERE C_CODE = :b1""SELECT A_CY FROM CUSTOME",focus_forms/ARST023.fmx.md,observed_sql_indicator,PKB/SQL and schema
ARST023.fmx,sql,"SELECT CASH_NAME FROM CASH_IN_HAND WHERE CASH_NO = :b1""SELECT DECODE(:b1,1,NVL(A_NAME,A_NAME_ENG),NVL(A_NAME_ENG,A_NAME)) FROM ACCOUNT WHERE A_CODE = :b2""SELECT BANK_NAME FROM CASH",focus_forms/ARST023.fmx.md,observed_sql_indicator,PKB/SQL and schema
ARST023.fmx,sql,"SELECT BILL_SER FROM IAS_BILL_MST WHERE BILL_SER_CONN = :b1 AND ROWNUM <= 1""SELECT SUM(FREE_QTY) FROM IAS_BILL_DTL WHERE BILL_SER = :b1 AND I_CODE = :b2 AND NVL(I_QTY,0) = 0""SELECT",focus_forms/ARST023.fmx.md,observed_sql_indicator,PKB/SQL and schema
ARST023.fmx,sql,"SELECT MAX(RCRD_NO) FROM IAS_RT_BILL_DTL_RQ WHERE RT_BILL_SER = :b1""",focus_forms/ARST023.fmx.md,observed_sql_indicator,PKB/SQL and schema
ARST023.fmx,sql,"SELECT NVL(MAX(TO_NUMBER(RT_BILL_NO)),0) + 1 FROM IAS_RT_BILL_MST_RQ WHERE BRN_NO = :b1""SELECT NVL(MAX(TO_NUMBER(RT_BILL_NO)),0) + 1 FROM IAS_RT_BILL_MST_RQ WHERE RT_BILL_DOC_TYPE",focus_forms/ARST023.fmx.md,observed_sql_indicator,PKB/SQL and schema
ARST023.fmx,sql,"SELECT DECODE(:b1,1,NVL(DESC_A_NAME,DESC_E_NAME),NVL(DESC_E_NAME,DESC_A_NAME)) FROM IAS_ITEM_SERIAL_DESC WHERE DESC_NO = :b2 AND ROWNUM <= 1""",focus_forms/ARST023.fmx.md,observed_sql_indicator,PKB/SQL and schema
ARST023.fmx,sql,"SELECT LEV_NO FROM CUSTOMER_CURR WHERE C_CODE = :b1 AND A_CY = :b2""",focus_forms/ARST023.fmx.md,observed_sql_indicator,PKB/SQL and schema
ARST023.fmx,sql,"SELECT 1 FROM IAS_ITM_MST WHERE I_CODE = LTRIM(RTRIM(UPPER(:b1))) AND ROWNUM <= 1""SELECT 1 FROM MEASUREMENT WHERE MEASURE_CODE = :b1 AND ROWNUM <= 1""SELECT USE_SERIALNO,USE_BATCH_N",focus_forms/ARST023.fmx.md,observed_sql_indicator,PKB/SQL and schema
ARST023.fmx,sql,"SELECT 1 FROM IAS_CST_SMAN WHERE C_CODE = :b1 AND REP_CODE = :b2 AND ROWNUM <= 1""SELECT REPRS_CODE FROM SALES_MAN WHERE W_CODE = :b1 AND ROWNUM <= 1""SELECT W_CODE,CASH_NO,CC_CODE,P",focus_forms/ARST023.fmx.md,observed_sql_indicator,PKB/SQL and schema
ARST023.fmx,sql,"UPDATE IAS_RT_BILL_DTL_RQ SET VAT_AMT=ROUND(((NVL(VAT_PER,0) * NVL(I_PRICE,0) ) / 100 ),:b1) WHERE RT_BILL_SER = :b2 AND NVL(I_QTY,0) > 0""UPDATE IAS_RT_BILL_DTL_RQ SET I_PRICE=NVL(",focus_forms/ARST023.fmx.md,observed_sql_indicator,PKB/SQL and schema
ARST023.fmx,sql,SELECT BILL_SER FROM IAS_BILL_MST WHERE BILL_NO = :b1 AND ((:b2 = 0 ) OR EXISTS (SELECT 1 FROM IAS_SHW_DOC_PRIV WHERE U_ID = :b3 AND T_U_ID = IAS_BILL_MST.AD_U_ID AND NVL(PRIV_FLAG,focus_forms/ARST023.fmx.md,observed_sql_indicator,PKB/SQL and schema
ARST023.fmx,sql,"SELECT I_CODE,ITM_UNT,NVL(P_SIZE,1) P_SIZE,W_CODE,CC_CODE,NVL(I_QTY,0) I_QTY,NVL(FREE_QTY,0) FREE_QTY,NVL(I_PRICE_VAT,0) I_PRICE_VAT,NVL(I_PRICE,0) I_PRICE,NVL(STK_COST,0) STK_COST",focus_forms/ARST023.fmx.md,observed_sql_indicator,PKB/SQL and schema
ARST023.fmx,sql,"SELECT COUNT(1) FROM WAREHOUSE_DETAILS""SELECT W_CODE FROM WAREHOUSE_DETAILS""SELECT I_CODE,I_QTY FROM GATE_YS.GR WHERE DOC_NO = :b1 AND PAPER_SERIAL = :b2 AND BRANCH = :b3 AND YEAR",focus_forms/ARST023.fmx.md,observed_sql_indicator,PKB/SQL and schema
ARST023.fmx,sql,"SELECT R_code,",focus_forms/ARST023.fmx.md,observed_sql_indicator,PKB/SQL and schema
ARST023.fmx,sql,"SELECT BILL_DOC_TYPE,BILL_SER FROM IAS_BILL_MST WHERE BILL_NO = :b1 AND BILL_SER = :b2 AND ((:b3 = 1 ) OR EXISTS (SELECT 1 FROM S_BRN_USR_PRIV WHERE U_ID = :b3 AND S_BRN_USR_PRIV.B",focus_forms/ARST023.fmx.md,observed_sql_indicator,PKB/SQL and schema
ARST023.fmx,sql,"SELECT BILL_SER FROM IAS_V_SI_PY WHERE BILL_NO = :b1 AND BILL_SER = :b2""SELECT BILL_CURRENCY,C_CODE,CASH_NO,BILL_DOC_TYPE,C_NAME,DECODE(:b1,1,W_CODE),DECODE(:b2,1,CC_CODE),R_CODE,R",focus_forms/ARST023.fmx.md,observed_sql_indicator,PKB/SQL and schema
ARST023.fmx,sql,"UPDATE IAS_RT_BILL_DTL_RQ SET OTHR_AMT=0 WHERE RT_BILL_SER = :b1""SELECT 1 FROM OTHER_CHARGES_OTHRS WHERE BILL_SER = :b1 AND BILL_TYPE = 3 AND NVL(INV_ITEM,0) = 1 AND ROWNUM <= 1""SE",focus_forms/ARST023.fmx.md,observed_sql_indicator,PKB/SQL and schema
ARST023.fmx,sql,"SELECT NVL(SHOW_ITEM_DESC,0),NVL(ITM_DISC_TYPE,1),NVL(DISC_COUNT,1) FROM IAS_PARA_AR""",focus_forms/ARST023.fmx.md,observed_sql_indicator,PKB/SQL and schema
ARST023.fmx,sql,"SELECT NVL(SUM(NVL(FREE_QTY,0) * NVL(P_SIZE,1) ),0) FROM IAS_V_SI_DET_PY WHERE BILL_SER = :b1 AND I_CODE = :b2 AND NVL(RCRD_NO,0) = NVL(:b3,0)""SELECT NVL(SUM(NVL(D.FREE_QTY,0) * NV",focus_forms/ARST023.fmx.md,observed_sql_indicator,PKB/SQL and schema
ARST023.fmx,sql,"SELECT I_CODE,TO_CHAR(W_CODE,''000'') W_CODE,TO_CHAR(EXPIRE_DATE,''DD/MM/YYYY'') EXPIRE_DATE,NVL(BATCH_NO,''0'') BATCH_NO,I_QTY,USE_SERIALNO,I_HEIGHT,I_WIDTH,I_LENGTH,NVL(BILL_SER,",focus_forms/ARST023.fmx.md,observed_sql_indicator,PKB/SQL and schema
ARST023.fmx,sql,"SELECT cash_in_hand.cash_no,",focus_forms/ARST023.fmx.md,observed_sql_indicator,PKB/SQL and schema
ARST023.fmx,sql,"SELECT NVL(BATCH_DESC_A_NAME,BATCH_DESC_E_NAME) FROM IAS_BATCH_NO_CONTENTS WHERE COL_NO = 1 AND BATCH_DESC_NO = LPAD(SUBSTR(:b1,:b2,:b3),:b3,''0'')""SELECT NVL(BATCH_DESC_A_NAME,BAT",focus_forms/ARST023.fmx.md,observed_sql_indicator,PKB/SQL and schema
ARST023.fmx,sql,"SELECT 1 FROM IAS_BNFCRS WHERE BNF_NO = :b1 AND NVL(INACTIVE,0) = 1 AND ROWNUM <= 1""SELECT 1 FROM IAS_INSRNCE_CMP WHERE INS_CMP_NO = :b1 AND NVL(INACTIVE,0) = 1 AND ROWNUM <= 1""SEL",focus_forms/ARST023.fmx.md,observed_sql_indicator,PKB/SQL and schema
ARST023.fmx,sql,"SELECT cash_at_bank.Bank_no,",focus_forms/ARST023.fmx.md,observed_sql_indicator,PKB/SQL and schema
ARST023.fmx,sql,"SELECT ias_item_price.lev_no,",focus_forms/ARST023.fmx.md,observed_sql_indicator,PKB/SQL and schema
ARST023.fmx,sql,SELECT lev_no,focus_forms/ARST023.fmx.md,observed_sql_indicator,PKB/SQL and schema
ARST023.fmx,sql,"SELECT w_code,",focus_forms/ARST023.fmx.md,observed_sql_indicator,PKB/SQL and schema
ARST023.fmx,sql,"SELECT reprs_code,",focus_forms/ARST023.fmx.md,observed_sql_indicator,PKB/SQL and schema
ARST023.fmx,sql,"SELECT rt_bill_date, flg_desc t_name, rt_bill_no, c_name, rt_bill_doc_type,",focus_forms/ARST023.fmx.md,observed_sql_indicator,PKB/SQL and schema
ARST023.fmx,sql,"SELECT RT_BILL_DATE, FLG_DESC T_NAME, RT_BILL_NO, C_NAME, W_CODE, CC_CODE, RT_BILL_DOC_TYPE,",focus_forms/ARST023.fmx.md,observed_sql_indicator,PKB/SQL and schema
ARST023.fmx,sql,SELECT 1,focus_forms/ARST023.fmx.md,observed_sql_indicator,PKB/SQL and schema
ARST023.fmx,sql,"SELECT RT_BILL_DATE, FLG_DESC T_NAME, RT_BILL_NO, C_NAME, CC_CODE, BILL_AMT, RT_BILL_DOC_TYPE,",focus_forms/ARST023.fmx.md,observed_sql_indicator,PKB/SQL and schema
ARST023.fmx,sql,"SELECT bill_date, flg_desc t_name, bill_no, c_code, c_name, bill_currency,",focus_forms/ARST023.fmx.md,observed_sql_indicator,PKB/SQL and schema
ARST023.fmx,sql,"SELECT Bill_date,",focus_forms/ARST023.fmx.md,observed_sql_indicator,PKB/SQL and schema
ARST023.fmx,sql,"SELECT BILL_DATE, FLG_DESC T_NAME, BILL_NO, C_CODE, C_NAME, BILL_CURRENCY,",focus_forms/ARST023.fmx.md,observed_sql_indicator,PKB/SQL and schema
ARST023.fmx,sql,"SELECT Ias_Bill_Dtl.bill_no bill_no, Ias_Bill_Mst.c_name c_name,",focus_forms/ARST023.fmx.md,observed_sql_indicator,PKB/SQL and schema
ARST023.fmx,sql,"SELECT Ias_V_Si_Det_Py.bill_no bill_no,",focus_forms/ARST023.fmx.md,observed_sql_indicator,PKB/SQL and schema
ARST023.fmx,sql,"SELECT Distinct Gate_Ys.gt_paper_ms.paper_no,",focus_forms/ARST023.fmx.md,observed_sql_indicator,PKB/SQL and schema
ARST023.fmx,sql,"SELECT SUBG_CODE,",focus_forms/ARST023.fmx.md,observed_sql_indicator,PKB/SQL and schema
ARST023.fmx,sql,"SELECT MNG_CODE,",focus_forms/ARST023.fmx.md,observed_sql_indicator,PKB/SQL and schema
ARST023.fmx,sql,"SELECT desc_no,",focus_forms/ARST023.fmx.md,observed_sql_indicator,PKB/SQL and schema
ARST023.fmx,sql,"SELECT Actv_no,",focus_forms/ARST023.fmx.md,observed_sql_indicator,PKB/SQL and schema
ARST023.fmx,sql,"SELECT DECODE(batch_no,'0','', batch_no) batch_no,",focus_forms/ARST023.fmx.md,observed_sql_indicator,PKB/SQL and schema
ARST023.fmx,sql,"SELECT R_CODE,CC_CODE FROM WAREHOUSE_DETAILS WHERE W_CODE = :b1 AND ROWNUM <= 1""",focus_forms/ARST023.fmx.md,observed_sql_indicator,PKB/SQL and schema
ARST023.fmx,sql,"SELECT COUNT(1) FROM IAS_PROMOTERS WHERE PRM_CODE = :b1 AND NVL(INACTIVE,0) = 1""",focus_forms/ARST023.fmx.md,observed_sql_indicator,PKB/SQL and schema
ARST023.fmx,sql,"SELECT COUNT(1) FROM IAS_CASH_IN_HAND_DTL A,PRIV_CASH B WHERE B.U_ID = :b1 AND A.CASH_NO = B.CASH_NO AND B.CASH_TYPE = 1 AND NVL(B.ADD_FLAG,0) = 1""SELECT A.CASH_NO,A.CASH_NAME,B.A_",focus_forms/ARST023.fmx.md,observed_sql_indicator,PKB/SQL and schema
ARST023.fmx,sql,"SELECT COUNT(1) FROM IAS_RT_BILL_MST_RQ WHERE RT_BILL_NO = :b1 AND BRN_NO = :b2""SELECT COUNT(1) FROM IAS_RT_BILL_MST_RQ WHERE RT_BILL_DOC_TYPE = :b1 AND RT_BILL_NO = :b2 AND BRN_NO",focus_forms/ARST023.fmx.md,observed_sql_indicator,PKB/SQL and schema
ARST023.fmx,sql,"SELECT A_CODE FROM CASH_IN_HAND WHERE CASH_NO = :b1""SELECT REPRS_CODE FROM SALES_MAN WHERE CASH_NO = :b1""SELECT A_CODE FROM CASH_AT_BANK WHERE BANK_NO = :b1""SELECT REPRS_CODE,W_COD",focus_forms/ARST023.fmx.md,observed_sql_indicator,PKB/SQL and schema
ARST023.fmx,sql,"SELECT C_A_CODE,R_CODE,REP_CODE,INACTIVE,C_CLASS,DECODE(:b1,1,NVL(C_A_NAME,C_E_NAME),NVL(C_E_NAME,C_A_NAME)),BLK_LST,CONN_BRN_NO,NVL(INSRNCE_CST,0),INSRNCE_CMP_NO FROM CUSTOMER WHE",focus_forms/ARST023.fmx.md,observed_sql_indicator,PKB/SQL and schema
ARST023.fmx,sql,"SELECT CC_CODE FROM CUSTOMER WHERE C_CODE = :b1""SELECT CC_CODE FROM CUSTOMER WHERE C_CODE = :b1 AND EXISTS (SELECT 1 FROM PRIVILEGE_CC WHERE U_ID = :b2 AND CC_CODE = CUSTOMER.CC_CO",focus_forms/ARST023.fmx.md,observed_sql_indicator,PKB/SQL and schema
ARST023.fmx,sql,"SELECT 1 FROM PRIV_ACC WHERE A_CODE = :b1 AND A_CY = :b2 AND NVL(ADD_FLAG,0) = 1 AND U_ID = :b3 AND ROWNUM <= 1""SELECT 1 FROM PRIV_ACC WHERE A_CODE = :b1 AND A_CY = :b2 AND NVL(ADD",focus_forms/ARST023.fmx.md,observed_sql_indicator,PKB/SQL and schema
ARST023.fmx,sql,"SELECT C_CODE FROM CUSTOMER WHERE (LTRIM(RTRIM(C_A_NAME)) = LTRIM(RTRIM(:b1)) OR LTRIM(RTRIM(C_E_NAME)) = LTRIM(RTRIM(:b1)) )""SELECT C_A_CODE,R_CODE,REP_CODE,INACTIVE,C_CLASS FROM",focus_forms/ARST023.fmx.md,observed_sql_indicator,PKB/SQL and schema
ARST023.fmx,sql,"SELECT BILL_CURRENCY,C_CODE,REP_CODE,COMM_PER,NVL(STAND_BY,0) FROM IAS_BILL_MST WHERE BILL_SER = :b1 AND DECODE(:b2,1,NVL(CC_CODE,0),0) = DECODE(:b2,1,NVL(:b4,0),0)""",focus_forms/ARST023.fmx.md,observed_sql_indicator,PKB/SQL and schema
ARST023.fmx,sql,"SELECT COUNT(1) FROM SALES_MAN WHERE REPRS_CODE = :b1 AND NVL(INACTIVE,0) = 1""SELECT COMM_PER FROM SALES_MAN WHERE REPRS_CODE = :b1 AND ROWNUM <= 1""",focus_forms/ARST023.fmx.md,observed_sql_indicator,PKB/SQL and schema
ARST023.fmx,sql,"SELECT DECODE(:b1,1,NVL(RES_L_NM,RES_F_NM),NVL(RES_F_NM,RES_L_NM)) RES_NM FROM IAS_RT_SALES_REASON WHERE RES_TYP = :b2 AND ROWNUM <= 1""",focus_forms/ARST023.fmx.md,observed_sql_indicator,PKB/SQL and schema
ARST023.fmx,sql,"SELECT NVL(INV_DIS_LMT,0) FROM PRIVILEGE_FIXED WHERE U_ID = :b1""",focus_forms/ARST023.fmx.md,observed_sql_indicator,PKB/SQL and schema
ARST023.fmx,sql,"SELECT DECODE(:b1,1,NVL(CC_A_NAME,CC_E_NAME),NVL(CC_E_NAME,CC_A_NAME)) FROM COST_CENTERS WHERE CC_CODE = :b2""",focus_forms/ARST023.fmx.md,observed_sql_indicator,PKB/SQL and schema
ARST023.fmx,sql,"SELECT A_CODE FROM CASH_IN_HAND WHERE CASH_NO = :b1""",focus_forms/ARST023.fmx.md,observed_sql_indicator,PKB/SQL and schema
ARST023.fmx,sql,"SELECT COUNT(1) FROM ACCOUNT WHERE A_CODE = :b1 AND A_S_M = (SELECT ACCOUNT_TYPE FROM ACCOUNT_TYPES WHERE NVL(AFFECTED_BY_TRANS,0) = 1 ) AND A_CODE IN (SELECT A_CODE FROM CASH_IN_H",focus_forms/ARST023.fmx.md,observed_sql_indicator,PKB/SQL and schema
ARST023.fmx,sql,"SELECT 1 FROM IAS_BNFCRS WHERE BNF_NO = :b1 AND NVL(INACTIVE,0) = 1 AND ROWNUM <= 1""",focus_forms/ARST023.fmx.md,observed_sql_indicator,PKB/SQL and schema
ARST023.fmx,sql,"SELECT BNF_NO,PRSON_CARD_NO_FMLY,DECODE(:b1,1,NVL(PRSON_L_NM,PRSON_F_NM),NVL(PRSON_F_NM,PRSON_L_NM)),RLTN_TYP,NVL(INACTIVE,0),CLSS_NO,CARD_EXPIRE_DATE,CARD_ISSUE_DATE FROM IAS_INSR",focus_forms/ARST023.fmx.md,observed_sql_indicator,PKB/SQL and schema
ARST023.fmx,sql,"SELECT A_CODE FROM CASH_IN_HAND WHERE CASH_NO = :b1 AND ROWNUM <= 1""",focus_forms/ARST023.fmx.md,observed_sql_indicator,PKB/SQL and schema
ARST023.fmx,sql,"SELECT 1 FROM CASH_IN_HAND WHERE CASH_NO = :b1 AND ROWNUM <= 1""SELECT A_CODE,CASH_NAME FROM CASH_IN_HAND WHERE CASH_NO = :b1""SELECT 1 FROM IAS_CASH_IN_HAND_DTL WHERE CASH_NO = :b1",focus_forms/ARST023.fmx.md,observed_sql_indicator,PKB/SQL and schema
ARST023.fmx,sql,"UPDATE IAS_RT_BILL_DTL_RQ SET CC_CODE=:b1 WHERE RT_BILL_NO = :b2 AND RT_BILL_SER = :b3""UPDATE IAS_ITM_ATTACH_OTHRS SET CC_CODE=:b1 WHERE DOC_SER = :b2""UPDATE IAS_ITEM_SERIALNO_OTHR",focus_forms/ARST023.fmx.md,observed_sql_indicator,PKB/SQL and schema
ARST023.fmx,sql,"DELETE FROM IAS_RT_BILL_DTL_RQ WHERE RT_BILL_NO = :b1 AND RT_BILL_DOC_TYPE = :b2 AND RT_BILL_SER = :b3""DELETE FROM OTHER_CHARGES_OTHRS WHERE BILL_TYPE = 3 AND BILL_NO = :b1 AND BIL",focus_forms/ARST023.fmx.md,observed_sql_indicator,PKB/SQL and schema
ARST023.fmx,sql,"SELECT NVL(A_NAME,A_NAME_ENG) FROM ACCOUNT WHERE A_CODE = :b1""SELECT NVL(CASH_NAME,CASH_E_NAME) FROM CASH_IN_HAND WHERE CASH_NO = :b1""SELECT NVL(A_NAME,A_NAME_ENG) FROM ACCOUNT WHE",focus_forms/ARST023.fmx.md,observed_sql_indicator,PKB/SQL and schema
ARST023.fmx,sql,"SELECT 1 FROM IAS_RT_BILL_DTL I WHERE I.RT_BILL_NO = :b1 AND I.RT_BILL_DOC_TYPE = :b2 AND I.RT_BILL_SER = :b3""SELECT 1 FROM OTHER_CHARGES_OTHRS O WHERE O.BILL_NO = :b1 AND O.BILL_D",focus_forms/ARST023.fmx.md,observed_sql_indicator,PKB/SQL and schema
ARST023.fmx,sql,"SELECT 1 FROM IAS_ITM_MST WHERE I_CODE = :b1 AND ROWNUM <= 1""",focus_forms/ARST023.fmx.md,observed_sql_indicator,PKB/SQL and schema
ARST023.fmx,sql,"SELECT FLEX_NO FROM IAS_ITM_UNT_BARCODE WHERE BARCODE = :b1""SELECT 1 FROM IAS_ITM_MST WHERE I_CODE = :b1 AND ROWNUM <= 1""SELECT DECODE(:b1,1,NVL(I_NAME,I_E_NAME),NVL(I_E_NAME,I_NAM",focus_forms/ARST023.fmx.md,observed_sql_indicator,PKB/SQL and schema
ARST023.fmx,sql,"SELECT COUNT(1) FROM IAS_BILL_MST WHERE BILL_NO = :b1 AND BILL_SER = NVL(:b2,0) AND NVL(STAND_BY,0) = 0""SELECT BILL_SER FROM IAS_BILL_MST WHERE BILL_NO = :b1""SELECT 1 FROM IAS_BILL",focus_forms/ARST023.fmx.md,observed_sql_indicator,PKB/SQL and schema
ARST023.fmx,sql,"SELECT COUNT(1) FROM IAS_BILL_DTL WHERE BILL_DOC_TYPE = :b1 AND BILL_NO = :b2 AND I_CODE = :b3 AND BILL_SER = :b4 AND W_CODE = :b5""",focus_forms/ARST023.fmx.md,observed_sql_indicator,PKB/SQL and schema
ARST023.fmx,sql,"SELECT NVL(SUM(P_QTY),0) FROM IAS_BILL_DTL WHERE BILL_SER = :b1 AND I_CODE = :b2 AND NVL(RCRD_NO,0) = NVL(:b3,0)""SELECT NVL(SUM(B.P_QTY),0) FROM IAS_RT_BILL_MST_RQ A,IAS_RT_BILL_DT",focus_forms/ARST023.fmx.md,observed_sql_indicator,PKB/SQL and schema
ARST023.fmx,sql,"SELECT NVL(ALLOW_FREE_QTY,0) FROM IAS_ITM_MST WHERE I_CODE = :b1""",focus_forms/ARST023.fmx.md,observed_sql_indicator,PKB/SQL and schema
ARST023.fmx,sql,"SELECT NVL(SUM(NVL(FREE_QTY,0) * NVL(P_SIZE,1) ),0) FROM IAS_BILL_DTL WHERE BILL_SER = :b1 AND I_CODE = :b2 AND NVL(RCRD_NO,0) = NVL(:b3,0)""SELECT NVL(SUM(NVL(FREE_QTY,0) * NVL(P_S",focus_forms/ARST023.fmx.md,observed_sql_indicator,PKB/SQL and schema
ARST023.fmx,sql,"SELECT DECODE(:b1,1,NVL(V_A_NAME,V_E_NAME),NVL(V_E_NAME,V_A_NAME)),INACTIVE,V_A_CODE,BLK_LST FROM V_DETAILS WHERE V_CODE = :b2""",focus_forms/ARST023.fmx.md,observed_sql_indicator,PKB/SQL and schema
ARST023.fmx,sql,"DELETE FROM OTHER_CHARGES_ITEMS_OTHRS WHERE BILL_TYPE = 3 AND BILL_NO = :b1 AND BILL_DOC_TYPE = :b2 AND BILL_SER = :b3 AND I_CODE = :b4 AND ITM_UNT = :b5""",focus_forms/ARST023.fmx.md,observed_sql_indicator,PKB/SQL and schema
ARST023.fmx,metadata,ARST023,focus_forms/ARST023.fmx.md,specification_only,none
ARST023.fmx,metadata,YSERP_MNU.MMX,focus_forms/ARST023.fmx.md,specification_only,none
ARST023.fmx,metadata,AMERICAN_AMERICA.AR8MSWIN1256,focus_forms/ARST023.fmx.md,specification_only,none
ARST023.fmx,metadata,P7_19_NOV_201408_39_34,focus_forms/ARST023.fmx.md,specification_only,none
ARST023.fmx,metadata,SQLFORMS,focus_forms/ARST023.fmx.md,specification_only,none
ARST023.fmx,metadata,"""PKG INIT""<anonymous>""""",focus_forms/ARST023.fmx.md,specification_only,none
ARST023.fmx,metadata,P6_19_NOV_201408_39_34,focus_forms/ARST023.fmx.md,specification_only,none
ARST023.fmx,metadata,P0_10_SEP_201409_07_04,focus_forms/ARST023.fmx.md,specification_only,none
ARST023.fmx,metadata,P6_19_MAR_201410_50_09,focus_forms/ARST023.fmx.md,specification_only,none
ARST023.fmx,metadata,/LYSERP_LIB,focus_forms/ARST023.fmx.md,specification_only,none
ARST023.fmx,metadata,GEN_PKG,focus_forms/ARST023.fmx.md,specification_only,none
ARST023.fmx,metadata,P30_16_JAN_201412_58_41,focus_forms/ARST023.fmx.md,specification_only,none
ARST023.fmx,metadata,/NSPC17/PRE_FORM_PRC,focus_forms/ARST023.fmx.md,specification_only,none
ARST023.fmx,metadata,P29_16_JAN_201412_58_41,focus_forms/ARST023.fmx.md,specification_only,none
ARST023.fmx,metadata,"""/NSPC17/WHEN_NEW_FORM_INSTANCE_PRC",focus_forms/ARST023.fmx.md,specification_only,none
ARST023.fmx,metadata,P28_16_JAN_201412_58_41,focus_forms/ARST023.fmx.md,specification_only,none
ARST023.fmx,metadata,/NSPC17/POST_FORMS_COMMIT_PRC,focus_forms/ARST023.fmx.md,specification_only,none
ARST023.fmx,metadata,P27_16_JAN_201412_58_41,focus_forms/ARST023.fmx.md,specification_only,none
ARST023.fmx,metadata,P26_16_JAN_201412_58_41,focus_forms/ARST023.fmx.md,specification_only,none
ARST023.fmx,metadata,P25_16_JAN_201412_58_41,focus_forms/ARST023.fmx.md,specification_only,none
ARST023.fmx,metadata,P24_16_JAN_201412_58_41,focus_forms/ARST023.fmx.md,specification_only,none
ARST023.fmx,metadata,P23_16_JAN_201412_58_41,focus_forms/ARST023.fmx.md,specification_only,none
ARST023.fmx,metadata,P22_16_JAN_201412_58_41,focus_forms/ARST023.fmx.md,specification_only,none
ARST023.fmx,metadata,P21_16_JAN_201412_58_41,focus_forms/ARST023.fmx.md,specification_only,none
ARST023.fmx,metadata,/NSPC17/EXIT_PROC,focus_forms/ARST023.fmx.md,specification_only,none
ARST023.fmx,metadata,P20_16_JAN_201412_58_41,focus_forms/ARST023.fmx.md,specification_only,none
ARST023.fmx,metadata,P19_16_JAN_201412_58_41,focus_forms/ARST023.fmx.md,specification_only,none
ARST023.fmx,metadata,STANDARD,focus_forms/ARST023.fmx.md,specification_only,none
ARST023.fmx,metadata,FORMS40,focus_forms/ARST023.fmx.md,specification_only,none
ARST023.fmx,metadata,VIEW_BTN,focus_forms/ARST023.fmx.md,specification_only,none
ARST023.fmx,metadata,SCREEN_BTN,focus_forms/ARST023.fmx.md,specification_only,none
ARST023.fmx,metadata,PRINT_DOC_BTN,focus_forms/ARST023.fmx.md,specification_only,none
ARST023.fmx,metadata,CANCEL_BTN,focus_forms/ARST023.fmx.md,specification_only,none
ARST023.fmx,metadata,PRINT_ST,focus_forms/ARST023.fmx.md,specification_only,none
ARST023.fmx,metadata,P18_16_JAN_201412_58_41,focus_forms/ARST023.fmx.md,specification_only,none
ARST023.fmx,metadata,Create -,focus_forms/ARST023.fmx.md,specification_only,none
ARST023.fmx,metadata,P17_16_JAN_201412_58_41,focus_forms/ARST023.fmx.md,specification_only,none
ARST023.fmx,metadata,FORMS4C,focus_forms/ARST023.fmx.md,specification_only,none
ARST023.fmx,metadata,/NSPC17/ADD_PROC,focus_forms/ARST023.fmx.md,specification_only,none
ARST023.fmx,metadata,BAR.ADD_Btn,focus_forms/ARST023.fmx.md,specification_only,none
ARST023.fmx,metadata,TRUE,focus_forms/ARST023.fmx.md,specification_only,none
ARST023.fmx,metadata,Delete -,focus_forms/ARST023.fmx.md,specification_only,none
ARST023.fmx,metadata,P16_16_JAN_201412_58_41,focus_forms/ARST023.fmx.md,specification_only,none
ARST023.fmx,metadata,/NSPC17/DELETE_PROC,focus_forms/ARST023.fmx.md,specification_only,none
ARST023.fmx,metadata,BAR.Del_Btn,focus_forms/ARST023.fmx.md,specification_only,none
ARST023.fmx,metadata,Accept -,focus_forms/ARST023.fmx.md,specification_only,none
ARST023.fmx,metadata,P15_16_JAN_201412_58_41,focus_forms/ARST023.fmx.md,specification_only,none
ARST023.fmx,metadata,/NSPC17/SAVE_PROC,focus_forms/ARST023.fmx.md,specification_only,none
ARST023.fmx,metadata,BAR.SAVE_Btn,focus_forms/ARST023.fmx.md,specification_only,none
ARST023.fmx,metadata,List -,focus_forms/ARST023.fmx.md,specification_only,none
ARST023.fmx,metadata,P14_16_JAN_201412_58_41,focus_forms/ARST023.fmx.md,specification_only,none
ARST023.fmx,metadata,/NSPC17/LIST_PROC,focus_forms/ARST023.fmx.md,specification_only,none
ARST023.fmx,metadata,BAR.LIST_BTN,focus_forms/ARST023.fmx.md,specification_only,none
ARST023.fmx,metadata,Search_,focus_forms/ARST023.fmx.md,specification_only,none
ARST023.fmx,metadata,P13_16_JAN_201412_58_41,focus_forms/ARST023.fmx.md,specification_only,none
ARST023.fmx,metadata,/NSPC17/KEY_ENTQRY,focus_forms/ARST023.fmx.md,specification_only,none
ARST023.fmx,metadata,BAR.SeeK_Btn,focus_forms/ARST023.fmx.md,specification_only,none
ARST023.fmx,metadata,Exceute -,focus_forms/ARST023.fmx.md,specification_only,none
ARST023.fmx,metadata,P12_16_JAN_201412_58_41,focus_forms/ARST023.fmx.md,specification_only,none
ARST023.fmx,metadata,/NSPC17/KEY_EXEQRY,focus_forms/ARST023.fmx.md,specification_only,none
ARST023.fmx,metadata,BAR.SEEK_BTN,focus_forms/ARST023.fmx.md,specification_only,none
ARST023.fmx,metadata,Print -,focus_forms/ARST023.fmx.md,specification_only,none
ARST023.fmx,metadata,P11_16_JAN_201412_58_41,focus_forms/ARST023.fmx.md,specification_only,none
ARST023.fmx,metadata,/NSPC17/CALL_SCR_PRINT,focus_forms/ARST023.fmx.md,specification_only,none
ARST023.fmx,metadata,BAR.Print_Btn,focus_forms/ARST023.fmx.md,specification_only,none
ARST023.fmx,metadata,P10_16_JAN_201412_58_41,focus_forms/ARST023.fmx.md,specification_only,none
ARST023.fmx,metadata,/NSPC17/WHEN_TIMER_EXPIRED_PRC,focus_forms/ARST023.fmx.md,specification_only,none
ARST023.fmx,metadata,P9_16_JAN_201412_58_41,focus_forms/ARST023.fmx.md,specification_only,none
ARST023.fmx,metadata,FORMS4W,focus_forms/ARST023.fmx.md,specification_only,none
ARST023.fmx,metadata,WIN7,focus_forms/ARST023.fmx.md,specification_only,none
ARST023.fmx,metadata,Ias_Rt_Bill_Mst_Rq.Dummy,focus_forms/ARST023.fmx.md,specification_only,none
ARST023.fmx,metadata,WIN9,focus_forms/ARST023.fmx.md,specification_only,none
ARST023.fmx,metadata,Bar.Dummy,focus_forms/ARST023.fmx.md,specification_only,none
ARST023.fmx,metadata,WIN10,focus_forms/ARST023.fmx.md,specification_only,none
ARST023.fmx,metadata,IAS_RT_BILL_DTL_RQ,focus_forms/ARST023.fmx.md,specification_only,none
ARST023.fmx,metadata,WIN11,focus_forms/ARST023.fmx.md,specification_only,none
ARST023.fmx,metadata,Ias_Rt_Bill_Dtl_Rq.I_Qty,focus_forms/ARST023.fmx.md,specification_only,none
ARST023.fmx,metadata,Win_Wt,focus_forms/ARST023.fmx.md,specification_only,none
ARST023.fmx,metadata,.I_Qty,focus_forms/ARST023.fmx.md,specification_only,none
ARST023.fmx,metadata,.Dummy,focus_forms/ARST023.fmx.md,specification_only,none
ARST023.fmx,metadata,WIN13,focus_forms/ARST023.fmx.md,specification_only,none
ARST023.fmx,metadata,P8_16_JAN_201412_58_41,focus_forms/ARST023.fmx.md,specification_only,none
ARST023.fmx,metadata,P4_12_FEB_201417_30_42,focus_forms/ARST023.fmx.md,specification_only,none
ARST023.fmx,metadata,!/NSPC17/WHEN_TAB_PAGE_CHANGED_PRC,focus_forms/ARST023.fmx.md,specification_only,none
ARST023.fmx,metadata,P5_16_JAN_201412_58_41,focus_forms/ARST023.fmx.md,specification_only,none
ARST023.fmx,metadata,P9_31_OCT_201505_19_12,focus_forms/ARST023.fmx.md,specification_only,none
ARST023.fmx,metadata,/NSPC17/CLEAR_ALL_MASTER_DETAILS,focus_forms/ARST023.fmx.md,specification_only,none
ARST023.fmx,metadata,ADD_PROC2,focus_forms/ARST023.fmx.md,specification_only,none
ARST023.fmx,metadata,"""PKG INIT""ADD_PROC2""V_PK_VAL""""",focus_forms/ARST023.fmx.md,specification_only,none
ARST023.fmx,metadata,ADD_F_DOC,focus_forms/ARST023.fmx.md,specification_only,none
ARST023.fmx,metadata,CALL_BTN_SCR,focus_forms/ARST023.fmx.md,specification_only,none
ARST023.fmx,metadata,CALL_BAR_BTN_SCR,focus_forms/ARST023.fmx.md,specification_only,none
ARST023.fmx,metadata,IAS_USR_PKG,focus_forms/ARST023.fmx.md,specification_only,none
ARST023.fmx,metadata,IAS20142,focus_forms/ARST023.fmx.md,specification_only,none
ARST023.fmx,metadata,YS_GEN_PKG,focus_forms/ARST023.fmx.md,specification_only,none
ARST023.fmx,metadata,"""PKG INIT""CALL_BTN_SCR""P_SCR_TYP""V_APPROVED_PRV""V_VRFY_PRV""V_INACTIVE_PRV""""",focus_forms/ARST023.fmx.md,specification_only,none
ARST023.fmx,metadata,CALL_OBJ.DUMMY,focus_forms/ARST023.fmx.md,specification_only,none
ARST023.fmx,metadata,Bar.Save_Btn,focus_forms/ARST023.fmx.md,specification_only,none
ARST023.fmx,metadata,FALSE,focus_forms/ARST023.fmx.md,specification_only,none
ARST023.fmx,metadata,IAS_USR_PKGIAS20142CHK_USR_FRM_PRVIA,focus_forms/ARST023.fmx.md,specification_only,none
ARST023.fmx,metadata,IAS_USR_PKGIAS20142GET_USR_APPRV,focus_forms/ARST023.fmx.md,specification_only,none
ARST023.fmx,metadata,Parameter.Vrfy_Flag,focus_forms/ARST023.fmx.md,specification_only,none
ARST023.fmx,metadata,Parameter.Blk,focus_forms/ARST023.fmx.md,specification_only,none
ARST023.fmx,metadata,INACTIVE,focus_forms/ARST023.fmx.md,specification_only,none
ARST023.fmx,metadata,YS_GEN_PKGIAS20142GET_USR_FLD_PRVYS_,focus_forms/ARST023.fmx.md,specification_only,none
ARST023.fmx,metadata,CALL_SCR_PRINT,focus_forms/ARST023.fmx.md,specification_only,none
ARST023.fmx,metadata,IAS_RT_BILL_MST_RQ,focus_forms/ARST023.fmx.md,specification_only,none
ARST023.fmx,metadata,"""PKG INIT""CALL_SCR_PRINT""V_STAND_BY""<cursor ptr>""<SQL statement. Line 8>""""",focus_forms/ARST023.fmx.md,specification_only,none
ARST023.fmx,metadata,Ftr.Err,focus_forms/ARST023.fmx.md,specification_only,none
ARST023.fmx,metadata,Prnt.rep_smple,focus_forms/ARST023.fmx.md,specification_only,none
ARST023.fmx,metadata,Prnt.screen_btn,focus_forms/ARST023.fmx.md,specification_only,none
ARST023.fmx,metadata,Prnt.view_btn,focus_forms/ARST023.fmx.md,specification_only,none
ARST023.fmx,metadata,Prnt.print_doc_btn,focus_forms/ARST023.fmx.md,specification_only,none
ARST023.fmx,metadata,"SELECT NVL(STAND_BY,0) FROM IAS_RT_BILL_MST_RQ WHERE RT_BILL_SER = :b1 AND ROWNUM <= 1""",focus_forms/ARST023.fmx.md,specification_only,none
ARST023.fmx,metadata,VA_ITM_MOVE,focus_forms/ARST023.fmx.md,specification_only,none
ARST023.fmx,metadata,VA_FLD,focus_forms/ARST023.fmx.md,specification_only,none
ARST023.fmx,metadata,MS Sans Serif,focus_forms/ARST023.fmx.md,specification_only,none
ARST023.fmx,metadata,VA_PRMPT,focus_forms/ARST023.fmx.md,specification_only,none
ARST023.fmx,metadata,ADD_PROC,focus_forms/ARST023.fmx.md,specification_only,none
ARST023.fmx,metadata,/NSPC17/IAS_WT_PKG,focus_forms/ARST023.fmx.md,specification_only,none
ARST023.fmx,metadata,IAS_CHECK_SYS_PKG,focus_forms/ARST023.fmx.md,specification_only,none
ARST023.fmx,metadata,IAS_GEN_PKG,focus_forms/ARST023.fmx.md,specification_only,none
ARST023.fmx,metadata,/NSPC17/RT_BILL_DOC_TYPE_CHANGE,focus_forms/ARST023.fmx.md,specification_only,none
ARST023.fmx,metadata,/NSPC17/GET_RT_BILL_NO,focus_forms/ARST023.fmx.md,specification_only,none
ARST023.fmx,metadata,WAREHOUSE_DETAILS,focus_forms/ARST023.fmx.md,specification_only,none
ARST023.fmx,metadata,/NSPC17/MAKEARRAY,focus_forms/ARST023.fmx.md,specification_only,none
ARST023.fmx,metadata,"""PKG INIT""ADD_PROC""CNT""A""B""D""CC""F_WC""I""<cursor ptr>""<SQL statement. Line 258>""<SQL statement. Line 263>""""",focus_forms/ARST023.fmx.md,specification_only,none
ARST023.fmx,metadata,RollBack,focus_forms/ARST023.fmx.md,specification_only,none
ARST023.fmx,metadata,Ias_Rt_Bill_Mst_Rq.Brn_No,focus_forms/ARST023.fmx.md,specification_only,none
ARST023.fmx,metadata,Ias_Rt_Bill_Dtl_Rq.bill_no,focus_forms/ARST023.fmx.md,specification_only,none
ARST023.fmx,metadata,Ias_Rt_Bill_Mst_Rq.fsi,focus_forms/ARST023.fmx.md,specification_only,none
ARST023.fmx,metadata,Ias_Rt_Bill_Mst_Rq.rt_bill_doc_type,focus_forms/ARST023.fmx.md,specification_only,none
ARST023.fmx,metadata,Ias_Rt_Bill_Mst_Rq.rt_bill_no,focus_forms/ARST023.fmx.md,specification_only,none
ARST023.fmx,metadata,Ias_Rt_Bill_Mst_Rq.rt_bill_date,focus_forms/ARST023.fmx.md,specification_only,none
ARST023.fmx,metadata,Ias_Rt_Bill_Mst_Rq.rt_bill_currency,focus_forms/ARST023.fmx.md,specification_only,none
ARST023.fmx,metadata,Ias_Rt_Bill_Mst_Rq.rt_bill_rate,focus_forms/ARST023.fmx.md,specification_only,none
ARST023.fmx,metadata,Ias_Rt_Bill_Mst_Rq.C_Name,focus_forms/ARST023.fmx.md,specification_only,none
ARST023.fmx,metadata,Ias_Rt_Bill_Mst_Rq.a_desc,focus_forms/ARST023.fmx.md,specification_only,none
ARST023.fmx,metadata,Ias_Rt_Bill_Mst_Rq.ref_no,focus_forms/ARST023.fmx.md,specification_only,none
ARST023.fmx,metadata,Ias_Rt_Bill_Mst_Rq.Attach_cnt,focus_forms/ARST023.fmx.md,specification_only,none
ARST023.fmx,metadata,Ias_Rt_Bill_Mst_Rq.p_year,focus_forms/ARST023.fmx.md,specification_only,none
ARST023.fmx,metadata,Ias_Rt_Bill_Mst_Rq.r_code,focus_forms/ARST023.fmx.md,specification_only,none
ARST023.fmx,metadata,Ias_Rt_Bill_Mst_Rq.rep_code,focus_forms/ARST023.fmx.md,specification_only,none
ARST023.fmx,metadata,Ias_Rt_Bill_Mst_Rq.comm_per,focus_forms/ARST023.fmx.md,specification_only,none
ARST023.fmx,metadata,Ias_Rt_Bill_Mst_Rq.Sr_Type,focus_forms/ARST023.fmx.md,specification_only,none
ARST023.fmx,metadata,Ias_Rt_Bill_Mst_Rq.PRM_CODE,focus_forms/ARST023.fmx.md,specification_only,none
ARST023.fmx,metadata,Ias_Rt_Bill_Mst_Rq.Cc_Code,focus_forms/ARST023.fmx.md,specification_only,none
ARST023.fmx,metadata,Ias_Rt_Bill_Mst_Rq.Pj_No,focus_forms/ARST023.fmx.md,specification_only,none
ARST023.fmx,metadata,Ias_Rt_Bill_Dtl_Rq.Pj_No,focus_forms/ARST023.fmx.md,specification_only,none
ARST023.fmx,metadata,Ias_Rt_Bill_Mst_Rq.Actv_No,focus_forms/ARST023.fmx.md,specification_only,none
ARST023.fmx,metadata,Ias_Rt_Bill_Dtl_Rq.Actv_No,focus_forms/ARST023.fmx.md,specification_only,none
ARST023.fmx,metadata,Ias_Rt_Bill_Mst_Rq.Emp_No,focus_forms/ARST023.fmx.md,specification_only,none
ARST023.fmx,metadata,Ias_Rt_Bill_Dtl_Rq.Emp_No,focus_forms/ARST023.fmx.md,specification_only,none
ARST023.fmx,metadata,Ias_Rt_Bill_Mst_Rq.stock_rate,focus_forms/ARST023.fmx.md,specification_only,none
ARST023.fmx,metadata,Ias_Rt_Bill_Mst_Rq.classIfy_no,focus_forms/ARST023.fmx.md,specification_only,none
ARST023.fmx,metadata,Ias_Rt_Bill_Mst_Rq.Stand_By,focus_forms/ARST023.fmx.md,specification_only,none
ARST023.fmx,metadata,Other_Charges_Othrs.sc_no,focus_forms/ARST023.fmx.md,specification_only,none
ARST023.fmx,metadata,Other_Charges_Othrs.A_Code,focus_forms/ARST023.fmx.md,specification_only,none
ARST023.fmx,metadata,Other_Charges_Othrs.per,focus_forms/ARST023.fmx.md,specification_only,none
ARST023.fmx,metadata,Other_Charges_Othrs.amt,focus_forms/ARST023.fmx.md,specification_only,none
ARST023.fmx,metadata,Other_Charges_Othrs.clear,focus_forms/ARST023.fmx.md,specification_only,none
ARST023.fmx,metadata,IAS_CHECK_SYS_PKGIAS20142CHECK_INV_CLOSE,focus_forms/ARST023.fmx.md,specification_only,none
ARST023.fmx,metadata,Ias_Rt_Bill_Dtl_Rq.i_code,focus_forms/ARST023.fmx.md,specification_only,none
ARST023.fmx,metadata,Ias_Rt_Bill_Dtl_Rq.Itm_Unt,focus_forms/ARST023.fmx.md,specification_only,none
ARST023.fmx,metadata,Ias_Rt_Bill_Dtl_Rq.item_desc,focus_forms/ARST023.fmx.md,specification_only,none
ARST023.fmx,metadata,Ias_Rt_Bill_Dtl_Rq.w_code,focus_forms/ARST023.fmx.md,specification_only,none
ARST023.fmx,metadata,Ias_Rt_Bill_Mst_Rq.W_Code,focus_forms/ARST023.fmx.md,specification_only,none
ARST023.fmx,metadata,Ias_Rt_Bill_Dtl_Rq.i_qty,focus_forms/ARST023.fmx.md,specification_only,none
ARST023.fmx,metadata,Ias_Rt_Bill_Dtl_Rq.dis_per,focus_forms/ARST023.fmx.md,specification_only,none
ARST023.fmx,metadata,Ias_Rt_Bill_Dtl_Rq.dis_amt_dtl,focus_forms/ARST023.fmx.md,specification_only,none
ARST023.fmx,metadata,Ias_Rt_Bill_Mst_Rq.disc_amt_mst,focus_forms/ARST023.fmx.md,specification_only,none
ARST023.fmx,metadata,Ias_Rt_Bill_Dtl_Rq.dis_per2,focus_forms/ARST023.fmx.md,specification_only,none
ARST023.fmx,metadata,Ias_Rt_Bill_Dtl_Rq.dis_amt_dtl2,focus_forms/ARST023.fmx.md,specification_only,none
ARST023.fmx,metadata,Ias_Rt_Bill_Dtl_Rq.dis_per3,focus_forms/ARST023.fmx.md,specification_only,none
ARST023.fmx,metadata,Ias_Rt_Bill_Dtl_Rq.dis_amt_dtl3,focus_forms/ARST023.fmx.md,specification_only,none
ARST023.fmx,metadata,Ias_Rt_Bill_Mst_Rq.Field,focus_forms/ARST023.fmx.md,specification_only,none
ARST023.fmx,metadata,Ias_Rt_Bill_Dtl_Rq.FIELD_DTL,focus_forms/ARST023.fmx.md,specification_only,none
ARST023.fmx,metadata,Ias_Rt_Bill_Mst_Rq.discount,focus_forms/ARST023.fmx.md,specification_only,none
ARST023.fmx,metadata,Ias_Rt_Bill_Dtl_Rq.Cc_Code,focus_forms/ARST023.fmx.md,specification_only,none
ARST023.fmx,metadata,Ias_Rt_Bill_Dtl_Rq.V_Code,focus_forms/ARST023.fmx.md,specification_only,none
ERP_DBA_Cmp.fmx,procedure,CALL_DOC_ALRT_PRC,focus_forms/ERP_DBA_Cmp.fmx.md,specification_only,FMB/PLL/PKB
ERP_DBA_Cmp.fmx,procedure,CHECK_DATA_INSRT_PRC,focus_forms/ERP_DBA_Cmp.fmx.md,specification_only,FMB/PLL/PKB
ERP_DBA_Cmp.fmx,procedure,CHK_CST_CR_LMT_PRC,focus_forms/ERP_DBA_Cmp.fmx.md,specification_only,FMB/PLL/PKB
ERP_DBA_Cmp.fmx,procedure,CHK_DUP_FLD_FNC,focus_forms/ERP_DBA_Cmp.fmx.md,specification_only,FMB/PLL/PKB
ERP_DBA_Cmp.fmx,procedure,CREATE_TS_PRC,focus_forms/ERP_DBA_Cmp.fmx.md,specification_only,FMB/PLL/PKB
ERP_DBA_Cmp.fmx,procedure,DBA_CREATE_LGHT_PKG,focus_forms/ERP_DBA_Cmp.fmx.md,specification_only,FMB/PLL/PKB
ERP_DBA_Cmp.fmx,procedure,FAS_COMMENT_PKG,focus_forms/ERP_DBA_Cmp.fmx.md,specification_only,FMB/PLL/PKB
ERP_DBA_Cmp.fmx,procedure,FAS_CONSTRAINT_PKG,focus_forms/ERP_DBA_Cmp.fmx.md,specification_only,FMB/PLL/PKB
ERP_DBA_Cmp.fmx,procedure,FAS_FUNCTION_PKG,focus_forms/ERP_DBA_Cmp.fmx.md,specification_only,FMB/PLL/PKB
ERP_DBA_Cmp.fmx,procedure,FAS_INDEX_PKG,focus_forms/ERP_DBA_Cmp.fmx.md,specification_only,FMB/PLL/PKB
ERP_DBA_Cmp.fmx,procedure,FAS_PACKAGE_PKG,focus_forms/ERP_DBA_Cmp.fmx.md,specification_only,FMB/PLL/PKB
ERP_DBA_Cmp.fmx,procedure,FAS_POSTING_PKG,focus_forms/ERP_DBA_Cmp.fmx.md,specification_only,FMB/PLL/PKB
ERP_DBA_Cmp.fmx,procedure,FAS_PROCEDURE_PKG,focus_forms/ERP_DBA_Cmp.fmx.md,specification_only,FMB/PLL/PKB
ERP_DBA_Cmp.fmx,procedure,FAS_SEQUENCE_PKG,focus_forms/ERP_DBA_Cmp.fmx.md,specification_only,FMB/PLL/PKB
ERP_DBA_Cmp.fmx,procedure,FAS_SYNONYM_PKG,focus_forms/ERP_DBA_Cmp.fmx.md,specification_only,FMB/PLL/PKB
ERP_DBA_Cmp.fmx,procedure,FAS_TABLE_PKG,focus_forms/ERP_DBA_Cmp.fmx.md,specification_only,FMB/PLL/PKB
ERP_DBA_Cmp.fmx,procedure,FAS_TRIGGER_PKG,focus_forms/ERP_DBA_Cmp.fmx.md,specification_only,FMB/PLL/PKB
ERP_DBA_Cmp.fmx,procedure,FAS_VIEW_PKG,focus_forms/ERP_DBA_Cmp.fmx.md,specification_only,FMB/PLL/PKB
ERP_DBA_Cmp.fmx,procedure,GEN_PKG,focus_forms/ERP_DBA_Cmp.fmx.md,specification_only,FMB/PLL/PKB
ERP_DBA_Cmp.fmx,procedure,GET_DATA_FNC,focus_forms/ERP_DBA_Cmp.fmx.md,specification_only,FMB/PLL/PKB
ERP_DBA_Cmp.fmx,procedure,GET_FRMT_FLD_FNC,focus_forms/ERP_DBA_Cmp.fmx.md,specification_only,FMB/PLL/PKB
ERP_DBA_Cmp.fmx,procedure,GET_MSG_TXT_FNC,focus_forms/ERP_DBA_Cmp.fmx.md,specification_only,FMB/PLL/PKB
ERP_DBA_Cmp.fmx,procedure,GRANT_MNU,focus_forms/ERP_DBA_Cmp.fmx.md,specification_only,FMB/PLL/PKB
ERP_DBA_Cmp.fmx,procedure,HRS_COMMENT_PKG,focus_forms/ERP_DBA_Cmp.fmx.md,specification_only,FMB/PLL/PKB
ERP_DBA_Cmp.fmx,procedure,HRS_CONSTRAINT_PKG,focus_forms/ERP_DBA_Cmp.fmx.md,specification_only,FMB/PLL/PKB
ERP_DBA_Cmp.fmx,procedure,HRS_FUNCTION_PKG,focus_forms/ERP_DBA_Cmp.fmx.md,specification_only,FMB/PLL/PKB
ERP_DBA_Cmp.fmx,procedure,HRS_INDEX_PKG,focus_forms/ERP_DBA_Cmp.fmx.md,specification_only,FMB/PLL/PKB
ERP_DBA_Cmp.fmx,procedure,HRS_PACKAGE_PKG,focus_forms/ERP_DBA_Cmp.fmx.md,specification_only,FMB/PLL/PKB
ERP_DBA_Cmp.fmx,procedure,HRS_POSTING_PKG,focus_forms/ERP_DBA_Cmp.fmx.md,specification_only,FMB/PLL/PKB
ERP_DBA_Cmp.fmx,procedure,HRS_PROCEDURE_PKG,focus_forms/ERP_DBA_Cmp.fmx.md,specification_only,FMB/PLL/PKB
ERP_DBA_Cmp.fmx,procedure,HRS_SEQUENCE_PKG,focus_forms/ERP_DBA_Cmp.fmx.md,specification_only,FMB/PLL/PKB
ERP_DBA_Cmp.fmx,procedure,HRS_SYNONYM_PKG,focus_forms/ERP_DBA_Cmp.fmx.md,specification_only,FMB/PLL/PKB
ERP_DBA_Cmp.fmx,procedure,HRS_TABLE_PKG,focus_forms/ERP_DBA_Cmp.fmx.md,specification_only,FMB/PLL/PKB
ERP_DBA_Cmp.fmx,procedure,HRS_TRIGGER_PKG,focus_forms/ERP_DBA_Cmp.fmx.md,specification_only,FMB/PLL/PKB
ERP_DBA_Cmp.fmx,procedure,HRS_VIEW_PKG,focus_forms/ERP_DBA_Cmp.fmx.md,specification_only,FMB/PLL/PKB
ERP_DBA_Cmp.fmx,procedure,IAS_AC_CC_LMT_PKG,focus_forms/ERP_DBA_Cmp.fmx.md,specification_only,FMB/PLL/PKB
ERP_DBA_Cmp.fmx,procedure,IAS_AUDIT_OTHR_PKG,focus_forms/ERP_DBA_Cmp.fmx.md,specification_only,FMB/PLL/PKB
ERP_DBA_Cmp.fmx,procedure,IAS_AUDIT_PKG,focus_forms/ERP_DBA_Cmp.fmx.md,specification_only,FMB/PLL/PKB
ERP_DBA_Cmp.fmx,procedure,IAS_AUD_SYS_PKG,focus_forms/ERP_DBA_Cmp.fmx.md,specification_only,FMB/PLL/PKB
ERP_DBA_Cmp.fmx,procedure,IAS_BRN_PKG,focus_forms/ERP_DBA_Cmp.fmx.md,specification_only,FMB/PLL/PKB
ERP_DBA_Cmp.fmx,procedure,IAS_CHECK_DBS_PKG,focus_forms/ERP_DBA_Cmp.fmx.md,specification_only,FMB/PLL/PKB
ERP_DBA_Cmp.fmx,procedure,IAS_CHECK_SYS_PKG,focus_forms/ERP_DBA_Cmp.fmx.md,specification_only,FMB/PLL/PKB
ERP_DBA_Cmp.fmx,procedure,IAS_CSHBNK_PKG,focus_forms/ERP_DBA_Cmp.fmx.md,specification_only,FMB/PLL/PKB
ERP_DBA_Cmp.fmx,procedure,IAS_DBS_SYS_PKG,focus_forms/ERP_DBA_Cmp.fmx.md,specification_only,FMB/PLL/PKB
ERP_DBA_Cmp.fmx,procedure,IAS_DRTMP_TRG,focus_forms/ERP_DBA_Cmp.fmx.md,specification_only,FMB/PLL/PKB
ERP_DBA_Cmp.fmx,procedure,IAS_ENCDEC_PKG,focus_forms/ERP_DBA_Cmp.fmx.md,specification_only,FMB/PLL/PKB
ERP_DBA_Cmp.fmx,procedure,IAS_GEN_PKG,focus_forms/ERP_DBA_Cmp.fmx.md,specification_only,FMB/PLL/PKB
ERP_DBA_Cmp.fmx,procedure,IAS_GET_QUT_PRM_PRICE_PRC,focus_forms/ERP_DBA_Cmp.fmx.md,specification_only,FMB/PLL/PKB
ERP_DBA_Cmp.fmx,procedure,IAS_GL_LMT_PKG,focus_forms/ERP_DBA_Cmp.fmx.md,specification_only,FMB/PLL/PKB
ERP_DBA_Cmp.fmx,procedure,IAS_GL_TRNS_PKG,focus_forms/ERP_DBA_Cmp.fmx.md,specification_only,FMB/PLL/PKB
ERP_DBA_Cmp.fmx,procedure,IAS_ITM_PKG,focus_forms/ERP_DBA_Cmp.fmx.md,specification_only,FMB/PLL/PKB
ERP_DBA_Cmp.fmx,procedure,IAS_LGHT_DP_TRG,focus_forms/ERP_DBA_Cmp.fmx.md,specification_only,FMB/PLL/PKB
ERP_DBA_Cmp.fmx,procedure,IAS_LGHT_SFLGS_TRG,focus_forms/ERP_DBA_Cmp.fmx.md,specification_only,FMB/PLL/PKB
ERP_DBA_Cmp.fmx,procedure,IAS_LGHT_WCODE_TRG,focus_forms/ERP_DBA_Cmp.fmx.md,specification_only,FMB/PLL/PKB
ERP_DBA_Cmp.fmx,procedure,IAS_MEASURMENTS_PKG,focus_forms/ERP_DBA_Cmp.fmx.md,specification_only,FMB/PLL/PKB
ERP_DBA_Cmp.fmx,procedure,IAS_MSG_SP_PKG,focus_forms/ERP_DBA_Cmp.fmx.md,specification_only,FMB/PLL/PKB
ERP_DBA_Cmp.fmx,procedure,IAS_POSTING_AP_PKG,focus_forms/ERP_DBA_Cmp.fmx.md,specification_only,FMB/PLL/PKB
ERP_DBA_Cmp.fmx,procedure,IAS_POSTING_AR_PKG,focus_forms/ERP_DBA_Cmp.fmx.md,specification_only,FMB/PLL/PKB
ERP_DBA_Cmp.fmx,procedure,IAS_POSTING_GL_PKG,focus_forms/ERP_DBA_Cmp.fmx.md,specification_only,FMB/PLL/PKB
ERP_DBA_Cmp.fmx,procedure,IAS_POSTING_GRNT_PKG,focus_forms/ERP_DBA_Cmp.fmx.md,specification_only,FMB/PLL/PKB
ERP_DBA_Cmp.fmx,procedure,IAS_POSTING_INV_PKG,focus_forms/ERP_DBA_Cmp.fmx.md,specification_only,FMB/PLL/PKB
ERP_DBA_Cmp.fmx,procedure,IAS_POSTING_JRS_PKG,focus_forms/ERP_DBA_Cmp.fmx.md,specification_only,FMB/PLL/PKB
ERP_DBA_Cmp.fmx,procedure,IAS_POSTING_PKG,focus_forms/ERP_DBA_Cmp.fmx.md,specification_only,FMB/PLL/PKB
ERP_DBA_Cmp.fmx,procedure,IAS_POSTING_SHP_PKG,focus_forms/ERP_DBA_Cmp.fmx.md,specification_only,FMB/PLL/PKB
ERP_DBA_Cmp.fmx,procedure,IAS_PRMTR_PKG,focus_forms/ERP_DBA_Cmp.fmx.md,specification_only,FMB/PLL/PKB
ERP_DBA_Cmp.fmx,procedure,IAS_REPLICA_DATA_PKG,focus_forms/ERP_DBA_Cmp.fmx.md,specification_only,FMB/PLL/PKB
ERP_DBA_Cmp.fmx,procedure,IAS_SMAN_PKG,focus_forms/ERP_DBA_Cmp.fmx.md,specification_only,FMB/PLL/PKB
ERP_DBA_Cmp.fmx,procedure,IAS_SMS_MAIL_PKG,focus_forms/ERP_DBA_Cmp.fmx.md,specification_only,FMB/PLL/PKB
ERP_DBA_Cmp.fmx,procedure,IAS_USR_PKG,focus_forms/ERP_DBA_Cmp.fmx.md,specification_only,FMB/PLL/PKB
ERP_DBA_Cmp.fmx,procedure,INSRT_MSG_ALRT_PRC,focus_forms/ERP_DBA_Cmp.fmx.md,specification_only,FMB/PLL/PKB
ERP_DBA_Cmp.fmx,procedure,INV_REP_COLS_AMT_TRG,focus_forms/ERP_DBA_Cmp.fmx.md,specification_only,FMB/PLL/PKB
ERP_DBA_Cmp.fmx,procedure,LOGIN_PRC,focus_forms/ERP_DBA_Cmp.fmx.md,specification_only,FMB/PLL/PKB
ERP_DBA_Cmp.fmx,procedure,LYSERP_LIB,focus_forms/ERP_DBA_Cmp.fmx.md,specification_only,FMB/PLL/PKB
ERP_DBA_Cmp.fmx,procedure,PMS_COMMENT_PKG,focus_forms/ERP_DBA_Cmp.fmx.md,specification_only,FMB/PLL/PKB
ERP_DBA_Cmp.fmx,procedure,PMS_CONSTRAINT_PKG,focus_forms/ERP_DBA_Cmp.fmx.md,specification_only,FMB/PLL/PKB
ERP_DBA_Cmp.fmx,procedure,PMS_FUNCTION_PKG,focus_forms/ERP_DBA_Cmp.fmx.md,specification_only,FMB/PLL/PKB
ERP_DBA_Cmp.fmx,procedure,PMS_INDEX_PKG,focus_forms/ERP_DBA_Cmp.fmx.md,specification_only,FMB/PLL/PKB
ERP_DBA_Cmp.fmx,procedure,PMS_PACKAGE_PKG,focus_forms/ERP_DBA_Cmp.fmx.md,specification_only,FMB/PLL/PKB
ERP_DBA_Cmp.fmx,procedure,PMS_PROCEDURE_PKG,focus_forms/ERP_DBA_Cmp.fmx.md,specification_only,FMB/PLL/PKB
ERP_DBA_Cmp.fmx,procedure,PMS_SEQUENCE_PKG,focus_forms/ERP_DBA_Cmp.fmx.md,specification_only,FMB/PLL/PKB
ERP_DBA_Cmp.fmx,procedure,PMS_SYNONYM_PKG,focus_forms/ERP_DBA_Cmp.fmx.md,specification_only,FMB/PLL/PKB
ERP_DBA_Cmp.fmx,procedure,PMS_TABLE_PKG,focus_forms/ERP_DBA_Cmp.fmx.md,specification_only,FMB/PLL/PKB
ERP_DBA_Cmp.fmx,procedure,PMS_TRIGGER_PKG,focus_forms/ERP_DBA_Cmp.fmx.md,specification_only,FMB/PLL/PKB
ERP_DBA_Cmp.fmx,procedure,PMS_VIEW_PKG,focus_forms/ERP_DBA_Cmp.fmx.md,specification_only,FMB/PLL/PKB
ERP_DBA_Cmp.fmx,procedure,REM_COMMENT_PKG,focus_forms/ERP_DBA_Cmp.fmx.md,specification_only,FMB/PLL/PKB
ERP_DBA_Cmp.fmx,procedure,REM_CONSTRAINT_PKG,focus_forms/ERP_DBA_Cmp.fmx.md,specification_only,FMB/PLL/PKB
ERP_DBA_Cmp.fmx,procedure,REM_FUNCTION_PKG,focus_forms/ERP_DBA_Cmp.fmx.md,specification_only,FMB/PLL/PKB
ERP_DBA_Cmp.fmx,procedure,REM_INDEX_PKG,focus_forms/ERP_DBA_Cmp.fmx.md,specification_only,FMB/PLL/PKB
ERP_DBA_Cmp.fmx,procedure,REM_PACKAGE_PKG,focus_forms/ERP_DBA_Cmp.fmx.md,specification_only,FMB/PLL/PKB
ERP_DBA_Cmp.fmx,procedure,REM_PROCEDURE_PKG,focus_forms/ERP_DBA_Cmp.fmx.md,specification_only,FMB/PLL/PKB
ERP_DBA_Cmp.fmx,procedure,REM_SEQUENCE_PKG,focus_forms/ERP_DBA_Cmp.fmx.md,specification_only,FMB/PLL/PKB
ERP_DBA_Cmp.fmx,procedure,REM_SYNONYM_PKG,focus_forms/ERP_DBA_Cmp.fmx.md,specification_only,FMB/PLL/PKB
ERP_DBA_Cmp.fmx,procedure,REM_TABLE_PKG,focus_forms/ERP_DBA_Cmp.fmx.md,specification_only,FMB/PLL/PKB
ERP_DBA_Cmp.fmx,procedure,REM_TRIGGER_PKG,focus_forms/ERP_DBA_Cmp.fmx.md,specification_only,FMB/PLL/PKB
ERP_DBA_Cmp.fmx,procedure,REM_VIEW_PKG,focus_forms/ERP_DBA_Cmp.fmx.md,specification_only,FMB/PLL/PKB
ERP_DBA_Cmp.fmx,procedure,SHOW_BAT_COL1_IN_SCREEN,focus_forms/ERP_DBA_Cmp.fmx.md,specification_only,FMB/PLL/PKB
ERP_DBA_Cmp.fmx,procedure,SHOW_BAT_COL2_IN_SCREEN,focus_forms/ERP_DBA_Cmp.fmx.md,specification_only,FMB/PLL/PKB
ERP_DBA_Cmp.fmx,procedure,SHOW_BAT_COL3_IN_SCREEN,focus_forms/ERP_DBA_Cmp.fmx.md,specification_only,FMB/PLL/PKB
ERP_DBA_Cmp.fmx,procedure,SHOW_BAT_COL4_IN_SCREEN,focus_forms/ERP_DBA_Cmp.fmx.md,specification_only,FMB/PLL/PKB
ERP_DBA_Cmp.fmx,procedure,SHOW_BAT_COL5_IN_SCREEN,focus_forms/ERP_DBA_Cmp.fmx.md,specification_only,FMB/PLL/PKB
ERP_DBA_Cmp.fmx,procedure,TABLESPACE_SCRIPT_PRC,focus_forms/ERP_DBA_Cmp.fmx.md,specification_only,FMB/PLL/PKB
ERP_DBA_Cmp.fmx,procedure,TABLES_PKGS_PRC,focus_forms/ERP_DBA_Cmp.fmx.md,specification_only,FMB/PLL/PKB
ERP_DBA_Cmp.fmx,procedure,YSERP_LIB,focus_forms/ERP_DBA_Cmp.fmx.md,specification_only,FMB/PLL/PKB
ERP_DBA_Cmp.fmx,procedure,YS_AC_DTL_PKG,focus_forms/ERP_DBA_Cmp.fmx.md,specification_only,FMB/PLL/PKB
ERP_DBA_Cmp.fmx,procedure,YS_APPRVD_PKG,focus_forms/ERP_DBA_Cmp.fmx.md,specification_only,FMB/PLL/PKB
ERP_DBA_Cmp.fmx,procedure,YS_EMP_PKG,focus_forms/ERP_DBA_Cmp.fmx.md,specification_only,FMB/PLL/PKB
ERP_DBA_Cmp.fmx,procedure,YS_GEN_PKG,focus_forms/ERP_DBA_Cmp.fmx.md,specification_only,FMB/PLL/PKB
ERP_DBA_Cmp.fmx,procedure,YS_PRMTR_PKG,focus_forms/ERP_DBA_Cmp.fmx.md,specification_only,FMB/PLL/PKB
ERP_DBA_Cmp.fmx,procedure,YS_SCR_PKG,focus_forms/ERP_DBA_Cmp.fmx.md,specification_only,FMB/PLL/PKB
ERP_DBA_Cmp.fmx,procedure,YS_SRL_SCR_PKG,focus_forms/ERP_DBA_Cmp.fmx.md,specification_only,FMB/PLL/PKB
ERP_DBA_Cmp.fmx,component,ERP_DBA_DFLT_DATA.FMX,focus_forms/ERP_DBA_Cmp.fmx.md,specification_only,FMB/PLL/PKB
ERP_DBA_Cmp.fmx,component,FAS_DBA.FMX,focus_forms/ERP_DBA_Cmp.fmx.md,specification_only,FMB/PLL/PKB
ERP_DBA_Cmp.fmx,component,HRS_DBA.FMX,focus_forms/ERP_DBA_Cmp.fmx.md,specification_only,FMB/PLL/PKB
ERP_DBA_Cmp.fmx,sql,"SELECT COUNT(1) FROM V$TABLESPACE WHERE NAME = :b1""",focus_forms/ERP_DBA_Cmp.fmx.md,observed_sql_indicator,PKB/SQL and schema
ERP_DBA_Cmp.fmx,sql,"SELECT COUNT(1) FROM ALL_USERS WHERE USERNAME = ''IAS'' || :b1""SELECT COUNT(1) FROM ALL_USERS WHERE USERNAME = ''IAS'' || :b1""",focus_forms/ERP_DBA_Cmp.fmx.md,observed_sql_indicator,PKB/SQL and schema
ERP_DBA_Cmp.fmx,sql,"SELECT COUNT(1) FROM TAB WHERE TABTYPE = ''TABLE''""SELECT COUNT(1) FROM USER_OBJECTS WHERE OBJECT_TYPE != ''TABLE'' AND STATUS = ''INVALID''""SELECT OBJECT_NAME,OBJECT_TYPE FROM USE",focus_forms/ERP_DBA_Cmp.fmx.md,observed_sql_indicator,PKB/SQL and schema
ERP_DBA_Cmp.fmx,sql,"SELECT COUNT(1) FROM V$TABLESPACE WHERE NAME = ''IAS_SYS_DATA''""SELECT COUNT(1) FROM V$TABLESPACE WHERE NAME = ''IAS_SYS_INDX''""SELECT COUNT(1) FROM ALL_USERS WHERE USERNAME = ''IA",focus_forms/ERP_DBA_Cmp.fmx.md,observed_sql_indicator,PKB/SQL and schema
ERP_DBA_Cmp.fmx,sql,"SELECT COUNT(1) FROM IAS_SYS.S_BRN_USR WHERE BRN_YEAR = :b1 AND BRN_USR = :b2""INSERT INTO IAS_SYS.S_BRN_USR ( BRN_USR,BRN_USR_L_NM,BRN_USR_F_NM,BRN_YEAR,BRN_USR_TST ) VALUES ( :b1,",focus_forms/ERP_DBA_Cmp.fmx.md,observed_sql_indicator,PKB/SQL and schema
ERP_DBA_Cmp.fmx,sql,"SELECT NVL(INACTIVE,0) FROM IAS_SYS.S_ERP_SYSTEM_DBS WHERE SYS_NO = :b1 AND BRN_USR = :b2 AND ROWNUM <= 1""SELECT NVL(INACTIVE,0) FROM IAS_SYS.S_ERP_SYSTEM WHERE SYS_NO = :b1 AND RO",focus_forms/ERP_DBA_Cmp.fmx.md,observed_sql_indicator,PKB/SQL and schema
ERP_DBA_Cmp.fmx,sql,"SELECT COUNT(1) FROM V$TABLESPACE WHERE NAME = ''IAS_TEMP''""SELECT COUNT(1) FROM DBA_TABLESPACES WHERE (TABLESPACE_NAME LIKE ''IAS%'' OR TABLESPACE_NAME LIKE ''FAS%'' OR TABLESPACE",focus_forms/ERP_DBA_Cmp.fmx.md,observed_sql_indicator,PKB/SQL and schema
ERP_DBA_Cmp.fmx,sql,"SELECT COUNT(1) FROM DBA_TABLESPACES WHERE TABLESPACE_NAME LIKE ''IAS%''""SELECT COUNT(1) FROM ALL_USERS WHERE USERNAME = ''IAS'' || :b1""SELECT COUNT(1) FROM TAB WHERE TNAME = ''ACC",focus_forms/ERP_DBA_Cmp.fmx.md,observed_sql_indicator,PKB/SQL and schema
ERP_DBA_Cmp.fmx,sql,"SELECT TBL_SP_NM,TBL_SP_FILE,TBL_SP_SIZE,TBL_SP_TYPE FROM (SELECT ''IAS_TEMP'' TBL_SP_NM,''IAS_TEMP'' TBL_SP_FILE,200 TBL_SP_SIZE,1 TBL_SP_TYPE FROM DUAL UNION ALL SELECT ''IAS_GEN",focus_forms/ERP_DBA_Cmp.fmx.md,observed_sql_indicator,PKB/SQL and schema
ERP_DBA_Cmp.fmx,sql,"SELECT COUNT(1) FROM IAS_SYS.IAS_DOCJV_TYPE_SYSTEMS_MST""INSERT INTO IAS_SYS.IAS_DOCJV_TYPE_SYSTEMS_MST ( LANG_NO,DOC_TYPE,DOC_TYPE_NAME,AD_U_ID,AD_DATE,DOC_PST,FLG_ST ) VALUES ( 1,",focus_forms/ERP_DBA_Cmp.fmx.md,observed_sql_indicator,PKB/SQL and schema
ERP_DBA_Cmp.fmx,metadata,ERP_DBA,focus_forms/ERP_DBA_Cmp.fmx.md,specification_only,none
ERP_DBA_Cmp.fmx,metadata,AMERICAN_AMERICA.AR8MSWIN1256,focus_forms/ERP_DBA_Cmp.fmx.md,specification_only,none
ERP_DBA_Cmp.fmx,metadata,P2_15_DEC_201605_28_58,focus_forms/ERP_DBA_Cmp.fmx.md,specification_only,none
ERP_DBA_Cmp.fmx,metadata,STANDARD,focus_forms/ERP_DBA_Cmp.fmx.md,specification_only,none
ERP_DBA_Cmp.fmx,metadata,FORMS4C,focus_forms/ERP_DBA_Cmp.fmx.md,specification_only,none
ERP_DBA_Cmp.fmx,metadata,FORMS4W,focus_forms/ERP_DBA_Cmp.fmx.md,specification_only,none
ERP_DBA_Cmp.fmx,metadata,"""PKG INIT""<anonymous>""""",focus_forms/ERP_DBA_Cmp.fmx.md,specification_only,none
ERP_DBA_Cmp.fmx,metadata,MAIN,focus_forms/ERP_DBA_Cmp.fmx.md,specification_only,none
ERP_DBA_Cmp.fmx,metadata,Onyx ERP System,focus_forms/ERP_DBA_Cmp.fmx.md,specification_only,none
ERP_DBA_Cmp.fmx,metadata,Setup Onyx Schema,focus_forms/ERP_DBA_Cmp.fmx.md,specification_only,none
ERP_DBA_Cmp.fmx,metadata,YYYY,focus_forms/ERP_DBA_Cmp.fmx.md,specification_only,none
ERP_DBA_Cmp.fmx,metadata,V6.1.2015.12.30,focus_forms/ERP_DBA_Cmp.fmx.md,specification_only,none
ERP_DBA_Cmp.fmx,metadata,Administrator,focus_forms/ERP_DBA_Cmp.fmx.md,specification_only,none
ERP_DBA_Cmp.fmx,metadata,Yemen Soft Company.,focus_forms/ERP_DBA_Cmp.fmx.md,specification_only,none
ERP_DBA_Cmp.fmx,metadata,WIn2,focus_forms/ERP_DBA_Cmp.fmx.md,specification_only,none
ERP_DBA_Cmp.fmx,metadata,TERMINAL,focus_forms/ERP_DBA_Cmp.fmx.md,specification_only,none
ERP_DBA_Cmp.fmx,metadata,P3_15_DEC_201605_28_58,focus_forms/ERP_DBA_Cmp.fmx.md,specification_only,none
ERP_DBA_Cmp.fmx,metadata,SQLFORMS,focus_forms/ERP_DBA_Cmp.fmx.md,specification_only,none
ERP_DBA_Cmp.fmx,metadata,LOGIN,focus_forms/ERP_DBA_Cmp.fmx.md,specification_only,none
ERP_DBA_Cmp.fmx,metadata,P4_15_DEC_201605_28_58,focus_forms/ERP_DBA_Cmp.fmx.md,specification_only,none
ERP_DBA_Cmp.fmx,metadata,FORMS40,focus_forms/ERP_DBA_Cmp.fmx.md,specification_only,none
ERP_DBA_Cmp.fmx,metadata,FORMS4G,focus_forms/ERP_DBA_Cmp.fmx.md,specification_only,none
ERP_DBA_Cmp.fmx,metadata,"""PKG INIT""<anonymous>""ERRNUM""ERRTXT""ERRTYP""""",focus_forms/ERP_DBA_Cmp.fmx.md,specification_only,none
ERP_DBA_Cmp.fmx,metadata,Invalid column name -,focus_forms/ERP_DBA_Cmp.fmx.md,specification_only,none
ERP_DBA_Cmp.fmx,metadata,No Records in List -,focus_forms/ERP_DBA_Cmp.fmx.md,specification_only,none
ERP_DBA_Cmp.fmx,metadata,Enter Date in DD/MM/YYYY Format - DD/MM/YYYY,focus_forms/ERP_DBA_Cmp.fmx.md,specification_only,none
ERP_DBA_Cmp.fmx,metadata,Only Numbers are Allowed -,focus_forms/ERP_DBA_Cmp.fmx.md,specification_only,none
ERP_DBA_Cmp.fmx,metadata,Default,focus_forms/ERP_DBA_Cmp.fmx.md,specification_only,none
ERP_DBA_Cmp.fmx,metadata,shared_pool_size =,focus_forms/ERP_DBA_Cmp.fmx.md,specification_only,none
ERP_DBA_Cmp.fmx,metadata,Open Cursors Exceeded OR RollBack Segment Small Spaces ....,focus_forms/ERP_DBA_Cmp.fmx.md,specification_only,none
ERP_DBA_Cmp.fmx,metadata,P5_15_DEC_201605_28_58,focus_forms/ERP_DBA_Cmp.fmx.md,specification_only,none
ERP_DBA_Cmp.fmx,metadata,P6_15_DEC_201605_28_58,focus_forms/ERP_DBA_Cmp.fmx.md,specification_only,none
ERP_DBA_Cmp.fmx,metadata,"""PKG INIT""<anonymous>""MSGNUM""MSGTXT""MSGTYP""""",focus_forms/ERP_DBA_Cmp.fmx.md,specification_only,none
ERP_DBA_Cmp.fmx,metadata,Changes made Successfully -,focus_forms/ERP_DBA_Cmp.fmx.md,specification_only,none
ERP_DBA_Cmp.fmx,metadata,"No Records Found as per the Query ,Query is Canceld-",focus_forms/ERP_DBA_Cmp.fmx.md,specification_only,none
ERP_DBA_Cmp.fmx,metadata,P7_15_DEC_201605_28_58,focus_forms/ERP_DBA_Cmp.fmx.md,specification_only,none
ERP_DBA_Cmp.fmx,metadata,P8_15_DEC_201605_28_58,focus_forms/ERP_DBA_Cmp.fmx.md,specification_only,none
ERP_DBA_Cmp.fmx,metadata,P9_15_DEC_201605_28_58,focus_forms/ERP_DBA_Cmp.fmx.md,specification_only,none
ERP_DBA_Cmp.fmx,metadata,P10_15_DEC_201605_28_58,focus_forms/ERP_DBA_Cmp.fmx.md,specification_only,none
ERP_DBA_Cmp.fmx,metadata,"""PKG INIT""<anonymous>""A""""",focus_forms/ERP_DBA_Cmp.fmx.md,specification_only,none
ERP_DBA_Cmp.fmx,metadata,P11_15_DEC_201605_28_58,focus_forms/ERP_DBA_Cmp.fmx.md,specification_only,none
ERP_DBA_Cmp.fmx,metadata,P12_15_DEC_201605_28_58,focus_forms/ERP_DBA_Cmp.fmx.md,specification_only,none
ERP_DBA_Cmp.fmx,metadata,P13_15_DEC_201605_28_58,focus_forms/ERP_DBA_Cmp.fmx.md,specification_only,none
ERP_DBA_Cmp.fmx,metadata,SYSTEM,focus_forms/ERP_DBA_Cmp.fmx.md,specification_only,none
ERP_DBA_Cmp.fmx,metadata,[REDACTED_DB_SECRET],focus_forms/ERP_DBA_Cmp.fmx.md,specification_only,none
ERP_DBA_Cmp.fmx,metadata,P14_15_DEC_201605_28_58,focus_forms/ERP_DBA_Cmp.fmx.md,specification_only,none
ERP_DBA_Cmp.fmx,metadata,System,focus_forms/ERP_DBA_Cmp.fmx.md,specification_only,none
ERP_DBA_Cmp.fmx,metadata,[REDACTED_SYSTEM_TOKEN]@yemensoft,focus_forms/ERP_DBA_Cmp.fmx.md,specification_only,none
ERP_DBA_Cmp.fmx,metadata,CREATE_TS_PRC,focus_forms/ERP_DBA_Cmp.fmx.md,specification_only,none
ERP_DBA_Cmp.fmx,metadata,IAS20142,focus_forms/ERP_DBA_Cmp.fmx.md,specification_only,none
ERP_DBA_Cmp.fmx,metadata,V$TABLESPACE,focus_forms/ERP_DBA_Cmp.fmx.md,specification_only,none
ERP_DBA_Cmp.fmx,metadata,PUBLIC,focus_forms/ERP_DBA_Cmp.fmx.md,specification_only,none
ERP_DBA_Cmp.fmx,metadata,V_$TABLESPACE,focus_forms/ERP_DBA_Cmp.fmx.md,specification_only,none
ERP_DBA_Cmp.fmx,metadata,/NSPC0/CHK_ACTV_SYSTEM,focus_forms/ERP_DBA_Cmp.fmx.md,specification_only,none
ERP_DBA_Cmp.fmx,metadata,"""PKG INIT""CREATE_TS_PRC""P_TS_TYPE""P_TS_NM""P_FILE_NM""P_TS_SZ""P_DRV""P_NXT_SZ""P_TS_F""V_CNT""<cursor ptr>""<SQL statement. Line 12>""""",focus_forms/ERP_DBA_Cmp.fmx.md,specification_only,none
ERP_DBA_Cmp.fmx,metadata,"CREATE TABLESPACE """,focus_forms/ERP_DBA_Cmp.fmx.md,specification_only,none
ERP_DBA_Cmp.fmx,metadata,""" DATAFILE",focus_forms/ERP_DBA_Cmp.fmx.md,specification_only,none
ERP_DBA_Cmp.fmx,metadata,:\ORAYS\,focus_forms/ERP_DBA_Cmp.fmx.md,specification_only,none
ERP_DBA_Cmp.fmx,metadata,.ORA,focus_forms/ERP_DBA_Cmp.fmx.md,specification_only,none
ERP_DBA_Cmp.fmx,metadata,SIZE,focus_forms/ERP_DBA_Cmp.fmx.md,specification_only,none
ERP_DBA_Cmp.fmx,metadata,M REUSE AUTOEXTEND ON NEXT,focus_forms/ERP_DBA_Cmp.fmx.md,specification_only,none
ERP_DBA_Cmp.fmx,metadata,M MAXSIZE UNLIMITED EXTENT MANAGEMENT LOCAL,focus_forms/ERP_DBA_Cmp.fmx.md,specification_only,none
ERP_DBA_Cmp.fmx,metadata,IAS_DATA_PV,focus_forms/ERP_DBA_Cmp.fmx.md,specification_only,none
ERP_DBA_Cmp.fmx,metadata,"ALTER TABLESPACE """,focus_forms/ERP_DBA_Cmp.fmx.md,specification_only,none
ERP_DBA_Cmp.fmx,metadata,""" ADD DATAFILE",focus_forms/ERP_DBA_Cmp.fmx.md,specification_only,none
ERP_DBA_Cmp.fmx,metadata,M MAXSIZE UNLIMITED,focus_forms/ERP_DBA_Cmp.fmx.md,specification_only,none
ERP_DBA_Cmp.fmx,metadata,TS.LST_CRT_TS,focus_forms/ERP_DBA_Cmp.fmx.md,specification_only,none
ERP_DBA_Cmp.fmx,metadata,Complete Create,focus_forms/ERP_DBA_Cmp.fmx.md,specification_only,none
ERP_DBA_Cmp.fmx,metadata,TableSpace.,focus_forms/ERP_DBA_Cmp.fmx.md,specification_only,none
ERP_DBA_Cmp.fmx,metadata,"SELECT COUNT(1) FROM V$TABLESPACE WHERE NAME = :b1""",focus_forms/ERP_DBA_Cmp.fmx.md,specification_only,none
ERP_DBA_Cmp.fmx,metadata,LOGIN_PRC,focus_forms/ERP_DBA_Cmp.fmx.md,specification_only,none
ERP_DBA_Cmp.fmx,metadata,ALL_USERS,focus_forms/ERP_DBA_Cmp.fmx.md,specification_only,none
ERP_DBA_Cmp.fmx,metadata,"""PKG INIT""LOGIN_PRC""V_CNT""V_YB""<cursor ptr>""<SQL statement. Line 9>""<SQL statement. Line 53>""""",focus_forms/ERP_DBA_Cmp.fmx.md,specification_only,none
ERP_DBA_Cmp.fmx,metadata,User does not exists,focus_forms/ERP_DBA_Cmp.fmx.md,specification_only,none
ERP_DBA_Cmp.fmx,metadata,Please Enter New year,focus_forms/ERP_DBA_Cmp.fmx.md,specification_only,none
ERP_DBA_Cmp.fmx,metadata,DBA.Brn_Year,focus_forms/ERP_DBA_Cmp.fmx.md,specification_only,none
ERP_DBA_Cmp.fmx,metadata,Please Enter Fin. Unit,focus_forms/ERP_DBA_Cmp.fmx.md,specification_only,none
ERP_DBA_Cmp.fmx,metadata,DBA.Brn_Usr,focus_forms/ERP_DBA_Cmp.fmx.md,specification_only,none
ERP_DBA_Cmp.fmx,metadata,@YEMENSOFT,focus_forms/ERP_DBA_Cmp.fmx.md,specification_only,none
ERP_DBA_Cmp.fmx,metadata,"SELECT COUNT(1) FROM ALL_USERS WHERE USERNAME = ''IAS'' || :b1""SELECT COUNT(1) FROM ALL_USERS WHERE USERNAME = ''IAS'' || :b1""",focus_forms/ERP_DBA_Cmp.fmx.md,specification_only,none
ERP_DBA_Cmp.fmx,metadata,REPORT_DESIGN_GL,focus_forms/ERP_DBA_Cmp.fmx.md,specification_only,none
ERP_DBA_Cmp.fmx,metadata,"""PKG INIT""REPORT_DESIGN_GL""""",focus_forms/ERP_DBA_Cmp.fmx.md,specification_only,none
ERP_DBA_Cmp.fmx,metadata,CREATE TABLE REPORT_TYPES(,focus_forms/ERP_DBA_Cmp.fmx.md,specification_only,none
ERP_DBA_Cmp.fmx,metadata,"REP_TYPE NUMBER(2) NOT NULL,",focus_forms/ERP_DBA_Cmp.fmx.md,specification_only,none
ERP_DBA_Cmp.fmx,metadata,"REP_TYPE_ADESC VARCHAR2(100) NOT NULL,",focus_forms/ERP_DBA_Cmp.fmx.md,specification_only,none
ERP_DBA_Cmp.fmx,metadata,"REP_TYPE_EDESC VARCHAR2(60),",focus_forms/ERP_DBA_Cmp.fmx.md,specification_only,none
ERP_DBA_Cmp.fmx,metadata,CONSTRAINT REPORT_TYPES_PK,focus_forms/ERP_DBA_Cmp.fmx.md,specification_only,none
ERP_DBA_Cmp.fmx,metadata,PRIMARY KEY ( REP_TYPE),focus_forms/ERP_DBA_Cmp.fmx.md,specification_only,none
ERP_DBA_Cmp.fmx,metadata,"USING INDEX TABLESPACE ""IAS_TB_REP"" )",focus_forms/ERP_DBA_Cmp.fmx.md,specification_only,none
ERP_DBA_Cmp.fmx,metadata,"TABLESPACE ""IAS_TB_REP""",focus_forms/ERP_DBA_Cmp.fmx.md,specification_only,none
ERP_DBA_Cmp.fmx,metadata,CREATE UNIQUE INDEX REPORT_TYPES_PK ON REPORT_TYPES,focus_forms/ERP_DBA_Cmp.fmx.md,specification_only,none
ERP_DBA_Cmp.fmx,metadata,"(REP_TYPE) TABLESPACE ""IAS_TB_REP""",focus_forms/ERP_DBA_Cmp.fmx.md,specification_only,none
ERP_DBA_Cmp.fmx,metadata,CREATE TABLE REP_MST(,focus_forms/ERP_DBA_Cmp.fmx.md,specification_only,none
ERP_DBA_Cmp.fmx,metadata,"REP_NO NUMBER(3) NOT NULL,",focus_forms/ERP_DBA_Cmp.fmx.md,specification_only,none
ERP_DBA_Cmp.fmx,metadata,"REPORT_TYPE NUMBER(5) NOT NULL,",focus_forms/ERP_DBA_Cmp.fmx.md,specification_only,none
ERP_DBA_Cmp.fmx,metadata,"ACCOUNT_TYPE NUMBER(5) NOT NULL,",focus_forms/ERP_DBA_Cmp.fmx.md,specification_only,none
ERP_DBA_Cmp.fmx,metadata,"REP_DESC VARCHAR2(60),",focus_forms/ERP_DBA_Cmp.fmx.md,specification_only,none
ERP_DBA_Cmp.fmx,metadata,"REP_TITLE VARCHAR2(60),",focus_forms/ERP_DBA_Cmp.fmx.md,specification_only,none
ERP_DBA_Cmp.fmx,metadata,"MNTH NUMBER(2),",focus_forms/ERP_DBA_Cmp.fmx.md,specification_only,none
ERP_DBA_Cmp.fmx,metadata,"YEAR NUMBER(4),",focus_forms/ERP_DBA_Cmp.fmx.md,specification_only,none
ERP_DBA_Cmp.fmx,metadata,"From_DATE DATE,",focus_forms/ERP_DBA_Cmp.fmx.md,specification_only,none
ERP_DBA_Cmp.fmx,metadata,"TO_DATE DATE,",focus_forms/ERP_DBA_Cmp.fmx.md,specification_only,none
ERP_DBA_Cmp.fmx,metadata,"CURR_ESTM NUMBER(1) DEFAULT 0,",focus_forms/ERP_DBA_Cmp.fmx.md,specification_only,none
ERP_DBA_Cmp.fmx,metadata,"CURR_CODE VARCHAR2(10),",focus_forms/ERP_DBA_Cmp.fmx.md,specification_only,none
ERP_DBA_Cmp.fmx,metadata,"EXCH_RATE NUMBER(15,3),",focus_forms/ERP_DBA_Cmp.fmx.md,specification_only,none
ERP_DBA_Cmp.fmx,metadata,"COL_TOT NUMBER(1) DEFAULT 0,",focus_forms/ERP_DBA_Cmp.fmx.md,specification_only,none
ERP_DBA_Cmp.fmx,metadata,"BRN_TOT NUMBER(1) DEFAULT 0,",focus_forms/ERP_DBA_Cmp.fmx.md,specification_only,none
ERP_DBA_Cmp.fmx,metadata,"ALL_BRN_FLAG NUMBER(1) DEFAULT 1 NOT NULL,",focus_forms/ERP_DBA_Cmp.fmx.md,specification_only,none
ERP_DBA_Cmp.fmx,metadata,"PERIOD_FLAG NUMBER(1) DEFAULT 1 NOT NULL,",focus_forms/ERP_DBA_Cmp.fmx.md,specification_only,none
ERP_DBA_Cmp.fmx,metadata,"ACCOUNT_LEVEL NUMBER(2),",focus_forms/ERP_DBA_Cmp.fmx.md,specification_only,none
ERP_DBA_Cmp.fmx,metadata,CONSTRAINT REP_MST_PK,focus_forms/ERP_DBA_Cmp.fmx.md,specification_only,none
ERP_DBA_Cmp.fmx,metadata,PRIMARY KEY (REP_NO),focus_forms/ERP_DBA_Cmp.fmx.md,specification_only,none
ERP_DBA_Cmp.fmx,metadata,"USING INDEX TABLESPACE ""IAS_TB_REP"")",focus_forms/ERP_DBA_Cmp.fmx.md,specification_only,none
ERP_DBA_Cmp.fmx,metadata,ALTER TABLE REP_MST ADD (CONSTRAINT CKC_BRN_TOT_REP_MST,focus_forms/ERP_DBA_Cmp.fmx.md,specification_only,none
ERP_DBA_Cmp.fmx,metadata,"CHECK (BRN_TOT Is Null or (BRN_TOT in (0,1))))",focus_forms/ERP_DBA_Cmp.fmx.md,specification_only,none
ERP_DBA_Cmp.fmx,metadata,ALTER TABLE REP_MST ADD (CONSTRAINT CKC_COL_TOT_REP_MST,focus_forms/ERP_DBA_Cmp.fmx.md,specification_only,none
ERP_DBA_Cmp.fmx,metadata,"CHECK (COL_TOT Is Null or (COL_TOT in (0,1))))",focus_forms/ERP_DBA_Cmp.fmx.md,specification_only,none
ERP_DBA_Cmp.fmx,metadata,ALTER TABLE REP_MST ADD (CONSTRAINT CKC_CURR_ESTM_REP_MST,focus_forms/ERP_DBA_Cmp.fmx.md,specification_only,none
ERP_DBA_Cmp.fmx,metadata,"CHECK (CURR_ESTM Is Null or (CURR_ESTM in (0,1))))",focus_forms/ERP_DBA_Cmp.fmx.md,specification_only,none
ERP_DBA_Cmp.fmx,metadata,ALTER TABLE REP_MST ADD (CONSTRAINT FK_REP_MST_REF_2030_REPORT_T FOREIGN KEY (REP_TYPE),focus_forms/ERP_DBA_Cmp.fmx.md,specification_only,none
ERP_DBA_Cmp.fmx,metadata,REFERENCES REPORT_TYPES (REP_TYPE)),focus_forms/ERP_DBA_Cmp.fmx.md,specification_only,none
ERP_DBA_Cmp.fmx,metadata,CREATE TABLE REP_TYPES_COLUMNS(,focus_forms/ERP_DBA_Cmp.fmx.md,specification_only,none
ERP_DBA_Cmp.fmx,metadata,"COL_SERIAL NUMBER(2) NOT NULL,",focus_forms/ERP_DBA_Cmp.fmx.md,specification_only,none
ERP_DBA_Cmp.fmx,metadata,"COL_TITLE VARCHAR2(60),",focus_forms/ERP_DBA_Cmp.fmx.md,specification_only,none
ERP_DBA_Cmp.fmx,metadata,CONSTRAINT REP_TYPES_COLUMNS_PK,focus_forms/ERP_DBA_Cmp.fmx.md,specification_only,none
ERP_DBA_Cmp.fmx,metadata,"PRIMARY KEY (REP_TYPE, COL_SERIAL)",focus_forms/ERP_DBA_Cmp.fmx.md,specification_only,none
ERP_DBA_Cmp.fmx,metadata,CREATE UNIQUE INDEX REP_TYPES_COLUMNS_PK ON REP_TYPES_COLUMNS,focus_forms/ERP_DBA_Cmp.fmx.md,specification_only,none
ERP_DBA_Cmp.fmx,metadata,"(REP_TYPE, COL_SERIAL) TABLESPACE ""IAS_TB_REP""",focus_forms/ERP_DBA_Cmp.fmx.md,specification_only,none
ERP_DBA_Cmp.fmx,metadata,ALTER TABLE REP_TYPES_COLUMNS ADD (,focus_forms/ERP_DBA_Cmp.fmx.md,specification_only,none
ERP_DBA_Cmp.fmx,metadata,CONSTRAINT FK_REP_TYPE_REF_2237_REPORT_T FOREIGN KEY (REP_TYPE),focus_forms/ERP_DBA_Cmp.fmx.md,specification_only,none
ERP_DBA_Cmp.fmx,metadata,CREATE TABLE REP_BRN(,focus_forms/ERP_DBA_Cmp.fmx.md,specification_only,none
ERP_DBA_Cmp.fmx,metadata,"B_NO NUMBER(4) NOT NULL,",focus_forms/ERP_DBA_Cmp.fmx.md,specification_only,none
ERP_DBA_Cmp.fmx,metadata,"B_YEAR NUMBER (4) NOT NULL,",focus_forms/ERP_DBA_Cmp.fmx.md,specification_only,none
ERP_DBA_Cmp.fmx,metadata,"DISP_SERIAL NUMBER(5),",focus_forms/ERP_DBA_Cmp.fmx.md,specification_only,none
ERP_DBA_Cmp.fmx,metadata,"DISP_COL NUMBER(1),",focus_forms/ERP_DBA_Cmp.fmx.md,specification_only,none
ERP_DBA_Cmp.fmx,metadata,"B_ADD NUMBER(1) DEFAULT 0,",focus_forms/ERP_DBA_Cmp.fmx.md,specification_only,none
ERP_DBA_Cmp.fmx,metadata,CONSTRAINT REP_BRN_PK,focus_forms/ERP_DBA_Cmp.fmx.md,specification_only,none
ERP_DBA_Cmp.fmx,metadata,"PRIMARY KEY (REP_NO,B_NO)",focus_forms/ERP_DBA_Cmp.fmx.md,specification_only,none
ERP_DBA_Cmp.fmx,metadata,"CREATE UNIQUE INDEX REP_BRN_PK ON REP_BRN (REP_NO,B_NO)",focus_forms/ERP_DBA_Cmp.fmx.md,specification_only,none
ERP_DBA_Cmp.fmx,metadata,ALTER TABLE REP_BRN ADD (CONSTRAINT FK_REP_BRN_REF_1839_REP_MST FOREIGN KEY (REP_NO),focus_forms/ERP_DBA_Cmp.fmx.md,specification_only,none
ERP_DBA_Cmp.fmx,metadata,REFERENCES REP_MST (REP_NO)),focus_forms/ERP_DBA_Cmp.fmx.md,specification_only,none
ERP_DBA_Cmp.fmx,metadata,"ALTER TABLE REP_BRN ADD (CONSTRAINT REP_BRN_FK FOREIGN KEY (B_NO, B_YEAR)",focus_forms/ERP_DBA_Cmp.fmx.md,specification_only,none
ERP_DBA_Cmp.fmx,metadata,"REFERENCES ALL_BRANCHES (B_NO,B_YEAR))",focus_forms/ERP_DBA_Cmp.fmx.md,specification_only,none
ERP_DBA_Cmp.fmx,metadata,CREATE TABLE REP_COL_FIELDS(,focus_forms/ERP_DBA_Cmp.fmx.md,specification_only,none
ERP_DBA_Cmp.fmx,metadata,"FIELD_SERIAL NUMBER(2) NOT NULL,",focus_forms/ERP_DBA_Cmp.fmx.md,specification_only,none
ERP_DBA_Cmp.fmx,metadata,"TABLE_NAME VARCHAR2(30) NOT NULL,",focus_forms/ERP_DBA_Cmp.fmx.md,specification_only,none
ERP_DBA_Cmp.fmx,metadata,"FIELD_NAME VARCHAR2(30) NOT NULL,",focus_forms/ERP_DBA_Cmp.fmx.md,specification_only,none
ERP_DBA_Cmp.fmx,metadata,"ACCT_FIELD VARCHAR2(30) NOT NULL,",focus_forms/ERP_DBA_Cmp.fmx.md,specification_only,none
ERP_DBA_Cmp.fmx,metadata,"YEAR_FIELD VARCHAR2(30),",focus_forms/ERP_DBA_Cmp.fmx.md,specification_only,none
ERP_DBA_Cmp.fmx,metadata,"MNTH_FIELD VARCHAR2(30),",focus_forms/ERP_DBA_Cmp.fmx.md,specification_only,none
ERP_DBA_Cmp.fmx,metadata,"CURR_FIELD VARCHAR2(30),",focus_forms/ERP_DBA_Cmp.fmx.md,specification_only,none
ERP_DBA_Cmp.fmx,metadata,"FIELD_SIGN NUMBER(1) DEFAULT 1 NOT NULL,",focus_forms/ERP_DBA_Cmp.fmx.md,specification_only,none
ERP_DBA_Cmp.fmx,metadata,"DATE_FIELD VARCHAR2(30),",focus_forms/ERP_DBA_Cmp.fmx.md,specification_only,none
ERP_DBA_Cmp.fmx,metadata,CONSTRAINT REP_COL_FIELDS_PK,focus_forms/ERP_DBA_Cmp.fmx.md,specification_only,none
ERP_DBA_Cmp.fmx,metadata,"PRIMARY KEY (REP_TYPE, COL_SERIAL, FIELD_SERIAL)",focus_forms/ERP_DBA_Cmp.fmx.md,specification_only,none
ERP_DBA_Cmp.fmx,metadata,CREATE UNIQUE INDEX REP_COL_FIELDS_PK ON REP_COL_FIELDS,focus_forms/ERP_DBA_Cmp.fmx.md,specification_only,none
ERP_DBA_Cmp.fmx,metadata,"(REP_TYPE, COL_SERIAL, FIELD_SERIAL) TABLESPACE ""IAS_TB_REP""",focus_forms/ERP_DBA_Cmp.fmx.md,specification_only,none
ERP_DBA_Cmp.fmx,metadata,"ALTER TABLE REP_COL_FIELDS ADD (CONSTRAINT FK_REP_COL__REF_2380_REP_TYPE FOREIGN KEY (REP_TYPE, COL_SERIAL)",focus_forms/ERP_DBA_Cmp.fmx.md,specification_only,none
ERP_DBA_Cmp.fmx,metadata,"REFERENCES REP_TYPES_COLUMNS (REP_TYPE,COL_SERIAL))",focus_forms/ERP_DBA_Cmp.fmx.md,specification_only,none
ERP_DBA_Cmp.fmx,metadata,CREATE TABLE REP_ACCT(,focus_forms/ERP_DBA_Cmp.fmx.md,specification_only,none
ERP_DBA_Cmp.fmx,metadata,"ACCT_SER NUMBER(5) NOT NULL,",focus_forms/ERP_DBA_Cmp.fmx.md,specification_only,none
ERP_DBA_Cmp.fmx,metadata,"A_CODE VARCHAR2(30) NOT NULL,",focus_forms/ERP_DBA_Cmp.fmx.md,specification_only,none
ERP_DBA_Cmp.fmx,metadata,"ACTIVE_FLAG NUMBER(1) DEFAULT 1 NOT NULL,",focus_forms/ERP_DBA_Cmp.fmx.md,specification_only,none
ERP_DBA_Cmp.fmx,metadata,"DISP_ORDER NUMBER(5) NOT NULL,",focus_forms/ERP_DBA_Cmp.fmx.md,specification_only,none
ERP_DBA_Cmp.fmx,metadata,"A_NAME VARCHAR2(400),",focus_forms/ERP_DBA_Cmp.fmx.md,specification_only,none
ERP_DBA_Cmp.fmx,metadata,CONSTRAINT REP_ACCT_PK,focus_forms/ERP_DBA_Cmp.fmx.md,specification_only,none
ERP_DBA_Cmp.fmx,metadata,"PRIMARY KEY (REP_NO, B_NO, ACCT_SER) USING INDEX TABLESPACE ""IAS_TB_REP"")",focus_forms/ERP_DBA_Cmp.fmx.md,specification_only,none
ERP_DBA_Cmp.fmx,metadata,"CREATE UNIQUE INDEX REP_ACCT_PK ON REP_ACCT (REP_NO, B_NO, ACCT_SER)",focus_forms/ERP_DBA_Cmp.fmx.md,specification_only,none
ERP_DBA_Cmp.fmx,metadata,"ALTER TABLE REP_ACCT ADD (CONSTRAINT CKC_ACTIVE_FLAG_REP_ACCT CHECK (ACTIVE_FLAG in (0,1)))",focus_forms/ERP_DBA_Cmp.fmx.md,specification_only,none
ERP_DBA_Cmp.fmx,metadata,ALTER TABLE REP_ACCT ADD (CONSTRAINT REP_ACCT_A_CODE_FK FOREIGN KEY (A_CODE),focus_forms/ERP_DBA_Cmp.fmx.md,specification_only,none
ERP_DBA_Cmp.fmx,metadata,REFERENCES ACCOUNT(A_CODE)),focus_forms/ERP_DBA_Cmp.fmx.md,specification_only,none
ERP_DBA_Cmp.fmx,metadata,"ALTER TABLE REP_ACCT ADD (CONSTRAINT REP_ACCT_REPNO_BNO_FK FOREIGN KEY (REP_NO,B_NO)",focus_forms/ERP_DBA_Cmp.fmx.md,specification_only,none
ERP_DBA_Cmp.fmx,metadata,"REFERENCES REP_BRN (REP_NO,B_NO))",focus_forms/ERP_DBA_Cmp.fmx.md,specification_only,none
ERP_DBA_Cmp.fmx,metadata,CREATE TABLE ACCT_COLUMNS_AMT(,focus_forms/ERP_DBA_Cmp.fmx.md,specification_only,none
ERP_DBA_Cmp.fmx,metadata,"COL_AMT NUMBER(15,3) NOT NULL,",focus_forms/ERP_DBA_Cmp.fmx.md,specification_only,none
ERP_DBA_Cmp.fmx,metadata,CONSTRAINT ACCT_COLUMNS_AMT_PK,focus_forms/ERP_DBA_Cmp.fmx.md,specification_only,none
ERP_DBA_Cmp.fmx,metadata,"PRIMARY KEY (REP_NO, B_NO, ACCT_SER, COL_SERIAL)",focus_forms/ERP_DBA_Cmp.fmx.md,specification_only,none
ERP_DBA_Cmp.fmx,metadata,CREATE UNIQUE INDEX ACCT_COLUMNS_AMT_PK ON ACCT_COLUMNS_AMT,focus_forms/ERP_DBA_Cmp.fmx.md,specification_only,none
ERP_DBA_Cmp.fmx,metadata,"(REP_NO, B_NO, ACCT_SER, COL_SERIAL) TABLESPACE ""IAS_TB_REP""",focus_forms/ERP_DBA_Cmp.fmx.md,specification_only,none
ERP_DBA_Cmp.fmx,metadata,"ALTER TABLE ACCT_COLUMNS_AMT ADD (CONSTRAINT FK_ACCT_COL_REF_2694_REP_ACCT FOREIGN KEY (REP_NO, B_NO, ACCT_SER)",focus_forms/ERP_DBA_Cmp.fmx.md,specification_only,none
ERP_DBA_DFLT_DATA.fmx,procedure,DTS_INSRT_DATA_PKG,focus_forms/ERP_DBA_DFLT_DATA.fmx.md,specification_only,FMB/PLL/PKB
ERP_DBA_DFLT_DATA.fmx,procedure,DTS_INSRT_FORM_DTL_PKG,focus_forms/ERP_DBA_DFLT_DATA.fmx.md,specification_only,FMB/PLL/PKB
ERP_DBA_DFLT_DATA.fmx,procedure,FAS_INSRT_DATA_PKG,focus_forms/ERP_DBA_DFLT_DATA.fmx.md,specification_only,FMB/PLL/PKB
ERP_DBA_DFLT_DATA.fmx,procedure,FAS_INSRT_FORM_DTL_PKG,focus_forms/ERP_DBA_DFLT_DATA.fmx.md,specification_only,FMB/PLL/PKB
ERP_DBA_DFLT_DATA.fmx,procedure,FMS_INSRT_DATA_PKG,focus_forms/ERP_DBA_DFLT_DATA.fmx.md,specification_only,FMB/PLL/PKB
ERP_DBA_DFLT_DATA.fmx,procedure,FMS_INSRT_FORM_DTL_PKG,focus_forms/ERP_DBA_DFLT_DATA.fmx.md,specification_only,FMB/PLL/PKB
ERP_DBA_DFLT_DATA.fmx,procedure,FNG_GRN_PKG,focus_forms/ERP_DBA_DFLT_DATA.fmx.md,specification_only,FMB/PLL/PKB
ERP_DBA_DFLT_DATA.fmx,procedure,FNG_INSRT_DATA_PKG,focus_forms/ERP_DBA_DFLT_DATA.fmx.md,specification_only,FMB/PLL/PKB
ERP_DBA_DFLT_DATA.fmx,procedure,FNG_INSRT_FORM_DTL_PKG,focus_forms/ERP_DBA_DFLT_DATA.fmx.md,specification_only,FMB/PLL/PKB
ERP_DBA_DFLT_DATA.fmx,procedure,GET_GRP_BY_FLD_FNC,focus_forms/ERP_DBA_DFLT_DATA.fmx.md,specification_only,FMB/PLL/PKB
ERP_DBA_DFLT_DATA.fmx,procedure,GET_TYPE_NM_FNC,focus_forms/ERP_DBA_DFLT_DATA.fmx.md,specification_only,FMB/PLL/PKB
ERP_DBA_DFLT_DATA.fmx,procedure,GLS_INSRT_DATA_PKG,focus_forms/ERP_DBA_DFLT_DATA.fmx.md,specification_only,FMB/PLL/PKB
ERP_DBA_DFLT_DATA.fmx,procedure,GLS_INSRT_FORM_DTL_PKG,focus_forms/ERP_DBA_DFLT_DATA.fmx.md,specification_only,FMB/PLL/PKB
ERP_DBA_DFLT_DATA.fmx,procedure,HRS_AFR_PKG,focus_forms/ERP_DBA_DFLT_DATA.fmx.md,specification_only,FMB/PLL/PKB
ERP_DBA_DFLT_DATA.fmx,procedure,HRS_ARTCL_PKG,focus_forms/ERP_DBA_DFLT_DATA.fmx.md,specification_only,FMB/PLL/PKB
ERP_DBA_DFLT_DATA.fmx,procedure,HRS_EVL_PKG,focus_forms/ERP_DBA_DFLT_DATA.fmx.md,specification_only,FMB/PLL/PKB
ERP_DBA_DFLT_DATA.fmx,procedure,HRS_GNR_PKG,focus_forms/ERP_DBA_DFLT_DATA.fmx.md,specification_only,FMB/PLL/PKB
ERP_DBA_DFLT_DATA.fmx,procedure,HRS_INSRT_DATA_PKG,focus_forms/ERP_DBA_DFLT_DATA.fmx.md,specification_only,FMB/PLL/PKB
ERP_DBA_DFLT_DATA.fmx,procedure,HRS_INSRT_FORM_DTL_PKG,focus_forms/ERP_DBA_DFLT_DATA.fmx.md,specification_only,FMB/PLL/PKB
ERP_DBA_DFLT_DATA.fmx,procedure,HRS_MDCL_PKG,focus_forms/ERP_DBA_DFLT_DATA.fmx.md,specification_only,FMB/PLL/PKB
ERP_DBA_DFLT_DATA.fmx,procedure,HRS_SNCTN_PKG,focus_forms/ERP_DBA_DFLT_DATA.fmx.md,specification_only,FMB/PLL/PKB
ERP_DBA_DFLT_DATA.fmx,procedure,IAS_ACODE_PKG,focus_forms/ERP_DBA_DFLT_DATA.fmx.md,specification_only,FMB/PLL/PKB
ERP_DBA_DFLT_DATA.fmx,procedure,IAS_BRN_PKG,focus_forms/ERP_DBA_DFLT_DATA.fmx.md,specification_only,FMB/PLL/PKB
ERP_DBA_DFLT_DATA.fmx,procedure,IAS_CC_CODE_PKG,focus_forms/ERP_DBA_DFLT_DATA.fmx.md,specification_only,FMB/PLL/PKB
ERP_DBA_DFLT_DATA.fmx,procedure,IAS_CSHBNK_PKG,focus_forms/ERP_DBA_DFLT_DATA.fmx.md,specification_only,FMB/PLL/PKB
ERP_DBA_DFLT_DATA.fmx,procedure,IAS_DBS_SYS_PKG,focus_forms/ERP_DBA_DFLT_DATA.fmx.md,specification_only,FMB/PLL/PKB
ERP_DBA_DFLT_DATA.fmx,procedure,IAS_FORM_DTL_PKG,focus_forms/ERP_DBA_DFLT_DATA.fmx.md,specification_only,FMB/PLL/PKB
ERP_DBA_DFLT_DATA.fmx,procedure,IAS_GEN_PKG,focus_forms/ERP_DBA_DFLT_DATA.fmx.md,specification_only,FMB/PLL/PKB
ERP_DBA_DFLT_DATA.fmx,procedure,IAS_INSRT_SFLAGS1_PRC,focus_forms/ERP_DBA_DFLT_DATA.fmx.md,specification_only,FMB/PLL/PKB
ERP_DBA_DFLT_DATA.fmx,procedure,IAS_ITM_PKG,focus_forms/ERP_DBA_DFLT_DATA.fmx.md,specification_only,FMB/PLL/PKB
ERP_DBA_DFLT_DATA.fmx,procedure,IAS_PJ_PKG,focus_forms/ERP_DBA_DFLT_DATA.fmx.md,specification_only,FMB/PLL/PKB
ERP_DBA_DFLT_DATA.fmx,procedure,IAS_USR_PKG,focus_forms/ERP_DBA_DFLT_DATA.fmx.md,specification_only,FMB/PLL/PKB
ERP_DBA_DFLT_DATA.fmx,procedure,IAS_VNDR_PKG,focus_forms/ERP_DBA_DFLT_DATA.fmx.md,specification_only,FMB/PLL/PKB
ERP_DBA_DFLT_DATA.fmx,procedure,IAS_WCODE_PKG,focus_forms/ERP_DBA_DFLT_DATA.fmx.md,specification_only,FMB/PLL/PKB
ERP_DBA_DFLT_DATA.fmx,procedure,INSERT_ONLINE_PRC,focus_forms/ERP_DBA_DFLT_DATA.fmx.md,specification_only,FMB/PLL/PKB
ERP_DBA_DFLT_DATA.fmx,procedure,INSRT_FORM_DTL_PKG,focus_forms/ERP_DBA_DFLT_DATA.fmx.md,specification_only,FMB/PLL/PKB
ERP_DBA_DFLT_DATA.fmx,procedure,INSRT_FORM_PRIV_PRC,focus_forms/ERP_DBA_DFLT_DATA.fmx.md,specification_only,FMB/PLL/PKB
ERP_DBA_DFLT_DATA.fmx,procedure,INSRT_LIST_PRC,focus_forms/ERP_DBA_DFLT_DATA.fmx.md,specification_only,FMB/PLL/PKB
ERP_DBA_DFLT_DATA.fmx,procedure,INSRT_LOV_PRC,focus_forms/ERP_DBA_DFLT_DATA.fmx.md,specification_only,FMB/PLL/PKB
ERP_DBA_DFLT_DATA.fmx,procedure,INSRT_SFLAGS_PRC,focus_forms/ERP_DBA_DFLT_DATA.fmx.md,specification_only,FMB/PLL/PKB
ERP_DBA_DFLT_DATA.fmx,procedure,INSRT_S_MSGS_PRC,focus_forms/ERP_DBA_DFLT_DATA.fmx.md,specification_only,FMB/PLL/PKB
ERP_DBA_DFLT_DATA.fmx,procedure,LOGIN_PRC,focus_forms/ERP_DBA_DFLT_DATA.fmx.md,specification_only,FMB/PLL/PKB
ERP_DBA_DFLT_DATA.fmx,procedure,LST_APPRVD_SCREEN,focus_forms/ERP_DBA_DFLT_DATA.fmx.md,specification_only,FMB/PLL/PKB
ERP_DBA_DFLT_DATA.fmx,procedure,MRP_INSRT_DATA_PKG,focus_forms/ERP_DBA_DFLT_DATA.fmx.md,specification_only,FMB/PLL/PKB
ERP_DBA_DFLT_DATA.fmx,procedure,MRP_INSRT_FORM_DTL_PKG,focus_forms/ERP_DBA_DFLT_DATA.fmx.md,specification_only,FMB/PLL/PKB
ERP_DBA_DFLT_DATA.fmx,procedure,MTX_INSRT_DATA_PKG,focus_forms/ERP_DBA_DFLT_DATA.fmx.md,specification_only,FMB/PLL/PKB
ERP_DBA_DFLT_DATA.fmx,procedure,MTX_INSRT_FORM_DTL_PKG,focus_forms/ERP_DBA_DFLT_DATA.fmx.md,specification_only,FMB/PLL/PKB
ERP_DBA_DFLT_DATA.fmx,procedure,PMS_INSRT_DATA_PKG,focus_forms/ERP_DBA_DFLT_DATA.fmx.md,specification_only,FMB/PLL/PKB
ERP_DBA_DFLT_DATA.fmx,procedure,PMS_INSRT_FORM_DTL_PKG,focus_forms/ERP_DBA_DFLT_DATA.fmx.md,specification_only,FMB/PLL/PKB
ERP_DBA_DFLT_DATA.fmx,procedure,REM_INSRT_DATA_PKG,focus_forms/ERP_DBA_DFLT_DATA.fmx.md,specification_only,FMB/PLL/PKB
ERP_DBA_DFLT_DATA.fmx,procedure,REM_INSRT_FORM_DTL_PKG,focus_forms/ERP_DBA_DFLT_DATA.fmx.md,specification_only,FMB/PLL/PKB
ERP_DBA_DFLT_DATA.fmx,procedure,REP_FORM,focus_forms/ERP_DBA_DFLT_DATA.fmx.md,specification_only,FMB/PLL/PKB
ERP_DBA_DFLT_DATA.fmx,procedure,SHL_INSRT_DATA_PKG,focus_forms/ERP_DBA_DFLT_DATA.fmx.md,specification_only,FMB/PLL/PKB
ERP_DBA_DFLT_DATA.fmx,procedure,SHL_INSRT_FORM_DTL_PKG,focus_forms/ERP_DBA_DFLT_DATA.fmx.md,specification_only,FMB/PLL/PKB
ERP_DBA_DFLT_DATA.fmx,procedure,SHP_INSRT_DATA_PKG,focus_forms/ERP_DBA_DFLT_DATA.fmx.md,specification_only,FMB/PLL/PKB
ERP_DBA_DFLT_DATA.fmx,procedure,SHP_INSRT_FORM_DTL_PKG,focus_forms/ERP_DBA_DFLT_DATA.fmx.md,specification_only,FMB/PLL/PKB
ERP_DBA_DFLT_DATA.fmx,procedure,V_CR_FRM_PKG,focus_forms/ERP_DBA_DFLT_DATA.fmx.md,specification_only,FMB/PLL/PKB
ERP_DBA_DFLT_DATA.fmx,procedure,YSERP_LIB,focus_forms/ERP_DBA_DFLT_DATA.fmx.md,specification_only,FMB/PLL/PKB
ERP_DBA_DFLT_DATA.fmx,procedure,YS_AC_DTL_PKG,focus_forms/ERP_DBA_DFLT_DATA.fmx.md,specification_only,FMB/PLL/PKB
ERP_DBA_DFLT_DATA.fmx,procedure,YS_APPRVD_PKG,focus_forms/ERP_DBA_DFLT_DATA.fmx.md,specification_only,FMB/PLL/PKB
ERP_DBA_DFLT_DATA.fmx,procedure,YS_EMP_PKG,focus_forms/ERP_DBA_DFLT_DATA.fmx.md,specification_only,FMB/PLL/PKB
ERP_DBA_DFLT_DATA.fmx,procedure,YS_GEN_PKG,focus_forms/ERP_DBA_DFLT_DATA.fmx.md,specification_only,FMB/PLL/PKB
ERP_DBA_DFLT_DATA.fmx,component,ERP_DBA_DFLT_DATA_LNG.FMX,focus_forms/ERP_DBA_DFLT_DATA.fmx.md,specification_only,FMB/PLL/PKB
ERP_DBA_DFLT_DATA.fmx,component,IASGLT019.FMX,focus_forms/ERP_DBA_DFLT_DATA.fmx.md,specification_only,FMB/PLL/PKB
ERP_DBA_DFLT_DATA.fmx,sql,"SELECT COUNT(1) FROM USER_R R,FORM_DETAIL F WHERE R.U_ID = 1""SELECT COUNT(1) FROM PRIVILEGE""SELECT F.FORM_NO,R.U_ID,F.F_ORDER_NO FROM FORM_DETAIL F,USER_R R WHERE R.U_ID = 1 AND F.",focus_forms/ERP_DBA_DFLT_DATA.fmx.md,observed_sql_indicator,PKB/SQL and schema
ERP_DBA_DFLT_DATA.fmx,sql,SELECT 1 FROM S_APPRVD_LVL WHERE DOC_TYP =,focus_forms/ERP_DBA_DFLT_DATA.fmx.md,observed_sql_indicator,PKB/SQL and schema
ERP_DBA_DFLT_DATA.fmx,sql,"SELECT COUNT(1) FROM IAS_FRM_FLD""INSERT INTO IAS_FRM_FLD ( FORM_NO,TAB_NAME,FLD_NAME ) VALUES ( 225,''IAS_OUT_REQUEST_MST'',''INACTIVE'' )""INSERT INTO IAS_FRM_FLD ( FORM_NO,TAB_NAM",focus_forms/ERP_DBA_DFLT_DATA.fmx.md,observed_sql_indicator,PKB/SQL and schema
ERP_DBA_DFLT_DATA.fmx,sql,"INSERT INTO S_MOBILE_SCR_NM (SCR_NO, LNG_NO, SCR_NM) VALUES (100, 1, 'Additional reports');",focus_forms/ERP_DBA_DFLT_DATA.fmx.md,observed_sql_indicator,PKB/SQL and schema
ERP_DBA_DFLT_DATA.fmx,sql,"INSERT INTO S_MOBILE_SCR_NM (SCR_NO, LNG_NO, SCR_NM) VALUES (100, 2, '",focus_forms/ERP_DBA_DFLT_DATA.fmx.md,observed_sql_indicator,PKB/SQL and schema
ERP_DBA_DFLT_DATA.fmx,sql,"INSERT INTO S_MOBILE_SCR_NM (SCR_NO, LNG_NO, SCR_NM) VALUES (1001, 1, '",focus_forms/ERP_DBA_DFLT_DATA.fmx.md,observed_sql_indicator,PKB/SQL and schema
ERP_DBA_DFLT_DATA.fmx,sql,"INSERT INTO S_MOBILE_SCR_NM (SCR_NO, LNG_NO, SCR_NM) VALUES (1001, 2, 'Accounts');",focus_forms/ERP_DBA_DFLT_DATA.fmx.md,observed_sql_indicator,PKB/SQL and schema
ERP_DBA_DFLT_DATA.fmx,sql,"INSERT INTO S_MOBILE_SCR_NM (SCR_NO, LNG_NO, SCR_NM) VALUES (100101, 1, '",focus_forms/ERP_DBA_DFLT_DATA.fmx.md,observed_sql_indicator,PKB/SQL and schema
ERP_DBA_DFLT_DATA.fmx,sql,"INSERT INTO S_MOBILE_SCR_NM (SCR_NO, LNG_NO, SCR_NM) VALUES (100101, 2, 'Exchange Rates');",focus_forms/ERP_DBA_DFLT_DATA.fmx.md,observed_sql_indicator,PKB/SQL and schema
ERP_DBA_DFLT_DATA.fmx,sql,"INSERT INTO S_MOBILE_SCR_NM (SCR_NO, LNG_NO, SCR_NM) VALUES (100102, 1, '",focus_forms/ERP_DBA_DFLT_DATA.fmx.md,observed_sql_indicator,PKB/SQL and schema
ERP_DBA_DFLT_DATA.fmx,sql,"INSERT INTO S_MOBILE_SCR_NM (SCR_NO, LNG_NO, SCR_NM) VALUES (100102, 2, 'Account balances');",focus_forms/ERP_DBA_DFLT_DATA.fmx.md,observed_sql_indicator,PKB/SQL and schema
ERP_DBA_DFLT_DATA.fmx,sql,"INSERT INTO S_MOBILE_SCR_NM (SCR_NO, LNG_NO, SCR_NM) VALUES (100103, 1, '",focus_forms/ERP_DBA_DFLT_DATA.fmx.md,observed_sql_indicator,PKB/SQL and schema
ERP_DBA_DFLT_DATA.fmx,sql,"INSERT INTO S_MOBILE_SCR_NM (SCR_NO, LNG_NO, SCR_NM) VALUES (100103, 2, 'Account statement');",focus_forms/ERP_DBA_DFLT_DATA.fmx.md,observed_sql_indicator,PKB/SQL and schema
ERP_DBA_DFLT_DATA.fmx,sql,"INSERT INTO S_MOBILE_SCR_NM (SCR_NO, LNG_NO, SCR_NM) VALUES (1002, 1, '",focus_forms/ERP_DBA_DFLT_DATA.fmx.md,observed_sql_indicator,PKB/SQL and schema
ERP_DBA_DFLT_DATA.fmx,sql,"INSERT INTO S_MOBILE_SCR_NM (SCR_NO, LNG_NO, SCR_NM) VALUES (1002, 2, 'Inventory');",focus_forms/ERP_DBA_DFLT_DATA.fmx.md,observed_sql_indicator,PKB/SQL and schema
ERP_DBA_DFLT_DATA.fmx,sql,"INSERT INTO S_MOBILE_SCR_NM (SCR_NO, LNG_NO, SCR_NM) VALUES (100201, 1, '",focus_forms/ERP_DBA_DFLT_DATA.fmx.md,observed_sql_indicator,PKB/SQL and schema
ERP_DBA_DFLT_DATA.fmx,sql,"INSERT INTO S_MOBILE_SCR_NM (SCR_NO, LNG_NO, SCR_NM) VALUES (100201, 2, 'Available quantities');",focus_forms/ERP_DBA_DFLT_DATA.fmx.md,observed_sql_indicator,PKB/SQL and schema
ERP_DBA_DFLT_DATA.fmx,sql,"INSERT INTO S_MOBILE_SCR_NM (SCR_NO, LNG_NO, SCR_NM) VALUES (100202, 1, '",focus_forms/ERP_DBA_DFLT_DATA.fmx.md,observed_sql_indicator,PKB/SQL and schema
ERP_DBA_DFLT_DATA.fmx,sql,"INSERT INTO S_MOBILE_SCR_NM (SCR_NO, LNG_NO, SCR_NM) VALUES (100202, 2, 'Items price');",focus_forms/ERP_DBA_DFLT_DATA.fmx.md,observed_sql_indicator,PKB/SQL and schema
ERP_DBA_DFLT_DATA.fmx,sql,"INSERT INTO S_MOBILE_SCR_NM (SCR_NO, LNG_NO, SCR_NM) VALUES (200, 1, '",focus_forms/ERP_DBA_DFLT_DATA.fmx.md,observed_sql_indicator,PKB/SQL and schema
ERP_DBA_DFLT_DATA.fmx,sql,"INSERT INTO S_MOBILE_SCR_NM (SCR_NO, LNG_NO, SCR_NM) VALUES (200, 2, 'Kpi');",focus_forms/ERP_DBA_DFLT_DATA.fmx.md,observed_sql_indicator,PKB/SQL and schema
ERP_DBA_DFLT_DATA.fmx,sql,"INSERT INTO S_MOBILE_SCR_NM (SCR_NO, LNG_NO, SCR_NM) VALUES (2001, 1, '",focus_forms/ERP_DBA_DFLT_DATA.fmx.md,observed_sql_indicator,PKB/SQL and schema
ERP_DBA_DFLT_DATA.fmx,sql,"INSERT INTO S_MOBILE_SCR_NM (SCR_NO, LNG_NO, SCR_NM) VALUES (2001, 2, 'Financial indicators');",focus_forms/ERP_DBA_DFLT_DATA.fmx.md,observed_sql_indicator,PKB/SQL and schema
ERP_DBA_DFLT_DATA.fmx,sql,"INSERT INTO S_MOBILE_SCR_NM (SCR_NO, LNG_NO, SCR_NM) VALUES (200101, 1, '",focus_forms/ERP_DBA_DFLT_DATA.fmx.md,observed_sql_indicator,PKB/SQL and schema
ERP_DBA_DFLT_DATA.fmx,sql,"INSERT INTO S_MOBILE_SCR_NM (SCR_NO, LNG_NO, SCR_NM) VALUES (200101, 2, 'Favorite accounts balance');",focus_forms/ERP_DBA_DFLT_DATA.fmx.md,observed_sql_indicator,PKB/SQL and schema
ERP_DBA_DFLT_DATA.fmx,sql,"INSERT INTO S_MOBILE_SCR_NM (SCR_NO, LNG_NO, SCR_NM) VALUES (200102, 1, '",focus_forms/ERP_DBA_DFLT_DATA.fmx.md,observed_sql_indicator,PKB/SQL and schema
ERP_DBA_DFLT_DATA.fmx,sql,"INSERT INTO S_MOBILE_SCR_NM (SCR_NO, LNG_NO, SCR_NM) VALUES (200102, 2, 'Profit margin');",focus_forms/ERP_DBA_DFLT_DATA.fmx.md,observed_sql_indicator,PKB/SQL and schema
ERP_DBA_DFLT_DATA.fmx,sql,"INSERT INTO S_MOBILE_SCR_NM (SCR_NO, LNG_NO, SCR_NM) VALUES (200103, 1, '",focus_forms/ERP_DBA_DFLT_DATA.fmx.md,observed_sql_indicator,PKB/SQL and schema
ERP_DBA_DFLT_DATA.fmx,sql,"INSERT INTO S_MOBILE_SCR_NM (SCR_NO, LNG_NO, SCR_NM) VALUES (200103, 2, 'Account balances');",focus_forms/ERP_DBA_DFLT_DATA.fmx.md,observed_sql_indicator,PKB/SQL and schema
ERP_DBA_DFLT_DATA.fmx,sql,"INSERT INTO S_MOBILE_SCR_NM (SCR_NO, LNG_NO, SCR_NM) VALUES (200104, 1, '",focus_forms/ERP_DBA_DFLT_DATA.fmx.md,observed_sql_indicator,PKB/SQL and schema
ERP_DBA_DFLT_DATA.fmx,sql,"INSERT INTO S_MOBILE_SCR_NM (SCR_NO, LNG_NO, SCR_NM) VALUES (200104, 2, 'Receipt and payment cash');",focus_forms/ERP_DBA_DFLT_DATA.fmx.md,observed_sql_indicator,PKB/SQL and schema
ERP_DBA_DFLT_DATA.fmx,sql,"INSERT INTO S_MOBILE_SCR_NM (SCR_NO, LNG_NO, SCR_NM) VALUES (2002, 1, '",focus_forms/ERP_DBA_DFLT_DATA.fmx.md,observed_sql_indicator,PKB/SQL and schema
ERP_DBA_DFLT_DATA.fmx,sql,"INSERT INTO S_MOBILE_SCR_NM (SCR_NO, LNG_NO, SCR_NM) VALUES (2002, 2, 'Customers indicators');",focus_forms/ERP_DBA_DFLT_DATA.fmx.md,observed_sql_indicator,PKB/SQL and schema
ERP_DBA_DFLT_DATA.fmx,sql,"INSERT INTO S_MOBILE_SCR_NM (SCR_NO, LNG_NO, SCR_NM) VALUES (200201, 1, '",focus_forms/ERP_DBA_DFLT_DATA.fmx.md,observed_sql_indicator,PKB/SQL and schema
ERP_DBA_DFLT_DATA.fmx,sql,"INSERT INTO S_MOBILE_SCR_NM (SCR_NO, LNG_NO, SCR_NM) VALUES (200201, 2, 'Favorite customers balance');",focus_forms/ERP_DBA_DFLT_DATA.fmx.md,observed_sql_indicator,PKB/SQL and schema
ERP_DBA_DFLT_DATA.fmx,sql,"INSERT INTO S_MOBILE_SCR_NM (SCR_NO, LNG_NO, SCR_NM) VALUES (200202, 1, '",focus_forms/ERP_DBA_DFLT_DATA.fmx.md,observed_sql_indicator,PKB/SQL and schema
ERP_DBA_DFLT_DATA.fmx,sql,"INSERT INTO S_MOBILE_SCR_NM (SCR_NO, LNG_NO, SCR_NM) VALUES (200202, 2, 'Net sales total');",focus_forms/ERP_DBA_DFLT_DATA.fmx.md,observed_sql_indicator,PKB/SQL and schema
ERP_DBA_DFLT_DATA.fmx,sql,"INSERT INTO S_MOBILE_SCR_NM (SCR_NO, LNG_NO, SCR_NM) VALUES (200203, 1, '",focus_forms/ERP_DBA_DFLT_DATA.fmx.md,observed_sql_indicator,PKB/SQL and schema
ERP_DBA_DFLT_DATA.fmx,sql,"INSERT INTO S_MOBILE_SCR_NM (SCR_NO, LNG_NO, SCR_NM) VALUES (200203, 2, 'Net sales monthly');",focus_forms/ERP_DBA_DFLT_DATA.fmx.md,observed_sql_indicator,PKB/SQL and schema
ERP_DBA_DFLT_DATA.fmx,sql,"INSERT INTO S_MOBILE_SCR_NM (SCR_NO, LNG_NO, SCR_NM) VALUES (200204, 1, '",focus_forms/ERP_DBA_DFLT_DATA.fmx.md,observed_sql_indicator,PKB/SQL and schema
ERP_DBA_DFLT_DATA.fmx,sql,"INSERT INTO S_MOBILE_SCR_NM (SCR_NO, LNG_NO, SCR_NM) VALUES (200204, 2, 'Net sales half');",focus_forms/ERP_DBA_DFLT_DATA.fmx.md,observed_sql_indicator,PKB/SQL and schema
ERP_DBA_DFLT_DATA.fmx,sql,"INSERT INTO S_MOBILE_SCR_NM (SCR_NO, LNG_NO, SCR_NM) VALUES (200205, 1, '",focus_forms/ERP_DBA_DFLT_DATA.fmx.md,observed_sql_indicator,PKB/SQL and schema
ERP_DBA_DFLT_DATA.fmx,sql,"INSERT INTO S_MOBILE_SCR_NM (SCR_NO, LNG_NO, SCR_NM) VALUES (200205, 2, 'Net sales quarterly');",focus_forms/ERP_DBA_DFLT_DATA.fmx.md,observed_sql_indicator,PKB/SQL and schema
ERP_DBA_DFLT_DATA.fmx,sql,"INSERT INTO S_MOBILE_SCR_NM (SCR_NO, LNG_NO, SCR_NM) VALUES (200206, 1, '",focus_forms/ERP_DBA_DFLT_DATA.fmx.md,observed_sql_indicator,PKB/SQL and schema
ERP_DBA_DFLT_DATA.fmx,sql,"INSERT INTO S_MOBILE_SCR_NM (SCR_NO, LNG_NO, SCR_NM) VALUES (200206, 2, 'Net sales by payment methods');",focus_forms/ERP_DBA_DFLT_DATA.fmx.md,observed_sql_indicator,PKB/SQL and schema
ERP_DBA_DFLT_DATA.fmx,sql,"INSERT INTO S_MOBILE_SCR_NM (SCR_NO, LNG_NO, SCR_NM) VALUES (200207, 1, '",focus_forms/ERP_DBA_DFLT_DATA.fmx.md,observed_sql_indicator,PKB/SQL and schema
ERP_DBA_DFLT_DATA.fmx,sql,"INSERT INTO S_MOBILE_SCR_NM (SCR_NO, LNG_NO, SCR_NM) VALUES (200207, 2, 'Net sales by categories');",focus_forms/ERP_DBA_DFLT_DATA.fmx.md,observed_sql_indicator,PKB/SQL and schema
ERP_DBA_DFLT_DATA.fmx,sql,"INSERT INTO S_MOBILE_SCR_NM (SCR_NO, LNG_NO, SCR_NM) VALUES (200208, 1, '",focus_forms/ERP_DBA_DFLT_DATA.fmx.md,observed_sql_indicator,PKB/SQL and schema
ERP_DBA_DFLT_DATA.fmx,sql,"INSERT INTO S_MOBILE_SCR_NM (SCR_NO, LNG_NO, SCR_NM) VALUES (200208, 2, 'Top net sales');",focus_forms/ERP_DBA_DFLT_DATA.fmx.md,observed_sql_indicator,PKB/SQL and schema
ERP_DBA_DFLT_DATA.fmx,sql,"INSERT INTO S_MOBILE_SCR_NM (SCR_NO, LNG_NO, SCR_NM) VALUES (200209, 1, '",focus_forms/ERP_DBA_DFLT_DATA.fmx.md,observed_sql_indicator,PKB/SQL and schema
ERP_DBA_DFLT_DATA.fmx,sql,"INSERT INTO S_MOBILE_SCR_NM (SCR_NO, LNG_NO, SCR_NM) VALUES (200209, 2, 'Top sales');",focus_forms/ERP_DBA_DFLT_DATA.fmx.md,observed_sql_indicator,PKB/SQL and schema
ERP_DBA_DFLT_DATA.fmx,sql,"INSERT INTO S_MOBILE_SCR_NM (SCR_NO, LNG_NO, SCR_NM) VALUES (200210, 1, '",focus_forms/ERP_DBA_DFLT_DATA.fmx.md,observed_sql_indicator,PKB/SQL and schema
ERP_DBA_DFLT_DATA.fmx,sql,"INSERT INTO S_MOBILE_SCR_NM (SCR_NO, LNG_NO, SCR_NM) VALUES (200210, 2, 'Top return sales');",focus_forms/ERP_DBA_DFLT_DATA.fmx.md,observed_sql_indicator,PKB/SQL and schema
ERP_DBA_DFLT_DATA.fmx,sql,"INSERT INTO S_MOBILE_SCR_NM (SCR_NO, LNG_NO, SCR_NM) VALUES (200211, 1, '",focus_forms/ERP_DBA_DFLT_DATA.fmx.md,observed_sql_indicator,PKB/SQL and schema
ERP_DBA_DFLT_DATA.fmx,sql,"INSERT INTO S_MOBILE_SCR_NM (SCR_NO, LNG_NO, SCR_NM) VALUES (200211, 2, 'Summary profit');",focus_forms/ERP_DBA_DFLT_DATA.fmx.md,observed_sql_indicator,PKB/SQL and schema
ERP_DBA_DFLT_DATA.fmx,sql,"INSERT INTO S_MOBILE_SCR_NM (SCR_NO, LNG_NO, SCR_NM) VALUES (200212, 1, '",focus_forms/ERP_DBA_DFLT_DATA.fmx.md,observed_sql_indicator,PKB/SQL and schema
ERP_DBA_DFLT_DATA.fmx,sql,"INSERT INTO S_MOBILE_SCR_NM (SCR_NO, LNG_NO, SCR_NM) VALUES (200212, 2, 'Monthly profit monthly');",focus_forms/ERP_DBA_DFLT_DATA.fmx.md,observed_sql_indicator,PKB/SQL and schema
ERP_DBA_DFLT_DATA.fmx,sql,"INSERT INTO S_MOBILE_SCR_NM (SCR_NO, LNG_NO, SCR_NM) VALUES (200213, 1, '",focus_forms/ERP_DBA_DFLT_DATA.fmx.md,observed_sql_indicator,PKB/SQL and schema
ERP_DBA_DFLT_DATA.fmx,sql,"INSERT INTO S_MOBILE_SCR_NM (SCR_NO, LNG_NO, SCR_NM) VALUES (200213, 2, 'Top profit in stock currency');",focus_forms/ERP_DBA_DFLT_DATA.fmx.md,observed_sql_indicator,PKB/SQL and schema
ERP_DBA_DFLT_DATA.fmx,sql,"INSERT INTO S_MOBILE_SCR_NM (SCR_NO, LNG_NO, SCR_NM) VALUES (200214, 1, '",focus_forms/ERP_DBA_DFLT_DATA.fmx.md,observed_sql_indicator,PKB/SQL and schema
ERP_DBA_DFLT_DATA.fmx,sql,"INSERT INTO S_MOBILE_SCR_NM (SCR_NO, LNG_NO, SCR_NM) VALUES (200214, 2, 'Top profit in loacal currency');",focus_forms/ERP_DBA_DFLT_DATA.fmx.md,observed_sql_indicator,PKB/SQL and schema
ERP_DBA_DFLT_DATA.fmx,sql,"INSERT INTO S_MOBILE_SCR_NM (SCR_NO, LNG_NO, SCR_NM) VALUES (200215, 1, '",focus_forms/ERP_DBA_DFLT_DATA.fmx.md,observed_sql_indicator,PKB/SQL and schema
ERP_DBA_DFLT_DATA.fmx,sql,"INSERT INTO S_MOBILE_SCR_NM (SCR_NO, LNG_NO, SCR_NM) VALUES (200215, 2, 'Profit by categories in stock currency');",focus_forms/ERP_DBA_DFLT_DATA.fmx.md,observed_sql_indicator,PKB/SQL and schema
ERP_DBA_DFLT_DATA.fmx,sql,"INSERT INTO S_MOBILE_SCR_NM (SCR_NO, LNG_NO, SCR_NM) VALUES (200216, 1, '",focus_forms/ERP_DBA_DFLT_DATA.fmx.md,observed_sql_indicator,PKB/SQL and schema
ERP_DBA_DFLT_DATA.fmx,sql,"INSERT INTO S_MOBILE_SCR_NM (SCR_NO, LNG_NO, SCR_NM) VALUES (200216, 2, 'Profit by categories in loacal currency');",focus_forms/ERP_DBA_DFLT_DATA.fmx.md,observed_sql_indicator,PKB/SQL and schema
ERP_DBA_DFLT_DATA.fmx,sql,"INSERT INTO S_MOBILE_SCR_NM (SCR_NO, LNG_NO, SCR_NM) VALUES (2003, 1, '",focus_forms/ERP_DBA_DFLT_DATA.fmx.md,observed_sql_indicator,PKB/SQL and schema
ERP_DBA_DFLT_DATA.fmx,sql,"INSERT INTO S_MOBILE_SCR_NM (SCR_NO, LNG_NO, SCR_NM) VALUES (2003, 2, 'Vendors indicators');",focus_forms/ERP_DBA_DFLT_DATA.fmx.md,observed_sql_indicator,PKB/SQL and schema
ERP_DBA_DFLT_DATA.fmx,sql,"INSERT INTO S_MOBILE_SCR_NM (SCR_NO, LNG_NO, SCR_NM) VALUES (200301, 1, '",focus_forms/ERP_DBA_DFLT_DATA.fmx.md,observed_sql_indicator,PKB/SQL and schema
ERP_DBA_DFLT_DATA.fmx,sql,"INSERT INTO S_MOBILE_SCR_NM (SCR_NO, LNG_NO, SCR_NM) VALUES (200301, 2, 'Favorite vendors balance');",focus_forms/ERP_DBA_DFLT_DATA.fmx.md,observed_sql_indicator,PKB/SQL and schema
ERP_DBA_DFLT_DATA.fmx,sql,"INSERT INTO S_MOBILE_SCR_NM (SCR_NO, LNG_NO, SCR_NM) VALUES (200302, 1, '",focus_forms/ERP_DBA_DFLT_DATA.fmx.md,observed_sql_indicator,PKB/SQL and schema
ERP_DBA_DFLT_DATA.fmx,sql,"INSERT INTO S_MOBILE_SCR_NM (SCR_NO, LNG_NO, SCR_NM) VALUES (200302, 2, 'Net purchase total');",focus_forms/ERP_DBA_DFLT_DATA.fmx.md,observed_sql_indicator,PKB/SQL and schema
ERP_DBA_DFLT_DATA.fmx,sql,"INSERT INTO S_MOBILE_SCR_NM (SCR_NO, LNG_NO, SCR_NM) VALUES (200303, 1, '",focus_forms/ERP_DBA_DFLT_DATA.fmx.md,observed_sql_indicator,PKB/SQL and schema
ERP_DBA_DFLT_DATA.fmx,sql,"INSERT INTO S_MOBILE_SCR_NM (SCR_NO, LNG_NO, SCR_NM) VALUES (200303, 2, 'Net purchase monthly');",focus_forms/ERP_DBA_DFLT_DATA.fmx.md,observed_sql_indicator,PKB/SQL and schema
ERP_DBA_DFLT_DATA.fmx,sql,"INSERT INTO S_MOBILE_SCR_NM (SCR_NO, LNG_NO, SCR_NM) VALUES (200304, 1, '",focus_forms/ERP_DBA_DFLT_DATA.fmx.md,observed_sql_indicator,PKB/SQL and schema
ERP_DBA_DFLT_DATA.fmx,sql,"INSERT INTO S_MOBILE_SCR_NM (SCR_NO, LNG_NO, SCR_NM) VALUES (200304, 2, 'Net purchase half');",focus_forms/ERP_DBA_DFLT_DATA.fmx.md,observed_sql_indicator,PKB/SQL and schema
ERP_DBA_DFLT_DATA.fmx,sql,"INSERT INTO S_MOBILE_SCR_NM (SCR_NO, LNG_NO, SCR_NM) VALUES (200305, 1, '",focus_forms/ERP_DBA_DFLT_DATA.fmx.md,observed_sql_indicator,PKB/SQL and schema
ERP_DBA_DFLT_DATA.fmx,sql,"INSERT INTO S_MOBILE_SCR_NM (SCR_NO, LNG_NO, SCR_NM) VALUES (200305, 2, 'Net purchase quarterly');",focus_forms/ERP_DBA_DFLT_DATA.fmx.md,observed_sql_indicator,PKB/SQL and schema
ERP_DBA_DFLT_DATA.fmx,sql,"INSERT INTO S_MOBILE_SCR_NM (SCR_NO, LNG_NO, SCR_NM) VALUES (200306, 1, '",focus_forms/ERP_DBA_DFLT_DATA.fmx.md,observed_sql_indicator,PKB/SQL and schema
ERP_DBA_DFLT_DATA.fmx,sql,"INSERT INTO S_MOBILE_SCR_NM (SCR_NO, LNG_NO, SCR_NM) VALUES (200306, 2, 'Net purchase by payment method');",focus_forms/ERP_DBA_DFLT_DATA.fmx.md,observed_sql_indicator,PKB/SQL and schema
ERP_DBA_DFLT_DATA.fmx,sql,"INSERT INTO S_MOBILE_SCR_NM (SCR_NO, LNG_NO, SCR_NM) VALUES (200307, 1, '",focus_forms/ERP_DBA_DFLT_DATA.fmx.md,observed_sql_indicator,PKB/SQL and schema
ERP_DBA_DFLT_DATA.fmx,sql,"INSERT INTO S_MOBILE_SCR_NM (SCR_NO, LNG_NO, SCR_NM) VALUES (200307, 2, 'Net purchase by categories');",focus_forms/ERP_DBA_DFLT_DATA.fmx.md,observed_sql_indicator,PKB/SQL and schema
ERP_DBA_DFLT_DATA.fmx,sql,"INSERT INTO S_MOBILE_SCR_NM (SCR_NO, LNG_NO, SCR_NM) VALUES (200308, 1, '",focus_forms/ERP_DBA_DFLT_DATA.fmx.md,observed_sql_indicator,PKB/SQL and schema
ERP_DBA_DFLT_DATA.fmx,sql,"INSERT INTO S_MOBILE_SCR_NM (SCR_NO, LNG_NO, SCR_NM) VALUES (200308, 2, 'Top net purchases');",focus_forms/ERP_DBA_DFLT_DATA.fmx.md,observed_sql_indicator,PKB/SQL and schema
ERP_DBA_DFLT_DATA.fmx,sql,"INSERT INTO S_MOBILE_SCR_NM (SCR_NO, LNG_NO, SCR_NM) VALUES (200309, 1, '",focus_forms/ERP_DBA_DFLT_DATA.fmx.md,observed_sql_indicator,PKB/SQL and schema
ERP_DBA_DFLT_DATA.fmx,sql,"INSERT INTO S_MOBILE_SCR_NM (SCR_NO, LNG_NO, SCR_NM) VALUES (200309, 2, 'Top purchases');",focus_forms/ERP_DBA_DFLT_DATA.fmx.md,observed_sql_indicator,PKB/SQL and schema
ERP_DBA_DFLT_DATA.fmx,sql,"INSERT INTO S_MOBILE_SCR_NM (SCR_NO, LNG_NO, SCR_NM) VALUES (200310, 1, '",focus_forms/ERP_DBA_DFLT_DATA.fmx.md,observed_sql_indicator,PKB/SQL and schema
ERP_DBA_DFLT_DATA.fmx,sql,"INSERT INTO S_MOBILE_SCR_NM (SCR_NO, LNG_NO, SCR_NM) VALUES (200310, 2, 'Top return purchases');",focus_forms/ERP_DBA_DFLT_DATA.fmx.md,observed_sql_indicator,PKB/SQL and schema
ERP_DBA_DFLT_DATA.fmx,sql,"INSERT INTO S_MOBILE_SCR_NM (SCR_NO, LNG_NO, SCR_NM) VALUES (300, 1, '",focus_forms/ERP_DBA_DFLT_DATA.fmx.md,observed_sql_indicator,PKB/SQL and schema
ERP_DBA_DFLT_DATA.fmx,sql,"INSERT INTO S_MOBILE_SCR_NM (SCR_NO, LNG_NO, SCR_NM) VALUES (300, 2, 'Approval');",focus_forms/ERP_DBA_DFLT_DATA.fmx.md,observed_sql_indicator,PKB/SQL and schema
ERP_DBA_DFLT_DATA.fmx,sql,"INSERT INTO S_MOBILE_SCR_NM (SCR_NO, LNG_NO, SCR_NM) VALUES (400, 1, '",focus_forms/ERP_DBA_DFLT_DATA.fmx.md,observed_sql_indicator,PKB/SQL and schema
ERP_DBA_DFLT_DATA.fmx,sql,"INSERT INTO S_MOBILE_SCR_NM (SCR_NO, LNG_NO, SCR_NM) VALUES (400, 2, 'Help Screen');",focus_forms/ERP_DBA_DFLT_DATA.fmx.md,observed_sql_indicator,PKB/SQL and schema
ERP_DBA_DFLT_DATA.fmx,sql,"INSERT INTO S_MOBILE_SCR_NM (SCR_NO, LNG_NO, SCR_NM) VALUES (4001, 1, '",focus_forms/ERP_DBA_DFLT_DATA.fmx.md,observed_sql_indicator,PKB/SQL and schema
ERP_DBA_DFLT_DATA.fmx,sql,"INSERT INTO S_MOBILE_SCR_NM (SCR_NO, LNG_NO, SCR_NM) VALUES (4001, 2, 'Internal messages');",focus_forms/ERP_DBA_DFLT_DATA.fmx.md,observed_sql_indicator,PKB/SQL and schema
ERP_DBA_DFLT_DATA.fmx,sql,"INSERT INTO S_MOBILE_SCR_NM (SCR_NO, LNG_NO, SCR_NM) VALUES (4002, 1, '",focus_forms/ERP_DBA_DFLT_DATA.fmx.md,observed_sql_indicator,PKB/SQL and schema
ERP_DBA_DFLT_DATA.fmx,sql,"INSERT INTO S_MOBILE_SCR_NM (SCR_NO, LNG_NO, SCR_NM) VALUES (4002, 2, 'Public notifications');",focus_forms/ERP_DBA_DFLT_DATA.fmx.md,observed_sql_indicator,PKB/SQL and schema
ERP_DBA_DFLT_DATA.fmx,sql,"INSERT INTO S_MOBILE_SCR_NM (SCR_NO, LNG_NO, SCR_NM) VALUES (4003, 1, '",focus_forms/ERP_DBA_DFLT_DATA.fmx.md,observed_sql_indicator,PKB/SQL and schema
ERP_DBA_DFLT_DATA.fmx,sql,"INSERT INTO S_MOBILE_SCR_NM (SCR_NO, LNG_NO, SCR_NM) VALUES (4003, 2, 'Contact details');",focus_forms/ERP_DBA_DFLT_DATA.fmx.md,observed_sql_indicator,PKB/SQL and schema
ERP_DBA_DFLT_DATA.fmx,sql,"INSERT INTO S_MOBILE_SCR_NM (SCR_NO, LNG_NO, SCR_NM) VALUES (500, 1, '",focus_forms/ERP_DBA_DFLT_DATA.fmx.md,observed_sql_indicator,PKB/SQL and schema
ERP_DBA_DFLT_DATA.fmx,sql,"INSERT INTO S_MOBILE_SCR_NM (SCR_NO, LNG_NO, SCR_NM) VALUES (500, 2, 'Collect');",focus_forms/ERP_DBA_DFLT_DATA.fmx.md,observed_sql_indicator,PKB/SQL and schema
ERP_DBA_DFLT_DATA.fmx,sql,"INSERT Into JV_TYPES ( JV_TYPE, JV_NAME,JV_E_NAME,SEQUENCED,PAY_REC,AD_U_ID,AD_DATE)",focus_forms/ERP_DBA_DFLT_DATA.fmx.md,observed_sql_indicator,PKB/SQL and schema
ERP_DBA_DFLT_DATA.fmx,sql,"INSERT Into IAS_NOTE_TYPES ( NOTE_TYPE_NO, NOTE_A_NAME,NOTE_E_NAME,NOTE_TYPE,AD_U_ID,AD_DATE) VALUES",focus_forms/ERP_DBA_DFLT_DATA.fmx.md,observed_sql_indicator,PKB/SQL and schema
ERP_DBA_DFLT_DATA.fmx,sql,"SELECT 1 FROM IAS_SYS.S_YS_CMP WHERE NVL(YS_CMP_ST,0) = 1""SELECT COUNT(1) FROM TAB WHERE TABTYPE = ''TABLE''""SELECT COUNT(1) FROM EX_RATE""SELECT COUNT(1) FROM S_BRN""INSERT INTO ALL",focus_forms/ERP_DBA_DFLT_DATA.fmx.md,observed_sql_indicator,PKB/SQL and schema
ERP_DBA_DFLT_DATA.fmx,sql,"INSERT INTO S_EMP_CODE_MST ( CODE_TYP, TYP_L_NM, TYP_F_NM, INACTIVE, FROM_TYP, USE_LAW_FLG,FLG_CODE, TBL_NM, COL_NM, COL_VAL, FLD_NM, AD_U_ID, AD_DATE, EMP_FLG ) VALUES (1, '",focus_forms/ERP_DBA_DFLT_DATA.fmx.md,observed_sql_indicator,PKB/SQL and schema
ERP_DBA_DFLT_DATA.fmx,sql,"INSERT INTO S_EMP_CODE_MST ( CODE_TYP, TYP_L_NM, TYP_F_NM, INACTIVE, FROM_TYP, USE_LAW_FLG,FLG_CODE, TBL_NM, COL_NM, COL_VAL, FLD_NM, AD_U_ID, AD_DATE, EMP_FLG ) VALUES (2, '",focus_forms/ERP_DBA_DFLT_DATA.fmx.md,observed_sql_indicator,PKB/SQL and schema
ERP_DBA_DFLT_DATA.fmx,sql,"INSERT INTO S_EMP_CODE_MST ( CODE_TYP, TYP_L_NM, TYP_F_NM, INACTIVE, FROM_TYP, USE_LAW_FLG,FLG_CODE, TBL_NM, COL_NM, COL_VAL, FLD_NM, AD_U_ID, AD_DATE, EMP_FLG ) VALUES (3, '",focus_forms/ERP_DBA_DFLT_DATA.fmx.md,observed_sql_indicator,PKB/SQL and schema
ERP_DBA_DFLT_DATA.fmx,sql,"INSERT INTO S_EMP_CODE_MST ( CODE_TYP, TYP_L_NM, TYP_F_NM, INACTIVE, FROM_TYP, USE_LAW_FLG,FLG_CODE, TBL_NM, COL_NM, COL_VAL, FLD_NM, AD_U_ID, AD_DATE, EMP_FLG ) VALUES (4, '",focus_forms/ERP_DBA_DFLT_DATA.fmx.md,observed_sql_indicator,PKB/SQL and schema
ERP_DBA_DFLT_DATA.fmx,sql,"INSERT INTO S_EMP_CODE_MST ( CODE_TYP, TYP_L_NM, TYP_F_NM, INACTIVE, FROM_TYP, USE_LAW_FLG,FLG_CODE, TBL_NM, COL_NM, COL_VAL, FLD_NM, AD_U_ID, AD_DATE, EMP_FLG ) VALUES (5, '",focus_forms/ERP_DBA_DFLT_DATA.fmx.md,observed_sql_indicator,PKB/SQL and schema
ERP_DBA_DFLT_DATA.fmx,sql,"INSERT INTO S_EMP_CODE_MST ( CODE_TYP, TYP_L_NM, TYP_F_NM, INACTIVE, FROM_TYP, USE_LAW_FLG,FLG_CODE, TBL_NM, COL_NM, COL_VAL, FLD_NM, AD_U_ID, AD_DATE, EMP_FLG ) VALUES (6, '",focus_forms/ERP_DBA_DFLT_DATA.fmx.md,observed_sql_indicator,PKB/SQL and schema
ERP_DBA_DFLT_DATA.fmx,sql,"INSERT INTO S_EMP_CODE_MST ( CODE_TYP, TYP_L_NM, TYP_F_NM, INACTIVE, FROM_TYP, USE_LAW_FLG,FLG_CODE, TBL_NM, COL_NM, COL_VAL, FLD_NM, AD_U_ID, AD_DATE, EMP_FLG ) VALUES (7, '",focus_forms/ERP_DBA_DFLT_DATA.fmx.md,observed_sql_indicator,PKB/SQL and schema
ERP_DBA_DFLT_DATA.fmx,sql,"INSERT INTO S_EMP_CODE_MST ( CODE_TYP, TYP_L_NM, TYP_F_NM, INACTIVE, FROM_TYP, USE_LAW_FLG,FLG_CODE, TBL_NM, COL_NM, COL_VAL, FLD_NM, AD_U_ID, AD_DATE, EMP_FLG ) VALUES (9, '",focus_forms/ERP_DBA_DFLT_DATA.fmx.md,observed_sql_indicator,PKB/SQL and schema
ERP_DBA_DFLT_DATA.fmx,sql,"INSERT INTO S_EMP_CODE_MST ( CODE_TYP, TYP_L_NM, TYP_F_NM, INACTIVE, FROM_TYP, USE_LAW_FLG,FLG_CODE, TBL_NM, COL_NM, COL_VAL, FLD_NM, AD_U_ID, AD_DATE, EMP_FLG ) VALUES (10, '",focus_forms/ERP_DBA_DFLT_DATA.fmx.md,observed_sql_indicator,PKB/SQL and schema
ERP_DBA_DFLT_DATA.fmx,sql,"INSERT INTO S_EMP_CODE_MST ( CODE_TYP, TYP_L_NM, TYP_F_NM, INACTIVE, FROM_TYP, USE_LAW_FLG,FLG_CODE, TBL_NM, COL_NM, COL_VAL, FLD_NM, AD_U_ID, AD_DATE, EMP_FLG ) VALUES (11, '",focus_forms/ERP_DBA_DFLT_DATA.fmx.md,observed_sql_indicator,PKB/SQL and schema
ERP_DBA_DFLT_DATA.fmx,sql,"INSERT INTO S_EMP_CODE_MST ( CODE_TYP, TYP_L_NM, TYP_F_NM, INACTIVE, FROM_TYP, USE_LAW_FLG,FLG_CODE, TBL_NM, COL_NM, COL_VAL, FLD_NM, AD_U_ID, AD_DATE, EMP_FLG ) VALUES (12, '",focus_forms/ERP_DBA_DFLT_DATA.fmx.md,observed_sql_indicator,PKB/SQL and schema
ERP_DBA_DFLT_DATA.fmx,sql,"INSERT INTO S_EMP_CODE_MST ( CODE_TYP, TYP_L_NM, TYP_F_NM, INACTIVE, FROM_TYP, USE_LAW_FLG,FLG_CODE, TBL_NM, COL_NM, COL_VAL, FLD_NM, AD_U_ID, AD_DATE, EMP_FLG ) VALUES (13, '",focus_forms/ERP_DBA_DFLT_DATA.fmx.md,observed_sql_indicator,PKB/SQL and schema
ERP_DBA_DFLT_DATA.fmx,sql,"INSERT INTO S_EMP_CODE_MST ( CODE_TYP, TYP_L_NM, TYP_F_NM, INACTIVE, FROM_TYP, USE_LAW_FLG,FLG_CODE, TBL_NM, COL_NM, COL_VAL, FLD_NM, AD_U_ID, AD_DATE, EMP_FLG ) VALUES (14, '",focus_forms/ERP_DBA_DFLT_DATA.fmx.md,observed_sql_indicator,PKB/SQL and schema
ERP_DBA_DFLT_DATA.fmx,sql,"INSERT INTO S_EMP_CODE_MST ( CODE_TYP, TYP_L_NM, TYP_F_NM, INACTIVE, FROM_TYP, USE_LAW_FLG,FLG_CODE, TBL_NM, COL_NM, COL_VAL, FLD_NM, AD_U_ID, AD_DATE, EMP_FLG ) VALUES (15, '",focus_forms/ERP_DBA_DFLT_DATA.fmx.md,observed_sql_indicator,PKB/SQL and schema
ERP_DBA_DFLT_DATA.fmx,sql,"INSERT INTO S_EMP_CODE_MST ( CODE_TYP, TYP_L_NM, TYP_F_NM, INACTIVE, FROM_TYP, USE_LAW_FLG,FLG_CODE, TBL_NM, COL_NM, COL_VAL, FLD_NM, AD_U_ID, AD_DATE, EMP_FLG ) VALUES (16, '",focus_forms/ERP_DBA_DFLT_DATA.fmx.md,observed_sql_indicator,PKB/SQL and schema
ERP_DBA_DFLT_DATA.fmx,sql,"INSERT INTO S_EMP_CODE_MST ( CODE_TYP, TYP_L_NM, TYP_F_NM, INACTIVE, FROM_TYP, USE_LAW_FLG,FLG_CODE, TBL_NM, COL_NM, COL_VAL, FLD_NM, AD_U_ID, AD_DATE, EMP_FLG ) VALUES (17, '",focus_forms/ERP_DBA_DFLT_DATA.fmx.md,observed_sql_indicator,PKB/SQL and schema
ERP_DBA_DFLT_DATA.fmx,sql,"INSERT INTO S_EMP_CODE_MST ( CODE_TYP, TYP_L_NM, TYP_F_NM, INACTIVE, FROM_TYP, USE_LAW_FLG,FLG_CODE, TBL_NM, COL_NM, COL_VAL, FLD_NM, AD_U_ID, AD_DATE, EMP_FLG ) VALUES (18, '",focus_forms/ERP_DBA_DFLT_DATA.fmx.md,observed_sql_indicator,PKB/SQL and schema
ERP_DBA_DFLT_DATA.fmx,sql,"INSERT INTO S_EMP_CODE_MST ( CODE_TYP, TYP_L_NM, TYP_F_NM, INACTIVE, FROM_TYP, USE_LAW_FLG,FLG_CODE, TBL_NM, COL_NM, COL_VAL, FLD_NM, AD_U_ID, AD_DATE, EMP_FLG ) VALUES (20, '",focus_forms/ERP_DBA_DFLT_DATA.fmx.md,observed_sql_indicator,PKB/SQL and schema
ERP_DBA_DFLT_DATA.fmx,sql,"INSERT INTO S_EMP_CODE_MST ( CODE_TYP, TYP_L_NM, TYP_F_NM, INACTIVE, FROM_TYP, USE_LAW_FLG,FLG_CODE, TBL_NM, COL_NM, COL_VAL, FLD_NM, AD_U_ID, AD_DATE, EMP_FLG ) VALUES (21, '",focus_forms/ERP_DBA_DFLT_DATA.fmx.md,observed_sql_indicator,PKB/SQL and schema
ERP_DBA_DFLT_DATA.fmx,sql,"INSERT INTO S_EMP_CODE_MST ( CODE_TYP, TYP_L_NM, TYP_F_NM, INACTIVE, FROM_TYP, USE_LAW_FLG,FLG_CODE, TBL_NM, COL_NM, COL_VAL, FLD_NM, AD_U_ID, AD_DATE, EMP_FLG ) VALUES (22, '",focus_forms/ERP_DBA_DFLT_DATA.fmx.md,observed_sql_indicator,PKB/SQL and schema
ERP_DBA_DFLT_DATA.fmx,sql,"INSERT INTO S_EMP_CODE_MST ( CODE_TYP, TYP_L_NM, TYP_F_NM, INACTIVE, FROM_TYP, USE_LAW_FLG,FLG_CODE, TBL_NM, COL_NM, COL_VAL, FLD_NM, AD_U_ID, AD_DATE, EMP_FLG ) VALUES (23, '",focus_forms/ERP_DBA_DFLT_DATA.fmx.md,observed_sql_indicator,PKB/SQL and schema
ERP_DBA_DFLT_DATA.fmx,sql,"INSERT INTO S_EMP_CODE_MST ( CODE_TYP, TYP_L_NM, TYP_F_NM, INACTIVE, FROM_TYP, USE_LAW_FLG,FLG_CODE, TBL_NM, COL_NM, COL_VAL, FLD_NM, AD_U_ID, AD_DATE, EMP_FLG ) VALUES (24, '",focus_forms/ERP_DBA_DFLT_DATA.fmx.md,observed_sql_indicator,PKB/SQL and schema
ERP_DBA_DFLT_DATA.fmx,sql,"INSERT INTO S_EMP_CODE_MST ( CODE_TYP, TYP_L_NM, TYP_F_NM, INACTIVE, FROM_TYP, USE_LAW_FLG,FLG_CODE, TBL_NM, COL_NM, COL_VAL, FLD_NM, AD_U_ID, AD_DATE, EMP_FLG ) VALUES (31, '",focus_forms/ERP_DBA_DFLT_DATA.fmx.md,observed_sql_indicator,PKB/SQL and schema
ERP_DBA_DFLT_DATA.fmx,sql,"INSERT INTO S_EMP_CODE_MST ( CODE_TYP, TYP_L_NM, TYP_F_NM, INACTIVE, FROM_TYP, USE_LAW_FLG,FLG_CODE, TBL_NM, COL_NM, COL_VAL, FLD_NM, AD_U_ID, AD_DATE, EMP_FLG ) VALUES (32, '",focus_forms/ERP_DBA_DFLT_DATA.fmx.md,observed_sql_indicator,PKB/SQL and schema
ERP_DBA_DFLT_DATA.fmx,sql,"INSERT INTO S_EMP_CODE_MST ( CODE_TYP, TYP_L_NM, TYP_F_NM, INACTIVE, FROM_TYP, USE_LAW_FLG,FLG_CODE, TBL_NM, COL_NM, COL_VAL, FLD_NM, AD_U_ID, AD_DATE, EMP_FLG ) VALUES (33, '",focus_forms/ERP_DBA_DFLT_DATA.fmx.md,observed_sql_indicator,PKB/SQL and schema
ERP_DBA_DFLT_DATA.fmx,sql,"INSERT INTO S_EMP_CODE_MST ( CODE_TYP, TYP_L_NM, TYP_F_NM, INACTIVE, FROM_TYP, USE_LAW_FLG,FLG_CODE, TBL_NM, COL_NM, COL_VAL, FLD_NM, AD_U_ID, AD_DATE, EMP_FLG ) VALUES (34, '",focus_forms/ERP_DBA_DFLT_DATA.fmx.md,observed_sql_indicator,PKB/SQL and schema
ERP_DBA_DFLT_DATA.fmx,sql,"INSERT INTO S_EMP_CODE_MST ( CODE_TYP, TYP_L_NM, TYP_F_NM, INACTIVE, FROM_TYP, USE_LAW_FLG,FLG_CODE, TBL_NM, COL_NM, COL_VAL, FLD_NM, AD_U_ID, AD_DATE, EMP_FLG ) VALUES (35, '",focus_forms/ERP_DBA_DFLT_DATA.fmx.md,observed_sql_indicator,PKB/SQL and schema
ERP_DBA_DFLT_DATA.fmx,sql,"INSERT INTO S_EMP_CODE_MST ( CODE_TYP, TYP_L_NM, TYP_F_NM, INACTIVE, FROM_TYP, USE_LAW_FLG,FLG_CODE, TBL_NM, COL_NM, COL_VAL, FLD_NM, AD_U_ID, AD_DATE, EMP_FLG ) VALUES (36, '",focus_forms/ERP_DBA_DFLT_DATA.fmx.md,observed_sql_indicator,PKB/SQL and schema
ERP_DBA_DFLT_DATA.fmx,sql,"INSERT INTO S_EMP_CODE_MST ( CODE_TYP, TYP_L_NM, TYP_F_NM, INACTIVE, FROM_TYP, USE_LAW_FLG,FLG_CODE, TBL_NM, COL_NM, COL_VAL, FLD_NM, AD_U_ID, AD_DATE, EMP_FLG ) VALUES (37, '",focus_forms/ERP_DBA_DFLT_DATA.fmx.md,observed_sql_indicator,PKB/SQL and schema
ERP_DBA_DFLT_DATA.fmx,sql,"INSERT INTO S_EMP_CODE_MST ( CODE_TYP, TYP_L_NM, TYP_F_NM, INACTIVE, FROM_TYP, USE_LAW_FLG,FLG_CODE, TBL_NM, COL_NM, COL_VAL, FLD_NM, AD_U_ID, AD_DATE, EMP_FLG ) VALUES (38, '",focus_forms/ERP_DBA_DFLT_DATA.fmx.md,observed_sql_indicator,PKB/SQL and schema
ERP_DBA_DFLT_DATA.fmx,metadata,ERP_DBA_DFLT_DATA,focus_forms/ERP_DBA_DFLT_DATA.fmx.md,specification_only,none
ERP_DBA_DFLT_DATA.fmx,metadata,Erp DBA,focus_forms/ERP_DBA_DFLT_DATA.fmx.md,specification_only,none
ERP_DBA_DFLT_DATA.fmx,metadata,AMERICAN_AMERICA.AR8MSWIN1256,focus_forms/ERP_DBA_DFLT_DATA.fmx.md,specification_only,none
ERP_DBA_DFLT_DATA.fmx,metadata,P0_15_DEC_201605_30_14,focus_forms/ERP_DBA_DFLT_DATA.fmx.md,specification_only,none
ERP_DBA_DFLT_DATA.fmx,metadata,STANDARD,focus_forms/ERP_DBA_DFLT_DATA.fmx.md,specification_only,none
ERP_DBA_DFLT_DATA.fmx,metadata,FORMS4C,focus_forms/ERP_DBA_DFLT_DATA.fmx.md,specification_only,none
ERP_DBA_DFLT_DATA.fmx,metadata,FORMS4W,focus_forms/ERP_DBA_DFLT_DATA.fmx.md,specification_only,none
ERP_DBA_DFLT_DATA.fmx,metadata,"""PKG INIT""<anonymous>""""",focus_forms/ERP_DBA_DFLT_DATA.fmx.md,specification_only,none
ERP_DBA_DFLT_DATA.fmx,metadata,P1_15_DEC_201605_30_14,focus_forms/ERP_DBA_DFLT_DATA.fmx.md,specification_only,none
ERP_DBA_DFLT_DATA.fmx,metadata,SQLFORMS,focus_forms/ERP_DBA_DFLT_DATA.fmx.md,specification_only,none
ERP_DBA_DFLT_DATA.fmx,metadata,P2_15_DEC_201605_30_14,focus_forms/ERP_DBA_DFLT_DATA.fmx.md,specification_only,none
ERP_DBA_DFLT_DATA.fmx,metadata,FORMS40,focus_forms/ERP_DBA_DFLT_DATA.fmx.md,specification_only,none
ERP_DBA_DFLT_DATA.fmx,metadata,FORMS4G,focus_forms/ERP_DBA_DFLT_DATA.fmx.md,specification_only,none
ERP_DBA_DFLT_DATA.fmx,metadata,AR8MSWIN1256,focus_forms/ERP_DBA_DFLT_DATA.fmx.md,specification_only,none
ERP_DBA_DFLT_DATA.fmx,metadata,INSRT_FORM_PRIV_PRC,focus_forms/ERP_DBA_DFLT_DATA.fmx.md,specification_only,none
ERP_DBA_DFLT_DATA.fmx,metadata,IAS20142,focus_forms/ERP_DBA_DFLT_DATA.fmx.md,specification_only,none
ERP_DBA_DFLT_DATA.fmx,metadata,USER_R,focus_forms/ERP_DBA_DFLT_DATA.fmx.md,specification_only,none
ERP_DBA_DFLT_DATA.fmx,metadata,FORM_DETAIL,focus_forms/ERP_DBA_DFLT_DATA.fmx.md,specification_only,none
ERP_DBA_DFLT_DATA.fmx,metadata,PRIVILEGE,focus_forms/ERP_DBA_DFLT_DATA.fmx.md,specification_only,none
ERP_DBA_DFLT_DATA.fmx,metadata,IAS_GEN_PKG,focus_forms/ERP_DBA_DFLT_DATA.fmx.md,specification_only,none
ERP_DBA_DFLT_DATA.fmx,metadata,"""PKG INIT""INSRT_FORM_PRIV_PRC""V_INC_FLG""V_CNT""V_CNT1""<cursor ptr>""<SQL statement. Line 9>""<SQL statement. Line 11>""F""FORM_NO""U_ID""F_ORDER_NO""I""<SQL statement. Line 26>""""",focus_forms/ERP_DBA_DFLT_DATA.fmx.md,specification_only,none
ERP_DBA_DFLT_DATA.fmx,metadata,d8tg,focus_forms/ERP_DBA_DFLT_DATA.fmx.md,specification_only,none
ERP_DBA_DFLT_DATA.fmx,metadata,COMMIT,focus_forms/ERP_DBA_DFLT_DATA.fmx.md,specification_only,none
ERP_DBA_DFLT_DATA.fmx,metadata,"SELECT COUNT(1) FROM USER_R R,FORM_DETAIL F WHERE R.U_ID = 1""SELECT COUNT(1) FROM PRIVILEGE""SELECT F.FORM_NO,R.U_ID,F.F_ORDER_NO FROM FORM_DETAIL F,USER_R R WHERE R.U_ID = 1 AND F.FORM_NO || LPAD(R.U_ID,5,''0'') IN (SELECT FORM_NO || LPAD(U_ID,5,''0'') FROM FORM_DETAIL,USER_R MINUS SELECT FORM_NO || LPAD(U_ID,5,''0'') FROM PRIVILEGE )""INSERT INTO PRIVILEGE ( U_ID,FORM_NO,INCLUDE_FLAG,AD_FLAG,DEL_FLAG,MOD_FLAG,VIEW_FLAG,PRINT_FLAG,F_ORDER_NO,AD_DATE,AD_U_ID ) VALUES ( :b1,:b2,1,1,1,1,1,1,:b3,IAS_GEN_PKG.GET_CURDATE,:b4 )""",focus_forms/ERP_DBA_DFLT_DATA.fmx.md,specification_only,none
ERP_DBA_DFLT_DATA.fmx,metadata,INSRT_FRM_FLD,focus_forms/ERP_DBA_DFLT_DATA.fmx.md,specification_only,none
ERP_DBA_DFLT_DATA.fmx,metadata,IAS_FRM_FLD,focus_forms/ERP_DBA_DFLT_DATA.fmx.md,specification_only,none
ERP_DBA_DFLT_DATA.fmx,metadata,YS_GEN_PKG,focus_forms/ERP_DBA_DFLT_DATA.fmx.md,specification_only,none
ERP_DBA_DFLT_DATA.fmx,metadata,IAS_FRM_FLD_PRIV,focus_forms/ERP_DBA_DFLT_DATA.fmx.md,specification_only,none
ERP_DBA_DFLT_DATA.fmx,metadata,S_APPRVD_LVL,focus_forms/ERP_DBA_DFLT_DATA.fmx.md,specification_only,none
ERP_DBA_DFLT_DATA.fmx,metadata,S_APPRVD_USR,focus_forms/ERP_DBA_DFLT_DATA.fmx.md,specification_only,none
ERP_DBA_DFLT_DATA.fmx,metadata,IAS_DBS_SYS_PKG,focus_forms/ERP_DBA_DFLT_DATA.fmx.md,specification_only,none
ERP_DBA_DFLT_DATA.fmx,metadata,"""PKG INIT""INSRT_FRM_FLD""V_CNT""<cursor ptr>""<SQL statement. Line 5>""<SQL statement. Line 9>""<SQL statement. Line 10>""<SQL statement. Line 11>""<SQL statement. Line 13>""<SQL statement. Line 14>""<SQL statement. Line 15>""<SQL statement. Line 16>""<SQL statement. Line 17>""<SQL statement. Line 19>""<SQL statement. Line 20>""<SQL statement. Line 21>""<SQL statement. Line 22>""<SQL statement. Line 23>""<SQL statement. Line 24>""<SQL statement. Line 25>""<SQL statement. Line 26>""<SQL statement. Line 27>""<SQL statement. Line 28>""<SQL statement. Line 29>""<SQL statement. Line 30>""<SQL statement. Line 32>""<SQL statement. Line 33>""<SQL statement. Line 34>""<SQL statement. Line 36>""<SQL statement. Line 37>""<SQL statement. Line 39>""<SQL statement. Line 40>""<SQL statement. Line 41>""<SQL statement. Line 43>""<SQL statement. Line 44>""<SQL statement. Line 45>""<SQL statement. Line 46>""<SQL statement. Line 49>""<SQL statement. Line 50>""<SQL statement. Line 52>""<SQL statement. Line 54>""<SQL statement. Line 57>""<SQL statement. Line 61>""V_DOC_TYP""FRM_DTL""LVL_NO""LVL_NM""ORDR_NO""FORM_NO""AD_U_ID""AD_DATE""I""<SQL statement. Line 83>""<SQL statement. Line 86>""<SQL statement. Line 115>""<SQL statement. Line 118>""<SQL statement. Line 148>""<SQL statement. Line 151>""<SQL statement. Line 181>""<SQL statement. Line 184>""""",focus_forms/ERP_DBA_DFLT_DATA.fmx.md,specification_only,none
ERP_DBA_DFLT_DATA.fmx,metadata,YS_GEN_PKGIAS20142CHK_ACTV_SYSTEMYS_,focus_forms/ERP_DBA_DFLT_DATA.fmx.md,specification_only,none
ERP_DBA_DFLT_DATA.fmx,metadata,YS_GEN_PKGIAS20142GET_DOC_TYP_FRMYS_,focus_forms/ERP_DBA_DFLT_DATA.fmx.md,specification_only,none
ERP_DBA_DFLT_DATA.fmx,metadata,SELECT 1 FROM S_APPRVD_LVL WHERE DOC_TYP =,focus_forms/ERP_DBA_DFLT_DATA.fmx.md,specification_only,none
ERP_DBA_DFLT_DATA.fmx,metadata,AND LVL_NO =,focus_forms/ERP_DBA_DFLT_DATA.fmx.md,specification_only,none
ERP_DBA_DFLT_DATA.fmx,metadata,AND ROWNUM<=1,focus_forms/ERP_DBA_DFLT_DATA.fmx.md,specification_only,none
ERP_DBA_DFLT_DATA.fmx,metadata,YS_GEN_PKGIAS20142GET_CNTYS_,focus_forms/ERP_DBA_DFLT_DATA.fmx.md,specification_only,none
ERP_DBA_DFLT_DATA.fmx,metadata,Commit,focus_forms/ERP_DBA_DFLT_DATA.fmx.md,specification_only,none
ERP_DBA_DFLT_DATA.fmx,metadata,RollBack,focus_forms/ERP_DBA_DFLT_DATA.fmx.md,specification_only,none
ERP_DBA_DFLT_DATA.fmx,metadata,HRS_PARA,focus_forms/ERP_DBA_DFLT_DATA.fmx.md,specification_only,none
ERP_DBA_DFLT_DATA.fmx,metadata,TABLE,focus_forms/ERP_DBA_DFLT_DATA.fmx.md,specification_only,none
ERP_DBA_DFLT_DATA.fmx,metadata,IAS_DBS_SYS_PKGIAS20142CHECK_OBJECTI,focus_forms/ERP_DBA_DFLT_DATA.fmx.md,specification_only,none
ERP_DBA_DFLT_DATA.fmx,metadata,REM_PARA,focus_forms/ERP_DBA_DFLT_DATA.fmx.md,specification_only,none
ERP_DBA_DFLT_DATA.fmx,metadata,DTS_PARA,focus_forms/ERP_DBA_DFLT_DATA.fmx.md,specification_only,none
ERP_DBA_DFLT_DATA.fmx,metadata,ROLLBACK,focus_forms/ERP_DBA_DFLT_DATA.fmx.md,specification_only,none
ERP_DBA_DFLT_DATA.fmx,metadata,"Err. when insrt Into Ias_Frm_Fld,",focus_forms/ERP_DBA_DFLT_DATA.fmx.md,specification_only,none
ERP_DBA_DFLT_DATA.fmx,metadata,"SELECT COUNT(1) FROM IAS_FRM_FLD""INSERT INTO IAS_FRM_FLD ( FORM_NO,TAB_NAME,FLD_NAME ) VALUES ( 225,''IAS_OUT_REQUEST_MST'',''INACTIVE'' )""INSERT INTO IAS_FRM_FLD ( FORM_NO,TAB_NAME,FLD_NAME ) VALUES ( 224,''IAS_GR_INCOMING_MST'',''INACTIVE'' )""INSERT INTO IAS_FRM_FLD ( FORM_NO,TAB_NAME,FLD_NAME ) VALUES ( 126,''P_ORDER'',''INACTIVE'' )""INSERT INTO IAS_FRM_FLD ( FORM_NO,TAB_NAME,FLD_NAME ) VALUES ( 158,''IAS_BILL_MST'',''BILL_WITHOUT_AUTO_OTHR_AMT'' )""INSERT INTO IAS_FRM_FLD ( FORM_NO,TAB_NAME,FLD_NAME ) VALUES ( 210,''IAS_ITM_MST'',''ALLOW_DISC_PI''",focus_forms/ERP_DBA_DFLT_DATA.fmx.md,specification_only,none
ERP_DBA_DFLT_DATA.fmx,metadata,")""INSERT INTO IAS_FRM_FLD ( FORM_NO,TAB_NAME,FLD_NAME ) VALUES ( 210,''IAS_ITM_MST'',''ALLOW_DISC'' )""INSERT INTO IAS_FRM_FLD ( FORM_NO,TAB_NAME,FLD_NAME ) VALUES ( 210,''IAS_ITM_MST'',''SHOW_ITEMS'' )""INSERT INTO IAS_FRM_FLD ( FORM_NO,TAB_NAME,FLD_NAME ) VALUES ( 210,''IAS_ITM_MST'',''NO_SALE'' )""INSERT INTO IAS_FRM_FLD ( FORM_NO,TAB_NAME,FLD_NAME ) VALUES ( 20,''MASTER_JOURNAL_V'',''CLS_ZERO_AC_BLNC'' )""INSERT INTO IAS_FRM_FLD ( FORM_NO,TAB_NAME,FLD_NAME ) VALUES ( 10,''ACCOUNT'',''AC_CLOSE'' )""INSERT INTO IAS_FRM_FLD ( FORM_NO,TAB_NAME,FLD_NAME ) VALUES ( 12,''COST_CENTERS'',''INACTIVE'' )""INSERT INTO IAS_FRM_FLD ( FORM_NO,TAB_NAME,FLD_NAME ) VALUES ( 15,''CASH_IN_HAND'',''INACTIVE'' )""INSERT INTO IAS_FRM_FLD ( FORM_NO,TAB_NAME,FLD_NAME ) VALUES ( 16,''CASH_AT_BANK'',''INACTIVE'' )""INSERT INTO IAS_FRM_FLD ( FORM_NO,TAB_NAME,FLD_NAME ) VALUES ( 210,''IAS_ITM_MST'',''INACTIVE'' )""INSERT INTO IAS_FRM_FLD ( FORM_NO,TAB_NAME,FLD_NAME ) VALUES ( 210,''IAS_ITM_MST'',''BLOCKED'' )""INSERT INTO IAS_FRM_FLD ( FORM_NO,TAB_NAME,FLD_NAME ) VALUES ( 210,''IAS_ITM_MST'',''MIN_LMT_COST_PER'' )""INSERT INTO IAS_FRM_FLD ( FORM_NO,TAB_NAME,FLD_NAME ) VALUES ( 210,''IAS_ITM_MST'',''MAX_LMT_COST_PER'' )""INSERT INTO IAS_FRM_FLD ( FORM_NO,TAB_NAME,FLD_NAME ) VALUES ( 208,''WAREHOUSE_DETAILS'',''INACTIVE'' )""INSERT INTO IAS_FRM_FLD ( FORM_NO,TAB_NAME,FLD_NAME ) VALUES ( 143,''CUSTOMER'',''INACTIVE'' )""INSERT INTO IAS_FRM_FLD ( FORM_NO,TAB_NAME,FLD_NAME ) VALUES ( 116,''V_DETAILS'',''INACTIVE'' )""INSERT INTO IAS_FRM_FLD ( FORM_NO,TAB_NAME,FLD_NAME ) VALUES ( 143,''CUSTOMER'',''DISC_PER'' )""INSERT INTO IAS_FRM_FLD ( FORM_NO,TAB_NAME,FLD_NAME ) VALUES ( 143,''CUSTOMER_CURR'',''CR_LIMIT'' )""INSERT INTO IAS_FRM_FLD ( FORM_NO,TAB_NAME,FLD_NAME ) VALUES ( 143,''CUSTOMER_CURR'',''INV_LIMIT'' )""INSERT INTO IAS_FRM_FLD ( FORM_NO,TAB_NAME,FLD_NAME ) VALUES ( 156,''SALES_ORDER'',''APPROVED_SALES_MNG'' )""INSERT INTO IAS_FRM_FLD ( FORM_NO,TAB_NAME,FLD_NAME ) VALUES ( 156,''SALES_ORDER'',''TRANSFER_PRODUCT'' )""INSERT INTO IAS_FRM_FLD ( FORM_NO,TAB_NAME,FLD_NAME ) VALUES ( 298,''IAS_RQ_JRNL_MST'',''INACTIVE'' )""INSERT INTO IAS_FRM_FLD ( FORM_NO,TAB_NAME,FLD_NAME ) VALUES ( 299,''IAS_RQ_VCHR_MST'',''INACTIVE'' )""INSERT INTO IAS_FRM_FLD ( FORM_NO,TAB_NAME,FLD_NAME ) VALUES ( 300,''IAS_RQ_VCHR_MST'',''INACTIVE'' )""INSERT INTO IAS_FRM_FLD ( FORM_NO,TAB_NAME,FLD_NAME ) VALUES ( 166,''IAS_RECEIPT_DOC'',''APPRV_REC_FLG'' )""INSERT INTO IAS_FRM_FLD ( FORM_NO,TAB_NAME,FLD_NAME ) VALUES ( 166,''IAS_RECEIPT_DOC'',''APPRV_CHK_FLG'' )""INSERT INTO IAS_FRM_FLD ( FORM_NO,TAB_NAME,FLD_NAME ) VALUES ( 166,''IAS_RECEIPT_DOC'',''APPRV_MNTN_FLG'' )""INSERT INTO IAS_FRM_FLD ( FORM_NO,TAB_NAME,FLD_NAME ) VALUES ( 166,''IAS_RECEIPT_DOC'',''APPRV_AGREE_FLG'' )""INSERT INTO IAS_FRM_FLD ( FORM_NO,TAB_NAME,FLD_NAME ) VALUES ( 143,''CUSTOMER'',''CREDIT_PERIOD'' )""INSERT INTO IAS_FRM_FLD ( FORM_NO,TAB_NAME,FLD_NAME ) VALUES ( 243,''IAS_REQ_MOD_PRICE_DTL'',''APPROVED'' )""INSERT INTO IAS_FRM_FLD ( FORM_NO,TAB_NAME,FLD_NAME ) VALUES ( 166,''IAS_RECEIPT_DOC'',''RETURN_TO_CSTMR'' )""INSERT INTO IAS_FRM_FLD ( FORM_NO,TAB_NAME,FLD_NAME ) VALUES ( 1401,''SALES_MAN'',''CR_LMT'' )""INSERT INTO IAS_FRM_FLD ( FORM_NO,TAB_NAME,FLD_NAME ) VALUES ( 462,''BGT_APRV_RQ_FNC_MST'',''PAY_MTHD'' )""INSERT INTO IAS_FRM_FLD_PRIV ( U_ID,FORM_NO,TAB_NAME,FLD_NAME,PRIV_FLAG,F_ORDER_NO,AD_U_ID,AD_DATE ) SELECT R.U_ID,B.FORM_NO,B.TAB_NAME,B.FLD_NAME,1,1,R.AD_U_ID,R.AD_DATE FROM USER_R R,IAS_FRM_FLD B,FORM_DETAIL F WHERE R.U_ID = 1 AND F.FORM_NO = B.FORM_NO AND B.FORM_NO IS NOT NULL""SELECT 1 LVL_NO,YS_GEN_PKG.GET_PROMPT(:b1,5110) LVL_NM,1 ORDR_NO,FORM_NO,:b2 AD_U_ID,SYSDATE AD_DATE FROM FORM_DETAIL WHERE FORM_NO IN ( 821,13,24,25,125,126,156,165,166,224,225,232,243,298,299,300,316,326,705,710,801,1401,39,123,155 )""INSERT INTO S_APPRVD_LVL ( LVL_NO,LVL_NM,DOC_TYP,ORDR_NO,FORM_NO,AD_U_ID,AD_DATE,UP_U_ID,UP_DATE,UP_CNT,PR_REP,AD_TRMNL_NM,UP_TRMNL_NM ) VALUES ( :b1,:b2,:b3,:b4,:b5,:b6,:b7, NULL , NULL , NULL , NULL ,:b8, NULL )""INSERT INTO S_APPRVD_USR ( LVL_NO,DOC_TYP,U_ID,PRV_FLG,AD_U_ID,AD_DATE ) VALUES ( :b1,:b2,1,1,:b3,:b4 )""SELECT 1 LVL_NO,YS_GEN_PKG.GET_PROMPT(:b1,5110) LVL_NM,1 ORDR_NO,FORM_NO,:b2 AD_U_ID,SYSDATE AD_DATE FROM FORM_DETAIL WHERE FORM_NO IN ( 4080,4087,4090,4096,4105,4621,4770,4775 )""INSERT INTO S_APPRVD_LVL ( LVL_NO,LVL_NM,DOC_TYP,ORDR_NO,FORM_NO,AD_U_ID,AD_DATE,UP_U_ID,UP_DATE,UP_CNT,PR_REP,AD_TRMNL_NM,UP_TRMNL_NM ) VALUES ( :b1,:b2,:b3,:b4,:b5,:b6,:b7, NULL , NULL , NULL , NULL ,:b8, NULL )""INSERT INTO S_APPRVD_USR ( LVL_NO,DOC_TYP,U_ID,PRV_FLG,AD_U_ID,AD_DATE ) VALUES ( :b1,:b2,1,1,:b3,:b4 )""SELECT 1 LVL_NO,YS_GEN_PKG.GET_PROMPT(:b1,5110) LVL_NM,1 ORDR_NO,FORM_NO,:b2 AD_U_ID,SYSDATE AD_DATE FROM FORM_DETAIL WHERE FORM_NO = 5222""INSERT INTO S_APPRVD_LVL ( LVL_NO,LVL_NM,DOC_TYP,ORDR_NO,FORM_NO,AD_U_ID,AD_DATE,UP_U_ID,UP_DATE,UP_CNT,PR_REP,AD_TRMNL_NM,UP_TRMNL_NM ) VALUES ( :b1,:b2,:b3,:b4,:b5,:b6,:b7, NULL , NULL , NULL , NULL ,:b8, NULL )""INSERT INTO S_APPRVD_USR ( LVL_NO,DOC_TYP,U_ID,PRV_FLG,AD_U_ID,AD_DATE ) VALUES ( :b1,:b2,1,1,:b3,:b4 )""SELECT 1 LVL_NO,YS_GEN_PKG.GET_PROMPT(:b1,3481) LVL_NM,1 ORDR_NO,FORM_NO,:b2 AD_U_ID,SYSDATE AD_DATE FROM FORM_DETAIL WHERE FORM_NO IN ( 1401,1404 )""INSERT INTO S_APPRVD_LVL ( LVL_NO,LVL_NM,DOC_TYP,ORDR_NO,FORM_NO,AD_U_ID,AD_DATE,UP_U_ID,UP_DATE,UP_CNT,PR_REP,AD_TRMNL_NM,UP_TRMNL_NM ) VALUES ( :b1,:b2,:b3,:b4,:b5,:b6,:b7, NULL , NULL , NULL , NULL ,:b8, NULL )""INSERT INTO S_APPRVD_USR ( LVL_NO,DOC_TYP,U_ID,PRV_FLG,AD_U_ID,AD_DATE ) VALUES ( :b1,:b2,1,1,:b3,:b4 )""",focus_forms/ERP_DBA_DFLT_DATA.fmx.md,specification_only,none
ERP_DBA_DFLT_DATA.fmx,metadata,VA_ITM_MOVE,focus_forms/ERP_DBA_DFLT_DATA.fmx.md,specification_only,none
ERP_DBA_DFLT_DATA.fmx,metadata,VA_SUM,focus_forms/ERP_DBA_DFLT_DATA.fmx.md,specification_only,none
ERP_DBA_DFLT_DATA.fmx,metadata,MS Sans Serif,focus_forms/ERP_DBA_DFLT_DATA.fmx.md,specification_only,none
ERP_DBA_DFLT_DATA.fmx,metadata,VA_EXP_DATE,focus_forms/ERP_DBA_DFLT_DATA.fmx.md,specification_only,none
ERP_DBA_DFLT_DATA.fmx,metadata,VA_BTCH_NO,focus_forms/ERP_DBA_DFLT_DATA.fmx.md,specification_only,none
ERP_DBA_DFLT_DATA.fmx,metadata,VA_WEIGH,focus_forms/ERP_DBA_DFLT_DATA.fmx.md,specification_only,none
ERP_DBA_DFLT_DATA.fmx,metadata,VA_FREE_QTY,focus_forms/ERP_DBA_DFLT_DATA.fmx.md,specification_only,none
ERP_DBA_DFLT_DATA.fmx,metadata,VA_DISC,focus_forms/ERP_DBA_DFLT_DATA.fmx.md,specification_only,none
ERP_DBA_DFLT_DATA.fmx,metadata,VA_VAT,focus_forms/ERP_DBA_DFLT_DATA.fmx.md,specification_only,none
ERP_DBA_DFLT_DATA.fmx,metadata,VA_MOV,focus_forms/ERP_DBA_DFLT_DATA.fmx.md,specification_only,none
ERP_DBA_DFLT_DATA.fmx,metadata,Wingdings 2,focus_forms/ERP_DBA_DFLT_DATA.fmx.md,specification_only,none
ERP_DBA_DFLT_DATA.fmx,metadata,VA_BTN,focus_forms/ERP_DBA_DFLT_DATA.fmx.md,specification_only,none
ERP_DBA_DFLT_DATA.fmx,metadata,VA_LOV,focus_forms/ERP_DBA_DFLT_DATA.fmx.md,specification_only,none
ERP_DBA_DFLT_DATA.fmx,metadata,VA_RADIO,focus_forms/ERP_DBA_DFLT_DATA.fmx.md,specification_only,none
ERP_DBA_DFLT_DATA.fmx,metadata,VA_FRM_NL_CLR,focus_forms/ERP_DBA_DFLT_DATA.fmx.md,specification_only,none
ERP_DBA_DFLT_DATA.fmx,metadata,tahoma,focus_forms/ERP_DBA_DFLT_DATA.fmx.md,specification_only,none
ERP_DBA_DFLT_DATA.fmx,metadata,VA_NO_COLOR,focus_forms/ERP_DBA_DFLT_DATA.fmx.md,specification_only,none
ERP_DBA_DFLT_DATA.fmx,metadata,VA_FRM_CLR,focus_forms/ERP_DBA_DFLT_DATA.fmx.md,specification_only,none
ERP_DBA_DFLT_DATA.fmx,metadata,VA_DNT_MODFY,focus_forms/ERP_DBA_DFLT_DATA.fmx.md,specification_only,none
ERP_DBA_DFLT_DATA.fmx,metadata,VA_HNTTXT,focus_forms/ERP_DBA_DFLT_DATA.fmx.md,specification_only,none
ERP_DBA_DFLT_DATA.fmx,metadata,VA_HDR,focus_forms/ERP_DBA_DFLT_DATA.fmx.md,specification_only,none
ERP_DBA_DFLT_DATA.fmx,metadata,VA_TREE,focus_forms/ERP_DBA_DFLT_DATA.fmx.md,specification_only,none
ERP_DBA_DFLT_DATA.fmx,metadata,VA_ERR,focus_forms/ERP_DBA_DFLT_DATA.fmx.md,specification_only,none
ERP_DBA_DFLT_DATA.fmx,metadata,VA_MSG,focus_forms/ERP_DBA_DFLT_DATA.fmx.md,specification_only,none
ERP_DBA_DFLT_DATA.fmx,metadata,VA_VER,focus_forms/ERP_DBA_DFLT_DATA.fmx.md,specification_only,none
ERP_DBA_DFLT_DATA.fmx,metadata,VA_PRG,focus_forms/ERP_DBA_DFLT_DATA.fmx.md,specification_only,none
ERP_DBA_DFLT_DATA.fmx,metadata,VA_HNT,focus_forms/ERP_DBA_DFLT_DATA.fmx.md,specification_only,none
ERP_DBA_DFLT_DATA.fmx,metadata,VA_FTR,focus_forms/ERP_DBA_DFLT_DATA.fmx.md,specification_only,none
ERP_DBA_DFLT_DATA.fmx,metadata,VA_FLD_USR,focus_forms/ERP_DBA_DFLT_DATA.fmx.md,specification_only,none
ERP_DBA_DFLT_DATA.fmx,metadata,VA_CURREC,focus_forms/ERP_DBA_DFLT_DATA.fmx.md,specification_only,none
ERP_DBA_DFLT_DATA.fmx,metadata,VA_FLD,focus_forms/ERP_DBA_DFLT_DATA.fmx.md,specification_only,none
ERP_DBA_DFLT_DATA.fmx,metadata,VA_PRNT,focus_forms/ERP_DBA_DFLT_DATA.fmx.md,specification_only,none
ERP_DBA_DFLT_DATA.fmx,metadata,VA_MNDTRY_FLD,focus_forms/ERP_DBA_DFLT_DATA.fmx.md,specification_only,none
ERP_DBA_DFLT_DATA.fmx,metadata,VA_CHK,focus_forms/ERP_DBA_DFLT_DATA.fmx.md,specification_only,none
ERP_DBA_DFLT_DATA.fmx,metadata,VA_DSPLY,focus_forms/ERP_DBA_DFLT_DATA.fmx.md,specification_only,none
ERP_DBA_DFLT_DATA.fmx,metadata,VA_PRMPT,focus_forms/ERP_DBA_DFLT_DATA.fmx.md,specification_only,none
ERP_DBA_DFLT_DATA.fmx,metadata,VA_TOOLTIP,focus_forms/ERP_DBA_DFLT_DATA.fmx.md,specification_only,none
ERP_DBA_DFLT_DATA.fmx,metadata,VA_MAIN,focus_forms/ERP_DBA_DFLT_DATA.fmx.md,specification_only,none
ERP_DBA_DFLT_DATA.fmx,metadata,VA_BAR,focus_forms/ERP_DBA_DFLT_DATA.fmx.md,specification_only,none
ERP_DBA_DFLT_DATA.fmx,metadata,INSRT_DEF_DATA_PRC1,focus_forms/ERP_DBA_DFLT_DATA.fmx.md,specification_only,none
ERP_DBA_DFLT_DATA.fmx,metadata,/NSPC2/LOGIN_PRC,focus_forms/ERP_DBA_DFLT_DATA.fmx.md,specification_only,none
ERP_DBA_DFLT_DATA.fmx,metadata,IAS_SYS,focus_forms/ERP_DBA_DFLT_DATA.fmx.md,specification_only,none
ERP_DBA_DFLT_DATA.fmx,metadata,S_YS_CMP,focus_forms/ERP_DBA_DFLT_DATA.fmx.md,specification_only,none
ERP_DBA_DFLT_DATA.fmx,metadata,PUBLIC,focus_forms/ERP_DBA_DFLT_DATA.fmx.md,specification_only,none
ERP_DBA_DFLT_DATA.fmx,metadata,EX_RATE,focus_forms/ERP_DBA_DFLT_DATA.fmx.md,specification_only,none
ERP_DBA_DFLT_DATA.fmx,metadata,S_BRN,focus_forms/ERP_DBA_DFLT_DATA.fmx.md,specification_only,none
ERP_DBA_DFLT_DATA.fmx,metadata,ALL_BRANCHES,focus_forms/ERP_DBA_DFLT_DATA.fmx.md,specification_only,none
ERP_DBA_DFLT_DATA.fmx,metadata,S_CMPNY,focus_forms/ERP_DBA_DFLT_DATA.fmx.md,specification_only,none
ERP_DBA_DFLT_DATA.fmx,metadata,/LERPSTPLIB,focus_forms/ERP_DBA_DFLT_DATA.fmx.md,specification_only,none
ERP_DBA_DFLT_DATA.fmx,metadata,FORMS_DML,focus_forms/ERP_DBA_DFLT_DATA.fmx.md,specification_only,none
ERP_DBA_DFLT_DATA.fmx,metadata,S_BRN_USR_PRIV,focus_forms/ERP_DBA_DFLT_DATA.fmx.md,specification_only,none
ERP_DBA_DFLT_DATA.fmx,metadata,IAS_PARA_GEN,focus_forms/ERP_DBA_DFLT_DATA.fmx.md,specification_only,none
ERP_DBA_DFLT_DATA.fmx,metadata,IAS_PARA_GL,focus_forms/ERP_DBA_DFLT_DATA.fmx.md,specification_only,none
ERP_DBA_DFLT_DATA.fmx,metadata,IAS_PARA_INV,focus_forms/ERP_DBA_DFLT_DATA.fmx.md,specification_only,none
ERP_DBA_DFLT_DATA.fmx,metadata,IAS_PARA_AP,focus_forms/ERP_DBA_DFLT_DATA.fmx.md,specification_only,none
ERP_DBA_DFLT_DATA.fmx,metadata,IAS_PARA_AR,focus_forms/ERP_DBA_DFLT_DATA.fmx.md,specification_only,none
ERP_DBA_DFLT_DATA.fmx,metadata,JRS_PARA,focus_forms/ERP_DBA_DFLT_DATA.fmx.md,specification_only,none
ERP_DBA_DFLT_DATA.fmx,metadata,IAS_COMP_TMP,focus_forms/ERP_DBA_DFLT_DATA.fmx.md,specification_only,none
ERP_DBA_DFLT_DATA.fmx,metadata,S_FLAGS,focus_forms/ERP_DBA_DFLT_DATA.fmx.md,specification_only,none
ERP_DBA_DFLT_DATA.fmx,metadata,/NSPC2/INSRT_SFLAGS_PRC,focus_forms/ERP_DBA_DFLT_DATA.fmx.md,specification_only,none
ERP_DBA_DFLT_DATA.fmx,metadata,IAS_INSRT_SFLAGS1_PRC,focus_forms/ERP_DBA_DFLT_DATA.fmx.md,specification_only,none
ERP_DBA_DFLT_DATA.fmx,metadata,S_FLAGS_PRIV,focus_forms/ERP_DBA_DFLT_DATA.fmx.md,specification_only,none
ERP_DBA_DFLT_DATA.fmx,metadata,/NSPC2/INSRT_FORM_DTL_PKG,focus_forms/ERP_DBA_DFLT_DATA.fmx.md,specification_only,none
ERP_DBA_DFLT_DATA.fmx,metadata,IAS_FORM_DTL_PKG,focus_forms/ERP_DBA_DFLT_DATA.fmx.md,specification_only,none
ERP_DBA_DFLT_DATA.fmx,metadata,S_MOBILE_SCR,focus_forms/ERP_DBA_DFLT_DATA.fmx.md,specification_only,none
ERP_DBA_DFLT_DATA.fmx,metadata,S_MOBILE_SCR_PRV,focus_forms/ERP_DBA_DFLT_DATA.fmx.md,specification_only,none
ERP_DBA_DFLT_DATA.fmx,metadata,USER_OBJECTS,focus_forms/ERP_DBA_DFLT_DATA.fmx.md,specification_only,none
ERP_DBA_DFLT_DATA.fmx,metadata,IAS_VOUCHR_TYPE,focus_forms/ERP_DBA_DFLT_DATA.fmx.md,specification_only,none
ERP_DBA_DFLT_DATA.fmx,metadata,IAS_STK_ADJST_TYPES,focus_forms/ERP_DBA_DFLT_DATA.fmx.md,specification_only,none
ERP_DBA_DFLT_DATA.fmx,metadata,INCOM_TYPES,focus_forms/ERP_DBA_DFLT_DATA.fmx.md,specification_only,none
ERP_DBA_DFLT_DATA.fmx,metadata,IAS_PRIV_STK_ADJST_TYPES,focus_forms/ERP_DBA_DFLT_DATA.fmx.md,specification_only,none
ERP_DBA_DFLT_DATA.fmx,metadata,IAS_PREQ_TYPES,focus_forms/ERP_DBA_DFLT_DATA.fmx.md,specification_only,none
ERP_DBA_DFLT_DATA.fmx,metadata,IAS_GLRQ_TYPES,focus_forms/ERP_DBA_DFLT_DATA.fmx.md,specification_only,none
ERP_DBA_DFLT_DATA.fmx,metadata,IAS_GLRQ_TYPES_PRIV,focus_forms/ERP_DBA_DFLT_DATA.fmx.md,specification_only,none
ERP_DBA_DFLT_DATA.fmx,metadata,JV_TYPES,focus_forms/ERP_DBA_DFLT_DATA.fmx.md,specification_only,none
ERP_DBA_DFLT_DATA.fmx,metadata,JV_TYPES_DETAIL,focus_forms/ERP_DBA_DFLT_DATA.fmx.md,specification_only,none
ERP_DBA_DFLT_DATA.fmx,metadata,IAS_NOTE_TYPES,focus_forms/ERP_DBA_DFLT_DATA.fmx.md,specification_only,none
ERP_DBA_DFLT_DATA.fmx,metadata,IAS_PRIV_NOTE_TYPES,focus_forms/ERP_DBA_DFLT_DATA.fmx.md,specification_only,none
ERP_DBA_DFLT_DATA.fmx,metadata,IAS_GNR_CODE_MST,focus_forms/ERP_DBA_DFLT_DATA.fmx.md,specification_only,none
ERP_DBA_DFLT_DATA.fmx,metadata,IAS_RCPT_DOC_TYPES,focus_forms/ERP_DBA_DFLT_DATA.fmx.md,specification_only,none
ERP_DBA_DFLT_DATA.fmx,metadata,PRIVILEGE_FIXED,focus_forms/ERP_DBA_DFLT_DATA.fmx.md,specification_only,none
ERP_DBA_DFLT_DATA.fmx,metadata,/NSPC2/INSRT_FRM_FLD,focus_forms/ERP_DBA_DFLT_DATA.fmx.md,specification_only,none
ERP_DBA_DFLT_DATA.fmx,metadata,/NSPC2/INSRT_SCR_LBL,focus_forms/ERP_DBA_DFLT_DATA.fmx.md,specification_only,none
ERP_DBA_DFLT_DATA.fmx,metadata,/NSPC2/INSRT_TAB_SCR,focus_forms/ERP_DBA_DFLT_DATA.fmx.md,specification_only,none
ERP_DBA_DFLT_DATA.fmx,metadata,/NSPC2/INSRT_ALERT_SYS,focus_forms/ERP_DBA_DFLT_DATA.fmx.md,specification_only,none
ERP_DBA_DFLT_DATA.fmx,metadata,S_ALRT_SYS_DTL,focus_forms/ERP_DBA_DFLT_DATA.fmx.md,specification_only,none
ERP_DBA_DFLT_DATA.fmx,metadata,/NSPC2/INSRT_ALERT_SYS_DTL,focus_forms/ERP_DBA_DFLT_DATA.fmx.md,specification_only,none
ERP_DBA_DFLT_DATA.fmx,metadata,/NSPC2/INSRT_THEM_SYS,focus_forms/ERP_DBA_DFLT_DATA.fmx.md,specification_only,none
ERP_DBA_DFLT_DATA.fmx,metadata,/NSPC2/INSRT_LOV_PRC,focus_forms/ERP_DBA_DFLT_DATA.fmx.md,specification_only,none
ERP_DBA_DFLT_DATA.fmx,metadata,/NSPC2/INSRT_LIST_PRC,focus_forms/ERP_DBA_DFLT_DATA.fmx.md,specification_only,none
ERP_DBA_DFLT_DATA.fmx,metadata,S_ERP_SYSTEM,focus_forms/ERP_DBA_DFLT_DATA.fmx.md,specification_only,none
ERP_DBA_DFLT_DATA.fmx,metadata,DTS_OPTN,focus_forms/ERP_DBA_DFLT_DATA.fmx.md,specification_only,none
ERP_DBA_DFLT_DATA.fmx,metadata,SHP_PARA,focus_forms/ERP_DBA_DFLT_DATA.fmx.md,specification_only,none
ERP_DBA_DFLT_DATA.fmx,metadata,IAS_PARA_LGHT,focus_forms/ERP_DBA_DFLT_DATA.fmx.md,specification_only,none
ERP_DBA_DFLT_DATA.fmx,metadata,/NSPC2/INSRT_FORM_PRIV_PRC,focus_forms/ERP_DBA_DFLT_DATA.fmx.md,specification_only,none
ERP_DBA_DFLT_DATA.fmx,metadata,"""PKG INIT""INSRT_DEF_DATA_PRC1""CNT""CNT1""V_CR_FRM_PKG""V_HD""V_CNT""<cursor ptr>""<SQL statement. Line 18>""<SQL statement. Line 35>""<SQL statement. Line 54>""<SQL statement. Line 67>""<SQL statement. Line 88>""<SQL statement. Line 102>""<SQL statement. Line 111>""<SQL statement. Line 143>""<SQL statement. Line 150>""<SQL statement. Line 160>""<SQL statement. Line 163>""<SQL statement. Line 173>""<SQL statement. Line 186>""<SQL statement. Line 189>""<SQL statement. Line 207>""<SQL statement. Line 213>""<SQL statement. Line 233>""<SQL statement. Line 244>""<SQL statement. Line 272>""<SQL statement. Line 293>""<SQL statement. Line 300>""<SQL statement. Line 339>""<SQL statement. Line 351>""<SQL statement. Line 376>""<SQL statement. Line 387>""<SQL statement. Line 432>""<SQL statement. Line 454>""<SQL statement. Line 460>""<SQL statement. Line 464>""<SQL statement. Line 482>""<SQL statement. Line 484>""<SQL statement. Line 485>""<SQL statement. Line 486>""<SQL statement. Line 499>""<SQL statement. Line 506>""<SQL statement. Line 517>""<SQL statement. Line 518>""<SQL statement. Line 519>""<SQL statement. Line 520>""<SQL statement. Line 521>""<SQL statement. Line 522>""<SQL statement. Line 523>""<SQL statement. Line 524>""<SQL statement. Line 525>""<SQL statement. Line 526>""<SQL statement. Line 527>""<SQL statement. Line 528>""<SQL statement. Line 574>""<SQL statement. Line 578>""<SQL statement. Line 595>""<SQL statement. Line 610>""<SQL statement. Line 618>""<SQL statement. Line 742>""<SQL statement. Line 776>""<SQL statement. Line 780>""<SQL statement. Line 802>""<SQL statement. Line 809>""<SQL statement. Line 821>""<SQL statement. Line 843>""<SQL statement. Line 861>""<SQL statement. Line 945>""<SQL statement. Line 955>""<SQL statement. Line 1091>""<SQL statement. Line 1102>""<SQL statement. Line 1108>""<SQL statement. Line 1109>""<SQL statement. Line 1110>""<SQL statement. Line 1117>""<SQL statement. Line 1123>""<SQL statement. Line 1130>""<SQL statement. Line 1137>""<SQL statement. Line 1139>""<SQL statement. Line 1152>""<SQL statement. Line 1189>""<SQL statement. Line 1204>""<SQL statement. Line 1208>""<SQL statement. Line 1248>""<SQL statement. Line 1255>""<SQL statement. Line 1258>""<SQL statement. Line 1316>""<SQL statement. Line 1339>""<SQL statement. Line 1342>""<SQL statement. Line 1343>""<SQL statement. Line 1344>""<SQL statement. Line 1345>""<SQL statement. Line 1346>""<SQL statement. Line 1347>""<SQL statement. Line 1348>""<SQL statement. Line 1349>""<SQL statement. Line 1350>""<SQL statement. Line 1351>""<SQL statement. Line 1352>""<SQL statement. Line 1353>""<SQL statement. Line 1355>""<SQL statement. Line 1356>""<SQL statement. Line 1357>""<SQL statement. Line 1358>""<SQL statement. Line 1370>""<SQL statement. Line 1371>""<SQL statement. Line 1372>""<SQL statement. Line 1373>""<SQL statement. Line 1374>""<SQL statement. Line 1377>""<SQL statement. Line 1378>""<SQL statement. Line 1379>""<SQL statement. Line 1380>""<SQL statement. Line 1381>""<SQL statement. Line 1383>""<SQL statement. Line 1384>""<SQL statement. Line 1385>""<SQL statement. Line 1386>""<SQL statement. Line 1387>""<SQL statement. Line 1388>""<SQL statement. Line 1389>""<SQL statement. Line 1390>""<SQL statement. Line 1394>""<SQL statement. Line 1397>""<SQL statement. Line 1398>""<SQL statement. Line 1401>""<SQL statement. Line 1402>""<SQL statement. Line 1403>""<SQL statement. Line 1422>""<SQL statement. Line 1437>""<SQL statement. Line 1438>""<SQL statement. Line 1451>""<SQL statement. Line 1466>""<SQL statement. Line 1481>""<SQL statement. Line 1492>""<SQL statement. Line 1502>""<SQL statement. Line 1503>""<SQL statement. Line 1504>""<SQL statement. Line 1505>""<SQL statement. Line 1506>""<SQL statement. Line 1507>""<SQL statement. Line 1508>""<SQL statement. Line 1509>""<SQL statement. Line 1510>""<SQL statement. Line 1511>""<SQL statement. Line 1512>""<SQL statement. Line 1513>""<SQL statement. Line 1514>""<SQL statement. Line 1515>""<SQL statement. Line 1516>""<SQL statement. Line 1517>""<SQL statement. Line 1518>""<SQL statement. Line 1519>""<SQL statement. Line 1520>""<SQL statement. Line 1521>""<SQL statement. Line 1522>""<SQL statement. Line 1523>""<SQL statement. Line 1524>""<SQL statement. Line 1525>""<SQL statement. Line 1526>""<SQL statement. Line 1527>""<SQL statement. Line 1540>""<SQL statement. Line 1554>""<SQL statement. Line 1565>""<SQL statement. Line 1578>""<SQL statement. Line 1595>""<SQL statement. Line 1596>""<SQL statement. Line 1597>""<SQL statement. Line 1598>""<SQL statement. Line 1612>""<SQL statement. Line 1625>""<SQL statement. Line 1638>""<SQL statement. Line 1650>""<SQL statement. Line 1665>""<SQL statement. Line 1678>""<SQL statement. Line 1690>""<SQL statement. Line 1706>""<SQL statement. Line 1719>""<SQL statement. Line 1731>""<SQL statement. Line 1743>""<SQL statement. Line 1760>""<SQL statement. Line 1773>""<SQL statement. Line 1785>""<SQL statement. Line 1797>""<SQL statement. Line 1810>""<SQL statement. Line 1822>""<SQL statement. Line 1839>""<SQL statement. Line 1852>""<SQL statement. Line 1865>""<SQL statement. Line 1868>""<SQL statement. Line 1876>""<SQL statement. Line 1881>""<SQL statement. Line 1896>""<SQL statement. Line 1903>""<SQL statement. Line 1917>""""",focus_forms/ERP_DBA_DFLT_DATA.fmx.md,specification_only,none
ERP_DBA_DFLT_DATA.fmx,metadata,Dba.Follow,focus_forms/ERP_DBA_DFLT_DATA.fmx.md,specification_only,none
ERP_DBA_DFLT_DATA.fmx,metadata,............,focus_forms/ERP_DBA_DFLT_DATA.fmx.md,specification_only,none
ERP_DBA_DFLT_DATA.fmx,metadata,Choose Active Yemensoft Branch.....,focus_forms/ERP_DBA_DFLT_DATA.fmx.md,specification_only,none
ERP_DBA_DFLT_DATA.fmx,metadata,S_Ys_Cmp.Ys_Cmp_St,focus_forms/ERP_DBA_DFLT_DATA.fmx.md,specification_only,none
ERP_DBA_DFLT_DATA.fmx,metadata,Choose One Active Yemensoft Branch Only.....,focus_forms/ERP_DBA_DFLT_DATA.fmx.md,specification_only,none
ERP_DBA_DFLT_DATA.fmx,metadata,"Create Tables and Pkg.,...",focus_forms/ERP_DBA_DFLT_DATA.fmx.md,specification_only,none
ERP_DBA_DFLT_DATA.fmx,metadata,DBA.TABLE_PKGS,focus_forms/ERP_DBA_DFLT_DATA.fmx.md,specification_only,none
ERP_DBA_DFLT_DATA.fmx,metadata,Busy,focus_forms/ERP_DBA_DFLT_DATA.fmx.md,specification_only,none
ERP_DBA_DFLT_DATA.fmx,metadata,Please Enter Currency Name,focus_forms/ERP_DBA_DFLT_DATA.fmx.md,specification_only,none
ERP_DBA_DFLT_DATA.fmx,metadata,DBA.CUR_L_NM,focus_forms/ERP_DBA_DFLT_DATA.fmx.md,specification_only,none
ERP_DBA_DFLT_DATA.fmx,metadata,Default,focus_forms/ERP_DBA_DFLT_DATA.fmx.md,specification_only,none
ERP_DBA_DFLT_DATA.fmx,metadata,Please Enter Company Name,focus_forms/ERP_DBA_DFLT_DATA.fmx.md,specification_only,none
ERP_DBA_DFLT_DATA.fmx,metadata,DBA.CMP_L_NAME,focus_forms/ERP_DBA_DFLT_DATA.fmx.md,specification_only,none
ERP_DBA_DFLT_DATA.fmx,metadata,Please Enter Branch Name,focus_forms/ERP_DBA_DFLT_DATA.fmx.md,specification_only,none
ERP_DBA_DFLT_DATA.fmx,metadata,DBA.BRN_L_NAME,focus_forms/ERP_DBA_DFLT_DATA.fmx.md,specification_only,none
ERP_DBA_DFLT_DATA.fmx,metadata,"Insert Data to Company , Branch Tables ...",focus_forms/ERP_DBA_DFLT_DATA.fmx.md,specification_only,none
ERP_DBA_DFLT_DATA.fmx,metadata,"Insert Into User_r(U_ID,U_A_NAME,U_E_NAME ,PASSWORD,ADMIN_USER,INACTIVE,LGN_METHOD,AD_U_ID,AD_DATE,CONN_BRN_NO)",focus_forms/ERP_DBA_DFLT_DATA.fmx.md,specification_only,none
ERP_DBA_DFLT_DATA.fmx,metadata,"Values(1,'",focus_forms/ERP_DBA_DFLT_DATA.fmx.md,specification_only,none
ERP_DBA_DFLT_DATA.fmx,metadata,"','Administrator',2 , 1,0 ,1 ,1 ,SYSDATE,",focus_forms/ERP_DBA_DFLT_DATA.fmx.md,specification_only,none
ERP_DBA_DFLT_DATA.fmx,metadata,Insert Data to User_r Table ...,focus_forms/ERP_DBA_DFLT_DATA.fmx.md,specification_only,none
ERP_DBA_DFLT_DATA.fmx,metadata,Can't Insert Data Into User_r Table ...,focus_forms/ERP_DBA_DFLT_DATA.fmx.md,specification_only,none
ERP_DBA_DFLT_DATA.fmx,metadata,Insert Data to S_BRN_USR_PRIV Table count =,focus_forms/ERP_DBA_DFLT_DATA.fmx.md,specification_only,none
ERP_DBA_DFLT_DATA.fmx,metadata,Can't Insert Data Into S_BRN_USR_PRIV Table ...,focus_forms/ERP_DBA_DFLT_DATA.fmx.md,specification_only,none
ERP_DBA_DFLT_DATA.fmx,metadata,Insert Data to Ias_Para_Gen ...,focus_forms/ERP_DBA_DFLT_DATA.fmx.md,specification_only,none
ERP_DBA_DFLT_DATA.fmx,metadata,Can not Insert Data to Ias_Para_Gen ...,focus_forms/ERP_DBA_DFLT_DATA.fmx.md,specification_only,none
ERP_DBA_DFLT_DATA.fmx,metadata,Insert Data to Ias_Para_Gl ...,focus_forms/ERP_DBA_DFLT_DATA.fmx.md,specification_only,none
ERP_DBA_DFLT_DATA.fmx,metadata,Can not Insert Data to Ias_Para_Gl ...,focus_forms/ERP_DBA_DFLT_DATA.fmx.md,specification_only,none
ERP_DBA_DFLT_DATA.fmx,metadata,"Err. When Insert Para Tabels ,",focus_forms/ERP_DBA_DFLT_DATA.fmx.md,specification_only,none
ERP_DBA_DFLT_DATA.fmx,metadata,Insert Data to Ias_Para_Inv ...,focus_forms/ERP_DBA_DFLT_DATA.fmx.md,specification_only,none
ERP_DBA_DFLT_DATA.fmx,metadata,Can not Insert Data to Ias_Para_Inv ...,focus_forms/ERP_DBA_DFLT_DATA.fmx.md,specification_only,none
ERP_DBA_DFLT_DATA.fmx,metadata,Insert Data to Ias_Para_Ap ...,focus_forms/ERP_DBA_DFLT_DATA.fmx.md,specification_only,none
ERP_DBA_DFLT_DATA.fmx,metadata,Can not Insert Data to Ias_Para_Ap ...,focus_forms/ERP_DBA_DFLT_DATA.fmx.md,specification_only,none
ERP_DBA_DFLT_DATA.fmx,metadata,Insert Data to Ias_Para_Ar ...,focus_forms/ERP_DBA_DFLT_DATA.fmx.md,specification_only,none
ERP_DBA_DFLT_DATA.fmx,metadata,Can not Insert Data to Ias_Para_Ar ...,focus_forms/ERP_DBA_DFLT_DATA.fmx.md,specification_only,none
ERP_DBA_DFLT_DATA.fmx,metadata,Insert Data to Jrs_Para ...,focus_forms/ERP_DBA_DFLT_DATA.fmx.md,specification_only,none
ERP_Update_New_Version6.fmx,procedure,ADD_PROC,focus_forms/ERP_Update_New_Version6.fmx.md,specification_only,FMB/PLL/PKB
ERP_Update_New_Version6.fmx,procedure,CALL_DOC_ALRT_PRC,focus_forms/ERP_Update_New_Version6.fmx.md,specification_only,FMB/PLL/PKB
ERP_Update_New_Version6.fmx,procedure,CHK_CST_CR_LMT_PRC,focus_forms/ERP_Update_New_Version6.fmx.md,specification_only,FMB/PLL/PKB
ERP_Update_New_Version6.fmx,procedure,CHK_DUP_FLD_FNC,focus_forms/ERP_Update_New_Version6.fmx.md,specification_only,FMB/PLL/PKB
ERP_Update_New_Version6.fmx,procedure,CRT_ALTR_DBS_PRC,focus_forms/ERP_Update_New_Version6.fmx.md,specification_only,FMB/PLL/PKB
ERP_Update_New_Version6.fmx,procedure,DBA_CREATE_LGHT_PKG,focus_forms/ERP_Update_New_Version6.fmx.md,specification_only,FMB/PLL/PKB
ERP_Update_New_Version6.fmx,procedure,DELETE_PROC,focus_forms/ERP_Update_New_Version6.fmx.md,specification_only,FMB/PLL/PKB
ERP_Update_New_Version6.fmx,procedure,DIS_ENA_CONS_FK_PRC,focus_forms/ERP_Update_New_Version6.fmx.md,specification_only,FMB/PLL/PKB
ERP_Update_New_Version6.fmx,procedure,DTS_FORM_DTL_PRC,focus_forms/ERP_Update_New_Version6.fmx.md,specification_only,FMB/PLL/PKB
ERP_Update_New_Version6.fmx,procedure,DTS_TABLE_PRC,focus_forms/ERP_Update_New_Version6.fmx.md,specification_only,FMB/PLL/PKB
ERP_Update_New_Version6.fmx,procedure,ENA_DIS_ITM_PRC,focus_forms/ERP_Update_New_Version6.fmx.md,specification_only,FMB/PLL/PKB
ERP_Update_New_Version6.fmx,procedure,EXIT_PROC,focus_forms/ERP_Update_New_Version6.fmx.md,specification_only,FMB/PLL/PKB
ERP_Update_New_Version6.fmx,procedure,FAS_POSTING_PKG,focus_forms/ERP_Update_New_Version6.fmx.md,specification_only,FMB/PLL/PKB
ERP_Update_New_Version6.fmx,procedure,FILL_ALL_LIST_PRC,focus_forms/ERP_Update_New_Version6.fmx.md,specification_only,FMB/PLL/PKB
ERP_Update_New_Version6.fmx,procedure,FNG_GRN_PKG,focus_forms/ERP_Update_New_Version6.fmx.md,specification_only,FMB/PLL/PKB
ERP_Update_New_Version6.fmx,procedure,GEN_PKG,focus_forms/ERP_Update_New_Version6.fmx.md,specification_only,FMB/PLL/PKB
ERP_Update_New_Version6.fmx,procedure,GET_FRMT_FLD_FNC,focus_forms/ERP_Update_New_Version6.fmx.md,specification_only,FMB/PLL/PKB
ERP_Update_New_Version6.fmx,procedure,GET_GRP_BY_FLD_FNC,focus_forms/ERP_Update_New_Version6.fmx.md,specification_only,FMB/PLL/PKB
ERP_Update_New_Version6.fmx,procedure,GET_MSG_TXT_FNC,focus_forms/ERP_Update_New_Version6.fmx.md,specification_only,FMB/PLL/PKB
ERP_Update_New_Version6.fmx,procedure,HRS_EVL_PKG,focus_forms/ERP_Update_New_Version6.fmx.md,specification_only,FMB/PLL/PKB
ERP_Update_New_Version6.fmx,procedure,HRS_GNR_PKG,focus_forms/ERP_Update_New_Version6.fmx.md,specification_only,FMB/PLL/PKB
ERP_Update_New_Version6.fmx,procedure,HRS_POSTING_PKG,focus_forms/ERP_Update_New_Version6.fmx.md,specification_only,FMB/PLL/PKB
ERP_Update_New_Version6.fmx,procedure,HRS_SNCTN_PKG,focus_forms/ERP_Update_New_Version6.fmx.md,specification_only,FMB/PLL/PKB
ERP_Update_New_Version6.fmx,procedure,IAS_AC_CC_LMT_PKG,focus_forms/ERP_Update_New_Version6.fmx.md,specification_only,FMB/PLL/PKB
ERP_Update_New_Version6.fmx,procedure,IAS_AUDIT_OTHR_PKG,focus_forms/ERP_Update_New_Version6.fmx.md,specification_only,FMB/PLL/PKB
ERP_Update_New_Version6.fmx,procedure,IAS_AUDIT_PKG,focus_forms/ERP_Update_New_Version6.fmx.md,specification_only,FMB/PLL/PKB
ERP_Update_New_Version6.fmx,procedure,IAS_AUD_SYS_PKG,focus_forms/ERP_Update_New_Version6.fmx.md,specification_only,FMB/PLL/PKB
ERP_Update_New_Version6.fmx,procedure,IAS_BRN_PKG,focus_forms/ERP_Update_New_Version6.fmx.md,specification_only,FMB/PLL/PKB
ERP_Update_New_Version6.fmx,procedure,IAS_CHECK_DBS_PKG,focus_forms/ERP_Update_New_Version6.fmx.md,specification_only,FMB/PLL/PKB
ERP_Update_New_Version6.fmx,procedure,IAS_CHECK_SYS_PKG,focus_forms/ERP_Update_New_Version6.fmx.md,specification_only,FMB/PLL/PKB
ERP_Update_New_Version6.fmx,procedure,IAS_CSHBNK_PKG,focus_forms/ERP_Update_New_Version6.fmx.md,specification_only,FMB/PLL/PKB
ERP_Update_New_Version6.fmx,procedure,IAS_DBS_SYS_PKG,focus_forms/ERP_Update_New_Version6.fmx.md,specification_only,FMB/PLL/PKB
ERP_Update_New_Version6.fmx,procedure,IAS_DRTMP_TRG,focus_forms/ERP_Update_New_Version6.fmx.md,specification_only,FMB/PLL/PKB
ERP_Update_New_Version6.fmx,procedure,IAS_FORM_DTL_PKG,focus_forms/ERP_Update_New_Version6.fmx.md,specification_only,FMB/PLL/PKB
ERP_Update_New_Version6.fmx,procedure,IAS_GEN_PKG,focus_forms/ERP_Update_New_Version6.fmx.md,specification_only,FMB/PLL/PKB
ERP_Update_New_Version6.fmx,procedure,IAS_GET_ENC_PASS_FNC,focus_forms/ERP_Update_New_Version6.fmx.md,specification_only,FMB/PLL/PKB
ERP_Update_New_Version6.fmx,procedure,IAS_GET_ENC_PASS_FNCIAS20141IAS_GET_ENC_PASS_FNC,focus_forms/ERP_Update_New_Version6.fmx.md,specification_only,FMB/PLL/PKB
ERP_Update_New_Version6.fmx,procedure,IAS_GL_LMT_PKG,focus_forms/ERP_Update_New_Version6.fmx.md,specification_only,FMB/PLL/PKB
ERP_Update_New_Version6.fmx,procedure,IAS_GL_TRNS_PKG,focus_forms/ERP_Update_New_Version6.fmx.md,specification_only,FMB/PLL/PKB
ERP_Update_New_Version6.fmx,procedure,IAS_INSRT_LABELS1_PRC,focus_forms/ERP_Update_New_Version6.fmx.md,specification_only,FMB/PLL/PKB
ERP_Update_New_Version6.fmx,procedure,IAS_INSRT_LABELS2_PRC,focus_forms/ERP_Update_New_Version6.fmx.md,specification_only,FMB/PLL/PKB
ERP_Update_New_Version6.fmx,procedure,IAS_INSRT_MSGS1_PRC,focus_forms/ERP_Update_New_Version6.fmx.md,specification_only,FMB/PLL/PKB
ERP_Update_New_Version6.fmx,procedure,IAS_ITM_PKG,focus_forms/ERP_Update_New_Version6.fmx.md,specification_only,FMB/PLL/PKB
ERP_Update_New_Version6.fmx,procedure,IAS_JRS_POST_PKG,focus_forms/ERP_Update_New_Version6.fmx.md,specification_only,FMB/PLL/PKB
ERP_Update_New_Version6.fmx,procedure,IAS_LGHT_DP_TRG,focus_forms/ERP_Update_New_Version6.fmx.md,specification_only,FMB/PLL/PKB
ERP_Update_New_Version6.fmx,procedure,IAS_LGHT_SFLGS_TRG,focus_forms/ERP_Update_New_Version6.fmx.md,specification_only,FMB/PLL/PKB
ERP_Update_New_Version6.fmx,procedure,IAS_LGHT_WCODE_TRG,focus_forms/ERP_Update_New_Version6.fmx.md,specification_only,FMB/PLL/PKB
ERP_Update_New_Version6.fmx,procedure,IAS_MEASURMENTS_PKG,focus_forms/ERP_Update_New_Version6.fmx.md,specification_only,FMB/PLL/PKB
ERP_Update_New_Version6.fmx,procedure,IAS_POSTING_AP_PKG,focus_forms/ERP_Update_New_Version6.fmx.md,specification_only,FMB/PLL/PKB
ERP_Update_New_Version6.fmx,procedure,IAS_POSTING_AR_PKG,focus_forms/ERP_Update_New_Version6.fmx.md,specification_only,FMB/PLL/PKB
ERP_Update_New_Version6.fmx,procedure,IAS_POSTING_DOC_PKG,focus_forms/ERP_Update_New_Version6.fmx.md,specification_only,FMB/PLL/PKB
ERP_Update_New_Version6.fmx,procedure,IAS_POSTING_GL_PKG,focus_forms/ERP_Update_New_Version6.fmx.md,specification_only,FMB/PLL/PKB
ERP_Update_New_Version6.fmx,procedure,IAS_POSTING_GRNT_PKG,focus_forms/ERP_Update_New_Version6.fmx.md,specification_only,FMB/PLL/PKB
ERP_Update_New_Version6.fmx,procedure,IAS_POSTING_INV_PKG,focus_forms/ERP_Update_New_Version6.fmx.md,specification_only,FMB/PLL/PKB
ERP_Update_New_Version6.fmx,procedure,IAS_POSTING_JRS_PKG,focus_forms/ERP_Update_New_Version6.fmx.md,specification_only,FMB/PLL/PKB
ERP_Update_New_Version6.fmx,procedure,IAS_POSTING_PKG,focus_forms/ERP_Update_New_Version6.fmx.md,specification_only,FMB/PLL/PKB
ERP_Update_New_Version6.fmx,procedure,IAS_POSTING_SHP_PKG,focus_forms/ERP_Update_New_Version6.fmx.md,specification_only,FMB/PLL/PKB
ERP_Update_New_Version6.fmx,procedure,IAS_PRMTR_PKG,focus_forms/ERP_Update_New_Version6.fmx.md,specification_only,FMB/PLL/PKB
ERP_Update_New_Version6.fmx,procedure,IAS_REPLICA_DATA_PKG,focus_forms/ERP_Update_New_Version6.fmx.md,specification_only,FMB/PLL/PKB
ERP_Update_New_Version6.fmx,procedure,IAS_SHP_POST_PKG,focus_forms/ERP_Update_New_Version6.fmx.md,specification_only,FMB/PLL/PKB
ERP_Update_New_Version6.fmx,procedure,IAS_SMAN_PKG,focus_forms/ERP_Update_New_Version6.fmx.md,specification_only,FMB/PLL/PKB
ERP_Update_New_Version6.fmx,procedure,IAS_SMS_MAIL_PKG,focus_forms/ERP_Update_New_Version6.fmx.md,specification_only,FMB/PLL/PKB
ERP_Update_New_Version6.fmx,procedure,IAS_USR_PKG,focus_forms/ERP_Update_New_Version6.fmx.md,specification_only,FMB/PLL/PKB
ERP_Update_New_Version6.fmx,procedure,INSRT_ALERT_SYS_PRC,focus_forms/ERP_Update_New_Version6.fmx.md,specification_only,FMB/PLL/PKB
ERP_Update_New_Version6.fmx,procedure,INSRT_FORM_DTL_PKG,focus_forms/ERP_Update_New_Version6.fmx.md,specification_only,FMB/PLL/PKB
ERP_Update_New_Version6.fmx,procedure,INSRT_MSGS_PRC,focus_forms/ERP_Update_New_Version6.fmx.md,specification_only,FMB/PLL/PKB
ERP_Update_New_Version6.fmx,procedure,INSRT_MSG_ALRT_PRC,focus_forms/ERP_Update_New_Version6.fmx.md,specification_only,FMB/PLL/PKB
ERP_Update_New_Version6.fmx,procedure,LIST_PROC,focus_forms/ERP_Update_New_Version6.fmx.md,specification_only,FMB/PLL/PKB
ERP_Update_New_Version6.fmx,procedure,LOV_TRG,focus_forms/ERP_Update_New_Version6.fmx.md,specification_only,FMB/PLL/PKB
ERP_Update_New_Version6.fmx,procedure,LYSERP_LIB,focus_forms/ERP_Update_New_Version6.fmx.md,specification_only,FMB/PLL/PKB
ERP_Update_New_Version6.fmx,procedure,POST_FORMS_COMMIT_PRC,focus_forms/ERP_Update_New_Version6.fmx.md,specification_only,FMB/PLL/PKB
ERP_Update_New_Version6.fmx,procedure,PRE_FORM_PRC,focus_forms/ERP_Update_New_Version6.fmx.md,specification_only,FMB/PLL/PKB
ERP_Update_New_Version6.fmx,procedure,PRE_HALF_ADD_PRC,focus_forms/ERP_Update_New_Version6.fmx.md,specification_only,FMB/PLL/PKB
ERP_Update_New_Version6.fmx,procedure,PRINT_PROC,focus_forms/ERP_Update_New_Version6.fmx.md,specification_only,FMB/PLL/PKB
ERP_Update_New_Version6.fmx,procedure,SAVE_PROC,focus_forms/ERP_Update_New_Version6.fmx.md,specification_only,FMB/PLL/PKB
ERP_Update_New_Version6.fmx,procedure,SHOW_BAT_COL1_IN_SCREEN,focus_forms/ERP_Update_New_Version6.fmx.md,specification_only,FMB/PLL/PKB
ERP_Update_New_Version6.fmx,procedure,SHOW_BAT_COL2_IN_SCREEN,focus_forms/ERP_Update_New_Version6.fmx.md,specification_only,FMB/PLL/PKB
ERP_Update_New_Version6.fmx,procedure,SHOW_BAT_COL3_IN_SCREEN,focus_forms/ERP_Update_New_Version6.fmx.md,specification_only,FMB/PLL/PKB
ERP_Update_New_Version6.fmx,procedure,SHOW_BAT_COL4_IN_SCREEN,focus_forms/ERP_Update_New_Version6.fmx.md,specification_only,FMB/PLL/PKB
ERP_Update_New_Version6.fmx,procedure,SHOW_BAT_COL5_IN_SCREEN,focus_forms/ERP_Update_New_Version6.fmx.md,specification_only,FMB/PLL/PKB
ERP_Update_New_Version6.fmx,procedure,SYS_SCREEN,focus_forms/ERP_Update_New_Version6.fmx.md,specification_only,FMB/PLL/PKB
ERP_Update_New_Version6.fmx,procedure,S_DBS_SYS_PKG,focus_forms/ERP_Update_New_Version6.fmx.md,specification_only,FMB/PLL/PKB
ERP_Update_New_Version6.fmx,procedure,UPDATE_PROC,focus_forms/ERP_Update_New_Version6.fmx.md,specification_only,FMB/PLL/PKB
ERP_Update_New_Version6.fmx,procedure,WHEN_NEW_FORM_INSTANCE_PRC,focus_forms/ERP_Update_New_Version6.fmx.md,specification_only,FMB/PLL/PKB
ERP_Update_New_Version6.fmx,procedure,WHEN_TAB_PAGE_CHANGED_PRC,focus_forms/ERP_Update_New_Version6.fmx.md,specification_only,FMB/PLL/PKB
ERP_Update_New_Version6.fmx,procedure,WHEN_TIMER_EXPIRED_PRC,focus_forms/ERP_Update_New_Version6.fmx.md,specification_only,FMB/PLL/PKB
ERP_Update_New_Version6.fmx,procedure,YSERP_LIB,focus_forms/ERP_Update_New_Version6.fmx.md,specification_only,FMB/PLL/PKB
ERP_Update_New_Version6.fmx,procedure,YSERP_MNU,focus_forms/ERP_Update_New_Version6.fmx.md,specification_only,FMB/PLL/PKB
ERP_Update_New_Version6.fmx,procedure,YS_AC_DTL_PKG,focus_forms/ERP_Update_New_Version6.fmx.md,specification_only,FMB/PLL/PKB
ERP_Update_New_Version6.fmx,procedure,YS_APPRVD_PKG,focus_forms/ERP_Update_New_Version6.fmx.md,specification_only,FMB/PLL/PKB
ERP_Update_New_Version6.fmx,procedure,YS_DBS_SYS_PKG,focus_forms/ERP_Update_New_Version6.fmx.md,specification_only,FMB/PLL/PKB
ERP_Update_New_Version6.fmx,procedure,YS_EMP_PKG,focus_forms/ERP_Update_New_Version6.fmx.md,specification_only,FMB/PLL/PKB
ERP_Update_New_Version6.fmx,procedure,YS_GEN_PKG,focus_forms/ERP_Update_New_Version6.fmx.md,specification_only,FMB/PLL/PKB
ERP_Update_New_Version6.fmx,procedure,YS_PRMTR_PKG,focus_forms/ERP_Update_New_Version6.fmx.md,specification_only,FMB/PLL/PKB
ERP_Update_New_Version6.fmx,procedure,YS_SCR_PKG,focus_forms/ERP_Update_New_Version6.fmx.md,specification_only,FMB/PLL/PKB
ERP_Update_New_Version6.fmx,procedure,YS_SRL_SCR_PKG,focus_forms/ERP_Update_New_Version6.fmx.md,specification_only,FMB/PLL/PKB
ERP_Update_New_Version6.fmx,component,IASGLT019.FMX,focus_forms/ERP_Update_New_Version6.fmx.md,specification_only,FMB/PLL/PKB
ERP_Update_New_Version6.fmx,component,YSERP_MNU.MMX,focus_forms/ERP_Update_New_Version6.fmx.md,specification_only,FMB/PLL/PKB
ERP_Update_New_Version6.fmx,sql,"SELECT USERNAME USR FROM ALL_USERS WHERE USERNAME LIKE ''IAS%'' AND USERNAME = DECODE(:b1, NULL ,USERNAME,:b1)""",focus_forms/ERP_Update_New_Version6.fmx.md,observed_sql_indicator,PKB/SQL and schema
ERP_Update_New_Version6.fmx,sql,"SELECT 1 FROM DBA_SNAPSHOTS WHERE TABLE_NAME = ''ITEM_DETAILS'' AND OWNER = USER AND ROWNUM <= 1""",focus_forms/ERP_Update_New_Version6.fmx.md,observed_sql_indicator,PKB/SQL and schema
ERP_Update_New_Version6.fmx,sql,"SELECT COUNT(*) FROM USER_TAB_COLUMNS WHERE TABLE_NAME = :b1 AND COLUMN_NAME = :b2""SELECT COUNT(*) FROM TAB WHERE TNAME = :b1""",focus_forms/ERP_Update_New_Version6.fmx.md,observed_sql_indicator,PKB/SQL and schema
ERP_Update_New_Version6.fmx,sql,"SELECT TABLE_NAME,CONSTRAINT_NAME FROM USER_CONSTRAINTS WHERE (R_CONSTRAINT_NAME IN (SELECT CONSTRAINT_NAME FROM USER_CONSTRAINTS WHERE TABLE_NAME = UPPER(:b1) ) OR (TABLE_NAME = U",focus_forms/ERP_Update_New_Version6.fmx.md,observed_sql_indicator,PKB/SQL and schema
ERP_Update_New_Version6.fmx,sql,"SELECT NVL(AR_AC_LINK_TYPE,1),NVL(AP_AC_LINK_TYPE,1),NVL(USE_VAT,0),NVL(INVOICING_SERIALS,1),NVL(INVOICING_SERIALS_SR,1),NVL(NO_OF_DECIMAL_AR,2),NVL(SP_PROGRAM,0),NVL(CC_AVAIL,1),N",focus_forms/ERP_Update_New_Version6.fmx.md,observed_sql_indicator,PKB/SQL and schema
ERP_Update_New_Version6.fmx,sql,"SELECT NVL(HEAD_OFFICE,0) FROM IAS_PARA_LGHT""SELECT COUNT(1) FROM S_BRN""",focus_forms/ERP_Update_New_Version6.fmx.md,observed_sql_indicator,PKB/SQL and schema
ERP_Update_New_Version6.fmx,sql,"INSERT INTO S_FLAGS ( LANG_NO,FLG_SR,FLG_VALUE,FLG_CODE,FLG_DESC,FLG_ST,FLG_PRIV ) VALUES ( 1,1,1,''CSHFLW_GRP_TYPE'',''",focus_forms/ERP_Update_New_Version6.fmx.md,observed_sql_indicator,PKB/SQL and schema
ERP_Update_New_Version6.fmx,metadata,ERP_UPDATE_NEW_VERSION6,focus_forms/ERP_Update_New_Version6.fmx.md,specification_only,none
ERP_Update_New_Version6.fmx,metadata,YSERP_MNU.MMX,focus_forms/ERP_Update_New_Version6.fmx.md,specification_only,none
ERP_Update_New_Version6.fmx,metadata,AMERICAN_AMERICA.AR8MSWIN1256,focus_forms/ERP_Update_New_Version6.fmx.md,specification_only,none
ERP_Update_New_Version6.fmx,metadata,P2_19_NOV_201408_21_19,focus_forms/ERP_Update_New_Version6.fmx.md,specification_only,none
ERP_Update_New_Version6.fmx,metadata,SQLFORMS,focus_forms/ERP_Update_New_Version6.fmx.md,specification_only,none
ERP_Update_New_Version6.fmx,metadata,"""PKG INIT""<anonymous>""""",focus_forms/ERP_Update_New_Version6.fmx.md,specification_only,none
ERP_Update_New_Version6.fmx,metadata,P1_19_NOV_201408_21_19,focus_forms/ERP_Update_New_Version6.fmx.md,specification_only,none
ERP_Update_New_Version6.fmx,metadata,P1_14_SEP_201408_20_01,focus_forms/ERP_Update_New_Version6.fmx.md,specification_only,none
ERP_Update_New_Version6.fmx,metadata,P1_19_MAR_201407_39_10,focus_forms/ERP_Update_New_Version6.fmx.md,specification_only,none
ERP_Update_New_Version6.fmx,metadata,/LYSERP_LIB,focus_forms/ERP_Update_New_Version6.fmx.md,specification_only,none
ERP_Update_New_Version6.fmx,metadata,GEN_PKG,focus_forms/ERP_Update_New_Version6.fmx.md,specification_only,none
ERP_Update_New_Version6.fmx,metadata,P5_24_FEB_201409_04_39,focus_forms/ERP_Update_New_Version6.fmx.md,specification_only,none
ERP_Update_New_Version6.fmx,metadata,/NSPC1/WHEN_TAB_PAGE_CHANGED_PRC,focus_forms/ERP_Update_New_Version6.fmx.md,specification_only,none
ERP_Update_New_Version6.fmx,metadata,P10_20_JAN_201411_42_59,focus_forms/ERP_Update_New_Version6.fmx.md,specification_only,none
ERP_Update_New_Version6.fmx,metadata,P30_16_JAN_201412_58_41,focus_forms/ERP_Update_New_Version6.fmx.md,specification_only,none
ERP_Update_New_Version6.fmx,metadata,/NSPC1/PRE_FORM_PRC,focus_forms/ERP_Update_New_Version6.fmx.md,specification_only,none
ERP_Update_New_Version6.fmx,metadata,P29_16_JAN_201412_58_41,focus_forms/ERP_Update_New_Version6.fmx.md,specification_only,none
ERP_Update_New_Version6.fmx,metadata,!/NSPC1/WHEN_NEW_FORM_INSTANCE_PRC,focus_forms/ERP_Update_New_Version6.fmx.md,specification_only,none
ERP_Update_New_Version6.fmx,metadata,P28_16_JAN_201412_58_41,focus_forms/ERP_Update_New_Version6.fmx.md,specification_only,none
ERP_Update_New_Version6.fmx,metadata,/NSPC1/POST_FORMS_COMMIT_PRC,focus_forms/ERP_Update_New_Version6.fmx.md,specification_only,none
ERP_Update_New_Version6.fmx,metadata,P27_16_JAN_201412_58_41,focus_forms/ERP_Update_New_Version6.fmx.md,specification_only,none
ERP_Update_New_Version6.fmx,metadata,P26_16_JAN_201412_58_41,focus_forms/ERP_Update_New_Version6.fmx.md,specification_only,none
ERP_Update_New_Version6.fmx,metadata,P25_16_JAN_201412_58_41,focus_forms/ERP_Update_New_Version6.fmx.md,specification_only,none
ERP_Update_New_Version6.fmx,metadata,P24_16_JAN_201412_58_41,focus_forms/ERP_Update_New_Version6.fmx.md,specification_only,none
ERP_Update_New_Version6.fmx,metadata,P23_16_JAN_201412_58_41,focus_forms/ERP_Update_New_Version6.fmx.md,specification_only,none
ERP_Update_New_Version6.fmx,metadata,P22_16_JAN_201412_58_41,focus_forms/ERP_Update_New_Version6.fmx.md,specification_only,none
ERP_Update_New_Version6.fmx,metadata,P21_16_JAN_201412_58_41,focus_forms/ERP_Update_New_Version6.fmx.md,specification_only,none
ERP_Update_New_Version6.fmx,metadata,/NSPC1/EXIT_PROC,focus_forms/ERP_Update_New_Version6.fmx.md,specification_only,none
ERP_Update_New_Version6.fmx,metadata,P20_16_JAN_201412_58_41,focus_forms/ERP_Update_New_Version6.fmx.md,specification_only,none
ERP_Update_New_Version6.fmx,metadata,P19_16_JAN_201412_58_41,focus_forms/ERP_Update_New_Version6.fmx.md,specification_only,none
ERP_Update_New_Version6.fmx,metadata,STANDARD,focus_forms/ERP_Update_New_Version6.fmx.md,specification_only,none
ERP_Update_New_Version6.fmx,metadata,FORMS40,focus_forms/ERP_Update_New_Version6.fmx.md,specification_only,none
ERP_Update_New_Version6.fmx,metadata,VIEW_BTN,focus_forms/ERP_Update_New_Version6.fmx.md,specification_only,none
ERP_Update_New_Version6.fmx,metadata,SCREEN_BTN,focus_forms/ERP_Update_New_Version6.fmx.md,specification_only,none
ERP_Update_New_Version6.fmx,metadata,PRINT_DOC_BTN,focus_forms/ERP_Update_New_Version6.fmx.md,specification_only,none
ERP_Update_New_Version6.fmx,metadata,CANCEL_BTN,focus_forms/ERP_Update_New_Version6.fmx.md,specification_only,none
ERP_Update_New_Version6.fmx,metadata,PRINT_ST,focus_forms/ERP_Update_New_Version6.fmx.md,specification_only,none
ERP_Update_New_Version6.fmx,metadata,P18_16_JAN_201412_58_41,focus_forms/ERP_Update_New_Version6.fmx.md,specification_only,none
ERP_Update_New_Version6.fmx,metadata,Create -,focus_forms/ERP_Update_New_Version6.fmx.md,specification_only,none
ERP_Update_New_Version6.fmx,metadata,P17_16_JAN_201412_58_41,focus_forms/ERP_Update_New_Version6.fmx.md,specification_only,none
ERP_Update_New_Version6.fmx,metadata,FORMS4C,focus_forms/ERP_Update_New_Version6.fmx.md,specification_only,none
ERP_Update_New_Version6.fmx,metadata,/NSPC1/ADD_PROC,focus_forms/ERP_Update_New_Version6.fmx.md,specification_only,none
ERP_Update_New_Version6.fmx,metadata,BAR.ADD_Btn,focus_forms/ERP_Update_New_Version6.fmx.md,specification_only,none
ERP_Update_New_Version6.fmx,metadata,TRUE,focus_forms/ERP_Update_New_Version6.fmx.md,specification_only,none
ERP_Update_New_Version6.fmx,metadata,Delete -,focus_forms/ERP_Update_New_Version6.fmx.md,specification_only,none
ERP_Update_New_Version6.fmx,metadata,P16_16_JAN_201412_58_41,focus_forms/ERP_Update_New_Version6.fmx.md,specification_only,none
ERP_Update_New_Version6.fmx,metadata,/NSPC1/DELETE_PROC,focus_forms/ERP_Update_New_Version6.fmx.md,specification_only,none
ERP_Update_New_Version6.fmx,metadata,BAR.Del_Btn,focus_forms/ERP_Update_New_Version6.fmx.md,specification_only,none
ERP_Update_New_Version6.fmx,metadata,Accept -,focus_forms/ERP_Update_New_Version6.fmx.md,specification_only,none
ERP_Update_New_Version6.fmx,metadata,P15_16_JAN_201412_58_41,focus_forms/ERP_Update_New_Version6.fmx.md,specification_only,none
ERP_Update_New_Version6.fmx,metadata,/NSPC1/SAVE_PROC,focus_forms/ERP_Update_New_Version6.fmx.md,specification_only,none
ERP_Update_New_Version6.fmx,metadata,BAR.SAVE_Btn,focus_forms/ERP_Update_New_Version6.fmx.md,specification_only,none
ERP_Update_New_Version6.fmx,metadata,List -,focus_forms/ERP_Update_New_Version6.fmx.md,specification_only,none
ERP_Update_New_Version6.fmx,metadata,P14_16_JAN_201412_58_41,focus_forms/ERP_Update_New_Version6.fmx.md,specification_only,none
ERP_Update_New_Version6.fmx,metadata,/NSPC1/LIST_PROC,focus_forms/ERP_Update_New_Version6.fmx.md,specification_only,none
ERP_Update_New_Version6.fmx,metadata,BAR.LIST_BTN,focus_forms/ERP_Update_New_Version6.fmx.md,specification_only,none
ERP_Update_New_Version6.fmx,metadata,Search_,focus_forms/ERP_Update_New_Version6.fmx.md,specification_only,none
ERP_Update_New_Version6.fmx,metadata,P13_16_JAN_201412_58_41,focus_forms/ERP_Update_New_Version6.fmx.md,specification_only,none
ERP_Update_New_Version6.fmx,metadata,/NSPC1/KEY_ENTQRY,focus_forms/ERP_Update_New_Version6.fmx.md,specification_only,none
ERP_Update_New_Version6.fmx,metadata,BAR.SeeK_Btn,focus_forms/ERP_Update_New_Version6.fmx.md,specification_only,none
ERP_Update_New_Version6.fmx,metadata,Exceute -,focus_forms/ERP_Update_New_Version6.fmx.md,specification_only,none
ERP_Update_New_Version6.fmx,metadata,P12_16_JAN_201412_58_41,focus_forms/ERP_Update_New_Version6.fmx.md,specification_only,none
ERP_Update_New_Version6.fmx,metadata,/NSPC1/KEY_EXEQRY,focus_forms/ERP_Update_New_Version6.fmx.md,specification_only,none
ERP_Update_New_Version6.fmx,metadata,BAR.SEEK_BTN,focus_forms/ERP_Update_New_Version6.fmx.md,specification_only,none
ERP_Update_New_Version6.fmx,metadata,Print -,focus_forms/ERP_Update_New_Version6.fmx.md,specification_only,none
ERP_Update_New_Version6.fmx,metadata,P11_16_JAN_201412_58_41,focus_forms/ERP_Update_New_Version6.fmx.md,specification_only,none
ERP_Update_New_Version6.fmx,metadata,/NSPC1/CALL_SCR_PRINT,focus_forms/ERP_Update_New_Version6.fmx.md,specification_only,none
ERP_Update_New_Version6.fmx,metadata,BAR.Print_Btn,focus_forms/ERP_Update_New_Version6.fmx.md,specification_only,none
ERP_Update_New_Version6.fmx,metadata,P10_16_JAN_201412_58_41,focus_forms/ERP_Update_New_Version6.fmx.md,specification_only,none
ERP_Update_New_Version6.fmx,metadata,/NSPC1/WHEN_TIMER_EXPIRED_PRC,focus_forms/ERP_Update_New_Version6.fmx.md,specification_only,none
ERP_Update_New_Version6.fmx,metadata,P9_16_JAN_201412_58_41,focus_forms/ERP_Update_New_Version6.fmx.md,specification_only,none
ERP_Update_New_Version6.fmx,metadata,P8_16_JAN_201412_58_41,focus_forms/ERP_Update_New_Version6.fmx.md,specification_only,none
ERP_Update_New_Version6.fmx,metadata,P5_16_JAN_201412_58_41,focus_forms/ERP_Update_New_Version6.fmx.md,specification_only,none
ERP_Update_New_Version6.fmx,metadata,P1_21_APR_201411_41_47,focus_forms/ERP_Update_New_Version6.fmx.md,specification_only,none
ERP_Update_New_Version6.fmx,metadata,/NSPC1/ALTER_PASS,focus_forms/ERP_Update_New_Version6.fmx.md,specification_only,none
ERP_Update_New_Version6.fmx,metadata,@yemensoft,focus_forms/ERP_Update_New_Version6.fmx.md,specification_only,none
ERP_Update_New_Version6.fmx,metadata,IAS_SYS,focus_forms/ERP_Update_New_Version6.fmx.md,specification_only,none
ERP_Update_New_Version6.fmx,metadata,SYSTEM,focus_forms/ERP_Update_New_Version6.fmx.md,specification_only,none
ERP_Update_New_Version6.fmx,metadata,ALTER USER IAS_SYS ACCOUNT UNLOCK,focus_forms/ERP_Update_New_Version6.fmx.md,specification_only,none
ERP_Update_New_Version6.fmx,metadata,"Unable to connect,Contact Your Administrator",focus_forms/ERP_Update_New_Version6.fmx.md,specification_only,none
ERP_Update_New_Version6.fmx,metadata,ADD_PROC,focus_forms/ERP_Update_New_Version6.fmx.md,specification_only,none
ERP_Update_New_Version6.fmx,metadata,"""PKG INIT""ADD_PROC""""",focus_forms/ERP_Update_New_Version6.fmx.md,specification_only,none
ERP_Update_New_Version6.fmx,metadata,ADD_PROC2,focus_forms/ERP_Update_New_Version6.fmx.md,specification_only,none
ERP_Update_New_Version6.fmx,metadata,FORMS4W,focus_forms/ERP_Update_New_Version6.fmx.md,specification_only,none
ERP_Update_New_Version6.fmx,metadata,"""PKG INIT""ADD_PROC2""V_PK_VAL""""",focus_forms/ERP_Update_New_Version6.fmx.md,specification_only,none
ERP_Update_New_Version6.fmx,metadata,ADD_F_DOC,focus_forms/ERP_Update_New_Version6.fmx.md,specification_only,none
ERP_Update_New_Version6.fmx,metadata,ALTER_PASS,focus_forms/ERP_Update_New_Version6.fmx.md,specification_only,none
ERP_Update_New_Version6.fmx,metadata,IAS20141,focus_forms/ERP_Update_New_Version6.fmx.md,specification_only,none
ERP_Update_New_Version6.fmx,metadata,ALL_USERS,focus_forms/ERP_Update_New_Version6.fmx.md,specification_only,none
ERP_Update_New_Version6.fmx,metadata,PUBLIC,focus_forms/ERP_Update_New_Version6.fmx.md,specification_only,none
ERP_Update_New_Version6.fmx,metadata,"""PKG INIT""ALTER_PASS""P_USR""US""<cursor ptr>""USR""I""""",focus_forms/ERP_Update_New_Version6.fmx.md,specification_only,none
ERP_Update_New_Version6.fmx,metadata,ALTER USER,focus_forms/ERP_Update_New_Version6.fmx.md,specification_only,none
ERP_Update_New_Version6.fmx,metadata,IDENTIFIED BY [REDACTED_SECRET],focus_forms/ERP_Update_New_Version6.fmx.md,specification_only,none
ERP_Update_New_Version6.fmx,metadata,"SELECT USERNAME USR FROM ALL_USERS WHERE USERNAME LIKE ''IAS%'' AND USERNAME = DECODE(:b1, NULL ,USERNAME,:b1)""",focus_forms/ERP_Update_New_Version6.fmx.md,specification_only,none
ERP_Update_New_Version6.fmx,metadata,CALL_SCR_PRINT,focus_forms/ERP_Update_New_Version6.fmx.md,specification_only,none
ERP_Update_New_Version6.fmx,metadata,"""PKG INIT""CALL_SCR_PRINT""V_AUDIT_REF""V_STAND_BY""""",focus_forms/ERP_Update_New_Version6.fmx.md,specification_only,none
ERP_Update_New_Version6.fmx,metadata,Prnt.rep_smple,focus_forms/ERP_Update_New_Version6.fmx.md,specification_only,none
ERP_Update_New_Version6.fmx,metadata,Prnt.screen_btn,focus_forms/ERP_Update_New_Version6.fmx.md,specification_only,none
ERP_Update_New_Version6.fmx,metadata,Prnt.view_btn,focus_forms/ERP_Update_New_Version6.fmx.md,specification_only,none
ERP_Update_New_Version6.fmx,metadata,Prnt.print_doc_btn,focus_forms/ERP_Update_New_Version6.fmx.md,specification_only,none
ERP_Update_New_Version6.fmx,metadata,CHECK_DB_BRANCH,focus_forms/ERP_Update_New_Version6.fmx.md,specification_only,none
ERP_Update_New_Version6.fmx,metadata,DBA_SNAPSHOTS,focus_forms/ERP_Update_New_Version6.fmx.md,specification_only,none
ERP_Update_New_Version6.fmx,metadata,"""PKG INIT""CHECK_DB_BRANCH""CNT""<cursor ptr>""<SQL statement. Line 6>""""",focus_forms/ERP_Update_New_Version6.fmx.md,specification_only,none
ERP_Update_New_Version6.fmx,metadata,"SELECT 1 FROM DBA_SNAPSHOTS WHERE TABLE_NAME = ''ITEM_DETAILS'' AND OWNER = USER AND ROWNUM <= 1""",focus_forms/ERP_Update_New_Version6.fmx.md,specification_only,none
ERP_Update_New_Version6.fmx,metadata,VA_ITM_MOVE,focus_forms/ERP_Update_New_Version6.fmx.md,specification_only,none
ERP_Update_New_Version6.fmx,metadata,VA_SUM,focus_forms/ERP_Update_New_Version6.fmx.md,specification_only,none
ERP_Update_New_Version6.fmx,metadata,MS Sans Serif,focus_forms/ERP_Update_New_Version6.fmx.md,specification_only,none
ERP_Update_New_Version6.fmx,metadata,VA_EXP_DATE,focus_forms/ERP_Update_New_Version6.fmx.md,specification_only,none
ERP_Update_New_Version6.fmx,metadata,VA_BTCH_NO,focus_forms/ERP_Update_New_Version6.fmx.md,specification_only,none
ERP_Update_New_Version6.fmx,metadata,VA_WEIGH,focus_forms/ERP_Update_New_Version6.fmx.md,specification_only,none
ERP_Update_New_Version6.fmx,metadata,VA_FREE_QTY,focus_forms/ERP_Update_New_Version6.fmx.md,specification_only,none
ERP_Update_New_Version6.fmx,metadata,VA_DISC,focus_forms/ERP_Update_New_Version6.fmx.md,specification_only,none
ERP_Update_New_Version6.fmx,metadata,VA_VAT,focus_forms/ERP_Update_New_Version6.fmx.md,specification_only,none
ERP_Update_New_Version6.fmx,metadata,VA_MOV,focus_forms/ERP_Update_New_Version6.fmx.md,specification_only,none
ERP_Update_New_Version6.fmx,metadata,Wingdings 2,focus_forms/ERP_Update_New_Version6.fmx.md,specification_only,none
ERP_Update_New_Version6.fmx,metadata,VA_BTN,focus_forms/ERP_Update_New_Version6.fmx.md,specification_only,none
ERP_Update_New_Version6.fmx,metadata,VA_FLD,focus_forms/ERP_Update_New_Version6.fmx.md,specification_only,none
ERP_Update_New_Version6.fmx,metadata,CALL_BTN_SCR,focus_forms/ERP_Update_New_Version6.fmx.md,specification_only,none
ERP_Update_New_Version6.fmx,metadata,CALL_BAR_BTN_SCR,focus_forms/ERP_Update_New_Version6.fmx.md,specification_only,none
ERP_Update_New_Version6.fmx,metadata,IAS_GEN_PKG,focus_forms/ERP_Update_New_Version6.fmx.md,specification_only,none
ERP_Update_New_Version6.fmx,metadata,YS_GEN_PKG,focus_forms/ERP_Update_New_Version6.fmx.md,specification_only,none
ERP_Update_New_Version6.fmx,metadata,"""PKG INIT""CALL_BTN_SCR""P_SCR_TYP""V_APPROVED_PRV""V_VRFY_PRV""V_INACTIVE_PRV""""",focus_forms/ERP_Update_New_Version6.fmx.md,specification_only,none
ERP_Update_New_Version6.fmx,metadata,CALL_OBJ.DUMMY,focus_forms/ERP_Update_New_Version6.fmx.md,specification_only,none
ERP_Update_New_Version6.fmx,metadata,Bar.Save_Btn,focus_forms/ERP_Update_New_Version6.fmx.md,specification_only,none
ERP_Update_New_Version6.fmx,metadata,FALSE,focus_forms/ERP_Update_New_Version6.fmx.md,specification_only,none
ERP_Update_New_Version6.fmx,metadata,IAS_GEN_PKGIAS20141GET_FRM_PRVIA,focus_forms/ERP_Update_New_Version6.fmx.md,specification_only,none
ERP_Update_New_Version6.fmx,metadata,APPROVED,focus_forms/ERP_Update_New_Version6.fmx.md,specification_only,none
ERP_Update_New_Version6.fmx,metadata,IAS_GEN_PKGIAS20141GET_USR_APPRV,focus_forms/ERP_Update_New_Version6.fmx.md,specification_only,none
ERP_Update_New_Version6.fmx,metadata,Parameter.Grant_Audit_Doc,focus_forms/ERP_Update_New_Version6.fmx.md,specification_only,none
ERP_Update_New_Version6.fmx,metadata,Parameter.Blk,focus_forms/ERP_Update_New_Version6.fmx.md,specification_only,none
ERP_Update_New_Version6.fmx,metadata,INACTIVE,focus_forms/ERP_Update_New_Version6.fmx.md,specification_only,none
ERP_Update_New_Version6.fmx,metadata,YS_GEN_PKGIAS20141GET_USR_FLD_PRVYS_,focus_forms/ERP_Update_New_Version6.fmx.md,specification_only,none
ERP_Update_New_Version6.fmx,metadata,CHECK_TAB_FIELDS,focus_forms/ERP_Update_New_Version6.fmx.md,specification_only,none
ERP_Update_New_Version6.fmx,metadata,USER_TAB_COLUMNS,focus_forms/ERP_Update_New_Version6.fmx.md,specification_only,none
ERP_Update_New_Version6.fmx,metadata,"""PKG INIT""CHECK_TAB_FIELDS""TABNAME""FILEDNAME""CNT""<cursor ptr>""<SQL statement. Line 8>""<SQL statement. Line 16>""""",focus_forms/ERP_Update_New_Version6.fmx.md,specification_only,none
ERP_Update_New_Version6.fmx,metadata,"SELECT COUNT(*) FROM USER_TAB_COLUMNS WHERE TABLE_NAME = :b1 AND COLUMN_NAME = :b2""SELECT COUNT(*) FROM TAB WHERE TNAME = :b1""",focus_forms/ERP_Update_New_Version6.fmx.md,specification_only,none
ERP_Update_New_Version6.fmx,metadata,DELETE_PROC,focus_forms/ERP_Update_New_Version6.fmx.md,specification_only,none
ERP_Update_New_Version6.fmx,metadata,"""PKG INIT""DELETE_PROC""V_SHALT""V_CNT""""",focus_forms/ERP_Update_New_Version6.fmx.md,specification_only,none
ERP_Update_New_Version6.fmx,metadata,DIS_ENA_CONS_FK_PRC,focus_forms/ERP_Update_New_Version6.fmx.md,specification_only,none
ERP_Update_New_Version6.fmx,metadata,USER_CONSTRAINTS,focus_forms/ERP_Update_New_Version6.fmx.md,specification_only,none
ERP_Update_New_Version6.fmx,metadata,"""PKG INIT""DIS_ENA_CONS_FK_PRC""P_TAB_NM""P_TR_TYPE""CON_CV""<cursor ptr>""TABLE_NAME""CONSTRAINT_NAME""I""""",focus_forms/ERP_Update_New_Version6.fmx.md,specification_only,none
ERP_Update_New_Version6.fmx,metadata,d }g,focus_forms/ERP_Update_New_Version6.fmx.md,specification_only,none
ERP_Update_New_Version6.fmx,metadata,ALTER TABLE,focus_forms/ERP_Update_New_Version6.fmx.md,specification_only,none
ERP_Update_New_Version6.fmx,metadata,DROP CONSTRAINTS,focus_forms/ERP_Update_New_Version6.fmx.md,specification_only,none
ERP_Update_New_Version6.fmx,metadata,MODIFY CONSTRAINTS,focus_forms/ERP_Update_New_Version6.fmx.md,specification_only,none
ERP_Update_New_Version6.fmx,metadata,DISABLE,focus_forms/ERP_Update_New_Version6.fmx.md,specification_only,none
ERP_Update_New_Version6.fmx,metadata,ENABLE,focus_forms/ERP_Update_New_Version6.fmx.md,specification_only,none
ERP_Update_New_Version6.fmx,metadata,"ERR. WHEN Dis_Ena_Cons ,",focus_forms/ERP_Update_New_Version6.fmx.md,specification_only,none
ERP_Update_New_Version6.fmx,metadata,"SELECT TABLE_NAME,CONSTRAINT_NAME FROM USER_CONSTRAINTS WHERE (R_CONSTRAINT_NAME IN (SELECT CONSTRAINT_NAME FROM USER_CONSTRAINTS WHERE TABLE_NAME = UPPER(:b1) ) OR (TABLE_NAME = UPPER(:b1) AND CONSTRAINT_TYPE = ''P'' ))ORDER BY CONSTRAINT_TYPE DESC""SELECT TABLE_NAME,CONSTRAINT_NAME FROM USER_CONSTRAINTS WHERE (R_CONSTRAINT_NAME IN (SELECT CONSTRAINT_NAME FROM USER_CONSTRAINTS WHERE TABLE_NAME = UPPER(:b1) ) OR (TABLE_NAME = UPPER(:b1) AND CONSTRAINT_TYPE = ''P'' ))ORDER BY CONSTRAINT_TYPE DESC""SELECT TABLE_NAME,CONSTRAINT_NAME FROM USER_CONSTRAINTS WHERE (R_CONSTRAINT_NAME IN (SELECT CONSTRAINT_NAME FROM USER_CONSTRAINTS WHERE TABLE_NAME = UPPER(:b1) ) OR (TABLE_NAME = UPPER(:b1) AND CONSTRAINT_TYPE = ''P'' ))ORDER BY CONSTRAINT_TYPE""",focus_forms/ERP_Update_New_Version6.fmx.md,specification_only,none
ERP_Update_New_Version6.fmx,metadata,ENA_DIS_ITM_PRC,focus_forms/ERP_Update_New_Version6.fmx.md,specification_only,none
ERP_Update_New_Version6.fmx,metadata,"""PKG INIT""ENA_DIS_ITM_PRC""P_TYP""""",focus_forms/ERP_Update_New_Version6.fmx.md,specification_only,none
ERP_Update_New_Version6.fmx,metadata,EXIT_PROC,focus_forms/ERP_Update_New_Version6.fmx.md,specification_only,none
ERP_Update_New_Version6.fmx,metadata,"""PKG INIT""EXIT_PROC""""",focus_forms/ERP_Update_New_Version6.fmx.md,specification_only,none
ERP_Update_New_Version6.fmx,metadata,Bar.Exit_Btn,focus_forms/ERP_Update_New_Version6.fmx.md,specification_only,none
ERP_Update_New_Version6.fmx,metadata,UNDO,focus_forms/ERP_Update_New_Version6.fmx.md,specification_only,none
ERP_Update_New_Version6.fmx,metadata,CANCEL,focus_forms/ERP_Update_New_Version6.fmx.md,specification_only,none
ERP_Update_New_Version6.fmx,metadata,ENTER-QUERY,focus_forms/ERP_Update_New_Version6.fmx.md,specification_only,none
ERP_Update_New_Version6.fmx,metadata,al_undo,focus_forms/ERP_Update_New_Version6.fmx.md,specification_only,none
ERP_Update_New_Version6.fmx,metadata,.Dummy,focus_forms/ERP_Update_New_Version6.fmx.md,specification_only,none
ERP_Update_New_Version6.fmx,metadata,RollBack,focus_forms/ERP_Update_New_Version6.fmx.md,specification_only,none
ERP_Update_New_Version6.fmx,metadata,FILL_ALL_LIST_PRC,focus_forms/ERP_Update_New_Version6.fmx.md,specification_only,none
ERP_Update_New_Version6.fmx,metadata,"""PKG INIT""FILL_ALL_LIST_PRC""P_ITM""V_STM""""",focus_forms/ERP_Update_New_Version6.fmx.md,specification_only,none
ERP_Update_New_Version6.fmx,metadata,.Brn_No,focus_forms/ERP_Update_New_Version6.fmx.md,specification_only,none
ERP_Update_New_Version6.fmx,metadata,KEY_ENTQRY,focus_forms/ERP_Update_New_Version6.fmx.md,specification_only,none
ERP_Update_New_Version6.fmx,metadata,"""PKG INIT""KEY_ENTQRY""""",focus_forms/ERP_Update_New_Version6.fmx.md,specification_only,none
ERP_Update_New_Version6.fmx,metadata,KEY_EXEQRY,focus_forms/ERP_Update_New_Version6.fmx.md,specification_only,none
ERP_Update_New_Version6.fmx,metadata,"""PKG INIT""KEY_EXEQRY""""",focus_forms/ERP_Update_New_Version6.fmx.md,specification_only,none
ERP_Update_New_Version6.fmx,metadata,ROLLBACK,focus_forms/ERP_Update_New_Version6.fmx.md,specification_only,none
ERP_Update_New_Version6.fmx,metadata,.dummy,focus_forms/ERP_Update_New_Version6.fmx.md,specification_only,none
ERP_Update_New_Version6.fmx,metadata,LIST_PROC,focus_forms/ERP_Update_New_Version6.fmx.md,specification_only,none
ERP_Update_New_Version6.fmx,metadata,"""PKG INIT""LIST_PROC""V_SHW_LV""""",focus_forms/ERP_Update_New_Version6.fmx.md,specification_only,none
ERP_Update_New_Version6.fmx,metadata,LOAD_PARAMETERS,focus_forms/ERP_Update_New_Version6.fmx.md,specification_only,none
ERP_Update_New_Version6.fmx,metadata,IAS_PARA_GEN,focus_forms/ERP_Update_New_Version6.fmx.md,specification_only,none
ERP_Update_New_Version6.fmx,metadata,IAS_PARA_GL,focus_forms/ERP_Update_New_Version6.fmx.md,specification_only,none
ERP_Update_New_Version6.fmx,metadata,IAS_PARA_INV,focus_forms/ERP_Update_New_Version6.fmx.md,specification_only,none
ERP_Update_New_Version6.fmx,metadata,IAS_PARA_AP,focus_forms/ERP_Update_New_Version6.fmx.md,specification_only,none
ERP_Update_New_Version6.fmx,metadata,IAS_PARA_AR,focus_forms/ERP_Update_New_Version6.fmx.md,specification_only,none
ERP_Update_New_Version6.fmx,metadata,EX_RATE,focus_forms/ERP_Update_New_Version6.fmx.md,specification_only,none
ERP_Update_New_Version6.fmx,metadata,"""PKG INIT""LOAD_PARAMETERS""<cursor ptr>""<SQL statement. Line 4>""<SQL statement. Line 27>""""",focus_forms/ERP_Update_New_Version6.fmx.md,specification_only,none
ERP_Update_New_Version6.fmx,metadata,DATABASE.DETAILS,focus_forms/ERP_Update_New_Version6.fmx.md,specification_only,none
FAST089.fmx,procedure,ACTV_INTMDT_DB_PRC,focus_forms/FAST089.fmx.md,specification_only,FMB/PLL/PKB
FAST089.fmx,procedure,EXIT_PROC,focus_forms/FAST089.fmx.md,specification_only,FMB/PLL/PKB
FAST089.fmx,procedure,FILL_ALL_LIST_PRC,focus_forms/FAST089.fmx.md,specification_only,FMB/PLL/PKB
FAST089.fmx,procedure,GEN_PKG,focus_forms/FAST089.fmx.md,specification_only,FMB/PLL/PKB
FAST089.fmx,procedure,IAS_AUD_SYS_PKG,focus_forms/FAST089.fmx.md,specification_only,FMB/PLL/PKB
FAST089.fmx,procedure,IAS_DBS_SYS_PKG,focus_forms/FAST089.fmx.md,specification_only,FMB/PLL/PKB
FAST089.fmx,procedure,IAS_GEN_PKG,focus_forms/FAST089.fmx.md,specification_only,FMB/PLL/PKB
FAST089.fmx,procedure,IAS_GET_ENC_PASS_FNC,focus_forms/FAST089.fmx.md,specification_only,FMB/PLL/PKB
FAST089.fmx,procedure,IAS_GET_ENC_PASS_FNCIAS20142IAS_GET_ENC_PASS_FNC,focus_forms/FAST089.fmx.md,specification_only,FMB/PLL/PKB
FAST089.fmx,procedure,IAS_POSTING_GL_PKG,focus_forms/FAST089.fmx.md,specification_only,FMB/PLL/PKB
FAST089.fmx,procedure,IAS_POSTING_GRNT_PKG,focus_forms/FAST089.fmx.md,specification_only,FMB/PLL/PKB
FAST089.fmx,procedure,IAS_POSTING_JRS_PKG,focus_forms/FAST089.fmx.md,specification_only,FMB/PLL/PKB
FAST089.fmx,procedure,IAS_USR_PKG,focus_forms/FAST089.fmx.md,specification_only,FMB/PLL/PKB
FAST089.fmx,procedure,INSERT_SCREEN,focus_forms/FAST089.fmx.md,specification_only,FMB/PLL/PKB
FAST089.fmx,procedure,KEY_LISTVAL_PRC,focus_forms/FAST089.fmx.md,specification_only,FMB/PLL/PKB
FAST089.fmx,procedure,LIST_PROC,focus_forms/FAST089.fmx.md,specification_only,FMB/PLL/PKB
FAST089.fmx,procedure,LOV_TRG,focus_forms/FAST089.fmx.md,specification_only,FMB/PLL/PKB
FAST089.fmx,procedure,LYSERP_LIB,focus_forms/FAST089.fmx.md,specification_only,FMB/PLL/PKB
FAST089.fmx,procedure,POST_FORMS_COMMIT_PRC,focus_forms/FAST089.fmx.md,specification_only,FMB/PLL/PKB
FAST089.fmx,procedure,PRE_FORM_PRC,focus_forms/FAST089.fmx.md,specification_only,FMB/PLL/PKB
FAST089.fmx,procedure,PRINT_PROC,focus_forms/FAST089.fmx.md,specification_only,FMB/PLL/PKB
FAST089.fmx,procedure,SET_POS_PRC,focus_forms/FAST089.fmx.md,specification_only,FMB/PLL/PKB
FAST089.fmx,procedure,SYS_SCREEN,focus_forms/FAST089.fmx.md,specification_only,FMB/PLL/PKB
FAST089.fmx,procedure,UPDATE_PROC,focus_forms/FAST089.fmx.md,specification_only,FMB/PLL/PKB
FAST089.fmx,procedure,WHEN_NEW_FORM_INSTANCE_PRC,focus_forms/FAST089.fmx.md,specification_only,FMB/PLL/PKB
FAST089.fmx,procedure,WHEN_TAB_PAGE_CHANGED_PRC,focus_forms/FAST089.fmx.md,specification_only,FMB/PLL/PKB
FAST089.fmx,procedure,WHEN_TIMER_EXPIRED_PRC,focus_forms/FAST089.fmx.md,specification_only,FMB/PLL/PKB
FAST089.fmx,procedure,YSERP_LIB,focus_forms/FAST089.fmx.md,specification_only,FMB/PLL/PKB
FAST089.fmx,procedure,YSERP_MNU,focus_forms/FAST089.fmx.md,specification_only,FMB/PLL/PKB
FAST089.fmx,procedure,YS_GEN_PKG,focus_forms/FAST089.fmx.md,specification_only,FMB/PLL/PKB
FAST089.fmx,component,YSERP_MNU.MMX,focus_forms/FAST089.fmx.md,specification_only,FMB/PLL/PKB
FAST089.fmx,sql,"SELECT NVL(DATE_GEN_AR,1),NVL(USE_PROJECTS,0),NVL(USE_ACTVTY,0),NVL(CC_AVAIL,0),NVL(USE_OUT_BILLS,0) FROM IAS_PARA_AR,IAS_PARA_GEN""",focus_forms/FAST089.fmx.md,observed_sql_indicator,PKB/SQL and schema
FAST089.fmx,sql,SELECT 1 FROM,focus_forms/FAST089.fmx.md,observed_sql_indicator,PKB/SQL and schema
FAST089.fmx,sql,"SELECT TABLE_NAME,COLUMN_NAME FROM ALL_TAB_COLS WHERE OWNER = :b1 AND COLUMN_NAME = :b2 AND TABLE_NAME NOT IN ( :b3,:b4 )""",focus_forms/FAST089.fmx.md,observed_sql_indicator,PKB/SQL and schema
FAST089.fmx,sql,"SELECT 1 FROM ALL_USERS WHERE USERNAME = ''IAS_INTMDT_DB'' AND ROWNUM <= 1""",focus_forms/FAST089.fmx.md,observed_sql_indicator,PKB/SQL and schema
FAST089.fmx,sql,SELECT SUB_AC_LVL FROM IAS_PARA_GL,focus_forms/FAST089.fmx.md,observed_sql_indicator,PKB/SQL and schema
FAST089.fmx,sql,"UPDATE IAS_PARA_GL SET SUB_AC_LVL=(SELECT MAX(NVL(A_LEVEL,1)) FROM ACCOUNT)",focus_forms/FAST089.fmx.md,observed_sql_indicator,PKB/SQL and schema
FAST089.fmx,sql,"INSERT INTO FORM_DETAIL ( F_SYS,FORM_NO,F_PARENT_NO,F_FILE_NAME,F_BT_PRIV,F_INACTIVE,F_ORDER_NO ) VALUES ( ''GL'',316,8,''IASGLT016'',1,0,86 )""INSERT INTO IAS_FORM_NAME ( LANG_NO,F",focus_forms/FAST089.fmx.md,observed_sql_indicator,PKB/SQL and schema
FAST089.fmx,sql,"INSERT INTO S_LOV_SLCT ( LOV_NO,LOV_NM,LOV_LBL_NO,LOV_SQL,LOV_COL_CNT,LOV_COL_LBL,LOV_COL_WDTH,LOV_COL_HID,DFLT_ORDR,LOV_COL_LTR,LOV_COL_RTL,LOV_PRV,RPRT_DPND_WHR,RPRT_RET_COL,GRP_",focus_forms/FAST089.fmx.md,observed_sql_indicator,PKB/SQL and schema
FAST089.fmx,sql,"INSERT INTO S_ALRT_SYS_MST ( ALRT_NO,ALRT_TYP,LBL_NO,ORDR_NO,ALRT_DAY,MSG_NO,SYS_NO,ALRT_SLCT,ALRT_ACTN,ALRT_PRD_TYP,ALRT_SLCT_WHR,ALRT_SLCT_ORDR,INACTIVE,INACTIVE_DATE,INACTIVE_RE",focus_forms/FAST089.fmx.md,observed_sql_indicator,PKB/SQL and schema
FAST089.fmx,sql,"SELECT nvl(dt.add_fld11,0),nvl(dt.add_fld12,0),nvl(dt.add_fld13,0),nvl(dt.add_fld14,0),nvl(dt.add_fld15,0),nvl(dt.add_fld16,0),nvl(dt.add_fld17,0)",focus_forms/FAST089.fmx.md,observed_sql_indicator,PKB/SQL and schema
FAST089.fmx,sql,"SELECT dt.as_code, ms.grp_code, dt.add_fld11 dt11, ms.add_fld11 m11,",focus_forms/FAST089.fmx.md,observed_sql_indicator,PKB/SQL and schema
FAST089.fmx,sql,"SELECT dt.as_code, ms.grp_code, dt.add_fld11 prr11,",focus_forms/FAST089.fmx.md,observed_sql_indicator,PKB/SQL and schema
FAST089.fmx,sql,"INSERT INTO IAS_SYS.IAS_MSGS ( LANG_NO,MSG_NO,CAPTION_DET ) VALUES ( 2,3148,''there are assets need maintenance by standards'' )""INSERT INTO IAS_SYS.IAS_MSGS ( LANG_NO,MSG_NO,CAPTI",focus_forms/FAST089.fmx.md,observed_sql_indicator,PKB/SQL and schema
FAST089.fmx,sql,"INSERT INTO S_SCR_LBL ( LANG_NO,FORM_NO,OBJ_NM,FLD_NM,LBL_TXT,FLD_NO ) VALUES ( 1,3087,''FAS_MNT_RQ_MST'',''FIELD1'',''",focus_forms/FAST089.fmx.md,observed_sql_indicator,PKB/SQL and schema
FAST089.fmx,sql,SELECT count(1) FROM GUARN_ISSUE,focus_forms/FAST089.fmx.md,observed_sql_indicator,PKB/SQL and schema
FAST089.fmx,sql,UPDATE GUARN_ISSUE SET GR_SER_OLD=GR_SER,focus_forms/FAST089.fmx.md,observed_sql_indicator,PKB/SQL and schema
FAST089.fmx,sql,UPDATE GUARN_ACCOUNT SET GR_SER_OLD=GR_SER,focus_forms/FAST089.fmx.md,observed_sql_indicator,PKB/SQL and schema
FAST089.fmx,sql,UPDATE GUARN_INCR SET GR_SER_OLD=GR_SER,focus_forms/FAST089.fmx.md,observed_sql_indicator,PKB/SQL and schema
FAST089.fmx,sql,"SELECT BRN_NO FROM S_BRN ORDER BY BRN_NO""SELECT GR_SER,BRN_NO,DOC_NO FROM GUARN_ISSUE ORDER BY BRN_NO,GR_SER""UPDATE GUARN_ISSUE SET DOC_NO=:b1 WHERE BRN_NO = :b2 AND GR_SER = :b3""U",focus_forms/FAST089.fmx.md,observed_sql_indicator,PKB/SQL and schema
FAST089.fmx,sql,"DELETE FROM IAS_FORM_NAME WHERE FORM_NO IN ( 304,283,39 )""DELETE FROM IAS_FRM_FLD WHERE FORM_NO IN ( 304,283,39 )""DELETE FROM IAS_FRM_FLD_PRIV WHERE FORM_NO IN ( 304,283,39 )""DELET",focus_forms/FAST089.fmx.md,observed_sql_indicator,PKB/SQL and schema
FAST089.fmx,sql,"INSERT INTO S_FLAGS ( LANG_NO,FLG_SR,FLG_VALUE,FLG_CODE,FLG_DESC,FLG_ST,FLG_PRIV ) VALUES ( 1,1,1,''FILL_HRS_RECFORM_MTHD'',''",focus_forms/FAST089.fmx.md,observed_sql_indicator,PKB/SQL and schema
FAST089.fmx,sql,"INSERT INTO FORM_DETAIL ( F_SYS,FORM_NO,F_PARENT_NO,F_FILE_NAME,F_BT_PRIV,F_INACTIVE,F_ORDER_NO ) VALUES ( ''GL'',299,8,''IASGLT018'',1,0,68 )""INSERT INTO FORM_DETAIL ( F_SYS,FORM_",focus_forms/FAST089.fmx.md,observed_sql_indicator,PKB/SQL and schema
FAST089.fmx,sql,SELECT 1 FROM IAS_RQ_JRNL_MST,focus_forms/FAST089.fmx.md,observed_sql_indicator,PKB/SQL and schema
FAST089.fmx,sql,SELECT 1 FROM IAS_RQ_VCHR_MST,focus_forms/FAST089.fmx.md,observed_sql_indicator,PKB/SQL and schema
FAST089.fmx,sql,SELECT 1 FROM IAS_GL_REQ_MST,focus_forms/FAST089.fmx.md,observed_sql_indicator,PKB/SQL and schema
FAST089.fmx,sql,UPDATE IAS_PARA_GL SET PAY_RQ_SEQ=3,focus_forms/FAST089.fmx.md,observed_sql_indicator,PKB/SQL and schema
FAST089.fmx,sql,UPDATE IAS_PARA_GL SET REC_RQ_SEQ=3,focus_forms/FAST089.fmx.md,observed_sql_indicator,PKB/SQL and schema
FAST089.fmx,sql,UPDATE IAS_PARA_GL SET JRNL_RQ_SEQ=2,focus_forms/FAST089.fmx.md,observed_sql_indicator,PKB/SQL and schema
FAST089.fmx,sql,"INSERT INTO IAS_RQ_JRNL_MST ( doc_type,JV_TYPE, J_DOC_NO, J_SER,",focus_forms/FAST089.fmx.md,observed_sql_indicator,PKB/SQL and schema
FAST089.fmx,sql,"SELECT 85,I.JV_TYPE,I.DOC_NO,",focus_forms/FAST089.fmx.md,observed_sql_indicator,PKB/SQL and schema
FAST089.fmx,sql,"INSERT INTO IAS_RQ_JRNL_DTL (JV_TYPE, J_DOC_NO, J_SER,",focus_forms/FAST089.fmx.md,observed_sql_indicator,PKB/SQL and schema
FAST089.fmx,sql,"SELECT I.JV_TYPE, I.DOC_NO,",focus_forms/FAST089.fmx.md,observed_sql_indicator,PKB/SQL and schema
FAST089.fmx,sql,"INSERT INTO IAS_RQ_VCHR_MST (Doc_type,VOUCHER_TYPE,",focus_forms/FAST089.fmx.md,observed_sql_indicator,PKB/SQL and schema
FAST089.fmx,sql,"SELECT DECODE(I.DOC_TYPE,2,92,3,93),DECODE(I.DOC_TYPE,2,1,3,2),",focus_forms/FAST089.fmx.md,observed_sql_indicator,PKB/SQL and schema
FAST089.fmx,sql,"INSERT INTO IAS_RQ_VCHR_DTL ( VOUCHER_TYPE, VOUCHER_PAY_TYPE, VOUCHER_NO,V_SER,",focus_forms/FAST089.fmx.md,observed_sql_indicator,PKB/SQL and schema
FAST089.fmx,sql,"SELECT DECODE(I.DOC_TYPE,2,1,3,2),",focus_forms/FAST089.fmx.md,observed_sql_indicator,PKB/SQL and schema
FAST089.fmx,sql,UPDATE IAS_RQ_VCHR_DTL SET CASH_NO=(SELECT CASH_NO FROM IAS_RQ_VCHR_MST,focus_forms/FAST089.fmx.md,observed_sql_indicator,PKB/SQL and schema
FAST089.fmx,sql,UPDATE VOUCHER_DETAIL SET doc_type_ref=92 WHERE DOC_TYPE_REF=85 AND VOUCHER_TYPE=1,focus_forms/FAST089.fmx.md,observed_sql_indicator,PKB/SQL and schema
FAST089.fmx,sql,UPDATE VOUCHER_DETAIL SET doc_type_ref=93 WHERE DOC_TYPE_REF=85 AND VOUCHER_TYPE=2,focus_forms/FAST089.fmx.md,observed_sql_indicator,PKB/SQL and schema
FAST089.fmx,sql,"UPDATE DETAIL_JOURNAL_V SET (doc_ser_ref,DOC_JV_TYPE_REF)=(select j_ser,JV_TYPE from ias_rq_jrnl_MST",focus_forms/FAST089.fmx.md,observed_sql_indicator,PKB/SQL and schema
FAST089.fmx,sql,"UPDATE VOUCHER_DETAIL SET (doc_ser_ref,DOC_JV_TYPE_REF)=(select V_ser,VOUCHER_TYPE from ias_rq_VCHR_MST",focus_forms/FAST089.fmx.md,observed_sql_indicator,PKB/SQL and schema
FAST089.fmx,sql,"DELETE FROM S_FLAGS WHERE FLG_VALUE=3 AND FLG_CODE IN('JRNL_RQ_SEQ','PAY_RQ_SEQ','REC_RQ_SEQ')",focus_forms/FAST089.fmx.md,observed_sql_indicator,PKB/SQL and schema
FAST089.fmx,sql,"INSERT INTO FORM_DETAIL ( F_SYS,FORM_NO,F_PARENT_NO,F_FILE_NAME,F_BT_PRIV,F_INACTIVE,F_ORDER_NO ) VALUES ( ''STP'',312,61,''IASGLS002'',1,0,14 )""INSERT INTO IAS_FORM_NAME ( LANG_NO",focus_forms/FAST089.fmx.md,observed_sql_indicator,PKB/SQL and schema
FAST089.fmx,sql,"INSERT INTO S_FLAGS ( LANG_NO,FLG_SR,FLG_VALUE,FLG_CODE,FLG_DESC,FLG_ST,FLG_PRIV ) VALUES ( 2,1,1,''JRNL_CONN'',''Accounts'',1,0 )""INSERT INTO S_FLAGS ( LANG_NO,FLG_SR,FLG_VALUE,FL",focus_forms/FAST089.fmx.md,observed_sql_indicator,PKB/SQL and schema
FAST089.fmx,sql,"INSERT INTO S_SCR_LBL ( LANG_NO,FORM_NO,OBJ_NM,FLD_NM,LBL_TXT,FLD_NO ) VALUES ( 1,458,''IAS_EXCH_CUR_MST'',''FIELD1'',''",focus_forms/FAST089.fmx.md,observed_sql_indicator,PKB/SQL and schema
FAST089.fmx,sql,"SELECT PASSWORD FROM USER_R WHERE U_ID = :b1 AND ROWNUM <= 1""",focus_forms/FAST089.fmx.md,observed_sql_indicator,PKB/SQL and schema
FAST089.fmx,metadata,FASMNTDBA,focus_forms/FAST089.fmx.md,specification_only,none
FAST089.fmx,metadata,YSERP_MNU.MMX,focus_forms/FAST089.fmx.md,specification_only,none
FAST089.fmx,metadata,AMERICAN_AMERICA.AR8MSWIN1256,focus_forms/FAST089.fmx.md,specification_only,none
FAST089.fmx,metadata,P1_19_NOV_201409_49_12,focus_forms/FAST089.fmx.md,specification_only,none
FAST089.fmx,metadata,SQLFORMS,focus_forms/FAST089.fmx.md,specification_only,none
FAST089.fmx,metadata,"""PKG INIT""<anonymous>""""",focus_forms/FAST089.fmx.md,specification_only,none
FAST089.fmx,metadata,P0_19_NOV_201409_49_12,focus_forms/FAST089.fmx.md,specification_only,none
FAST089.fmx,metadata,P0_22_SEP_201413_23_37,focus_forms/FAST089.fmx.md,specification_only,none
FAST089.fmx,metadata,P2_22_MAR_201415_59_55,focus_forms/FAST089.fmx.md,specification_only,none
FAST089.fmx,metadata,/LYSERP_LIB,focus_forms/FAST089.fmx.md,specification_only,none
FAST089.fmx,metadata,GEN_PKG,focus_forms/FAST089.fmx.md,specification_only,none
FAST089.fmx,metadata,P5_11_MAR_201419_58_12,focus_forms/FAST089.fmx.md,specification_only,none
FAST089.fmx,metadata,/NSPC2/WHEN_TAB_PAGE_CHANGED_PRC,focus_forms/FAST089.fmx.md,specification_only,none
FAST089.fmx,metadata,P30_16_JAN_201412_58_41,focus_forms/FAST089.fmx.md,specification_only,none
FAST089.fmx,metadata,/NSPC2/PRE_FORM_PRC,focus_forms/FAST089.fmx.md,specification_only,none
FAST089.fmx,metadata,P29_16_JAN_201412_58_41,focus_forms/FAST089.fmx.md,specification_only,none
FAST089.fmx,metadata,!/NSPC2/WHEN_NEW_FORM_INSTANCE_PRC,focus_forms/FAST089.fmx.md,specification_only,none
FAST089.fmx,metadata,P28_16_JAN_201412_58_41,focus_forms/FAST089.fmx.md,specification_only,none
FAST089.fmx,metadata,/NSPC2/POST_FORMS_COMMIT_PRC,focus_forms/FAST089.fmx.md,specification_only,none
FAST089.fmx,metadata,P27_16_JAN_201412_58_41,focus_forms/FAST089.fmx.md,specification_only,none
FAST089.fmx,metadata,P26_16_JAN_201412_58_41,focus_forms/FAST089.fmx.md,specification_only,none
FAST089.fmx,metadata,P25_16_JAN_201412_58_41,focus_forms/FAST089.fmx.md,specification_only,none
FAST089.fmx,metadata,P24_16_JAN_201412_58_41,focus_forms/FAST089.fmx.md,specification_only,none
FAST089.fmx,metadata,P23_16_JAN_201412_58_41,focus_forms/FAST089.fmx.md,specification_only,none
FAST089.fmx,metadata,P22_16_JAN_201412_58_41,focus_forms/FAST089.fmx.md,specification_only,none
FAST089.fmx,metadata,P21_16_JAN_201412_58_41,focus_forms/FAST089.fmx.md,specification_only,none
FAST089.fmx,metadata,/NSPC2/EXIT_PROC,focus_forms/FAST089.fmx.md,specification_only,none
FAST089.fmx,metadata,P20_16_JAN_201412_58_41,focus_forms/FAST089.fmx.md,specification_only,none
FAST089.fmx,metadata,P19_16_JAN_201412_58_41,focus_forms/FAST089.fmx.md,specification_only,none
FAST089.fmx,metadata,STANDARD,focus_forms/FAST089.fmx.md,specification_only,none
FAST089.fmx,metadata,FORMS40,focus_forms/FAST089.fmx.md,specification_only,none
FAST089.fmx,metadata,VIEW_BTN,focus_forms/FAST089.fmx.md,specification_only,none
FAST089.fmx,metadata,SCREEN_BTN,focus_forms/FAST089.fmx.md,specification_only,none
FAST089.fmx,metadata,PRINT_DOC_BTN,focus_forms/FAST089.fmx.md,specification_only,none
FAST089.fmx,metadata,CANCEL_BTN,focus_forms/FAST089.fmx.md,specification_only,none
FAST089.fmx,metadata,PRINT_ST,focus_forms/FAST089.fmx.md,specification_only,none
FAST089.fmx,metadata,P18_16_JAN_201412_58_41,focus_forms/FAST089.fmx.md,specification_only,none
FAST089.fmx,metadata,Create -,focus_forms/FAST089.fmx.md,specification_only,none
FAST089.fmx,metadata,P17_16_JAN_201412_58_41,focus_forms/FAST089.fmx.md,specification_only,none
FAST089.fmx,metadata,FORMS4C,focus_forms/FAST089.fmx.md,specification_only,none
FAST089.fmx,metadata,BAR.ADD_Btn,focus_forms/FAST089.fmx.md,specification_only,none
FAST089.fmx,metadata,TRUE,focus_forms/FAST089.fmx.md,specification_only,none
FAST089.fmx,metadata,Delete -,focus_forms/FAST089.fmx.md,specification_only,none
FAST089.fmx,metadata,P16_16_JAN_201412_58_41,focus_forms/FAST089.fmx.md,specification_only,none
FAST089.fmx,metadata,BAR.Del_Btn,focus_forms/FAST089.fmx.md,specification_only,none
FAST089.fmx,metadata,Accept -,focus_forms/FAST089.fmx.md,specification_only,none
FAST089.fmx,metadata,P15_16_JAN_201412_58_41,focus_forms/FAST089.fmx.md,specification_only,none
FAST089.fmx,metadata,BAR.SAVE_Btn,focus_forms/FAST089.fmx.md,specification_only,none
FAST089.fmx,metadata,List -,focus_forms/FAST089.fmx.md,specification_only,none
FAST089.fmx,metadata,P14_16_JAN_201412_58_41,focus_forms/FAST089.fmx.md,specification_only,none
FAST089.fmx,metadata,/NSPC2/LIST_PROC,focus_forms/FAST089.fmx.md,specification_only,none
FAST089.fmx,metadata,BAR.LIST_BTN,focus_forms/FAST089.fmx.md,specification_only,none
FAST089.fmx,metadata,Search_,focus_forms/FAST089.fmx.md,specification_only,none
FAST089.fmx,metadata,P13_16_JAN_201412_58_41,focus_forms/FAST089.fmx.md,specification_only,none
FAST089.fmx,metadata,/NSPC2/KEY_ENTQRY,focus_forms/FAST089.fmx.md,specification_only,none
FAST089.fmx,metadata,BAR.SeeK_Btn,focus_forms/FAST089.fmx.md,specification_only,none
FAST089.fmx,metadata,Exceute -,focus_forms/FAST089.fmx.md,specification_only,none
FAST089.fmx,metadata,P12_16_JAN_201412_58_41,focus_forms/FAST089.fmx.md,specification_only,none
FAST089.fmx,metadata,/NSPC2/KEY_EXEQRY,focus_forms/FAST089.fmx.md,specification_only,none
FAST089.fmx,metadata,BAR.SEEK_BTN,focus_forms/FAST089.fmx.md,specification_only,none
FAST089.fmx,metadata,Print -,focus_forms/FAST089.fmx.md,specification_only,none
FAST089.fmx,metadata,P11_16_JAN_201412_58_41,focus_forms/FAST089.fmx.md,specification_only,none
FAST089.fmx,metadata,BAR.Print_Btn,focus_forms/FAST089.fmx.md,specification_only,none
FAST089.fmx,metadata,P10_16_JAN_201412_58_41,focus_forms/FAST089.fmx.md,specification_only,none
FAST089.fmx,metadata,/NSPC2/WHEN_TIMER_EXPIRED_PRC,focus_forms/FAST089.fmx.md,specification_only,none
FAST089.fmx,metadata,P9_16_JAN_201412_58_41,focus_forms/FAST089.fmx.md,specification_only,none
FAST089.fmx,metadata,P8_16_JAN_201412_58_41,focus_forms/FAST089.fmx.md,specification_only,none
FAST089.fmx,metadata,P5_16_JAN_201412_58_41,focus_forms/FAST089.fmx.md,specification_only,none
FAST089.fmx,metadata,KEY_LISTVAL_PRC,focus_forms/FAST089.fmx.md,specification_only,none
FAST089.fmx,metadata,"""PKG INIT""KEY_LISTVAL_PRC""P_ITM""V_LOV_NM""V_RTRN_ITM1""V_RTRN_ITM2""V_WHR""V_GO_ITM""""",focus_forms/FAST089.fmx.md,specification_only,none
FAST089.fmx,metadata,WHEN_TAB_PAGE_CHANGED_PRC,focus_forms/FAST089.fmx.md,specification_only,none
FAST089.fmx,metadata,"""PKG INIT""WHEN_TAB_PAGE_CHANGED_PRC""""",focus_forms/FAST089.fmx.md,specification_only,none
FAST089.fmx,metadata,EXIT_PROC,focus_forms/FAST089.fmx.md,specification_only,none
FAST089.fmx,metadata,FORMS4W,focus_forms/FAST089.fmx.md,specification_only,none
FAST089.fmx,metadata,"""PKG INIT""EXIT_PROC""""",focus_forms/FAST089.fmx.md,specification_only,none
FAST089.fmx,metadata,Bar.Exit_Btn,focus_forms/FAST089.fmx.md,specification_only,none
FAST089.fmx,metadata,UNDO,focus_forms/FAST089.fmx.md,specification_only,none
FAST089.fmx,metadata,CANCEL,focus_forms/FAST089.fmx.md,specification_only,none
FAST089.fmx,metadata,ENTER-QUERY,focus_forms/FAST089.fmx.md,specification_only,none
FAST089.fmx,metadata,al_undo,focus_forms/FAST089.fmx.md,specification_only,none
FAST089.fmx,metadata,.Dummy,focus_forms/FAST089.fmx.md,specification_only,none
FAST089.fmx,metadata,RollBack,focus_forms/FAST089.fmx.md,specification_only,none
FAST089.fmx,metadata,FILL_ALL_LIST_PRC,focus_forms/FAST089.fmx.md,specification_only,none
FAST089.fmx,metadata,"""PKG INIT""FILL_ALL_LIST_PRC""P_ITM""V_STM""""",focus_forms/FAST089.fmx.md,specification_only,none
FAST089.fmx,metadata,KEY_ENTQRY,focus_forms/FAST089.fmx.md,specification_only,none
FAST089.fmx,metadata,"""PKG INIT""KEY_ENTQRY""""",focus_forms/FAST089.fmx.md,specification_only,none
FAST089.fmx,metadata,KEY_EXEQRY,focus_forms/FAST089.fmx.md,specification_only,none
FAST089.fmx,metadata,"""PKG INIT""KEY_EXEQRY""""",focus_forms/FAST089.fmx.md,specification_only,none
FAST089.fmx,metadata,ROLLBACK,focus_forms/FAST089.fmx.md,specification_only,none
FAST089.fmx,metadata,.dummy,focus_forms/FAST089.fmx.md,specification_only,none
FAST089.fmx,metadata,LIST_PROC,focus_forms/FAST089.fmx.md,specification_only,none
FAST089.fmx,metadata,"""PKG INIT""LIST_PROC""V_SHW_LV""""",focus_forms/FAST089.fmx.md,specification_only,none
FAST089.fmx,metadata,LOAD_PARAMETERS,focus_forms/FAST089.fmx.md,specification_only,none
FAST089.fmx,metadata,IAS20142,focus_forms/FAST089.fmx.md,specification_only,none
FAST089.fmx,metadata,IAS_PARA_AR,focus_forms/FAST089.fmx.md,specification_only,none
FAST089.fmx,metadata,IAS_PARA_GEN,focus_forms/FAST089.fmx.md,specification_only,none
FAST089.fmx,metadata,"""PKG INIT""LOAD_PARAMETERS""<cursor ptr>""<SQL statement. Line 5>""""",focus_forms/FAST089.fmx.md,specification_only,none
FAST089.fmx,metadata,"SELECT NVL(DATE_GEN_AR,1),NVL(USE_PROJECTS,0),NVL(USE_ACTVTY,0),NVL(CC_AVAIL,0),NVL(USE_OUT_BILLS,0) FROM IAS_PARA_AR,IAS_PARA_GEN""",focus_forms/FAST089.fmx.md,specification_only,none
FAST089.fmx,metadata,VA_ITM_MOVE,focus_forms/FAST089.fmx.md,specification_only,none
FAST089.fmx,metadata,VA_SUM,focus_forms/FAST089.fmx.md,specification_only,none
FAST089.fmx,metadata,MS Sans Serif,focus_forms/FAST089.fmx.md,specification_only,none
FAST089.fmx,metadata,VA_EXP_DATE,focus_forms/FAST089.fmx.md,specification_only,none
FAST089.fmx,metadata,VA_BTCH_NO,focus_forms/FAST089.fmx.md,specification_only,none
FAST089.fmx,metadata,VA_WEIGH,focus_forms/FAST089.fmx.md,specification_only,none
FAST089.fmx,metadata,VA_FREE_QTY,focus_forms/FAST089.fmx.md,specification_only,none
FAST089.fmx,metadata,VA_DISC,focus_forms/FAST089.fmx.md,specification_only,none
FAST089.fmx,metadata,POST_FORMS_COMMIT_PRC,focus_forms/FAST089.fmx.md,specification_only,none
FAST089.fmx,metadata,"""PKG INIT""POST_FORMS_COMMIT_PRC""""",focus_forms/FAST089.fmx.md,specification_only,none
FAST089.fmx,metadata,PRE_FORM_PRC,focus_forms/FAST089.fmx.md,specification_only,none
FAST089.fmx,metadata,/NSPC2/LOAD_PARAMETERS,focus_forms/FAST089.fmx.md,specification_only,none
FAST089.fmx,metadata,/NSPC2/FILL_ALL_LIST_PRC,focus_forms/FAST089.fmx.md,specification_only,none
FAST089.fmx,metadata,"""PKG INIT""PRE_FORM_PRC""""",focus_forms/FAST089.fmx.md,specification_only,none
FAST089.fmx,metadata,V6.1.2016.03.05,focus_forms/FAST089.fmx.md,specification_only,none
FAST089.fmx,metadata,USR_BLK,focus_forms/FAST089.fmx.md,specification_only,none
FAST089.fmx,metadata,Prnt,focus_forms/FAST089.fmx.md,specification_only,none
FAST089.fmx,metadata,TERMINAL,focus_forms/FAST089.fmx.md,specification_only,none
FAST089.fmx,metadata,UPDATE_RQ,focus_forms/FAST089.fmx.md,specification_only,none
FAST089.fmx,metadata,PRINT_PROC,focus_forms/FAST089.fmx.md,specification_only,none
FAST089.fmx,metadata,TOOLS,focus_forms/FAST089.fmx.md,specification_only,none
FAST089.fmx,metadata,"""PKG INIT""PRINT_PROC""P_PR_TYPE""P_PRINTER_NAME""V_WHR""V_DEST_TYPE""V_P_LST""ID""V_REP_NAME""V_LANG_NO""V_PRNT""V_TITLE""""",focus_forms/FAST089.fmx.md,specification_only,none
FAST089.fmx,metadata,P_HDR,focus_forms/FAST089.fmx.md,specification_only,none
FAST089.fmx,metadata,P_Whr,focus_forms/FAST089.fmx.md,specification_only,none
FAST089.fmx,metadata,SET_POS_PRC,focus_forms/FAST089.fmx.md,specification_only,none
FAST089.fmx,metadata,"""PKG INIT""SET_POS_PRC""P_BLK_NM""""",focus_forms/FAST089.fmx.md,specification_only,none
FAST089.fmx,metadata,.First_Item,focus_forms/FAST089.fmx.md,specification_only,none
FAST089.fmx,metadata,",Item_Name,Item_Name,",focus_forms/FAST089.fmx.md,specification_only,none
FAST089.fmx,metadata,UPDATE_PROC,focus_forms/FAST089.fmx.md,specification_only,none
FAST089.fmx,metadata,YS_GEN_PKG,focus_forms/FAST089.fmx.md,specification_only,none
FAST089.fmx,metadata,"""PKG INIT""UPDATE_PROC""""",focus_forms/FAST089.fmx.md,specification_only,none
FAST089.fmx,metadata,YS_GEN_PKGIAS20142CHK_LOCK_RCRDY,focus_forms/FAST089.fmx.md,specification_only,none
FAST089.fmx,metadata,WHEN_NEW_FORM_INSTANCE_PRC,focus_forms/FAST089.fmx.md,specification_only,none
FAST089.fmx,metadata,"""PKG INIT""WHEN_NEW_FORM_INSTANCE_PRC""""",focus_forms/FAST089.fmx.md,specification_only,none
FAST089.fmx,metadata,WHEN_TIMER_EXPIRED_PRC,focus_forms/FAST089.fmx.md,specification_only,none
FAST089.fmx,metadata,"""PKG INIT""WHEN_TIMER_EXPIRED_PRC""""",focus_forms/FAST089.fmx.md,specification_only,none
FAST089.fmx,metadata,CHECK_EXISTENT,focus_forms/FAST089.fmx.md,specification_only,none
FAST089.fmx,metadata,ALL_TAB_COLS,focus_forms/FAST089.fmx.md,specification_only,none
FAST089.fmx,metadata,PUBLIC,focus_forms/FAST089.fmx.md,specification_only,none
FAST089.fmx,metadata,IAS_GEN_PKG,focus_forms/FAST089.fmx.md,specification_only,none
FAST089.fmx,metadata,"""PKG INIT""CHECK_EXISTENT""OWNER_NAME""MAIN_TABLE_NAME""TABLE_PRIV""COL_NAME""DD""CNT""C1""<cursor ptr>""TABLE_NAME""COLUMN_NAME""I""""",focus_forms/FAST089.fmx.md,specification_only,none
FAST089.fmx,metadata,d0}g,focus_forms/FAST089.fmx.md,specification_only,none
FAST089.fmx,metadata,SELECT 1 FROM,focus_forms/FAST089.fmx.md,specification_only,none
FAST089.fmx,metadata,WHERE,focus_forms/FAST089.fmx.md,specification_only,none
FAST089.fmx,metadata,AND ROWNUM<=1,focus_forms/FAST089.fmx.md,specification_only,none
FAST089.fmx,metadata,IAS_GEN_PKGIAS20142GET_CNTIA,focus_forms/FAST089.fmx.md,specification_only,none
FAST089.fmx,metadata,??E ???,focus_forms/FAST089.fmx.md,specification_only,none
FAST089.fmx,metadata,"SELECT TABLE_NAME,COLUMN_NAME FROM ALL_TAB_COLS WHERE OWNER = :b1 AND COLUMN_NAME = :b2 AND TABLE_NAME NOT IN ( :b3,:b4 )""",focus_forms/FAST089.fmx.md,specification_only,none
FAST089.fmx,metadata,ACTV_INTMDT_DB_PRC,focus_forms/FAST089.fmx.md,specification_only,none
FAST089.fmx,metadata,ALL_USERS,focus_forms/FAST089.fmx.md,specification_only,none
FAST089.fmx,metadata,"""PKG INIT""ACTV_INTMDT_DB_PRC""V_USER""<cursor ptr>""<SQL statement. Line 6>""""",focus_forms/FAST089.fmx.md,specification_only,none
FAST089.fmx,metadata,CREATE USER IAS_INTMDT_DB IDENTIFIED BY [REDACTED_SECRET],focus_forms/FAST089.fmx.md,specification_only,none
FAST089.fmx,metadata,"GRANT CONNECT , RESOURCE TO IAS_INTMDT_DB",focus_forms/FAST089.fmx.md,specification_only,none
FAST089.fmx,metadata,CREATE USER IAS_INTMDT_DB2 IDENTIFIED BY [REDACTED_SECRET],focus_forms/FAST089.fmx.md,specification_only,none
FAST089.fmx,metadata,GRANT CREATE SESSION TO IAS_INTMDT_DB2,focus_forms/FAST089.fmx.md,specification_only,none
FAST089.fmx,metadata,CREATE TABLE IAS_INTMDT_DB.JRS_INTMDT_FILE,focus_forms/FAST089.fmx.md,specification_only,none
FAST089.fmx,metadata,"DOC_NO NUMBER(30) NOT NULL , -- EXTERNAL SYS DOC NO",focus_forms/FAST089.fmx.md,specification_only,none
FAST089.fmx,metadata,"DOC_DATE DATE , --",focus_forms/FAST089.fmx.md,specification_only,none
FAST089.fmx,metadata,"DOC_TYPE NUMBER(5) , -- EXT SYS DOC TYPE",focus_forms/FAST089.fmx.md,specification_only,none
FAST089.fmx,metadata,"DOC_ANLYS_TYP NUMBER(5) , -- JV TYPE",focus_forms/FAST089.fmx.md,specification_only,none
FAST089.fmx,metadata,"A_CODE VARCHAR2(30) NOT NULL , --",focus_forms/FAST089.fmx.md,specification_only,none
FAST089.fmx,metadata,"AC_CODE_DTL VARCHAR2(30) , --",focus_forms/FAST089.fmx.md,specification_only,none
FAST089.fmx,metadata,"CUR_CODE VARCHAR2(7) NOT NULL , --",focus_forms/FAST089.fmx.md,specification_only,none
FAST089.fmx,metadata,"DOC_DESC VARCHAR2(250) , --",focus_forms/FAST089.fmx.md,specification_only,none
FAST089.fmx,metadata,"DR_AMT NUMBER DEFAULT 0, --",focus_forms/FAST089.fmx.md,specification_only,none
FAST089.fmx,metadata,"CR_AMT NUMBER DEFAULT 0, --",focus_forms/FAST089.fmx.md,specification_only,none
FAST089.fmx,metadata,"DR_AMT_F NUMBER DEFAULT 0,--",focus_forms/FAST089.fmx.md,specification_only,none
FAST089.fmx,metadata,"CR_AMT_F NUMBER DEFAULT 0, --",focus_forms/FAST089.fmx.md,specification_only,none
FAST089.fmx,metadata,"CUR_RATE NUMBER , --",focus_forms/FAST089.fmx.md,specification_only,none
FAST089.fmx,metadata,"CC_CODE VARCHAR2(30) ,--",focus_forms/FAST089.fmx.md,specification_only,none
FAST089.fmx,metadata,"PJ_NO VARCHAR2(15) , --",focus_forms/FAST089.fmx.md,specification_only,none
FAST089.fmx,metadata,"ACTV_NO VARCHAR2(15) ,--",focus_forms/FAST089.fmx.md,specification_only,none
FAST089.fmx,metadata,"REP_CODE VARCHAR2(15) , --",focus_forms/FAST089.fmx.md,specification_only,none
FAST089.fmx,metadata,"RCRD_NO NUMBER(10) NOT NULL ,--",focus_forms/FAST089.fmx.md,specification_only,none
FAST089.fmx,metadata,"REF_NO VARCHAR2(15) , --",focus_forms/FAST089.fmx.md,specification_only,none
FAST089.fmx,metadata,"NOT_INCLUDE NUMBER(1) DEFAULT 0 , --",focus_forms/FAST089.fmx.md,specification_only,none
FAST089.fmx,metadata,"CHEQUE_NO NUMBER(20) , --",focus_forms/FAST089.fmx.md,specification_only,none
FAST089.fmx,metadata,"-- CMP_NO NUMBER(2) ,",focus_forms/FAST089.fmx.md,specification_only,none
FAST089.fmx,metadata,"BRN_NO NUMBER(3) NOT NULL , --",focus_forms/FAST089.fmx.md,specification_only,none
FAST089.fmx,metadata,"BRN_YEAR NUMBER(4) NOT NULL , --",focus_forms/FAST089.fmx.md,specification_only,none
FAST089.fmx,metadata,"--BRN_USR NUMBER(3) , --",focus_forms/FAST089.fmx.md,specification_only,none
FAST089.fmx,metadata,IAS201420,focus_forms/FAST089.fmx.md,specification_only,none
GLST001.fmx,procedure,ADD_PROC,focus_forms/GLST001.fmx.md,specification_only,FMB/PLL/PKB
GLST001.fmx,procedure,AUDIT_PRC,focus_forms/GLST001.fmx.md,specification_only,FMB/PLL/PKB
GLST001.fmx,procedure,B4SAVE_PRC,focus_forms/GLST001.fmx.md,specification_only,FMB/PLL/PKB
GLST001.fmx,procedure,CALL_OBJCT_PKG,focus_forms/GLST001.fmx.md,specification_only,FMB/PLL/PKB
GLST001.fmx,procedure,CALL_OBJ_PRC,focus_forms/GLST001.fmx.md,specification_only,FMB/PLL/PKB
GLST001.fmx,procedure,CALL_SCREEN,focus_forms/GLST001.fmx.md,specification_only,FMB/PLL/PKB
GLST001.fmx,procedure,CHECK_CR_LIMIT_PRC,focus_forms/GLST001.fmx.md,specification_only,FMB/PLL/PKB
GLST001.fmx,procedure,CHECK_MISSING_PRC,focus_forms/GLST001.fmx.md,specification_only,FMB/PLL/PKB
GLST001.fmx,procedure,CHK_B4SAVE_DTL_PRC,focus_forms/GLST001.fmx.md,specification_only,FMB/PLL/PKB
GLST001.fmx,procedure,CHK_B4SAVE_MST_PRC,focus_forms/GLST001.fmx.md,specification_only,FMB/PLL/PKB
GLST001.fmx,procedure,CHK_BDGT_BLNC_PRC,focus_forms/GLST001.fmx.md,specification_only,FMB/PLL/PKB
GLST001.fmx,procedure,CHK_CR_LIMIT_AF_SAV_PRC,focus_forms/GLST001.fmx.md,specification_only,FMB/PLL/PKB
GLST001.fmx,procedure,DATE_LOV_WINDOW,focus_forms/GLST001.fmx.md,specification_only,FMB/PLL/PKB
GLST001.fmx,procedure,DELETE_PROC,focus_forms/GLST001.fmx.md,specification_only,FMB/PLL/PKB
GLST001.fmx,procedure,DEL_DET_REC_PRC,focus_forms/GLST001.fmx.md,specification_only,FMB/PLL/PKB
GLST001.fmx,procedure,DMY_EXEC_TRG,focus_forms/GLST001.fmx.md,specification_only,FMB/PLL/PKB
GLST001.fmx,procedure,DSPLY_MNDTRY_FLD_PRC,focus_forms/GLST001.fmx.md,specification_only,FMB/PLL/PKB
GLST001.fmx,procedure,ENA_DIS_ITM_PRC,focus_forms/GLST001.fmx.md,specification_only,FMB/PLL/PKB
GLST001.fmx,procedure,EXIT_PROC,focus_forms/GLST001.fmx.md,specification_only,FMB/PLL/PKB
GLST001.fmx,procedure,FILL_ALL_LIST_PRC,focus_forms/GLST001.fmx.md,specification_only,FMB/PLL/PKB
GLST001.fmx,procedure,FILL_OBJ_CALL_PRC,focus_forms/GLST001.fmx.md,specification_only,FMB/PLL/PKB
GLST001.fmx,procedure,GEN_PKG,focus_forms/GLST001.fmx.md,specification_only,FMB/PLL/PKB
GLST001.fmx,procedure,GET_BL_CST_FNC,focus_forms/GLST001.fmx.md,specification_only,FMB/PLL/PKB
GLST001.fmx,procedure,GET_BL_CST_FNCIAS20142GET_BL_CST_FNC,focus_forms/GLST001.fmx.md,specification_only,FMB/PLL/PKB
GLST001.fmx,procedure,GET_BL_CST_VND_FNC,focus_forms/GLST001.fmx.md,specification_only,FMB/PLL/PKB
GLST001.fmx,procedure,GET_BL_CST_VND_FNCIAS20142GET_BL_CST_VND_FNC,focus_forms/GLST001.fmx.md,specification_only,FMB/PLL/PKB
GLST001.fmx,procedure,IAS_ACODE_PKG,focus_forms/GLST001.fmx.md,specification_only,FMB/PLL/PKB
GLST001.fmx,procedure,IAS_ACTV_PKG,focus_forms/GLST001.fmx.md,specification_only,FMB/PLL/PKB
GLST001.fmx,procedure,IAS_AUDIT_PKG,focus_forms/GLST001.fmx.md,specification_only,FMB/PLL/PKB
GLST001.fmx,procedure,IAS_AUD_SYS_PKG,focus_forms/GLST001.fmx.md,specification_only,FMB/PLL/PKB
GLST001.fmx,procedure,IAS_BRN_PKG,focus_forms/GLST001.fmx.md,specification_only,FMB/PLL/PKB
GLST001.fmx,procedure,IAS_CC_CODE_PKG,focus_forms/GLST001.fmx.md,specification_only,FMB/PLL/PKB
GLST001.fmx,procedure,IAS_CHECK_LIGHT_TRANS_FNC,focus_forms/GLST001.fmx.md,specification_only,FMB/PLL/PKB
GLST001.fmx,procedure,IAS_CHECK_SYS_PKG,focus_forms/GLST001.fmx.md,specification_only,FMB/PLL/PKB
GLST001.fmx,procedure,IAS_CHK_BRN_UP_DEL_FNC,focus_forms/GLST001.fmx.md,specification_only,FMB/PLL/PKB
GLST001.fmx,procedure,IAS_CHK_BRN_UP_DEL_FNCIAS20142IAS_CHK_BRN_UP_DEL_FNC,focus_forms/GLST001.fmx.md,specification_only,FMB/PLL/PKB
GLST001.fmx,procedure,IAS_CHK_LGHT_BRN_FNC,focus_forms/GLST001.fmx.md,specification_only,FMB/PLL/PKB
GLST001.fmx,procedure,IAS_CHK_LGHT_BRN_FNCIAS20142IAS_CHK_LGHT_BRN_FNC,focus_forms/GLST001.fmx.md,specification_only,FMB/PLL/PKB
GLST001.fmx,procedure,IAS_CSHBNK_PKG,focus_forms/GLST001.fmx.md,specification_only,FMB/PLL/PKB
GLST001.fmx,procedure,IAS_CST_PKG,focus_forms/GLST001.fmx.md,specification_only,FMB/PLL/PKB
GLST001.fmx,procedure,IAS_GEN_PKG,focus_forms/GLST001.fmx.md,specification_only,FMB/PLL/PKB
GLST001.fmx,procedure,IAS_GET_DOC_DEL_FNC,focus_forms/GLST001.fmx.md,specification_only,FMB/PLL/PKB
GLST001.fmx,procedure,IAS_GET_ENC_PASS_FNC,focus_forms/GLST001.fmx.md,specification_only,FMB/PLL/PKB
GLST001.fmx,procedure,IAS_GET_ENC_PASS_FNCIAS20142IAS_GET_ENC_PASS_FNC,focus_forms/GLST001.fmx.md,specification_only,FMB/PLL/PKB
GLST001.fmx,procedure,IAS_GL_LMT_PKG,focus_forms/GLST001.fmx.md,specification_only,FMB/PLL/PKB
GLST001.fmx,procedure,IAS_INSTALLMENT_AP_PKG,focus_forms/GLST001.fmx.md,specification_only,FMB/PLL/PKB
GLST001.fmx,procedure,IAS_INSTALLMENT_AR_PKG,focus_forms/GLST001.fmx.md,specification_only,FMB/PLL/PKB
GLST001.fmx,procedure,IAS_PJ_PKG,focus_forms/GLST001.fmx.md,specification_only,FMB/PLL/PKB
GLST001.fmx,procedure,IAS_POST_IN_SAV_PKG,focus_forms/GLST001.fmx.md,specification_only,FMB/PLL/PKB
GLST001.fmx,procedure,IAS_PRMTR_PKG,focus_forms/GLST001.fmx.md,specification_only,FMB/PLL/PKB
GLST001.fmx,procedure,IAS_USR_PKG,focus_forms/GLST001.fmx.md,specification_only,FMB/PLL/PKB
GLST001.fmx,procedure,IAS_VNDR_PKG,focus_forms/GLST001.fmx.md,specification_only,FMB/PLL/PKB
GLST001.fmx,procedure,KEY_LISTVAL_PRC,focus_forms/GLST001.fmx.md,specification_only,FMB/PLL/PKB
GLST001.fmx,procedure,LIST_PROC,focus_forms/GLST001.fmx.md,specification_only,FMB/PLL/PKB
GLST001.fmx,procedure,LOV_PKG,focus_forms/GLST001.fmx.md,specification_only,FMB/PLL/PKB
GLST001.fmx,procedure,LOV_TRG,focus_forms/GLST001.fmx.md,specification_only,FMB/PLL/PKB
GLST001.fmx,procedure,LYSERP_LIB,focus_forms/GLST001.fmx.md,specification_only,FMB/PLL/PKB
GLST001.fmx,procedure,POSITION_PRC,focus_forms/GLST001.fmx.md,specification_only,FMB/PLL/PKB
GLST001.fmx,procedure,POST_FORMS_COMMIT_PRC,focus_forms/GLST001.fmx.md,specification_only,FMB/PLL/PKB
GLST001.fmx,procedure,PRE_FORM_PRC,focus_forms/GLST001.fmx.md,specification_only,FMB/PLL/PKB
GLST001.fmx,procedure,PRINT_PROC,focus_forms/GLST001.fmx.md,specification_only,FMB/PLL/PKB
GLST001.fmx,procedure,REM_GEN_PKG,focus_forms/GLST001.fmx.md,specification_only,FMB/PLL/PKB
GLST001.fmx,procedure,SAVE_PROC,focus_forms/GLST001.fmx.md,specification_only,FMB/PLL/PKB
GLST001.fmx,procedure,SET_POS_PRC,focus_forms/GLST001.fmx.md,specification_only,FMB/PLL/PKB
GLST001.fmx,procedure,SHW_VT_PRC,focus_forms/GLST001.fmx.md,specification_only,FMB/PLL/PKB
GLST001.fmx,procedure,SRCH_DTL_PKG,focus_forms/GLST001.fmx.md,specification_only,FMB/PLL/PKB
GLST001.fmx,procedure,SYS_SCREEN,focus_forms/GLST001.fmx.md,specification_only,FMB/PLL/PKB
GLST001.fmx,procedure,UPDATE_PROC,focus_forms/GLST001.fmx.md,specification_only,FMB/PLL/PKB
GLST001.fmx,procedure,WHEN_NEW_FORM_INSTANCE_PRC,focus_forms/GLST001.fmx.md,specification_only,FMB/PLL/PKB
GLST001.fmx,procedure,WHEN_TAB_PAGE_CHANGED_PRC,focus_forms/GLST001.fmx.md,specification_only,FMB/PLL/PKB
GLST001.fmx,procedure,WHEN_TIMER_EXPIRED_PRC,focus_forms/GLST001.fmx.md,specification_only,FMB/PLL/PKB
GLST001.fmx,procedure,WIN_API,focus_forms/GLST001.fmx.md,specification_only,FMB/PLL/PKB
GLST001.fmx,procedure,YSERP_LIB,focus_forms/GLST001.fmx.md,specification_only,FMB/PLL/PKB
GLST001.fmx,procedure,YSERP_MNU,focus_forms/GLST001.fmx.md,specification_only,FMB/PLL/PKB
GLST001.fmx,procedure,YS_AC_DTL_PKG,focus_forms/GLST001.fmx.md,specification_only,FMB/PLL/PKB
GLST001.fmx,procedure,YS_EMP_PKG,focus_forms/GLST001.fmx.md,specification_only,FMB/PLL/PKB
GLST001.fmx,procedure,YS_GEN_PKG,focus_forms/GLST001.fmx.md,specification_only,FMB/PLL/PKB
GLST001.fmx,component,ADMT030.Fmx,focus_forms/GLST001.fmx.md,specification_only,FMB/PLL/PKB
GLST001.fmx,component,APST005.Fmx,focus_forms/GLST001.fmx.md,specification_only,FMB/PLL/PKB
GLST001.fmx,component,APST010.Fmx,focus_forms/GLST001.fmx.md,specification_only,FMB/PLL/PKB
GLST001.fmx,component,APST013.Fmx,focus_forms/GLST001.fmx.md,specification_only,FMB/PLL/PKB
GLST001.fmx,component,ARST004.Fmx,focus_forms/GLST001.fmx.md,specification_only,FMB/PLL/PKB
GLST001.fmx,component,ARST006.Fmx,focus_forms/GLST001.fmx.md,specification_only,FMB/PLL/PKB
GLST001.fmx,component,ARST016.Fmx,focus_forms/GLST001.fmx.md,specification_only,FMB/PLL/PKB
GLST001.fmx,component,ERP_CODE_TRNS.FMX,focus_forms/GLST001.fmx.md,specification_only,FMB/PLL/PKB
GLST001.fmx,component,Excel.exe,focus_forms/GLST001.fmx.md,specification_only,FMB/PLL/PKB
GLST001.fmx,component,GLST001.Fmx,focus_forms/GLST001.fmx.md,specification_only,FMB/PLL/PKB
GLST001.fmx,component,GLST002.Fmx,focus_forms/GLST001.fmx.md,specification_only,FMB/PLL/PKB
GLST001.fmx,component,GLST004.Fmx,focus_forms/GLST001.fmx.md,specification_only,FMB/PLL/PKB
GLST001.fmx,component,InvT003.Fmx,focus_forms/GLST001.fmx.md,specification_only,FMB/PLL/PKB
GLST001.fmx,component,InvT004.Fmx,focus_forms/GLST001.fmx.md,specification_only,FMB/PLL/PKB
GLST001.fmx,component,YSERP_MNU.MMX,focus_forms/GLST001.fmx.md,specification_only,FMB/PLL/PKB
GLST001.fmx,sql,"SELECT JV_TYPE,J_DOC_NO,BATCH_VAL,REF_NO,ATTACH_NO,BEN_NAME,REC_NAME,T_DESC,BRN_NO FROM MASTER_JOURNAL_V WHERE J_SER = :b1 AND ROWNUM <= 1""SELECT A_CODE,AC_CODE_DTL,AC_DTL_TYP,J_DE",focus_forms/GLST001.fmx.md,observed_sql_indicator,PKB/SQL and schema
GLST001.fmx,sql,SELECT 1 FROM MASTER_JOURNAL_V WHERE BRN_NO = :b1 AND J_DOC_NO = :b2 AND JV_TYPE IN (SELECT JV_TYPE FROM JV_TYPES WHERE SEQUENCED IN (SELECT SEQUENCED FROM JV_TYPES WHERE JV_TYPE =,focus_forms/GLST001.fmx.md,observed_sql_indicator,PKB/SQL and schema
GLST001.fmx,sql,"SELECT DOC_SER_REF,DOC_TYPE_REF FROM IAS_RQ_JRNL_DTL WHERE J_SER = :b1 AND ROWNUM <= 1""UPDATE BGT_APRV_RQ_FNC_MST SET POSTED=0 WHERE DOC_SRL = :b1""SELECT 1 FROM DETAIL_JOURNAL_V WH",focus_forms/GLST001.fmx.md,observed_sql_indicator,PKB/SQL and schema
GLST001.fmx,sql,"SELECT IAS_DOC_SEQ_GL.NEXTVAL FROM DUAL""SELECT NVL(MAX(I_NO),0) + 1 FROM INSTALLMENT WHERE BILL_SER = :b1 AND C_CODE = :b2""SELECT NVL(MAX(I_NO),0) + 1 FROM IAS_INSTALLMENT_PI WHERE",focus_forms/GLST001.fmx.md,observed_sql_indicator,PKB/SQL and schema
GLST001.fmx,sql,SELECT 1 FROM IAS_DESC_DOC,focus_forms/GLST001.fmx.md,observed_sql_indicator,PKB/SQL and schema
GLST001.fmx,sql,"SELECT NVL(USE_AUDIT_DOC,0),NVL(CC_AVAIL,1),NVL(IAS_PARA_GL.NO_OF_DECIMAL,0),NVL(AR_AC_LINK_TYPE,1),NVL(AP_AC_LINK_TYPE,1),NVL(DOC_GEN_GL,1),NVL(DATE_GEN_GL,1),NVL(DATE_SETTING_GL,",focus_forms/GLST001.fmx.md,observed_sql_indicator,PKB/SQL and schema
GLST001.fmx,sql,"SELECT COUNT(1) CNT,J_SER,DOC_BRN_NO,SUM(NVL(J_AMT,0)) AMT FROM DETAIL_JOURNAL_V WHERE J_SER = :b1 GROUP BY J_SER,DOC_BRN_NO HAVING SUM(NVL(J_AMT,0)) != 0""SELECT J_SER,DOC_BRN_NO,R",focus_forms/GLST001.fmx.md,observed_sql_indicator,PKB/SQL and schema
GLST001.fmx,sql,"SELECT PUR_TYPE FROM IAS_PI_BILL_MST WHERE BILL_SER = :b1""",focus_forms/GLST001.fmx.md,observed_sql_indicator,PKB/SQL and schema
GLST001.fmx,sql,"SELECT NVL(CR_LIMIT,0) FROM CUSTOMER_CURR WHERE C_CODE = :b1 AND A_CY = :b2""SELECT 1 FROM PRIV_ACC WHERE U_ID = :b1 AND A_CODE = :b2 AND NVL(VIEW_FLAG,0) = 1 AND ROWNUM <= 1""SELECT",focus_forms/GLST001.fmx.md,observed_sql_indicator,PKB/SQL and schema
GLST001.fmx,sql,"SELECT CRLIMIT_TYPE,CRLIMIT_PER FROM PRIVILEGE_FIXED WHERE U_ID = :b1""",focus_forms/GLST001.fmx.md,observed_sql_indicator,PKB/SQL and schema
GLST001.fmx,sql,"SELECT C_CODE FROM CUSTOMER WHERE C_A_CODE = :b1""SELECT NVL(SUM(DR_AMT),0) - NVL(SUM(CR_AMT),0) FROM IAS_POST_DTL WHERE AC_CODE_DTL = :b1 AND AC_DTL_TYP = 3 AND A_CY = :b2""SELECT N",focus_forms/GLST001.fmx.md,observed_sql_indicator,PKB/SQL and schema
GLST001.fmx,sql,"SELECT EXTERNAL_POST FROM MASTER_JOURNAL_V WHERE J_SER = :b1 AND ROWNUM <= 1""",focus_forms/GLST001.fmx.md,observed_sql_indicator,PKB/SQL and schema
GLST001.fmx,sql,"SELECT ABS(DECODE(:b1,:b2,J_AMT,J_AMT_F)) FROM DETAIL_JOURNAL_V WHERE A_CODE = :b3 AND J_SER = :b4 AND BILL_SER = :b5 AND I_NO = :b6 AND AC_CODE_DTL = :b7 AND AC_DTL_TYP = 3 AND A_",focus_forms/GLST001.fmx.md,observed_sql_indicator,PKB/SQL and schema
GLST001.fmx,sql,"SELECT AC_CODE_DTL,A_CY,DECODE(:b1,2,CC_CODE) CC_CODE,NVL(SUM(J_AMT),0) J_AMT,NVL(SUM(J_AMT_F),0) J_AMT_F FROM DETAIL_JOURNAL_V WHERE DETAIL_JOURNAL_V.J_SER = :b2 AND AC_CODE_DTL I",focus_forms/GLST001.fmx.md,observed_sql_indicator,PKB/SQL and schema
GLST001.fmx,sql,"SELECT AC_CODE_DTL C_CODE,A_CY,DECODE(:b1,2,CC_CODE) CC_CODE,NVL(SUM(J_AMT),0) J_AMT,NVL(SUM(J_AMT_F),0) J_AMT_F FROM DETAIL_JOURNAL_V WHERE DETAIL_JOURNAL_V.J_SER = :b2 AND AC_COD",focus_forms/GLST001.fmx.md,observed_sql_indicator,PKB/SQL and schema
GLST001.fmx,sql,"SELECT COUNT(1) FROM ACCOUNT_CURR WHERE A_CODE = :b1""SELECT COUNT(1) FROM VENDOR_CURR WHERE V_CODE = :b1""SELECT A_CY FROM ACCOUNT_CURR WHERE A_CODE = :b1""SELECT A_CY FROM VENDOR_CU",focus_forms/GLST001.fmx.md,observed_sql_indicator,PKB/SQL and schema
GLST001.fmx,sql,"SELECT REP_CODE FROM CUSTOMER WHERE C_CODE = :b1 AND ROWNUM <= 1""SELECT REP_CODE FROM IAS_CST_SMAN WHERE C_CODE = :b1 AND ROWNUM <= 1""SELECT 1 FROM CUSTOMER WHERE C_CODE = :b1 AND",focus_forms/GLST001.fmx.md,observed_sql_indicator,PKB/SQL and schema
GLST001.fmx,sql,"SELECT MAX(RCRD_NO) FROM DETAIL_JOURNAL_V WHERE J_SER = :b1""",focus_forms/GLST001.fmx.md,observed_sql_indicator,PKB/SQL and schema
GLST001.fmx,sql,"SELECT SEQUENCED FROM JV_TYPES WHERE JV_TYPE = :b1""SELECT NVL(MAX(J_DOC_NO),0) + 1 FROM MASTER_JOURNAL_V WHERE MASTER_JOURNAL_V.BRN_NO = :b1 AND MASTER_JOURNAL_V.JV_TYPE = :b2""SELE",focus_forms/GLST001.fmx.md,observed_sql_indicator,PKB/SQL and schema
GLST001.fmx,sql,"SELECT 1 FROM IAS_RQ_JRNL_MST WHERE J_DOC_NO = :b1 AND J_SER = :b2 AND ROWNUM <= 1""SELECT 1 FROM DETAIL_JOURNAL_V WHERE DOC_TYPE_REF = 85 AND DOC_SER_REF = :b1 AND ROWNUM <= 1""SELE",focus_forms/GLST001.fmx.md,observed_sql_indicator,PKB/SQL and schema
GLST001.fmx,sql,"SELECT PATH_EXCEL FROM IAS_PARA_GEN""",focus_forms/GLST001.fmx.md,observed_sql_indicator,PKB/SQL and schema
GLST001.fmx,sql,"SELECT SEQUENCED FROM JV_TYPES WHERE JV_TYPE = :b1""SELECT NVL(MAX(J_DOC_NO),0) + 1 FROM MASTER_JOURNAL_V WHERE BRN_NO = :b1 AND MASTER_JOURNAL_V.JV_TYPE = :b2""SELECT NVL(MAX(J_DOC_",focus_forms/GLST001.fmx.md,observed_sql_indicator,PKB/SQL and schema
GLST001.fmx,sql,"SELECT DOC_SER_REF,DOC_TYPE_REF FROM IAS_RQ_JRNL_DTL WHERE J_SER = :b1 AND ROWNUM <= 1""UPDATE BGT_APRV_RQ_FNC_MST SET POSTED=1 WHERE DOC_SRL = :b1""",focus_forms/GLST001.fmx.md,observed_sql_indicator,PKB/SQL and schema
GLST001.fmx,sql,"SELECT B.DOC_NO,B.DOC_SRL,B.RNT_BATCH_NO,IAS_CST_PKG.GET_ACODE(M.SCND_PRTY) A_CODE,M.SCND_PRTY AC_CODE_DTL,3 AC_DTL_TYP,M.CUR_CODE,M.REF_NO,M.CC_CODE,M.PJ_NO,M.ACTV_NO FROM REM_CNT",focus_forms/GLST001.fmx.md,observed_sql_indicator,PKB/SQL and schema
GLST001.fmx,sql,"SELECT ABS(DECODE(:b1,:b2,J_AMT,J_AMT_F)) FROM DETAIL_JOURNAL_V WHERE J_SER = :b3 AND A_CODE = :b4 AND AC_DTL_TYP = 3 AND NVL(J_AMT,0) < 0 AND AC_CODE_DTL = :b5 AND CNTRCT_SRL = :b",focus_forms/GLST001.fmx.md,observed_sql_indicator,PKB/SQL and schema
GLST001.fmx,sql,"SELECT 1 FROM IAS_POST_DTL WHERE DOC_SER != :b1 AND DOC_TYPE_REF = 500 AND DOC_SER_REF IN (SELECT CNTRCT_SRL FROM DETAIL_JOURNAL_V WHERE J_SER = :b1 ) AND TO_DATE(AD_DATE,''DD/MM/R",focus_forms/GLST001.fmx.md,observed_sql_indicator,PKB/SQL and schema
GLST001.fmx,sql,"SELECT REP_CODE FROM CUSTOMER WHERE C_CODE = :b1 AND REP_CODE IS NOT NULL AND ROWNUM <= 1""",focus_forms/GLST001.fmx.md,observed_sql_indicator,PKB/SQL and schema
GLST001.fmx,sql,"SELECT NULL ""FLD1"", NULL ""FLD2"", NULL ""FLD3"", NULL ""FLD4"", NULL ""FLD5"", NULL ""FLD6"", NULL ""FLD7"", NULL ""FLD8"", NULL ""FLD9"", NULL ""FLD10"", NULL ""FLD11"" , NULL ""FLD12"", NULL ""FLD13""",focus_forms/GLST001.fmx.md,observed_sql_indicator,PKB/SQL and schema
GLST001.fmx,sql,"SELECT M.DOC_SRL,B.RNT_BATCH_NO FROM REM_CNTRCT_RNT_MST M,REM_CNTRCT_RNT_BTCH B WHERE M.DOC_SRL = B.DOC_SRL AND M.DOC_NO = :b1 AND NVL(M.SCND_PRTY,''0'') = :b2 AND M.CUR_CODE = :b3",focus_forms/GLST001.fmx.md,observed_sql_indicator,PKB/SQL and schema
GLST001.fmx,sql,"SELECT ABS(DECODE(:b1,:b2,ABS(J_AMT),ABS(J_AMT_F))) FROM DETAIL_JOURNAL_V WHERE J_SER = :b3 AND A_CODE = :b4 AND AC_DTL_TYP = 3 AND NVL(J_AMT,0) < 0 AND AC_CODE_DTL = :b5 AND CNTRC",focus_forms/GLST001.fmx.md,observed_sql_indicator,PKB/SQL and schema
GLST001.fmx,sql,"SELECT J_DOC_NO,REF_NO,J_DATE,J_ser",focus_forms/GLST001.fmx.md,observed_sql_indicator,PKB/SQL and schema
GLST001.fmx,sql,"SELECT ROUND(SUM(D.DUE_AMT),:b1) DOC_AMT,M.DOC_NO,M.DOC_SRL,M.DOC_DSC,D.CUR_CODE,D.AC_CODE,D.CC_CODE,D.PJ_NO,D.ACTV_NO,DECODE(YS_AC_DTL_PKG.GET_AC_DTL_TYP(D.AC_CODE),7,D.EMP_NO, NU",focus_forms/GLST001.fmx.md,observed_sql_indicator,PKB/SQL and schema
GLST001.fmx,sql,"SELECT M.J_DOC_NO,",focus_forms/GLST001.fmx.md,observed_sql_indicator,PKB/SQL and schema
GLST001.fmx,sql,"SELECT J_DOC_NO,",focus_forms/GLST001.fmx.md,observed_sql_indicator,PKB/SQL and schema
GLST001.fmx,sql,"SELECT a_code,",focus_forms/GLST001.fmx.md,observed_sql_indicator,PKB/SQL and schema
GLST001.fmx,sql,SELECT account_type,focus_forms/GLST001.fmx.md,observed_sql_indicator,PKB/SQL and schema
GLST001.fmx,sql,SELECT 1,focus_forms/GLST001.fmx.md,observed_sql_indicator,PKB/SQL and schema
GLST001.fmx,sql,"SELECT Actv_no,",focus_forms/GLST001.fmx.md,observed_sql_indicator,PKB/SQL and schema
GLST001.fmx,sql,"SELECT col_no,",focus_forms/GLST001.fmx.md,observed_sql_indicator,PKB/SQL and schema
GLST001.fmx,sql,"SELECT DESC_NO, DESC_A_DOC, DESC_E_DOC",focus_forms/GLST001.fmx.md,observed_sql_indicator,PKB/SQL and schema
GLST001.fmx,sql,"SELECT wo_no,Nvl(Wo_a_Name,Wo_E_name) Wo_type_name,wo_date,c_name,doc_desc,wo_ser",focus_forms/GLST001.fmx.md,observed_sql_indicator,PKB/SQL and schema
GLST001.fmx,sql,"SELECT DISTINCT Lc_Master.Lc_No,",focus_forms/GLST001.fmx.md,observed_sql_indicator,PKB/SQL and schema
GLST001.fmx,sql,"SELECT cur_no,customer_curr.A_CY,Decode(:Parameter.Lang_no,1,cur_name,cur_e_name ) cur_name ,cur_rate FROM EX_RATE,Customer_curr",focus_forms/GLST001.fmx.md,observed_sql_indicator,PKB/SQL and schema
GLST001.fmx,sql,"SELECT cur_no,vendor_curr.A_CY,Decode(:Parameter.Lang_no,1,cur_name,cur_e_name ) cur_name ,cur_rate FROM EX_RATE,vendor_curr WHERE EX_RATE.CUR_CODE=vendor_Curr.A_CY AND v_code=:DET",focus_forms/GLST001.fmx.md,observed_sql_indicator,PKB/SQL and schema
GLST001.fmx,sql,"SELECT MASTER_JOURNAL_V.J_DOC_NO,",focus_forms/GLST001.fmx.md,observed_sql_indicator,PKB/SQL and schema
GLST001.fmx,sql,"SELECT Decode(:Parameter.Lang_No,1,nvl(A_NAME,A_NAME_ENG),nvl(a_name_eng,a_name) ) a_name,A_CODE,A_GROUPING FROM ACCOUNT WHERE A_S_M=:Parameter.sub_acc AND( A_CODE IN (select A_COD",focus_forms/GLST001.fmx.md,observed_sql_indicator,PKB/SQL and schema
GLST001.fmx,sql,"SELECT cur_no,A_CY,Decode(:Parameter.Lang_no,1,cur_name,cur_e_name ) cur_name ,cur_rate FROM EX_RATE,ACCOUNT_CURR",focus_forms/GLST001.fmx.md,observed_sql_indicator,PKB/SQL and schema
GLST001.fmx,sql,"SELECT cur_no,priv_cash.A_CY,Decode(:Parameter.Lang_no,1,cur_name,cur_e_name ) cur_name ,cur_rate",focus_forms/GLST001.fmx.md,observed_sql_indicator,PKB/SQL and schema
GLST001.fmx,sql,"SELECT DOC_NO,DOC_SRL,DOC_DATE ,DOC_DSC ,DOC_AMT,CUR_CODE",focus_forms/GLST001.fmx.md,observed_sql_indicator,PKB/SQL and schema
GLST001.fmx,sql,"SELECT doc_no, doc_srl, cur_code, doc_amt, doc_date, doc_dsc",focus_forms/GLST001.fmx.md,observed_sql_indicator,PKB/SQL and schema
GLST001.fmx,sql,"SELECT m.doc_no,",focus_forms/GLST001.fmx.md,observed_sql_indicator,PKB/SQL and schema
GLST001.fmx,sql,"SELECT B.DOC_NO,B.DOC_SRL,B.RNT_BATCH_NO,B.BATCH_AMT,m.Rep_Code,B.Batch_Amt/100*m.Comm_Rep_Code_Rt VALUE_COMM_REP,PAID_AMT,M.CUR_CODE,M.SCND_PRTY,IAS_CST_PKG.Get_C_Name(M.SCND_PRTY",focus_forms/GLST001.fmx.md,observed_sql_indicator,PKB/SQL and schema
GLST001.fmx,sql,"UPDATE INSTALLMENT SET PAID_AMT=NVL(PAID_AMT,0)- DECODE(NVL(:OLD.J_AMT_F,0),0,ABS(:OLD.J_AMT),ABS(:OLD.J_AMT_F))",focus_forms/GLST001.fmx.md,observed_sql_indicator,PKB/SQL and schema
GLST001.fmx,sql,"UPDATE IAS_INSTALLMENT_PI SET PAID_AMT=NVL(PAID_AMT,0)- DECODE(NVL(:OLD.J_AMT_F,0),0,ABS(:OLD.J_AMT),ABS(:OLD.J_AMT_F))",focus_forms/GLST001.fmx.md,observed_sql_indicator,PKB/SQL and schema
GLST001.fmx,sql,"UPDATE INSTALLMENT SET PAID_AMT=NVL(PAID_AMT,0) + DECODE(NVL(:NEW.J_AMT_F,0),0,ABS(:NEW.J_AMT),ABS(:NEW.J_AMT_F))",focus_forms/GLST001.fmx.md,observed_sql_indicator,PKB/SQL and schema
GLST001.fmx,sql,"UPDATE IAS_INSTALLMENT_PI SET PAID_AMT=NVL(PAID_AMT,0) + DECODE(NVL(:NEW.J_AMT_F,0),0,ABS(:NEW.J_AMT),ABS(:NEW.J_AMT_F))",focus_forms/GLST001.fmx.md,observed_sql_indicator,PKB/SQL and schema
GLST001.fmx,sql,"UPDATE INSTALLMENT SET PAID_AMT=NVL(PAID_AMT,0)- DECODE (nvl(:OLD.J_AMT_F,0),0,ABS(nvl(:OLD.J_AMT,0)),ABS(nvl(:OLD.J_AMT_F,0)))",focus_forms/GLST001.fmx.md,observed_sql_indicator,PKB/SQL and schema
GLST001.fmx,sql,"UPDATE INSTALLMENT SET PAID_AMT=NVL(PAID_AMT,0) + DECODE(nvl(:NEW.J_AMT_F,0),0,ABS(nvl(:NEW.J_AMT,0)),ABS(nvl(:NEW.J_AMT_F,0)))",focus_forms/GLST001.fmx.md,observed_sql_indicator,PKB/SQL and schema
GLST001.fmx,sql,"UPDATE IAS_INSTALLMENT_PI SET PAID_AMT=NVL(PAID_AMT,0)- DECODE (nvl(:OLD.J_AMT_F,0),0,ABS(nvl(:OLD.J_AMT,0)),ABS(nvl(:OLD.J_AMT_F,0)))",focus_forms/GLST001.fmx.md,observed_sql_indicator,PKB/SQL and schema
GLST001.fmx,sql,"UPDATE IAS_INSTALLMENT_PI SET PAID_AMT=NVL(PAID_AMT,0) + DECODE(nvl(:NEW.J_AMT_F,0),0,ABS(nvl(:NEW.J_AMT,0)),ABS(nvl(:NEW.J_AMT_F,0)))",focus_forms/GLST001.fmx.md,observed_sql_indicator,PKB/SQL and schema
GLST001.fmx,sql,"UPDATE INSTALLMENT SET PAID_AMT=NVL(PAID_AMT,0)- DECODE(NVL(:OLD.AC_AMTF,0),0,ABS(:OLD.AC_AMT),ABS(:OLD.AC_AMTF))",focus_forms/GLST001.fmx.md,observed_sql_indicator,PKB/SQL and schema
GLST001.fmx,sql,"UPDATE IAS_INSTALLMENT_PI SET PAID_AMT=NVL(PAID_AMT,0)- DECODE(NVL(:OLD.AC_AMTF,0),0,ABS(:OLD.AC_AMT),ABS(:OLD.AC_AMTF))",focus_forms/GLST001.fmx.md,observed_sql_indicator,PKB/SQL and schema
GLST001.fmx,sql,"UPDATE INSTALLMENT SET PAID_AMT=NVL(PAID_AMT,0) + DECODE(NVL(:NEW.AC_AMTF,0),0,ABS(:NEW.AC_AMT),ABS(:NEW.AC_AMTF))",focus_forms/GLST001.fmx.md,observed_sql_indicator,PKB/SQL and schema
GLST001.fmx,sql,"UPDATE IAS_INSTALLMENT_PI SET PAID_AMT=NVL(PAID_AMT,0) + DECODE(NVL(:NEW.AC_AMTF,0),0,ABS(:NEW.AC_AMT),ABS(:NEW.AC_AMTF))",focus_forms/GLST001.fmx.md,observed_sql_indicator,PKB/SQL and schema
GLST001.fmx,sql,"UPDATE INSTALLMENT SET PAID_AMT=NVL(PAID_AMT,0)- DECODE(nvl(:OLD.AC_AMTF,0),0,ABS(nvl(:OLD.AC_AMT,0)),ABS(nvl(:OLD.AC_AMTF,0)))",focus_forms/GLST001.fmx.md,observed_sql_indicator,PKB/SQL and schema
GLST001.fmx,sql,"UPDATE INSTALLMENT SET PAID_AMT=NVL(PAID_AMT,0) + DECODE(nvl(:NEW.AC_AMTF,0),0,ABS(nvl(:NEW.AC_AMT,0)),ABS(nvl(:NEW.AC_AMTF,0)))",focus_forms/GLST001.fmx.md,observed_sql_indicator,PKB/SQL and schema
GLST001.fmx,sql,"UPDATE IAS_INSTALLMENT_PI SET PAID_AMT=NVL(PAID_AMT,0)- DECODE (nvl(:OLD.AC_AMTF,0),0,ABS(nvl(:OLD.AC_AMT,0)),ABS(nvl(:OLD.AC_AMTF,0)))",focus_forms/GLST001.fmx.md,observed_sql_indicator,PKB/SQL and schema
GLST001.fmx,sql,"UPDATE IAS_INSTALLMENT_PI SET PAID_AMT=NVL(PAID_AMT,0) + DECODE(nvl(:NEW.AC_AMTF,0),0,ABS(nvl(:NEW.AC_AMT,0)),ABS(nvl(:NEW.AC_AMTF,0)))",focus_forms/GLST001.fmx.md,observed_sql_indicator,PKB/SQL and schema
GLST001.fmx,sql,"SELECT 1 FROM DETAIL_JOURNAL_V WHERE DOC_TYPE_REF IN ( 85 ) AND DOC_SER_REF = :b1 AND ROWNUM <= 1""SELECT 1 FROM DETAIL_JOURNAL_V WHERE DOC_TYPE_REF IN ( 21,22 ) AND DOC_SER_REF = :",focus_forms/GLST001.fmx.md,observed_sql_indicator,PKB/SQL and schema
GLST001.fmx,sql,"SELECT J_SER,CASH_RESERVE FROM MASTER_JOURNAL_V WHERE PERIODICAL_JRNL = 1 AND J_DOC_NO = :b1""SELECT 1 FROM MASTER_JOURNAL_V WHERE PERIODICAL_JRNL = 1 AND J_DOC_NO = :b1 AND J_SER =",focus_forms/GLST001.fmx.md,observed_sql_indicator,PKB/SQL and schema
GLST001.fmx,sql,"UPDATE MASTER_JOURNAL_V SET J_POST=0 WHERE J_DOC_NO = :b1 AND JV_TYPE = :b2""DELETE FROM IAS_POST_MST WHERE DOC_TYPE = 1 AND JV_TYPE = :b1 AND DOC_NO = :b2""",focus_forms/GLST001.fmx.md,observed_sql_indicator,PKB/SQL and schema
GLST001.fmx,sql,"DELETE FROM INSTALLMENT WHERE DOC_TYPE = 1 AND BILL_SER = :b1""SELECT DISTINCT DOC_SER_REF,J_SER FROM DETAIL_JOURNAL_V WHERE J_SER = :b1""UPDATE NOTE SET PROCESSED=0 WHERE NOTE_SER I",focus_forms/GLST001.fmx.md,observed_sql_indicator,PKB/SQL and schema
GLST001.fmx,sql,"SELECT 1 FROM DETAIL_JOURNAL_V WHERE DOC_TYPE_REF IN ( 85 ) AND DOC_SER_REF = :b1 AND ROWNUM <= 1""SELECT 1 FROM DETAIL_JOURNAL_V WHERE DOC_TYPE_REF IN ( 21,22 ) AND DOC_SER_REF = :",focus_forms/GLST001.fmx.md,observed_sql_indicator,PKB/SQL and schema
GLST001.fmx,sql,"SELECT DOC_NO_REF,DOC_SER_REF,DOC_TYPE_REF,DOC_JV_TYPE_REF FROM DETAIL_JOURNAL_V WHERE J_SER = :b1 AND DOC_NO_REF IS NOT NULL AND ROWNUM <= 1""",focus_forms/GLST001.fmx.md,observed_sql_indicator,PKB/SQL and schema
GLST001.fmx,sql,"SELECT A_REPORT,NVL(USE_CC,1),NVL(USE_PJ,1) FROM ACCOUNT WHERE A_CODE = :b1""",focus_forms/GLST001.fmx.md,observed_sql_indicator,PKB/SQL and schema
GLST001.fmx,sql,"SELECT REPRS_CODE FROM SALES_MAN WHERE CASH_NO = :b1""SELECT NVL(POS_SYS,0) FROM CASH_IN_HAND WHERE A_CODE = :b1 AND CASH_NO = :b2 AND ROWNUM <= 1""SELECT REP_CODE FROM CUSTOMER WHER",focus_forms/GLST001.fmx.md,observed_sql_indicator,PKB/SQL and schema
GLST001.fmx,sql,"SELECT 1 FROM LC_MASTER WHERE LC_NO = :b1 AND ((NVL(PROCESSED,0) = 1 AND NVL(LC_STATUS,0) = 0 ) OR (LC_STATUS = 1 AND LC_CLOSED = 1 ) OR LC_CLOSED = 1 ) AND ROWNUM <= 1""",focus_forms/GLST001.fmx.md,observed_sql_indicator,PKB/SQL and schema
GLST001.fmx,sql,"SELECT BILL_SER,I_NO FROM INSTALLMENT WHERE BILL_NO = :b1 AND BILL_SER = :b2 AND C_CODE = :b3""SELECT ABS(DECODE(:b1,:b2,NVL(J_AMT,0),NVL(J_AMT_F,0))) FROM DETAIL_JOURNAL_V WHERE A_",focus_forms/GLST001.fmx.md,observed_sql_indicator,PKB/SQL and schema
GLST001.fmx,sql,"SELECT REP_CODE FROM CUSTOMER WHERE C_CODE = :b1 AND ROWNUM <= 1""SELECT REP_CODE FROM IAS_CST_SMAN WHERE C_CODE = :b1 AND REP_CODE = :b2 AND ROWNUM <= 1""SELECT COUNT(1) FROM SALES_",focus_forms/GLST001.fmx.md,observed_sql_indicator,PKB/SQL and schema
GLST001.fmx,sql,"SELECT NVL(ADD_FLAG,0) FROM IAS_PRIV_COLLECTORS WHERE U_ID = :b1 AND COL_NO = :b2 AND ROWNUM <= 1""",focus_forms/GLST001.fmx.md,observed_sql_indicator,PKB/SQL and schema
GLST001.fmx,sql,"SELECT 1 FROM USER_R WHERE U_ID = :b1 AND ROWNUM <= 1""",focus_forms/GLST001.fmx.md,observed_sql_indicator,PKB/SQL and schema
GLST001.fmx,sql,"SELECT NVL(MAX(I_NO),0) + 1 FROM INSTALLMENT WHERE BILL_SER = :b1 AND C_CODE = :b2""SELECT NVL(MAX(I_NO),0) + 1 FROM IAS_INSTALLMENT_PI WHERE BILL_SER = :b1 AND V_CODE = :b2""",focus_forms/GLST001.fmx.md,observed_sql_indicator,PKB/SQL and schema
GLST001.fmx,sql,"DELETE FROM INSTALLMENT WHERE DOC_TYPE = 1 AND BILL_SER = :b1 AND C_CODE = :b2 AND RCRD_NO = :b3""UPDATE NOTE SET PROCESSED=0 WHERE NOTE_SER = :b1""",focus_forms/GLST001.fmx.md,observed_sql_indicator,PKB/SQL and schema
GLST001.fmx,sql,"SELECT 1 FROM LC_MASTER WHERE LC_NO = :b1 AND PROCESSED = 1 AND ROWNUM <= 1""",focus_forms/GLST001.fmx.md,observed_sql_indicator,PKB/SQL and schema
GLST001.fmx,sql,"SELECT A_CODE,AC_CODE_DTL,A_CY,CC_CODE,PJ_NO,ACTV_NO,SUM(DECODE(A_CY,:b1,AMT,AMT_F)) AMT FROM IAS_POST_DTL WHERE A_CODE BETWEEN NVL(:b2,A_CODE) AND NVL(:b3,A_CODE) AND A_CY = DECOD",focus_forms/GLST001.fmx.md,observed_sql_indicator,PKB/SQL and schema
GLST001.fmx,sql,"SELECT REP_CODE,A_CODE,C_CODE,A_CY,CC_CODE,PJ_NO,ACTV_NO,SUM(DECODE(A_CY,:b1,AMT,AMT_F)) AMT FROM IAS_POST_DTL WHERE C_CODE IS NOT NULL AND REP_CODE IS NOT NULL AND A_CODE BETWEEN",focus_forms/GLST001.fmx.md,observed_sql_indicator,PKB/SQL and schema
GLST001.fmx,sql,"SELECT PASSWORD FROM USER_R WHERE U_ID = :b1 AND ROWNUM <= 1""",focus_forms/GLST001.fmx.md,observed_sql_indicator,PKB/SQL and schema
GLST001.fmx,metadata,GLST001,focus_forms/GLST001.fmx.md,specification_only,none
GLST001.fmx,metadata,YSERP_MNU.MMX,focus_forms/GLST001.fmx.md,specification_only,none
GLST001.fmx,metadata,AMERICAN_AMERICA.AR8MSWIN1256,focus_forms/GLST001.fmx.md,specification_only,none
GLST001.fmx,metadata,List -,focus_forms/GLST001.fmx.md,specification_only,none
GLST001.fmx,metadata,PU_003,focus_forms/GLST001.fmx.md,specification_only,none
GLST001.fmx,metadata,FORMS40,focus_forms/GLST001.fmx.md,specification_only,none
GLST001.fmx,metadata,STANDARD,focus_forms/GLST001.fmx.md,specification_only,none
GLST001.fmx,metadata,FORMS4C,focus_forms/GLST001.fmx.md,specification_only,none
GLST001.fmx,metadata,/NSPC6/LIST_PROC,focus_forms/GLST001.fmx.md,specification_only,none
GLST001.fmx,metadata,"""PKG INIT""<anonymous>""""",focus_forms/GLST001.fmx.md,specification_only,none
GLST001.fmx,metadata,BAR.LIST_BTN,focus_forms/GLST001.fmx.md,specification_only,none
GLST001.fmx,metadata,TRUE,focus_forms/GLST001.fmx.md,specification_only,none
GLST001.fmx,metadata,P2_25_NOV_201414_33_39,focus_forms/GLST001.fmx.md,specification_only,none
GLST001.fmx,metadata,SQLFORMS,focus_forms/GLST001.fmx.md,specification_only,none
GLST001.fmx,metadata,P1_25_NOV_201414_33_39,focus_forms/GLST001.fmx.md,specification_only,none
GLST001.fmx,metadata,P8_10_SEP_201409_59_20,focus_forms/GLST001.fmx.md,specification_only,none
GLST001.fmx,metadata,P2_18_MAR_201419_08_27,focus_forms/GLST001.fmx.md,specification_only,none
GLST001.fmx,metadata,/LYSERP_LIB,focus_forms/GLST001.fmx.md,specification_only,none
GLST001.fmx,metadata,GEN_PKG,focus_forms/GLST001.fmx.md,specification_only,none
GLST001.fmx,metadata,P30_16_JAN_201412_58_41,focus_forms/GLST001.fmx.md,specification_only,none
GLST001.fmx,metadata,/NSPC6/PRE_FORM_PRC,focus_forms/GLST001.fmx.md,specification_only,none
GLST001.fmx,metadata,P29_16_JAN_201412_58_41,focus_forms/GLST001.fmx.md,specification_only,none
GLST001.fmx,metadata,!/NSPC6/WHEN_NEW_FORM_INSTANCE_PRC,focus_forms/GLST001.fmx.md,specification_only,none
GLST001.fmx,metadata,P28_16_JAN_201412_58_41,focus_forms/GLST001.fmx.md,specification_only,none
GLST001.fmx,metadata,/NSPC6/POST_FORMS_COMMIT_PRC,focus_forms/GLST001.fmx.md,specification_only,none
GLST001.fmx,metadata,P27_16_JAN_201412_58_41,focus_forms/GLST001.fmx.md,specification_only,none
GLST001.fmx,metadata,P26_16_JAN_201412_58_41,focus_forms/GLST001.fmx.md,specification_only,none
GLST001.fmx,metadata,P25_16_JAN_201412_58_41,focus_forms/GLST001.fmx.md,specification_only,none
GLST001.fmx,metadata,P24_16_JAN_201412_58_41,focus_forms/GLST001.fmx.md,specification_only,none
GLST001.fmx,metadata,P23_16_JAN_201412_58_41,focus_forms/GLST001.fmx.md,specification_only,none
GLST001.fmx,metadata,P22_16_JAN_201412_58_41,focus_forms/GLST001.fmx.md,specification_only,none
GLST001.fmx,metadata,P21_16_JAN_201412_58_41,focus_forms/GLST001.fmx.md,specification_only,none
GLST001.fmx,metadata,/NSPC6/EXIT_PROC,focus_forms/GLST001.fmx.md,specification_only,none
GLST001.fmx,metadata,P20_16_JAN_201412_58_41,focus_forms/GLST001.fmx.md,specification_only,none
GLST001.fmx,metadata,P19_16_JAN_201412_58_41,focus_forms/GLST001.fmx.md,specification_only,none
GLST001.fmx,metadata,VIEW_BTN,focus_forms/GLST001.fmx.md,specification_only,none
GLST001.fmx,metadata,SCREEN_BTN,focus_forms/GLST001.fmx.md,specification_only,none
GLST001.fmx,metadata,PRINT_DOC_BTN,focus_forms/GLST001.fmx.md,specification_only,none
GLST001.fmx,metadata,CANCEL_BTN,focus_forms/GLST001.fmx.md,specification_only,none
GLST001.fmx,metadata,PRINT_ST,focus_forms/GLST001.fmx.md,specification_only,none
GLST001.fmx,metadata,P18_16_JAN_201412_58_41,focus_forms/GLST001.fmx.md,specification_only,none
GLST001.fmx,metadata,Create -,focus_forms/GLST001.fmx.md,specification_only,none
GLST001.fmx,metadata,P17_16_JAN_201412_58_41,focus_forms/GLST001.fmx.md,specification_only,none
GLST001.fmx,metadata,/NSPC6/ADD_PROC,focus_forms/GLST001.fmx.md,specification_only,none
GLST001.fmx,metadata,BAR.ADD_Btn,focus_forms/GLST001.fmx.md,specification_only,none
GLST001.fmx,metadata,Delete -,focus_forms/GLST001.fmx.md,specification_only,none
GLST001.fmx,metadata,P16_16_JAN_201412_58_41,focus_forms/GLST001.fmx.md,specification_only,none
GLST001.fmx,metadata,/NSPC6/DELETE_PROC,focus_forms/GLST001.fmx.md,specification_only,none
GLST001.fmx,metadata,BAR.Del_Btn,focus_forms/GLST001.fmx.md,specification_only,none
GLST001.fmx,metadata,Accept -,focus_forms/GLST001.fmx.md,specification_only,none
GLST001.fmx,metadata,P15_16_JAN_201412_58_41,focus_forms/GLST001.fmx.md,specification_only,none
GLST001.fmx,metadata,/NSPC6/SAVE_PROC,focus_forms/GLST001.fmx.md,specification_only,none
GLST001.fmx,metadata,BAR.SAVE_Btn,focus_forms/GLST001.fmx.md,specification_only,none
GLST001.fmx,metadata,Search_,focus_forms/GLST001.fmx.md,specification_only,none
GLST001.fmx,metadata,P13_16_JAN_201412_58_41,focus_forms/GLST001.fmx.md,specification_only,none
GLST001.fmx,metadata,/NSPC6/KEY_ENTQRY,focus_forms/GLST001.fmx.md,specification_only,none
GLST001.fmx,metadata,BAR.SeeK_Btn,focus_forms/GLST001.fmx.md,specification_only,none
GLST001.fmx,metadata,Exceute -,focus_forms/GLST001.fmx.md,specification_only,none
GLST001.fmx,metadata,P12_16_JAN_201412_58_41,focus_forms/GLST001.fmx.md,specification_only,none
GLST001.fmx,metadata,/NSPC6/KEY_EXEQRY,focus_forms/GLST001.fmx.md,specification_only,none
GLST001.fmx,metadata,BAR.SEEK_BTN,focus_forms/GLST001.fmx.md,specification_only,none
GLST001.fmx,metadata,Print -,focus_forms/GLST001.fmx.md,specification_only,none
GLST001.fmx,metadata,P11_16_JAN_201412_58_41,focus_forms/GLST001.fmx.md,specification_only,none
GLST001.fmx,metadata,/NSPC6/CALL_SCR_PRINT,focus_forms/GLST001.fmx.md,specification_only,none
GLST001.fmx,metadata,BAR.Print_Btn,focus_forms/GLST001.fmx.md,specification_only,none
GLST001.fmx,metadata,P10_16_JAN_201412_58_41,focus_forms/GLST001.fmx.md,specification_only,none
GLST001.fmx,metadata,/NSPC6/WHEN_TIMER_EXPIRED_PRC,focus_forms/GLST001.fmx.md,specification_only,none
GLST001.fmx,metadata,P9_16_JAN_201412_58_41,focus_forms/GLST001.fmx.md,specification_only,none
GLST001.fmx,metadata,P8_16_JAN_201412_58_41,focus_forms/GLST001.fmx.md,specification_only,none
GLST001.fmx,metadata,P4_12_FEB_201417_30_42,focus_forms/GLST001.fmx.md,specification_only,none
GLST001.fmx,metadata,/NSPC6/WHEN_TAB_PAGE_CHANGED_PRC,focus_forms/GLST001.fmx.md,specification_only,none
GLST001.fmx,metadata,P263_01_MAR_201415_43_27,focus_forms/GLST001.fmx.md,specification_only,none
GLST001.fmx,metadata,/NSPC6/CLEAR_ALL_MASTER_DETAILS,focus_forms/GLST001.fmx.md,specification_only,none
GLST001.fmx,metadata,P5_16_JAN_201412_58_41,focus_forms/GLST001.fmx.md,specification_only,none
GLST001.fmx,metadata,ADD_PROC,focus_forms/GLST001.fmx.md,specification_only,none
GLST001.fmx,metadata,IAS_GEN_PKG,focus_forms/GLST001.fmx.md,specification_only,none
GLST001.fmx,metadata,IAS20142,focus_forms/GLST001.fmx.md,specification_only,none
GLST001.fmx,metadata,/NSPC6/ENA_DIS_ITM,focus_forms/GLST001.fmx.md,specification_only,none
GLST001.fmx,metadata,FORMS4W,focus_forms/GLST001.fmx.md,specification_only,none
GLST001.fmx,metadata,/NSPC6/GET_SERIAL,focus_forms/GLST001.fmx.md,specification_only,none
GLST001.fmx,metadata,"""PKG INIT""ADD_PROC""V_BRN_NO""V_TYPE""V_CNT""""",focus_forms/GLST001.fmx.md,specification_only,none
GLST001.fmx,metadata,Select 1 From S_Prd_Mst,focus_forms/GLST001.fmx.md,specification_only,none
GLST001.fmx,metadata,where YR_CLS=1,focus_forms/GLST001.fmx.md,specification_only,none
GLST001.fmx,metadata,and RowNum<=1,focus_forms/GLST001.fmx.md,specification_only,none
GLST001.fmx,metadata,IAS_GEN_PKGIAS20142GET_CNTIA,focus_forms/GLST001.fmx.md,specification_only,none
GLST001.fmx,metadata,DMY_IAS_AC_EXPENSE_DIST,focus_forms/GLST001.fmx.md,specification_only,none
GLST001.fmx,metadata,CLS_ZERO_AC_BLNC,focus_forms/GLST001.fmx.md,specification_only,none
GLST001.fmx,metadata,Master_Journal_V,focus_forms/GLST001.fmx.md,specification_only,none
GLST001.fmx,metadata,Master_journal_v,focus_forms/GLST001.fmx.md,specification_only,none
GLST001.fmx,metadata,IAS_GEN_PKGIAS20142GET_SYSDATEIA,focus_forms/GLST001.fmx.md,specification_only,none
GLST001.fmx,metadata,Master_Journal_v.Jv_type,focus_forms/GLST001.fmx.md,specification_only,none
GLST001.fmx,metadata,Master_Journal_V.Jv_Type,focus_forms/GLST001.fmx.md,specification_only,none
GLST001.fmx,metadata,B4SAVE_PRC,focus_forms/GLST001.fmx.md,specification_only,none
GLST001.fmx,metadata,/NSPC6/CHECK_FIELDS,focus_forms/GLST001.fmx.md,specification_only,none
GLST001.fmx,metadata,/NSPC6/CHK_UPD_PSTD_FNC_APRV,focus_forms/GLST001.fmx.md,specification_only,none
GLST001.fmx,metadata,IAS_CHK_LGHT_BRN_FNC,focus_forms/GLST001.fmx.md,specification_only,none
GLST001.fmx,metadata,"""PKG INIT""B4SAVE_PRC""V_CHK""""",focus_forms/GLST001.fmx.md,specification_only,none
GLST001.fmx,metadata,CHANGED,focus_forms/GLST001.fmx.md,specification_only,none
GLST001.fmx,metadata,PARAMETER.BLK,focus_forms/GLST001.fmx.md,specification_only,none
GLST001.fmx,metadata,IAS_CHK_LGHT_BRN_FNCIAS20142IAS_CHK_LGHT_BRN_FNC,focus_forms/GLST001.fmx.md,specification_only,none
GLST001.fmx,metadata,CALL_BTN_SCR,focus_forms/GLST001.fmx.md,specification_only,none
GLST001.fmx,metadata,CALL_BAR_BTN_SCR,focus_forms/GLST001.fmx.md,specification_only,none
GLST001.fmx,metadata,IAS_USR_PKG,focus_forms/GLST001.fmx.md,specification_only,none
GLST001.fmx,metadata,YS_GEN_PKG,focus_forms/GLST001.fmx.md,specification_only,none
GLST001.fmx,metadata,"""PKG INIT""CALL_BTN_SCR""P_SCR_TYP""V_APPROVED_PRV""V_VRFY_PRV""V_INACTIVE_PRV""""",focus_forms/GLST001.fmx.md,specification_only,none
GLST001.fmx,metadata,CALL_OBJ.DUMMY,focus_forms/GLST001.fmx.md,specification_only,none
GLST001.fmx,metadata,Bar.Save_Btn,focus_forms/GLST001.fmx.md,specification_only,none
GLST001.fmx,metadata,FALSE,focus_forms/GLST001.fmx.md,specification_only,none
GLST001.fmx,metadata,IAS_GEN_PKGIAS20142GET_FRM_PRVIA,focus_forms/GLST001.fmx.md,specification_only,none
GLST001.fmx,metadata,IAS_USR_PKGIAS20142GET_USR_APPRV,focus_forms/GLST001.fmx.md,specification_only,none
GLST001.fmx,metadata,Parameter.Vrfy_Flag,focus_forms/GLST001.fmx.md,specification_only,none
GLST001.fmx,metadata,Parameter.Blk,focus_forms/GLST001.fmx.md,specification_only,none
GLST001.fmx,metadata,INACTIVE,focus_forms/GLST001.fmx.md,specification_only,none
GLST001.fmx,metadata,YS_GEN_PKGIAS20142GET_USR_FLD_PRVYS_,focus_forms/GLST001.fmx.md,specification_only,none
GLST001.fmx,metadata,VA_ITM_MOVE,focus_forms/GLST001.fmx.md,specification_only,none
GLST001.fmx,metadata,VA_BTN,focus_forms/GLST001.fmx.md,specification_only,none
GLST001.fmx,metadata,MS Sans Serif,focus_forms/GLST001.fmx.md,specification_only,none
GLST001.fmx,metadata,VA_FLD,focus_forms/GLST001.fmx.md,specification_only,none
GLST001.fmx,metadata,VA_MNDTRY_FLD,focus_forms/GLST001.fmx.md,specification_only,none
GLST001.fmx,metadata,VA_CHK,focus_forms/GLST001.fmx.md,specification_only,none
GLST001.fmx,metadata,tahoma,focus_forms/GLST001.fmx.md,specification_only,none
GLST001.fmx,metadata,VA_LOV,focus_forms/GLST001.fmx.md,specification_only,none
GLST001.fmx,metadata,VA_CURREC,focus_forms/GLST001.fmx.md,specification_only,none
GLST001.fmx,metadata,VA_MAIN,focus_forms/GLST001.fmx.md,specification_only,none
GLST001.fmx,metadata,VA_SUM,focus_forms/GLST001.fmx.md,specification_only,none
GLST001.fmx,metadata,VA_EXP_DATE,focus_forms/GLST001.fmx.md,specification_only,none
GLST001.fmx,metadata,VA_BTCH_NO,focus_forms/GLST001.fmx.md,specification_only,none
GLST001.fmx,metadata,VA_WEIGH,focus_forms/GLST001.fmx.md,specification_only,none
GLST001.fmx,metadata,ADD_PROC2,focus_forms/GLST001.fmx.md,specification_only,none
GLST001.fmx,metadata,MASTER_JOURNAL_V,focus_forms/GLST001.fmx.md,specification_only,none
GLST001.fmx,metadata,/NSPC6/GET_DOC_NO,focus_forms/GLST001.fmx.md,specification_only,none
GLST001.fmx,metadata,DETAIL_JOURNAL_V,focus_forms/GLST001.fmx.md,specification_only,none
GLST001.fmx,metadata,IAS_CHECK_SYS_PKG,focus_forms/GLST001.fmx.md,specification_only,none
GLST001.fmx,metadata,"""PKG INIT""ADD_PROC2""V_CNT""V_PK_VAL""<cursor ptr>""<SQL statement. Line 48>""C_DTL""A_CODE""AC_CODE_DTL""AC_DTL_TYP""J_DESC""A_CY""J_AMT""J_AMT_F""CC_CODE""PJ_NO""ACTV_NO""LC_NO""REP_CODE""COL_NO""DOC_BRN_NO""CC""""",focus_forms/GLST001.fmx.md,specification_only,none
GLST001.fmx,metadata,ADD_F_DOC,focus_forms/GLST001.fmx.md,specification_only,none
GLST001.fmx,metadata,Where JV_TYPE =,focus_forms/GLST001.fmx.md,specification_only,none
GLST001.fmx,metadata,JV_TYPES,focus_forms/GLST001.fmx.md,specification_only,none
GLST001.fmx,metadata,"Nvl(CONN_JV_REQ,0)",focus_forms/GLST001.fmx.md,specification_only,none
GLST001.fmx,metadata,IAS_GEN_PKGIAS20142GET_FLD_VALUE,focus_forms/GLST001.fmx.md,specification_only,none
GLST001.fmx,metadata,Detail_Journal_V.A_Code,focus_forms/GLST001.fmx.md,specification_only,none
GLST001.fmx,metadata,IAS_CHECK_SYS_PKGIAS20142CHECK_USE_CCIAS,focus_forms/GLST001.fmx.md,specification_only,none
GLST001.fmx,metadata,IAS_CHECK_SYS_PKGIAS20142CHECK_USE_PJIAS,focus_forms/GLST001.fmx.md,specification_only,none
GLST001.fmx,metadata,Master_Journal_V.T_Desc,focus_forms/GLST001.fmx.md,specification_only,none
GLST001.fmx,metadata,"SELECT JV_TYPE,J_DOC_NO,BATCH_VAL,REF_NO,ATTACH_NO,BEN_NAME,REC_NAME,T_DESC,BRN_NO FROM MASTER_JOURNAL_V WHERE J_SER = :b1 AND ROWNUM <= 1""SELECT A_CODE,AC_CODE_DTL,AC_DTL_TYP,J_DESC,A_CY,J_AMT,J_AMT_F,CC_CODE,PJ_NO,ACTV_NO,LC_NO,REP_CODE,COL_NO,DOC_BRN_NO FROM DETAIL_JOURNAL_V WHERE J_SER = :b1 ORDER BY RCRD_NO""",focus_forms/GLST001.fmx.md,specification_only,none
GLST001.fmx,metadata,CALL_SCR_PRINT,focus_forms/GLST001.fmx.md,specification_only,none
GLST001.fmx,metadata,"""PKG INIT""CALL_SCR_PRINT""V_AUDIT_REF""V_STAND_BY""""",focus_forms/GLST001.fmx.md,specification_only,none
GLST001.fmx,metadata,Prnt.rep_smple,focus_forms/GLST001.fmx.md,specification_only,none
GLST001.fmx,metadata,Prnt.screen_btn,focus_forms/GLST001.fmx.md,specification_only,none
GLST001.fmx,metadata,Prnt.view_btn,focus_forms/GLST001.fmx.md,specification_only,none
GLST001.fmx,metadata,Prnt.print_doc_btn,focus_forms/GLST001.fmx.md,specification_only,none
GLST001.fmx,metadata,CHECK_DUPLICATE,focus_forms/GLST001.fmx.md,specification_only,none
GLST001.fmx,metadata,IAS_GET_DOC_DEL_FNC,focus_forms/GLST001.fmx.md,specification_only,none
GLST001.fmx,metadata,"""PKG INIT""CHECK_DUPLICATE""P_BLK""V_CNT""V_CHK_VAL""V_MAX_SCR""V_DOC_NO""<cursor ptr>""<SQL statement. Line 28>""<SQL statement. Line 43>""""",focus_forms/GLST001.fmx.md,specification_only,none
GLST001.fmx,metadata,IAS_GEN_PKGIAS20142GET_JV_SERIAS,focus_forms/GLST001.fmx.md,specification_only,none
GLST001.fmx,metadata,IAS_GET_DOC_DEL_FNCIAS20142IAS_GET_DOC_DEL_FNCIA,focus_forms/GLST001.fmx.md,specification_only,none
GLST001.fmx,metadata,"SELECT 1 FROM MASTER_JOURNAL_V WHERE BRN_NO = :b1 AND J_DOC_NO = :b2 AND JV_TYPE IN (SELECT JV_TYPE FROM JV_TYPES WHERE SEQUENCED IN (SELECT SEQUENCED FROM JV_TYPES WHERE JV_TYPE = :b3 )) AND ROWNUM <= 1""SELECT NVL(MAX(J_DOC_NO),0) + 1 FROM MASTER_JOURNAL_V WHERE BRN_NO = :b1 AND JV_TYPE IN (SELECT JV_TYPE FROM JV_TYPES WHERE NVL(SEQUENCED,0) IN (SELECT NVL(SEQUENCED,0) FROM JV_TYPES WHERE JV_TYPE = :b2 ))""",focus_forms/GLST001.fmx.md,specification_only,none
GLST001.fmx,metadata,CHK_B4SAVE_MST_PRC,focus_forms/GLST001.fmx.md,specification_only,none
GLST001.fmx,metadata,/NSPC6/CHECK_DUPLICATE,focus_forms/GLST001.fmx.md,specification_only,none
GLST001.fmx,metadata,"""PKG INIT""CHK_B4SAVE_MST_PRC""P_REC_ST""""",focus_forms/GLST001.fmx.md,specification_only,none
GLST001.fmx,metadata,DELETE_PROC,focus_forms/GLST001.fmx.md,specification_only,none
GLST001.fmx,metadata,IAS_CHK_BRN_UP_DEL_FNC,focus_forms/GLST001.fmx.md,specification_only,none
GLST001.fmx,metadata,/NSPC6/CHK_REM_NOT_ALLWD_RCV_DEL,focus_forms/GLST001.fmx.md,specification_only,none
GLST001.fmx,metadata,/NSPC6/CHK_INSTLMNT,focus_forms/GLST001.fmx.md,specification_only,none
GLST001.fmx,metadata,IAS_RQ_JRNL_DTL,focus_forms/GLST001.fmx.md,specification_only,none
GLST001.fmx,metadata,BGT_APRV_RQ_FNC_MST,focus_forms/GLST001.fmx.md,specification_only,none
GLST001.fmx,metadata,IAS_CHECK_LIGHT_TRANS_FNC,focus_forms/GLST001.fmx.md,specification_only,none
GLST001.fmx,metadata,COST_MASTER,focus_forms/GLST001.fmx.md,specification_only,none
GLST001.fmx,metadata,LC_MASTER,focus_forms/GLST001.fmx.md,specification_only,none
GLST001.fmx,metadata,IAS_INSTALLMENT_AR_PKG,focus_forms/GLST001.fmx.md,specification_only,none
GLST001.fmx,metadata,IAS_INSTALLMENT_AP_PKG,focus_forms/GLST001.fmx.md,specification_only,none
GLST001.fmx,metadata,IAS_INSTALLMENT_PI,focus_forms/GLST001.fmx.md,specification_only,none
GLST001.fmx,metadata,/NSPC6/AUDIT_PRC,focus_forms/GLST001.fmx.md,specification_only,none
GLST001.fmx,metadata,"""PKG INIT""DELETE_PROC""V_SHALT""V_CNT""V_FNC_APRV_SRL""V_FNC_APRV_TYP""<cursor ptr>""<SQL statement. Line 32>""<SQL statement. Line 44>""<SQL statement. Line 146>""<SQL statement. Line 170>""<SQL statement. Line 235>""""",focus_forms/GLST001.fmx.md,specification_only,none
GLST001.fmx,metadata,YS_GEN_PKGIAS20142CHK_LOCK_RCRDY,focus_forms/GLST001.fmx.md,specification_only,none
GLST001.fmx,metadata,IAS_CHK_BRN_UP_DEL_FNCIAS20142IAS_CHK_BRN_UP_DEL_FNC,focus_forms/GLST001.fmx.md,specification_only,none
GLST001.fmx,metadata,IAS_GEN_PKGIAS20142GET_DELETE_DOC_PERIOD,focus_forms/GLST001.fmx.md,specification_only,none
GLST001.fmx,metadata,Select 1,focus_forms/GLST001.fmx.md,specification_only,none
GLST001.fmx,metadata,From Master_Journal_V,focus_forms/GLST001.fmx.md,specification_only,none
GLST001.fmx,metadata,Where Jv_Type =,focus_forms/GLST001.fmx.md,specification_only,none
GLST001.fmx,metadata,And J_Doc_No =,focus_forms/GLST001.fmx.md,specification_only,none
GLST002.fmx,procedure,ACY_PRC,focus_forms/GLST002.fmx.md,specification_only,FMB/PLL/PKB
GLST002.fmx,procedure,ADD_PROC,focus_forms/GLST002.fmx.md,specification_only,FMB/PLL/PKB
GLST002.fmx,procedure,AUDIT_PRC,focus_forms/GLST002.fmx.md,specification_only,FMB/PLL/PKB
GLST002.fmx,procedure,B4SAVE_PRC,focus_forms/GLST002.fmx.md,specification_only,FMB/PLL/PKB
GLST002.fmx,procedure,CALL_SCREEN,focus_forms/GLST002.fmx.md,specification_only,FMB/PLL/PKB
GLST002.fmx,procedure,CASHNO_PRC,focus_forms/GLST002.fmx.md,specification_only,FMB/PLL/PKB
GLST002.fmx,procedure,CHECK_CR_LIMIT_PRC,focus_forms/GLST002.fmx.md,specification_only,FMB/PLL/PKB
GLST002.fmx,procedure,CHK_B4SAVE_DTL_PRC,focus_forms/GLST002.fmx.md,specification_only,FMB/PLL/PKB
GLST002.fmx,procedure,CHK_B4SAVE_MST_PRC,focus_forms/GLST002.fmx.md,specification_only,FMB/PLL/PKB
GLST002.fmx,procedure,CHK_BDGT_BLNC_PRC,focus_forms/GLST002.fmx.md,specification_only,FMB/PLL/PKB
GLST002.fmx,procedure,CHK_UPD_CHQNO_PRC,focus_forms/GLST002.fmx.md,specification_only,FMB/PLL/PKB
GLST002.fmx,procedure,DELETE_PROC,focus_forms/GLST002.fmx.md,specification_only,FMB/PLL/PKB
GLST002.fmx,procedure,DEL_DET_REC_PRC,focus_forms/GLST002.fmx.md,specification_only,FMB/PLL/PKB
GLST002.fmx,procedure,DIFF_FNC,focus_forms/GLST002.fmx.md,specification_only,FMB/PLL/PKB
GLST002.fmx,procedure,DMY_EXEC_TRG,focus_forms/GLST002.fmx.md,specification_only,FMB/PLL/PKB
GLST002.fmx,procedure,DSPLY_MNDTRY_FLD_PRC,focus_forms/GLST002.fmx.md,specification_only,FMB/PLL/PKB
GLST002.fmx,procedure,ENA_DIS_ITM_PRC,focus_forms/GLST002.fmx.md,specification_only,FMB/PLL/PKB
GLST002.fmx,procedure,EXIT_PROC,focus_forms/GLST002.fmx.md,specification_only,FMB/PLL/PKB
GLST002.fmx,procedure,FILL_ALL_LIST_PRC,focus_forms/GLST002.fmx.md,specification_only,FMB/PLL/PKB
GLST002.fmx,procedure,GEN_PKG,focus_forms/GLST002.fmx.md,specification_only,FMB/PLL/PKB
GLST002.fmx,procedure,GET_BL_CST_VND_FNC,focus_forms/GLST002.fmx.md,specification_only,FMB/PLL/PKB
GLST002.fmx,procedure,GET_BL_CST_VND_FNCIAS20142GET_BL_CST_VND_FNC,focus_forms/GLST002.fmx.md,specification_only,FMB/PLL/PKB
GLST002.fmx,procedure,HRS_ARTCL_PKG,focus_forms/GLST002.fmx.md,specification_only,FMB/PLL/PKB
GLST002.fmx,procedure,IAS_ACODE_PKG,focus_forms/GLST002.fmx.md,specification_only,FMB/PLL/PKB
GLST002.fmx,procedure,IAS_ACTV_PKG,focus_forms/GLST002.fmx.md,specification_only,FMB/PLL/PKB
GLST002.fmx,procedure,IAS_AUDIT_PKG,focus_forms/GLST002.fmx.md,specification_only,FMB/PLL/PKB
GLST002.fmx,procedure,IAS_AUD_SYS_PKG,focus_forms/GLST002.fmx.md,specification_only,FMB/PLL/PKB
GLST002.fmx,procedure,IAS_BRN_PKG,focus_forms/GLST002.fmx.md,specification_only,FMB/PLL/PKB
GLST002.fmx,procedure,IAS_CC_CODE_PKG,focus_forms/GLST002.fmx.md,specification_only,FMB/PLL/PKB
GLST002.fmx,procedure,IAS_CHECK_SYS_PKG,focus_forms/GLST002.fmx.md,specification_only,FMB/PLL/PKB
GLST002.fmx,procedure,IAS_CHK_LGHT_BRN_FNC,focus_forms/GLST002.fmx.md,specification_only,FMB/PLL/PKB
GLST002.fmx,procedure,IAS_CHK_LGHT_BRN_FNCIAS20142IAS_CHK_LGHT_BRN_FNC,focus_forms/GLST002.fmx.md,specification_only,FMB/PLL/PKB
GLST002.fmx,procedure,IAS_CSHBNK_PKG,focus_forms/GLST002.fmx.md,specification_only,FMB/PLL/PKB
GLST002.fmx,procedure,IAS_CST_PKG,focus_forms/GLST002.fmx.md,specification_only,FMB/PLL/PKB
GLST002.fmx,procedure,IAS_FETCH_DATA_PKG,focus_forms/GLST002.fmx.md,specification_only,FMB/PLL/PKB
GLST002.fmx,procedure,IAS_GEN_PKG,focus_forms/GLST002.fmx.md,specification_only,FMB/PLL/PKB
GLST002.fmx,procedure,IAS_GET_DOC_DEL_FNC,focus_forms/GLST002.fmx.md,specification_only,FMB/PLL/PKB
GLST002.fmx,procedure,IAS_GET_ENC_PASS_FNC,focus_forms/GLST002.fmx.md,specification_only,FMB/PLL/PKB
GLST002.fmx,procedure,IAS_GET_ENC_PASS_FNCIAS20142IAS_GET_ENC_PASS_FNC,focus_forms/GLST002.fmx.md,specification_only,FMB/PLL/PKB
GLST002.fmx,procedure,IAS_GL_LMT_PKG,focus_forms/GLST002.fmx.md,specification_only,FMB/PLL/PKB
GLST002.fmx,procedure,IAS_INSTALLMENT_AR_PKG,focus_forms/GLST002.fmx.md,specification_only,FMB/PLL/PKB
GLST002.fmx,procedure,IAS_PJ_PKG,focus_forms/GLST002.fmx.md,specification_only,FMB/PLL/PKB
GLST002.fmx,procedure,IAS_POST_IN_SAV_PKG,focus_forms/GLST002.fmx.md,specification_only,FMB/PLL/PKB
GLST002.fmx,procedure,IAS_PRMTR_PKG,focus_forms/GLST002.fmx.md,specification_only,FMB/PLL/PKB
GLST002.fmx,procedure,IAS_USR_PKG,focus_forms/GLST002.fmx.md,specification_only,FMB/PLL/PKB
GLST002.fmx,procedure,IAS_VNDR_PKG,focus_forms/GLST002.fmx.md,specification_only,FMB/PLL/PKB
GLST002.fmx,procedure,INSRT_CHEQ_TRACE_PRC,focus_forms/GLST002.fmx.md,specification_only,FMB/PLL/PKB
GLST002.fmx,procedure,KEY_LISTVAL_PRC,focus_forms/GLST002.fmx.md,specification_only,FMB/PLL/PKB
GLST002.fmx,procedure,LIST_PROC,focus_forms/GLST002.fmx.md,specification_only,FMB/PLL/PKB
GLST002.fmx,procedure,LOV_PKG,focus_forms/GLST002.fmx.md,specification_only,FMB/PLL/PKB
GLST002.fmx,procedure,LOV_TRG,focus_forms/GLST002.fmx.md,specification_only,FMB/PLL/PKB
GLST002.fmx,procedure,LYSERP_LIB,focus_forms/GLST002.fmx.md,specification_only,FMB/PLL/PKB
GLST002.fmx,procedure,POST_FORMS_COMMIT_PRC,focus_forms/GLST002.fmx.md,specification_only,FMB/PLL/PKB
GLST002.fmx,procedure,PRE_FORM_PRC,focus_forms/GLST002.fmx.md,specification_only,FMB/PLL/PKB
GLST002.fmx,procedure,PRINT_PROC,focus_forms/GLST002.fmx.md,specification_only,FMB/PLL/PKB
GLST002.fmx,procedure,SAVE_PROC,focus_forms/GLST002.fmx.md,specification_only,FMB/PLL/PKB
GLST002.fmx,procedure,SET_POS_PRC,focus_forms/GLST002.fmx.md,specification_only,FMB/PLL/PKB
GLST002.fmx,procedure,SRCH_DTL_PKG,focus_forms/GLST002.fmx.md,specification_only,FMB/PLL/PKB
GLST002.fmx,procedure,SYS_SCREEN,focus_forms/GLST002.fmx.md,specification_only,FMB/PLL/PKB
GLST002.fmx,procedure,UPDATE_PROC,focus_forms/GLST002.fmx.md,specification_only,FMB/PLL/PKB
GLST002.fmx,procedure,WHEN_NEW_FORM_INSTANCE_PRC,focus_forms/GLST002.fmx.md,specification_only,FMB/PLL/PKB
GLST002.fmx,procedure,WHEN_TAB_PAGE_CHANGED_PRC,focus_forms/GLST002.fmx.md,specification_only,FMB/PLL/PKB
GLST002.fmx,procedure,WHEN_TIMER_EXPIRED_PRC,focus_forms/GLST002.fmx.md,specification_only,FMB/PLL/PKB
GLST002.fmx,procedure,WIN_API,focus_forms/GLST002.fmx.md,specification_only,FMB/PLL/PKB
GLST002.fmx,procedure,YSERP_LIB,focus_forms/GLST002.fmx.md,specification_only,FMB/PLL/PKB
GLST002.fmx,procedure,YSERP_MNU,focus_forms/GLST002.fmx.md,specification_only,FMB/PLL/PKB
GLST002.fmx,procedure,YS_AC_DTL_PKG,focus_forms/GLST002.fmx.md,specification_only,FMB/PLL/PKB
GLST002.fmx,procedure,YS_EMP_PKG,focus_forms/GLST002.fmx.md,specification_only,FMB/PLL/PKB
GLST002.fmx,procedure,YS_GEN_PKG,focus_forms/GLST002.fmx.md,specification_only,FMB/PLL/PKB
GLST002.fmx,procedure,YS_GET_BLNC_AC_DTL_FNC,focus_forms/GLST002.fmx.md,specification_only,FMB/PLL/PKB
GLST002.fmx,procedure,YS_GET_BLNC_AC_DTL_FNCIAS20142YS_GET_BLNC_AC_DTL_FNC,focus_forms/GLST002.fmx.md,specification_only,FMB/PLL/PKB
GLST002.fmx,component,ADMT030.Fmx,focus_forms/GLST002.fmx.md,specification_only,FMB/PLL/PKB
GLST002.fmx,component,APST005.Fmx,focus_forms/GLST002.fmx.md,specification_only,FMB/PLL/PKB
GLST002.fmx,component,APST007.Fmx,focus_forms/GLST002.fmx.md,specification_only,FMB/PLL/PKB
GLST002.fmx,component,APST010.Fmx,focus_forms/GLST002.fmx.md,specification_only,FMB/PLL/PKB
GLST002.fmx,component,APST013.Fmx,focus_forms/GLST002.fmx.md,specification_only,FMB/PLL/PKB
GLST002.fmx,component,ARST004.Fmx,focus_forms/GLST002.fmx.md,specification_only,FMB/PLL/PKB
GLST002.fmx,component,ARST006.Fmx,focus_forms/GLST002.fmx.md,specification_only,FMB/PLL/PKB
GLST002.fmx,component,ARST016.Fmx,focus_forms/GLST002.fmx.md,specification_only,FMB/PLL/PKB
GLST002.fmx,component,ERP_CODE_TRNS.FMX,focus_forms/GLST002.fmx.md,specification_only,FMB/PLL/PKB
GLST002.fmx,component,Excel.exe,focus_forms/GLST002.fmx.md,specification_only,FMB/PLL/PKB
GLST002.fmx,component,GLST001.Fmx,focus_forms/GLST002.fmx.md,specification_only,FMB/PLL/PKB
GLST002.fmx,component,GLST002.Fmx,focus_forms/GLST002.fmx.md,specification_only,FMB/PLL/PKB
GLST002.fmx,component,GLST004.Fmx,focus_forms/GLST002.fmx.md,specification_only,FMB/PLL/PKB
GLST002.fmx,component,INVT003.Fmx,focus_forms/GLST002.fmx.md,specification_only,FMB/PLL/PKB
GLST002.fmx,component,INVT004.Fmx,focus_forms/GLST002.fmx.md,specification_only,FMB/PLL/PKB
GLST002.fmx,component,INVT005.Fmx,focus_forms/GLST002.fmx.md,specification_only,FMB/PLL/PKB
GLST002.fmx,component,INVT006.Fmx,focus_forms/GLST002.fmx.md,specification_only,FMB/PLL/PKB
GLST002.fmx,component,INVT007.Fmx,focus_forms/GLST002.fmx.md,specification_only,FMB/PLL/PKB
GLST002.fmx,component,INVT011.Fmx,focus_forms/GLST002.fmx.md,specification_only,FMB/PLL/PKB
GLST002.fmx,component,INVT012.Fmx,focus_forms/GLST002.fmx.md,specification_only,FMB/PLL/PKB
GLST002.fmx,component,YSERP_MNU.MMX,focus_forms/GLST002.fmx.md,specification_only,FMB/PLL/PKB
GLST002.fmx,sql,"SELECT VOUCHER_TYPE,CASH_NO,A_CY,VOUCHER_PAY_TYPE,VOUCHER_DATE,CC_CODE,A_DESC,CASH_AMT,CASH_AMTF,EX_RATE,REC_NAME,NVL(TRANSFER,0) TRANSFER,CHEQ_TYPE,COMM_PER,V_TYPE_NO,PJ_NO,ACTV_N",focus_forms/GLST002.fmx.md,observed_sql_indicator,PKB/SQL and schema
GLST002.fmx,sql,"SELECT EXTERNAL_POST FROM VOUCHERS WHERE V_SER = :b1 AND ROWNUM <= 1""SELECT 1 FROM CASH_AT_BANK WHERE BANK_NO = :b1 AND PAY_LETTER IS NOT NULL AND ROWNUM <= 1""SELECT 1 FROM CASH_AT",focus_forms/GLST002.fmx.md,observed_sql_indicator,PKB/SQL and schema
GLST002.fmx,sql,SELECT 1 FROM VOUCHERS WHERE BRN_NO = :b1 AND VOUCHER_TYPE = 2 AND VOUCHER_PAY_TYPE = :b2 AND VOUCHER_NO = :b3 AND BRN_NO = :b4 AND CASH_NO IN (SELECT CASH_NO FROM CASH_IN_HAND WHE,focus_forms/GLST002.fmx.md,observed_sql_indicator,PKB/SQL and schema
GLST002.fmx,sql,"SELECT IAS_DOC_SEQ_GL.NEXTVAL FROM DUAL""",focus_forms/GLST002.fmx.md,observed_sql_indicator,PKB/SQL and schema
GLST002.fmx,sql,"SELECT 1 FROM VOUCHER_DETAIL WHERE V_SER = :b1 AND EXISTS (SELECT 1 FROM COST_MASTER WHERE LC_NO = VOUCHER_DETAIL.LC_NO AND ROWNUM <= 1 ) AND ROWNUM <= 1""SELECT DISTINCT DOC_SER_RE",focus_forms/GLST002.fmx.md,observed_sql_indicator,PKB/SQL and schema
GLST002.fmx,sql,"SELECT IAS_DOC_SEQ_GL.NEXTVAL FROM DUAL""SELECT NVL(MAX(I_NO),0) + 1 FROM INSTALLMENT WHERE BILL_SER = :b1 AND BRN_NO = :b2 AND C_CODE = :b3""",focus_forms/GLST002.fmx.md,observed_sql_indicator,PKB/SQL and schema
GLST002.fmx,sql,"SELECT NVL(USE_AUDIT_DOC,0),NVL(POST_CHEQ_TYPE_PAY,9),NVL(CC_AVAIL,1),NVL(IAS_PARA_GL.NO_OF_DECIMAL,0),NVL(AR_AC_LINK_TYPE,1),NVL(AP_AC_LINK_TYPE,1),NVL(CREDIT_LIMIT_TYPE,0),NVL(DO",focus_forms/GLST002.fmx.md,observed_sql_indicator,PKB/SQL and schema
GLST002.fmx,sql,"SELECT V_SER,A_CODE,A_CY,CC_CODE,PJ_NO,C_CODE,V_CODE,LC_NO,SUM(AC_AMT) AC_AMT,SUM(AC_AMTF) AC_AMTF,SUM(OTR_AMT_L) OTR_AMT_L,SUM(OTR_AMT_F) OTR_AMT_F FROM VOUCHER_DETAIL WHERE V_SER",focus_forms/GLST002.fmx.md,observed_sql_indicator,PKB/SQL and schema
GLST002.fmx,sql,"SELECT NVL(CASH_SR,0),CASH_IN_HAND.A_CODE,DECODE(:b1,1,CASH_NAME,NVL(CASH_E_NAME,CASH_NAME)) FROM CASH_IN_HAND WHERE CASH_IN_HAND.CASH_NO = :b2""SELECT NVL(BANK_SR,0),CASH_AT_BANK.A",focus_forms/GLST002.fmx.md,observed_sql_indicator,PKB/SQL and schema
GLST002.fmx,sql,"SELECT PUR_TYPE FROM IAS_PI_BILL_MST WHERE BILL_SER = :b1""",focus_forms/GLST002.fmx.md,observed_sql_indicator,PKB/SQL and schema
GLST002.fmx,sql,"SELECT NVL(CASH_SR,0),CASH_IN_HAND.A_CODE,DECODE(:b1,1,CASH_NAME,NVL(CASH_E_NAME,CASH_NAME)),NVL(INACTIVE,0) FROM CASH_IN_HAND WHERE CASH_IN_HAND.CASH_NO = :b2""SELECT COUNT(*) FROM",focus_forms/GLST002.fmx.md,observed_sql_indicator,PKB/SQL and schema
GLST002.fmx,sql,"SELECT CRLIMIT_TYPE,CRLIMIT_PER FROM PRIVILEGE_FIXED WHERE U_ID = :b1""SELECT NVL(SUM(DR_AMT),0) - NVL(SUM(CR_AMT),0) FROM IAS_POST_DTL WHERE AC_CODE_DTL = :b1 AND AC_DTL_TYP = 3 AN",focus_forms/GLST002.fmx.md,observed_sql_indicator,PKB/SQL and schema
GLST002.fmx,sql,"SELECT ABS(DECODE(:b1,:b2,AC_AMT + NVL(OTR_AMT_L,0) ,AC_AMTF + NVL(OTR_AMT_F,0) )) FROM VOUCHER_DETAIL WHERE A_CODE = :b3 AND V_SER = :b4 AND BILL_SER = :b5 AND V_CODE = :b6 AND I_",focus_forms/GLST002.fmx.md,observed_sql_indicator,PKB/SQL and schema
GLST002.fmx,sql,"SELECT REP_CODE FROM CUSTOMER WHERE C_CODE = :b1""SELECT REP_CODE FROM IAS_CST_SMAN WHERE C_CODE = :b1 AND REP_CODE = :b2 AND ROWNUM <= 1""SELECT COUNT(1) FROM SALES_MAN WHERE CASH_N",focus_forms/GLST002.fmx.md,observed_sql_indicator,PKB/SQL and schema
GLST002.fmx,sql,"SELECT CONN_BRN_NO FROM CASH_IN_HAND WHERE CASH_NO = :b1 AND ROWNUM <= 1""SELECT CONN_BRN_NO FROM CASH_AT_BANK WHERE BANK_NO = :b1 AND ROWNUM <= 1""",focus_forms/GLST002.fmx.md,observed_sql_indicator,PKB/SQL and schema
GLST002.fmx,sql,"SELECT NVL(CASH_SR,0),CASH_IN_HAND.A_CODE,DECODE(:b1,1,CASH_NAME,NVL(CASH_E_NAME,CASH_NAME)) FROM CASH_IN_HAND WHERE CASH_IN_HAND.CASH_NO = :b2""SELECT NVL(MAX(VOUCHER_NO),0) + 1 FR",focus_forms/GLST002.fmx.md,observed_sql_indicator,PKB/SQL and schema
GLST002.fmx,sql,"SELECT 1 FROM IAS_CHEQ_TRACE WHERE V_SER = :b1 AND VOUCHER_TYPE = :b2 AND A_CODE = :b3 AND CHEQUE_NO = :b4 AND NVL(CHEQUE_VALUED,0) = NVL(:b5,0) AND VALUE_DATE = TO_CHAR(:b6,''dd/m",focus_forms/GLST002.fmx.md,observed_sql_indicator,PKB/SQL and schema
GLST002.fmx,sql,"SELECT 1 FROM IAS_RQ_VCHR_MST WHERE VOUCHER_TYPE = 2 AND VOUCHER_NO = :b1 AND V_SER = :b2 AND EXISTS (SELECT 1 FROM (SELECT V_SER,SUM(NVL(AC_AMT,0)) FROM IAS_RQ_VCHR_DTL WHERE VOUC",focus_forms/GLST002.fmx.md,observed_sql_indicator,PKB/SQL and schema
GLST002.fmx,sql,"SELECT 1 FROM GLS_BNK_CHQ_MST WHERE BANK_NO = :b1 AND CUR_CODE = :b2 AND ROWNUM <= 1""SELECT 1 FROM GLS_BNK_CHQ_DTL WHERE BANK_NO = :b1 AND CUR_CODE = :b2 AND CHQ_NO = :b3 AND ROWNU",focus_forms/GLST002.fmx.md,observed_sql_indicator,PKB/SQL and schema
GLST002.fmx,sql,"SELECT NULL ""FLD1"", NULL ""FLD2"", NULL ""FLD3"", NULL ""FLD4"", NULL ""FLD5"", NULL ""FLD6"", NULL ""FLD7"", NULL ""FLD8"", NULL ""FLD9"", NULL ""FLD10"", NULL ""FLD11"" , NULL ""FLD12"", NULL ""FLD13""",focus_forms/GLST002.fmx.md,observed_sql_indicator,PKB/SQL and schema
GLST002.fmx,sql,"SELECT NVL(CASH_SR,0),CASH_IN_HAND.A_CODE,DECODE(:b1,1,CASH_NAME,NVL(CASH_E_NAME,CASH_NAME)) FROM CASH_IN_HAND WHERE CASH_IN_HAND.CASH_NO = :b2""SELECT NVL(BANK_SR,0),CASH_AT_BANK.A",focus_forms/GLST002.fmx.md,observed_sql_indicator,PKB/SQL and schema
GLST002.fmx,sql,"SELECT 1 FROM HRS.HRS_PAY_FORM_DET WHERE HRS.HRS_PAY_FORM_DET.TRANS_NO = :b1 AND ROWNUM <= 1""SELECT DR_AMT,HRS.HRS_PAY_FORM_DET.A_CODE,CUST_NO,COST_CENTER,DESCRIPTION FROM HRS.HRS_",focus_forms/GLST002.fmx.md,observed_sql_indicator,PKB/SQL and schema
GLST002.fmx,sql,"SELECT PATH_EXCEL FROM IAS_PARA_GEN""",focus_forms/GLST002.fmx.md,observed_sql_indicator,PKB/SQL and schema
GLST002.fmx,sql,"SELECT ROUND(M.DOC_AMT,:b1) DOC_AMT,M.CUR_CODE,M.DOC_SRL,AC_CODE A_CODE,M.EMP_NO,M.CC_CODE,M.PJ_NO,M.ACTV_NO,M.DOC_TYP,M.TYP_NO,DOC_DSC FROM HRS_FIN_TRUST M WHERE NVL(OPN_TRUST_FLG",focus_forms/GLST002.fmx.md,observed_sql_indicator,PKB/SQL and schema
GLST002.fmx,sql,"SELECT DOC_SER_REF,DOC_TYPE_REF FROM IAS_RQ_VCHR_DTL WHERE V_SER = :b1 AND ROWNUM <= 1""UPDATE BGT_APRV_RQ_FNC_MST SET POSTED=1 WHERE DOC_SRL = :b1""",focus_forms/GLST002.fmx.md,observed_sql_indicator,PKB/SQL and schema
GLST002.fmx,sql,SELECT 1 FROM IAS_DESC_DOC,focus_forms/GLST002.fmx.md,observed_sql_indicator,PKB/SQL and schema
GLST002.fmx,sql,"SELECT 1 FROM CUSTOMER WHERE C_CODE = :b1 AND COL_NO = :b2 AND ROWNUM <= 1""SELECT 1 FROM IAS_CST_COL WHERE C_CODE = :b1 AND COL_NO = :b2 AND ROWNUM <= 1""",focus_forms/GLST002.fmx.md,observed_sql_indicator,PKB/SQL and schema
GLST002.fmx,sql,"SELECT 1 FROM GLS_BNK_CHQ_MST WHERE BANK_NO = :b1 AND CUR_CODE = :b2 AND ROWNUM <= 1""SELECT 1 FROM GLS_BNK_CHQ_DTL WHERE BANK_NO = :b1 AND CUR_CODE = :b2 AND CHQ_NO = :b3 AND ROWNU",focus_forms/GLST002.fmx.md,observed_sql_indicator,PKB/SQL and schema
GLST002.fmx,sql,"SELECT CRLIMIT_TYPE,CRLIMIT_PER FROM PRIVILEGE_FIXED WHERE U_ID = :b1""",focus_forms/GLST002.fmx.md,observed_sql_indicator,PKB/SQL and schema
GLST002.fmx,sql,"SELECT DESC_NO, DESC_A_DOC, DESC_E_DOC FROM IAS_DESC_DOC Order by DESC_NO",focus_forms/GLST002.fmx.md,observed_sql_indicator,PKB/SQL and schema
GLST002.fmx,sql,"SELECT M.J_DOC_NO,",focus_forms/GLST002.fmx.md,observed_sql_indicator,PKB/SQL and schema
GLST002.fmx,sql,"SELECT VOUCHER_NO,",focus_forms/GLST002.fmx.md,observed_sql_indicator,PKB/SQL and schema
GLST002.fmx,sql,"SELECT VOUCHER_NO,REF_NO,a_desc,VOUCHER_DATE,V_ser,",focus_forms/GLST002.fmx.md,observed_sql_indicator,PKB/SQL and schema
GLST002.fmx,sql,"SELECT cash_in_hand.cash_no,",focus_forms/GLST002.fmx.md,observed_sql_indicator,PKB/SQL and schema
GLST002.fmx,sql,"SELECT cur_no,customer_curr.A_CY,Decode(:Parameter.Lang_no,1,cur_name,cur_e_name ) cur_name ,cur_rate FROM EX_RATE,Customer_curr",focus_forms/GLST002.fmx.md,observed_sql_indicator,PKB/SQL and schema
GLST002.fmx,sql,"SELECT cur_no,vendor_curr.A_CY,Decode(:Parameter.Lang_no,1,cur_name,cur_e_name ) cur_name ,cur_rate FROM EX_RATE,vendor_curr",focus_forms/GLST002.fmx.md,observed_sql_indicator,PKB/SQL and schema
GLST002.fmx,sql,SELECT 1,focus_forms/GLST002.fmx.md,observed_sql_indicator,PKB/SQL and schema
GLST002.fmx,sql,"SELECT Actv_no,",focus_forms/GLST002.fmx.md,observed_sql_indicator,PKB/SQL and schema
GLST002.fmx,sql,"SELECT wo_no,Nvl(Wo_a_Name,Wo_E_name) Wo_type_name,wo_date,c_name,doc_desc,wo_ser",focus_forms/GLST002.fmx.md,observed_sql_indicator,PKB/SQL and schema
GLST002.fmx,sql,"SELECT doc_type_name (:parameter.lang_no, doc_type, bill_doc_type) doc_name,",focus_forms/GLST002.fmx.md,observed_sql_indicator,PKB/SQL and schema
GLST002.fmx,sql,"SELECT doc_no, doc_srl, cur_code, doc_amt, doc_date, doc_dsc",focus_forms/GLST002.fmx.md,observed_sql_indicator,PKB/SQL and schema
GLST002.fmx,sql,"SELECT col_no,",focus_forms/GLST002.fmx.md,observed_sql_indicator,PKB/SQL and schema
GLST002.fmx,sql,"SELECT DISTINCT Lc_Master.Lc_No,",focus_forms/GLST002.fmx.md,observed_sql_indicator,PKB/SQL and schema
GLST002.fmx,sql,"SELECT cur_no,priv_cash.A_CY A_Cy,Decode(:Parameter.Lang_no,1,cur_name,cur_e_name ) cur_name ,cur_rate",focus_forms/GLST002.fmx.md,observed_sql_indicator,PKB/SQL and schema
GLST002.fmx,sql,"SELECT doc_no, doc_srl, cur_code, doc_amt, doc_date, doc_dsc, emp_no,",focus_forms/GLST002.fmx.md,observed_sql_indicator,PKB/SQL and schema
GLST002.fmx,sql,"SELECT Doc_no, Doc_srl , Doc_date, Doc_dsc",focus_forms/GLST002.fmx.md,observed_sql_indicator,PKB/SQL and schema
GLST002.fmx,sql,"SELECT BANK_NO,",focus_forms/GLST002.fmx.md,observed_sql_indicator,PKB/SQL and schema
GLST002.fmx,sql,"SELECT 1 FROM VOUCHERS WHERE VOUCHER_TYPE = 2 AND VOUCHER_PAY_TYPE = :b1 AND VOUCHER_NO = :b2 AND BRN_NO = :b3 AND CASH_NO IN (SELECT CASH_NO FROM CASH_IN_HAND WHERE NVL(CASH_SR,0)",focus_forms/GLST002.fmx.md,observed_sql_indicator,PKB/SQL and schema
GLST002.fmx,sql,"SELECT 1 FROM HRS_FIN_TRUST WHERE DOC_NO = :b1 AND DOC_SRL = :b2 AND ROWNUM <= 1""SELECT 1 FROM HRS_PYMNT_FIN_TRUST_MST WHERE DOC_NO = :b1 AND DOC_SRL = :b2 AND ROWNUM <= 1""SELECT 1",focus_forms/GLST002.fmx.md,observed_sql_indicator,PKB/SQL and schema
GLST002.fmx,sql,"SELECT REPRS_CODE FROM SALES_MAN WHERE CASH_NO = :b1""",focus_forms/GLST002.fmx.md,observed_sql_indicator,PKB/SQL and schema
GLST002.fmx,sql,"UPDATE HRS_FIN_TRUST SET PRCSSD_FLG_GLS=1 WHERE DOC_NO = :b1 AND DOC_SRL = :b2""UPDATE HRS_PYMNT_FIN_TRUST_MST SET PRCSSD_FLG_GLS=1 WHERE DOC_NO = :b1 AND DOC_SRL = :b2""UPDATE HRS_L",focus_forms/GLST002.fmx.md,observed_sql_indicator,PKB/SQL and schema
GLST002.fmx,sql,"UPDATE GLS_BNK_CHQ_DTL SET CHQ_ST=1,DOC_NO_REF= NULL ,DOC_DATE_REF= NULL ,DOC_SRL_REF= NULL ,DOC_TYP_REF= NULL ,DOC_JV_TYP_REF= NULL WHERE DOC_SRL_REF = :b1""UPDATE HRS_FIN_TRUST SE",focus_forms/GLST002.fmx.md,observed_sql_indicator,PKB/SQL and schema
GLST002.fmx,sql,"SELECT REPRS_CODE FROM SALES_MAN WHERE CASH_NO = :b1""SELECT DOC_NO_REF,DOC_SER_REF,DOC_TYPE_REF,DOC_JV_TYPE_REF FROM VOUCHER_DETAIL WHERE V_SER = :b1 AND DOC_TYPE_REF IS NOT NULL A",focus_forms/GLST002.fmx.md,observed_sql_indicator,PKB/SQL and schema
GLST002.fmx,sql,"SELECT A_REPORT,USE_CC,USE_PJ FROM ACCOUNT WHERE A_CODE = :b1""",focus_forms/GLST002.fmx.md,observed_sql_indicator,PKB/SQL and schema
GLST002.fmx,sql,"SELECT 1 FROM COSTING_TYPES WHERE INV_AC = :b1 AND ROWNUM <= 1""",focus_forms/GLST002.fmx.md,observed_sql_indicator,PKB/SQL and schema
GLST002.fmx,sql,"SELECT SUM(AMT) FROM IAS_POST_DTL WHERE V_CODE = :b1""",focus_forms/GLST002.fmx.md,observed_sql_indicator,PKB/SQL and schema
GLST002.fmx,sql,"SELECT REP_CODE FROM CUSTOMER WHERE C_CODE = :b1 AND ROWNUM <= 1""SELECT REP_CODE FROM IAS_CST_SMAN WHERE C_CODE = :b1 AND REP_CODE = :b2 AND ROWNUM <= 1""SELECT COUNT(1) FROM SALES_",focus_forms/GLST002.fmx.md,observed_sql_indicator,PKB/SQL and schema
GLST002.fmx,sql,"SELECT NVL(ADD_FLAG,0) FROM IAS_PRIV_COLLECTORS WHERE U_ID = :b1 AND COL_NO = :b2 AND ROWNUM <= 1""",focus_forms/GLST002.fmx.md,observed_sql_indicator,PKB/SQL and schema
GLST002.fmx,sql,"SELECT A_REPORT,NVL(USE_CC,1),DECODE(:b1,1,A_NAME,A_NAME_ENG) FROM ACCOUNT WHERE A_CODE = :b2""SELECT 1 FROM COSTING_TYPES WHERE INV_AC = :b1 AND ROWNUM <= 1""",focus_forms/GLST002.fmx.md,observed_sql_indicator,PKB/SQL and schema
GLST002.fmx,sql,"SELECT REPRS_CODE FROM SALES_MAN WHERE CASH_NO = :b1""SELECT NVL(POS_SYS,0) FROM CASH_IN_HAND WHERE A_CODE = :b1 AND CASH_NO = :b2 AND ROWNUM <= 1""SELECT REPRS_CODE FROM SALES_MAN W",focus_forms/GLST002.fmx.md,observed_sql_indicator,PKB/SQL and schema
GLST002.fmx,sql,"SELECT BANK_NAME FROM IAS_VENDOR_BANK WHERE V_CODE = :b1 AND A_CY = :b2""",focus_forms/GLST002.fmx.md,observed_sql_indicator,PKB/SQL and schema
GLST002.fmx,sql,"SELECT 1 FROM LC_MASTER WHERE LC_NO = :b1 AND ((NVL(PROCESSED,0) = 1 AND NVL(LC_STATUS,0) = 0 ) OR (LC_STATUS = 1 AND LC_CLOSED = 1 )) AND ROWNUM <= 1""",focus_forms/GLST002.fmx.md,observed_sql_indicator,PKB/SQL and schema
GLST002.fmx,sql,"SELECT BILL_SER,I_NO FROM IAS_INSTALLMENT_PI WHERE BILL_NO = :b1 AND BILL_SER = :b2 AND V_CODE = :b3""SELECT ABS(DECODE(:b1,:b2,AC_AMT,AC_AMTF)) FROM VOUCHER_DETAIL WHERE A_CODE = :",focus_forms/GLST002.fmx.md,observed_sql_indicator,PKB/SQL and schema
GLST002.fmx,sql,"SELECT ABS(DECODE(:b1,:b2,AC_AMT,AC_AMTF)) FROM VOUCHER_DETAIL WHERE A_CODE = :b3 AND V_SER = :b4 AND RCRD_NO = :b5 AND BILL_SER = VOUCHER_DETAIL.BILL_SER AND V_CODE = :b6 AND I_NO",focus_forms/GLST002.fmx.md,observed_sql_indicator,PKB/SQL and schema
GLST002.fmx,sql,"SELECT 1 FROM VOUCHER_DETAIL,VOUCHERS WHERE VOUCHERS.V_SER = VOUCHER_DETAIL.V_SER AND VOUCHERS.VOUCHER_NO = VOUCHER_DETAIL.VOUCHER_NO AND VOUCHERS.VOUCHER_TYPE = 2 AND VOUCHERS.VOU",focus_forms/GLST002.fmx.md,observed_sql_indicator,PKB/SQL and schema
GLST002.fmx,sql,"SELECT 1 FROM USER_R WHERE U_ID = :b1 AND ROWNUM <= 1""",focus_forms/GLST002.fmx.md,observed_sql_indicator,PKB/SQL and schema
GLST002.fmx,sql,"SELECT 1 FROM VOUCHER_DETAIL WHERE VOUCHER_TYPE = 2 AND VOUCHER_PAY_TYPE = 2 AND CASH_NO = :b1 AND CHEQUE_NO = :b2 AND V_SER != :b3 AND ROWNUM <= 1""",focus_forms/GLST002.fmx.md,observed_sql_indicator,PKB/SQL and schema
GLST002.fmx,sql,"SELECT NVL(MAX(I_NO),0) + 1 FROM INSTALLMENT WHERE BILL_SER = :b1 AND BRN_NO = :b2 AND C_CODE = :b3""",focus_forms/GLST002.fmx.md,observed_sql_indicator,PKB/SQL and schema
GLST002.fmx,sql,"DELETE FROM INSTALLMENT WHERE DOC_TYPE = 3 AND BILL_SER = :b1 AND C_CODE = :b2 AND RCRD_NO = :b3""",focus_forms/GLST002.fmx.md,observed_sql_indicator,PKB/SQL and schema
GLST002.fmx,sql,"SELECT ROUND(SUM(DECODE(A_CY,:b1,NVL(AC_AMT,0),NVL(AC_AMTF,0))),:b2) FROM VOUCHER_DETAIL WHERE VOUCHER_TYPE = 2 AND V_CODE = NVL(:b3,''0'') AND A_CY = NVL(:b4,''0'') AND BILL_NO IS",focus_forms/GLST002.fmx.md,observed_sql_indicator,PKB/SQL and schema
GLST002.fmx,sql,"SELECT PASSWORD FROM USER_R WHERE U_ID = :b1 AND ROWNUM <= 1""",focus_forms/GLST002.fmx.md,observed_sql_indicator,PKB/SQL and schema
GLST002.fmx,metadata,GLST002,focus_forms/GLST002.fmx.md,specification_only,none
GLST002.fmx,metadata,YSERP_MNU.MMX,focus_forms/GLST002.fmx.md,specification_only,none
GLST002.fmx,metadata,AMERICAN_AMERICA.AR8MSWIN1256,focus_forms/GLST002.fmx.md,specification_only,none
GLST002.fmx,metadata,P8_19_NOV_201409_17_09,focus_forms/GLST002.fmx.md,specification_only,none
GLST002.fmx,metadata,SQLFORMS,focus_forms/GLST002.fmx.md,specification_only,none
GLST002.fmx,metadata,"""PKG INIT""<anonymous>""""",focus_forms/GLST002.fmx.md,specification_only,none
GLST002.fmx,metadata,P7_19_NOV_201409_17_09,focus_forms/GLST002.fmx.md,specification_only,none
GLST002.fmx,metadata,P0_10_SEP_201410_14_06,focus_forms/GLST002.fmx.md,specification_only,none
GLST002.fmx,metadata,P7_20_MAR_201409_17_52,focus_forms/GLST002.fmx.md,specification_only,none
GLST002.fmx,metadata,/LYSERP_LIB,focus_forms/GLST002.fmx.md,specification_only,none
GLST002.fmx,metadata,GEN_PKG,focus_forms/GLST002.fmx.md,specification_only,none
GLST002.fmx,metadata,P30_16_JAN_201412_58_41,focus_forms/GLST002.fmx.md,specification_only,none
GLST002.fmx,metadata,/NSPC7/PRE_FORM_PRC,focus_forms/GLST002.fmx.md,specification_only,none
GLST002.fmx,metadata,P29_16_JAN_201412_58_41,focus_forms/GLST002.fmx.md,specification_only,none
GLST002.fmx,metadata,!/NSPC7/WHEN_NEW_FORM_INSTANCE_PRC,focus_forms/GLST002.fmx.md,specification_only,none
GLST002.fmx,metadata,P28_16_JAN_201412_58_41,focus_forms/GLST002.fmx.md,specification_only,none
GLST002.fmx,metadata,/NSPC7/POST_FORMS_COMMIT_PRC,focus_forms/GLST002.fmx.md,specification_only,none
GLST002.fmx,metadata,P27_16_JAN_201412_58_41,focus_forms/GLST002.fmx.md,specification_only,none
GLST002.fmx,metadata,P26_16_JAN_201412_58_41,focus_forms/GLST002.fmx.md,specification_only,none
GLST002.fmx,metadata,P25_16_JAN_201412_58_41,focus_forms/GLST002.fmx.md,specification_only,none
GLST002.fmx,metadata,P24_16_JAN_201412_58_41,focus_forms/GLST002.fmx.md,specification_only,none
GLST002.fmx,metadata,P23_16_JAN_201412_58_41,focus_forms/GLST002.fmx.md,specification_only,none
GLST002.fmx,metadata,P22_16_JAN_201412_58_41,focus_forms/GLST002.fmx.md,specification_only,none
GLST002.fmx,metadata,P21_16_JAN_201412_58_41,focus_forms/GLST002.fmx.md,specification_only,none
GLST002.fmx,metadata,/NSPC7/EXIT_PROC,focus_forms/GLST002.fmx.md,specification_only,none
GLST002.fmx,metadata,P20_16_JAN_201412_58_41,focus_forms/GLST002.fmx.md,specification_only,none
GLST002.fmx,metadata,P19_16_JAN_201412_58_41,focus_forms/GLST002.fmx.md,specification_only,none
GLST002.fmx,metadata,STANDARD,focus_forms/GLST002.fmx.md,specification_only,none
GLST002.fmx,metadata,FORMS40,focus_forms/GLST002.fmx.md,specification_only,none
GLST002.fmx,metadata,VIEW_BTN,focus_forms/GLST002.fmx.md,specification_only,none
GLST002.fmx,metadata,SCREEN_BTN,focus_forms/GLST002.fmx.md,specification_only,none
GLST002.fmx,metadata,PRINT_DOC_BTN,focus_forms/GLST002.fmx.md,specification_only,none
GLST002.fmx,metadata,CANCEL_BTN,focus_forms/GLST002.fmx.md,specification_only,none
GLST002.fmx,metadata,PRINT_ST,focus_forms/GLST002.fmx.md,specification_only,none
GLST002.fmx,metadata,P18_16_JAN_201412_58_41,focus_forms/GLST002.fmx.md,specification_only,none
GLST002.fmx,metadata,Create -,focus_forms/GLST002.fmx.md,specification_only,none
GLST002.fmx,metadata,P17_16_JAN_201412_58_41,focus_forms/GLST002.fmx.md,specification_only,none
GLST002.fmx,metadata,FORMS4C,focus_forms/GLST002.fmx.md,specification_only,none
GLST002.fmx,metadata,/NSPC7/ADD_PROC,focus_forms/GLST002.fmx.md,specification_only,none
GLST002.fmx,metadata,BAR.ADD_Btn,focus_forms/GLST002.fmx.md,specification_only,none
GLST002.fmx,metadata,TRUE,focus_forms/GLST002.fmx.md,specification_only,none
GLST002.fmx,metadata,Delete -,focus_forms/GLST002.fmx.md,specification_only,none
GLST002.fmx,metadata,P16_16_JAN_201412_58_41,focus_forms/GLST002.fmx.md,specification_only,none
GLST002.fmx,metadata,/NSPC7/DELETE_PROC,focus_forms/GLST002.fmx.md,specification_only,none
GLST002.fmx,metadata,BAR.Del_Btn,focus_forms/GLST002.fmx.md,specification_only,none
GLST002.fmx,metadata,Accept -,focus_forms/GLST002.fmx.md,specification_only,none
GLST002.fmx,metadata,P15_16_JAN_201412_58_41,focus_forms/GLST002.fmx.md,specification_only,none
GLST002.fmx,metadata,/NSPC7/SAVE_PROC,focus_forms/GLST002.fmx.md,specification_only,none
GLST002.fmx,metadata,BAR.SAVE_Btn,focus_forms/GLST002.fmx.md,specification_only,none
GLST002.fmx,metadata,List -,focus_forms/GLST002.fmx.md,specification_only,none
GLST002.fmx,metadata,PU_003,focus_forms/GLST002.fmx.md,specification_only,none
GLST002.fmx,metadata,/NSPC7/LIST_PROC,focus_forms/GLST002.fmx.md,specification_only,none
GLST002.fmx,metadata,BAR.LIST_BTN,focus_forms/GLST002.fmx.md,specification_only,none
GLST002.fmx,metadata,Search_,focus_forms/GLST002.fmx.md,specification_only,none
GLST002.fmx,metadata,P13_16_JAN_201412_58_41,focus_forms/GLST002.fmx.md,specification_only,none
GLST002.fmx,metadata,/NSPC7/KEY_ENTQRY,focus_forms/GLST002.fmx.md,specification_only,none
GLST002.fmx,metadata,BAR.SeeK_Btn,focus_forms/GLST002.fmx.md,specification_only,none
GLST002.fmx,metadata,Exceute -,focus_forms/GLST002.fmx.md,specification_only,none
GLST002.fmx,metadata,P12_16_JAN_201412_58_41,focus_forms/GLST002.fmx.md,specification_only,none
GLST002.fmx,metadata,/NSPC7/KEY_EXEQRY,focus_forms/GLST002.fmx.md,specification_only,none
GLST002.fmx,metadata,BAR.SEEK_BTN,focus_forms/GLST002.fmx.md,specification_only,none
GLST002.fmx,metadata,Print -,focus_forms/GLST002.fmx.md,specification_only,none
GLST002.fmx,metadata,P11_16_JAN_201412_58_41,focus_forms/GLST002.fmx.md,specification_only,none
GLST002.fmx,metadata,/NSPC7/CALL_SCR_PRINT,focus_forms/GLST002.fmx.md,specification_only,none
GLST002.fmx,metadata,BAR.Print_Btn,focus_forms/GLST002.fmx.md,specification_only,none
GLST002.fmx,metadata,P10_16_JAN_201412_58_41,focus_forms/GLST002.fmx.md,specification_only,none
GLST002.fmx,metadata,/NSPC7/WHEN_TIMER_EXPIRED_PRC,focus_forms/GLST002.fmx.md,specification_only,none
GLST002.fmx,metadata,P9_16_JAN_201412_58_41,focus_forms/GLST002.fmx.md,specification_only,none
GLST002.fmx,metadata,P8_16_JAN_201412_58_41,focus_forms/GLST002.fmx.md,specification_only,none
GLST002.fmx,metadata,P4_12_FEB_201417_30_42,focus_forms/GLST002.fmx.md,specification_only,none
GLST002.fmx,metadata,/NSPC7/WHEN_TAB_PAGE_CHANGED_PRC,focus_forms/GLST002.fmx.md,specification_only,none
GLST002.fmx,metadata,P194_24_FEB_201419_22_52,focus_forms/GLST002.fmx.md,specification_only,none
GLST002.fmx,metadata,/NSPC7/CLEAR_ALL_MASTER_DETAILS,focus_forms/GLST002.fmx.md,specification_only,none
GLST002.fmx,metadata,P5_16_JAN_201412_58_41,focus_forms/GLST002.fmx.md,specification_only,none
GLST002.fmx,metadata,ADD_PROC,focus_forms/GLST002.fmx.md,specification_only,none
GLST002.fmx,metadata,IAS_GEN_PKG,focus_forms/GLST002.fmx.md,specification_only,none
GLST002.fmx,metadata,IAS20142,focus_forms/GLST002.fmx.md,specification_only,none
GLST002.fmx,metadata,/NSPC7/ENA_DIS_ITM,focus_forms/GLST002.fmx.md,specification_only,none
GLST002.fmx,metadata,FORMS4W,focus_forms/GLST002.fmx.md,specification_only,none
GLST002.fmx,metadata,/NSPC7/SETTING_DATE_CASH,focus_forms/GLST002.fmx.md,specification_only,none
GLST002.fmx,metadata,/NSPC7/LOAD_CASH_NO,focus_forms/GLST002.fmx.md,specification_only,none
GLST002.fmx,metadata,/NSPC7/POSTION,focus_forms/GLST002.fmx.md,specification_only,none
GLST002.fmx,metadata,"""PKG INIT""ADD_PROC""V_BRN_NO""V_TYPE""V_CSH_NO""V_ACY""V_CASH_RATE""STM""V_CC""V_PJ""V_CNT""""",focus_forms/GLST002.fmx.md,specification_only,none
GLST002.fmx,metadata,Select 1 From S_Prd_Mst,focus_forms/GLST002.fmx.md,specification_only,none
GLST002.fmx,metadata,where YR_CLS=1,focus_forms/GLST002.fmx.md,specification_only,none
GLST002.fmx,metadata,and RowNum<=1,focus_forms/GLST002.fmx.md,specification_only,none
GLST002.fmx,metadata,IAS_GEN_PKGIAS20142GET_CNTIA,focus_forms/GLST002.fmx.md,specification_only,none
GLST002.fmx,metadata,GLS_VCHR_MST_ACCNT,focus_forms/GLST002.fmx.md,specification_only,none
GLST002.fmx,metadata,.Brn_No,focus_forms/GLST002.fmx.md,specification_only,none
GLST002.fmx,metadata,IAS_GEN_PKGIAS20142GET_SYSDATEIA,focus_forms/GLST002.fmx.md,specification_only,none
GLST002.fmx,metadata,Vouchers.Cheq_Type,focus_forms/GLST002.fmx.md,specification_only,none
GLST002.fmx,metadata,IAS_GEN_PKGIAS20142GET_PROMPTIAS,focus_forms/GLST002.fmx.md,specification_only,none
GLST002.fmx,metadata,Vouchers.Cash_No,focus_forms/GLST002.fmx.md,specification_only,none
GLST002.fmx,metadata,Vouchers.V_Name,focus_forms/GLST002.fmx.md,specification_only,none
GLST002.fmx,metadata,Vouchers.Voucher_No,focus_forms/GLST002.fmx.md,specification_only,none
GLST002.fmx,metadata,Vouchers.Cc_code,focus_forms/GLST002.fmx.md,specification_only,none
GLST002.fmx,metadata,Vouchers.Transfer,focus_forms/GLST002.fmx.md,specification_only,none
GLST002.fmx,metadata,Voucher_Detail.Cheque_No,focus_forms/GLST002.fmx.md,specification_only,none
GLST002.fmx,metadata,DFLT_OPTN.CHEQUE_NO,focus_forms/GLST002.fmx.md,specification_only,none
GLST002.fmx,metadata,DFLT_OPTN.NOTE_NO,focus_forms/GLST002.fmx.md,specification_only,none
GLST002.fmx,metadata,Voucher_Detail.Value_Date,focus_forms/GLST002.fmx.md,specification_only,none
GLST002.fmx,metadata,Voucher_Detail.Note_No,focus_forms/GLST002.fmx.md,specification_only,none
GLST002.fmx,metadata,FALSE,focus_forms/GLST002.fmx.md,specification_only,none
GLST002.fmx,metadata,DFLT_OPTN.Cheque_No,focus_forms/GLST002.fmx.md,specification_only,none
GLST002.fmx,metadata,DFLT_OPTN.Value_Date,focus_forms/GLST002.fmx.md,specification_only,none
GLST002.fmx,metadata,Vouchers.v_type_no,focus_forms/GLST002.fmx.md,specification_only,none
GLST002.fmx,metadata,Vouchers.CASH_NO,focus_forms/GLST002.fmx.md,specification_only,none
GLST002.fmx,metadata,DEL_DET_REC_PRC,focus_forms/GLST002.fmx.md,specification_only,none
GLST002.fmx,metadata,"""PKG INIT""DEL_DET_REC_PRC""P_BLK_NM""""",focus_forms/GLST002.fmx.md,specification_only,none
GLST002.fmx,metadata,DETAIL_BLOCK_NAME_2,focus_forms/GLST002.fmx.md,specification_only,none
GLST002.fmx,metadata,DETAIL_BLOCK_NAME_n,focus_forms/GLST002.fmx.md,specification_only,none
GLST002.fmx,metadata,VA_ITM_MOVE,focus_forms/GLST002.fmx.md,specification_only,none
GLST002.fmx,metadata,VA_BTN,focus_forms/GLST002.fmx.md,specification_only,none
GLST002.fmx,metadata,MS Sans Serif,focus_forms/GLST002.fmx.md,specification_only,none
GLST002.fmx,metadata,VA_FLD,focus_forms/GLST002.fmx.md,specification_only,none
GLST002.fmx,metadata,VA_MNDTRY_FLD,focus_forms/GLST002.fmx.md,specification_only,none
GLST002.fmx,metadata,VA_CHK,focus_forms/GLST002.fmx.md,specification_only,none
GLST002.fmx,metadata,tahoma,focus_forms/GLST002.fmx.md,specification_only,none
GLST002.fmx,metadata,VA_LOV,focus_forms/GLST002.fmx.md,specification_only,none
GLST002.fmx,metadata,VA_CURREC,focus_forms/GLST002.fmx.md,specification_only,none
GLST002.fmx,metadata,VA_MAIN,focus_forms/GLST002.fmx.md,specification_only,none
GLST002.fmx,metadata,VA_SUM,focus_forms/GLST002.fmx.md,specification_only,none
GLST002.fmx,metadata,VA_EXP_DATE,focus_forms/GLST002.fmx.md,specification_only,none
GLST002.fmx,metadata,VA_BTCH_NO,focus_forms/GLST002.fmx.md,specification_only,none
GLST002.fmx,metadata,VA_WEIGH,focus_forms/GLST002.fmx.md,specification_only,none
GLST002.fmx,metadata,VA_FREE_QTY,focus_forms/GLST002.fmx.md,specification_only,none
GLST002.fmx,metadata,VA_DISC,focus_forms/GLST002.fmx.md,specification_only,none
GLST002.fmx,metadata,VA_VAT,focus_forms/GLST002.fmx.md,specification_only,none
GLST002.fmx,metadata,VA_MOV,focus_forms/GLST002.fmx.md,specification_only,none
GLST002.fmx,metadata,ADD_PROC2,focus_forms/GLST002.fmx.md,specification_only,none
GLST002.fmx,metadata,VOUCHERS,focus_forms/GLST002.fmx.md,specification_only,none
GLST002.fmx,metadata,IAS_USR_PKG,focus_forms/GLST002.fmx.md,specification_only,none
GLST002.fmx,metadata,VOUCHER_DETAIL,focus_forms/GLST002.fmx.md,specification_only,none
GLST002.fmx,metadata,YS_AC_DTL_PKG,focus_forms/GLST002.fmx.md,specification_only,none
GLST002.fmx,metadata,IAS_CHECK_SYS_PKG,focus_forms/GLST002.fmx.md,specification_only,none
GLST002.fmx,metadata,"""PKG INIT""ADD_PROC2""V_PK_VAL""V_DOC_SER""V_PAY_TYP""SHAT""V_AMT""V_AMTF""V_CNT""CM""<cursor ptr>""VOUCHER_TYPE""CASH_NO""A_CY""VOUCHER_PAY_TYPE""VOUCHER_DATE""CC_CODE""A_DESC""CASH_AMT""CASH_AMTF""EX_RATE""REC_NAME""TRANSFER""CHEQ_TYPE""COMM_PER""V_TYPE_NO""PJ_NO""ACTV_NO""STAND_BY""ATTACH_NO""REF_NO""REF_NAME""BRN_NO""I""A_CODE""AC_CODE_DTL""AC_DTL_TYP""AC_DESC""RCRD_NO""C_CODE""V_CODE""AC_AMT""AC_AMTF""DOC_BRN_NO""OTR_AMT_L""OTR_AMT_F""""",focus_forms/GLST002.fmx.md,specification_only,none
GLST002.fmx,metadata,ADD_F_DOC,focus_forms/GLST002.fmx.md,specification_only,none
GLST002.fmx,metadata,IAS_USR_PKGIAS20142CHK_USR_CC_PRVIAS,focus_forms/GLST002.fmx.md,specification_only,none
GLST002.fmx,metadata,voucher_detail,focus_forms/GLST002.fmx.md,specification_only,none
GLST002.fmx,metadata,IAS_USR_PKGIAS20142CHK_USR_AC_PRVIAS,focus_forms/GLST002.fmx.md,specification_only,none
GLST002.fmx,metadata,YS_AC_DTL_PKGIAS20142GET_AC_DTL_NMYS,focus_forms/GLST002.fmx.md,specification_only,none
GLST002.fmx,metadata,IAS_CHECK_SYS_PKGIAS20142CHECK_USE_CCIAS,focus_forms/GLST002.fmx.md,specification_only,none
GLST002.fmx,metadata,IAS_CHECK_SYS_PKGIAS20142CHECK_USE_PJIAS,focus_forms/GLST002.fmx.md,specification_only,none
GLST002.fmx,metadata,Voucher_detaiL.NOTE_NO,focus_forms/GLST002.fmx.md,specification_only,none
GLST002.fmx,metadata,"$""(""",focus_forms/GLST002.fmx.md,specification_only,none
GLST002.fmx,metadata,",""D""",focus_forms/GLST002.fmx.md,specification_only,none
GLST002.fmx,metadata,"H""`""",focus_forms/GLST002.fmx.md,specification_only,none
GLST002.fmx,metadata,"d""|""",focus_forms/GLST002.fmx.md,specification_only,none
GLST002.fmx,metadata,0#H#,focus_forms/GLST002.fmx.md,specification_only,none
GLST002.fmx,metadata,L#d#,focus_forms/GLST002.fmx.md,specification_only,none
GLST002.fmx,metadata,"SELECT VOUCHER_TYPE,CASH_NO,A_CY,VOUCHER_PAY_TYPE,VOUCHER_DATE,CC_CODE,A_DESC,CASH_AMT,CASH_AMTF,EX_RATE,REC_NAME,NVL(TRANSFER,0) TRANSFER,CHEQ_TYPE,COMM_PER,V_TYPE_NO,PJ_NO,ACTV_NO,NVL(STAND_BY,0) STAND_BY,ATTACH_NO,REF_NO,REF_NAME,BRN_NO FROM VOUCHERS WHERE V_SER = :b1""SELECT A_CODE,AC_CODE_DTL,AC_DTL_TYP,A_CY,AC_DESC,RCRD_NO,CC_CODE,PJ_NO,REF_NO,EX_RATE,C_CODE,V_CODE,AC_AMT,AC_AMTF,ACTV_NO,DOC_BRN_NO,OTR_AMT_L,OTR_AMT_F FROM VOUCHER_DETAIL WHERE V_SER = :b1""",focus_forms/GLST002.fmx.md,specification_only,none
GLST002.fmx,metadata,B4SAVE_PRC,focus_forms/GLST002.fmx.md,specification_only,none
GLST002.fmx,metadata,/NSPC7/CHECK_FIELDS,focus_forms/GLST002.fmx.md,specification_only,none
GLST002.fmx,metadata,/NSPC7/CHK_UPD_PSTD_FNC_APRV,focus_forms/GLST002.fmx.md,specification_only,none
GLST002.fmx,metadata,/NSPC7/AUDIT_PRC,focus_forms/GLST002.fmx.md,specification_only,none
GLST002.fmx,metadata,CASH_AT_BANK,focus_forms/GLST002.fmx.md,specification_only,none
GLST002.fmx,metadata,ACCOUNT_CURR,focus_forms/GLST002.fmx.md,specification_only,none
GLST002.fmx,metadata,INTERFACE_ACC,focus_forms/GLST002.fmx.md,specification_only,none
GLST002.fmx,metadata,/NSPC7/CHECK_DUPLICATE_BILL_NO,focus_forms/GLST002.fmx.md,specification_only,none
GLST002.fmx,metadata,IAS_CSHBNK_PKG,focus_forms/GLST002.fmx.md,specification_only,none
GLST002.fmx,metadata,IAS_CHK_LGHT_BRN_FNC,focus_forms/GLST002.fmx.md,specification_only,none
GLST002.fmx,metadata,"""PKG INIT""B4SAVE_PRC""CNT""CNT2""<cursor ptr>""<SQL statement. Line 125>""<SQL statement. Line 147>""<SQL statement. Line 157>""<SQL statement. Line 176>""V_CHK""""",focus_forms/GLST002.fmx.md,specification_only,none
GLST002.fmx,metadata,CHANGED,focus_forms/GLST002.fmx.md,specification_only,none
GLST002.fmx,metadata,PARAMETER.BLK,focus_forms/GLST002.fmx.md,specification_only,none
GLST002.fmx,metadata,Bar.Save_Btn,focus_forms/GLST002.fmx.md,specification_only,none
GLST002.fmx,metadata,Voucher_Detail,focus_forms/GLST002.fmx.md,specification_only,none
GLST002.fmx,metadata,Select 1,focus_forms/GLST002.fmx.md,specification_only,none
GLST002.fmx,metadata,From Vouchers,focus_forms/GLST002.fmx.md,specification_only,none
GLST002.fmx,metadata,Where Voucher_Type=,focus_forms/GLST002.fmx.md,specification_only,none
GLST002.fmx,metadata,And v_ser=,focus_forms/GLST002.fmx.md,specification_only,none
GLST002.fmx,metadata,"And Nvl(AUDIT_REF,0)=1",focus_forms/GLST002.fmx.md,specification_only,none
GLST002.fmx,metadata,And RowNum<=1,focus_forms/GLST002.fmx.md,specification_only,none
GLST002.fmx,metadata,Vouchers.Ref_no,focus_forms/GLST002.fmx.md,specification_only,none
GLST002.fmx,metadata,And VOUCHER_PAY_TYPE=,focus_forms/GLST002.fmx.md,specification_only,none
GLST002.fmx,metadata,And CASH_NO=,focus_forms/GLST002.fmx.md,specification_only,none
GLST002.fmx,metadata,"And Nvl(Voucher_Post,0)=1",focus_forms/GLST002.fmx.md,specification_only,none
GLST002.fmx,metadata,And V_Ser=,focus_forms/GLST002.fmx.md,specification_only,none
GLST002.fmx,metadata,And Move_Cheq_Py=1,focus_forms/GLST002.fmx.md,specification_only,none
GLST002.fmx,metadata,IAS_CSHBNK_PKGIAS20142CHK_CB_BRN,focus_forms/GLST002.fmx.md,specification_only,none
GLST002.fmx,metadata,IAS_CHK_LGHT_BRN_FNCIAS20142IAS_CHK_LGHT_BRN_FNC,focus_forms/GLST002.fmx.md,specification_only,none
MRPACS004.fmx,procedure,ACTUAL_PRODUCTIVITY_FNC,focus_forms/MRPACS004.fmx.md,specification_only,FMB/PLL/PKB
MRPACS004.fmx,procedure,ATT_PKG,focus_forms/MRPACS004.fmx.md,specification_only,FMB/PLL/PKB
MRPACS004.fmx,procedure,AVALIVALE_TIME_FNC,focus_forms/MRPACS004.fmx.md,specification_only,FMB/PLL/PKB
MRPACS004.fmx,procedure,BOM_PKG,focus_forms/MRPACS004.fmx.md,specification_only,FMB/PLL/PKB
MRPACS004.fmx,procedure,BTN_CLR_FORM,focus_forms/MRPACS004.fmx.md,specification_only,FMB/PLL/PKB
MRPACS004.fmx,procedure,CHK_BRN_PARAMTRS_PRC,focus_forms/MRPACS004.fmx.md,specification_only,FMB/PLL/PKB
MRPACS004.fmx,procedure,COMMIT_FORM,focus_forms/MRPACS004.fmx.md,specification_only,FMB/PLL/PKB
MRPACS004.fmx,procedure,EXIT_FORM,focus_forms/MRPACS004.fmx.md,specification_only,FMB/PLL/PKB
MRPACS004.fmx,procedure,EXPECTED_PRODUCTION_FNC,focus_forms/MRPACS004.fmx.md,specification_only,FMB/PLL/PKB
MRPACS004.fmx,procedure,FUNC_PKG,focus_forms/MRPACS004.fmx.md,specification_only,FMB/PLL/PKB
MRPACS004.fmx,procedure,GNR_PKG,focus_forms/MRPACS004.fmx.md,specification_only,FMB/PLL/PKB
MRPACS004.fmx,procedure,IAS_ITM_PKG,focus_forms/MRPACS004.fmx.md,specification_only,FMB/PLL/PKB
MRPACS004.fmx,procedure,MPS_PKG,focus_forms/MRPACS004.fmx.md,specification_only,FMB/PLL/PKB
MRPACS004.fmx,procedure,MRPSFC_PKG,focus_forms/MRPACS004.fmx.md,specification_only,FMB/PLL/PKB
MRPACS004.fmx,procedure,MRP_DBS_PKG,focus_forms/MRPACS004.fmx.md,specification_only,FMB/PLL/PKB
MRPACS004.fmx,procedure,MRP_PKG,focus_forms/MRPACS004.fmx.md,specification_only,FMB/PLL/PKB
MRPACS004.fmx,procedure,MRP_UPDATE_AVGCST_PRC,focus_forms/MRPACS004.fmx.md,specification_only,FMB/PLL/PKB
MRPACS004.fmx,procedure,PCM_PKG,focus_forms/MRPACS004.fmx.md,specification_only,FMB/PLL/PKB
MRPACS004.fmx,procedure,PLAND_PRODUCTION_FNC,focus_forms/MRPACS004.fmx.md,specification_only,FMB/PLL/PKB
MRPACS004.fmx,procedure,REP_PKG,focus_forms/MRPACS004.fmx.md,specification_only,FMB/PLL/PKB
MRPACS004.fmx,procedure,RPS_PKG,focus_forms/MRPACS004.fmx.md,specification_only,FMB/PLL/PKB
MRPACS004.fmx,procedure,TOTAL_TIME_FNC,focus_forms/MRPACS004.fmx.md,specification_only,FMB/PLL/PKB
MRPACS004.fmx,procedure,TRAC_PKG,focus_forms/MRPACS004.fmx.md,specification_only,FMB/PLL/PKB
MRPACS004.fmx,procedure,WEIGHT_PKG,focus_forms/MRPACS004.fmx.md,specification_only,FMB/PLL/PKB
MRPACS004.fmx,component,IASMENU.MMX,focus_forms/MRPACS004.fmx.md,specification_only,FMB/PLL/PKB
MRPACS004.fmx,component,MRPSFC025.FMX,focus_forms/MRPACS004.fmx.md,specification_only,FMB/PLL/PKB
MRPACS004.fmx,sql,"SELECT BRANCH_USER FROM MRP_PCM_MRP_ONX_BRNCH WHERE P_CNTU = 0 AND CMP_NO = :b1 AND BRN_NO = :b2 ORDER BY 1""SELECT VALUE FROM WM_INSTALLATION WHERE VALUE LIKE ''%10.%'' OR VALUE LI",focus_forms/MRPACS004.fmx.md,observed_sql_indicator,PKB/SQL and schema
MRPACS004.fmx,sql,"DELETE FROM S_MSGS""",focus_forms/MRPACS004.fmx.md,observed_sql_indicator,PKB/SQL and schema
MRPACS004.fmx,sql,"DELETE FROM S_LABELS""",focus_forms/MRPACS004.fmx.md,observed_sql_indicator,PKB/SQL and schema
MRPACS004.fmx,sql,"SELECT COUNT(*) FROM USER_TAB_COLUMNS WHERE TABLE_NAME = :b1 AND COLUMN_NAME = :b2""SELECT COUNT(*) FROM TAB WHERE TNAME = :b1""",focus_forms/MRPACS004.fmx.md,observed_sql_indicator,PKB/SQL and schema
MRPACS004.fmx,sql,"DELETE FROM S_FLAGS""",focus_forms/MRPACS004.fmx.md,observed_sql_indicator,PKB/SQL and schema
MRPACS004.fmx,sql,"SELECT COUNT(1) FROM USER_CONSTRAINTS A,USER_CONS_COLUMNS B WHERE A.OWNER = B.OWNER AND A.CONSTRAINT_NAME = B.CONSTRAINT_NAME AND A.TABLE_NAME = B.TABLE_NAME AND A.TABLE_NAME = DEC",focus_forms/MRPACS004.fmx.md,observed_sql_indicator,PKB/SQL and schema
MRPACS004.fmx,sql,SELECT S_USERID,focus_forms/MRPACS004.fmx.md,observed_sql_indicator,PKB/SQL and schema
MRPACS004.fmx,sql,"SELECT NVL(MAX(D_ID ),0)+1",focus_forms/MRPACS004.fmx.md,observed_sql_indicator,PKB/SQL and schema
MRPACS004.fmx,sql,"INSERT INTO ALL_COL_HISTORY( D_ID ,TABLE_NAME ,OP ,USERID ,USERNAME ,CHANGDATE,PROGNAME ,COL ,NEW ,OLD )",focus_forms/MRPACS004.fmx.md,observed_sql_indicator,PKB/SQL and schema
MRPACS004.fmx,sql,"SELECT COUNT(1) FROM TAB WHERE TABTYPE = ''TABLE'' AND TNAME LIKE ''%MRP_%''""SELECT COUNT(1) FROM S_COMPNY""SELECT COUNT(1) FROM S_SYSTEM""SELECT COUNT(1) FROM S_SYSTEM_NAME""SELECT C",focus_forms/MRPACS004.fmx.md,observed_sql_indicator,PKB/SQL and schema
MRPACS004.fmx,sql,"SELECT CONSTRAINT_NAME,R_CONSTRAINT_NAME,TABLE_NAME FROM USER_CONSTRAINTS WHERE CONSTRAINT_TYPE = ''R'' ORDER BY R_CONSTRAINT_NAME""SELECT CONSTRAINT_NAME,TABLE_NAME FROM USER_CONST",focus_forms/MRPACS004.fmx.md,observed_sql_indicator,PKB/SQL and schema
MRPACS004.fmx,sql,"SELECT DISTINCT M.CMP_NO, M.BRN_NO, M.BOM_CODE , M.ITEM_CODE",focus_forms/MRPACS004.fmx.md,observed_sql_indicator,PKB/SQL and schema
MRPACS004.fmx,sql,SELECT LOWER(CC_CODE) INTO VCC,focus_forms/MRPACS004.fmx.md,observed_sql_indicator,PKB/SQL and schema
MRPACS004.fmx,sql,UPDATE MRP_PCM_STD_COST_VAR_MSTR,focus_forms/MRPACS004.fmx.md,observed_sql_indicator,PKB/SQL and schema
MRPACS004.fmx,sql,UPDATE MRP_PCM_STD_COST_VAR_DLS,focus_forms/MRPACS004.fmx.md,observed_sql_indicator,PKB/SQL and schema
MRPACS004.fmx,sql,"DELETE FROM TRAC_PROG_D WHERE FORM_NO IN(7503,7561)",focus_forms/MRPACS004.fmx.md,observed_sql_indicator,PKB/SQL and schema
MRPACS004.fmx,sql,"DELETE FROM TRAC_PROG_M WHERE FORM_NO IN(7503,7561)",focus_forms/MRPACS004.fmx.md,observed_sql_indicator,PKB/SQL and schema
MRPACS004.fmx,sql,"DELETE FROM S_USERROLE WHERE FORM_NO IN(7503,7561)",focus_forms/MRPACS004.fmx.md,observed_sql_indicator,PKB/SQL and schema
MRPACS004.fmx,sql,"DELETE FROM S_SYSTEM_NAME WHERE FORM_NO IN(7503,7561)",focus_forms/MRPACS004.fmx.md,observed_sql_indicator,PKB/SQL and schema
MRPACS004.fmx,sql,"DELETE FROM S_SYSTEM WHERE FORM_NO IN(7503,7561)",focus_forms/MRPACS004.fmx.md,observed_sql_indicator,PKB/SQL and schema
MRPACS004.fmx,sql,SELECT ALL,focus_forms/MRPACS004.fmx.md,observed_sql_indicator,PKB/SQL and schema
MRPACS004.fmx,sql,UPDATE MRP_MPS_BATCHES,focus_forms/MRPACS004.fmx.md,observed_sql_indicator,PKB/SQL and schema
MRPACS004.fmx,sql,UPDATE MRP_CRP_RESOURCES SET AVLBLE_ALL = 0 WHERE AVLBLE_ALL IS NULL,focus_forms/MRPACS004.fmx.md,observed_sql_indicator,PKB/SQL and schema
MRPACS004.fmx,sql,UPDATE MRP_CRP_ITEMS_CLASS_OPTIONS SET CMP_NO =,focus_forms/MRPACS004.fmx.md,observed_sql_indicator,PKB/SQL and schema
MRPACS004.fmx,sql,UPDATE MRP_CRP_ITEMS_CATEGORY SET CMP_NO =,focus_forms/MRPACS004.fmx.md,observed_sql_indicator,PKB/SQL and schema
MRPACS004.fmx,sql,UPDATE MRP_SFC_REQUEST_OPT_QTY SET CMP_NO =,focus_forms/MRPACS004.fmx.md,observed_sql_indicator,PKB/SQL and schema
MRPACS004.fmx,sql,UPDATE MRP_PQC_P_SPECIFICATIONS_MTR SET CMP_NO =,focus_forms/MRPACS004.fmx.md,observed_sql_indicator,PKB/SQL and schema
MRPACS004.fmx,sql,UPDATE MRP_MRP_SEIZED_MATERIALS SET CMP_NO =,focus_forms/MRPACS004.fmx.md,observed_sql_indicator,PKB/SQL and schema
MRPACS004.fmx,sql,UPDATE MRP_MPS_CMPNY_PLN_ITEMS SET CMP_NO =,focus_forms/MRPACS004.fmx.md,observed_sql_indicator,PKB/SQL and schema
MRPACS004.fmx,sql,UPDATE MRP_MPS_BRNCH_PLN_ITEMS SET CMP_NO =,focus_forms/MRPACS004.fmx.md,observed_sql_indicator,PKB/SQL and schema
MRPACS004.fmx,sql,"SELECT b.F_SYS,",focus_forms/MRPACS004.fmx.md,observed_sql_indicator,PKB/SQL and schema
MRPACS004.fmx,sql,SELECT D.YER_CODE|| D.PERIOD_CODE,focus_forms/MRPACS004.fmx.md,observed_sql_indicator,PKB/SQL and schema
MRPACS004.fmx,sql,"SELECT DISTINCT MRP_CRP_ITEMS_DETAILS.ITEM_CODE , ITEM_NAME_A, ITEM_NAME_F ,",focus_forms/MRPACS004.fmx.md,observed_sql_indicator,PKB/SQL and schema
MRPACS004.fmx,sql,SELECT DISTINCT ITEM_SCRAP,focus_forms/MRPACS004.fmx.md,observed_sql_indicator,PKB/SQL and schema
MRPACS004.fmx,sql,"SELECT DISTINCT CMP_NO,BRN_NO,SHF_CODE,LN_CODE",focus_forms/MRPACS004.fmx.md,observed_sql_indicator,PKB/SQL and schema
MRPACS004.fmx,sql,"SELECT CC_BENEFICIAL, CC_BENEFICIARY ,per, c.dcr_code , C.typ , cc.cc_ctgry",focus_forms/MRPACS004.fmx.md,observed_sql_indicator,PKB/SQL and schema
MRPACS004.fmx,sql,SELECT DISTINCT,focus_forms/MRPACS004.fmx.md,observed_sql_indicator,PKB/SQL and schema
MRPACS004.fmx,sql,"SELECT DISTINCT P.CMP_NO ,",focus_forms/MRPACS004.fmx.md,observed_sql_indicator,PKB/SQL and schema
MRPACS004.fmx,sql,"SELECT P1.cmp_no,",focus_forms/MRPACS004.fmx.md,observed_sql_indicator,PKB/SQL and schema
MRPACS004.fmx,sql,"SELECT sum(y.qty),y.fdate,y.item_code,2 y,RCE_SER,SHIFT_CODE,M.SHF_CODE",focus_forms/MRPACS004.fmx.md,observed_sql_indicator,PKB/SQL and schema
MRPACS004.fmx,sql,"SELECT sum(s.item_qty),s.fdate,s.item_code,1 s,RCE_SER,SHIFT_CODE,M.SHF_CODE",focus_forms/MRPACS004.fmx.md,observed_sql_indicator,PKB/SQL and schema
MRPACS004.fmx,sql,SELECT DISTINCT ITEM_CODE FROM SCRAP_YIELD_PER,focus_forms/MRPACS004.fmx.md,observed_sql_indicator,PKB/SQL and schema
MRPACS004.fmx,sql,"SELECT AVG(poor_eff) poor_eff ,",focus_forms/MRPACS004.fmx.md,observed_sql_indicator,PKB/SQL and schema
MRPACS004.fmx,sql,"SELECT DC.DCR_CODE, DC.DCR_DESC_A,DC.DCR_DESC_E,",focus_forms/MRPACS004.fmx.md,observed_sql_indicator,PKB/SQL and schema
MRPACS004.fmx,sql,"SELECT V.ind_assign,",focus_forms/MRPACS004.fmx.md,observed_sql_indicator,PKB/SQL and schema
MRPACS004.fmx,sql,"SELECT RD.cmp_no ,",focus_forms/MRPACS004.fmx.md,observed_sql_indicator,PKB/SQL and schema
MRPACS004.fmx,sql,"SELECT '' ITEM_CODE , '' ITEM_NAME ,'' UNIT_CODE ,'' CST_AVG",focus_forms/MRPACS004.fmx.md,observed_sql_indicator,PKB/SQL and schema
MRPACS004.fmx,sql,"SELECT A.CMP_NO,",focus_forms/MRPACS004.fmx.md,observed_sql_indicator,PKB/SQL and schema
MRPACS004.fmx,sql,"SELECT CMP_NO,",focus_forms/MRPACS004.fmx.md,observed_sql_indicator,PKB/SQL and schema
MRPACS004.fmx,sql,SELECT CASE WHEN P_TAB_TYPE = 1 THEN CLS_PRP,focus_forms/MRPACS004.fmx.md,observed_sql_indicator,PKB/SQL and schema
MRPACS004.fmx,sql,SELECT COUNT(*) INTO V,focus_forms/MRPACS004.fmx.md,observed_sql_indicator,PKB/SQL and schema
MRPACS004.fmx,sql,SELECT AVG(CST) INTO tmpVar,focus_forms/MRPACS004.fmx.md,observed_sql_indicator,PKB/SQL and schema
MRPACS004.fmx,sql,"SELECT MRP_PCM_SEPARATED,MRP_ONX_VERSION",focus_forms/MRPACS004.fmx.md,observed_sql_indicator,PKB/SQL and schema
MRPACS004.fmx,sql,"SELECT NVL(COUNT(*),0)",focus_forms/MRPACS004.fmx.md,observed_sql_indicator,PKB/SQL and schema
MRPACS004.fmx,sql,SELECT TXT_FORMULA INTO V_FORMULA,focus_forms/MRPACS004.fmx.md,observed_sql_indicator,PKB/SQL and schema
MRPACS004.fmx,sql,SELECT COUNT(*) INTO X --- check if this formula is there or not,focus_forms/MRPACS004.fmx.md,observed_sql_indicator,PKB/SQL and schema
MRPACS004.fmx,sql,"SELECT DECODE(P_LANG,1,DV_DESC_A,NVL(DV_DESC_E,DV_DESC_A) ) INTO DISC -- catch the according varible",focus_forms/MRPACS004.fmx.md,observed_sql_indicator,PKB/SQL and schema
MRPACS004.fmx,sql,"SELECT REPLACE(TEMP_FROMLA,FORMULA,DISC)",focus_forms/MRPACS004.fmx.md,observed_sql_indicator,PKB/SQL and schema
MRPACS004.fmx,sql,SELECT S.FLG_DESC,focus_forms/MRPACS004.fmx.md,observed_sql_indicator,PKB/SQL and schema
MRPACS004.fmx,sql,SELECT BRANCH_USER,focus_forms/MRPACS004.fmx.md,observed_sql_indicator,PKB/SQL and schema
MRPACS004.fmx,sql,SELECT CC_LVL INTO C_LVL FROM MRP_PCM_COST_CENTER,focus_forms/MRPACS004.fmx.md,observed_sql_indicator,PKB/SQL and schema
MRPACS004.fmx,sql,SELECT MRP_PCM_SEPARATED INTO V_MRP,focus_forms/MRPACS004.fmx.md,observed_sql_indicator,PKB/SQL and schema
MRPACS004.fmx,sql,SELECT SUM( ACT_QTY) INTO Q,focus_forms/MRPACS004.fmx.md,observed_sql_indicator,PKB/SQL and schema
MRPACS004.fmx,sql,SELECT SUM( Y.ACT_QTY) INTO Q,focus_forms/MRPACS004.fmx.md,observed_sql_indicator,PKB/SQL and schema
MRPACS004.fmx,sql,SELECT SUM(Y.ACT_QTY) INTO Q,focus_forms/MRPACS004.fmx.md,observed_sql_indicator,PKB/SQL and schema
MRPACS004.fmx,sql,INSERT INTO,focus_forms/MRPACS004.fmx.md,observed_sql_indicator,PKB/SQL and schema
MRPACS004.fmx,sql,SELECT COUNT(*) INTO C,focus_forms/MRPACS004.fmx.md,observed_sql_indicator,PKB/SQL and schema
MRPACS004.fmx,sql,"SELECT to_number(to_char(m.time_f,'HH24.MI')),",focus_forms/MRPACS004.fmx.md,observed_sql_indicator,PKB/SQL and schema
MRPACS004.fmx,sql,SELECT SYS_GUID() INTO V_RND FROM DUAL ;,focus_forms/MRPACS004.fmx.md,observed_sql_indicator,PKB/SQL and schema
MRPACS004.fmx,sql,SELECT DATA_DEFAULT INTO NEW_DEFUALT,focus_forms/MRPACS004.fmx.md,observed_sql_indicator,PKB/SQL and schema
MRPACS004.fmx,sql,"SELECT DECODE(P_LANG,1,NVL(C.CLS_DESC_A,C.CLS_DESC_F) ,NVL(C.CLS_DESC_F,C.CLS_DESC_A) )",focus_forms/MRPACS004.fmx.md,observed_sql_indicator,PKB/SQL and schema
MRPACS004.fmx,sql,SELECT SUM(DISTINCT Y.ACT_QTY) INTO Q,focus_forms/MRPACS004.fmx.md,observed_sql_indicator,PKB/SQL and schema
MRPACS004.fmx,sql,SELECT SUM( Y.ACT_QTY*T.ROW_QTY) INTO Q,focus_forms/MRPACS004.fmx.md,observed_sql_indicator,PKB/SQL and schema
MRPACS004.fmx,sql,SELECT SUM( Y.ACT_QTY*T.ROW_QTY*T.ROW_QTY) INTO Q,focus_forms/MRPACS004.fmx.md,observed_sql_indicator,PKB/SQL and schema
MRPACS004.fmx,sql,SELECT SUM(DISTINCT Y.ACT_QTY*TT.ROW_QTY) INTO Q,focus_forms/MRPACS004.fmx.md,observed_sql_indicator,PKB/SQL and schema
MRPACS004.fmx,sql,"SELECT T.CC_CODE ,",focus_forms/MRPACS004.fmx.md,observed_sql_indicator,PKB/SQL and schema
MRPACS004.fmx,sql,SELECT SUM(AMT) INTO V_AMT,focus_forms/MRPACS004.fmx.md,observed_sql_indicator,PKB/SQL and schema
MRPACS004.fmx,metadata,MRPACS004,focus_forms/MRPACS004.fmx.md,specification_only,none
MRPACS004.fmx,metadata,DBA_MAIN,focus_forms/MRPACS004.fmx.md,specification_only,none
MRPACS004.fmx,metadata,IASMENU.MMX,focus_forms/MRPACS004.fmx.md,specification_only,none
MRPACS004.fmx,metadata,AMERICAN_AMERICA.AR8MSWIN1256,focus_forms/MRPACS004.fmx.md,specification_only,none
MRPACS004.fmx,metadata,P6_15_SEP_201308_30_11,focus_forms/MRPACS004.fmx.md,specification_only,none
MRPACS004.fmx,metadata,STANDARD,focus_forms/MRPACS004.fmx.md,specification_only,none
MRPACS004.fmx,metadata,/LMRPSYSLIB,focus_forms/MRPACS004.fmx.md,specification_only,none
MRPACS004.fmx,metadata,FUNC_PKG,focus_forms/MRPACS004.fmx.md,specification_only,none
MRPACS004.fmx,metadata,FORMS4C,focus_forms/MRPACS004.fmx.md,specification_only,none
MRPACS004.fmx,metadata,/NSPC1/CHK_BRN_PARAMTRS_PRC,focus_forms/MRPACS004.fmx.md,specification_only,none
MRPACS004.fmx,metadata,FORMS4G,focus_forms/MRPACS004.fmx.md,specification_only,none
MRPACS004.fmx,metadata,FORMS40,focus_forms/MRPACS004.fmx.md,specification_only,none
MRPACS004.fmx,metadata,VISIABLE_ITM,focus_forms/MRPACS004.fmx.md,specification_only,none
MRPACS004.fmx,metadata,FORMS4W,focus_forms/MRPACS004.fmx.md,specification_only,none
MRPACS004.fmx,metadata,MRPII,focus_forms/MRPACS004.fmx.md,specification_only,none
MRPACS004.fmx,metadata,MRP_PCM_MRP_ONX_BRNCH,focus_forms/MRPACS004.fmx.md,specification_only,none
MRPACS004.fmx,metadata,WM_INSTALLATION,focus_forms/MRPACS004.fmx.md,specification_only,none
MRPACS004.fmx,metadata,PUBLIC,focus_forms/MRPACS004.fmx.md,specification_only,none
MRPACS004.fmx,metadata,WMSYS,focus_forms/MRPACS004.fmx.md,specification_only,none
MRPACS004.fmx,metadata,MRP_SGS_GENERAL_PARAMETARS,focus_forms/MRPACS004.fmx.md,specification_only,none
MRPACS004.fmx,metadata,"""PKG INIT""<anonymous>""RG_ID""ID""RG_NAME""QUERY_OK""CNT""SELECT_STM""<cursor ptr>""<SQL statement. Line 35>""<SQL statement. Line 47>""<SQL statement. Line 62>""""",focus_forms/MRPACS004.fmx.md,specification_only,none
MRPACS004.fmx,metadata,LST_GRP,focus_forms/MRPACS004.fmx.md,specification_only,none
MRPACS004.fmx,metadata,"Select BRANCH_USER, BRANCH_USER from MRP_PCM_MRP_ONX_BRNCH",focus_forms/MRPACS004.fmx.md,specification_only,none
MRPACS004.fmx,metadata,WHERE P_CNTU =0,focus_forms/MRPACS004.fmx.md,specification_only,none
MRPACS004.fmx,metadata,AND CMP_NO =,focus_forms/MRPACS004.fmx.md,specification_only,none
MRPACS004.fmx,metadata,AND BRN_NO =,focus_forms/MRPACS004.fmx.md,specification_only,none
MRPACS004.fmx,metadata,order by 1,focus_forms/MRPACS004.fmx.md,specification_only,none
MRPACS004.fmx,metadata,DATABASE.onx_usr,focus_forms/MRPACS004.fmx.md,specification_only,none
MRPACS004.fmx,metadata,"SELECT BRANCH_USER FROM MRP_PCM_MRP_ONX_BRNCH WHERE P_CNTU = 0 AND CMP_NO = :b1 AND BRN_NO = :b2 ORDER BY 1""SELECT VALUE FROM WM_INSTALLATION WHERE VALUE LIKE ''%10.%'' OR VALUE LIKE ''%11.%'' OR VALUE LIKE ''%8.%''""SELECT MRP_ONX_VERSION,MRP_SFC_USE_ITEM_PART FROM MRP_SGS_GENERAL_PARAMETARS WHERE CMP_NO = :b1 AND BRN_NO = :b2""",focus_forms/MRPACS004.fmx.md,specification_only,none
MRPACS004.fmx,metadata,P7_15_SEP_201308_30_11,focus_forms/MRPACS004.fmx.md,specification_only,none
MRPACS004.fmx,metadata,"""PKG INIT""<anonymous>""""",focus_forms/MRPACS004.fmx.md,specification_only,none
MRPACS004.fmx,metadata,P8_15_SEP_201308_30_11,focus_forms/MRPACS004.fmx.md,specification_only,none
MRPACS004.fmx,metadata,P9_15_SEP_201308_30_11,focus_forms/MRPACS004.fmx.md,specification_only,none
MRPACS004.fmx,metadata,P10_15_SEP_201308_30_11,focus_forms/MRPACS004.fmx.md,specification_only,none
MRPACS004.fmx,metadata,P11_15_SEP_201308_30_11,focus_forms/MRPACS004.fmx.md,specification_only,none
MRPACS004.fmx,metadata,P12_15_SEP_201308_30_11,focus_forms/MRPACS004.fmx.md,specification_only,none
MRPACS004.fmx,metadata,P13_15_SEP_201308_30_11,focus_forms/MRPACS004.fmx.md,specification_only,none
MRPACS004.fmx,metadata,P14_15_SEP_201308_30_11,focus_forms/MRPACS004.fmx.md,specification_only,none
MRPACS004.fmx,metadata,P15_15_SEP_201308_30_11,focus_forms/MRPACS004.fmx.md,specification_only,none
MRPACS004.fmx,metadata,P16_15_SEP_201308_30_11,focus_forms/MRPACS004.fmx.md,specification_only,none
MRPACS004.fmx,metadata,P17_15_SEP_201308_30_11,focus_forms/MRPACS004.fmx.md,specification_only,none
MRPACS004.fmx,metadata,P18_15_SEP_201308_30_11,focus_forms/MRPACS004.fmx.md,specification_only,none
MRPACS004.fmx,metadata,P19_15_SEP_201308_30_11,focus_forms/MRPACS004.fmx.md,specification_only,none
MRPACS004.fmx,metadata,P20_15_SEP_201308_30_11,focus_forms/MRPACS004.fmx.md,specification_only,none
MRPACS004.fmx,metadata,P21_15_SEP_201308_30_11,focus_forms/MRPACS004.fmx.md,specification_only,none
MRPACS004.fmx,metadata,P22_15_SEP_201308_30_11,focus_forms/MRPACS004.fmx.md,specification_only,none
MRPACS004.fmx,metadata,P23_15_SEP_201308_30_11,focus_forms/MRPACS004.fmx.md,specification_only,none
MRPACS004.fmx,metadata,P24_15_SEP_201308_30_11,focus_forms/MRPACS004.fmx.md,specification_only,none
MRPACS004.fmx,metadata,P25_15_SEP_201308_30_11,focus_forms/MRPACS004.fmx.md,specification_only,none
MRPACS004.fmx,metadata,P26_15_SEP_201308_30_11,focus_forms/MRPACS004.fmx.md,specification_only,none
MRPACS004.fmx,metadata,P27_15_SEP_201308_30_11,focus_forms/MRPACS004.fmx.md,specification_only,none
MRPACS004.fmx,metadata,P28_15_SEP_201308_30_11,focus_forms/MRPACS004.fmx.md,specification_only,none
MRPACS004.fmx,metadata,P29_15_SEP_201308_30_11,focus_forms/MRPACS004.fmx.md,specification_only,none
MRPACS004.fmx,metadata,P30_15_SEP_201308_30_11,focus_forms/MRPACS004.fmx.md,specification_only,none
MRPACS004.fmx,metadata,P31_15_SEP_201308_30_11,focus_forms/MRPACS004.fmx.md,specification_only,none
MRPACS004.fmx,metadata,P32_15_SEP_201308_30_11,focus_forms/MRPACS004.fmx.md,specification_only,none
MRPACS004.fmx,metadata,P33_15_SEP_201308_30_11,focus_forms/MRPACS004.fmx.md,specification_only,none
MRPACS004.fmx,metadata,P34_15_SEP_201308_30_11,focus_forms/MRPACS004.fmx.md,specification_only,none
MRPACS004.fmx,metadata,P35_15_SEP_201308_30_11,focus_forms/MRPACS004.fmx.md,specification_only,none
MRPACS004.fmx,metadata,P36_15_SEP_201308_30_11,focus_forms/MRPACS004.fmx.md,specification_only,none
MRPACS004.fmx,metadata,P37_15_SEP_201308_30_11,focus_forms/MRPACS004.fmx.md,specification_only,none
MRPACS004.fmx,metadata,P38_15_SEP_201308_30_11,focus_forms/MRPACS004.fmx.md,specification_only,none
MRPACS004.fmx,metadata,P39_15_SEP_201308_30_11,focus_forms/MRPACS004.fmx.md,specification_only,none
MRPACS004.fmx,metadata,P40_15_SEP_201308_30_11,focus_forms/MRPACS004.fmx.md,specification_only,none
MRPACS004.fmx,metadata,P41_15_SEP_201308_30_11,focus_forms/MRPACS004.fmx.md,specification_only,none
MRPACS004.fmx,metadata,P42_15_SEP_201308_30_11,focus_forms/MRPACS004.fmx.md,specification_only,none
MRPACS004.fmx,metadata,P43_15_SEP_201308_30_11,focus_forms/MRPACS004.fmx.md,specification_only,none
MRPACS004.fmx,metadata,P44_15_SEP_201308_30_11,focus_forms/MRPACS004.fmx.md,specification_only,none
MRPACS004.fmx,metadata,P45_15_SEP_201308_30_11,focus_forms/MRPACS004.fmx.md,specification_only,none
MRPACS004.fmx,metadata,P46_15_SEP_201308_30_11,focus_forms/MRPACS004.fmx.md,specification_only,none
MRPACS004.fmx,metadata,P47_15_SEP_201308_30_11,focus_forms/MRPACS004.fmx.md,specification_only,none
MRPACS004.fmx,metadata,HEADER,focus_forms/MRPACS004.fmx.md,specification_only,none
MRPACS004.fmx,metadata,MS Sans Serif,focus_forms/MRPACS004.fmx.md,specification_only,none
MRPACS004.fmx,metadata,VS_FRAME_TITLE,focus_forms/MRPACS004.fmx.md,specification_only,none
MRPACS004.fmx,metadata,VS_TEXT_ITEM,focus_forms/MRPACS004.fmx.md,specification_only,none
MRPACS004.fmx,metadata,VS_BUTTON,focus_forms/MRPACS004.fmx.md,specification_only,none
MRPACS004.fmx,metadata,VS_CURRENT_RECORD,focus_forms/MRPACS004.fmx.md,specification_only,none
MRPACS004.fmx,metadata,VS_TOOLTIP,focus_forms/MRPACS004.fmx.md,specification_only,none
MRPACS004.fmx,metadata,VS_PROMPT,focus_forms/MRPACS004.fmx.md,specification_only,none
MRPACS004.fmx,metadata,MND_PMPT,focus_forms/MRPACS004.fmx.md,specification_only,none
MRPACS004.fmx,metadata,OPT_PMPT,focus_forms/MRPACS004.fmx.md,specification_only,none
MRPACS004.fmx,metadata,VS_TEXT_ITEM_DISPLAY,focus_forms/MRPACS004.fmx.md,specification_only,none
MRPACS004.fmx,metadata,UNAPRV_2,focus_forms/MRPACS004.fmx.md,specification_only,none
MRPACS004.fmx,metadata,APRV_3,focus_forms/MRPACS004.fmx.md,specification_only,none
MRPACS004.fmx,metadata,VA_5,focus_forms/MRPACS004.fmx.md,specification_only,none
MRPACS004.fmx,metadata,VA_4_B,focus_forms/MRPACS004.fmx.md,specification_only,none
MRPACS004.fmx,metadata,VA_5_B,focus_forms/MRPACS004.fmx.md,specification_only,none
MRPACS004.fmx,metadata,VA_8_B,focus_forms/MRPACS004.fmx.md,specification_only,none
MRPACS004.fmx,metadata,VA_3_B,focus_forms/MRPACS004.fmx.md,specification_only,none
MRPACS004.fmx,metadata,VA_2_B,focus_forms/MRPACS004.fmx.md,specification_only,none
MRPACS004.fmx,metadata,VA_1_B,focus_forms/MRPACS004.fmx.md,specification_only,none
MRPACS004.fmx,metadata,VA_6_B,focus_forms/MRPACS004.fmx.md,specification_only,none
MRPACS004.fmx,metadata,VA_7_B,focus_forms/MRPACS004.fmx.md,specification_only,none
MRPACS004.fmx,metadata,VA_3,focus_forms/MRPACS004.fmx.md,specification_only,none
MRPACS004.fmx,metadata,VA_2,focus_forms/MRPACS004.fmx.md,specification_only,none
MRPACS004.fmx,metadata,VA_1,focus_forms/MRPACS004.fmx.md,specification_only,none
MRPACS004.fmx,metadata,VA_4,focus_forms/MRPACS004.fmx.md,specification_only,none
MRPACS004.fmx,metadata,VA_8,focus_forms/MRPACS004.fmx.md,specification_only,none
MRPACS004.fmx,metadata,VA_6,focus_forms/MRPACS004.fmx.md,specification_only,none
MRPACS004.fmx,metadata,VA_7,focus_forms/MRPACS004.fmx.md,specification_only,none
MRPACS004.fmx,metadata,VA_FAST,focus_forms/MRPACS004.fmx.md,specification_only,none
MRPACS004.fmx,metadata,VA_PFAST,focus_forms/MRPACS004.fmx.md,specification_only,none
MRPACS004.fmx,metadata,CUR_REC,focus_forms/MRPACS004.fmx.md,specification_only,none
MRPACS004.fmx,metadata,VA_NOT_FAST,focus_forms/MRPACS004.fmx.md,specification_only,none
MRPACS004.fmx,metadata,VA_PNOT_FAST,focus_forms/MRPACS004.fmx.md,specification_only,none
MRPACS004.fmx,metadata,TOOLTIP,focus_forms/MRPACS004.fmx.md,specification_only,none
MRPACS004.fmx,metadata,Tahoma,focus_forms/MRPACS004.fmx.md,specification_only,none
MRPACS004.fmx,metadata,#POPUPHINT#,focus_forms/MRPACS004.fmx.md,specification_only,none
MRPACS004.fmx,metadata,ITEM_MENU,focus_forms/MRPACS004.fmx.md,specification_only,none
MRPACS004.fmx,metadata,CANVAS_MENU,focus_forms/MRPACS004.fmx.md,specification_only,none
MRPACS004.fmx,metadata,CLEAR,focus_forms/MRPACS004.fmx.md,specification_only,none
MRPACS004.fmx,metadata,COPY,focus_forms/MRPACS004.fmx.md,specification_only,none
MRPACS004.fmx,metadata,P48_15_SEP_201308_30_11,focus_forms/MRPACS004.fmx.md,specification_only,none
MRPACS004.fmx,metadata,INSERT_MESSAGES,focus_forms/MRPACS004.fmx.md,specification_only,none
MRPACS004.fmx,metadata,S_MSGS,focus_forms/MRPACS004.fmx.md,specification_only,none
MRPACS004.fmx,metadata,/NSPC1/S_MSG_DDL,focus_forms/MRPACS004.fmx.md,specification_only,none
MRPACS004.fmx,metadata,SQLFORMS,focus_forms/MRPACS004.fmx.md,specification_only,none
MRPACS004.fmx,metadata,"""PKG INIT""INSERT_MESSAGES""<cursor ptr>""<SQL statement. Line 3>""""",focus_forms/MRPACS004.fmx.md,specification_only,none
MRPACS004.fmx,metadata,"DELETE FROM S_MSGS""",focus_forms/MRPACS004.fmx.md,specification_only,none
MRPACS004.fmx,metadata,INSERT_LABELS,focus_forms/MRPACS004.fmx.md,specification_only,none
MRPACS004.fmx,metadata,S_LABELS,focus_forms/MRPACS004.fmx.md,specification_only,none
MRPACS004.fmx,metadata,/NSPC1/S_LABELS_DDL1,focus_forms/MRPACS004.fmx.md,specification_only,none
MRPACS004.fmx,metadata,/NSPC1/S_LABELS_DDL2,focus_forms/MRPACS004.fmx.md,specification_only,none
MRPACS004.fmx,metadata,"""PKG INIT""INSERT_LABELS""<cursor ptr>""<SQL statement. Line 15>""""",focus_forms/MRPACS004.fmx.md,specification_only,none
MRPACS004.fmx,metadata,COMMIT,focus_forms/MRPACS004.fmx.md,specification_only,none
MRPACS004.fmx,metadata,"DELETE FROM S_LABELS""",focus_forms/MRPACS004.fmx.md,specification_only,none
MRPACS004.fmx,metadata,SYSTEM_UPDATED,focus_forms/MRPACS004.fmx.md,specification_only,none
MRPACS004.fmx,metadata,/NSPC1/TREE_SYSTEM,focus_forms/MRPACS004.fmx.md,specification_only,none
MRPACS004.fmx,metadata,GET_TEXT,focus_forms/MRPACS004.fmx.md,specification_only,none
MRPACS004.fmx,metadata,"""PKG INIT""SYSTEM_UPDATED""VC""""",focus_forms/MRPACS004.fmx.md,specification_only,none
MRPACS004.fmx,metadata,FOLLOW,focus_forms/MRPACS004.fmx.md,specification_only,none
MRPACS004.fmx,metadata,ALTER_FILEDS,focus_forms/MRPACS004.fmx.md,specification_only,none
MRPACS004.fmx,metadata,"""PKG INIT""ALTER_FILEDS""TNAME""TYPEALTER""FILED_NAME""""",focus_forms/MRPACS004.fmx.md,specification_only,none
MRPACS004.fmx,metadata,ALTER TABLE,focus_forms/MRPACS004.fmx.md,specification_only,none
MRPACS004.fmx,metadata,CHECK_TAB_FIELDS,focus_forms/MRPACS004.fmx.md,specification_only,none
MRPACS004.fmx,metadata,USER_TAB_COLUMNS,focus_forms/MRPACS004.fmx.md,specification_only,none
MRPACS004.fmx,metadata,"""PKG INIT""CHECK_TAB_FIELDS""TABNAME""FILEDNAME""CNT""<cursor ptr>""<SQL statement. Line 9>""<SQL statement. Line 15>""""",focus_forms/MRPACS004.fmx.md,specification_only,none
MRPACS004.fmx,metadata,"SELECT COUNT(*) FROM USER_TAB_COLUMNS WHERE TABLE_NAME = :b1 AND COLUMN_NAME = :b2""SELECT COUNT(*) FROM TAB WHERE TNAME = :b1""",focus_forms/MRPACS004.fmx.md,specification_only,none
MRPACS004.fmx,metadata,INSERT_S_FLAGS,focus_forms/MRPACS004.fmx.md,specification_only,none
MRPACS004.fmx,metadata,S_FLAGS,focus_forms/MRPACS004.fmx.md,specification_only,none
MRPACS004.fmx,metadata,/NSPC1/S_FLAG_DDL,focus_forms/MRPACS004.fmx.md,specification_only,none
MRPACS004.fmx,metadata,"""PKG INIT""INSERT_S_FLAGS""<cursor ptr>""<SQL statement. Line 15>""""",focus_forms/MRPACS004.fmx.md,specification_only,none
MRPACS004.fmx,metadata,"DELETE FROM S_FLAGS""",focus_forms/MRPACS004.fmx.md,specification_only,none
MRPACS004.fmx,metadata,MRP_DBS_PKG,focus_forms/MRPACS004.fmx.md,specification_only,none
MRPACS004.fmx,metadata,"""MRP_DBS_PKG""CHECK_CONS""P_CONSNM""P_TABNM""P_CONSTYPE""P_COLNM""CHECK_CONS_ST""GET_CONS_NAME""CHECK_OBJECT""P_OBJNM""P_OBJTYPE""CHECK_ST_OBJ""P_RESULT""GET_COMMENT""P_LNG""P_USR_NM""ALTR_DBS""P_TB""P_TR_TYPE""P_FD""""",focus_forms/MRPACS004.fmx.md,specification_only,none
MRPACS004.fmx,metadata,CHECK_CONS,focus_forms/MRPACS004.fmx.md,specification_only,none
MRPACS004.fmx,metadata,CHECK_CONS_ST,focus_forms/MRPACS004.fmx.md,specification_only,none
MRPACS004.fmx,metadata,GET_CONS_NAME,focus_forms/MRPACS004.fmx.md,specification_only,none
MRPACS004.fmx,metadata,CHECK_OBJECT,focus_forms/MRPACS004.fmx.md,specification_only,none
MRPACS004.fmx,metadata,CHECK_ST_OBJ,focus_forms/MRPACS004.fmx.md,specification_only,none
MRPACS004.fmx,metadata,GET_COMMENT,focus_forms/MRPACS004.fmx.md,specification_only,none
MRPACS004.fmx,metadata,ALTR_DBS,focus_forms/MRPACS004.fmx.md,specification_only,none
MRPACS004.fmx,metadata,/NSPC1/MRP_DBS_PKG,focus_forms/MRPACS004.fmx.md,specification_only,none
MRPACS004.fmx,metadata,USER_CONSTRAINTS,focus_forms/MRPACS004.fmx.md,specification_only,none
MRPACS004.fmx,metadata,USER_CONS_COLUMNS,focus_forms/MRPACS004.fmx.md,specification_only,none
MRPACS004.fmx,metadata,USER_OBJECTS,focus_forms/MRPACS004.fmx.md,specification_only,none
MRPACS004.fmx,metadata,USER_TAB_COMMENTS,focus_forms/MRPACS004.fmx.md,specification_only,none
MRPACS004.fmx,metadata,ALL_TAB_COMMENTS,focus_forms/MRPACS004.fmx.md,specification_only,none
MRPACS004.fmx,metadata,USER_COL_COMMENTS,focus_forms/MRPACS004.fmx.md,specification_only,none
MRPACS004.fmx,metadata,ALL_COL_COMMENTS,focus_forms/MRPACS004.fmx.md,specification_only,none
MRPACS004.fmx,metadata,GET_HOT_CAPTION,focus_forms/MRPACS004.fmx.md,specification_only,none
MRPACS004.fmx,metadata,"""MRP_DBS_PKG""CHECK_CONS""P_CONSNM""P_TABNM""P_CONSTYPE""P_COLNM""CNT""<cursor ptr>""<SQL statement. Line 12>""CHECK_CONS_ST""<SQL statement. Line 37>""GET_CONS_NAME""V_CONSNM""<SQL statement. Line 65>""CHECK_OBJECT""P_OBJNM""P_OBJTYPE""<SQL statement. Line 89>""<SQL statement. Line 97>""CHECK_ST_OBJ""P_RESULT""<SQL statement. Line 132>""C1""OBJECT_TYPE""OBJECT_NAME""I""GET_COMMENT""P_LNG""P_USR_NM""V_COM_DSC""V_COM_NO""<SQL statement. Line 178>""<SQL statement. Line 184>""<SQL statement. Line 196>""<SQL statement. Line 205>""ALTR_DBS""P_TB""P_TR_TYPE""P_FD""""",focus_forms/MRPACS004.fmx.md,specification_only,none
MRPACS004.fmx,metadata,d(}g,focus_forms/MRPACS004.fmx.md,specification_only,none
MRPACS004.fmx,metadata,ALTER,focus_forms/MRPACS004.fmx.md,specification_only,none
MRPACS004.fmx,metadata,COMPILE,focus_forms/MRPACS004.fmx.md,specification_only,none
MRPACS004.fmx,metadata,"SELECT COUNT(1) FROM USER_CONSTRAINTS A,USER_CONS_COLUMNS B WHERE A.OWNER = B.OWNER AND A.CONSTRAINT_NAME = B.CONSTRAINT_NAME AND A.TABLE_NAME = B.TABLE_NAME AND A.TABLE_NAME = DECODE(:b1, NULL ,A.TABLE_NAME,UPPER(:b1)) AND B.COLUMN_NAME = DECODE(:b3, NULL ,B.COLUMN_NAME,UPPER(:b3)) AND A.CONSTRAINT_TYPE = DECODE(:b5, NULL ,A.CONSTRAINT_TYPE,UPPER(:b5)) AND A.CONSTRAINT_NAME = DECODE(:b7, NULL ,A.CONSTRAINT_NAME,UPPER(:b7))""SELECT COUNT(1) FROM USER_CONSTRAINTS A,USER_CONS_COLUMNS B WHERE A.OWNER = B.OWNER AND A.CONSTRAINT_NAME = B.CONSTRAINT_NAME AND A.TABLE_NAME = B.TABLE_NAME AND A.TABLE_NAME = DECODE(:b1, NULL ,A.TABLE_NAME,UPPER(:b1)) AND B.COLUMN_NAME = DECODE(:b3, NULL ,B.COLUMN_NAME,UPPER(:b3)) AND A.CONSTRAINT_TYPE = DECODE(:b5, NULL ,A.CONSTRAINT_TYPE,UPPER(:b5)) AND A.CONSTRAINT_NAME = DECODE(:b7, NULL ,A.CONSTRAINT_NAME,UPPER(:b7)) AND A.STATUS = ''DISABLED''""SELECT A.CONSTRAINT_NAME FROM USER_CONSTRAINTS A,USER_CONS_COLUMNS B WHERE A.OWNER = B.OWNER AND A.CONSTRAINT_NAME = B.CONSTRAINT_NAME AND A.TABLE_NAME = B.TABLE_NAME AND A.TABLE_NAME = DECODE(:b1, NULL ,A.TABLE_NAME,UPPER(:b1)) AND B.COLUMN_NAME = DECODE(:b3, NULL ,B.COLUMN_NAME,UPPER(:b3)) AND A.CONSTRAINT_TYPE = DECODE(:b5, NULL ,A.CONSTRAINT_TYPE,UPPER(:b5)) AND ROWNUM <= 1""SELECT 1 FROM USER_TAB_COLUMNS WHERE TABLE_NAME = UPPER(:b1) AND COLUMN_NAME = UPPER(:b2) AND ROWNUM <= 1""SELECT 1 FROM USER_OBJECTS WHERE OBJECT_NAME = UPPER(:b1) AND OBJECT_TYPE = DECODE(:b2, NULL ,OBJECT_TYPE,UPPER(:b2)) AND ROWNUM <= 1""SELECT 1 FROM USER_OBJECTS WHERE STATUS = ''INVALID'' AND OBJECT_NAME = DECODE(:b1, NULL ,OBJECT_NAME,UPPER(:b1)) AND ROWNUM <= 1""SELECT DECODE(OBJECT_TYPE,''PACKAGE BODY'',''PACKAGE'',OBJECT_TYPE) OBJECT_TYPE,OBJECT_NAME FROM USER_OBJECTS WHERE STATUS = ''INVALID'' AND OBJECT_NAME = DECODE(:b1, NULL ,OBJECT_NAME,UPPER(:b1)) AND OBJECT_TYPE != ''TABLE''""SELECT COMMENTS FROM USER_TAB_COMMENTS WHERE TABLE_NAME = :b1 AND ROWNUM <= 1""SELECT COMMENTS FROM ALL_TAB_COMMENTS WHERE OWNER = :b1 AND TABLE_NAME = :b2 AND ROWNUM <= 1""SELECT COMMENTS FROM USER_COL_COMMENTS WHERE TABLE_NAME = :b1 AND COLUMN_NAME = :b2 AND ROWNUM <= 1""SELECT COMMENTS FROM ALL_COL_COMMENTS WHERE OWNER = :b1 AND TABLE_NAME = :b2 AND COLUMN_NAME = :b3 AND ROWNUM <= 1""",focus_forms/MRPACS004.fmx.md,specification_only,none
MRPACS004.fmx,metadata,DBA_PKG_TRAC1,focus_forms/MRPACS004.fmx.md,specification_only,none
MRPACS004.fmx,metadata,"""PKG INIT""DBA_PKG_TRAC1""""",focus_forms/MRPACS004.fmx.md,specification_only,none
MRPACS004.fmx,metadata,CREATE SEQUENCE TRAC_SEQ,focus_forms/MRPACS004.fmx.md,specification_only,none
MRPACS004.fmx,metadata,START WITH 0,focus_forms/MRPACS004.fmx.md,specification_only,none
MRPACS004.fmx,metadata,MAXVALUE 999999999999999999999999999,focus_forms/MRPACS004.fmx.md,specification_only,none
MRPACS004.fmx,metadata,MINVALUE 0,focus_forms/MRPACS004.fmx.md,specification_only,none
MRPACS004.fmx,metadata,CREATE OR REPLACE PACKAGE TRAC_PKG AS,focus_forms/MRPACS004.fmx.md,specification_only,none
MRPACS004.fmx,metadata,/*This Procedure Will called in screen and get the user number,focus_forms/MRPACS004.fmx.md,specification_only,none
MRPACS004.fmx,metadata,CREATE IN 03-11-2009 */,focus_forms/MRPACS004.fmx.md,specification_only,none
MRPACS004.fmx,metadata,"PROCEDURE SET_USR(USR NUMBER ,",focus_forms/MRPACS004.fmx.md,specification_only,none
MRPACS004.fmx,metadata,PROG VARCHAR2) ;,focus_forms/MRPACS004.fmx.md,specification_only,none
MRPACS004.fmx,metadata,"PROCEDURE ALL_VAL_OP ( VTABLE_NAME VARCHAR2 ,VOP NUMBER,VCOL VARCHAR2,VNEW VARCHAR2,VOLD VARCHAR2,VPK1 VARCHAR2 DEFAULT NULL,",focus_forms/MRPACS004.fmx.md,specification_only,none
MRPACS004.fmx,metadata,"VPK2 VARCHAR2 DEFAULT NULL,",focus_forms/MRPACS004.fmx.md,specification_only,none
MRPACS004.fmx,metadata,"VPK3 VARCHAR2 DEFAULT NULL,",focus_forms/MRPACS004.fmx.md,specification_only,none
POST001.fmx,procedure,ADD_DOC_PROC,focus_forms/POST001.fmx.md,specification_only,FMB/PLL/PKB
POST001.fmx,procedure,ADD_PROC,focus_forms/POST001.fmx.md,specification_only,FMB/PLL/PKB
POST001.fmx,procedure,B4SAVE_PRC,focus_forms/POST001.fmx.md,specification_only,FMB/PLL/PKB
POST001.fmx,procedure,CALC_INSRT_POS_POINT_PRC,focus_forms/POST001.fmx.md,specification_only,FMB/PLL/PKB
POST001.fmx,procedure,CALC_POS_POINT_RPLC_PRC,focus_forms/POST001.fmx.md,specification_only,FMB/PLL/PKB
POST001.fmx,procedure,CALL_DEL_ITM_PRC,focus_forms/POST001.fmx.md,specification_only,FMB/PLL/PKB
POST001.fmx,procedure,CHECK_AVL_QTY_PRC,focus_forms/POST001.fmx.md,specification_only,FMB/PLL/PKB
POST001.fmx,procedure,CHK_B4SAVE_DTL_PRC,focus_forms/POST001.fmx.md,specification_only,FMB/PLL/PKB
POST001.fmx,procedure,CHK_B4SAVE_MST_PRC,focus_forms/POST001.fmx.md,specification_only,FMB/PLL/PKB
POST001.fmx,procedure,CUSTOMER_DISPLAYED_PRC,focus_forms/POST001.fmx.md,specification_only,FMB/PLL/PKB
POST001.fmx,procedure,DELETE_PROC,focus_forms/POST001.fmx.md,specification_only,FMB/PLL/PKB
POST001.fmx,procedure,DEL_DET_REC_PRC,focus_forms/POST001.fmx.md,specification_only,FMB/PLL/PKB
POST001.fmx,procedure,DEL_POS_TMP_TBL_PRC,focus_forms/POST001.fmx.md,specification_only,FMB/PLL/PKB
POST001.fmx,procedure,ENA_DIS_ITM_PRC,focus_forms/POST001.fmx.md,specification_only,FMB/PLL/PKB
POST001.fmx,procedure,EXIT_PROC,focus_forms/POST001.fmx.md,specification_only,FMB/PLL/PKB
POST001.fmx,procedure,FILL_ALL_LIST_PRC,focus_forms/POST001.fmx.md,specification_only,FMB/PLL/PKB
POST001.fmx,procedure,GEN_PKG,focus_forms/POST001.fmx.md,specification_only,FMB/PLL/PKB
POST001.fmx,procedure,GET_BLNC_CST_FNC,focus_forms/POST001.fmx.md,specification_only,FMB/PLL/PKB
POST001.fmx,procedure,IAS_BRN_PKG,focus_forms/POST001.fmx.md,specification_only,FMB/PLL/PKB
POST001.fmx,procedure,IAS_CST_PKG,focus_forms/POST001.fmx.md,specification_only,FMB/PLL/PKB
POST001.fmx,procedure,IAS_GEN_PKG,focus_forms/POST001.fmx.md,specification_only,FMB/PLL/PKB
POST001.fmx,procedure,IAS_GET_ENC_PASS_FNC,focus_forms/POST001.fmx.md,specification_only,FMB/PLL/PKB
POST001.fmx,procedure,IAS_GET_SALESDISC_PRC,focus_forms/POST001.fmx.md,specification_only,FMB/PLL/PKB
POST001.fmx,procedure,IAS_GET_SALESDISC_PRCYSPOS2IAS_GET_SALESDISC_PRC,focus_forms/POST001.fmx.md,specification_only,FMB/PLL/PKB
POST001.fmx,procedure,IAS_ITM_PKG,focus_forms/POST001.fmx.md,specification_only,FMB/PLL/PKB
POST001.fmx,procedure,IAS_POS_DISTIBUTED_DB_PKG,focus_forms/POST001.fmx.md,specification_only,FMB/PLL/PKB
POST001.fmx,procedure,IAS_PRMTR_PKG,focus_forms/POST001.fmx.md,specification_only,FMB/PLL/PKB
POST001.fmx,procedure,IAS_QT_PRM_PKG,focus_forms/POST001.fmx.md,specification_only,FMB/PLL/PKB
POST001.fmx,procedure,IAS_QT_PRM_SCR_PKG,focus_forms/POST001.fmx.md,specification_only,FMB/PLL/PKB
POST001.fmx,procedure,IAS_SMS_MAIL_PKG,focus_forms/POST001.fmx.md,specification_only,FMB/PLL/PKB
POST001.fmx,procedure,IAS_SMS_MAIL_PKGYSPOS2INSRT_MSG_ALRT_PRC,focus_forms/POST001.fmx.md,specification_only,FMB/PLL/PKB
POST001.fmx,procedure,IAS_USR_PKG,focus_forms/POST001.fmx.md,specification_only,FMB/PLL/PKB
POST001.fmx,procedure,IAS_WCODE_PKG,focus_forms/POST001.fmx.md,specification_only,FMB/PLL/PKB
POST001.fmx,procedure,KEY_LISTVAL_PRC,focus_forms/POST001.fmx.md,specification_only,FMB/PLL/PKB
POST001.fmx,procedure,LIST_PROC,focus_forms/POST001.fmx.md,specification_only,FMB/PLL/PKB
POST001.fmx,procedure,LOV_TRG,focus_forms/POST001.fmx.md,specification_only,FMB/PLL/PKB
POST001.fmx,procedure,LYSPOS_LIB,focus_forms/POST001.fmx.md,specification_only,FMB/PLL/PKB
POST001.fmx,procedure,POST_FORMS_COMMIT_PRC,focus_forms/POST001.fmx.md,specification_only,FMB/PLL/PKB
POST001.fmx,procedure,POS_MNU_PKG,focus_forms/POST001.fmx.md,specification_only,FMB/PLL/PKB
POST001.fmx,procedure,POS_PKG,focus_forms/POST001.fmx.md,specification_only,FMB/PLL/PKB
POST001.fmx,procedure,POS_POINT_PKG,focus_forms/POST001.fmx.md,specification_only,FMB/PLL/PKB
POST001.fmx,procedure,PRE_FORM_PRC,focus_forms/POST001.fmx.md,specification_only,FMB/PLL/PKB
POST001.fmx,procedure,PRINT_F_SCR_PRC,focus_forms/POST001.fmx.md,specification_only,FMB/PLL/PKB
POST001.fmx,procedure,PRINT_PROC,focus_forms/POST001.fmx.md,specification_only,FMB/PLL/PKB
POST001.fmx,procedure,REP_FORM,focus_forms/POST001.fmx.md,specification_only,FMB/PLL/PKB
POST001.fmx,procedure,SAVE_PROC,focus_forms/POST001.fmx.md,specification_only,FMB/PLL/PKB
POST001.fmx,procedure,SEND_MSG_PRC,focus_forms/POST001.fmx.md,specification_only,FMB/PLL/PKB
POST001.fmx,procedure,SET_POS_PRC,focus_forms/POST001.fmx.md,specification_only,FMB/PLL/PKB
POST001.fmx,procedure,SYS_SCREEN,focus_forms/POST001.fmx.md,specification_only,FMB/PLL/PKB
POST001.fmx,procedure,UPDATE_PROC,focus_forms/POST001.fmx.md,specification_only,FMB/PLL/PKB
POST001.fmx,procedure,WHEN_NEW_FORM_INSTANCE_PRC,focus_forms/POST001.fmx.md,specification_only,FMB/PLL/PKB
POST001.fmx,procedure,WHEN_TAB_PAGE_CHANGED_PRC,focus_forms/POST001.fmx.md,specification_only,FMB/PLL/PKB
POST001.fmx,procedure,WHEN_TIMER_EXPIRED_PRC,focus_forms/POST001.fmx.md,specification_only,FMB/PLL/PKB
POST001.fmx,procedure,YSPOS_LIB,focus_forms/POST001.fmx.md,specification_only,FMB/PLL/PKB
POST001.fmx,procedure,YSPOS_MNU,focus_forms/POST001.fmx.md,specification_only,FMB/PLL/PKB
POST001.fmx,procedure,YS_GEN_PKG,focus_forms/POST001.fmx.md,specification_only,FMB/PLL/PKB
POST001.fmx,component,POSADVS.FMX,focus_forms/POST001.fmx.md,specification_only,FMB/PLL/PKB
POST001.fmx,component,YSComUsb.Dll,focus_forms/POST001.fmx.md,specification_only,FMB/PLL/PKB
POST001.fmx,component,YSPOS_MNU.MMX,focus_forms/POST001.fmx.md,specification_only,FMB/PLL/PKB
POST001.fmx,component,YSPOS_MNU.mmx,focus_forms/POST001.fmx.md,specification_only,FMB/PLL/PKB
POST001.fmx,sql,"SELECT 1 FROM IAS_POS_BILL_MST WHERE BILL_NO = :b1 AND ROWNUM <= 1""SELECT 1 FROM IAS_POS_HST_BILL_MST WHERE BILL_NO = :b1 AND ROWNUM <= 1""",focus_forms/POST001.fmx.md,observed_sql_indicator,PKB/SQL and schema
POST001.fmx,sql,"SELECT NVL(SALES_DISC_TYPE,0),NVL(CONN_ITM_ACT_BY_USR_PRIV,0),NVL(USE_ITM_ATTACH,0),NVL(IAS_PARA_AR.NO_OF_DECIMAL_AR,2),COSTING_TYPE,WTAVG_TYPE,SALES_DISC_WCODE,NVL(CREDIT_LIMIT_TY",focus_forms/POST001.fmx.md,observed_sql_indicator,PKB/SQL and schema
POST001.fmx,sql,"DELETE FROM IAS_POS_HUNG_BILLS WHERE BILL_NO = :b1""DELETE FROM POS_BILL_FREE_QTY_PRM_TMP WHERE BILL_NO = :b1""DELETE FROM IAS_POS_HUNG_BILLS WHERE BILL_NO = :b1""DELETE FROM POS_BILL",focus_forms/POST001.fmx.md,observed_sql_indicator,PKB/SQL and schema
POST001.fmx,sql,"SELECT CASH_NO FROM USER_R WHERE U_ID = :b1""SELECT NVL(BRN_LNAME,BRN_FNAME) FROM S_BRN WHERE BRN_NO = :b1 AND ROWNUM = 1""",focus_forms/POST001.fmx.md,observed_sql_indicator,PKB/SQL and schema
POST001.fmx,sql,"DELETE FROM IAS_POS_HUNG_BILLS""SELECT YS_CMP_LOGO_PATH FROM IAS_SYS.S_YS_CMP WHERE YS_CMP_ST = 1 AND ROWNUM <= 1""",focus_forms/POST001.fmx.md,observed_sql_indicator,PKB/SQL and schema
POST001.fmx,sql,"SELECT 1 FROM IAS_POS_BILL_MST WHERE BILL_DATE < TO_CHAR(:b1,''DD/MM/YYYY'') AND NVL(HUNG,0) = 1 AND AD_U_ID = :b2 AND ROWNUM <= 1""",focus_forms/POST001.fmx.md,observed_sql_indicator,PKB/SQL and schema
POST001.fmx,sql,"INSERT INTO IAS_POS_HISTORY_HUNG_BILLS ( BILL_NO,BILL_DATE,BILL_TIME,A_CY,BILL_RATE,MACHINE_NO,I_CODE,P_SIZE,ITM_UNT,W_CODE,I_QTY,I_PRICE,I_PRICE_VAT,BARCODE,DIS_PER,DIS_AMT,DIS_AM",focus_forms/POST001.fmx.md,observed_sql_indicator,PKB/SQL and schema
POST001.fmx,sql,"DELETE FROM IAS_POS_HUNG_BILLS WHERE I_CODE = :b1 AND RCRD_NO = :b2 AND BILL_NO = :b3 AND MACHINE_NO = :b4 AND BILL_SEQ = :b5 AND ROWNUM <= 1""INSERT INTO IAS_POS_HUNG_BILLS ( BILL_",focus_forms/POST001.fmx.md,observed_sql_indicator,PKB/SQL and schema
POST001.fmx,sql,"INSERT INTO IAS_POS_AUD_ITEM ( BILL_NO,BILL_TIME,A_CY,BILL_RATE,MACHINE_NO,I_CODE,P_SIZE,ITM_UNT,W_CODE,I_QTY,I_PRICE,BARCODE,AUD_U_ID,AUD_DATE,BRN_NO,BRN_YEAR,CMP_NO,BRN_USR,HUNG_",focus_forms/POST001.fmx.md,observed_sql_indicator,PKB/SQL and schema
POST001.fmx,sql,"SELECT ROUND(((I_PRICE * NVL(:b1,1) ) / NVL(:b2,1) ),2) FROM IAS_ITEM_PRICE WHERE IAS_ITEM_PRICE.I_CODE = :b3 AND IAS_ITEM_PRICE.LEV_NO = :b4""SELECT ROUND(((I_PRICE * NVL(:b1,1) )",focus_forms/POST001.fmx.md,observed_sql_indicator,PKB/SQL and schema
POST001.fmx,sql,"SELECT 1 FROM DBA_SNAPSHOTS WHERE TABLE_NAME = ''IAS_ITM_MST'' AND OWNER = USER AND ROWNUM <= 1""",focus_forms/POST001.fmx.md,observed_sql_indicator,PKB/SQL and schema
POST001.fmx,sql,"SELECT SUM(NVL(BILL_AMT,0) - NVL(DISC_AMT,0) ) FROM IAS_POS_BILL_MST WHERE C_CODE = :b1 AND POSTED = 0 AND ROWNUM <= 1""SELECT CRLIMIT_TYPE,NVL(INV_DIS_LMT,0),NVL(INV_DIS_LMT_ITM,IN",focus_forms/POST001.fmx.md,observed_sql_indicator,PKB/SQL and schema
POST001.fmx,sql,"SELECT MAX(BILL_DATE) FROM IAS_POS_BILL_MST WHERE AD_U_ID = :b1""SELECT MAX(DOC_DATE) FROM IAS_DEPOSIT_CURRENCY_MST WHERE CASHIER_NO = :b1 AND DOC_DATE <= :b2""",focus_forms/POST001.fmx.md,observed_sql_indicator,PKB/SQL and schema
POST001.fmx,sql,"SELECT BILL_NO FROM IAS_POS_RT_BILL_MST WHERE RT_BILL_NO = :b1""SELECT BILL_NO FROM IAS_POS_HST_RT_BILL_MST WHERE RT_BILL_NO = :b1""SELECT BILL_DATE FROM IAS_POS_BILL_MST WHERE BILL_",focus_forms/POST001.fmx.md,observed_sql_indicator,PKB/SQL and schema
POST001.fmx,sql,"SELECT PRICE_LEVEL FROM IAS_PARA_POS""SELECT PRICE_LEVEL FROM IAS_POS_MACHINE WHERE TERMINAL = UPPER(USERENV(''TERMINAL''))""",focus_forms/POST001.fmx.md,observed_sql_indicator,PKB/SQL and schema
POST001.fmx,sql,"SELECT 1 FROM IAS_ITM_MST WHERE I_CODE = :b1 AND ROWNUM <= 1""SELECT G_CODE FROM IAS_ITM_MST WHERE I_CODE = :b1 AND ROWNUM <= 1""SELECT 1 FROM PRIVILEGE_GC WHERE U_ID = :b1 AND G_COD",focus_forms/POST001.fmx.md,observed_sql_indicator,PKB/SQL and schema
POST001.fmx,sql,"SELECT NVL(P_SIZE,1) FROM IAS_ITM_UNT_BARCODE WHERE BARCODE = :b1""",focus_forms/POST001.fmx.md,observed_sql_indicator,PKB/SQL and schema
POST001.fmx,sql,"SELECT ALLOW_DISC,DISC_PER FROM IAS_ITM_MST WHERE I_CODE = :b1""",focus_forms/POST001.fmx.md,observed_sql_indicator,PKB/SQL and schema
POST001.fmx,sql,"SELECT NO_SALE FROM IAS_ITM_UNT_BARCODE WHERE BARCODE = :b1 AND ROWNUM <= 1""SELECT 1 FROM IAS_ITM_MST WHERE I_CODE = :b1 AND NVL(USE_ATTCH,0) = 1 AND ROWNUM <= 1""SELECT NVL(USE_EXP",focus_forms/POST001.fmx.md,observed_sql_indicator,PKB/SQL and schema
POST001.fmx,sql,"SELECT NVL(SALES_DISC_TYPE,0) FROM IAS_PARA_AR""",focus_forms/POST001.fmx.md,observed_sql_indicator,PKB/SQL and schema
POST001.fmx,sql,"SELECT A_CY FROM IAS_PRICING_LEVELS WHERE LEV_NO = :b1""SELECT CUR_RATE FROM EX_RATE WHERE NVL(STOCK_CUR,0) = 1""SELECT CUR_RATE FROM EX_RATE WHERE CUR_CODE = :b1""",focus_forms/POST001.fmx.md,observed_sql_indicator,PKB/SQL and schema
POST001.fmx,sql,"SELECT SI_TYPE FROM IAS_POS_MACHINE WHERE MACHINE_NO = :b1""",focus_forms/POST001.fmx.md,observed_sql_indicator,PKB/SQL and schema
POST001.fmx,sql,"SELECT NVL(BLOCKED,0),NVL(INACTIVE,0) FROM IAS_ITM_MST WHERE I_CODE = :b1""SELECT NVL(INACTIVE,0) FROM IAS_ITM_WCODE WHERE I_CODE = :b1 AND W_CODE = :b2""SELECT DECODE(:b1,1,DECODE(:",focus_forms/POST001.fmx.md,observed_sql_indicator,PKB/SQL and schema
POST001.fmx,sql,"INSERT INTO IAS_POS_HISTORY_HUNG_BILLS ( BILL_NO,BILL_DATE,BILL_TIME,A_CY,BILL_RATE,MACHINE_NO,I_CODE,P_SIZE,ITM_UNT,W_CODE,I_QTY,I_PRICE,I_PRICE_VAT,BARCODE,DIS_PER,DIS_AMT,DIS_AM",focus_forms/POST001.fmx.md,observed_sql_indicator,PKB/SQL and schema
POST001.fmx,sql,"SELECT 1 FROM IAS_POS_BILL_MST WHERE BILL_NO = :b1 AND NVL(IAS_POS_BILL_MST.HUNG,0) = 0""",focus_forms/POST001.fmx.md,observed_sql_indicator,PKB/SQL and schema
POST001.fmx,sql,"SELECT ACCOUNT_TYPE FROM ACCOUNT_TYPES WHERE AFFECTED_BY_TRANS = 1""SELECT CUR_CODE FROM EX_RATE WHERE L_F = 1""SELECT CUR_CODE FROM EX_RATE WHERE STOCK_CUR = 1""SELECT AP_AC_LINK_TYP",focus_forms/POST001.fmx.md,observed_sql_indicator,PKB/SQL and schema
POST001.fmx,sql,"SELECT BILL_NO,BILL_DATE,BILL_TIME,A_CY,BILL_RATE,MACHINE_NO,I_CODE,P_SIZE,ITM_UNT,W_CODE,I_PRICE,I_PRICE_VAT,I_QTY,RCRD_NO,BARCODE,DIS_PER,DIS_AMT,DIS_AMT_DTL,VAT_PER,VAT_AMT,BATC",focus_forms/POST001.fmx.md,observed_sql_indicator,PKB/SQL and schema
POST001.fmx,sql,"SELECT COUNT(1) FROM IAS_POS_BILL_MST WHERE NVL(HUNG,0) = 1 AND AD_U_ID = :b1 HAVING COUNT(1) > :b2""",focus_forms/POST001.fmx.md,observed_sql_indicator,PKB/SQL and schema
POST001.fmx,sql,"SELECT 1 FROM S_FLAGS_PRIV WHERE FLG_CODE = ''PAY_TYPE_NAME_POS'' AND FLG_VALUE = 1 AND U_ID = :b1 AND ROWNUM <= 1""",focus_forms/POST001.fmx.md,observed_sql_indicator,PKB/SQL and schema
POST001.fmx,sql,"SELECT C_CLASS FROM CUSTOMER WHERE C_CODE = :b1""",focus_forms/POST001.fmx.md,observed_sql_indicator,PKB/SQL and schema
POST001.fmx,sql,"DELETE FROM POS_BILL_FREE_QTY_PRM_TMP WHERE I_CODE = :b1 AND ITM_UNT = :b2 AND QT_PRM_SER = :b3 AND BILL_SEQ = :b4""DELETE FROM POS_BILL_FREE_QTY_PRM_TMP WHERE I_CODE = :b1 AND ITM_",focus_forms/POST001.fmx.md,observed_sql_indicator,PKB/SQL and schema
POST001.fmx,sql,"INSERT INTO POS_POINT_CALC_TRNS ( TRNS_NO,TRNS_DATE,CUST_CODE,MOBILE_NO,POINT_TYP_NO,BILL_NO,DOC_AMT,POINT_CNT,TRNS_TYPE,A_CY,MACHINE_NO,AD_U_ID,AD_DATE,CMP_NO,BRN_NO,BRN_YEAR,BRN_",focus_forms/POST001.fmx.md,observed_sql_indicator,PKB/SQL and schema
POST001.fmx,sql,"SELECT NVL(INV_DIS_LMT,0),NVL(INV_DIS_LMT_ITM,INV_DIS_LMT) FROM PRIVILEGE_FIXED WHERE U_ID = :b1""",focus_forms/POST001.fmx.md,observed_sql_indicator,PKB/SQL and schema
POST001.fmx,sql,"UPDATE IAS_POS_HUNG_BILLS SET PAYED_AMT=NVL(:b1,0) WHERE BILL_NO = :b2 AND NVL(BILL_SEQ,0) = NVL(:b3,0)""",focus_forms/POST001.fmx.md,observed_sql_indicator,PKB/SQL and schema
POST001.fmx,sql,"SELECT BARCODE FROM IAS_ITM_DTL WHERE I_CODE = :b1 AND ITM_UNT = :b2""SELECT BARCODE FROM IAS_ITM_UNT_BARCODE WHERE I_CODE = :b1 AND ITM_UNT = :b2 AND ROWNUM <= 1""",focus_forms/POST001.fmx.md,observed_sql_indicator,PKB/SQL and schema
POST001.fmx,sql,"UPDATE IAS_POS_BILL_MST SET BILL_AMT=(SELECT ROUND(NVL(SUM(I_QTY * I_PRICE ),0),:b1) FROM IAS_POS_BILL_DTL WHERE BILL_NO = :b2 ),DISC_AMT=ROUND((NVL(DISC_AMT_MST,0) + NVL(DISC_AMT_",focus_forms/POST001.fmx.md,observed_sql_indicator,PKB/SQL and schema
POST001.fmx,sql,"DELETE FROM IAS_POS_HUNG_BILLS WHERE I_CODE = :b1 AND RCRD_NO = :b2 AND BILL_NO = :b3 AND MACHINE_NO = :b4""DELETE FROM POS_BILL_FREE_QTY_PRM_TMP WHERE I_CODE = :b1 AND ITM_UNT = :b",focus_forms/POST001.fmx.md,observed_sql_indicator,PKB/SQL and schema
POST001.fmx,sql,SELECT ORDER_SER FROM SALES_ORDER WHERE ORDER_NO = :b1 AND ((:b2 = 1 ) OR EXISTS (SELECT 1 FROM S_BRN_USR_PRIV WHERE U_ID = :b2 AND S_BRN_USR_PRIV.BRN_NO = SALES_ORDER.BRN_NO AND N,focus_forms/POST001.fmx.md,observed_sql_indicator,PKB/SQL and schema
POST001.fmx,sql,"SELECT E_MAIL FROM IAS_CASH_CUSTMR WHERE CUST_CODE = :b1""",focus_forms/POST001.fmx.md,observed_sql_indicator,PKB/SQL and schema
POST001.fmx,sql,"SELECT reprs_code,",focus_forms/POST001.fmx.md,observed_sql_indicator,PKB/SQL and schema
POST001.fmx,sql,"SELECT LAST_BILL_DATE FROM IAS_POS_MACHINE WHERE MACHINE_NO = :b1""",focus_forms/POST001.fmx.md,observed_sql_indicator,PKB/SQL and schema
POST001.fmx,sql,"SELECT MIN(CR_CARD_NO) FROM CREDIT_CARD_TYPES WHERE MACHINE_NO = :b1""SELECT CR_CARD_NAME FROM CREDIT_CARD_TYPES WHERE CR_CARD_NO = :b1""SELECT MIN(CR_CARD_NO) FROM CREDIT_CARD_TYPES",focus_forms/POST001.fmx.md,observed_sql_indicator,PKB/SQL and schema
POST001.fmx,sql,"SELECT DECODE(:b1,1,NVL(C_A_NAME,C_E_NAME),NVL(C_E_NAME,C_A_NAME)),CUSTOMER.C_PHONE,CUSTOMER.C_E_MAIL,NVL(INACTIVE,0),NVL(INACTIVE_SALES,0) FROM CUSTOMER WHERE C_CODE = :b2""SELECT",focus_forms/POST001.fmx.md,observed_sql_indicator,PKB/SQL and schema
POST001.fmx,sql,"SELECT DECODE(:b1,1,NVL(CUST_L_NM,CUST_F_NM),NVL(CUST_F_NM,CUST_L_NM)),CUST_CODE,POINT_TYP_NO,NVL(INACTIVE,0) FROM IAS_CASH_CUSTMR WHERE MOBILE_NO = :b2""",focus_forms/POST001.fmx.md,observed_sql_indicator,PKB/SQL and schema
POST001.fmx,sql,"SELECT DECODE(:b1,1,NVL(CUST_L_NM,CUST_F_NM),NVL(CUST_F_NM,CUST_L_NM)),MOBILE_NO,POINT_TYP_NO,NVL(INACTIVE,0) FROM IAS_CASH_CUSTMR WHERE CUST_CODE = :b2""",focus_forms/POST001.fmx.md,observed_sql_indicator,PKB/SQL and schema
POST001.fmx,sql,"SELECT 1 FROM S_EMP WHERE EMP_NO = :b1 AND ROWNUM <= 1""SELECT DECODE(:b1,1,NVL(EMP_L_NM,EMP_F_NM),NVL(EMP_F_NM,EMP_L_NM)) FROM S_EMP WHERE EMP_NO = :b2""",focus_forms/POST001.fmx.md,observed_sql_indicator,PKB/SQL and schema
POST001.fmx,sql,"SELECT COUNT(*) FROM SALES_MAN WHERE REPRS_CODE = :b1 AND NVL(INACTIVE,0) = 1""",focus_forms/POST001.fmx.md,observed_sql_indicator,PKB/SQL and schema
POST001.fmx,sql,"SELECT 1 FROM SALES_MAN WHERE REPRS_CODE = :b1 AND ROWNUM <= 1""SELECT DECODE(:b1,1,NVL(REPRS_A_NAME,REPRS_E_NAME),NVL(REPRS_E_NAME,REPRS_A_NAME)) FROM SALES_MAN WHERE REPRS_CODE =",focus_forms/POST001.fmx.md,observed_sql_indicator,PKB/SQL and schema
POST001.fmx,sql,"SELECT 1 FROM CREDIT_CARD_TYPES WHERE CR_CARD_NO = :b1 AND MACHINE_NO = :b2 AND ROWNUM <= 1""SELECT CR_CARD_NAME,DECODE(NVL(:b1,0),0,0,COMM_PER),DECODE(NVL(:b1,0),0,0,DECODE(NVL(COM",focus_forms/POST001.fmx.md,observed_sql_indicator,PKB/SQL and schema
POST001.fmx,sql,"SELECT DECODE(NVL(COMM_CALC_TYPE,0),1,(NVL(COMM_PER,0) * NVL(:b1,0) ) / 100 ,0) FROM CREDIT_CARD_TYPES WHERE CR_CARD_NO = :b2""",focus_forms/POST001.fmx.md,observed_sql_indicator,PKB/SQL and schema
POST001.fmx,sql,"SELECT 1 FROM CASH_AT_BANK WHERE BANK_NO = :b1 AND ROWNUM <= 1""",focus_forms/POST001.fmx.md,observed_sql_indicator,PKB/SQL and schema
POST001.fmx,sql,"SELECT DISC_PER,EXPIRE_DATE,INACTIVE FROM IAS_POS_CARD WHERE CRD_NO = :b1 AND CRD_TYPE = 1""",focus_forms/POST001.fmx.md,observed_sql_indicator,PKB/SQL and schema
POST001.fmx,sql,"UPDATE IAS_POS_MACHINE SET SALE_SER=NVL(SALE_SER,0) + 1 WHERE MACHINE_NO = :b1""UPDATE IAS_POS_MACHINE SET LAST_BILL_DATE=:b1 WHERE MACHINE_NO = :b2""UPDATE IAS_POS_CARD SET PROCESSE",focus_forms/POST001.fmx.md,observed_sql_indicator,PKB/SQL and schema
POST001.fmx,sql,"SELECT DECODE(:b1,NVL(C_A_NAME,C_E_NAME),NVL(C_E_NAME,C_A_NAME)) FROM CUSTOMER WHERE C_CODE = :b2""SELECT POS_BILLS_SEQ.NEXTVAL FROM DUAL""",focus_forms/POST001.fmx.md,observed_sql_indicator,PKB/SQL and schema
POST001.fmx,sql,"SELECT DB_LINK_NM FROM IAS_POS_SERVER_DB_LINK WHERE DB_LINK_NM = NVL(:b1,''ONYX.ONYX.COM'') AND ROWNUM <= 1""SELECT POS_BILLS_SEQ.NEXTVAL FROM DUAL""",focus_forms/POST001.fmx.md,observed_sql_indicator,PKB/SQL and schema
POST001.fmx,sql,"DELETE FROM IAS_POS_BILL_DTL I WHERE I.BILL_NO = :b1""DELETE FROM IAS_POS_PAY_BILLS I WHERE I.BILL_NO = :b1""",focus_forms/POST001.fmx.md,observed_sql_indicator,PKB/SQL and schema
POST001.fmx,sql,"SELECT COUNT(1) FROM IAS_ITEM_PRICE WHERE I_CODE = :b1 AND IAS_ITEM_PRICE.LEV_NO = :b2""",focus_forms/POST001.fmx.md,observed_sql_indicator,PKB/SQL and schema
POST001.fmx,sql,"SELECT SUM(I_QTY),COUNT(I_CODE) FROM IAS_POS_HUNG_BILLS WHERE I_CODE = :b1 AND BILL_NO = :b2""",focus_forms/POST001.fmx.md,observed_sql_indicator,PKB/SQL and schema
POST001.fmx,sql,"SELECT FREE_QTY_PER FROM IAS_ITM_MST WHERE I_CODE = :b1""",focus_forms/POST001.fmx.md,observed_sql_indicator,PKB/SQL and schema
POST001.fmx,sql,"SELECT COUNT(RCRD_NO) FROM IAS_POS_BILL_DTL WHERE BILL_NO = :b1 AND RCRD_NO = :b2""SELECT I_CODE FROM IAS_POS_BILL_DTL WHERE BILL_NO = :b1 AND RCRD_NO = :b2""",focus_forms/POST001.fmx.md,observed_sql_indicator,PKB/SQL and schema
POST001.fmx,sql,"SELECT DISTINCT NVL(VAT_PER,0) FROM IAS_ITM_MST WHERE I_CODE = :b1""",focus_forms/POST001.fmx.md,observed_sql_indicator,PKB/SQL and schema
POST001.fmx,sql,"SELECT DECODE(:b1,1,NVL(I_NAME,I_E_NAME),NVL(I_E_NAME,I_NAME)) FROM IAS_ITM_MST WHERE I_CODE = :b2""SELECT I_PRICE FROM IAS_ITEM_PRICE WHERE IAS_ITEM_PRICE.I_CODE = :b1 AND LEV_NO =",focus_forms/POST001.fmx.md,observed_sql_indicator,PKB/SQL and schema
POST001.fmx,sql,"SELECT UNPOSTED_ITMS_SL.SQTY FROM (SELECT /*+ ordered use_nl (ias_pos_bill_dtl) index (ias_pos_bill_dtl c) */IAS_POS_BILL_DTL.I_CODE,SUM(IAS_POS_BILL_DTL.P_QTY) SQTY FROM IAS_POS_B",focus_forms/POST001.fmx.md,observed_sql_indicator,PKB/SQL and schema
POST001.fmx,sql,"SELECT NVL(REM_CARD_AMT,0) FROM IAS_POS_CUSTOMER_CARD_AMOUNT WHERE CARD_NO = :b1""",focus_forms/POST001.fmx.md,observed_sql_indicator,PKB/SQL and schema
POST001.fmx,sql,"SELECT 1 FROM IAS_POS_RT_BILL_MST WHERE RT_BILL_NO = :b1 AND RT_BILL_TYPE != 2 AND ROWNUM <= 1""SELECT 1 FROM IAS_POS_HST_RT_BILL_MST WHERE RT_BILL_NO = :b1 AND RT_BILL_TYPE != 2 AN",focus_forms/POST001.fmx.md,observed_sql_indicator,PKB/SQL and schema
POST001.fmx,sql,"SELECT 1 FROM IAS_POS_RT_BILL_MST WHERE RT_BILL_NO = :b1 AND ROWNUM <= 1""SELECT 1 FROM IAS_POS_HST_RT_BILL_MST WHERE RT_BILL_NO = :b1 AND ROWNUM <= 1""SELECT 1 FROM IAS_POS_RT_BILL_",focus_forms/POST001.fmx.md,observed_sql_indicator,PKB/SQL and schema
POST001.fmx,sql,"SELECT 1 FROM IAS_POS_CUSTOMER_CARD_AMOUNT WHERE CARD_NO = :b1 AND ROWNUM <= 1""SELECT 1 FROM IAS_POS_CUSTOMER_CARD_AMOUNT WHERE CARD_NO = :b1 AND NVL(PROCESSED,0) = 1 AND ROWNUM <=",focus_forms/POST001.fmx.md,observed_sql_indicator,PKB/SQL and schema
POST001.fmx,sql,"SELECT 1 FROM IAS_POS_PAY_BILLS WHERE CARD_NO = :b1 AND BILL_NO = :b2""SELECT 1 FROM IAS_POS_PAY_BILLS WHERE RT_BILL_NO = :b1 AND BILL_NO = :b2""",focus_forms/POST001.fmx.md,observed_sql_indicator,PKB/SQL and schema
POST001.fmx,sql,"UPDATE IAS_POS_RT_BILL_MST SET PAYED=1 WHERE RT_BILL_NO = :b1""UPDATE IAS_POS_HST_RT_BILL_MST SET PAYED=1 WHERE RT_BILL_NO = :b1""UPDATE IAS_POS_CUSTOMER_CARD_AMOUNT SET PROCESSED=1,",focus_forms/POST001.fmx.md,observed_sql_indicator,PKB/SQL and schema
POST001.fmx,sql,"SELECT SECRET_KEY FROM CUSTOMER WHERE C_CODE = :b1""",focus_forms/POST001.fmx.md,observed_sql_indicator,PKB/SQL and schema
POST001.fmx,sql,"UPDATE IAS_POS_RT_BILL_MST SET PAYED=1,MACHINE_NO_PAID=:b1,PAID_U_ID=:b2,PAID_DATE=IAS_GEN_PKG.GET_CURDATE WHERE RT_BILL_NO = :b3""UPDATE IAS_POS_HST_RT_BILL_MST SET PAYED=1 WHERE R",focus_forms/POST001.fmx.md,observed_sql_indicator,PKB/SQL and schema
POST001.fmx,sql,"SELECT 1 FROM IAS_ITM_MST WHERE I_CODE = :b1 AND ROWNUM <= 1""",focus_forms/POST001.fmx.md,observed_sql_indicator,PKB/SQL and schema
POST001.fmx,sql,"SELECT PASSWORD FROM USER_R WHERE U_ID = :b1""",focus_forms/POST001.fmx.md,observed_sql_indicator,PKB/SQL and schema
POST001.fmx,sql,"SELECT PASSWORD FROM USER_R WHERE U_ID = :b1 AND USER_TYPE IN ( 1,3 ) AND NVL(INACTIVE,0) = 0""",focus_forms/POST001.fmx.md,observed_sql_indicator,PKB/SQL and schema
POST001.fmx,sql,"SELECT PASSWORD FROM USER_R WHERE U_ID = :b1 AND ROWNUM <= 1""",focus_forms/POST001.fmx.md,observed_sql_indicator,PKB/SQL and schema
POST001.fmx,metadata,POST001,focus_forms/POST001.fmx.md,specification_only,none
POST001.fmx,metadata,YSPOS_MNU.MMX,focus_forms/POST001.fmx.md,specification_only,none
POST001.fmx,metadata,AMERICAN_AMERICA.AR8MSWIN1256,focus_forms/POST001.fmx.md,specification_only,none
POST001.fmx,metadata,P5_25_NOV_201414_40_02,focus_forms/POST001.fmx.md,specification_only,none
POST001.fmx,metadata,SQLFORMS,focus_forms/POST001.fmx.md,specification_only,none
POST001.fmx,metadata,"""PKG INIT""<anonymous>""""",focus_forms/POST001.fmx.md,specification_only,none
POST001.fmx,metadata,P4_25_NOV_201414_40_02,focus_forms/POST001.fmx.md,specification_only,none
POST001.fmx,metadata,P8_27_DEC_201508_30_17,focus_forms/POST001.fmx.md,specification_only,none
POST001.fmx,metadata,/NSPC1/AUD_ITM,focus_forms/POST001.fmx.md,specification_only,none
POST001.fmx,metadata,/NSPC1/DEL_POS_TMP_TBL_PRC,focus_forms/POST001.fmx.md,specification_only,none
POST001.fmx,metadata,FORMS40,focus_forms/POST001.fmx.md,specification_only,none
POST001.fmx,metadata,STANDARD,focus_forms/POST001.fmx.md,specification_only,none
POST001.fmx,metadata,FORMS4C,focus_forms/POST001.fmx.md,specification_only,none
POST001.fmx,metadata,/NSPC1/DELETE_PROC,focus_forms/POST001.fmx.md,specification_only,none
POST001.fmx,metadata,BAR.Del_Btn,focus_forms/POST001.fmx.md,specification_only,none
POST001.fmx,metadata,TRUE,focus_forms/POST001.fmx.md,specification_only,none
POST001.fmx,metadata,P5_10_SEP_201412_27_10,focus_forms/POST001.fmx.md,specification_only,none
POST001.fmx,metadata,P30_16_JAN_201412_58_41,focus_forms/POST001.fmx.md,specification_only,none
POST001.fmx,metadata,/NSPC1/PRE_FORM_PRC,focus_forms/POST001.fmx.md,specification_only,none
POST001.fmx,metadata,P29_16_JAN_201412_58_41,focus_forms/POST001.fmx.md,specification_only,none
POST001.fmx,metadata,!/NSPC1/WHEN_NEW_FORM_INSTANCE_PRC,focus_forms/POST001.fmx.md,specification_only,none
POST001.fmx,metadata,P28_16_JAN_201412_58_41,focus_forms/POST001.fmx.md,specification_only,none
POST001.fmx,metadata,/NSPC1/POST_FORMS_COMMIT_PRC,focus_forms/POST001.fmx.md,specification_only,none
POST001.fmx,metadata,P27_16_JAN_201412_58_41,focus_forms/POST001.fmx.md,specification_only,none
POST001.fmx,metadata,/LYSPOS_LIB,focus_forms/POST001.fmx.md,specification_only,none
POST001.fmx,metadata,GEN_PKG,focus_forms/POST001.fmx.md,specification_only,none
POST001.fmx,metadata,P26_16_JAN_201412_58_41,focus_forms/POST001.fmx.md,specification_only,none
POST001.fmx,metadata,P25_16_JAN_201412_58_41,focus_forms/POST001.fmx.md,specification_only,none
POST001.fmx,metadata,P24_16_JAN_201412_58_41,focus_forms/POST001.fmx.md,specification_only,none
POST001.fmx,metadata,P23_16_JAN_201412_58_41,focus_forms/POST001.fmx.md,specification_only,none
POST001.fmx,metadata,P22_16_JAN_201412_58_41,focus_forms/POST001.fmx.md,specification_only,none
POST001.fmx,metadata,P21_16_JAN_201412_58_41,focus_forms/POST001.fmx.md,specification_only,none
POST001.fmx,metadata,/NSPC1/EXIT_PROC,focus_forms/POST001.fmx.md,specification_only,none
POST001.fmx,metadata,P20_16_JAN_201412_58_41,focus_forms/POST001.fmx.md,specification_only,none
POST001.fmx,metadata,P19_16_JAN_201412_58_41,focus_forms/POST001.fmx.md,specification_only,none
POST001.fmx,metadata,VIEW_BTN,focus_forms/POST001.fmx.md,specification_only,none
POST001.fmx,metadata,SCREEN_BTN,focus_forms/POST001.fmx.md,specification_only,none
POST001.fmx,metadata,PRINT_DOC_BTN,focus_forms/POST001.fmx.md,specification_only,none
POST001.fmx,metadata,CANCEL_BTN,focus_forms/POST001.fmx.md,specification_only,none
POST001.fmx,metadata,PRINT_ST,focus_forms/POST001.fmx.md,specification_only,none
POST001.fmx,metadata,P18_16_JAN_201412_58_41,focus_forms/POST001.fmx.md,specification_only,none
POST001.fmx,metadata,Create -,focus_forms/POST001.fmx.md,specification_only,none
POST001.fmx,metadata,P17_16_JAN_201412_58_41,focus_forms/POST001.fmx.md,specification_only,none
POST001.fmx,metadata,/NSPC1/ADD_PROC,focus_forms/POST001.fmx.md,specification_only,none
POST001.fmx,metadata,BAR.ADD_Btn,focus_forms/POST001.fmx.md,specification_only,none
POST001.fmx,metadata,Delete -,focus_forms/POST001.fmx.md,specification_only,none
POST001.fmx,metadata,P16_16_JAN_201412_58_41,focus_forms/POST001.fmx.md,specification_only,none
POST001.fmx,metadata,Accept -,focus_forms/POST001.fmx.md,specification_only,none
POST001.fmx,metadata,P15_16_JAN_201412_58_41,focus_forms/POST001.fmx.md,specification_only,none
POST001.fmx,metadata,/NSPC1/SAVE_PROC,focus_forms/POST001.fmx.md,specification_only,none
POST001.fmx,metadata,BAR.SAVE_Btn,focus_forms/POST001.fmx.md,specification_only,none
POST001.fmx,metadata,List -,focus_forms/POST001.fmx.md,specification_only,none
POST001.fmx,metadata,P14_16_JAN_201412_58_41,focus_forms/POST001.fmx.md,specification_only,none
POST001.fmx,metadata,/NSPC1/LIST_PROC,focus_forms/POST001.fmx.md,specification_only,none
POST001.fmx,metadata,BAR.LIST_BTN,focus_forms/POST001.fmx.md,specification_only,none
POST001.fmx,metadata,Search_,focus_forms/POST001.fmx.md,specification_only,none
POST001.fmx,metadata,P13_16_JAN_201412_58_41,focus_forms/POST001.fmx.md,specification_only,none
POST001.fmx,metadata,/NSPC1/KEY_ENTQRY,focus_forms/POST001.fmx.md,specification_only,none
POST001.fmx,metadata,BAR.SeeK_Btn,focus_forms/POST001.fmx.md,specification_only,none
POST001.fmx,metadata,Exceute -,focus_forms/POST001.fmx.md,specification_only,none
POST001.fmx,metadata,P12_16_JAN_201412_58_41,focus_forms/POST001.fmx.md,specification_only,none
POST001.fmx,metadata,/NSPC1/KEY_EXEQRY,focus_forms/POST001.fmx.md,specification_only,none
POST001.fmx,metadata,BAR.SEEK_BTN,focus_forms/POST001.fmx.md,specification_only,none
POST001.fmx,metadata,Print -,focus_forms/POST001.fmx.md,specification_only,none
POST001.fmx,metadata,P11_16_JAN_201412_58_41,focus_forms/POST001.fmx.md,specification_only,none
POST001.fmx,metadata,/NSPC1/CALL_SCR_PRINT,focus_forms/POST001.fmx.md,specification_only,none
POST001.fmx,metadata,BAR.Print_Btn,focus_forms/POST001.fmx.md,specification_only,none
POST001.fmx,metadata,P6_18_MAR_201416_49_37,focus_forms/POST001.fmx.md,specification_only,none
POST001.fmx,metadata,P10_16_JAN_201412_58_41,focus_forms/POST001.fmx.md,specification_only,none
POST001.fmx,metadata,/NSPC1/WHEN_TIMER_EXPIRED_PRC,focus_forms/POST001.fmx.md,specification_only,none
POST001.fmx,metadata,P9_16_JAN_201412_58_41,focus_forms/POST001.fmx.md,specification_only,none
POST001.fmx,metadata,P8_16_JAN_201412_58_41,focus_forms/POST001.fmx.md,specification_only,none
POST001.fmx,metadata,P4_12_FEB_201417_30_42,focus_forms/POST001.fmx.md,specification_only,none
POST001.fmx,metadata,/NSPC1/WHEN_TAB_PAGE_CHANGED_PRC,focus_forms/POST001.fmx.md,specification_only,none
POST001.fmx,metadata,P5_16_JAN_201412_58_41,focus_forms/POST001.fmx.md,specification_only,none
POST001.fmx,metadata,P266_20_MAR_201415_05_23,focus_forms/POST001.fmx.md,specification_only,none
POST001.fmx,metadata,/NSPC1/CUSTOMER_DISPLAYED_PRC,focus_forms/POST001.fmx.md,specification_only,none
POST001.fmx,metadata,"""PKG INIT""<anonymous>""V_TXT""""",focus_forms/POST001.fmx.md,specification_only,none
POST001.fmx,metadata,ias_pos_bill_mst.net_amt,focus_forms/POST001.fmx.md,specification_only,none
POST001.fmx,metadata,Total =,focus_forms/POST001.fmx.md,specification_only,none
POST001.fmx,metadata,ias_pos_bill_mst.a_cy,focus_forms/POST001.fmx.md,specification_only,none
POST001.fmx,metadata,P267_20_MAR_201415_05_23,focus_forms/POST001.fmx.md,specification_only,none
POST001.fmx,metadata,pos_rtn_bills.Sum_Total,focus_forms/POST001.fmx.md,specification_only,none
POST001.fmx,metadata,pos_rtn_bills.a_cy,focus_forms/POST001.fmx.md,specification_only,none
POST001.fmx,metadata,P268_20_MAR_201415_05_23,focus_forms/POST001.fmx.md,specification_only,none
POST001.fmx,metadata,/NSPC1/IAS_QT_PRM_SCR_PKG,focus_forms/POST001.fmx.md,specification_only,none
POST001.fmx,metadata,P269_20_MAR_201415_05_23,focus_forms/POST001.fmx.md,specification_only,none
POST001.fmx,metadata,/NSPC1/CHANGE_USER,focus_forms/POST001.fmx.md,specification_only,none
POST001.fmx,metadata,P10_20_MAR_201417_21_46,focus_forms/POST001.fmx.md,specification_only,none
POST001.fmx,metadata,/NSPC1/CLEAR_ALL_MASTER_DETAILS,focus_forms/POST001.fmx.md,specification_only,none
POST001.fmx,metadata,ADD_PROC,focus_forms/POST001.fmx.md,specification_only,none
POST001.fmx,metadata,"""PKG INIT""ADD_PROC""""",focus_forms/POST001.fmx.md,specification_only,none
POST001.fmx,metadata,ADD_PROC2,focus_forms/POST001.fmx.md,specification_only,none
POST001.fmx,metadata,FORMS4W,focus_forms/POST001.fmx.md,specification_only,none
POST001.fmx,metadata,"""PKG INIT""ADD_PROC2""V_PK_VAL""""",focus_forms/POST001.fmx.md,specification_only,none
POST001.fmx,metadata,ADD_F_DOC,focus_forms/POST001.fmx.md,specification_only,none
POST001.fmx,metadata,B4SAVE_PRC,focus_forms/POST001.fmx.md,specification_only,none
POST001.fmx,metadata,"""PKG INIT""B4SAVE_PRC""""",focus_forms/POST001.fmx.md,specification_only,none
POST001.fmx,metadata,CHANGED,focus_forms/POST001.fmx.md,specification_only,none
POST001.fmx,metadata,PARAMETER.BLK,focus_forms/POST001.fmx.md,specification_only,none
POST001.fmx,metadata,DELETE_PROC,focus_forms/POST001.fmx.md,specification_only,none
POST001.fmx,metadata,"""PKG INIT""DELETE_PROC""V_SHALT""V_CNT""""",focus_forms/POST001.fmx.md,specification_only,none
POST001.fmx,metadata,VA_ITM_MOVE,focus_forms/POST001.fmx.md,specification_only,none
POST001.fmx,metadata,VA_BTN,focus_forms/POST001.fmx.md,specification_only,none
POST001.fmx,metadata,MS Sans Serif,focus_forms/POST001.fmx.md,specification_only,none
POST001.fmx,metadata,VA_FLD,focus_forms/POST001.fmx.md,specification_only,none
POST001.fmx,metadata,VA_MNDTRY_FLD,focus_forms/POST001.fmx.md,specification_only,none
POST001.fmx,metadata,VA_CHK,focus_forms/POST001.fmx.md,specification_only,none
POST001.fmx,metadata,tahoma,focus_forms/POST001.fmx.md,specification_only,none
POST001.fmx,metadata,VA_LOV,focus_forms/POST001.fmx.md,specification_only,none
POST001.fmx,metadata,VA_CURREC,focus_forms/POST001.fmx.md,specification_only,none
POST001.fmx,metadata,VA_MAIN,focus_forms/POST001.fmx.md,specification_only,none
POST001.fmx,metadata,VA_SUM,focus_forms/POST001.fmx.md,specification_only,none
POST001.fmx,metadata,VA_EXP_DATE,focus_forms/POST001.fmx.md,specification_only,none
POST001.fmx,metadata,VA_DISC,focus_forms/POST001.fmx.md,specification_only,none
POST001.fmx,metadata,CALL_BTN_SCR,focus_forms/POST001.fmx.md,specification_only,none
POST001.fmx,metadata,CALL_BAR_BTN_SCR,focus_forms/POST001.fmx.md,specification_only,none
POST001.fmx,metadata,IAS_USR_PKG,focus_forms/POST001.fmx.md,specification_only,none
POST001.fmx,metadata,YSPOS2,focus_forms/POST001.fmx.md,specification_only,none
POST001.fmx,metadata,YS_GEN_PKG,focus_forms/POST001.fmx.md,specification_only,none
POST001.fmx,metadata,"""PKG INIT""CALL_BTN_SCR""P_SCR_TYP""V_APPROVED_PRV""V_VRFY_PRV""V_INACTIVE_PRV""""",focus_forms/POST001.fmx.md,specification_only,none
POST001.fmx,metadata,CALL_OBJ.DUMMY,focus_forms/POST001.fmx.md,specification_only,none
POST001.fmx,metadata,Bar.Save_Btn,focus_forms/POST001.fmx.md,specification_only,none
POST001.fmx,metadata,FALSE,focus_forms/POST001.fmx.md,specification_only,none
POST001.fmx,metadata,IAS_USR_PKGYSPOS2CHK_USR_FRM_PRV,focus_forms/POST001.fmx.md,specification_only,none
POST001.fmx,metadata,Parameter.Grant_Audit_Doc,focus_forms/POST001.fmx.md,specification_only,none
POST001.fmx,metadata,Parameter.Blk,focus_forms/POST001.fmx.md,specification_only,none
POST001.fmx,metadata,INACTIVE,focus_forms/POST001.fmx.md,specification_only,none
POST001.fmx,metadata,YS_GEN_PKGYSPOS2GET_USR_FLD_PRVY,focus_forms/POST001.fmx.md,specification_only,none
POST001.fmx,metadata,CALL_SCR_PRINT,focus_forms/POST001.fmx.md,specification_only,none
POST001.fmx,metadata,"""PKG INIT""CALL_SCR_PRINT""V_AUDIT_REF""V_STAND_BY""""",focus_forms/POST001.fmx.md,specification_only,none
POST001.fmx,metadata,Prnt.rep_smple,focus_forms/POST001.fmx.md,specification_only,none
POST001.fmx,metadata,Prnt.screen_btn,focus_forms/POST001.fmx.md,specification_only,none
POST001.fmx,metadata,Prnt.view_btn,focus_forms/POST001.fmx.md,specification_only,none
POST001.fmx,metadata,Prnt.print_doc_btn,focus_forms/POST001.fmx.md,specification_only,none
POST001.fmx,metadata,CHECK_DUPLICATE,focus_forms/POST001.fmx.md,specification_only,none
POST001.fmx,metadata,IAS_POS_BILL_MST,focus_forms/POST001.fmx.md,specification_only,none
POST001.fmx,metadata,POS_PKG,focus_forms/POST001.fmx.md,specification_only,none
POST001.fmx,metadata,/NSPC1/CHECK_DB_BRANCH,focus_forms/POST001.fmx.md,specification_only,none
POST001.fmx,metadata,IAS_POS_HST_BILL_MST,focus_forms/POST001.fmx.md,specification_only,none
POST001.fmx,metadata,"""PKG INIT""CHECK_DUPLICATE""V_CNT""<cursor ptr>""<SQL statement. Line 6>""<SQL statement. Line 22>""""",focus_forms/POST001.fmx.md,specification_only,none
POST001.fmx,metadata,"SELECT 1 FROM IAS_POS_BILL_MST WHERE BILL_NO = :b1 AND ROWNUM <= 1""SELECT 1 FROM IAS_POS_HST_BILL_MST WHERE BILL_NO = :b1 AND ROWNUM <= 1""",focus_forms/POST001.fmx.md,specification_only,none
POST001.fmx,metadata,CHK_B4SAVE_DTL_PRC,focus_forms/POST001.fmx.md,specification_only,none
POST001.fmx,metadata,"""PKG INIT""CHK_B4SAVE_DTL_PRC""P_REC_ST""""",focus_forms/POST001.fmx.md,specification_only,none
POST001.fmx,metadata,DETAIL_BLOCK_1,focus_forms/POST001.fmx.md,specification_only,none
POST001.fmx,metadata,DETAIL_BLOCK_2,focus_forms/POST001.fmx.md,specification_only,none
POST001.fmx,metadata,CHK_B4SAVE_MST_PRC,focus_forms/POST001.fmx.md,specification_only,none
POST001.fmx,metadata,/NSPC1/CHECK_DUPLICATE,focus_forms/POST001.fmx.md,specification_only,none
POST001.fmx,metadata,"""PKG INIT""CHK_B4SAVE_MST_PRC""P_REC_ST""""",focus_forms/POST001.fmx.md,specification_only,none
POST001.fmx,metadata,DEL_DET_REC_PRC,focus_forms/POST001.fmx.md,specification_only,none
POST001.fmx,metadata,"""PKG INIT""DEL_DET_REC_PRC""P_BLK_NM""""",focus_forms/POST001.fmx.md,specification_only,none
POST001.fmx,metadata,DETAIL_BLOCK_NAME_1,focus_forms/POST001.fmx.md,specification_only,none
POST001.fmx,metadata,DETAIL_BLOCK_NAME_2,focus_forms/POST001.fmx.md,specification_only,none
POST001.fmx,metadata,DETAIL_BLOCK_NAME_n,focus_forms/POST001.fmx.md,specification_only,none
POST001.fmx,metadata,ENA_DIS_ITM_PRC,focus_forms/POST001.fmx.md,specification_only,none
POST001.fmx,metadata,"""PKG INIT""ENA_DIS_ITM_PRC""P_TYP""""",focus_forms/POST001.fmx.md,specification_only,none
POST001.fmx,metadata,EXIT_PROC,focus_forms/POST001.fmx.md,specification_only,none
POST001.fmx,metadata,"""PKG INIT""EXIT_PROC""""",focus_forms/POST001.fmx.md,specification_only,none
POST001.fmx,metadata,Bar.Exit_Btn,focus_forms/POST001.fmx.md,specification_only,none
POST001.fmx,metadata,UNDO,focus_forms/POST001.fmx.md,specification_only,none
POST001.fmx,metadata,CANCEL,focus_forms/POST001.fmx.md,specification_only,none
POST001.fmx,metadata,ENTER-QUERY,focus_forms/POST001.fmx.md,specification_only,none
POST001.fmx,metadata,al_undo,focus_forms/POST001.fmx.md,specification_only,none
POST001.fmx,metadata,RollBack,focus_forms/POST001.fmx.md,specification_only,none
POST001.fmx,metadata,FILL_ALL_LIST_PRC,focus_forms/POST001.fmx.md,specification_only,none
POST001.fmx,metadata,"""PKG INIT""FILL_ALL_LIST_PRC""P_ITM""V_STM""V_STMT""""",focus_forms/POST001.fmx.md,specification_only,none
POST001.fmx,metadata,PAY_TYPE_NAME_POS,focus_forms/POST001.fmx.md,specification_only,none
POST001.fmx,metadata,ias_pos_bill_mst.bill_type,focus_forms/POST001.fmx.md,specification_only,none
POST001.fmx,metadata,REP_FORM,focus_forms/POST001.fmx.md,specification_only,none
POST001.fmx,metadata,Payed.Rep_Form,focus_forms/POST001.fmx.md,specification_only,none
POST001.fmx,metadata,Ias_Pos_Pay_Bills.Rep_Form,focus_forms/POST001.fmx.md,specification_only,none
POST001.fmx,metadata,SRCH_ORDR_BY,focus_forms/POST001.fmx.md,specification_only,none
POST001.fmx,metadata,itemsearchfltr.orderby,focus_forms/POST001.fmx.md,specification_only,none
POST001.fmx,metadata,itemsearchfltr.searchby,focus_forms/POST001.fmx.md,specification_only,none
POST001.fmx,metadata,weightedfilter.orderby,focus_forms/POST001.fmx.md,specification_only,none
POST001.fmx,metadata,weightedfilter.searchby,focus_forms/POST001.fmx.md,specification_only,none
POST001.fmx,metadata,lengthedfilter.orderby,focus_forms/POST001.fmx.md,specification_only,none
POST001.fmx,metadata,lengthedfilter.searchby,focus_forms/POST001.fmx.md,specification_only,none
POST001.fmx,metadata,ias_pos_key_brd_grps_mst.orderby,focus_forms/POST001.fmx.md,specification_only,none
POST001.fmx,metadata,"Select Server_No||'-'||Nvl(Db_Link_Desc,Server_Nm) Server_Name,",focus_forms/POST001.fmx.md,specification_only,none
POS_INSTALL.fmx,procedure,CHECK_UPGRADE_ONYX_PRC,focus_forms/POS_INSTALL.fmx.md,specification_only,FMB/PLL/PKB
POS_INSTALL.fmx,procedure,CREATE_JOB_PROC,focus_forms/POS_INSTALL.fmx.md,specification_only,FMB/PLL/PKB
POS_INSTALL.fmx,procedure,CREATE_MV_BRN_PRC,focus_forms/POS_INSTALL.fmx.md,specification_only,FMB/PLL/PKB
POS_INSTALL.fmx,procedure,CREATE_MV_LOG_PRC,focus_forms/POS_INSTALL.fmx.md,specification_only,FMB/PLL/PKB
POS_INSTALL.fmx,procedure,CREATE_PKG_PRC,focus_forms/POS_INSTALL.fmx.md,specification_only,FMB/PLL/PKB
POS_INSTALL.fmx,procedure,CREATE_PK_FUN_PRC,focus_forms/POS_INSTALL.fmx.md,specification_only,FMB/PLL/PKB
POS_INSTALL.fmx,procedure,CREATE_SYNONYMS_4ONYX_PRC,focus_forms/POS_INSTALL.fmx.md,specification_only,FMB/PLL/PKB
POS_INSTALL.fmx,procedure,CREATE_SYNONYMS_4POS_PRC,focus_forms/POS_INSTALL.fmx.md,specification_only,FMB/PLL/PKB
POS_INSTALL.fmx,procedure,CREATE_TBLSPACE_PRC,focus_forms/POS_INSTALL.fmx.md,specification_only,FMB/PLL/PKB
POS_INSTALL.fmx,procedure,CREATE_TS_PRC,focus_forms/POS_INSTALL.fmx.md,specification_only,FMB/PLL/PKB
POS_INSTALL.fmx,procedure,EXIT_PROC,focus_forms/POS_INSTALL.fmx.md,specification_only,FMB/PLL/PKB
POS_INSTALL.fmx,procedure,FILL_ALL_LIST_PRC,focus_forms/POS_INSTALL.fmx.md,specification_only,FMB/PLL/PKB
POS_INSTALL.fmx,procedure,GEN_PKG,focus_forms/POS_INSTALL.fmx.md,specification_only,FMB/PLL/PKB
POS_INSTALL.fmx,procedure,GET_BL_CST_FNC,focus_forms/POS_INSTALL.fmx.md,specification_only,FMB/PLL/PKB
POS_INSTALL.fmx,procedure,GIVE_GRANT_PRC,focus_forms/POS_INSTALL.fmx.md,specification_only,FMB/PLL/PKB
POS_INSTALL.fmx,procedure,IAS_DBS_SYS_PKG,focus_forms/POS_INSTALL.fmx.md,specification_only,FMB/PLL/PKB
POS_INSTALL.fmx,procedure,IAS_ENCDEC_PKG,focus_forms/POS_INSTALL.fmx.md,specification_only,FMB/PLL/PKB
POS_INSTALL.fmx,procedure,IAS_GEN_PKG,focus_forms/POS_INSTALL.fmx.md,specification_only,FMB/PLL/PKB
POS_INSTALL.fmx,procedure,IAS_GET_ALL_FLD_TBL_FNC,focus_forms/POS_INSTALL.fmx.md,specification_only,FMB/PLL/PKB
POS_INSTALL.fmx,procedure,IAS_INSRT_S_MSG_PRC,focus_forms/POS_INSTALL.fmx.md,specification_only,FMB/PLL/PKB
POS_INSTALL.fmx,procedure,IAS_POS_PKG,focus_forms/POS_INSTALL.fmx.md,specification_only,FMB/PLL/PKB
POS_INSTALL.fmx,procedure,INSRT_FORM_POS_DTL_PRC,focus_forms/POS_INSTALL.fmx.md,specification_only,FMB/PLL/PKB
POS_INSTALL.fmx,procedure,INSRT_POS_INIT_DATA_PRC,focus_forms/POS_INSTALL.fmx.md,specification_only,FMB/PLL/PKB
POS_INSTALL.fmx,procedure,INSRT_SFLGS_PRC,focus_forms/POS_INSTALL.fmx.md,specification_only,FMB/PLL/PKB
POS_INSTALL.fmx,procedure,INSRT_S_MSGS_PRC,focus_forms/POS_INSTALL.fmx.md,specification_only,FMB/PLL/PKB
POS_INSTALL.fmx,procedure,LPOSSTP_LIB,focus_forms/POS_INSTALL.fmx.md,specification_only,FMB/PLL/PKB
POS_INSTALL.fmx,procedure,POSSTP_LIB,focus_forms/POS_INSTALL.fmx.md,specification_only,FMB/PLL/PKB
POS_INSTALL.fmx,procedure,POS_FILEDS_PKG,focus_forms/POS_INSTALL.fmx.md,specification_only,FMB/PLL/PKB
POS_INSTALL.fmx,procedure,POS_INSRT_DATA_PKG,focus_forms/POS_INSTALL.fmx.md,specification_only,FMB/PLL/PKB
POS_INSTALL.fmx,procedure,POS_PACKAGE_PKG,focus_forms/POS_INSTALL.fmx.md,specification_only,FMB/PLL/PKB
POS_INSTALL.fmx,procedure,POS_PROCDRE_FUNC_PKG,focus_forms/POS_INSTALL.fmx.md,specification_only,FMB/PLL/PKB
POS_INSTALL.fmx,procedure,POS_TABLE_PKG,focus_forms/POS_INSTALL.fmx.md,specification_only,FMB/PLL/PKB
POS_INSTALL.fmx,procedure,POS_VIEW_PKG,focus_forms/POS_INSTALL.fmx.md,specification_only,FMB/PLL/PKB
POS_INSTALL.fmx,procedure,PRE_FORM_PRC,focus_forms/POS_INSTALL.fmx.md,specification_only,FMB/PLL/PKB
POS_INSTALL.fmx,procedure,REFRES_JOB_PROC,focus_forms/POS_INSTALL.fmx.md,specification_only,FMB/PLL/PKB
POS_INSTALL.fmx,procedure,REP_FORM,focus_forms/POS_INSTALL.fmx.md,specification_only,FMB/PLL/PKB
POS_INSTALL.fmx,procedure,SYNCHRONIZE_DATA_SALES_PROC,focus_forms/POS_INSTALL.fmx.md,specification_only,FMB/PLL/PKB
POS_INSTALL.fmx,procedure,SYNCHRONIZE_DATA_TRANSFER_PROC,focus_forms/POS_INSTALL.fmx.md,specification_only,FMB/PLL/PKB
POS_INSTALL.fmx,procedure,UPDATE_DFLT_PROFILE_PRC,focus_forms/POS_INSTALL.fmx.md,specification_only,FMB/PLL/PKB
POS_INSTALL.fmx,procedure,YS_GEN_PKG,focus_forms/POS_INSTALL.fmx.md,specification_only,FMB/PLL/PKB
POS_INSTALL.fmx,sql,"SELECT SERVER_NO,SERVER_NM,DB_LINK_NM,DB_SERVICE_NM,DB_LINK_DESC FROM IAS_POS_SERVER_DB_LINK WHERE UPPER(DB_SERVICE_NM) != UPPER(''YEMENSOFT'') OR UPPER(DB_LINK_NM) != UPPER(''ONYX",focus_forms/POS_INSTALL.fmx.md,observed_sql_indicator,PKB/SQL and schema
POS_INSTALL.fmx,sql,SELECT * FROM,focus_forms/POS_INSTALL.fmx.md,observed_sql_indicator,PKB/SQL and schema
POS_INSTALL.fmx,sql,SELECT TBL_NAME FROM (SELECT ''ACCOUNT_TYPES'' TBL_NAME FROM DUAL UNION SELECT ''ACCOUNT_GROUPING'' TBL_NAME FROM DUAL UNION SELECT ''ACCOUNT'' TBL_NAME FROM DUAL UNION SELECT ''AC,focus_forms/POS_INSTALL.fmx.md,observed_sql_indicator,PKB/SQL and schema
POS_INSTALL.fmx,sql,SELECT TBL_NAME FROM (SELECT ''ACCOUNT_TYPES'' TBL_NAME FROM DUAL UNION SELECT ''ACCOUNT_GROUPING'' TBL_NAME FROM DUAL UNION SELECT ''ACCOUNT'' TBL_NAME FROM DUAL UNION SELECT ''AC,focus_forms/POS_INSTALL.fmx.md,observed_sql_indicator,PKB/SQL and schema
POS_INSTALL.fmx,sql,"SELECT COUNT(1) FROM V$TABLESPACE WHERE NAME = ''IAS_SYS_DATA''""SELECT COUNT(1) FROM V$TABLESPACE WHERE NAME = ''IAS_SYS_INDX''""SELECT COUNT(1) FROM ALL_USERS WHERE USERNAME = ''IA",focus_forms/POS_INSTALL.fmx.md,observed_sql_indicator,PKB/SQL and schema
POS_INSTALL.fmx,sql,"SELECT 1 FROM ALL_TABLES WHERE OWNER = :b1 AND TABLE_NAME = ''IAS_PARA_POS''""SELECT DISTINCT SYNONYM_NAME FROM DBA_SYNONYMS WHERE OWNER = :b1 AND TABLE_OWNER = :b2""SELECT TBL_NAME",focus_forms/POS_INSTALL.fmx.md,observed_sql_indicator,PKB/SQL and schema
POS_INSTALL.fmx,sql,"SELECT COUNT(1) FROM V$TABLESPACE WHERE NAME = :b1""",focus_forms/POS_INSTALL.fmx.md,observed_sql_indicator,PKB/SQL and schema
POS_INSTALL.fmx,sql,"SELECT COUNT(1) FROM ALL_USERS WHERE USERNAME = ''IAS_SYS''""SELECT COUNT(1) FROM DBA_SYNONYMS WHERE OWNER = ''PUBLIC'' AND SYNONYM_NAME = ''S_YS_CMP''""",focus_forms/POS_INSTALL.fmx.md,observed_sql_indicator,PKB/SQL and schema
POS_INSTALL.fmx,sql,"SELECT A.CONSTRAINT_NAME FROM USER_CONSTRAINTS A,USER_CONS_COLUMNS B WHERE A.OWNER = B.OWNER AND A.CONSTRAINT_NAME = B.CONSTRAINT_NAME AND A.TABLE_NAME = B.TABLE_NAME AND A.TABLE_N",focus_forms/POS_INSTALL.fmx.md,observed_sql_indicator,PKB/SQL and schema
POS_INSTALL.fmx,sql,"SELECT m.I_CODE,",focus_forms/POS_INSTALL.fmx.md,observed_sql_indicator,PKB/SQL and schema
POS_INSTALL.fmx,sql,"SELECT A.CONSTRAINT_NAME FROM USER_CONSTRAINTS A,USER_CONS_COLUMNS B WHERE A.OWNER = B.OWNER AND A.CONSTRAINT_NAME = B.CONSTRAINT_NAME AND A.TABLE_NAME = B.TABLE_NAME AND A.TABLE_N",focus_forms/POS_INSTALL.fmx.md,observed_sql_indicator,PKB/SQL and schema
POS_INSTALL.fmx,sql,"SELECT COLUMN_NAME FROM USER_TAB_COLUMNS WHERE TABLE_NAME = UPPER(:b1) AND COLUMN_NAME NOT IN ( UPPER(''ROW_ID''),UPPER(''UMARKER'') )ORDER BY COLUMN_ID""",focus_forms/POS_INSTALL.fmx.md,observed_sql_indicator,PKB/SQL and schema
POS_INSTALL.fmx,sql,"INSERT INTO IAS_POS_HELP_KEYS ( BLK_NAME, KEY_NO, HELP_A_DESC,HELP_E_DESC )",focus_forms/POS_INSTALL.fmx.md,observed_sql_indicator,PKB/SQL and schema
POS_INSTALL.fmx,sql,"SELECT COUNT(1) FROM IAS_PARA_POS""INSERT INTO IAS_PARA_POS ( PARA_NO,SETTING_NAME,SETTING_DATE,LENGTHED_PERFIX,LENGTHED_LENGTH,LENGTHED_ITEM_LENGTH,LENGTHED_BASIC,LENGTHED,WEIGHTED",focus_forms/POS_INSTALL.fmx.md,observed_sql_indicator,PKB/SQL and schema
POS_INSTALL.fmx,metadata,POS_INSTALL,focus_forms/POS_INSTALL.fmx.md,specification_only,none
POS_INSTALL.fmx,metadata,Installation,focus_forms/POS_INSTALL.fmx.md,specification_only,none
POS_INSTALL.fmx,metadata,AMERICAN_AMERICA.AR8MSWIN1256,focus_forms/POS_INSTALL.fmx.md,specification_only,none
POS_INSTALL.fmx,metadata,P61_24_APR_201417_13_46,focus_forms/POS_INSTALL.fmx.md,specification_only,none
POS_INSTALL.fmx,metadata,STANDARD,focus_forms/POS_INSTALL.fmx.md,specification_only,none
POS_INSTALL.fmx,metadata,FORMS4C,focus_forms/POS_INSTALL.fmx.md,specification_only,none
POS_INSTALL.fmx,metadata,FORMS4W,focus_forms/POS_INSTALL.fmx.md,specification_only,none
POS_INSTALL.fmx,metadata,SQLFORMS,focus_forms/POS_INSTALL.fmx.md,specification_only,none
POS_INSTALL.fmx,metadata,/LPOSSTP_LIB,focus_forms/POS_INSTALL.fmx.md,specification_only,none
POS_INSTALL.fmx,metadata,POS_GET_VERSION,focus_forms/POS_INSTALL.fmx.md,specification_only,none
POS_INSTALL.fmx,metadata,FORMS40,focus_forms/POS_INSTALL.fmx.md,specification_only,none
POS_INSTALL.fmx,metadata,FORMS4G,focus_forms/POS_INSTALL.fmx.md,specification_only,none
POS_INSTALL.fmx,metadata,"""PKG INIT""<anonymous>""""",focus_forms/POS_INSTALL.fmx.md,specification_only,none
POS_INSTALL.fmx,metadata,V6.1.2017.02.22,focus_forms/POS_INSTALL.fmx.md,specification_only,none
POS_INSTALL.fmx,metadata,Version Is Not Compatible With Library For Pos,focus_forms/POS_INSTALL.fmx.md,specification_only,none
POS_INSTALL.fmx,metadata,AR8MSWIN1256,focus_forms/POS_INSTALL.fmx.md,specification_only,none
POS_INSTALL.fmx,metadata,P0_24_APR_201417_43_50,focus_forms/POS_INSTALL.fmx.md,specification_only,none
POS_INSTALL.fmx,metadata,P62_24_APR_201417_13_46,focus_forms/POS_INSTALL.fmx.md,specification_only,none
POS_INSTALL.fmx,metadata,SYSTEM,focus_forms/POS_INSTALL.fmx.md,specification_only,none
POS_INSTALL.fmx,metadata,[REDACTED_DB_SECRET],focus_forms/POS_INSTALL.fmx.md,specification_only,none
POS_INSTALL.fmx,metadata,ALTER USER,focus_forms/POS_INSTALL.fmx.md,specification_only,none
POS_INSTALL.fmx,metadata,ACCOUNT UNLOCK,focus_forms/POS_INSTALL.fmx.md,specification_only,none
POS_INSTALL.fmx,metadata,Alter User system Identified By [REDACTED_SECRET],focus_forms/POS_INSTALL.fmx.md,specification_only,none
POS_INSTALL.fmx,metadata,There are no connection to database,focus_forms/POS_INSTALL.fmx.md,specification_only,none
POS_INSTALL.fmx,metadata,P63_24_APR_201417_13_46,focus_forms/POS_INSTALL.fmx.md,specification_only,none
POS_INSTALL.fmx,metadata,CREATE_DB_LINK,focus_forms/POS_INSTALL.fmx.md,specification_only,none
POS_INSTALL.fmx,metadata,YSPOS2,focus_forms/POS_INSTALL.fmx.md,specification_only,none
POS_INSTALL.fmx,metadata,IAS_POS_SERVER_DB_LINK,focus_forms/POS_INSTALL.fmx.md,specification_only,none
POS_INSTALL.fmx,metadata,DBA_SNAPSHOTS,focus_forms/POS_INSTALL.fmx.md,specification_only,none
POS_INSTALL.fmx,metadata,PUBLIC,focus_forms/POS_INSTALL.fmx.md,specification_only,none
POS_INSTALL.fmx,metadata,USER_DB_LINKS,focus_forms/POS_INSTALL.fmx.md,specification_only,none
POS_INSTALL.fmx,metadata,"""PKG INIT""CREATE_DB_LINK""C_DB_LINK""<cursor ptr>""SERVER_NO""SERVER_NM""DB_LINK_NM""DB_SERVICE_NM""DB_LINK_DESC""V_CNT""V_DB_LINK""<SQL statement. Line 11>""I_DB_LINK""<SQL statement. Line 26>""""",focus_forms/POS_INSTALL.fmx.md,specification_only,none
POS_INSTALL.fmx,metadata,d$tg,focus_forms/POS_INSTALL.fmx.md,specification_only,none
POS_INSTALL.fmx,metadata,DROP PUBLIC DATABASE LINK,focus_forms/POS_INSTALL.fmx.md,specification_only,none
POS_INSTALL.fmx,metadata,CREATE PUBLIC DATABASE LINK,focus_forms/POS_INSTALL.fmx.md,specification_only,none
POS_INSTALL.fmx,metadata,CONNECT TO IAS_SYS IDENTIFIED BY [REDACTED_SECRET],focus_forms/POS_INSTALL.fmx.md,specification_only,none
POS_INSTALL.fmx,metadata,USING,focus_forms/POS_INSTALL.fmx.md,specification_only,none
POS_INSTALL.fmx,metadata,"SELECT SERVER_NO,SERVER_NM,DB_LINK_NM,DB_SERVICE_NM,DB_LINK_DESC FROM IAS_POS_SERVER_DB_LINK WHERE UPPER(DB_SERVICE_NM) != UPPER(''YEMENSOFT'') OR UPPER(DB_LINK_NM) != UPPER(''ONYX.ONYX.COM'') ORDER BY SERVER_NO""SELECT 1 FROM DBA_SNAPSHOTS WHERE TABLE_NAME = ''IAS_ITM_MST'' AND OWNER = USER AND ROWNUM <= 1""SELECT DB_LINK FROM USER_DB_LINKS WHERE DB_LINK = :b1""",focus_forms/POS_INSTALL.fmx.md,specification_only,none
POS_INSTALL.fmx,metadata,CREATE_JOB_PROC,focus_forms/POS_INSTALL.fmx.md,specification_only,none
POS_INSTALL.fmx,metadata,"""PKG INIT""CREATE_JOB_PROC""""",focus_forms/POS_INSTALL.fmx.md,specification_only,none
POS_INSTALL.fmx,metadata,Create Or Replace Procedure Refres_Job_Proc Is,focus_forms/POS_INSTALL.fmx.md,specification_only,none
POS_INSTALL.fmx,metadata,Cursor C_Job Is Select Job From Sys.Dba_Jobs,focus_forms/POS_INSTALL.fmx.md,specification_only,none
POS_INSTALL.fmx,metadata,Where Job <> 1 ;,focus_forms/POS_INSTALL.fmx.md,specification_only,none
POS_INSTALL.fmx,metadata,Begin,focus_forms/POS_INSTALL.fmx.md,specification_only,none
POS_INSTALL.fmx,metadata,For I In C_Job Loop,focus_forms/POS_INSTALL.fmx.md,specification_only,none
POS_INSTALL.fmx,metadata,Dbms_Job.Run(I.Job);,focus_forms/POS_INSTALL.fmx.md,specification_only,none
POS_INSTALL.fmx,metadata,Exception,focus_forms/POS_INSTALL.fmx.md,specification_only,none
POS_INSTALL.fmx,metadata,When Others Then,focus_forms/POS_INSTALL.fmx.md,specification_only,none
POS_INSTALL.fmx,metadata,Null;,focus_forms/POS_INSTALL.fmx.md,specification_only,none
POS_INSTALL.fmx,metadata,End ;,focus_forms/POS_INSTALL.fmx.md,specification_only,none
POS_INSTALL.fmx,metadata,End Loop ;,focus_forms/POS_INSTALL.fmx.md,specification_only,none
POS_INSTALL.fmx,metadata,Alter System Disable Restricted Session,focus_forms/POS_INSTALL.fmx.md,specification_only,none
POS_INSTALL.fmx,metadata,"DBMS_SCHEDULER.CREATE_JOB( JOB_NAME => 'IAS_DATA_JOB',",focus_forms/POS_INSTALL.fmx.md,specification_only,none
POS_INSTALL.fmx,metadata,"JOB_TYPE => 'STORED_PROCEDURE',",focus_forms/POS_INSTALL.fmx.md,specification_only,none
POS_INSTALL.fmx,metadata,"JOB_ACTION => 'REFRES_JOB_PROC',",focus_forms/POS_INSTALL.fmx.md,specification_only,none
POS_INSTALL.fmx,metadata,"START_DATE => SYSTIMESTAMP,",focus_forms/POS_INSTALL.fmx.md,specification_only,none
POS_INSTALL.fmx,metadata,"REPEAT_INTERVAL => 'SYSTIMESTAMP + INTERVAL ''1'' HOUR' ,",focus_forms/POS_INSTALL.fmx.md,specification_only,none
POS_INSTALL.fmx,metadata,"END_DATE => NULL ,",focus_forms/POS_INSTALL.fmx.md,specification_only,none
POS_INSTALL.fmx,metadata,"COMMENTS => 'Refresh Data',",focus_forms/POS_INSTALL.fmx.md,specification_only,none
POS_INSTALL.fmx,metadata,ENABLED => TRUE);,focus_forms/POS_INSTALL.fmx.md,specification_only,none
POS_INSTALL.fmx,metadata,CREATE_MV_BRN_PRC,focus_forms/POS_INSTALL.fmx.md,specification_only,none
POS_INSTALL.fmx,metadata,DUAL,focus_forms/POS_INSTALL.fmx.md,specification_only,none
POS_INSTALL.fmx,metadata,/NSPC11/DROP_CONSTRAINTS,focus_forms/POS_INSTALL.fmx.md,specification_only,none
POS_INSTALL.fmx,metadata,"""PKG INIT""CREATE_MV_BRN_PRC""P_POS_USER""P_DRP_MV""V_TIME""V_DB_LINK""V_CNT""C_TBL_NM""<cursor ptr>""TBL_NAME""I""""",focus_forms/POS_INSTALL.fmx.md,specification_only,none
POS_INSTALL.fmx,metadata,Sub_Server.info,focus_forms/POS_INSTALL.fmx.md,specification_only,none
POS_INSTALL.fmx,metadata,Start Create Materialized View .....,focus_forms/POS_INSTALL.fmx.md,specification_only,none
POS_INSTALL.fmx,metadata,DROP TABLE,focus_forms/POS_INSTALL.fmx.md,specification_only,none
POS_INSTALL.fmx,metadata,Cascade Constraint,focus_forms/POS_INSTALL.fmx.md,specification_only,none
POS_INSTALL.fmx,metadata,Drop Materialized View,focus_forms/POS_INSTALL.fmx.md,specification_only,none
POS_INSTALL.fmx,metadata,IAS_CASH_CUSTMR,focus_forms/POS_INSTALL.fmx.md,specification_only,none
POS_INSTALL.fmx,metadata,CREATE MATERIALIZED VIEW,focus_forms/POS_INSTALL.fmx.md,specification_only,none
POS_INSTALL.fmx,metadata,.IAS_CASH_CUSTMR BUILD IMMEDIATE,focus_forms/POS_INSTALL.fmx.md,specification_only,none
POS_INSTALL.fmx,metadata,REFRESH FAST START WITH SYSDATE NEXT SYSDATE +,focus_forms/POS_INSTALL.fmx.md,specification_only,none
POS_INSTALL.fmx,metadata,WITH ROWID FOR UPDATE AS,focus_forms/POS_INSTALL.fmx.md,specification_only,none
POS_INSTALL.fmx,metadata,SELECT * FROM,focus_forms/POS_INSTALL.fmx.md,specification_only,none
POS_INSTALL.fmx,metadata,.IAS_CASH_CUSTMR@ONYX.ONYX.COM,focus_forms/POS_INSTALL.fmx.md,specification_only,none
POS_INSTALL.fmx,metadata,IAS_POST_DTL,focus_forms/POS_INSTALL.fmx.md,specification_only,none
POS_INSTALL.fmx,metadata,.IAS_POST_DTL BUILD IMMEDIATE,focus_forms/POS_INSTALL.fmx.md,specification_only,none
POS_INSTALL.fmx,metadata,WITH ROWID AS,focus_forms/POS_INSTALL.fmx.md,specification_only,none
POS_INSTALL.fmx,metadata,@ONYX.ONYX.COM WHERE C_CODE IS NOT NULL,focus_forms/POS_INSTALL.fmx.md,specification_only,none
POS_INSTALL.fmx,metadata,BUILD IMMEDIATE,focus_forms/POS_INSTALL.fmx.md,specification_only,none
POS_INSTALL.fmx,metadata,@ONYX.ONYX.COM,focus_forms/POS_INSTALL.fmx.md,specification_only,none
POS_INSTALL.fmx,metadata,WHERE C_CODE IS NOT NULL,focus_forms/POS_INSTALL.fmx.md,specification_only,none
POS_INSTALL.fmx,metadata,IAS_POS_CUSTOMER_CARD_AMOUNT,focus_forms/POS_INSTALL.fmx.md,specification_only,none
POS_INSTALL.fmx,metadata,.IAS_POS_CUSTOMER_CARD_AMOUNT BUILD IMMEDIATE,focus_forms/POS_INSTALL.fmx.md,specification_only,none
POS_INSTALL.fmx,metadata,.IAS_POS_CUSTOMER_CARD_AMOUNT@,focus_forms/POS_INSTALL.fmx.md,specification_only,none
POS_INSTALL.fmx,metadata,"SELECT TBL_NAME FROM (SELECT ''ACCOUNT_TYPES'' TBL_NAME FROM DUAL UNION SELECT ''ACCOUNT_GROUPING'' TBL_NAME FROM DUAL UNION SELECT ''ACCOUNT'' TBL_NAME FROM DUAL UNION SELECT ''ACCOUNT_CURR'' TBL_NAME FROM DUAL UNION SELECT ''CASH_AT_BANK'' TBL_NAME FROM DUAL UNION SELECT ''CASH_IN_HAND'' TBL_NAME FROM DUAL UNION SELECT ''IAS_CASH_AT_BANK_BRN'' TBL_NAME FROM DUAL UNION SELECT ''IAS_CASH_AT_BANK_CHEQ'' TBL_NAME FROM DUAL UNION SELECT ''IAS_CASH_AT_BANK_DTL'' TBL_NAME FROM DUAL UNION SELECT ''IAS_CASH_IN_HAND_DTL'' TBL_NAME FROM DUAL UNION SELECT ''COST_CENTER_TYPES'' TBL_NAME FROM DUAL UNION SELECT ''COST_CENTERS'' TBL_NAME FROM DUAL UNION SELECT ''CREDIT_CARD_TYPES'' TBL_NAME FROM DUAL UNION SELECT ''CUSTOMER'' TBL_NAME FROM DUAL UNION SELECT ''CUSTOMER_CURR'' TBL_NAME FROM DUAL UNION SELECT ''CUSTOMER_GROUP'' TBL_NAME FROM DUAL UNION SELECT ''S_PRD_DTL'' TBL_NAME FROM DUAL UNION SELECT ''S_PRD_MST'' TBL_NAME FROM DUAL UNION SELECT ''EX_RATE'' TBL_NAME FROM DUAL UNION SELECT ''IAS_FORM_NAME'' TBL_NAME FROM DUAL UNION SELECT ''FORM_DETAIL'' TBL_NAME FROM DUAL UNION SELECT ''GROUP_DETAILS'' TBL_NAME FROM DUAL UNION SELECT ''IAS_ITM_MST'' TBL_NAME FROM DUAL UNION SELECT ''IAS_ITM_DTL'' TBL_NAME FROM DUAL UNION SELECT ''ITEM_TYPES'' TBL_NAME FROM DUAL UNION SELECT ''IAS_ALTERNATIVE_GROUP'' TBL_NAME FROM DUAL UNION SELECT ''IAS_ASSISTANT_GROUP'' TBL_NAME FROM DUAL UNION SELECT ''IAS_DETAIL_GROUP'' TBL_NAME FROM DUAL UNION SELECT ''IAS_GRP_ITM_LVL'' TBL_NAME FROM DUAL UNION SELECT ''IAS_CONN_ACC_INV_BY_GL'' TBL_NAME FROM DUAL UNION SELECT ''IAS_CONN_GRP_ITM_TYPE'' TBL_NAME FROM DUAL UNION SELECT ''IAS_CONN_WCODE_BY_ACTIVITY'' TBL_NAME FROM DUAL UNION SELECT ''IAS_ITEM_LEVELS'' TBL_NAME FROM DUAL UNION SELECT ''IAS_ITEM_PRICE'' TBL_NAME FROM DUAL UNION SELECT ''Ias_Priv_Price'' TBL_NAME FROM DUAL UNION SELECT ''IAS_PRICING_LEVELS'' TBL_NAME FROM DUAL UNION SELECT ''IAS_ITM_UNT_BARCODE'' TBL_NAME FROM DUAL UNION SELECT ''MEASUREMENT'' TBL_NAME FROM DUAL UNION SELECT ''IAS_MAINSUB_GRP_DTL'' TBL_NAME FROM DUAL UNION SELECT ''IAS_SUB_GRP_DTL'' TBL_NAME FROM DUAL UNION SELECT ''IAS_ITM_WCODE'' TBL_NAME FROM DUAL UNION SELECT ''IAS_CR_CARD_TYPES'' TBL_NAME FROM DUAL UNION SELECT ''IAS_CURRENCY_VALUE'' TBL_NAME FROM DUAL UNION SELECT ''IAS_FRM_FLD_PRIV'' TBL_NAME FROM DUAL UNION SELECT ''IAS_ITEMS_ACTIVITY'' TBL_NAME FROM DUAL UNION SELECT ''IAS_ITEMS_ACTIVITY_PRIV'' TBL_NAME FROM DUAL UNION SELECT ''IAS_PARA_GEN'' TBL_NAME FROM DUAL UNION SELECT ''IAS_PARA_GL'' TBL_NAME FROM DUAL UNION SELECT ''IAS_PARA_INV'' TBL_NAME FROM DUAL UNION SELECT ''IAS_PARA_AP'' TBL_NAME FROM DUAL UNION SELECT ''IAS_PARA_AR'' TBL_NAME FROM DUAL UNION SELECT ''IAS_PRIV_CUSTOMER'' TBL_NAME FROM DUAL UNION SELECT ''Ias_Actvty'' TBL_NAME FROM DUAL UNION SELECT ''IAS_PROJECTS'' TBL_NAME FROM DUAL UNION SELECT ''IAS_QUT_PRM_MST'' TBL_NAME FROM DUAL UNION SELECT ''IAS_QUT_PRM_DTL'' TBL_NAME FROM DUAL UNION SELECT ''IAS_QUT_PRM_SUB_DTL'' TBL_NAME FROM DUAL UNION SELECT ''IAS_RT_SALES_TYPES'' TBL_NAME FROM DUAL UNION SELECT ''IAS_SALES_TYPES'' TBL_NAME FROM DUAL UNION SELECT ''IAS_SHW_DOC_PRIV'' TBL_NAME FROM DUAL UNION SELECT ''IAS_SIGNATURE'' TBL_NAME FROM DUAL UNION SELECT ''USER_R'' TBL_NAME FROM DUAL UNION SELECT ''IAS_USER_GROUP'' TBL_NAME FROM DUAL UNION SELECT ''IAS_USER_HEAD'' TBL_NAME FROM DUAL UNION SELECT ''INTERFACE_ACC'' TBL_NAME FROM DUAL UNION SELECT ''SALES_MAN'' TBL_NAME FROM DUAL UNION SELECT ''WAREHOUSE_DETAILS'' TBL_NAME FROM DUAL UNION SELECT ''PRIV_ACC'' TBL_NAME FROM DUAL UNION SELECT ''PRIV_CASH'' TBL_NAME FROM DUAL UNION SELECT ''PRIVILEGE'' TBL_NAME FROM DUAL UNION SELECT ''PRIVILEGE_FIXED'' TBL_NAME FROM DUAL UNION SELECT ''PRIVILEGE_GC'' TBL_NAME FROM DUAL UNION SELECT ''PRIVILEGE_WH'' TBL_NAME FROM DUAL UNION SELECT ''S_BRN'' TBL_NAME FROM DUAL UNION SELECT ''S_BRN_USR_PRIV'' TBL_NAME FROM DUAL UNION SELECT ''S_CMPNY'' TBL_NAME FROM DUAL UNION SELECT ''S_FLAGS'' TBL_NAME FROM DUAL UNION SELECT ''S_FLAGS_PRIV'' TBL_NAME FROM DUAL UNION SELECT ''S_EMP'' TBL_NAME FROM DUAL UNION SELECT ''SALES_DISC'' TBL_NAME FROM DUAL UNION SELECT ''IAS_INV_TYPES'' TBL_NAME FROM DUAL UNION SELECT ''IAS_PRIV_INV_TYPE'' TBL_NAME FROM DUAL UNION SELECT ''IAS_GRN_TYPES'' TBL_NAME FROM DUAL UNION SELECT ''REQUEST_TYPES'' TBL_NAME FROM DUAL UNION SELECT ''PRIV_REQ_TYPE'' TBL_NAME FROM DUAL UNION SELECT ''IAS_PRIV_AP'' TBL_NAME FROM DUAL UNION SELECT ''IAS_REP_SMPLE_USER'' TBL_NAME FROM DUAL UNION SELECT ''S_PRD_BRN_CLS'' TBL_NAME FROM DUAL UNION SELECT ''S_THMS'' TBL_NAME FROM DUAL UNION SELECT ''IAS_CASH_CUSTMR_GRP'' TBL_NAME FROM DUAL UNION SELECT ''IAS_CASH_CUSTMR'' TBL_NAME FROM DUAL UNION SELECT ''IAS_CASH_CUSTMR_POINT_TRACE'' TBL_NAME FROM DUAL UNION SELECT ''IAS_POINT_TYP_MST'' TBL_NAME FROM DUAL UNION SELECT ''IAS_POINT_TYP_CALC_DTL'' TBL_NAME FROM DUAL UNION SELECT ''IAS_POINT_TYP_RPLC_DTL'' TBL_NAME FROM DUAL UNION SELECT ''TRANSFER_TYPES'' TBL_NAME FROM DUAL UNION SELECT ''PRIV_TRNSFR_TYPE'' TBL_NAME FROM DUAL UNION SELECT ''IAS_GRN_TYPES'' TBL_NAME FROM DUAL UNION SELECT ''IAS_PRIV_AP'' TBL_NAME FROM DUAL UNION SELECT ''V_DETAILS'' TBL_NAME FROM DUAL UNION SELECT ''IAS_VNDR_ITM'' TBL_NAME FROM DUAL UNION SELECT ''S_APPRVD_LVL'' TBL_NAME FROM DUAL UNION SELECT ''IAS_POST_DTL'' TBL_NAME FROM DUAL UNION SELECT ''IAS_CUSTOMER_CC_LMT'' TBL_NAME FROM DUAL UNION SELECT ''USER_FNGR'' TBL_NAME FROM DUAL )""SELECT TBL_NAME FROM (SELECT ''IAS_POS_PRIV_MACHINE'' TBL_NAME FROM DUAL UNION SELECT ''IAS_POS_CUSTOMER_CARD_AMOUNT'' TBL_NAME FROM DUAL UNION SELECT ''IAS_PARA_POS'' TBL_NAME FROM DUAL UNION SELECT ''IAS_POS_SERVER_DB_LINK'' TBL_NAME FROM DUAL UNION SELECT ''IAS_POS_BALANCE'' TBL_NAME FROM DUAL UNION SELECT ''IAS_POS_EXTRA_KEYPAD'' TBL_NAME FROM DUAL UNION SELECT ''IAS_POS_KEY_BRD_GRPS_MST'' TBL_NAME FROM DUAL UNION SELECT ''IAS_POS_KEY_BRD_GRPS_DTL'' TBL_NAME FROM DUAL UNION SELECT ''IAS_POS_CARD'' TBL_NAME FROM DUAL )""",focus_forms/POS_INSTALL.fmx.md,specification_only,none
POS_INSTALL.fmx,metadata,CREATE_MV_LOG_PRC,focus_forms/POS_INSTALL.fmx.md,specification_only,none
POS_INSTALL.fmx,metadata,"""PKG INIT""CREATE_MV_LOG_PRC""P_TYPE""P_POS_USR""V_LIST_INFO""C_TBL_NM""<cursor ptr>""TBL_NAME""I""""",focus_forms/POS_INSTALL.fmx.md,specification_only,none
POS_INSTALL.fmx,metadata,dltg,focus_forms/POS_INSTALL.fmx.md,specification_only,none
POS_INSTALL.fmx,metadata,Main_Server.info,focus_forms/POS_INSTALL.fmx.md,specification_only,none
POS_INSTALL.fmx,metadata,Start Create Materialized View Log .....,focus_forms/POS_INSTALL.fmx.md,specification_only,none
POS_INSTALL.fmx,metadata,CREATE MATERIALIZED VIEW LOG ON,focus_forms/POS_INSTALL.fmx.md,specification_only,none
POS_INSTALL.fmx,metadata,WITH ROWID INCLUDING NEW VALUES,focus_forms/POS_INSTALL.fmx.md,specification_only,none
POS_INSTALL.fmx,metadata,Materialized View Log Created Successful .....,focus_forms/POS_INSTALL.fmx.md,specification_only,none
POS_INSTALL.fmx,metadata,"SELECT TBL_NAME FROM (SELECT ''ACCOUNT_TYPES'' TBL_NAME FROM DUAL UNION SELECT ''ACCOUNT_GROUPING'' TBL_NAME FROM DUAL UNION SELECT ''ACCOUNT'' TBL_NAME FROM DUAL UNION SELECT ''ACCOUNT_CURR'' TBL_NAME FROM DUAL UNION SELECT ''CASH_AT_BANK'' TBL_NAME FROM DUAL UNION SELECT ''CASH_IN_HAND'' TBL_NAME FROM DUAL UNION SELECT ''IAS_CASH_AT_BANK_BRN'' TBL_NAME FROM DUAL UNION SELECT ''IAS_CASH_AT_BANK_CHEQ'' TBL_NAME FROM DUAL UNION SELECT ''IAS_CASH_AT_BANK_DTL'' TBL_NAME FROM DUAL UNION SELECT ''IAS_CASH_IN_HAND_DTL'' TBL_NAME FROM DUAL UNION SELECT ''COST_CENTER_TYPES'' TBL_NAME FROM DUAL UNION SELECT ''COST_CENTERS'' TBL_NAME FROM DUAL UNION SELECT ''CREDIT_CARD_TYPES'' TBL_NAME FROM DUAL UNION SELECT ''CUSTOMER'' TBL_NAME FROM DUAL UNION SELECT ''CUSTOMER_CURR'' TBL_NAME FROM DUAL UNION SELECT ''CUSTOMER_GROUP'' TBL_NAME FROM DUAL UNION SELECT ''S_PRD_MST'' TBL_NAME FROM DUAL UNION SELECT ''S_PRD_DTL'' TBL_NAME FROM DUAL UNION SELECT ''EX_RATE'' TBL_NAME FROM DUAL UNION SELECT ''IAS_FORM_NAME'' TBL_NAME FROM DUAL UNION SELECT ''FORM_DETAIL'' TBL_NAME FROM DUAL UNION SELECT ''GROUP_DETAILS'' TBL_NAME FROM DUAL UNION SELECT ''IAS_ITM_MST'' TBL_NAME FROM DUAL UNION SELECT ''IAS_ITM_DTL'' TBL_NAME FROM DUAL UNION SELECT ''ITEM_TYPES'' TBL_NAME FROM DUAL UNION SELECT ''IAS_ALTERNATIVE_GROUP'' TBL_NAME FROM DUAL UNION SELECT ''IAS_ASSISTANT_GROUP'' TBL_NAME FROM DUAL UNION SELECT ''IAS_DETAIL_GROUP'' TBL_NAME FROM DUAL UNION SELECT ''IAS_GRP_ITM_LVL'' TBL_NAME FROM DUAL UNION SELECT ''IAS_CONN_ACC_INV_BY_GL'' TBL_NAME FROM DUAL UNION SELECT ''IAS_CONN_GRP_ITM_TYPE'' TBL_NAME FROM DUAL UNION SELECT ''IAS_CONN_WCODE_BY_ACTIVITY'' TBL_NAME FROM DUAL UNION SELECT ''IAS_ITEM_LEVELS'' TBL_NAME FROM DUAL UNION SELECT ''IAS_ITEM_PRICE'' TBL_NAME FROM DUAL UNION SELECT ''Ias_Priv_Price'' TBL_NAME FROM DUAL UNION SELECT ''IAS_PRICING_LEVELS'' TBL_NAME FROM DUAL UNION SELECT ''IAS_ITM_UNT_BARCODE'' TBL_NAME FROM DUAL UNION SELECT ''MEASUREMENT'' TBL_NAME FROM DUAL UNION SELECT ''IAS_MAINSUB_GRP_DTL'' TBL_NAME FROM DUAL UNION SELECT ''IAS_SUB_GRP_DTL'' TBL_NAME FROM DUAL UNION SELECT ''IAS_ITM_WCODE'' TBL_NAME FROM DUAL UNION SELECT ''IAS_CR_CARD_TYPES'' TBL_NAME FROM DUAL UNION SELECT ''IAS_CURRENCY_VALUE'' TBL_NAME FROM DUAL UNION SELECT ''IAS_FRM_FLD_PRIV'' TBL_NAME FROM DUAL UNION SELECT ''IAS_ITEMS_ACTIVITY'' TBL_NAME FROM DUAL UNION SELECT ''IAS_ITEMS_ACTIVITY_PRIV'' TBL_NAME FROM DUAL UNION SELECT ''IAS_PARA_GEN'' TBL_NAME FROM DUAL UNION SELECT ''IAS_PARA_GL'' TBL_NAME FROM DUAL UNION SELECT ''IAS_PARA_INV'' TBL_NAME FROM DUAL UNION SELECT ''IAS_PARA_AP'' TBL_NAME FROM DUAL UNION SELECT ''IAS_PARA_AR'' TBL_NAME FROM DUAL UNION SELECT ''IAS_PRIV_CUSTOMER'' TBL_NAME FROM DUAL UNION SELECT ''Ias_Actvty'' TBL_NAME FROM DUAL UNION SELECT ''IAS_PROJECTS'' TBL_NAME FROM DUAL UNION SELECT ''IAS_QUT_PRM_MST'' TBL_NAME FROM DUAL UNION SELECT ''IAS_QUT_PRM_DTL'' TBL_NAME FROM DUAL UNION SELECT ''IAS_QUT_PRM_SUB_DTL'' TBL_NAME FROM DUAL UNION SELECT ''IAS_RT_SALES_TYPES'' TBL_NAME FROM DUAL UNION SELECT ''IAS_SALES_TYPES'' TBL_NAME FROM DUAL UNION SELECT ''IAS_SHW_DOC_PRIV'' TBL_NAME FROM DUAL UNION SELECT ''IAS_SIGNATURE'' TBL_NAME FROM DUAL UNION SELECT ''USER_R'' TBL_NAME FROM DUAL UNION SELECT ''IAS_USER_GROUP'' TBL_NAME FROM DUAL UNION SELECT ''IAS_USER_HEAD'' TBL_NAME FROM DUAL UNION SELECT ''INTERFACE_ACC'' TBL_NAME FROM DUAL UNION SELECT ''SALES_MAN'' TBL_NAME FROM DUAL UNION SELECT ''WAREHOUSE_DETAILS'' TBL_NAME FROM DUAL UNION SELECT ''PRIV_ACC'' TBL_NAME FROM DUAL UNION SELECT ''PRIV_CASH'' TBL_NAME FROM DUAL UNION SELECT ''PRIVILEGE'' TBL_NAME FROM DUAL UNION SELECT ''PRIVILEGE_FIXED'' TBL_NAME FROM DUAL UNION SELECT ''PRIVILEGE_GC'' TBL_NAME FROM DUAL UNION SELECT ''PRIVILEGE_WH'' TBL_NAME FROM DUAL UNION SELECT ''S_BRN'' TBL_NAME FROM DUAL UNION SELECT ''S_BRN_USR_PRIV'' TBL_NAME FROM DUAL UNION SELECT ''S_CMPNY'' TBL_NAME FROM DUAL UNION SELECT ''S_FLAGS'' TBL_NAME FROM DUAL UNION SELECT ''S_FLAGS_PRIV'' TBL_NAME FROM DUAL UNION SELECT ''s_Emp'' TBL_NAME FROM DUAL UNION SELECT ''SALES_DISC'' TBL_NAME FROM DUAL UNION SELECT ''IAS_INV_TYPES'' TBL_NAME FROM DUAL UNION SELECT ''IAS_PRIV_INV_TYPE'' TBL_NAME FROM DUAL UNION SELECT ''IAS_GRN_TYPES'' TBL_NAME FROM DUAL UNION SELECT ''REQUEST_TYPES'' TBL_NAME FROM DUAL UNION SELECT ''PRIV_REQ_TYPE'' TBL_NAME FROM DUAL UNION SELECT ''IAS_PRIV_AP'' TBL_NAME FROM DUAL UNION SELECT ''IAS_REP_SMPLE_USER'' TBL_NAME FROM DUAL UNION SELECT ''S_PRD_BRN_CLS'' TBL_NAME FROM DUAL UNION SELECT ''S_THMS'' TBL_NAME FROM DUAL UNION SELECT ''IAS_CASH_CUSTMR_GRP'' TBL_NAME FROM DUAL UNION SELECT ''IAS_CASH_CUSTMR'' TBL_NAME FROM DUAL UNION SELECT ''IAS_CASH_CUSTMR_POINT_TRACE'' TBL_NAME FROM DUAL UNION SELECT ''IAS_POINT_TYP_MST'' TBL_NAME FROM DUAL UNION SELECT ''IAS_POINT_TYP_CALC_DTL'' TBL_NAME FROM DUAL UNION SELECT ''IAS_POINT_TYP_RPLC_DTL'' TBL_NAME FROM DUAL UNION SELECT ''TRANSFER_TYPES'' TBL_NAME FROM DUAL UNION SELECT ''PRIV_TRNSFR_TYPE'' TBL_NAME FROM DUAL UNION SELECT ''IAS_GRN_TYPES'' TBL_NAME FROM DUAL UNION SELECT ''IAS_PRIV_AP'' TBL_NAME FROM DUAL UNION SELECT ''V_DETAILS'' TBL_NAME FROM DUAL UNION SELECT ''IAS_VNDR_ITM'' TBL_NAME FROM DUAL UNION SELECT ''S_APPRVD_LVL'' TBL_NAME FROM DUAL UNION SELECT ''IAS_POST_DTL'' TBL_NAME FROM DUAL UNION SELECT ''IAS_CUSTOMER_CC_LMT'' TBL_NAME FROM DUAL UNION SELECT ''USER_FNGR'' TBL_NAME FROM DUAL )""SELECT TBL_NAME FROM (SELECT ''IAS_POS_PRIV_MACHINE'' TBL_NAME FROM DUAL UNION SELECT ''IAS_POS_CUSTOMER_CARD_AMOUNT'' TBL_NAME FROM DUAL UNION SELECT ''IAS_PARA_POS'' TBL_NAME FROM DUAL UNION SELECT ''IAS_POS_SERVER_DB_LINK'' TBL_NAME FROM DUAL UNION SELECT ''IAS_POS_BALANCE'' TBL_NAME FROM DUAL UNION SELECT ''IAS_POS_EXTRA_KEYPAD'' TBL_NAME FROM DUAL UNION SELECT ''IAS_POS_KEY_BRD_GRPS_MST'' TBL_NAME FROM DUAL UNION SELECT ''IAS_POS_KEY_BRD_GRPS_DTL'' TBL_NAME FROM DUAL UNION SELECT ''IAS_POS_CARD'' TBL_NAME FROM DUAL )""",focus_forms/POS_INSTALL.fmx.md,specification_only,none
POS_INSTALL.fmx,metadata,VA_FLD,focus_forms/POS_INSTALL.fmx.md,specification_only,none
POS_INSTALL.fmx,metadata,MS Sans Serif,focus_forms/POS_INSTALL.fmx.md,specification_only,none
POS_INSTALL.fmx,metadata,VA_LOV,focus_forms/POS_INSTALL.fmx.md,specification_only,none
POS_INSTALL.fmx,metadata,VA_FLD_USR,focus_forms/POS_INSTALL.fmx.md,specification_only,none
POS_INSTALL.fmx,metadata,VA_BAR,focus_forms/POS_INSTALL.fmx.md,specification_only,none
POS_INSTALL.fmx,metadata,VA_RPRT_BAR,focus_forms/POS_INSTALL.fmx.md,specification_only,none
POS_INSTALL.fmx,metadata,VA_CURREC,focus_forms/POS_INSTALL.fmx.md,specification_only,none
POS_INSTALL.fmx,metadata,VA_MAIN,focus_forms/POS_INSTALL.fmx.md,specification_only,none
POS_INSTALL.fmx,metadata,CREATE_GEN_SEC_USR_TAB,focus_forms/POS_INSTALL.fmx.md,specification_only,none
POS_INSTALL.fmx,metadata,V$TABLESPACE,focus_forms/POS_INSTALL.fmx.md,specification_only,none
POS_INSTALL.fmx,metadata,V_$TABLESPACE,focus_forms/POS_INSTALL.fmx.md,specification_only,none
POS_INSTALL.fmx,metadata,ALL_USERS,focus_forms/POS_INSTALL.fmx.md,specification_only,none
POS_INSTALL.fmx,metadata,/NSPC11/ALTER_PASS,focus_forms/POS_INSTALL.fmx.md,specification_only,none
POS_INSTALL.fmx,metadata,DBA_TABLES,focus_forms/POS_INSTALL.fmx.md,specification_only,none
POS_INSTALL.fmx,metadata,/NSPC11/DBA_SYNONYMS,focus_forms/POS_INSTALL.fmx.md,specification_only,none
POS_INSTALL.fmx,metadata,ALL_SYNONYMS,focus_forms/POS_INSTALL.fmx.md,specification_only,none
POS_INSTALL.fmx,metadata,IAS_SYS,focus_forms/POS_INSTALL.fmx.md,specification_only,none
POS_INSTALL.fmx,metadata,LANG_DEF,focus_forms/POS_INSTALL.fmx.md,specification_only,none
POS_INSTALL.fmx,metadata,S_ERP_SYSTEM,focus_forms/POS_INSTALL.fmx.md,specification_only,none
POS_INSTALL.fmx,metadata,S_ERP_SYSTEM_DBS,focus_forms/POS_INSTALL.fmx.md,specification_only,none
POS_INSTALL.fmx,metadata,S_YS_CMP,focus_forms/POS_INSTALL.fmx.md,specification_only,none
POS_INSTALL.fmx,metadata,IAS_MSGS,focus_forms/POS_INSTALL.fmx.md,specification_only,none
POS_INSTALL.fmx,metadata,/LERPSTPLIB,focus_forms/POS_INSTALL.fmx.md,specification_only,none
POS_INSTALL.fmx,metadata,INSERT_MSGS_ALL,focus_forms/POS_INSTALL.fmx.md,specification_only,none
POS_INSTALL.fmx,metadata,S_MSGS,focus_forms/POS_INSTALL.fmx.md,specification_only,none
POS_INSTALL.fmx,metadata,/NSPC11/INSRT_S_MSGS_PRC,focus_forms/POS_INSTALL.fmx.md,specification_only,none
POS_INSTALL.fmx,metadata,IAS_INSRT_S_MSG_PRC,focus_forms/POS_INSTALL.fmx.md,specification_only,none
POS_INSTALL.fmx,metadata,IAS_LABELS,focus_forms/POS_INSTALL.fmx.md,specification_only,none
POS_INSTALL.fmx,metadata,INSERT_LABELS,focus_forms/POS_INSTALL.fmx.md,specification_only,none
POS_INSTALL.fmx,metadata,S_TRMNLS_AUTHRTY,focus_forms/POS_INSTALL.fmx.md,specification_only,none
POS_INSTALL.fmx,metadata,S_TRMNLS_POS,focus_forms/POS_INSTALL.fmx.md,specification_only,none
POS_INSTALL.fmx,metadata,"""PKG INIT""CREATE_GEN_SEC_USR_TAB""CNT""CNT1""V_YEAR""<cursor ptr>""<SQL statement. Line 7>""<SQL statement. Line 12>""<SQL statement. Line 24>""<SQL statement. Line 42>""<SQL statement. Line 80>""<SQL statement. Line 467>""<SQL statement. Line 476>""<SQL statement. Line 484>""<SQL statement. Line 487>""<SQL statement. Line 491>""<SQL statement. Line 492>""<SQL statement. Line 493>""<SQL statement. Line 506>""<SQL statement. Line 509>""<SQL statement. Line 510>""<SQL statement. Line 511>""<SQL statement. Line 513>""<SQL statement. Line 514>""<SQL statement. Line 516>""<SQL statement. Line 517>""<SQL statement. Line 518>""<SQL statement. Line 519>""<SQL statement. Line 520>""<SQL statement. Line 521>""<SQL statement. Line 522>""<SQL statement. Line 523>""<SQL statement. Line 524>""<SQL statement. Line 525>""<SQL statement. Line 526>""<SQL statement. Line 527>""<SQL statement. Line 528>""<SQL statement. Line 529>""<SQL statement. Line 530>""<SQL statement. Line 531>""<SQL statement. Line 532>""<SQL statement. Line 533>""<SQL statement. Line 534>""<SQL statement. Line 535>""<SQL statement. Line 536>""<SQL statement. Line 537>""<SQL statement. Line 538>""<SQL statement. Line 539>""<SQL statement. Line 548>""<SQL statement. Line 551>""<SQL statement. Line 558>""<SQL statement. Line 604>""<SQL statement. Line 616>""<SQL statement. Line 644>""<SQL statement. Line 664>""<SQL statement. Line 706>""<SQL statement. Line 709>""<SQL statement. Line 718>""<SQL statement. Line 721>""""",focus_forms/POS_INSTALL.fmx.md,specification_only,none
POS_INSTALL.fmx,metadata,G4It,focus_forms/POS_INSTALL.fmx.md,specification_only,none
POS_INSTALL.fmx,metadata,Sub_Server.Info,focus_forms/POS_INSTALL.fmx.md,specification_only,none
POS_INSTALL.fmx,metadata,IAS_SYS_DATA Or IAS_SYS_INDX TableSpace Not Created ........,focus_forms/POS_INSTALL.fmx.md,specification_only,none
POS_INSTALL.fmx,metadata,Default,focus_forms/POS_INSTALL.fmx.md,specification_only,none
POS_INSTALL.fmx,metadata,"CREATE USER IAS_SYS IDENTIFIED BY [REDACTED_SECRET] DEFAULT TABLESPACE ""IAS_SYS_DATA"" TEMPORARY TABLESPACE ""IAS_TEMP""",focus_forms/POS_INSTALL.fmx.md,specification_only,none
POS_INSTALL.fmx,metadata,GRANT DBA TO IAS_SYS,focus_forms/POS_INSTALL.fmx.md,specification_only,none
POS_INSTALL.fmx,metadata,GRANT CREATE ANY VIEW TO IAS_SYS,focus_forms/POS_INSTALL.fmx.md,specification_only,none
POS_INSTALL.fmx,metadata,GRANT CREATE ANY MATERIALIZED VIEW TO IAS_SYS,focus_forms/POS_INSTALL.fmx.md,specification_only,none
POS_INSTALL.fmx,metadata,GRANT EXECUTE ANY PROCEDURE TO IAS_SYS,focus_forms/POS_INSTALL.fmx.md,specification_only,none
POS_INSTALL.fmx,metadata,GRANT SELECT ANY TABLE TO IAS_SYS,focus_forms/POS_INSTALL.fmx.md,specification_only,none
POS_INSTALL.fmx,metadata,ALTER DATABASE BACKUP CONTROLFILE TO TRACE,focus_forms/POS_INSTALL.fmx.md,specification_only,none
POS_INSTALL.fmx,metadata,Create User Ias_Sys,focus_forms/POS_INSTALL.fmx.md,specification_only,none
POS_INSTALL.fmx,metadata,ALTER USER IAS_SYS ACCOUNT UNLOCK,focus_forms/POS_INSTALL.fmx.md,specification_only,none
POS_INSTALL.fmx,metadata,The connect by database is failed,focus_forms/POS_INSTALL.fmx.md,specification_only,none
POS_INSTALL.fmx,metadata,Current User ==>>,focus_forms/POS_INSTALL.fmx.md,specification_only,none
POS_INSTALL.fmx,metadata,CREATE TABLE S_TRMNLS(,focus_forms/POS_INSTALL.fmx.md,specification_only,none
POS_INSTALL.fmx,metadata,"TRMNL_NAME VARCHAR2(100) NOT NULL,",focus_forms/POS_INSTALL.fmx.md,specification_only,none
POS_INSTALL.fmx,metadata,OSUSER,focus_forms/POS_INSTALL.fmx.md,specification_only,none
POS_INSTALL.fmx,metadata,"VARCHAR2(60),",focus_forms/POS_INSTALL.fmx.md,specification_only,none
POS_INSTALL.fmx,metadata,"SYS_NO NUMBER(3),",focus_forms/POS_INSTALL.fmx.md,specification_only,none
POS_INSTALL.fmx,metadata,"LAST_LANG NUMBER(2),",focus_forms/POS_INSTALL.fmx.md,specification_only,none
POS_INSTALL.fmx,metadata,"LAST_USER NUMBER(5),",focus_forms/POS_INSTALL.fmx.md,specification_only,none
POS_INSTALL.fmx,metadata,LANG_DIR,focus_forms/POS_INSTALL.fmx.md,specification_only,none
POS_INSTALL.fmx,metadata,"NUMBER(1),",focus_forms/POS_INSTALL.fmx.md,specification_only,none
POS_INSTALL.fmx,metadata,"LAST_CMP NUMBER(3),",focus_forms/POS_INSTALL.fmx.md,specification_only,none
POS_INSTALL.fmx,metadata,"LAST_BRN NUMBER(6),",focus_forms/POS_INSTALL.fmx.md,specification_only,none
POS_INSTALL.fmx,metadata,"LAST_BRN_USR NUMBER(3),",focus_forms/POS_INSTALL.fmx.md,specification_only,none
POS_INSTALL.fmx,metadata,"LAST_YEAR NUMBER(4),",focus_forms/POS_INSTALL.fmx.md,specification_only,none
POS_INSTALL.fmx,metadata,SERVER_NO NUMBER(3)),focus_forms/POS_INSTALL.fmx.md,specification_only,none
POS_INSTALL.fmx,metadata,"TABLESPACE ""IAS_SYS_DATA""",focus_forms/POS_INSTALL.fmx.md,specification_only,none
POS_INSTALL.fmx,metadata,CREATE TABLE S_TRMNLS_AUTHRTY (,focus_forms/POS_INSTALL.fmx.md,specification_only,none
POS_INSTALL.fmx,metadata,"SYS_NO NUMBER(2) ,",focus_forms/POS_INSTALL.fmx.md,specification_only,none
POS_INSTALL.fmx,metadata,TRMNL_NAME,focus_forms/POS_INSTALL.fmx.md,specification_only,none
POS_INSTALL.fmx,metadata,"VARCHAR2(100) ,",focus_forms/POS_INSTALL.fmx.md,specification_only,none
POS_INSTALL.fmx,metadata,HARDDISK_NO,focus_forms/POS_INSTALL.fmx.md,specification_only,none
POS_INSTALL.fmx,metadata,"F_DATE Varchar2(255) ,",focus_forms/POS_INSTALL.fmx.md,specification_only,none
POS_INSTALL.fmx,metadata,"T_DATE Varchar2(255) ,",focus_forms/POS_INSTALL.fmx.md,specification_only,none
POS_INSTALL.fmx,metadata,"NO_DAYS Varchar2(255) ,",focus_forms/POS_INSTALL.fmx.md,specification_only,none
POS_INSTALL.fmx,metadata,"LAST_DATE Varchar2(255) ,",focus_forms/POS_INSTALL.fmx.md,specification_only,none
POS_INSTALL.fmx,metadata,"ACTIVE_TYPE NUMBER(1) DEFAULT 1 ,",focus_forms/POS_INSTALL.fmx.md,specification_only,none
POS_INSTALL.fmx,metadata,MSCR_DIR,focus_forms/POS_INSTALL.fmx.md,specification_only,none
POS_INSTALL.fmx,metadata,"NUMBER(1) ,",focus_forms/POS_INSTALL.fmx.md,specification_only,none
POS_INSTALL.fmx,metadata,"SERVER_MCH NUMBER(1) DEFAULT 0 ,",focus_forms/POS_INSTALL.fmx.md,specification_only,none
POS_INSTALL.fmx,metadata,"SERVER_NO NUMBER(3) ,",focus_forms/POS_INSTALL.fmx.md,specification_only,none
POS_INSTALL.fmx,metadata,"SERVER_NAME VARCHAR2(100) ,",focus_forms/POS_INSTALL.fmx.md,specification_only,none
POS_INSTALL.fmx,metadata,"AC VARCHAR2(500) ,",focus_forms/POS_INSTALL.fmx.md,specification_only,none
POS_INSTALL.fmx,metadata,"RAD_NO VARCHAR2(30) ,",focus_forms/POS_INSTALL.fmx.md,specification_only,none
POS_INSTALL.fmx,metadata,"ENC_FLG NUMBER (1) DEFAULT 0 ,",focus_forms/POS_INSTALL.fmx.md,specification_only,none
POS_INSTALL.fmx,metadata,CONSTRAINT S_TRMNLS_AUTHRTY_PK,focus_forms/POS_INSTALL.fmx.md,specification_only,none
POS_INSTALL.fmx,metadata,"PRIMARY KEY (SYS_NO,TRMNL_NAME,SERVER_MCH))",focus_forms/POS_INSTALL.fmx.md,specification_only,none
POS_INSTALL.fmx,metadata,"ALTER TABLE S_TRMNLS_AUTHRTY ADD CONSTRAINT S_TRMNLS_AUTHRTY_CHKVL CHECK (ACTIVE_TYPE In (1,2))",focus_forms/POS_INSTALL.fmx.md,specification_only,none
POS_INSTALL.fmx,metadata,CREATE TABLE IAS_SYS.S_TRMNLS_POS (,focus_forms/POS_INSTALL.fmx.md,specification_only,none
SHPDBA.fmx,procedure,CREATE_TS_PRC,focus_forms/SHPDBA.fmx.md,specification_only,FMB/PLL/PKB
SHPDBA.fmx,procedure,CRT_FAS_DEPR_PKG,focus_forms/SHPDBA.fmx.md,specification_only,FMB/PLL/PKB
SHPDBA.fmx,procedure,CRT_FAS_POSTING_PKG,focus_forms/SHPDBA.fmx.md,specification_only,FMB/PLL/PKB
SHPDBA.fmx,procedure,CRT_GNR_CMNT_PRC,focus_forms/SHPDBA.fmx.md,specification_only,FMB/PLL/PKB
SHPDBA.fmx,procedure,FAS_DEPR_PKG,focus_forms/SHPDBA.fmx.md,specification_only,FMB/PLL/PKB
SHPDBA.fmx,procedure,FAS_GNR_PKG,focus_forms/SHPDBA.fmx.md,specification_only,FMB/PLL/PKB
SHPDBA.fmx,procedure,FAS_POSTING_PKG,focus_forms/SHPDBA.fmx.md,specification_only,FMB/PLL/PKB
SHPDBA.fmx,procedure,FAS_TRNS_PKG,focus_forms/SHPDBA.fmx.md,specification_only,FMB/PLL/PKB
SHPDBA.fmx,procedure,GEN_PKG,focus_forms/SHPDBA.fmx.md,specification_only,FMB/PLL/PKB
SHPDBA.fmx,procedure,GLS_COMMENT_PKG,focus_forms/SHPDBA.fmx.md,specification_only,FMB/PLL/PKB
SHPDBA.fmx,procedure,GLS_CONSTRAINT_PKG,focus_forms/SHPDBA.fmx.md,specification_only,FMB/PLL/PKB
SHPDBA.fmx,procedure,GLS_FUNCTION_PKG,focus_forms/SHPDBA.fmx.md,specification_only,FMB/PLL/PKB
SHPDBA.fmx,procedure,GLS_INDEX_PKG,focus_forms/SHPDBA.fmx.md,specification_only,FMB/PLL/PKB
SHPDBA.fmx,procedure,GLS_INSRT_DATA_PKG,focus_forms/SHPDBA.fmx.md,specification_only,FMB/PLL/PKB
SHPDBA.fmx,procedure,GLS_INSRT_FORM_DTL_PKG,focus_forms/SHPDBA.fmx.md,specification_only,FMB/PLL/PKB
SHPDBA.fmx,procedure,GLS_PACKAGE_PKG,focus_forms/SHPDBA.fmx.md,specification_only,FMB/PLL/PKB
SHPDBA.fmx,procedure,GLS_PROCEDURE_PKG,focus_forms/SHPDBA.fmx.md,specification_only,FMB/PLL/PKB
SHPDBA.fmx,procedure,GLS_SEQUENCE_PKG,focus_forms/SHPDBA.fmx.md,specification_only,FMB/PLL/PKB
SHPDBA.fmx,procedure,GLS_SYNONYM_PKG,focus_forms/SHPDBA.fmx.md,specification_only,FMB/PLL/PKB
SHPDBA.fmx,procedure,GLS_TABLE_FILED_PKG,focus_forms/SHPDBA.fmx.md,specification_only,FMB/PLL/PKB
SHPDBA.fmx,procedure,GLS_TABLE_PKG,focus_forms/SHPDBA.fmx.md,specification_only,FMB/PLL/PKB
SHPDBA.fmx,procedure,GLS_TRIGGER_PKG,focus_forms/SHPDBA.fmx.md,specification_only,FMB/PLL/PKB
SHPDBA.fmx,procedure,GLS_VIEW_PKG,focus_forms/SHPDBA.fmx.md,specification_only,FMB/PLL/PKB
SHPDBA.fmx,procedure,HRS_POSTING_PKG,focus_forms/SHPDBA.fmx.md,specification_only,FMB/PLL/PKB
SHPDBA.fmx,procedure,IAS_DBS_SYS_PKG,focus_forms/SHPDBA.fmx.md,specification_only,FMB/PLL/PKB
SHPDBA.fmx,procedure,IAS_POSTING_GL_PKG,focus_forms/SHPDBA.fmx.md,specification_only,FMB/PLL/PKB
SHPDBA.fmx,procedure,IAS_POSTING_JRS_PKG,focus_forms/SHPDBA.fmx.md,specification_only,FMB/PLL/PKB
SHPDBA.fmx,procedure,IAS_POSTING_PKG,focus_forms/SHPDBA.fmx.md,specification_only,FMB/PLL/PKB
SHPDBA.fmx,procedure,IAS_POSTING_SHP_PKG,focus_forms/SHPDBA.fmx.md,specification_only,FMB/PLL/PKB
SHPDBA.fmx,procedure,INSERT_SCREEN,focus_forms/SHPDBA.fmx.md,specification_only,FMB/PLL/PKB
SHPDBA.fmx,procedure,LYSERP_LIB,focus_forms/SHPDBA.fmx.md,specification_only,FMB/PLL/PKB
SHPDBA.fmx,procedure,OLD_CRT_FAS_DEPR_PKG,focus_forms/SHPDBA.fmx.md,specification_only,FMB/PLL/PKB
SHPDBA.fmx,procedure,OLD_CRT_FAS_GNR_PKG,focus_forms/SHPDBA.fmx.md,specification_only,FMB/PLL/PKB
SHPDBA.fmx,procedure,OLD_CRT_FAS_POSTING_PKG,focus_forms/SHPDBA.fmx.md,specification_only,FMB/PLL/PKB
SHPDBA.fmx,procedure,OLD_CRT_FAS_TRNS_PKG,focus_forms/SHPDBA.fmx.md,specification_only,FMB/PLL/PKB
SHPDBA.fmx,procedure,OLD_CRT_GNR_CMNT_PRC,focus_forms/SHPDBA.fmx.md,specification_only,FMB/PLL/PKB
SHPDBA.fmx,procedure,POST_IN_SAVE_PKG,focus_forms/SHPDBA.fmx.md,specification_only,FMB/PLL/PKB
SHPDBA.fmx,procedure,SHP_COMMENT_PKG,focus_forms/SHPDBA.fmx.md,specification_only,FMB/PLL/PKB
SHPDBA.fmx,procedure,SHP_CONSTRAINT_PKG,focus_forms/SHPDBA.fmx.md,specification_only,FMB/PLL/PKB
SHPDBA.fmx,procedure,SHP_FUNCTION_PKG,focus_forms/SHPDBA.fmx.md,specification_only,FMB/PLL/PKB
SHPDBA.fmx,procedure,SHP_INDEX_PKG,focus_forms/SHPDBA.fmx.md,specification_only,FMB/PLL/PKB
SHPDBA.fmx,procedure,SHP_INSRT_DATA_PKG,focus_forms/SHPDBA.fmx.md,specification_only,FMB/PLL/PKB
SHPDBA.fmx,procedure,SHP_INSRT_FORM_DTL_PKG,focus_forms/SHPDBA.fmx.md,specification_only,FMB/PLL/PKB
SHPDBA.fmx,procedure,SHP_PACKAGE_PKG,focus_forms/SHPDBA.fmx.md,specification_only,FMB/PLL/PKB
SHPDBA.fmx,procedure,SHP_POSTING_PKG,focus_forms/SHPDBA.fmx.md,specification_only,FMB/PLL/PKB
SHPDBA.fmx,procedure,SHP_PROCEDURE_PKG,focus_forms/SHPDBA.fmx.md,specification_only,FMB/PLL/PKB
SHPDBA.fmx,procedure,SHP_SEQUENCE_PKG,focus_forms/SHPDBA.fmx.md,specification_only,FMB/PLL/PKB
SHPDBA.fmx,procedure,SHP_SYNONYM_PKG,focus_forms/SHPDBA.fmx.md,specification_only,FMB/PLL/PKB
SHPDBA.fmx,procedure,SHP_S_SCR_LBL_PKG,focus_forms/SHPDBA.fmx.md,specification_only,FMB/PLL/PKB
SHPDBA.fmx,procedure,SHP_TABLE_FILED_PKG,focus_forms/SHPDBA.fmx.md,specification_only,FMB/PLL/PKB
SHPDBA.fmx,procedure,SHP_TABLE_PKG,focus_forms/SHPDBA.fmx.md,specification_only,FMB/PLL/PKB
SHPDBA.fmx,procedure,SHP_TRIGGER_PKG,focus_forms/SHPDBA.fmx.md,specification_only,FMB/PLL/PKB
SHPDBA.fmx,procedure,SHP_VIEW_PKG,focus_forms/SHPDBA.fmx.md,specification_only,FMB/PLL/PKB
SHPDBA.fmx,procedure,YSERP_LIB,focus_forms/SHPDBA.fmx.md,specification_only,FMB/PLL/PKB
SHPDBA.fmx,procedure,YS_GEN_PKG,focus_forms/SHPDBA.fmx.md,specification_only,FMB/PLL/PKB
SHPDBA.fmx,procedure,YS_GNR_PKG,focus_forms/SHPDBA.fmx.md,specification_only,FMB/PLL/PKB
SHPDBA.fmx,sql,"SELECT NVL(MAX(DOC_NO),0)+1 INTO V_DOC_NO",focus_forms/SHPDBA.fmx.md,observed_sql_indicator,PKB/SQL and schema
SHPDBA.fmx,sql,SELECT 1 INTO V_CNT FROM FAS_AS_CMPNT,focus_forms/SHPDBA.fmx.md,observed_sql_indicator,PKB/SQL and schema
SHPDBA.fmx,sql,"SELECT NVL(DEPR_CLS,0) , PRD_NO",focus_forms/SHPDBA.fmx.md,observed_sql_indicator,PKB/SQL and schema
SHPDBA.fmx,sql,"SELECT NVL(MIN(PRD_NO) ,-1)",focus_forms/SHPDBA.fmx.md,observed_sql_indicator,PKB/SQL and schema
SHPDBA.fmx,sql,SELECT 1 INTO V_CNT FROM FAS_ASSETS_MST,focus_forms/SHPDBA.fmx.md,observed_sql_indicator,PKB/SQL and schema
SHPDBA.fmx,sql,"SELECT 1 INTO V_CNT FROM FAS_ASSETS_MST F, FAS_GRP_ACCNT G",focus_forms/SHPDBA.fmx.md,observed_sql_indicator,PKB/SQL and schema
SHPDBA.fmx,sql,UPDATE FAS_DEPR_MST,focus_forms/SHPDBA.fmx.md,observed_sql_indicator,PKB/SQL and schema
SHPDBA.fmx,sql,"SELECT SUM(NVL(SUM(AS_PRD_DEPR), 0)+NVL(SUM(AS_PRD_RSRV), 0))",focus_forms/SHPDBA.fmx.md,observed_sql_indicator,PKB/SQL and schema
SHPDBA.fmx,sql,DELETE FAS_DEPR_DTL,focus_forms/SHPDBA.fmx.md,observed_sql_indicator,PKB/SQL and schema
SHPDBA.fmx,sql,UPDATE FAS_ASSETS_MST,focus_forms/SHPDBA.fmx.md,observed_sql_indicator,PKB/SQL and schema
SHPDBA.fmx,sql,INSERT INTO FAS_DEPR_DTL( CMP_NO,focus_forms/SHPDBA.fmx.md,observed_sql_indicator,PKB/SQL and schema
SHPDBA.fmx,sql,SELECT COUNT(*),focus_forms/SHPDBA.fmx.md,observed_sql_indicator,PKB/SQL and schema
SHPDBA.fmx,sql,SELECT F_DATE,focus_forms/SHPDBA.fmx.md,observed_sql_indicator,PKB/SQL and schema
SHPDBA.fmx,sql,UPDATE FAS_AS_MOVMNT F,focus_forms/SHPDBA.fmx.md,observed_sql_indicator,PKB/SQL and schema
SHPDBA.fmx,sql,SELECT NEW_CST-OLD_CST,focus_forms/SHPDBA.fmx.md,observed_sql_indicator,PKB/SQL and schema
SHPDBA.fmx,sql,"SELECT DOC_NO, DOC_SER INTO",focus_forms/SHPDBA.fmx.md,observed_sql_indicator,PKB/SQL and schema
SHPDBA.fmx,sql,INSERT INTO FAS_DEPR_MST (,focus_forms/SHPDBA.fmx.md,observed_sql_indicator,PKB/SQL and schema
SHPDBA.fmx,sql,UPDATE S_PRD_BRN_CLS,focus_forms/SHPDBA.fmx.md,observed_sql_indicator,PKB/SQL and schema
SHPDBA.fmx,sql,SELECT FAS_PRD INTO G_NEW_PRD,focus_forms/SHPDBA.fmx.md,observed_sql_indicator,PKB/SQL and schema
SHPDBA.fmx,sql,SELECT 1 INTO V_CNT FROM(,focus_forms/SHPDBA.fmx.md,observed_sql_indicator,PKB/SQL and schema
SHPDBA.fmx,sql,"SELECT SUM(NVL(AS_OPEN_CST,0)+NVL(AS_INCRS_CST,0)-NVL(AS_DCRS_CST,0))",focus_forms/SHPDBA.fmx.md,observed_sql_indicator,PKB/SQL and schema
SHPDBA.fmx,sql,"SELECT SUM(NVL(AS_OPEN_CST,0))",focus_forms/SHPDBA.fmx.md,observed_sql_indicator,PKB/SQL and schema
SHPDBA.fmx,sql,"SELECT MAX(DOC_DATE) INTO V_DATE FROM FAS_DEPR_MST M, FAS_DEPR_DTL D",focus_forms/SHPDBA.fmx.md,observed_sql_indicator,PKB/SQL and schema
SHPDBA.fmx,sql,DELETE FROM FAS_AS_MOVMNT,focus_forms/SHPDBA.fmx.md,observed_sql_indicator,PKB/SQL and schema
SHPDBA.fmx,sql,INSERT INTO FAS_AS_MOVMNT(,focus_forms/SHPDBA.fmx.md,observed_sql_indicator,PKB/SQL and schema
SHPDBA.fmx,sql,"SELECT NVL(MIN(FAS_PRD),0) INTO V_PRN_NO FROM S_PRD_BRN_CLS",focus_forms/SHPDBA.fmx.md,observed_sql_indicator,PKB/SQL and schema
SHPDBA.fmx,sql,SELECT MIN(F_DATE) INTO V_FIRST_DATE FROM S_PRD_BRN_CLS,focus_forms/SHPDBA.fmx.md,observed_sql_indicator,PKB/SQL and schema
SHPDBA.fmx,sql,SELECT MAX(T_DATE) INTO V_LAST_DATE FROM S_PRD_BRN_CLS,focus_forms/SHPDBA.fmx.md,observed_sql_indicator,PKB/SQL and schema
SHPDBA.fmx,sql,SELECT FAS_PRD INTO V_PRD_NO,focus_forms/SHPDBA.fmx.md,observed_sql_indicator,PKB/SQL and schema
SHPDBA.fmx,sql,"SELECT NVL(MAX(FAS_PRD),0) INTO V_PRN_NO FROM S_PRD_BRN_CLS",focus_forms/SHPDBA.fmx.md,observed_sql_indicator,PKB/SQL and schema
SHPDBA.fmx,sql,SELECT 1 INTO V_CNT FROM FAS_AS_MOVMNT,focus_forms/SHPDBA.fmx.md,observed_sql_indicator,PKB/SQL and schema
SHPDBA.fmx,sql,SELECT END_BLNC_QTY INTO V_QTY FROM FAS_ASSETS_MST,focus_forms/SHPDBA.fmx.md,observed_sql_indicator,PKB/SQL and schema
SHPDBA.fmx,sql,SELECT END_BLNC_CST INTO V_CST FROM FAS_ASSETS_MST,focus_forms/SHPDBA.fmx.md,observed_sql_indicator,PKB/SQL and schema
SHPDBA.fmx,sql,SELECT TOT_DEPR INTO V_DEPR,focus_forms/SHPDBA.fmx.md,observed_sql_indicator,PKB/SQL and schema
SHPDBA.fmx,sql,SELECT TOT_RSRV INTO V_RSRV,focus_forms/SHPDBA.fmx.md,observed_sql_indicator,PKB/SQL and schema
SHPDBA.fmx,sql,SELECT 1 INTO v_cnt FROM FAS_DEPR_MST,focus_forms/SHPDBA.fmx.md,observed_sql_indicator,PKB/SQL and schema
SHPDBA.fmx,sql,SELECT doc_ser,focus_forms/SHPDBA.fmx.md,observed_sql_indicator,PKB/SQL and schema
SHPDBA.fmx,sql,SELECT 1 INTO V_CNT,focus_forms/SHPDBA.fmx.md,observed_sql_indicator,PKB/SQL and schema
SHPDBA.fmx,sql,DELETE FROM FAS_DEPR_DTL,focus_forms/SHPDBA.fmx.md,observed_sql_indicator,PKB/SQL and schema
SHPDBA.fmx,sql,UPDATE FAS_AS_CMPNT,focus_forms/SHPDBA.fmx.md,observed_sql_indicator,PKB/SQL and schema
SHPDBA.fmx,sql,DELETE FAS_AS_CMPNT,focus_forms/SHPDBA.fmx.md,observed_sql_indicator,PKB/SQL and schema
SHPDBA.fmx,sql,INSERT INTO FAS_AS_CMPNT (,focus_forms/SHPDBA.fmx.md,observed_sql_indicator,PKB/SQL and schema
SHPDBA.fmx,sql,"SELECT COUNT(1) FROM V$TABLESPACE WHERE NAME = :b1""",focus_forms/SHPDBA.fmx.md,observed_sql_indicator,PKB/SQL and schema
SHPDBA.fmx,sql,"INSERT INTO S_LOV_SLCT ( LOV_NO, LOV_NM, LOV_LBL_NO, LOV_SQL, LOV_COL_CNT, LOV_COL_LBL,",focus_forms/SHPDBA.fmx.md,observed_sql_indicator,PKB/SQL and schema
SHPDBA.fmx,sql,"INSERT INTO S_LST_SLCT ( LST_NM, LST_SQL, LST_WHR, LST_ORDRBY,",focus_forms/SHPDBA.fmx.md,observed_sql_indicator,PKB/SQL and schema
SHPDBA.fmx,sql,"INSERT INTO S_FLAGS ( LANG_NO, FLG_SR, FLG_VALUE, FLG_CODE, FLG_DESC,",focus_forms/SHPDBA.fmx.md,observed_sql_indicator,PKB/SQL and schema
SHPDBA.fmx,sql,"INSERT INTO S_FLAGS ( LANG_NO, FLG_SR, FLG",focus_forms/SHPDBA.fmx.md,observed_sql_indicator,PKB/SQL and schema
SHPDBA.fmx,sql,"SELECT COUNT(1) FROM V$TABLESPACE WHERE NAME LIKE ''SHP%''""SELECT COUNT(1) FROM USER_TABLES WHERE TABLE_NAME = ''SHP_BILLING''""SELECT COUNT(1) FROM USER_TAB_COLS WHERE TABLE_NAME =",focus_forms/SHPDBA.fmx.md,observed_sql_indicator,PKB/SQL and schema
SHPDBA.fmx,sql,"INSERT INTO FORM_DETAIL ( F_SYS, FORM_NO, F_PARENT_NO, F_FILE_NAME, F_BT_PRIV, F_INACTIVE,",focus_forms/SHPDBA.fmx.md,observed_sql_indicator,PKB/SQL and schema
SHPDBA.fmx,sql,"INSERT INTO IAS_FORM_NAME ( LANG_NO, FORM_NO, FORM_NAME ) VALUE",focus_forms/SHPDBA.fmx.md,observed_sql_indicator,PKB/SQL and schema
SHPDBA.fmx,sql,"INSERT INTO IAS_FORM_NAME ( LANG_NO, FORM_NO, FORM_NAME ) VALUES (",focus_forms/SHPDBA.fmx.md,observed_sql_indicator,PKB/SQL and schema
SHPDBA.fmx,sql,"INSERT INTO PRIVILEGE ( U_ID, FORM_NO, INCLUDE_FLAG, AD_FLAG, DEL_FLAG, MOD_FLAG, VIEW_FLAG,",focus_forms/SHPDBA.fmx.md,observed_sql_indicator,PKB/SQL and schema
SHPDBA.fmx,sql,"INSERT INTO IAS_DOCJV_TYPE_SYSTEMS_MST ( LANG_NO,DOC_TYPE,DOC_TYPE_NAME,DOC_PST,FLG_ST,RPRT_NM ) VALUES ( 1,200,''",focus_forms/SHPDBA.fmx.md,observed_sql_indicator,PKB/SQL and schema
SHPDBA.fmx,metadata,SHPDBA,focus_forms/SHPDBA.fmx.md,specification_only,none
SHPDBA.fmx,metadata,MODULE2,focus_forms/SHPDBA.fmx.md,specification_only,none
SHPDBA.fmx,metadata,AMERICAN_AMERICA.AR8MSWIN1256,focus_forms/SHPDBA.fmx.md,specification_only,none
SHPDBA.fmx,metadata,P0_02_JUN_201416_27_36,focus_forms/SHPDBA.fmx.md,specification_only,none
SHPDBA.fmx,metadata,STANDARD,focus_forms/SHPDBA.fmx.md,specification_only,none
SHPDBA.fmx,metadata,"""PKG INIT""<anonymous>""""",focus_forms/SHPDBA.fmx.md,specification_only,none
SHPDBA.fmx,metadata,SYSTEM,focus_forms/SHPDBA.fmx.md,specification_only,none
SHPDBA.fmx,metadata,[REDACTED_SYSTEM_TOKEN]@YEMENSOFT,focus_forms/SHPDBA.fmx.md,specification_only,none
SHPDBA.fmx,metadata,P1_02_JUN_201416_27_36,focus_forms/SHPDBA.fmx.md,specification_only,none
SHPDBA.fmx,metadata,FORMS40,focus_forms/SHPDBA.fmx.md,specification_only,none
SHPDBA.fmx,metadata,OLD_CRT_COMMENT,focus_forms/SHPDBA.fmx.md,specification_only,none
SHPDBA.fmx,metadata,/NSPC7/DO_DDL,focus_forms/SHPDBA.fmx.md,specification_only,none
SHPDBA.fmx,metadata,/LSHPLIB,focus_forms/SHPDBA.fmx.md,specification_only,none
SHPDBA.fmx,metadata,CRT_GNR_CMNT_PRC,focus_forms/SHPDBA.fmx.md,specification_only,none
SHPDBA.fmx,metadata,FORMS4W,focus_forms/SHPDBA.fmx.md,specification_only,none
SHPDBA.fmx,metadata,"""PKG INIT""OLD_CRT_COMMENT""""",focus_forms/SHPDBA.fmx.md,specification_only,none
SHPDBA.fmx,metadata,COMMENT ON COLUMN SHP_TRN_MST.TRN_NO IS '292 -,focus_forms/SHPDBA.fmx.md,specification_only,none
SHPDBA.fmx,metadata,COMMENT ON COLUMN SHP_TRN_MST.TRN_SRL IS '757 -,focus_forms/SHPDBA.fmx.md,specification_only,none
SHPDBA.fmx,metadata,COMMENT ON COLUMN SHP_TRN_MST.TRN_DATE IS '1137 -,focus_forms/SHPDBA.fmx.md,specification_only,none
SHPDBA.fmx,metadata,COMMENT ON COLUMN SHP_TRN_MST.TRN_TYP IS '1006 -,focus_forms/SHPDBA.fmx.md,specification_only,none
SHPDBA.fmx,metadata,COMMENT ON COLUMN SHP_TRN_MST.BRN_NO IS '50 -,focus_forms/SHPDBA.fmx.md,specification_only,none
SHPDBA.fmx,metadata,COMMENT ON COLUMN SHP_TRN_MST.CMP_NO IS '1583 -,focus_forms/SHPDBA.fmx.md,specification_only,none
SHPDBA.fmx,metadata,COMMENT ON COLUMN SHP_TRN_MST.BRN_YEAR IS '41 -,focus_forms/SHPDBA.fmx.md,specification_only,none
SHPDBA.fmx,metadata,COMMENT ON COLUMN SHP_TRN_MST.BRN_USR IS '3300 -,focus_forms/SHPDBA.fmx.md,specification_only,none
SHPDBA.fmx,metadata,COMMENT ON COLUMN SHP_TRN_MST.AD_U_ID IS '758 -,focus_forms/SHPDBA.fmx.md,specification_only,none
SHPDBA.fmx,metadata,COMMENT ON COLUMN SHP_TRN_MST.AD_DATE IS '759 -,focus_forms/SHPDBA.fmx.md,specification_only,none
SHPDBA.fmx,metadata,COMMENT ON COLUMN SHP_TRN_MST.UP_U_ID IS '760 -,focus_forms/SHPDBA.fmx.md,specification_only,none
SHPDBA.fmx,metadata,COMMENT ON COLUMN SHP_TRN_MST.UP_DATE IS '761 -,focus_forms/SHPDBA.fmx.md,specification_only,none
SHPDBA.fmx,metadata,FOLLOW,focus_forms/SHPDBA.fmx.md,specification_only,none
SHPDBA.fmx,metadata,Complete Create COMMENTS,focus_forms/SHPDBA.fmx.md,specification_only,none
SHPDBA.fmx,metadata,Err When Create COMMENTS,focus_forms/SHPDBA.fmx.md,specification_only,none
SHPDBA.fmx,metadata,OLD_CRT_FAS_DOC_SQ,focus_forms/SHPDBA.fmx.md,specification_only,none
SHPDBA.fmx,metadata,"""PKG INIT""OLD_CRT_FAS_DOC_SQ""""",focus_forms/SHPDBA.fmx.md,specification_only,none
SHPDBA.fmx,metadata,CREATE OR REPLACE PACKAGE FAS_DOC_SQ as,focus_forms/SHPDBA.fmx.md,specification_only,none
SHPDBA.fmx,metadata,FUNCTION Get_Doc_Typ_Serial (P_DOC_TYP In NUMBER) RETURN NUMBER ;,focus_forms/SHPDBA.fmx.md,specification_only,none
SHPDBA.fmx,metadata,--##-------------------------------------------------------------------------------------##--,focus_forms/SHPDBA.fmx.md,specification_only,none
SHPDBA.fmx,metadata,"FUNCTION Get_Doc_No ( P_Doc_Typ In Number,",focus_forms/SHPDBA.fmx.md,specification_only,none
SHPDBA.fmx,metadata,"P_Doc_Srl_Typ In Number DEFAULT NULL,",focus_forms/SHPDBA.fmx.md,specification_only,none
SHPDBA.fmx,metadata,"P_Brn_Year In Number,",focus_forms/SHPDBA.fmx.md,specification_only,none
SHPDBA.fmx,metadata,"P_Brn_No In S_BRN.BRN_NO%TYPE,",focus_forms/SHPDBA.fmx.md,specification_only,none
SHPDBA.fmx,metadata,P_Typ_No In Number DEFAULT NULL ) RETURN NUMBER ;,focus_forms/SHPDBA.fmx.md,specification_only,none
SHPDBA.fmx,metadata,"FUNCTION Get_Doc_Srl ( P_Doc_Typ In Number,",focus_forms/SHPDBA.fmx.md,specification_only,none
SHPDBA.fmx,metadata,"P_Typ_No In Number DEFAULT NULL,",focus_forms/SHPDBA.fmx.md,specification_only,none
SHPDBA.fmx,metadata,P_Doc_No In Number ) RETURN NUMBER ;,focus_forms/SHPDBA.fmx.md,specification_only,none
SHPDBA.fmx,metadata,End FAS_DOC_SQ;,focus_forms/SHPDBA.fmx.md,specification_only,none
SHPDBA.fmx,metadata,CREATE OR REPLACE PACKAGE BODY FAS_DOC_SQ as,focus_forms/SHPDBA.fmx.md,specification_only,none
SHPDBA.fmx,metadata,FUNCTION Get_Doc_Typ_Serial (P_DOC_TYP In NUMBER) RETURN NUMBER IS,focus_forms/SHPDBA.fmx.md,specification_only,none
SHPDBA.fmx,metadata,V_FLD_NM VARCHAR2(60);,focus_forms/SHPDBA.fmx.md,specification_only,none
SHPDBA.fmx,metadata,V_DOC_SERIAL NUMBER;,focus_forms/SHPDBA.fmx.md,specification_only,none
SHPDBA.fmx,metadata,BEGIN,focus_forms/SHPDBA.fmx.md,specification_only,none
SHPDBA.fmx,metadata,IF P_DOC_TYP = 602 THEN --,focus_forms/SHPDBA.fmx.md,specification_only,none
SHPDBA.fmx,metadata,V_FLD_NM:= '';,focus_forms/SHPDBA.fmx.md,specification_only,none
SHPDBA.fmx,metadata,ELSIF P_DOC_TYP = 603 THEN --,focus_forms/SHPDBA.fmx.md,specification_only,none
SHPDBA.fmx,metadata,V_FLD_NM:= 'INCRS_SERIAL';,focus_forms/SHPDBA.fmx.md,specification_only,none
SHPDBA.fmx,metadata,ELSIF P_DOC_TYP = 604 THEN --,focus_forms/SHPDBA.fmx.md,specification_only,none
SHPDBA.fmx,metadata,V_FLD_NM:= 'DCRS_SERIAL';,focus_forms/SHPDBA.fmx.md,specification_only,none
SHPDBA.fmx,metadata,ELSIF P_DOC_TYP = 605 THEN -- Transfer,focus_forms/SHPDBA.fmx.md,specification_only,none
SHPDBA.fmx,metadata,V_FLD_NM:= 'TRNS_SERIAL';,focus_forms/SHPDBA.fmx.md,specification_only,none
SHPDBA.fmx,metadata,ELSIF P_DOC_TYP = 606 THEN -- Receive,focus_forms/SHPDBA.fmx.md,specification_only,none
SHPDBA.fmx,metadata,V_FLD_NM:= 'RCVD_SERIAL';,focus_forms/SHPDBA.fmx.md,specification_only,none
SHPDBA.fmx,metadata,ELSIF P_DOC_TYP = 608 THEN -- Inventory Assets,focus_forms/SHPDBA.fmx.md,specification_only,none
SHPDBA.fmx,metadata,V_FLD_NM:= 'INV_SERIAL';,focus_forms/SHPDBA.fmx.md,specification_only,none
SHPDBA.fmx,metadata,ELSIF P_DOC_TYP = 609 THEN -- Adjustment Assets,focus_forms/SHPDBA.fmx.md,specification_only,none
SHPDBA.fmx,metadata,V_FLD_NM:= 'ADJST_SERIAL';,focus_forms/SHPDBA.fmx.md,specification_only,none
SHPDBA.fmx,metadata,END IF;,focus_forms/SHPDBA.fmx.md,specification_only,none
SHPDBA.fmx,metadata,EXECUTE IMMEDIATE ('SELECT '||V_FLD_NM||' FROM FAS_PARA ') INTO V_DOC_SERIAL;,focus_forms/SHPDBA.fmx.md,specification_only,none
SHPDBA.fmx,metadata,RETURN (V_DOC_SERIAL);,focus_forms/SHPDBA.fmx.md,specification_only,none
SHPDBA.fmx,metadata,EXCEPTION WHEN OTHERS THEN,focus_forms/SHPDBA.fmx.md,specification_only,none
SHPDBA.fmx,metadata,RETURN(NULL);,focus_forms/SHPDBA.fmx.md,specification_only,none
SHPDBA.fmx,metadata,END Get_Doc_Typ_Serial;,focus_forms/SHPDBA.fmx.md,specification_only,none
SHPDBA.fmx,metadata,P_Typ_No In Number DEFAULT NULL) RETURN NUMBER IS,focus_forms/SHPDBA.fmx.md,specification_only,none
SHPDBA.fmx,metadata,V_Doc_Srl_Typ Number := P_Doc_Srl_Typ;,focus_forms/SHPDBA.fmx.md,specification_only,none
SHPDBA.fmx,metadata,V_Doc_No Number;,focus_forms/SHPDBA.fmx.md,specification_only,none
SHPDBA.fmx,metadata,Begin,focus_forms/SHPDBA.fmx.md,specification_only,none
SHPDBA.fmx,metadata,If P_Doc_Typ Is Not Null And V_Doc_Srl_Typ Is Null Then,focus_forms/SHPDBA.fmx.md,specification_only,none
SHPDBA.fmx,metadata,V_Doc_Srl_Typ:= Get_Doc_Typ_Serial (P_DOC_TYP => P_Doc_Typ );,focus_forms/SHPDBA.fmx.md,specification_only,none
SHPDBA.fmx,metadata,If V_Doc_Srl_Typ Is Null Then,focus_forms/SHPDBA.fmx.md,specification_only,none
SHPDBA.fmx,metadata,"Raise_Application_Error (-20001,'Error When Select Serial Typ For Document , '||Sqlerrm);",focus_forms/SHPDBA.fmx.md,specification_only,none
SHPDBA.fmx,metadata,End If;,focus_forms/SHPDBA.fmx.md,specification_only,none
SHPDBA.fmx,metadata,If P_Doc_Typ = 605 Then -- -- Transfer,focus_forms/SHPDBA.fmx.md,specification_only,none
SHPDBA.fmx,metadata,If V_Doc_Srl_Typ = 1 Then -- Accumlated By Branch,focus_forms/SHPDBA.fmx.md,specification_only,none
SHPDBA.fmx,metadata,"Select nvl(Max(doc_no),0) + 1 Into V_Doc_No",focus_forms/SHPDBA.fmx.md,specification_only,none
SHPDBA.fmx,metadata,From FAS_TRNS_MST,focus_forms/SHPDBA.fmx.md,specification_only,none
SHPDBA.fmx,metadata,where Brn_No = P_Brn_No;,focus_forms/SHPDBA.fmx.md,specification_only,none
SHPDBA.fmx,metadata,/* Else -- Serial By Branch + Doc_Jv_Typ,focus_forms/SHPDBA.fmx.md,specification_only,none
SHPDBA.fmx,metadata,where Brn_No = P_Brn_No,focus_forms/SHPDBA.fmx.md,specification_only,none
SHPDBA.fmx,metadata,AND TYP_NO = P_TYP_NO;,focus_forms/SHPDBA.fmx.md,specification_only,none
SHPDBA.fmx,metadata,ElsIf P_Doc_Typ = 603 Then -- Leave Request,focus_forms/SHPDBA.fmx.md,specification_only,none
SHPDBA.fmx,metadata,From FAS_INCRS_MST,focus_forms/SHPDBA.fmx.md,specification_only,none
SHPDBA.fmx,metadata,ElsIf P_Doc_Typ = 604 Then -- Leave Request,focus_forms/SHPDBA.fmx.md,specification_only,none
SHPDBA.fmx,metadata,From FAS_DCRS_MST,focus_forms/SHPDBA.fmx.md,specification_only,none
SHPDBA.fmx,metadata,ElsIf P_Doc_Typ = 606 Then -- Leave Request,focus_forms/SHPDBA.fmx.md,specification_only,none
SHPDBA.fmx,metadata,From FAS_RCVD_MST,focus_forms/SHPDBA.fmx.md,specification_only,none
SHPDBA.fmx,metadata,ElsIf P_Doc_Typ = 607 then,focus_forms/SHPDBA.fmx.md,specification_only,none
SHPDBA.fmx,metadata,"SELECT NVL(MAX(DOC_NO),0)+1 INTO V_DOC_NO",focus_forms/SHPDBA.fmx.md,specification_only,none
SHPDBA.fmx,metadata,FROM FAS_DEPR_MST,focus_forms/SHPDBA.fmx.md,specification_only,none
SHPDBA.fmx,metadata,WHERE BRN_NO = P_BRN_NO,focus_forms/SHPDBA.fmx.md,specification_only,none
SHPDBA.fmx,metadata,AND DEPR_TYP = P_Typ_No;,focus_forms/SHPDBA.fmx.md,specification_only,none
SHPDBA.fmx,metadata,ElsIf P_Doc_Typ = 608 Then -- Leave Request,focus_forms/SHPDBA.fmx.md,specification_only,none
SHPDBA.fmx,metadata,From FAS_INV_MST,focus_forms/SHPDBA.fmx.md,specification_only,none
SHPDBA.fmx,metadata,ElsIf P_Doc_Typ = 609 Then -- Leave Request,focus_forms/SHPDBA.fmx.md,specification_only,none
SHPDBA.fmx,metadata,From FAS_ADJST_MST,focus_forms/SHPDBA.fmx.md,specification_only,none
SHPDBA.fmx,metadata,Return(V_Doc_No);,focus_forms/SHPDBA.fmx.md,specification_only,none
SHPDBA.fmx,metadata,Exception,focus_forms/SHPDBA.fmx.md,specification_only,none
SHPDBA.fmx,metadata,When Others Then,focus_forms/SHPDBA.fmx.md,specification_only,none
SHPDBA.fmx,metadata,Return(null);,focus_forms/SHPDBA.fmx.md,specification_only,none
SHPDBA.fmx,metadata,END Get_Doc_No;,focus_forms/SHPDBA.fmx.md,specification_only,none
SHPDBA.fmx,metadata,P_Doc_No In Number ) RETURN NUMBER IS,focus_forms/SHPDBA.fmx.md,specification_only,none
SHPDBA.fmx,metadata,V_Doc_Srl Number;,focus_forms/SHPDBA.fmx.md,specification_only,none
SHPDBA.fmx,metadata,If P_Doc_Typ Is Not Null Then,focus_forms/SHPDBA.fmx.md,specification_only,none
SHPDBA.fmx,metadata,"V_Doc_Srl := P_Brn_Year||lpad(P_Brn_no,3,0)||lpad(P_Doc_Typ,5,0)||P_Doc_No;",focus_forms/SHPDBA.fmx.md,specification_only,none
SHPDBA.fmx,metadata,Else -- - Serial By Branch + Type,focus_forms/SHPDBA.fmx.md,specification_only,none
SHPDBA.fmx,metadata,"V_Doc_Srl := P_Brn_Year||lpad(P_Brn_no,3,0)||lpad(P_Doc_Typ,5,0)||lpad(P_Typ_No,5,0)||P_Doc_No;",focus_forms/SHPDBA.fmx.md,specification_only,none
SHPDBA.fmx,metadata,Return (V_Doc_Srl );,focus_forms/SHPDBA.fmx.md,specification_only,none
SHPDBA.fmx,metadata,Else,focus_forms/SHPDBA.fmx.md,specification_only,none
SHPDBA.fmx,metadata,Return (Null );,focus_forms/SHPDBA.fmx.md,specification_only,none
SHPDBA.fmx,metadata,--Return (Null );,focus_forms/SHPDBA.fmx.md,specification_only,none
SHPDBA.fmx,metadata,"Raise_Application_Error (-20002,'Error When Select Serial Typ For Document , '||Sqlerrm);",focus_forms/SHPDBA.fmx.md,specification_only,none
SHPDBA.fmx,metadata,END Get_Doc_Srl;,focus_forms/SHPDBA.fmx.md,specification_only,none
SHPDBA.fmx,metadata,Err When CRT_FAS_DOC_SQ :,focus_forms/SHPDBA.fmx.md,specification_only,none
SHPDBA.fmx,metadata,In NU,focus_forms/SHPDBA.fmx.md,specification_only,none
SHPDBA.fmx,metadata,OLD_CRT_FAS_GNR_PKG,focus_forms/SHPDBA.fmx.md,specification_only,none
SHPDBA.fmx,metadata,"""PKG INIT""OLD_CRT_FAS_GNR_PKG""""",focus_forms/SHPDBA.fmx.md,specification_only,none
SHPDBA.fmx,metadata,CREATE OR REPLACE package FAS_GNR_PKG as,focus_forms/SHPDBA.fmx.md,specification_only,none
SHPDBA.fmx,metadata,"FUNCTION Get_Loc_NM(P_BRN_NO IN S_BRN.BRN_NO%TYPE, P_Loc_CODE In FAS_LOC.LOC_CODE%TYPE,P_LANG_NO In LANG_DEF.LANG_NO%TYPE) RETURN VARCHAR2;",focus_forms/SHPDBA.fmx.md,specification_only,none
SHPDBA.fmx,metadata,"FUNCTION Get_Grp_NM(P_Grp_CODE In FAS_GRP.GRP_CODE%TYPE,P_LANG_NO In LANG_DEF.LANG_NO%TYPE DEFAULT NULL) RETURN VARCHAR2;",focus_forms/SHPDBA.fmx.md,specification_only,none
SHPDBA.fmx,metadata,"FUNCTION Get_AS_NM (P_BRN_NO IN S_BRN.BRN_NO%TYPE, P_AS_CODE In FAS_ASSETS_MST.AS_CODE%TYPE,P_LANG_NO In LANG_DEF.LANG_NO%TYPE) RETURN VARCHAR2;",focus_forms/SHPDBA.fmx.md,specification_only,none
SHPDBA.fmx,metadata,FUNCTION Get_As_Code(P_Barcode In FAS_ASSETS_MST.AS_BARCODE%TYPE) Return VARCHAR2 ;,focus_forms/SHPDBA.fmx.md,specification_only,none
SHPDBA.fmx,metadata,"FUNCTION Get_CLASS_NM(P_BRN_NO IN S_BRN.BRN_NO%TYPE, P_CLASS_NO In FAS_CLASS.CLASS_NO%TYPE,P_LANG_NO In LANG_DEF.LANG_NO%TYPE ) RETURN VARCHAR2;",focus_forms/SHPDBA.fmx.md,specification_only,none
SHPDBA.fmx,metadata,"FUNCTION GET_LNK_CODE_VAL(P_PARA_LNK NUMBER, P_FLD_WHR VARCHAR2, P_FLD_CODE VARCHAR2, P_FLD_VAL VARCHAR2) RETURN VARCHAR2;",focus_forms/SHPDBA.fmx.md,specification_only,none
SHPDBA.fmx,metadata,"FUNCTION CHK_USE(P_VAL VARCHAR2, P_TBL_NM VARCHAR2, P_FLD_NM VARCHAR2, P_WHER VARCHAR2 DEFAULT NULL) RETURN NUMBER;",focus_forms/SHPDBA.fmx.md,specification_only,none
SHPDBA.fmx,metadata,"FUNCTION GET_MAX_VAL(P_TBL_NM VARCHAR2, P_FLD_NM VARCHAR2, P_WHER VARCHAR2 DEFAULT NULL) RETURN VARCHAR2;",focus_forms/SHPDBA.fmx.md,specification_only,none
SHPDBA.fmx,metadata,FUNCTION GET_PARA_VAL(P_PARA_NAME VARCHAR2) RETURN VARCHAR2;,focus_forms/SHPDBA.fmx.md,specification_only,none
SHPDBA.fmx,metadata,"PROCEDURE Chk_As_Code (P_BRN_NO IN S_BRN.BRN_NO%TYPE,",focus_forms/SHPDBA.fmx.md,specification_only,none
SHPDBA.fmx,metadata,"P_As_code In FAS_ASSETS_MST.As_code%TYPE,",focus_forms/SHPDBA.fmx.md,specification_only,none
SHPDBA.fmx,metadata,"P_Lng_Dflt In LANG_DEF.LANG_DFLT%TYPE,",focus_forms/SHPDBA.fmx.md,specification_only,none
SHPDBA.fmx,metadata,"P_Usr_No In USER_R.U_ID%TYPE,",focus_forms/SHPDBA.fmx.md,specification_only,none
SHPDBA.fmx,metadata,"P_Scr_Typ In NUMBER DEFAULT 1,",focus_forms/SHPDBA.fmx.md,specification_only,none
SHPDBA.fmx,metadata,"P_As_Nm In Out FAS_ASSETS_MST.As_A_NAME%TYPE,",focus_forms/SHPDBA.fmx.md,specification_only,none
SHPDBA.fmx,metadata,P_Msg_No In Out NUMBER ) ;,focus_forms/SHPDBA.fmx.md,specification_only,none
SHPDBA.fmx,metadata,"FUNCTION AS_HAS_CMPNT(P_BRN_NO IN S_BRN.BRN_NO%TYPE, P_AS_CODE IN FAS_ASSETS_MST.AS_CODE%TYPE) RETURN NUMBER;",focus_forms/SHPDBA.fmx.md,specification_only,none
SHPDBA.fmx,metadata,"PROCEDURE GET_AS_CC_ACTV_PJ(P_BRN_NO IN S_BRN.BRN_NO%TYPE,",focus_forms/SHPDBA.fmx.md,specification_only,none
SHPDBA.fmx,metadata,"P_LOC_CODE IN OUT VARCHAR2,",focus_forms/SHPDBA.fmx.md,specification_only,none
SHPDBA.fmx,metadata,"P_EMP_NO IN OUT NUMBER,",focus_forms/SHPDBA.fmx.md,specification_only,none
SHPDBA.fmx,metadata,"P_CC_CODE IN OUT VARCHAR2,",focus_forms/SHPDBA.fmx.md,specification_only,none
SHPDBA.fmx,metadata,"P_ACTV_NO IN OUT VARCHAR2,",focus_forms/SHPDBA.fmx.md,specification_only,none
SHPDBA.fmx,metadata,P_PJ_NO IN OUT VARCHAR2);,focus_forms/SHPDBA.fmx.md,specification_only,none
SHPDBA.fmx,metadata,"FUNCTION FAS_CHK_DATE(P_DOC_DATE IN DATE ,",focus_forms/SHPDBA.fmx.md,specification_only,none
SHPDBA.fmx,metadata,"P_BRN_NO IN NUMBER ,",focus_forms/SHPDBA.fmx.md,specification_only,none
SHPDBA.fmx,metadata,P_DEPR_PRD_TYP IN NUMBER DEFAULT NULL) RETURN NUMBER ;,focus_forms/SHPDBA.fmx.md,specification_only,none
SHPDBA.fmx,metadata,"FUNCTION AS_IS_TRNS(P_BRN_NO IN S_BRN.BRN_NO%TYPE,",focus_forms/SHPDBA.fmx.md,specification_only,none
SHPDBA.fmx,metadata,P_As_code IN FAS_ASSETS_MST.As_code%TYPE DEFAULT NULL) RETURN NUMBER;,focus_forms/SHPDBA.fmx.md,specification_only,none
SHPDBA.fmx,metadata,"FUNCTION GET_FLD_VAL(P_TBL_NM VARCHAR2, P_FLD_NM VARCHAR2, P_WHER VARCHAR2 DEFAULT NULL) RETURN NUMBER;",focus_forms/SHPDBA.fmx.md,specification_only,none
SHPDBA.fmx,metadata,"FUNCTION GET_COUNT(P_TBL_NM VARCHAR2, P_WHER VARCHAR2 DEFAULT NULL) RETURN NUMBER;",focus_forms/SHPDBA.fmx.md,specification_only,none
SHPDBA.fmx,metadata,"--FUNCTION CHK_AS_ACCNT(P_BRN_NO IN S_BRN.BRN_NO%TYPE, P_AS_CODE IN FAS_ASSETS_MST.AS_CODE%TYPE) RETURN NUMBER;",focus_forms/SHPDBA.fmx.md,specification_only,none
SHPDBA.fmx,metadata,End FAS_GNR_PKG;,focus_forms/SHPDBA.fmx.md,specification_only,none
SHPDBA.fmx,metadata,P_HM5,focus_forms/SHPDBA.fmx.md,specification_only,none
SHPDBA.fmx,metadata,CREATE OR REPLACE PACKAGE BODY FAS_GNR_PKG AS,focus_forms/SHPDBA.fmx.md,specification_only,none
SHPDBA.fmx,metadata,--##----------------------------------------------------------------------------------------------##--,focus_forms/SHPDBA.fmx.md,specification_only,none
SHPDBA.fmx,metadata,"FUNCTION Get_Loc_NM (P_BRN_NO IN S_BRN.BRN_NO%TYPE, P_Loc_CODE In FAS_LOC.LOC_CODE%TYPE,P_LANG_NO In LANG_DEF.LANG_NO%TYPE) RETURN VARCHAR2 Is",focus_forms/SHPDBA.fmx.md,specification_only,none
SHPDBA.fmx,metadata,v_name FAS_LOC.LOC_A_NAME%TYPE;,focus_forms/SHPDBA.fmx.md,specification_only,none
SHPDBA.fmx,metadata,/*IF P_LOC_CODE = 0 THEN,focus_forms/SHPDBA.fmx.md,specification_only,none
SHPDBA.fmx,metadata,V_NAME := YS_GNR_PKG.GET_LBL(P_LBL_NO=>294);,focus_forms/SHPDBA.fmx.md,specification_only,none
SHPDBA.fmx,metadata,ELSE*/,focus_forms/SHPDBA.fmx.md,specification_only,none
SHPDBA.fmx,metadata,"Select Decode(P_LANG_NO, 1, LOC_A_NAME, nvl(LOC_E_NAME, LOC_A_NAME))",focus_forms/SHPDBA.fmx.md,specification_only,none
SHPDBA.fmx,metadata,Into v_name,focus_forms/SHPDBA.fmx.md,specification_only,none
SHPDBA.fmx,metadata,From FAS_LOC,focus_forms/SHPDBA.fmx.md,specification_only,none
SHPDBA.fmx,metadata,where LOC_CODE = P_Loc_code,focus_forms/SHPDBA.fmx.md,specification_only,none
SHPDBA.fmx,metadata,AND BRN_NO = P_BRN_NO;,focus_forms/SHPDBA.fmx.md,specification_only,none
SHPDBA.fmx,metadata,--END IF;,focus_forms/SHPDBA.fmx.md,specification_only,none
SHPDBA.fmx,metadata,RETURN(v_name);,focus_forms/SHPDBA.fmx.md,specification_only,none
SHPDBA.fmx,metadata,when others then,focus_forms/SHPDBA.fmx.md,specification_only,none
SHPDBA.fmx,metadata,RETURN(Null);,focus_forms/SHPDBA.fmx.md,specification_only,none
SHPDBA.fmx,metadata,End Get_Loc_NM ;,focus_forms/SHPDBA.fmx.md,specification_only,none
SHPDBA.fmx,metadata,"FUNCTION Get_Grp_NM (P_grp_code In FAS_GRP.GRP_CODE%TYPE,P_LANG_NO IN LANG_DEF.LANG_NO%TYPE) RETURN VARCHAR2 Is",focus_forms/SHPDBA.fmx.md,specification_only,none
SHPDBA.fmx,metadata,v_name FAS_GRP.GRP_A_NAME%TYPE;,focus_forms/SHPDBA.fmx.md,specification_only,none
SHPDBA.fmx,metadata,/*IF P_GRP_CODE = 0 THEN,focus_forms/SHPDBA.fmx.md,specification_only,none
SHPDBA.fmx,metadata,"select Decode(P_LANG_NO, 1, GRP_A_NAME, nvl(GRP_E_NAME, GRP_A_NAME))",focus_forms/SHPDBA.fmx.md,specification_only,none
SHPDBA.fmx,metadata,From FAS_GRP,focus_forms/SHPDBA.fmx.md,specification_only,none
SHPDBA.fmx,metadata,where GRP_CODE = P_grp_code ;,focus_forms/SHPDBA.fmx.md,specification_only,none
