file,category,size,strings,sql_like,procedures,triggers,libraries,form_refs,tables,risks
222INVT011.fmx,other,820280,2423,158,67,12,1,0,280,"credentials,ddl_privilege,destructive,dynamic_sql,windows_native"
22355INVT011.fmx,other,611244,1664,111,56,9,1,0,218,"credentials,ddl_privilege,destructive,windows_native"
2FNGI008.fmx,other,826600,1951,37,43,8,2,0,221,"credentials,ddl_privilege,destructive,dynamic_sql,windows_native"
33INVT011.fmx,other,652596,1775,130,56,9,1,0,223,"credentials,ddl_privilege,destructive,dynamic_sql,windows_native"
3433INVT011.fmx,other,567884,1577,105,50,10,2,1,207,"credentials,destructive,windows_native"
ADMHRST005.fmx,admin/system,232264,757,27,41,12,1,0,136,"credentials,ddl_privilege,destructive,windows_native"
ADMHRST006.fmx,admin/system,203012,648,19,39,10,1,0,101,"credentials,ddl_privilege,destructive,windows_native"
ADMI001.fmx,admin/system,209868,650,17,33,8,1,0,73,"credentials,ddl_privilege,destructive,windows_native,session_control"
ADMI003.fmx,admin/system,359488,1467,147,108,8,1,0,360,"credentials,ddl_privilege,destructive,windows_native"
ADMI004.fmx,admin/system,161732,549,17,32,8,1,0,53,"credentials,ddl_privilege,destructive,windows_native"
ADMI005.fmx,admin/system,391908,1289,99,41,9,2,1,172,"credentials,ddl_privilege,destructive,windows_native"
ADMI006.fmx,admin/system,215040,690,30,35,8,1,0,77,"credentials,ddl_privilege,destructive,windows_native"
ADMI007.fmx,admin/system,195672,646,35,35,8,1,0,69,"credentials,ddl_privilege,destructive,dynamic_sql,windows_native"
ADMI008.fmx,admin/system,195304,641,32,35,8,1,0,67,"credentials,ddl_privilege,destructive,dynamic_sql,windows_native"
ADMI009.fmx,admin/system,268360,985,46,34,8,1,0,122,"credentials,ddl_privilege,destructive,windows_native"
ADMI010.fmx,admin/system,188184,619,24,35,8,1,0,70,"credentials,ddl_privilege,destructive,dynamic_sql,windows_native"
ADMI011.fmx,admin/system,419540,1427,65,42,8,1,0,184,"credentials,ddl_privilege,destructive,windows_native"
ADMI012.fmx,admin/system,722332,752,31,35,8,1,0,77,"credentials,ddl_privilege,destructive,windows_native"
ADMI013.fmx,admin/system,161828,532,14,35,8,1,0,62,"credentials,ddl_privilege,destructive,windows_native"
ADMI014.fmx,admin/system,182696,582,22,34,8,1,0,59,"credentials,ddl_privilege,destructive,windows_native"
ADMI015.fmx,admin/system,156292,515,8,32,8,1,0,50,"credentials,ddl_privilege,destructive,windows_native"
ADMI016.fmx,admin/system,202552,676,24,34,8,1,0,75,"credentials,ddl_privilege,destructive,dynamic_sql,windows_native"
ADMI020.fmx,admin/system,174568,585,18,34,8,1,0,57,"credentials,ddl_privilege,destructive,windows_native"
ADMI021.fmx,admin/system,181148,616,25,33,10,1,0,78,"credentials,ddl_privilege,destructive,dynamic_sql,windows_native"
ADMINVI017.fmx,admin/system,294916,1037,110,36,8,1,0,146,"credentials,ddl_privilege,destructive,dynamic_sql,windows_native"
ADMQ001.fmx,admin/system,157720,527,7,33,8,1,0,55,"credentials,ddl_privilege,destructive,windows_native"
ADMQ002.fmx,admin/system,193028,608,10,32,8,2,0,61,"credentials,ddl_privilege,destructive,windows_native"
ADMQ003.fmx,admin/system,200468,650,17,36,8,1,0,80,"credentials,ddl_privilege,destructive,windows_native"
ADMR010.fmx,admin/system,124060,436,33,15,3,1,0,61,"credentials,destructive"
ADMR020.fmx,admin/system,185884,633,36,22,6,1,0,84,"credentials,destructive,windows_native"
ADMT020.fmx,admin/system,202548,632,22,34,8,1,0,69,"credentials,ddl_privilege,destructive,windows_native"
ADMT021.fmx,admin/system,311912,1000,87,50,8,1,0,193,"credentials,ddl_privilege,destructive,windows_native"
ADMT022.fmx,admin/system,933032,3821,616,190,12,1,0,880,"credentials,ddl_privilege,destructive,dynamic_sql,windows_native,error_handling,session_control,network"
ADMT022ث.fmx,admin/system,1004156,4273,641,261,14,1,0,987,"credentials,ddl_privilege,destructive,dynamic_sql,windows_native,error_handling,session_control"
ADMT023.fmx,admin/system,181636,571,17,36,8,1,0,65,"credentials,ddl_privilege,destructive,windows_native"
ADMT024.fmx,admin/system,168916,560,10,33,8,1,0,65,"credentials,ddl_privilege,destructive,windows_native"
ADMT025.fmx,admin/system,186528,617,23,35,8,1,0,64,"credentials,ddl_privilege,destructive,windows_native"
ADMT027.fmx,admin/system,1762336,8342,1959,238,14,6,5,1511,"credentials,ddl_privilege,destructive,dynamic_sql,windows_native,error_handling,session_control,network"
ADMT028.fmx,admin/system,163440,535,14,33,8,1,0,63,"credentials,ddl_privilege,destructive,windows_native"
ADMT029.fmx,admin/system,240660,849,23,39,8,1,0,102,"credentials,ddl_privilege,destructive,windows_native"
ADMT030.fmx,admin/system,413124,942,23,33,8,2,1,142,"credentials,ddl_privilege,destructive,windows_native"
ADMT031.fmx,admin/system,412352,941,23,33,8,2,1,142,"credentials,ddl_privilege,destructive,windows_native"
ALRTI003.fmx,other,201128,685,27,37,8,1,0,73,"credentials,ddl_privilege,destructive,windows_native"
ALRTI004.fmx,other,198460,703,31,35,8,1,0,82,"credentials,ddl_privilege,destructive,windows_native"
ALRTI005.fmx,other,175400,605,20,36,8,1,0,70,"credentials,ddl_privilege,destructive,windows_native"
ALRTIMPXLS.fmx,other,172440,588,12,36,8,2,0,69,"credentials,ddl_privilege,destructive,windows_native"
ALRTQ007.fmx,other,357112,1070,30,44,8,1,0,132,"credentials,ddl_privilege,destructive,windows_native"
ALRTR010.fmx,other,168040,561,7,33,8,1,0,61,"credentials,ddl_privilege,destructive,dynamic_sql,windows_native"
ALRTS001.fmx,other,223152,731,20,37,8,1,0,93,"credentials,ddl_privilege,destructive,windows_native"
ALRTT002.fmx,other,216852,735,40,35,8,1,0,87,"credentials,ddl_privilege,destructive,windows_native"
AMSI001.fmx,assets/maintenance,275040,832,18,34,8,1,0,86,"credentials,ddl_privilege,destructive,windows_native"
AMSI002.fmx,assets/maintenance,269932,795,16,33,8,1,0,83,"credentials,ddl_privilege,destructive,windows_native"
AMSI003.fmx,assets/maintenance,296232,880,15,34,8,1,0,93,"credentials,ddl_privilege,destructive,windows_native"
AMSI004.fmx,assets/maintenance,359560,997,17,39,8,1,0,111,"credentials,ddl_privilege,destructive,windows_native"
AMSI005.fmx,assets/maintenance,315844,918,17,38,8,1,0,100,"credentials,ddl_privilege,destructive,windows_native"
AMSI006.fmx,assets/maintenance,267596,805,15,33,8,1,0,79,"credentials,ddl_privilege,destructive,windows_native"
AMSI007.fmx,assets/maintenance,273884,831,23,33,8,1,0,86,"credentials,ddl_privilege,destructive,windows_native"
AMSR001.fmx,assets/maintenance,211900,630,19,19,3,1,0,78,"credentials,destructive,windows_native"
AMSR002.fmx,assets/maintenance,222428,660,25,18,3,1,0,83,"credentials,destructive"
AMSR003.fmx,assets/maintenance,256828,749,28,22,3,1,0,93,"credentials,destructive"
AMSR004.fmx,assets/maintenance,237768,683,18,21,3,1,0,78,"credentials,destructive"
AMSR005.fmx,assets/maintenance,214252,631,19,18,3,1,0,73,"credentials,destructive"
AMSR006.fmx,assets/maintenance,210604,615,17,18,3,1,0,76,"credentials,destructive"
AMSR007.fmx,assets/maintenance,230476,675,23,19,3,1,0,79,"credentials,destructive"
AMSR008.fmx,assets/maintenance,241072,691,14,21,3,1,0,77,"credentials,destructive"
AMSR009.fmx,assets/maintenance,267812,771,28,21,3,1,0,95,"credentials,destructive,windows_native"
AMSR010.fmx,assets/maintenance,223124,657,18,19,3,1,0,78,"credentials,destructive"
AMSR011.fmx,assets/maintenance,223352,659,18,20,3,1,0,77,"credentials,destructive"
AMSR012.fmx,assets/maintenance,232572,682,21,20,3,1,0,79,"credentials,destructive"
AMSR013.fmx,assets/maintenance,234840,694,19,19,3,1,0,83,"credentials,destructive"
AMSR014.fmx,assets/maintenance,224684,671,18,19,3,1,0,76,"credentials,destructive,windows_native"
AMSS001.fmx,assets/maintenance,173300,557,15,32,8,1,0,55,"credentials,ddl_privilege,destructive,windows_native"
AMSS002.fmx,assets/maintenance,159176,528,15,32,8,1,0,50,"credentials,ddl_privilege,destructive,windows_native"
AMSS003.fmx,assets/maintenance,158516,527,15,32,8,1,0,50,"credentials,ddl_privilege,destructive,windows_native"
AMSS004.fmx,assets/maintenance,158516,527,15,32,8,1,0,50,"credentials,ddl_privilege,destructive,windows_native"
AMSS005.fmx,assets/maintenance,158516,527,15,32,8,1,0,50,"credentials,ddl_privilege,destructive,windows_native"
AMSS006.fmx,assets/maintenance,158516,527,15,32,8,1,0,50,"credentials,ddl_privilege,destructive,windows_native"
AMSS007.fmx,assets/maintenance,158488,527,15,32,8,1,0,50,"credentials,ddl_privilege,destructive,windows_native"
AMSS008.fmx,assets/maintenance,185312,576,7,34,8,1,0,68,"credentials,ddl_privilege,destructive,windows_native"
AMST001.fmx,assets/maintenance,321228,921,18,38,8,1,0,106,"credentials,ddl_privilege,destructive,windows_native"
AMST002.fmx,assets/maintenance,339792,976,18,39,8,1,0,109,"credentials,ddl_privilege,destructive,windows_native"
AMST003.fmx,assets/maintenance,433960,1153,25,40,8,1,0,133,"credentials,ddl_privilege,destructive,windows_native"
AMST004.fmx,assets/maintenance,299860,891,14,37,8,1,0,100,"credentials,ddl_privilege,destructive,windows_native"
AMST005.fmx,assets/maintenance,309280,919,15,38,8,1,0,98,"credentials,ddl_privilege,destructive,windows_native"
AMST006.fmx,assets/maintenance,303532,913,17,39,8,1,0,101,"credentials,ddl_privilege,destructive,windows_native"
AMST007.fmx,assets/maintenance,342236,993,17,37,8,1,0,111,"credentials,ddl_privilege,destructive,windows_native"
AMST008.fmx,assets/maintenance,300052,904,16,36,8,1,0,103,"credentials,ddl_privilege,destructive,windows_native"
AMST009.fmx,assets/maintenance,296544,888,14,38,8,1,0,97,"credentials,ddl_privilege,destructive,windows_native"
AMS_INSTAL.fmx,assets/maintenance,183136,641,30,44,8,1,0,94,"credentials,ddl_privilege,destructive,dynamic_sql,windows_native"
APSI001.fmx,AP/purchasing,178628,618,27,34,10,1,0,82,"credentials,ddl_privilege,destructive,windows_native"
APSI002.fmx,AP/purchasing,380196,1268,82,39,8,14,13,154,"credentials,ddl_privilege,destructive,windows_native,error_handling"
APSI003.fmx,AP/purchasing,250736,795,40,40,8,3,0,86,"credentials,ddl_privilege,destructive,dynamic_sql,windows_native"
APSI006.fmx,AP/purchasing,461564,1284,80,32,10,1,0,125,"credentials,ddl_privilege,destructive,windows_native"
APSI008.fmx,AP/purchasing,210532,726,49,34,8,1,0,84,"credentials,ddl_privilege,destructive,windows_native"
APSI009.fmx,AP/purchasing,260216,901,45,33,9,1,0,92,"credentials,ddl_privilege,destructive,windows_native"
APSR001.fmx,AP/purchasing,121016,428,29,14,3,1,0,57,"credentials,destructive,windows_native"
APSR002.fmx,AP/purchasing,111712,410,29,15,3,1,0,60,"credentials,destructive"
APSR005.fmx,AP/purchasing,180028,567,51,19,3,1,0,78,"credentials,ddl_privilege,destructive,windows_native"
APSR010.fmx,AP/purchasing,130316,498,50,16,3,1,0,76,"credentials,destructive"
APSR011.fmx,AP/purchasing,128688,464,30,15,3,1,0,59,"credentials,destructive"
APSR012.fmx,AP/purchasing,126904,437,38,15,3,1,0,58,"credentials,destructive"
APSR013.fmx,AP/purchasing,131528,480,37,16,3,1,0,71,"credentials,destructive"
APSR014.fmx,AP/purchasing,207496,753,85,15,3,1,0,92,"credentials,destructive,windows_native"
APSR015.fmx,AP/purchasing,178880,663,66,16,4,1,0,89,"credentials,ddl_privilege,destructive,windows_native"
APSR016.fmx,AP/purchasing,243476,972,97,18,3,1,0,116,"credentials,destructive,windows_native"
APSR017.fmx,AP/purchasing,196588,699,69,16,3,1,0,82,"credentials,destructive,windows_native"
APSR018.fmx,AP/purchasing,511012,2155,200,19,3,1,0,185,"credentials,ddl_privilege,destructive,windows_native"
APSR019.fmx,AP/purchasing,208836,769,76,15,3,1,0,83,"credentials,destructive,windows_native"
APSR020.fmx,AP/purchasing,162120,582,52,16,3,1,0,79,"credentials,destructive"
APSR021.fmx,AP/purchasing,192536,671,73,16,3,1,0,94,"credentials,destructive"
APSR022.fmx,AP/purchasing,125436,436,23,15,3,1,0,60,"credentials,destructive,windows_native"
APSR023.fmx,AP/purchasing,141632,538,43,16,3,1,0,68,"credentials,destructive,windows_native"
APSR024.fmx,AP/purchasing,168340,640,57,16,3,1,0,74,"credentials,destructive"
APSR025.fmx,AP/purchasing,266948,1006,125,16,3,1,0,108,"credentials,destructive"
APSR026.fmx,AP/purchasing,136964,511,43,14,3,1,0,71,"credentials,destructive,windows_native"
APSR027.fmx,AP/purchasing,175928,603,56,16,3,1,0,75,"credentials,destructive"
APSR028.fmx,AP/purchasing,148952,591,67,14,3,1,0,78,"credentials,destructive"
APSR029.fmx,AP/purchasing,231620,924,97,18,3,1,0,111,"credentials,destructive,windows_native"
APSS001.fmx,AP/purchasing,265576,946,65,35,8,1,0,142,"credentials,ddl_privilege,destructive,windows_native"
APSS002.fmx,AP/purchasing,160952,561,20,32,8,1,0,60,"credentials,ddl_privilege,destructive,windows_native"
APSS003.fmx,AP/purchasing,154804,535,17,31,8,1,0,59,"credentials,ddl_privilege,destructive,windows_native"
APSS004.fmx,AP/purchasing,334128,931,24,32,8,1,0,68,"credentials,ddl_privilege,destructive,windows_native"
APSS005.fmx,AP/purchasing,155636,534,18,31,8,1,0,61,"credentials,ddl_privilege,destructive,windows_native"
APSS006.fmx,AP/purchasing,158392,544,18,33,8,1,0,63,"credentials,ddl_privilege,destructive,windows_native"
APSS007.fmx,AP/purchasing,158052,542,18,33,8,1,0,57,"credentials,ddl_privilege,destructive,windows_native"
APSS008.fmx,AP/purchasing,431936,1295,99,34,8,1,0,127,"credentials,ddl_privilege,destructive,windows_native"
APSS009.fmx,AP/purchasing,160012,552,19,33,8,1,0,65,"credentials,ddl_privilege,destructive,windows_native"
APSS010.fmx,AP/purchasing,187036,640,26,36,8,1,0,82,"credentials,ddl_privilege,destructive,windows_native"
APST001.fmx,AP/purchasing,926364,2787,237,56,8,7,4,352,"credentials,ddl_privilege,destructive,dynamic_sql,windows_native"
APST002.fmx,AP/purchasing,538360,1660,116,51,8,3,1,225,"credentials,ddl_privilege,destructive,dynamic_sql,windows_native"
APST003.fmx,AP/purchasing,1754568,4978,334,66,8,8,5,460,"credentials,ddl_privilege,destructive,dynamic_sql,windows_native"
APST004.fmx,AP/purchasing,1059380,3218,219,60,8,3,0,331,"credentials,ddl_privilege,destructive,dynamic_sql,windows_native"
APST005.fmx,AP/purchasing,2620252,6688,438,76,12,10,6,614,"credentials,ddl_privilege,destructive,dynamic_sql,windows_native"
APST006.fmx,AP/purchasing,392188,1259,75,39,8,3,2,131,"credentials,ddl_privilege,destructive,windows_native"
APST008.fmx,AP/purchasing,775736,2027,119,61,8,1,0,261,"credentials,ddl_privilege,destructive,windows_native"
APST009.fmx,AP/purchasing,771012,1601,96,43,9,1,0,198,"credentials,ddl_privilege,destructive,windows_native"
APST010.fmx,AP/purchasing,1720196,4199,326,71,9,8,4,497,"credentials,ddl_privilege,destructive,dynamic_sql,windows_native"
APST011.fmx,AP/purchasing,251488,875,55,34,8,1,0,99,"credentials,ddl_privilege,destructive,windows_native"
APST012.fmx,AP/purchasing,277256,1023,105,40,10,1,0,121,"credentials,ddl_privilege,destructive,windows_native"
APST013.fmx,AP/purchasing,569132,1875,162,50,11,4,1,225,"credentials,destructive,windows_native"
APST014.fmx,AP/purchasing,575052,1664,115,47,9,1,0,210,"credentials,ddl_privilege,destructive,windows_native"
APST015.fmx,AP/purchasing,737904,2428,161,45,8,2,1,291,"credentials,ddl_privilege,destructive,dynamic_sql,windows_native"
APST016.fmx,AP/purchasing,493048,1484,88,43,9,2,0,194,"credentials,ddl_privilege,destructive,windows_native"
APST017.fmx,AP/purchasing,455044,1566,100,46,8,3,2,155,"credentials,ddl_privilege,destructive,dynamic_sql,windows_native"
APST018.fmx,AP/purchasing,273548,987,68,42,8,1,0,117,"credentials,ddl_privilege,destructive,dynamic_sql,windows_native"
APST019.fmx,AP/purchasing,1156240,3101,236,64,8,5,3,390,"credentials,ddl_privilege,destructive,dynamic_sql,windows_native"
APS_IMPXLS_VND.fmx,AP/purchasing,182344,631,17,34,5,2,0,68,"credentials,ddl_privilege,destructive,windows_native"
ARSI002.fmx,AR/accounts-receivable,188324,657,43,35,8,1,0,85,"credentials,ddl_privilege,destructive,windows_native"
ARSI003.fmx,AR/accounts-receivable,233360,804,45,31,9,1,0,82,"credentials,ddl_privilege,destructive,windows_native"
ARSI004.fmx,AR/accounts-receivable,410520,1576,186,36,11,2,1,195,"credentials,ddl_privilege,destructive,windows_native"
ARSI005.fmx,AR/accounts-receivable,937804,2606,210,40,9,19,17,310,"credentials,ddl_privilege,destructive,windows_native"
ARSI006.fmx,AR/accounts-receivable,184824,652,35,32,8,1,0,72,"credentials,ddl_privilege,destructive,windows_native"
ARSI008.fmx,AR/accounts-receivable,267932,900,69,34,8,1,0,105,"credentials,ddl_privilege,destructive,windows_native"
ARSI009.fmx,AR/accounts-receivable,235520,834,59,35,8,1,0,81,"credentials,ddl_privilege,destructive,windows_native"
ARSI010.fmx,AR/accounts-receivable,253932,836,44,31,8,1,0,90,"credentials,ddl_privilege,destructive,windows_native"
ARSI012.fmx,AR/accounts-receivable,506628,1824,178,38,9,19,17,184,"credentials,ddl_privilege,destructive,windows_native"
ARSI013.fmx,AR/accounts-receivable,555536,1685,116,35,8,2,0,138,"credentials,ddl_privilege,destructive,dynamic_sql,windows_native"
ARSI014.fmx,AR/accounts-receivable,180716,666,39,31,8,1,0,67,"credentials,ddl_privilege,destructive,windows_native"
ARSI015.fmx,AR/accounts-receivable,204028,694,49,33,8,1,0,65,"credentials,ddl_privilege,destructive,windows_native"
ARSI016.fmx,AR/accounts-receivable,272464,878,57,33,8,1,0,110,"credentials,ddl_privilege,destructive,windows_native"
ARSI017.fmx,AR/accounts-receivable,230336,788,54,32,9,1,0,85,"credentials,ddl_privilege,destructive,windows_native"
ARSI018.fmx,AR/accounts-receivable,165200,563,21,33,8,1,0,61,"credentials,ddl_privilege,destructive,windows_native"
ARSI019.fmx,AR/accounts-receivable,165096,563,20,32,8,1,0,60,"credentials,ddl_privilege,destructive,windows_native"
ARSI020.fmx,AR/accounts-receivable,301672,820,38,32,8,1,0,80,"credentials,ddl_privilege,destructive,windows_native"
ARSI021.fmx,AR/accounts-receivable,322472,983,50,34,8,1,0,96,"credentials,ddl_privilege,destructive,windows_native"
ARSI022.fmx,AR/accounts-receivable,212744,682,27,32,8,1,0,69,"credentials,ddl_privilege,destructive,windows_native"
ARSI023.fmx,AR/accounts-receivable,292608,997,74,38,9,2,1,113,"credentials,ddl_privilege,destructive,windows_native"
ARSIMPXLS_CST.fmx,AR/accounts-receivable,236696,853,27,35,9,2,0,89,"credentials,ddl_privilege,destructive,windows_native"
ARSIMPXLS_CST_NW.fmx,AR/accounts-receivable,237680,817,19,35,9,2,0,83,"credentials,ddl_privilege,destructive,windows_native"
ARSIMPXLS_SUB_CST.fmx,AR/accounts-receivable,176700,601,13,35,8,2,0,74,"credentials,ddl_privilege,destructive,windows_native"
ARSR001.fmx,AR/accounts-receivable,105864,365,15,16,3,1,0,47,"credentials,destructive"
ARSR002.fmx,AR/accounts-receivable,114708,389,19,16,3,1,0,47,"credentials,destructive"
ARSR003.fmx,AR/accounts-receivable,121396,421,21,16,3,1,0,57,"credentials,destructive,windows_native"
ARSR004.fmx,AR/accounts-receivable,122488,438,25,16,3,1,0,64,"credentials,destructive"
ARSR005.fmx,AR/accounts-receivable,198088,778,72,16,3,1,0,84,"credentials,ddl_privilege,destructive,windows_native"
ARSR009.fmx,AR/accounts-receivable,404552,1029,96,23,3,1,0,108,"credentials,ddl_privilege,destructive,dynamic_sql,windows_native"
ARSR010.fmx,AR/accounts-receivable,224564,883,98,18,4,1,0,99,"credentials,ddl_privilege,destructive,dynamic_sql"
ARSR011.fmx,AR/accounts-receivable,185552,683,73,16,3,1,0,73,"credentials,destructive,windows_native"
ARSR012.fmx,AR/accounts-receivable,208916,815,79,17,3,1,0,89,"credentials,destructive"
ARSR013.fmx,AR/accounts-receivable,122304,421,19,16,3,1,0,59,"credentials,destructive"
ARSR014.fmx,AR/accounts-receivable,154468,559,51,17,4,1,0,82,"credentials,destructive"
ARSR020.fmx,AR/accounts-receivable,187012,673,66,18,3,1,0,80,"credentials,destructive,windows_native"
ARSR021.fmx,AR/accounts-receivable,327468,1302,126,17,3,1,0,125,"credentials,destructive,windows_native"
ARSR022.fmx,AR/accounts-receivable,137304,486,36,16,3,1,0,60,"credentials,destructive"
ARSR023.fmx,AR/accounts-receivable,713632,2651,308,18,3,1,0,290,"credentials,ddl_privilege,destructive,windows_native"
ARSR024.fmx,AR/accounts-receivable,196572,762,71,16,3,1,0,83,"credentials,ddl_privilege,destructive,windows_native"
ARSR025.fmx,AR/accounts-receivable,266272,1073,129,17,3,1,0,88,"credentials,destructive,windows_native"
ARSR026.fmx,AR/accounts-receivable,206040,782,85,17,3,1,0,78,"credentials,destructive,windows_native"
ARSR027.fmx,AR/accounts-receivable,219348,849,79,16,3,1,0,76,"credentials,destructive"
ARSR029.fmx,AR/accounts-receivable,318604,1352,165,16,3,1,0,149,"credentials,destructive"
ARSR030.fmx,AR/accounts-receivable,154616,573,62,16,3,1,0,69,"credentials,destructive"
ARSR031.fmx,AR/accounts-receivable,210480,715,83,16,3,1,0,88,"credentials,destructive"
ARSR032.fmx,AR/accounts-receivable,161168,579,60,16,3,1,0,71,"credentials,destructive"
ARSR033.fmx,AR/accounts-receivable,216768,796,78,16,3,1,0,91,"credentials,destructive,windows_native"
ARSR034.fmx,AR/accounts-receivable,174644,587,50,16,3,1,0,91,"credentials,destructive"
ARSR035.fmx,AR/accounts-receivable,186308,677,77,17,3,1,0,76,"credentials,ddl_privilege,destructive,windows_native"
ARSR036.fmx,AR/accounts-receivable,277556,893,85,17,3,1,0,106,"credentials,ddl_privilege,destructive,dynamic_sql,windows_native"
ARSR037.fmx,AR/accounts-receivable,181448,693,61,16,3,1,0,73,"credentials,destructive,windows_native"
ARSR038.fmx,AR/accounts-receivable,162228,566,52,16,3,1,0,69,"credentials,destructive"
ARSR039.fmx,AR/accounts-receivable,166856,640,58,16,3,1,0,78,"credentials,destructive,windows_native"
ARSR041.fmx,AR/accounts-receivable,1356612,4737,488,35,3,2,0,645,"credentials,destructive,dynamic_sql,windows_native"
ARSR042.fmx,AR/accounts-receivable,292612,1125,143,16,3,1,0,112,"credentials,destructive"
ARSR043.fmx,AR/accounts-receivable,151132,543,57,16,3,1,0,68,"credentials,destructive"
ARSR044.fmx,AR/accounts-receivable,151436,664,68,16,3,1,0,79,"credentials,destructive"
ARSR045.fmx,AR/accounts-receivable,123080,424,25,16,3,1,0,57,"credentials,ddl_privilege,destructive"
ARSR046.fmx,AR/accounts-receivable,292440,1127,143,16,3,1,0,112,"credentials,destructive"
ARSS001.fmx,AR/accounts-receivable,330016,1280,84,34,14,1,0,250,"credentials,destructive,windows_native"
ARSS003.fmx,AR/accounts-receivable,162648,668,7,30,9,1,0,92,"credentials,ddl_privilege,destructive,windows_native"
ARSS004.fmx,AR/accounts-receivable,161684,572,22,33,8,1,0,62,"credentials,ddl_privilege,destructive,windows_native"
ARSS005.fmx,AR/accounts-receivable,213712,685,34,31,8,1,0,73,"credentials,ddl_privilege,destructive,dynamic_sql,windows_native"
ARSS006.fmx,AR/accounts-receivable,234488,769,49,35,8,1,0,75,"credentials,ddl_privilege,destructive,windows_native"
ARSS007.fmx,AR/accounts-receivable,166320,582,25,35,8,1,0,65,"credentials,ddl_privilege,destructive,windows_native"
ARSS008.fmx,AR/accounts-receivable,167124,598,29,35,8,1,0,81,"credentials,ddl_privilege,destructive,windows_native"
ARSS009.fmx,AR/accounts-receivable,203356,694,35,34,8,1,0,102,"credentials,ddl_privilege,destructive,windows_native"
ARSS010.fmx,AR/accounts-receivable,359480,1039,60,35,7,1,0,138,"credentials,ddl_privilege,destructive,windows_native"
ARSS011.fmx,AR/accounts-receivable,167544,573,27,32,8,1,0,64,"credentials,ddl_privilege,destructive,windows_native"
ARSS012.fmx,AR/accounts-receivable,815164,2110,157,38,7,2,0,173,"credentials,ddl_privilege,destructive,windows_native"
ARSS013.fmx,AR/accounts-receivable,604908,1302,72,38,6,3,0,107,"credentials,ddl_privilege,destructive,windows_native"
ARSS014.fmx,AR/accounts-receivable,259788,798,40,37,7,1,0,79,"credentials,ddl_privilege,destructive,windows_native"
ARSS015.fmx,AR/accounts-receivable,165832,575,23,33,8,1,0,65,"credentials,ddl_privilege,destructive,windows_native"
ARSS016.fmx,AR/accounts-receivable,160852,553,21,33,8,1,0,62,"credentials,ddl_privilege,destructive,windows_native"
ARSS017.fmx,AR/accounts-receivable,165996,599,28,33,8,1,0,82,"credentials,ddl_privilege,destructive,windows_native"
ARSS018.fmx,AR/accounts-receivable,699132,1969,141,38,7,2,0,161,"credentials,ddl_privilege,destructive,windows_native"
ARSS020.fmx,AR/accounts-receivable,195660,681,49,34,8,1,0,72,"credentials,ddl_privilege,destructive,windows_native"
ARSS021.fmx,AR/accounts-receivable,217440,684,23,31,8,1,0,74,"credentials,ddl_privilege,destructive,windows_native"
ARSS022.fmx,AR/accounts-receivable,161740,568,26,34,8,1,0,72,"credentials,ddl_privilege,destructive,windows_native"
ARSS024.fmx,AR/accounts-receivable,165568,581,25,33,8,1,0,77,"credentials,ddl_privilege,destructive,windows_native"
ARSS025.fmx,AR/accounts-receivable,162444,569,22,32,8,1,0,65,"credentials,ddl_privilege,destructive,windows_native"
ARSS026.fmx,AR/accounts-receivable,163944,574,24,32,8,1,0,64,"credentials,destructive,windows_native"
ARST001.fmx,AR/accounts-receivable,891720,2775,206,51,10,2,0,279,"credentials,ddl_privilege,destructive,windows_native"
ARST002.fmx,AR/accounts-receivable,1196672,3292,248,65,8,3,0,394,"credentials,destructive,windows_native"
ARST002_TO_CHEK.fmx,AR/accounts-receivable,919876,2656,214,59,8,3,0,319,"credentials,destructive,windows_native"
ARST003.fmx,AR/accounts-receivable,1630372,4547,381,70,10,7,4,520,"credentials,destructive,dynamic_sql,windows_native"
ARST004.fmx,AR/accounts-receivable,3562108,8491,659,98,12,10,6,849,"credentials,ddl_privilege,destructive,dynamic_sql,windows_native"
ARST005.fmx,AR/accounts-receivable,917236,2366,170,56,9,2,1,315,"credentials,ddl_privilege,destructive,windows_native"
ARST006.fmx,AR/accounts-receivable,2215572,5589,465,79,11,3,1,609,"credentials,ddl_privilege,destructive,windows_native"
ARST007.fmx,AR/accounts-receivable,858828,2081,142,56,10,1,0,279,"credentials,destructive,windows_native"
ARST008.fmx,AR/accounts-receivable,254776,846,53,36,7,1,0,93,"credentials,destructive,windows_native"
ARST009.fmx,AR/accounts-receivable,233288,929,75,36,9,1,0,99,"credentials,destructive,windows_native"
ARST010.fmx,AR/accounts-receivable,318384,982,61,44,8,1,0,124,"credentials,ddl_privilege,destructive,windows_native"
ARST011.fmx,AR/accounts-receivable,571876,1757,122,46,8,1,0,219,"credentials,ddl_privilege,destructive,dynamic_sql,windows_native"
ARST012.fmx,AR/accounts-receivable,430444,1394,111,50,8,1,0,204,"credentials,destructive,windows_native"
ARST013.fmx,AR/accounts-receivable,286332,909,68,40,8,1,0,115,"credentials,destructive,windows_native"
ARST014.fmx,AR/accounts-receivable,283316,1018,101,38,9,1,0,109,"credentials,destructive,windows_native"
ARST015.fmx,AR/accounts-receivable,367240,1053,77,39,8,1,0,139,"credentials,destructive,windows_native"
ARST016.fmx,AR/accounts-receivable,516772,1647,158,48,12,1,0,210,"credentials,destructive,windows_native"
ARST017.fmx,AR/accounts-receivable,325744,957,55,37,10,1,0,109,"credentials,destructive,windows_native"
ARST018.fmx,AR/accounts-receivable,306792,1075,77,35,8,11,10,121,"credentials,ddl_privilege,destructive,windows_native"
ARST019.fmx,AR/accounts-receivable,243644,845,63,38,10,16,15,129,"credentials,destructive,windows_native"
ARST020.fmx,AR/accounts-receivable,464424,1529,155,49,8,1,0,198,"credentials,destructive,windows_native"
ARST021.fmx,AR/accounts-receivable,243592,782,41,34,8,1,0,89,"credentials,ddl_privilege,destructive,windows_native"
ARST023.fmx,AR/accounts-receivable,1953308,4961,417,72,10,3,1,548,"credentials,ddl_privilege,destructive,windows_native"
ARST024.fmx,AR/accounts-receivable,353432,1129,86,39,8,1,0,146,"credentials,destructive,windows_native"
BGTR002.fmx,other,166332,704,69,17,3,1,0,101,"credentials,ddl_privilege,destructive,windows_native"
BGTR004.fmx,other,194644,773,64,17,3,1,0,92,"credentials,destructive,windows_native"
BGTT001.fmx,other,533440,1441,98,44,8,3,0,202,"credentials,destructive,windows_native"
BGTT002.fmx,other,432416,1257,97,43,8,3,0,171,"credentials,destructive,windows_native"
BGTT003.fmx,other,479968,1577,140,47,8,4,1,198,"credentials,ddl_privilege,destructive,windows_native,error_handling"
BGTT004 - 10022016.fmx,other,571216,1602,127,52,8,4,1,194,"credentials,destructive,windows_native"
BGTT004.fmx,other,693604,1903,130,55,8,4,1,223,"credentials,destructive,windows_native"
COMR001.fmx,other,289108,1111,146,16,3,1,0,109,"credentials,destructive,windows_native"
COMS001.fmx,other,480280,1309,36,39,8,1,0,135,"credentials,ddl_privilege,destructive,dynamic_sql,windows_native"
COMS002.fmx,other,469292,1293,36,38,8,1,0,135,"credentials,ddl_privilege,destructive,dynamic_sql,windows_native"
COMS003.fmx,other,409356,1154,35,37,8,1,0,113,"credentials,ddl_privilege,destructive,dynamic_sql,windows_native"
COMS004.fmx,other,459060,1274,37,37,8,1,0,130,"credentials,ddl_privilege,destructive,dynamic_sql,windows_native"
COMT001.fmx,other,481844,1381,52,42,8,1,0,145,"credentials,ddl_privilege,destructive,dynamic_sql,windows_native"
COMT002.fmx,other,461444,1359,51,40,8,1,0,144,"credentials,ddl_privilege,destructive,dynamic_sql,windows_native"
COMT003.fmx,other,443476,1260,54,40,8,1,0,137,"credentials,ddl_privilege,destructive,dynamic_sql,windows_native"
COMT004.fmx,other,457480,1336,49,40,8,1,0,136,"credentials,ddl_privilege,destructive,dynamic_sql,windows_native"
DTSI001.fmx,other,267316,825,24,34,8,1,0,85,"credentials,ddl_privilege,destructive,windows_native"
DTSI002.fmx,other,267112,823,24,33,8,1,0,82,"credentials,ddl_privilege,destructive,windows_native"
DTSI003.fmx,other,332608,1005,51,35,8,1,0,108,"credentials,ddl_privilege,destructive,windows_native"
DTSI004.fmx,other,377852,1174,59,37,10,1,0,125,"credentials,ddl_privilege,destructive,windows_native"
DTSI005.fmx,other,356512,1156,76,35,8,11,10,124,"credentials,ddl_privilege,destructive,windows_native"
DTSI006.fmx,other,154892,512,6,32,8,1,0,55,"credentials,ddl_privilege,destructive,windows_native"
DTSR001.fmx,other,272184,912,73,18,3,1,0,91,"credentials,destructive"
DTSR002.fmx,other,257060,848,61,19,3,1,0,92,"credentials,destructive"
DTSR003.fmx,other,257136,854,61,19,3,1,0,93,"credentials,destructive"
DTSR004.fmx,other,269184,897,71,19,3,1,0,92,"credentials,destructive"
DTSR005.fmx,other,256936,847,62,19,3,1,0,96,"credentials,destructive"
DTSR006.fmx,other,256916,847,62,19,3,1,0,96,"credentials,destructive"
DTSR007.fmx,other,242044,838,60,19,3,1,0,94,"credentials,destructive"
DTSR008.fmx,other,252324,828,43,19,3,1,0,93,"credentials,destructive"
DTSR009.fmx,other,167380,603,61,16,3,1,0,69,"credentials,destructive"
DTSR010.fmx,other,167352,603,61,16,3,1,0,69,"credentials,destructive"
DTSS001.fmx,other,251064,756,14,34,8,1,0,76,"credentials,ddl_privilege,destructive,windows_native"
DTSS002.fmx,other,266856,814,24,33,8,1,0,82,"credentials,ddl_privilege,destructive,windows_native"
DTSS003.fmx,other,268440,815,22,33,8,1,0,84,"credentials,ddl_privilege,destructive,windows_native"
DTSS006.fmx,other,249448,751,14,33,8,1,0,75,"credentials,ddl_privilege,destructive,windows_native"
DTST001.fmx,other,529200,1633,99,43,10,1,0,197,"credentials,ddl_privilege,destructive,windows_native"
DTST002.fmx,other,375404,1128,40,37,10,1,0,150,"credentials,ddl_privilege,destructive,windows_native"
DTST003.fmx,other,540844,1584,75,42,10,1,0,185,"credentials,ddl_privilege,destructive,windows_native"
DTST004.fmx,other,368476,1121,42,42,10,1,0,141,"credentials,ddl_privilege,destructive,windows_native"
DTST005.fmx,other,430756,1394,78,41,10,1,0,157,"credentials,ddl_privilege,destructive,windows_native"
DTST006.fmx,other,409464,1251,67,40,8,1,0,133,"credentials,ddl_privilege,destructive,windows_native"
DTST010.fmx,other,305676,871,12,37,9,1,0,107,"credentials,ddl_privilege,destructive,windows_native"
DTST020.fmx,other,764372,1816,97,42,29,1,0,266,"credentials,ddl_privilege,destructive,dynamic_sql,windows_native"
ERP_ALRT_SCR.fmx,other,47696,200,4,7,0,0,0,34,"destructive,windows_native"
ERP_APPRVD_SCR.fmx,other,74112,305,15,9,0,0,0,61,"destructive,windows_native"
ERP_Aud_Scr.fmx,other,52352,218,8,9,1,0,0,35,destructive
ERP_CODE_TRNS.fmx,other,320964,1099,75,46,8,17,16,144,"credentials,ddl_privilege,destructive,windows_native"
ERP_Checking.fmx,other,1161324,5009,2849,50,13,1,0,681,"credentials,ddl_privilege,destructive,windows_native"
ERP_DBA.fmx,other,9383476,3263,802,139,0,3,3,519,"credentials,ddl_privilege,destructive,dynamic_sql,windows_native,error_handling,session_control,network"
ERP_DBA_Cmp.fmx,other,13224812,40330,7796,110,85,3,3,3871,"credentials,ddl_privilege,destructive,dynamic_sql,windows_native,error_handling,session_control,network"
ERP_DBA_DFLT_DATA.fmx,other,2834172,10955,6756,62,11,2,2,1510,"credentials,ddl_privilege,destructive,dynamic_sql,windows_native,error_handling,network"
ERP_DBA_DFLT_DATA_LNG.fmx,other,3228568,21027,13298,9,4,1,1,763,"credentials,ddl_privilege,destructive,windows_native,error_handling"
ERP_DBA_DFLT_DATA_LNG_TURKEY.fmx,other,2608284,19493,11359,7,4,0,0,625,"ddl_privilege,destructive,windows_native"
ERP_DBA_DFLT_DATA_TRK.fmx,other,2847744,10953,6789,53,11,2,2,1520,"credentials,ddl_privilege,destructive,dynamic_sql,windows_native,error_handling,network"
ERP_DBA_TRK.fmx,other,9356324,2618,633,103,0,3,3,459,"credentials,ddl_privilege,destructive,windows_native,error_handling,session_control,network"
ERP_INACTV_SCR.fmx,other,39576,194,6,7,0,0,0,35,"destructive,windows_native"
ERP_Install.fmx,other,210028,742,22,3,1,2,1,109,"credentials,ddl_privilege,destructive,windows_native,error_handling"
ERP_JOURNAL.fmx,other,169464,567,9,34,8,1,0,55,"credentials,ddl_privilege,destructive,windows_native"
ERP_LOGIN - Copy.fmx,other,19840676,2281,104,26,5,11,7,244,"credentials,ddl_privilege,destructive,windows_native,session_control"
ERP_LOGIN.fmx,other,19840676,2281,104,26,5,11,7,244,"credentials,ddl_privilege,destructive,windows_native,session_control"
ERP_LOGIN_TST.fmx,other,19832996,2295,104,27,5,11,7,261,"credentials,ddl_privilege,destructive,windows_native,session_control,network"
ERP_REAL_TRNS.fmx,other,286132,990,69,38,8,17,16,130,"credentials,ddl_privilege,destructive,windows_native"
ERP_SCR.fmx,other,179988,828,26,5,4,0,0,114,"credentials,destructive,windows_native"
ERP_Update_New_Version6.fmx,other,9512680,66140,24543,96,94,2,1,4846,"credentials,ddl_privilege,destructive,dynamic_sql,windows_native,error_handling,network"
ERP_VRFY_SCR.fmx,other,40344,198,10,5,1,0,0,37,"destructive,dynamic_sql,windows_native"
EXP_REPORT_TO_EXCEEL.fmx,other,13632,36,0,0,0,1,0,7,
Erp_Dsh_Bord.fmx,other,197716,643,25,35,8,1,0,67,"credentials,ddl_privilege,destructive,windows_native"
FASDBA.fmx,GL/finance,394040,3437,336,25,8,0,0,300,"credentials,ddl_privilege,destructive,dynamic_sql,windows_native,error_handling"
FASI001.fmx,GL/finance,326896,996,29,42,9,2,1,112,"credentials,ddl_privilege,destructive,windows_native"
FASI002.fmx,GL/finance,376232,1106,36,41,8,2,1,111,"credentials,ddl_privilege,destructive,windows_native"
FASI003.fmx,GL/finance,303216,878,16,35,10,2,1,94,"credentials,ddl_privilege,destructive,windows_native"
FASI004.fmx,GL/finance,577192,1592,33,50,11,3,2,162,"credentials,ddl_privilege,destructive,windows_native"
FASI005.fmx,GL/finance,317268,914,8,35,10,1,0,98,"credentials,ddl_privilege,destructive,windows_native"
FASMNTDBA.fmx,GL/finance,635004,3357,316,31,37,1,0,312,"credentials,ddl_privilege,destructive,dynamic_sql,windows_native,error_handling"
FASR001.fmx,GL/finance,209652,601,11,19,3,1,0,80,"credentials,destructive"
FASR002.fmx,GL/finance,205756,585,11,18,3,1,0,74,"credentials,destructive"
FASR004.fmx,GL/finance,296444,801,21,22,3,2,1,93,"credentials,destructive"
FASR005.fmx,GL/finance,284856,822,12,24,3,1,0,112,"credentials,destructive"
FASR006.fmx,GL/finance,262600,725,13,23,3,1,0,86,"credentials,destructive"
FASR007.fmx,GL/finance,324160,861,23,26,3,1,0,112,"credentials,destructive"
FASR008.fmx,GL/finance,246324,690,12,23,3,1,0,87,"credentials,destructive"
FASR009.fmx,GL/finance,247268,694,12,23,3,1,0,90,"credentials,destructive"
FASR086.fmx,GL/finance,286164,809,16,24,3,1,0,105,"credentials,destructive"
FASR089.fmx,GL/finance,284640,801,16,24,3,1,0,103,"credentials,destructive"
FASR090.fmx,GL/finance,272556,761,16,23,3,1,0,95,"credentials,destructive"
FASR091.fmx,GL/finance,504436,1491,75,46,10,1,0,186,"credentials,destructive,windows_native"
FASS001.fmx,GL/finance,189904,660,15,34,8,1,0,68,"credentials,ddl_privilege,destructive,windows_native"
FASS002.fmx,GL/finance,259200,774,14,34,8,1,0,78,"credentials,ddl_privilege,destructive,windows_native"
FASS003.fmx,GL/finance,259344,776,14,34,8,1,0,79,"credentials,ddl_privilege,destructive,windows_native"
FASS004.fmx,GL/finance,283220,847,15,39,8,1,0,99,"credentials,ddl_privilege,destructive,windows_native"
FASS085.fmx,GL/finance,156700,536,16,33,8,1,0,54,"credentials,ddl_privilege,destructive,windows_native"
FASS086.fmx,GL/finance,174292,584,22,35,8,1,0,57,"credentials,ddl_privilege,destructive,windows_native"
FAST001.fmx,GL/finance,311876,914,17,36,8,1,0,91,"credentials,ddl_privilege,destructive,windows_native"
FAST002.fmx,GL/finance,532044,1529,70,51,13,2,1,190,"credentials,destructive,windows_native"
FAST003.fmx,GL/finance,506804,1463,65,52,13,1,0,192,"credentials,destructive,windows_native"
FAST004.fmx,GL/finance,463596,1330,46,51,12,1,0,164,"credentials,destructive,windows_native"
FAST005.fmx,GL/finance,393980,1152,38,44,13,1,0,139,"credentials,destructive,windows_native"
FAST006.fmx,GL/finance,362496,1073,21,45,8,2,1,138,"credentials,destructive,windows_native"
FAST007.fmx,GL/finance,374508,1071,20,40,10,1,0,123,"credentials,ddl_privilege,destructive,windows_native"
FAST008.fmx,GL/finance,432716,1339,57,47,13,2,1,166,"credentials,destructive,windows_native"
FAST009.fmx,GL/finance,424032,1225,26,47,13,1,0,151,"credentials,destructive,windows_native"
FAST010.fmx,GL/finance,382800,1083,25,47,11,1,0,140,"credentials,ddl_privilege,destructive,windows_native"
FAST012.fmx,GL/finance,407424,1173,25,46,11,2,1,147,"credentials,ddl_privilege,destructive,windows_native"
FAST086.fmx,GL/finance,376696,1212,59,41,10,1,0,144,"credentials,destructive,windows_native"
FAST087.fmx,GL/finance,495860,1503,70,47,10,1,0,183,"credentials,destructive,windows_native"
FAST088.fmx,GL/finance,482188,1463,73,44,10,1,0,181,"credentials,destructive,windows_native"
FAST088t.fmx,GL/finance,501212,1486,75,46,10,1,0,187,"credentials,destructive,windows_native"
FAST088tt.fmx,GL/finance,508412,1485,74,46,10,1,0,184,"credentials,destructive,windows_native"
FAST089.fmx,GL/finance,659924,3535,352,30,37,1,0,330,"credentials,ddl_privilege,destructive,dynamic_sql,windows_native,error_handling"
FAST091.fmx,GL/finance,494280,1443,70,46,10,1,0,179,"credentials,destructive,windows_native"
FAST092.fmx,GL/finance,504780,1491,75,46,10,1,0,186,"credentials,destructive,windows_native"
FAST093.fmx,GL/finance,508244,1508,75,46,10,1,0,187,"credentials,destructive,windows_native"
FASUPGRADE.fmx,GL/finance,97180,299,42,2,0,0,0,62,"destructive,windows_native"
FAS_AS_TRNS.fmx,GL/finance,164516,535,7,35,8,0,0,55,"credentials,ddl_privilege,destructive,windows_native"
FAS_BARCODE.fmx,GL/finance,297736,897,21,40,9,2,0,100,"credentials,ddl_privilege,destructive,dynamic_sql,windows_native"
FAS_BARCODE_TMP.fmx,GL/finance,290868,875,19,39,9,2,0,98,"credentials,ddl_privilege,destructive,dynamic_sql,windows_native"
FAS_IMP_XLS_ASSETS.fmx,GL/finance,215516,862,13,37,8,2,0,82,"credentials,ddl_privilege,destructive,windows_native"
FAS_IMP_XLS_GRP.fmx,GL/finance,184604,665,12,36,8,2,0,63,"credentials,ddl_privilege,destructive,windows_native"
FAS_IMP_XLS_LOC.fmx,GL/finance,183456,666,13,36,8,2,0,67,"credentials,ddl_privilege,destructive,windows_native"
FMSI001.fmx,other,157804,532,14,33,8,1,0,52,"credentials,ddl_privilege,destructive,windows_native"
FMSI002.fmx,other,219392,782,36,34,8,1,0,68,"credentials,ddl_privilege,destructive,windows_native"
FMSI004.fmx,other,175624,630,26,33,8,1,0,57,"credentials,ddl_privilege,destructive,windows_native"
FMSI005.fmx,other,177712,619,20,32,8,1,0,65,"credentials,ddl_privilege,destructive,windows_native"
FMSR001.fmx,other,208584,662,35,18,3,1,0,80,"credentials,destructive,windows_native"
FMSR002.fmx,other,202700,615,19,18,3,1,0,78,"credentials,destructive"
FMSR004.fmx,other,203440,622,22,17,3,1,0,81,"credentials,destructive"
FMSR005.fmx,other,215132,666,30,17,3,1,0,85,"credentials,destructive"
FMSR006.fmx,other,202812,617,22,17,3,1,0,78,"credentials,destructive"
FMSS001.fmx,other,158580,531,12,33,8,1,0,55,"credentials,ddl_privilege,destructive,windows_native"
FMSS002.fmx,other,178484,576,15,33,10,1,0,56,"credentials,ddl_privilege,destructive,windows_native"
FMSS003.fmx,other,158448,535,14,33,8,1,0,52,"credentials,ddl_privilege,destructive,windows_native"
FMSS004.fmx,other,158160,531,14,33,8,1,0,58,"credentials,ddl_privilege,destructive,windows_native"
FMSS005.fmx,other,158808,535,14,33,8,1,0,52,"credentials,ddl_privilege,destructive,windows_native"
FMST001.fmx,other,204272,653,33,34,8,1,0,67,"credentials,ddl_privilege,destructive,windows_native"
FMST002.fmx,other,333616,979,71,35,10,1,0,130,"credentials,ddl_privilege,destructive,windows_native"
FMST003.fmx,other,199144,650,33,34,8,1,0,62,"credentials,ddl_privilege,destructive,windows_native"
FNGI005.fmx,GL/finance,545652,1392,23,43,11,1,0,114,"credentials,ddl_privilege,destructive,dynamic_sql,windows_native"
FNGI007.fmx,GL/finance,656728,1470,22,37,8,1,0,187,"credentials,ddl_privilege,destructive,windows_native"
FNGI008.fmx,GL/finance,1029160,2593,57,44,8,4,1,259,"credentials,ddl_privilege,destructive,dynamic_sql,windows_native"
FNGI008_.fmx,GL/finance,894752,2193,43,44,8,2,0,227,"credentials,ddl_privilege,destructive,dynamic_sql,windows_native"
FNGI008__.fmx,GL/finance,686876,1612,27,41,8,2,0,204,"credentials,ddl_privilege,destructive,windows_native"
FNGI009.fmx,GL/finance,348020,991,24,38,10,1,0,94,"credentials,ddl_privilege,destructive,windows_native"
FNGI010.fmx,GL/finance,439980,1297,34,37,10,1,0,150,"credentials,ddl_privilege,destructive,windows_native"
FNGR001.fmx,GL/finance,116392,384,11,16,3,1,0,54,"credentials,destructive"
FNGR001__.fmx,GL/finance,116392,384,11,16,3,1,0,54,"credentials,destructive"
FNGR002.fmx,GL/finance,146352,466,22,18,3,1,0,52,"credentials,destructive"
FNGR007.fmx,GL/finance,138256,456,24,16,3,1,0,54,"credentials,destructive"
FNGR010.fmx,GL/finance,161052,497,26,17,3,2,1,55,"credentials,destructive"
FNGR011.fmx,GL/finance,135232,445,24,17,3,1,0,54,"credentials,destructive"
FNGR012.fmx,GL/finance,145220,479,19,17,3,1,0,57,"credentials,destructive"
FNGR030.fmx,GL/finance,414968,1218,59,21,3,1,0,119,"credentials,destructive,dynamic_sql,windows_native"
FNGR031.fmx,GL/finance,131240,434,23,16,3,1,0,50,"credentials,destructive"
FNGS001.fmx,GL/finance,196060,596,18,34,8,1,0,77,"credentials,ddl_privilege,destructive,windows_native"
FNGS003.fmx,GL/finance,338020,993,20,41,10,1,0,98,"credentials,ddl_privilege,destructive,windows_native"
FNGS006.fmx,GL/finance,288036,880,20,36,8,1,0,96,"credentials,ddl_privilege,destructive,windows_native"
FNGS007.fmx,GL/finance,446548,1147,23,41,11,1,0,101,"credentials,ddl_privilege,destructive,windows_native"
FNGT005.fmx,GL/finance,455092,1220,31,47,10,1,0,123,"credentials,ddl_privilege,destructive,windows_native"
FNGT006.fmx,GL/finance,492016,1246,27,51,10,1,0,123,"credentials,ddl_privilege,destructive,windows_native"
FNGT007.fmx,GL/finance,480400,1306,33,46,10,1,0,123,"credentials,ddl_privilege,destructive,windows_native"
FNGT020.fmx,GL/finance,518948,1347,45,48,8,1,0,165,"credentials,ddl_privilege,destructive,dynamic_sql,windows_native"
FNGT021.fmx,GL/finance,321304,939,20,39,8,1,0,98,"credentials,ddl_privilege,destructive,windows_native"
GENIMPXLS_AC.fmx,other,198032,691,14,34,8,2,0,68,"credentials,ddl_privilege,destructive,windows_native"
GENIMPXLS_ACTV.fmx,other,178524,575,12,34,8,2,0,71,"credentials,ddl_privilege,destructive,windows_native"
GENIMPXLS_ACTV_PJ.fmx,other,177064,582,12,37,8,2,0,71,"credentials,ddl_privilege,destructive,windows_native"
GENIMPXLS_CC.fmx,other,182260,591,13,34,8,2,0,64,"credentials,ddl_privilege,destructive,windows_native"
GENIMPXLS_PJ.fmx,other,178992,577,12,34,8,2,0,70,"credentials,ddl_privilege,destructive,windows_native"
GENS001.fmx,other,279264,1084,171,34,8,2,0,151,"credentials,ddl_privilege,destructive,windows_native"
GENS002.fmx,other,175364,567,16,34,8,1,0,63,"credentials,ddl_privilege,destructive,windows_native"
GENS003.fmx,other,203544,669,23,37,8,1,0,67,"credentials,ddl_privilege,destructive,windows_native"
GENS004.fmx,other,219900,710,34,36,8,1,0,79,"credentials,ddl_privilege,destructive,windows_native"
GENS005.fmx,other,171028,619,35,33,8,1,0,61,"credentials,ddl_privilege,destructive,windows_native"
GENS006.fmx,other,166692,581,28,33,8,1,0,62,"credentials,ddl_privilege,destructive,windows_native"
GENS007.fmx,other,168652,608,33,33,8,1,0,61,"credentials,ddl_privilege,destructive,windows_native"
GENS008.fmx,other,174612,598,23,33,8,1,0,66,"credentials,ddl_privilege,destructive,windows_native"
GENS009.fmx,other,232660,811,65,35,8,1,0,88,"credentials,ddl_privilege,destructive,windows_native"
GENS010.fmx,other,166304,579,19,33,8,1,0,61,"credentials,ddl_privilege,destructive,windows_native"
GENS011.fmx,other,305584,925,26,41,8,2,1,97,"credentials,destructive,dynamic_sql,windows_native"
GENS012.fmx,other,994112,2656,59,57,10,4,3,258,"credentials,ddl_privilege,destructive,windows_native,network"
GENS012_11-10-2016.fmx,other,966784,2598,55,57,10,4,3,250,"credentials,ddl_privilege,destructive,windows_native,network"
GENS013.fmx,other,162760,587,23,35,8,1,0,64,"credentials,ddl_privilege,destructive,windows_native"
GENS014.fmx,other,186052,603,14,34,8,1,0,68,"credentials,ddl_privilege,destructive,windows_native"
GENS015.fmx,other,160932,556,21,33,8,1,0,59,"credentials,ddl_privilege,destructive,windows_native"
GENS016.fmx,other,299936,892,16,37,10,1,0,90,"credentials,ddl_privilege,destructive,windows_native"
GENS017.fmx,other,339532,979,19,37,10,1,0,97,"credentials,ddl_privilege,destructive,windows_native"
GENS018.fmx,other,171244,537,9,34,8,1,0,56,"credentials,ddl_privilege,destructive,windows_native"
GENS019.fmx,other,319268,928,22,36,10,1,0,98,"credentials,ddl_privilege,destructive,windows_native"
GENS020.fmx,other,162744,586,23,35,8,1,0,64,"credentials,ddl_privilege,destructive,windows_native"
GLSI001.fmx,GL/finance,654656,1859,213,44,12,5,2,216,"credentials,ddl_privilege,destructive,dynamic_sql,windows_native"
GLSI002.fmx,GL/finance,224456,697,46,34,8,1,0,76,"credentials,ddl_privilege,destructive,windows_native"
GLSI003.fmx,GL/finance,318048,986,56,36,8,2,1,126,"credentials,ddl_privilege,destructive,windows_native"
GLSI004.fmx,GL/finance,283308,921,52,36,8,2,1,116,"credentials,ddl_privilege,destructive,windows_native"
GLSI005.fmx,GL/finance,340456,1050,57,36,9,3,2,122,"credentials,ddl_privilege,destructive,windows_native"
GLSI007.fmx,GL/finance,193308,662,30,36,8,1,0,80,"credentials,ddl_privilege,destructive,windows_native"
GLSI008.fmx,GL/finance,195756,653,38,35,8,1,0,78,"credentials,ddl_privilege,destructive,windows_native"
GLSI009.fmx,GL/finance,195092,676,34,36,8,1,0,84,"credentials,ddl_privilege,destructive,windows_native"
GLSI010.fmx,GL/finance,510480,1403,98,42,8,3,0,199,"credentials,destructive,windows_native"
GLSI011.fmx,GL/finance,593660,1939,194,50,9,3,1,216,"credentials,ddl_privilege,destructive,windows_native"
GLSI012.fmx,GL/finance,306860,954,73,38,8,2,0,99,"credentials,ddl_privilege,destructive,windows_native"
GLSI013.fmx,GL/finance,606804,1344,48,42,10,1,0,138,"credentials,ddl_privilege,destructive,dynamic_sql,windows_native"
GLSI0131.fmx,GL/finance,386548,945,47,39,9,1,0,101,"credentials,ddl_privilege,destructive,windows_native"
GLSI014.fmx,GL/finance,537544,1537,72,42,8,2,1,160,"credentials,ddl_privilege,destructive,windows_native"
GLSI014_NEW.fmx,GL/finance,507544,1489,65,41,8,2,1,154,"credentials,ddl_privilege,destructive,windows_native"
GLSI016.fmx,GL/finance,360172,1159,112,40,9,1,0,154,"credentials,ddl_privilege,destructive,windows_native"
GLSI017.fmx,GL/finance,232016,776,41,32,8,2,1,87,"credentials,ddl_privilege,destructive,windows_native"
GLSR001.fmx,GL/finance,148804,569,35,19,3,1,0,96,"credentials,destructive,windows_native"
GLSR002.fmx,GL/finance,117300,405,24,17,3,1,0,51,"credentials,destructive"
GLSR003.fmx,GL/finance,152316,613,50,16,3,1,0,95,"credentials,ddl_privilege,destructive"
GLSR00333.fmx,GL/finance,145624,530,46,16,3,1,0,81,"credentials,destructive"
GLSR004.fmx,GL/finance,192556,771,61,17,4,1,0,91,"credentials,destructive,windows_native"
GLSR005.fmx,GL/finance,221132,933,71,18,3,1,0,114,"credentials,destructive,windows_native"
GLSR006.fmx,GL/finance,215632,836,71,20,4,1,0,139,"credentials,ddl_privilege,destructive,dynamic_sql,windows_native"
GLSR007.fmx,GL/finance,231404,953,76,18,3,1,0,117,"credentials,destructive,windows_native"
GLSR008.fmx,GL/finance,180580,604,47,20,3,1,0,90,"credentials,destructive"
GLSR009.fmx,GL/finance,119080,414,23,16,3,1,0,65,"credentials,destructive"
GLSR010.fmx,GL/finance,159580,611,131,19,10,1,0,123,"credentials,ddl_privilege,destructive,dynamic_sql,windows_native"
GLSR011.fmx,GL/finance,116540,421,28,17,3,1,0,64,"credentials,destructive"
GLSR012.fmx,GL/finance,865132,3141,308,30,5,2,1,276,"credentials,ddl_privilege,destructive,dynamic_sql,windows_native,error_handling"
GLSR012_Under_test.fmx,GL/finance,861172,3124,306,30,5,2,1,276,"credentials,ddl_privilege,destructive,dynamic_sql,windows_native,error_handling"
GLSR012_adb.fmx,GL/finance,863252,3114,307,30,5,2,1,277,"credentials,ddl_privilege,destructive,dynamic_sql,windows_native,error_handling"
GLSR012new.fmx,GL/finance,858088,3088,306,30,5,2,1,263,"credentials,ddl_privilege,destructive,dynamic_sql,windows_native,error_handling"
GLSR013.fmx,GL/finance,265688,995,72,19,3,2,1,116,"credentials,destructive,windows_native"
GLSR016.fmx,GL/finance,218696,898,96,18,7,1,0,120,"credentials,destructive,windows_native"
GLSR018.fmx,GL/finance,167460,508,17,22,3,1,0,74,"credentials,destructive,windows_native"
GLSR023.fmx,GL/finance,337440,823,58,22,3,1,0,96,"credentials,destructive,windows_native"
GLSR024.fmx,GL/finance,109480,378,23,17,3,1,0,66,"credentials,destructive"
GLSR028.fmx,GL/finance,114684,379,18,15,3,1,0,47,"credentials,destructive"
GLSR029.fmx,GL/finance,150000,462,27,19,3,1,0,70,"credentials,destructive,windows_native"
GLSR030.fmx,GL/finance,117340,393,20,16,3,1,0,57,"credentials,destructive"
GLSR033.fmx,GL/finance,195024,742,105,19,4,1,0,110,"credentials,ddl_privilege,destructive,dynamic_sql,windows_native"
GLSR043.fmx,GL/finance,171812,642,84,18,4,1,0,97,"credentials,ddl_privilege,destructive,dynamic_sql,windows_native"
GLSS001.fmx,GL/finance,239312,879,34,33,20,1,0,109,"credentials,ddl_privilege,destructive,windows_native"
GLSS002.fmx,GL/finance,182412,612,25,34,8,1,0,71,"credentials,ddl_privilege,destructive,windows_native"
GLSS004.fmx,GL/finance,253284,758,44,31,10,1,0,83,"credentials,ddl_privilege,destructive,windows_native"
GLSS007.fmx,GL/finance,186280,602,27,33,8,1,0,55,"credentials,ddl_privilege,destructive,windows_native"
GLSS009.fmx,GL/finance,182728,614,28,32,8,1,0,66,"credentials,ddl_privilege,destructive,windows_native"
GLSS011.fmx,GL/finance,176448,590,23,34,8,1,0,63,"credentials,ddl_privilege,destructive,windows_native"
GLSS012.fmx,GL/finance,264596,796,19,35,8,1,0,82,"credentials,ddl_privilege,destructive,windows_native"
GLSS014.fmx,GL/finance,167488,575,17,32,8,1,0,57,"credentials,ddl_privilege,destructive,windows_native"
GLSS016.fmx,GL/finance,157048,537,16,34,8,1,0,57,"credentials,ddl_privilege,destructive,windows_native"
GLSS017.fmx,GL/finance,161940,561,22,33,8,1,0,60,"credentials,ddl_privilege,destructive,windows_native"
GLSS018.fmx,GL/finance,161232,563,22,33,8,1,0,63,"credentials,ddl_privilege,destructive,windows_native"
GLST001.fmx,GL/finance,1575120,4397,364,77,9,15,13,406,"credentials,ddl_privilege,destructive,windows_native,error_handling"
GLST00111.fmx,GL/finance,1322704,3687,305,70,9,15,13,342,"credentials,destructive,windows_native"
GLST002.fmx,GL/finance,1610832,4390,346,71,13,21,19,465,"credentials,destructive,windows_native"
GLST00211.fmx,GL/finance,1251160,3501,319,68,12,21,19,413,"credentials,destructive,windows_native"
GLST003.fmx,GL/finance,248340,839,51,42,8,1,0,114,"credentials,ddl_privilege,destructive,windows_native"
GLST004.fmx,GL/finance,1485704,3915,323,70,13,4,3,440,"credentials,destructive,windows_native"
GLST005.fmx,GL/finance,364776,1229,79,47,8,2,1,159,"credentials,ddl_privilege,destructive,windows_native"
GLST006.fmx,GL/finance,370324,1241,80,49,8,2,1,157,"credentials,ddl_privilege,destructive,windows_native"
GLST007.fmx,GL/finance,240204,821,34,36,12,1,0,106,"credentials,ddl_privilege,destructive,windows_native"
GLST008.fmx,GL/finance,621272,1535,82,49,15,1,0,201,"credentials,ddl_privilege,destructive,windows_native"
GLST009.fmx,GL/finance,311196,978,62,43,8,2,1,132,"credentials,ddl_privilege,destructive,windows_native"
GLST010.fmx,GL/finance,878620,2380,156,60,10,21,20,288,"credentials,destructive,windows_native"
GLST013.fmx,GL/finance,216728,713,30,36,8,1,0,87,"credentials,ddl_privilege,destructive,windows_native"
GLST014.fmx,GL/finance,345500,1376,105,39,13,39,38,193,"credentials,ddl_privilege,destructive,dynamic_sql,windows_native,error_handling"
GLST015.fmx,GL/finance,302928,1014,54,41,12,34,33,155,"credentials,ddl_privilege,destructive,windows_native"
GLST016.fmx,GL/finance,346368,1087,81,40,8,1,0,150,"credentials,ddl_privilege,destructive,windows_native"
GLST017.fmx,GL/finance,1251156,3594,278,69,8,16,14,362,"credentials,ddl_privilege,destructive,windows_native"
GLST01711.fmx,GL/finance,1167564,3287,268,66,8,16,14,346,"credentials,ddl_privilege,destructive,windows_native"
GLST018.fmx,GL/finance,1473320,3993,316,66,12,22,21,430,"credentials,ddl_privilege,destructive,windows_native"
GLST0181.fmx,GL/finance,1200084,3348,285,63,11,22,21,383,"credentials,ddl_privilege,destructive,windows_native"
GLST01811.fmx,GL/finance,1210500,3347,285,64,11,22,21,385,"credentials,ddl_privilege,destructive,windows_native"
GLST020.fmx,GL/finance,629636,2914,251,72,34,38,37,445,"credentials,ddl_privilege,destructive,dynamic_sql,windows_native,error_handling"
GLST021.fmx,GL/finance,268008,839,53,35,8,1,0,94,"credentials,ddl_privilege,destructive,windows_native"
GRNTR001.fmx,other,135536,466,27,17,3,1,0,54,"credentials,destructive"
GRNTR004.fmx,other,127424,440,24,16,3,1,0,55,"credentials,destructive"
GRNTR005.fmx,other,128268,449,25,16,3,1,0,54,"credentials,destructive"
GRNTS002.fmx,other,157824,535,18,33,8,1,0,55,"credentials,ddl_privilege,destructive,windows_native"
GRNTT001.fmx,other,691408,2001,164,60,10,2,1,234,"credentials,ddl_privilege,destructive,windows_native"
GRNTT002.fmx,other,921448,2375,168,62,10,2,1,261,"credentials,destructive,dynamic_sql,windows_native"
GRNTT003.fmx,other,607164,1810,146,55,9,2,1,217,"credentials,destructive,windows_native"
GRNTT004.fmx,other,603732,1725,122,51,8,1,0,190,"credentials,ddl_privilege,destructive,windows_native"
GRNTT005.fmx,other,373864,1257,92,48,8,1,0,124,"credentials,ddl_privilege,destructive,windows_native"
GRNTT006.fmx,other,310912,1010,38,45,8,1,0,90,"credentials,ddl_privilege,destructive,windows_native"
HRSADMT006.fmx,HR,170256,565,14,34,10,1,0,84,"ddl_privilege,destructive,windows_native"
HRSALNCR002.fmx,HR,314272,1001,12,22,3,1,0,99,"credentials,destructive"
HRSALNCT001.fmx,HR,586864,1541,44,52,10,1,0,196,"credentials,ddl_privilege,destructive,windows_native"
HRSALNCT002.fmx,HR,696264,1704,69,54,10,1,0,217,"credentials,ddl_privilege,destructive,dynamic_sql,windows_native"
HRSDOCI003.fmx,HR,414240,1162,29,37,10,2,1,108,"credentials,ddl_privilege,destructive,windows_native"
HRSDOCR005.fmx,HR,270836,731,12,21,3,1,0,84,"credentials,destructive"
HRSDOCS001.fmx,HR,318064,924,17,36,10,1,0,95,"credentials,ddl_privilege,destructive,windows_native"
HRSDOCS002.fmx,HR,287832,865,15,36,10,1,0,87,"credentials,ddl_privilege,destructive,windows_native"
HRSDOCT004.fmx,HR,411780,1136,22,42,10,1,0,125,"credentials,ddl_privilege,destructive,windows_native"
HRSDSNR002.fmx,HR,254156,727,12,19,3,1,0,76,"credentials,destructive"
HRSDSNR005.fmx,HR,270656,769,12,22,3,1,0,83,"credentials,destructive"
HRSDSNR007.fmx,HR,260056,745,12,19,3,1,0,77,"credentials,destructive"
HRSDSNT002.fmx,HR,400280,1122,25,42,10,1,0,132,"credentials,ddl_privilege,destructive,windows_native"
HRSDSNT005.fmx,HR,646644,1626,54,53,10,1,0,208,"credentials,ddl_privilege,destructive,windows_native"
HRSDSNT007.fmx,HR,600984,1559,46,55,10,2,0,199,"credentials,ddl_privilege,destructive,windows_native"
HRSEVLI001.fmx,HR,343808,1011,20,36,10,1,0,104,"credentials,ddl_privilege,destructive,windows_native"
HRSEVLI002.fmx,HR,357696,1040,18,37,10,1,0,108,"credentials,ddl_privilege,destructive,dynamic_sql,windows_native"
HRSEVLR001.fmx,HR,266012,757,14,22,3,1,0,85,"credentials,destructive"
HRSEVLS001.fmx,HR,319136,941,17,37,10,1,0,107,"credentials,ddl_privilege,destructive,windows_native"
HRSEVLT001.fmx,HR,445216,1195,28,42,10,1,0,139,"credentials,ddl_privilege,destructive,windows_native"
HRSI002.fmx,HR,293012,893,18,35,8,1,0,86,"credentials,ddl_privilege,destructive,windows_native"
HRSI003.fmx,HR,293392,898,18,36,8,1,0,89,"credentials,ddl_privilege,destructive,windows_native"
HRSI004.fmx,HR,321876,953,19,43,8,1,0,114,"credentials,ddl_privilege,destructive,windows_native"
HRSI005.fmx,HR,325948,957,16,36,10,1,0,95,"credentials,ddl_privilege,destructive,windows_native"
HRSI006.fmx,HR,409684,1109,23,44,10,1,0,104,"credentials,ddl_privilege,destructive,windows_native"
HRSI007.fmx,HR,363172,1042,24,42,8,1,0,119,"credentials,ddl_privilege,destructive,windows_native"
HRSI012.fmx,HR,426524,1215,36,49,10,2,0,136,"credentials,ddl_privilege,destructive,windows_native"
HRSIMPXLS_ARTCL.fmx,HR,188124,681,9,36,8,2,0,74,"credentials,ddl_privilege,destructive,windows_native"
HRSIRCS001.fmx,HR,330656,965,21,37,10,1,0,100,"credentials,ddl_privilege,destructive,windows_native"
HRSIRCS002.fmx,HR,323944,957,18,35,10,1,0,94,"credentials,ddl_privilege,destructive,windows_native"
HRSIRCT007.fmx,HR,320344,990,15,36,8,1,0,111,"credentials,ddl_privilege,destructive,windows_native"
HRSMDCI001.fmx,HR,301256,925,21,36,8,1,0,87,"credentials,ddl_privilege,destructive,windows_native"
HRSMDCR001.fmx,HR,363916,941,14,24,4,2,1,100,"credentials,destructive,dynamic_sql,windows_native"
HRSMDCR002.fmx,HR,364656,942,14,25,4,2,1,104,"credentials,destructive,dynamic_sql,windows_native"
HRSMDCR003.fmx,HR,432576,1095,16,24,4,2,1,105,"credentials,destructive,dynamic_sql,windows_native"
HRSMDCR004.fmx,HR,363916,941,14,24,4,2,1,100,"credentials,destructive,dynamic_sql,windows_native"
HRSMDCS001.fmx,HR,271536,828,17,34,8,1,0,81,"credentials,ddl_privilege,destructive,windows_native"
HRSMDCS002.fmx,HR,268788,820,17,34,8,1,0,84,"credentials,ddl_privilege,destructive,windows_native"
HRSMDCS003.fmx,HR,346688,998,22,38,8,1,0,98,"credentials,ddl_privilege,destructive,windows_native"
HRSMDCT001.fmx,HR,514776,1430,30,62,12,1,0,202,"credentials,destructive,windows_native"
HRSPST001.fmx,HR,410888,1150,27,47,14,1,0,136,"credentials,destructive,windows_native"
HRSR002.fmx,HR,287180,825,16,26,3,1,0,103,"credentials,destructive"
HRSR003.fmx,HR,292792,814,13,20,3,2,1,93,"credentials,destructive"
HRSR004.fmx,HR,367828,899,17,26,4,1,0,105,"credentials,destructive,dynamic_sql"
HRSR005.fmx,HR,216744,632,15,19,3,1,0,75,"credentials,destructive"
HRSR006.fmx,HR,217536,628,15,19,3,1,0,82,"credentials,destructive"
HRSR007.fmx,HR,419452,1196,26,22,3,3,2,122,"credentials,destructive,windows_native"
HRSR008.fmx,HR,4096,0,0,0,0,0,0,0,
HRSR009.fmx,HR,301736,945,21,26,3,2,1,115,"credentials,destructive"
HRSR010.fmx,HR,253572,755,14,22,3,2,1,89,"credentials,destructive"
HRSR011.fmx,HR,290276,865,16,23,3,2,1,92,"credentials,destructive,windows_native"
HRSR012.fmx,HR,288220,839,15,23,3,2,1,89,"credentials,destructive,windows_native"
HRSR013.fmx,HR,327816,1085,26,23,3,2,1,111,"credentials,destructive"
HRSR014.fmx,HR,364168,1180,35,23,3,1,0,114,"credentials,destructive"
HRSR014_NEW.fmx,HR,363504,1169,35,23,3,1,0,111,"credentials,destructive"
HRSR015.fmx,HR,251756,765,15,22,3,2,1,88,"credentials,destructive,windows_native"
HRSR016.fmx,HR,252356,755,15,20,3,1,0,83,"credentials,destructive,windows_native"
HRSR017.fmx,HR,271092,840,15,20,3,1,0,83,"credentials,destructive,windows_native"
HRSR018.fmx,HR,261624,775,15,20,3,1,0,80,"credentials,destructive,windows_native"
HRSR019.fmx,HR,390164,1044,21,25,4,2,1,110,"credentials,destructive,dynamic_sql,windows_native"
HRSR020.fmx,HR,409704,1129,18,24,6,1,0,102,"credentials,destructive,dynamic_sql"
HRSR021.fmx,HR,255316,765,15,23,3,2,1,95,"credentials,destructive,windows_native"
HRSR022.fmx,HR,275844,891,15,22,5,1,0,97,"credentials,destructive,windows_native"
HRSR023.fmx,HR,340344,1076,37,27,3,1,0,129,"credentials,destructive,dynamic_sql,windows_native"
HRSR024.fmx,HR,233528,700,23,22,3,1,0,98,"credentials,destructive"
HRSR025.fmx,HR,296784,1001,29,22,3,1,0,99,"credentials,destructive"
HRSR026.fmx,HR,255144,726,13,17,3,1,0,79,"credentials,destructive"
HRSR027.fmx,HR,214828,667,40,19,3,1,0,66,"credentials,destructive,dynamic_sql,error_handling"
HRSR028.fmx,HR,131012,432,21,17,3,1,0,57,"credentials,destructive"
HRSR029.fmx,HR,143640,479,24,17,3,1,0,59,"credentials,destructive"
HRSR030.fmx,HR,147460,492,24,17,3,1,0,60,"credentials,destructive"
HRSR031.fmx,HR,136536,448,19,17,3,1,0,57,"credentials,destructive"
HRSR032.fmx,HR,359932,1023,23,23,3,2,1,97,"credentials,destructive,windows_native"
HRSR047.fmx,HR,354480,1020,21,23,3,2,1,98,"credentials,destructive,windows_native"
HRSR048.fmx,HR,357344,870,16,23,4,1,0,92,"credentials,destructive,dynamic_sql"
HRSRCUI001.fmx,HR,357396,976,18,38,10,1,0,109,"credentials,ddl_privilege,destructive,windows_native"
HRSRCUI002.fmx,HR,326952,915,20,37,8,1,0,93,"credentials,ddl_privilege,destructive,windows_native"
HRSRCUI003.fmx,HR,271936,826,20,35,8,1,0,90,"credentials,ddl_privilege,destructive,windows_native"
HRSRCUR001.fmx,HR,242592,742,11,20,3,2,1,80,"credentials,destructive"
HRSRCUR002.fmx,HR,242592,742,11,20,3,2,1,80,"credentials,destructive"
HRSRCUR004.fmx,HR,252396,772,13,20,3,2,1,78,"credentials,destructive"
HRSRCUR005.fmx,HR,267276,781,11,20,3,2,1,80,"credentials,destructive"
HRSRCUR006.fmx,HR,267276,781,11,20,3,2,1,80,"credentials,destructive"
HRSRCUR007.fmx,HR,269412,791,11,19,3,2,1,79,"credentials,destructive"
HRSRCUS002.fmx,HR,266672,802,17,34,8,1,0,82,"credentials,ddl_privilege,destructive,windows_native"
HRSRCUS003.fmx,HR,326180,967,21,35,10,1,0,98,"credentials,ddl_privilege,destructive,windows_native"
HRSRCUS004.fmx,HR,545912,1148,15,37,10,1,0,126,"credentials,ddl_privilege,destructive,windows_native"
HRSRCUT001.fmx,HR,304328,918,30,38,8,1,0,105,"credentials,ddl_privilege,destructive,windows_native"
HRSRCUT002.fmx,HR,292556,903,36,35,8,1,0,96,"credentials,ddl_privilege,destructive,windows_native"
HRSRCUT003.fmx,HR,200928,635,11,35,8,1,0,65,"credentials,ddl_privilege,destructive,windows_native"
HRSRCUT004.fmx,HR,404872,1151,18,37,8,1,0,113,"credentials,ddl_privilege,destructive,windows_native"
HRSRCUT005.fmx,HR,329108,975,27,36,8,1,0,96,"credentials,ddl_privilege,destructive,windows_native"
HRSRCUT006.fmx,HR,336004,961,24,37,8,1,0,96,"credentials,ddl_privilege,destructive,windows_native"
HRSRCUT007.fmx,HR,314188,893,22,36,8,1,0,97,"credentials,ddl_privilege,destructive,windows_native"
HRSRCUT008.fmx,HR,376340,1092,30,39,10,1,0,110,"credentials,ddl_privilege,destructive,windows_native"
HRSRCUT009.fmx,HR,356872,1051,27,40,8,1,0,104,"credentials,ddl_privilege,destructive,windows_native"
HRSRCUT010.fmx,HR,351796,1022,28,39,8,1,0,104,"credentials,ddl_privilege,destructive,windows_native"
HRSRCUT011.fmx,HR,407012,1203,25,41,8,1,0,126,"credentials,ddl_privilege,destructive,windows_native"
HRSRCUT012.fmx,HR,468812,1295,38,49,8,1,0,169,"credentials,ddl_privilege,destructive,windows_native"
HRSRCUT015.fmx,HR,370876,1050,38,46,8,1,0,149,"credentials,ddl_privilege,destructive,windows_native"
HRSS001.fmx,HR,201364,723,32,34,8,1,0,91,"credentials,ddl_privilege,destructive,windows_native"
HRSS002.fmx,HR,435184,1182,34,45,10,2,1,119,"credentials,ddl_privilege,destructive,windows_native"
HRSS004.fmx,HR,334928,965,38,37,10,1,0,115,"credentials,ddl_privilege,destructive,windows_native"
HRSS005.fmx,HR,416156,1123,23,41,10,1,0,103,"credentials,ddl_privilege,destructive,windows_native"
HRSS006.fmx,HR,732936,1674,51,46,12,2,0,215,"credentials,ddl_privilege,destructive,windows_native"
HRSS007.fmx,HR,340308,973,20,36,10,1,0,105,"credentials,ddl_privilege,destructive,windows_native"
HRSS008.fmx,HR,304368,890,16,35,10,1,0,91,"credentials,ddl_privilege,destructive,windows_native"
HRSS009.fmx,HR,344820,1016,17,35,10,1,0,111,"credentials,ddl_privilege,destructive,windows_native"
HRSS010.fmx,HR,284204,866,23,37,10,1,0,105,"credentials,ddl_privilege,destructive,windows_native"
HRSS015.fmx,HR,535344,1331,20,38,10,1,0,124,"credentials,ddl_privilege,destructive,dynamic_sql,windows_native"
HRSS016.fmx,HR,157092,526,11,32,10,2,1,49,"credentials,ddl_privilege,destructive,windows_native"
HRSS017.fmx,HR,344880,963,20,35,10,1,0,100,"credentials,ddl_privilege,destructive,windows_native"
HRSS018.fmx,HR,419864,1147,18,37,10,1,0,98,"credentials,ddl_privilege,destructive,dynamic_sql,windows_native"
HRSS019.fmx,HR,352400,994,20,38,10,1,0,113,"credentials,ddl_privilege,destructive,windows_native"
HRSS021.fmx,HR,433496,1187,20,37,10,1,0,100,"credentials,ddl_privilege,destructive,dynamic_sql,windows_native"
HRSS030.fmx,HR,350740,999,21,37,8,1,0,118,"credentials,ddl_privilege,destructive,windows_native"
HRSS031.fmx,HR,390384,1097,25,36,9,1,0,132,"credentials,ddl_privilege,destructive,windows_native"
HRSS032.fmx,HR,278280,837,15,34,8,1,0,95,"credentials,ddl_privilege,destructive,windows_native"
HRSSTPS001.fmx,HR,159772,550,14,34,8,1,0,59,"credentials,ddl_privilege,destructive,windows_native"
HRSSTPS002.fmx,HR,322380,931,23,36,10,1,0,102,"credentials,ddl_privilege,destructive,windows_native"
HRST001.fmx,HR,640204,1727,60,56,10,4,2,211,"credentials,ddl_privilege,destructive,windows_native"
HRST001_B.fmx,HR,621800,1700,59,56,10,4,2,209,"credentials,ddl_privilege,destructive,windows_native"
HRST002.fmx,HR,607304,1631,48,56,10,2,0,215,"credentials,ddl_privilege,destructive,windows_native"
HRST002S.fmx,HR,587456,1585,41,54,10,2,0,204,"credentials,ddl_privilege,destructive,windows_native"
HRST002S2.fmx,HR,589804,1593,45,54,10,2,0,207,"credentials,ddl_privilege,destructive,windows_native"
HRST002SS.fmx,HR,586420,1584,41,54,10,2,0,204,"credentials,ddl_privilege,destructive,windows_native"
HRST003.fmx,HR,494648,1399,31,52,10,2,0,181,"credentials,ddl_privilege,destructive,windows_native"
HRST005.fmx,HR,423568,1183,47,46,11,1,0,159,"credentials,destructive,windows_native"
HRST006.fmx,HR,157068,526,11,32,10,2,1,49,"credentials,ddl_privilege,destructive,windows_native"
HRST007.fmx,HR,413892,1204,33,47,10,1,0,148,"credentials,ddl_privilege,destructive,windows_native"
HRST008.fmx,HR,487360,1282,42,52,8,1,0,152,"credentials,ddl_privilege,destructive,windows_native"
HRST009.fmx,HR,472220,1294,30,49,10,1,0,141,"credentials,ddl_privilege,destructive,windows_native"
HRST00S2.fmx,HR,585944,1583,41,54,10,2,0,204,"credentials,ddl_privilege,destructive,windows_native"
HRST010.fmx,HR,523716,1342,41,52,8,1,0,158,"credentials,ddl_privilege,destructive,windows_native"
HRST010_NEW.fmx,HR,456720,1232,36,48,8,1,0,142,"credentials,ddl_privilege,destructive,windows_native"
HRST011.fmx,HR,636104,1668,68,64,10,1,0,210,"credentials,ddl_privilege,destructive,windows_native"
HRST012.fmx,HR,718296,1796,65,62,10,2,1,218,"credentials,ddl_privilege,destructive,windows_native"
HRST013.fmx,HR,433352,1218,36,54,8,1,0,157,"credentials,ddl_privilege,destructive,windows_native"
HRST014.fmx,HR,426876,1181,28,51,10,1,0,153,"credentials,ddl_privilege,destructive,windows_native"
HRST015.fmx,HR,477892,1367,52,52,8,1,0,183,"credentials,destructive,windows_native"
HRST016.fmx,HR,347348,1041,24,41,10,1,0,132,"credentials,ddl_privilege,destructive,windows_native"
HRST017.fmx,HR,403032,1175,40,49,10,1,0,152,"credentials,ddl_privilege,destructive,windows_native"
HRST018.fmx,HR,498516,1405,64,52,10,1,0,183,"credentials,destructive,windows_native"
HRST019.fmx,HR,513532,1253,28,43,11,1,0,149,"credentials,ddl_privilege,destructive,dynamic_sql,windows_native"
HRST025.fmx,HR,378824,1114,32,46,10,1,0,148,"credentials,ddl_privilege,destructive,windows_native"
HRST026.fmx,HR,591952,1598,60,60,10,1,0,216,"credentials,ddl_privilege,destructive,windows_native"
HRST027.fmx,HR,632492,1635,59,64,10,3,1,207,"credentials,ddl_privilege,destructive,windows_native"
HRST028.fmx,HR,412552,1233,35,53,10,1,0,159,"credentials,ddl_privilege,destructive,windows_native"
HRST029.fmx,HR,449696,1271,36,47,10,1,0,160,"credentials,ddl_privilege,destructive,windows_native"
HRST031.fmx,HR,503584,1183,24,49,8,1,0,139,"credentials,ddl_privilege,destructive,windows_native"
HRST032.fmx,HR,495612,1356,37,51,10,1,0,154,"credentials,ddl_privilege,destructive,windows_native"
HRST034.fmx,HR,498096,1336,37,51,10,1,0,150,"credentials,ddl_privilege,destructive,windows_native"
HRST040.fmx,HR,450200,1192,44,58,9,2,1,168,"credentials,ddl_privilege,destructive,windows_native"
HRST045.fmx,HR,496152,1390,42,51,10,2,1,199,"credentials,ddl_privilege,destructive,windows_native"
HRST046.fmx,HR,762292,1820,57,64,12,2,1,247,"credentials,destructive,windows_native"
HRST046_NEW.fmx,HR,722068,1736,53,61,12,2,1,229,"credentials,destructive,windows_native"
HRST047.fmx,HR,473800,1358,23,52,12,2,1,175,"credentials,ddl_privilege,destructive,windows_native"
HRST048.fmx,HR,358996,1041,26,44,10,1,0,136,"credentials,ddl_privilege,destructive,windows_native"
HRST049.fmx,HR,420616,1056,18,45,9,1,0,125,"credentials,ddl_privilege,destructive,dynamic_sql,windows_native"
HRST050.fmx,HR,464428,1254,36,48,10,1,0,186,"credentials,ddl_privilege,destructive,windows_native"
HRST051.fmx,HR,356060,1011,19,39,8,1,0,106,"credentials,ddl_privilege,destructive,windows_native"
HRST052.fmx,HR,513372,1350,32,50,10,1,0,170,"credentials,ddl_privilege,destructive,windows_native"
HRST053.fmx,HR,504016,1368,35,49,10,1,0,164,"credentials,ddl_privilege,destructive,windows_native"
HRST054.fmx,HR,272956,826,12,35,8,1,0,102,"credentials,ddl_privilege,destructive,windows_native"
HRST055.fmx,HR,326680,973,21,44,10,1,0,138,"credentials,ddl_privilege,destructive,windows_native"
HRST060.fmx,HR,404916,1145,32,39,10,1,0,114,"credentials,ddl_privilege,destructive,dynamic_sql,windows_native"
HRSTDD012.fmx,HR,691020,1756,61,61,10,2,1,214,"credentials,ddl_privilege,destructive,windows_native"
HRSTRNI003.fmx,HR,318348,917,21,35,8,1,0,93,"credentials,ddl_privilege,destructive,windows_native"
HRSTRNI005.fmx,HR,268244,816,16,35,8,1,0,80,"credentials,ddl_privilege,destructive,windows_native"
HRSTRNI007.fmx,HR,272688,830,15,36,8,1,0,83,"credentials,ddl_privilege,destructive,windows_native"
HRSTRNI009.fmx,HR,289596,847,18,34,8,1,0,82,"credentials,ddl_privilege,destructive,windows_native"
HRSTRNI011.fmx,HR,327792,941,19,39,8,1,0,98,"credentials,ddl_privilege,destructive,windows_native"
HRSTRNR005.fmx,HR,250704,762,14,20,3,1,0,81,"credentials,destructive,windows_native"
HRSTRNR010.fmx,HR,281768,874,17,21,3,2,1,92,"credentials,destructive,windows_native"
HRSTRNT003.fmx,HR,345428,1011,20,42,8,1,0,126,"credentials,ddl_privilege,destructive,windows_native"
HRSTRNT005.fmx,HR,434208,1173,39,41,8,1,0,139,"credentials,ddl_privilege,destructive,windows_native"
HRSTRNT006.fmx,HR,355160,1031,26,41,8,1,0,113,"credentials,ddl_privilege,destructive,windows_native"
HRSTRNT008.fmx,HR,361844,1045,27,41,8,1,0,111,"credentials,ddl_privilege,destructive,windows_native"
HRSTRNT010.fmx,HR,367580,1062,29,41,8,1,0,109,"credentials,ddl_privilege,destructive,windows_native"
HRSTRVLR001.fmx,HR,279240,847,13,22,3,1,0,81,"credentials,destructive"
HRSTRVLR002.fmx,HR,287128,842,13,24,3,1,0,88,"credentials,destructive"
HRSTRVLS001.fmx,HR,434196,1174,19,38,10,1,0,116,"credentials,ddl_privilege,destructive,dynamic_sql,windows_native"
HRSTRVLS002.fmx,HR,297924,883,16,37,10,1,0,94,"credentials,ddl_privilege,destructive,windows_native"
HRSTRVLS003.fmx,HR,305620,897,16,36,10,1,0,91,"credentials,ddl_privilege,destructive,windows_native"
HRSTRVLT001.fmx,HR,420820,1189,27,49,10,1,0,149,"credentials,ddl_privilege,destructive,windows_native"
HRSTRVLT002.fmx,HR,470396,1331,59,42,10,1,0,144,"credentials,ddl_privilege,destructive,windows_native,network"
HRSTRVLT002_OLD.fmx,HR,470248,1328,59,42,10,1,0,144,"credentials,ddl_privilege,destructive,windows_native,network"
HRSTS002.fmx,HR,585788,1583,41,54,10,2,0,204,"credentials,ddl_privilege,destructive,windows_native"
HRSTS008.fmx,HR,456340,1191,35,48,8,1,0,139,"credentials,ddl_privilege,destructive,windows_native"
HRST_010.fmx,HR,508704,1307,37,50,8,1,0,150,"credentials,ddl_privilege,destructive,windows_native"
HRSVLNR001.fmx,HR,260444,791,15,23,3,1,0,95,"credentials,destructive"
HRSVLNR002.fmx,HR,227324,636,9,22,3,1,0,76,"credentials,destructive"
HRSVLNS001.fmx,HR,298064,879,15,35,10,1,0,90,"credentials,ddl_privilege,destructive,windows_native"
HRSVLNS002.fmx,HR,317348,917,16,36,10,1,0,111,"credentials,ddl_privilege,destructive,windows_native"
HRSVLNS003.fmx,HR,343796,995,19,37,10,1,0,110,"credentials,ddl_privilege,destructive,windows_native"
HRSVLNT001.fmx,HR,464804,1279,36,48,10,1,0,148,"credentials,ddl_privilege,destructive,windows_native"
HRSVLNT002.fmx,HR,379540,1097,26,42,10,1,0,138,"credentials,ddl_privilege,destructive,windows_native"
HRSVSAR001.fmx,HR,338536,803,13,20,4,1,0,82,"credentials,destructive,dynamic_sql"
HRSVSAR002.fmx,HR,254616,711,11,21,3,1,0,82,"credentials,destructive"
HRSVSAS001.fmx,HR,387544,958,15,36,11,1,0,94,"credentials,ddl_privilege,destructive,dynamic_sql,windows_native"
HRSVSAS002.fmx,HR,387132,964,14,37,11,1,0,93,"credentials,ddl_privilege,destructive,dynamic_sql,windows_native"
HRSVSAT001.fmx,HR,441260,1098,22,41,11,1,0,119,"credentials,ddl_privilege,destructive,dynamic_sql,windows_native"
HRSVSAT002.fmx,HR,485480,1210,30,45,11,1,0,132,"credentials,ddl_privilege,destructive,dynamic_sql,windows_native"
HRSVSAT003.fmx,HR,487516,1216,31,43,11,1,0,127,"credentials,ddl_privilege,destructive,dynamic_sql,windows_native"
HRS_IMPXLS_LOAN.fmx,HR,180684,591,14,36,8,2,0,72,"credentials,ddl_privilege,destructive,windows_native"
HRS_RPRT_EMP.fmx,HR,464420,1456,86,35,8,1,0,150,"credentials,ddl_privilege,destructive,windows_native"
IASAPT004.fmx,other,981800,2828,198,37,1,3,0,284,"ddl_privilege,destructive,dynamic_sql,windows_native"
IBSI001.fmx,other-finance/operations,348852,966,22,35,8,1,0,96,"credentials,ddl_privilege,destructive,windows_native"
IBSI002.fmx,other-finance/operations,220708,666,19,34,8,1,0,71,"credentials,ddl_privilege,destructive,windows_native"
IBSI003.fmx,other-finance/operations,307100,896,16,35,8,1,0,87,"credentials,ddl_privilege,destructive,windows_native"
IBSR001.fmx,other-finance/operations,221536,676,27,18,3,1,0,81,"credentials,ddl_privilege,destructive"
IBSR002.fmx,other-finance/operations,223484,682,27,18,3,1,0,80,"credentials,ddl_privilege,destructive"
IBSR003.fmx,other-finance/operations,222312,680,27,18,3,1,0,81,"credentials,ddl_privilege,destructive"
IBSR004.fmx,other-finance/operations,222388,680,27,18,3,1,0,80,"credentials,ddl_privilege,destructive"
IBSR005.fmx,other-finance/operations,223280,681,27,18,3,1,0,80,"credentials,ddl_privilege,destructive"
IBSR006.fmx,other-finance/operations,223280,681,27,18,3,1,0,80,"credentials,ddl_privilege,destructive"
IBSR007.fmx,other-finance/operations,223676,680,27,18,3,1,0,80,"credentials,ddl_privilege,destructive"
IBSR008.fmx,other-finance/operations,222388,680,27,18,3,1,0,80,"credentials,ddl_privilege,destructive"
IBSR009.fmx,other-finance/operations,222356,681,27,18,3,1,0,80,"credentials,ddl_privilege,destructive"
IBSS001.fmx,other-finance/operations,286036,813,23,34,8,1,0,90,"credentials,ddl_privilege,destructive,windows_native"
IBST001.fmx,other-finance/operations,391540,1034,32,35,10,1,0,109,"credentials,ddl_privilege,destructive,windows_native"
IBS_INSTAL.fmx,other-finance/operations,179352,625,21,44,8,1,0,88,"credentials,ddl_privilege,destructive,dynamic_sql,windows_native"
IMPOUT001.fmx,other,274892,799,41,9,4,1,0,112,"destructive,dynamic_sql,windows_native"
INVI001.fmx,inventory/stock,170904,604,21,30,10,1,0,67,"credentials,ddl_privilege,destructive,dynamic_sql,windows_native"
INVI002.fmx,inventory/stock,217948,748,47,31,8,1,0,83,"credentials,ddl_privilege,destructive,dynamic_sql,windows_native"
INVI003.fmx,inventory/stock,238732,788,47,31,8,1,0,94,"credentials,ddl_privilege,destructive,dynamic_sql,windows_native"
INVI004.fmx,inventory/stock,155496,541,17,31,8,1,0,58,"credentials,ddl_privilege,destructive,windows_native"
INVI005.fmx,inventory/stock,207216,713,47,31,8,1,0,83,"credentials,ddl_privilege,destructive,dynamic_sql,windows_native"
INVI006.fmx,inventory/stock,254228,924,95,33,8,1,0,99,"credentials,ddl_privilege,destructive,dynamic_sql,windows_native"
INVI007.fmx,inventory/stock,162964,562,23,32,8,1,0,60,"credentials,ddl_privilege,destructive,windows_native"
INVI008.fmx,inventory/stock,1341948,4061,260,45,12,18,16,405,"credentials,ddl_privilege,destructive,dynamic_sql,windows_native"
INVI009.fmx,inventory/stock,235300,844,63,32,8,1,0,101,"credentials,ddl_privilege,destructive,windows_native"
INVI010.fmx,inventory/stock,741320,2538,285,38,8,2,1,235,"credentials,ddl_privilege,destructive,dynamic_sql,windows_native"
INVI011.fmx,inventory/stock,829056,2264,133,51,10,4,1,240,"credentials,ddl_privilege,destructive,dynamic_sql,windows_native"
INVI012.fmx,inventory/stock,198928,720,46,32,8,1,0,84,"credentials,ddl_privilege,destructive,windows_native"
INVI013.fmx,inventory/stock,275284,876,61,32,8,1,0,85,"credentials,ddl_privilege,destructive,dynamic_sql,windows_native"
INVI014.fmx,inventory/stock,311524,999,56,33,8,1,0,113,"credentials,ddl_privilege,destructive,windows_native"
INVI015.fmx,inventory/stock,245100,824,57,32,8,1,0,98,"credentials,ddl_privilege,destructive,dynamic_sql,windows_native"
INVI016.fmx,inventory/stock,258456,864,60,33,8,1,0,97,"credentials,ddl_privilege,destructive,dynamic_sql,windows_native"
INVI018.fmx,inventory/stock,277384,769,36,35,13,1,0,87,"credentials,ddl_privilege,destructive,dynamic_sql,windows_native"
INVI019.fmx,inventory/stock,266760,860,65,35,8,1,0,110,"credentials,ddl_privilege,destructive,windows_native"
INVI020.fmx,inventory/stock,184156,661,35,33,9,1,0,69,"credentials,ddl_privilege,destructive,dynamic_sql,windows_native"
INVI021.fmx,inventory/stock,346588,1123,86,39,8,3,0,129,"credentials,ddl_privilege,destructive,windows_native"
INVI022.fmx,inventory/stock,288848,917,57,41,8,1,0,132,"credentials,ddl_privilege,destructive,windows_native"
INVI023.fmx,inventory/stock,528648,1672,118,38,10,2,1,197,"credentials,ddl_privilege,destructive,dynamic_sql,windows_native"
INVR001.fmx,inventory/stock,129108,467,34,15,3,1,0,72,"credentials,destructive"
INVR002.fmx,inventory/stock,224612,897,75,18,3,1,0,119,"credentials,destructive,windows_native"
INVR003.fmx,inventory/stock,161788,613,56,15,3,1,0,82,"credentials,destructive,windows_native"
INVR004.fmx,inventory/stock,179928,716,54,15,3,1,0,99,"credentials,destructive"
INVR005.fmx,inventory/stock,158636,576,54,15,3,1,0,85,"credentials,destructive"
INVR006.fmx,inventory/stock,192952,816,71,15,3,1,0,106,"credentials,destructive,windows_native"
INVR007.fmx,inventory/stock,221032,939,101,15,3,1,0,98,"credentials,destructive,windows_native"
INVR008.fmx,inventory/stock,224360,940,103,15,3,1,0,104,"credentials,destructive,windows_native"
INVR009.fmx,inventory/stock,273348,1191,126,16,3,1,0,124,"credentials,destructive,windows_native"
INVR010.fmx,inventory/stock,204396,848,91,16,3,1,0,109,"credentials,destructive,windows_native"
INVR011.fmx,inventory/stock,413420,1566,138,21,3,2,1,192,"credentials,ddl_privilege,destructive,dynamic_sql,windows_native"
INVR012.fmx,inventory/stock,358164,1449,157,18,3,2,1,167,"credentials,ddl_privilege,destructive,windows_native"
INVR013.fmx,inventory/stock,216624,872,70,17,3,1,0,104,"credentials,ddl_privilege,destructive,dynamic_sql,windows_native"
INVR014.fmx,inventory/stock,167480,673,58,15,3,1,0,83,"credentials,destructive,windows_native"
INVR015.fmx,inventory/stock,261776,1188,110,16,4,1,0,133,"credentials,ddl_privilege,destructive,windows_native"
INVR016.fmx,inventory/stock,113792,409,28,15,3,1,0,66,"credentials,destructive"
INVR017.fmx,inventory/stock,114068,410,28,15,3,1,0,66,"credentials,destructive"
INVR018.fmx,inventory/stock,134624,499,42,15,3,1,0,71,"credentials,destructive,windows_native"
INVR019.fmx,inventory/stock,122776,425,28,14,3,1,0,55,"credentials,destructive"
INVR020.fmx,inventory/stock,172736,593,48,15,3,1,0,82,"credentials,destructive"
INVR021.fmx,inventory/stock,163484,630,63,15,3,1,0,99,"credentials,destructive,windows_native"
INVR023.fmx,inventory/stock,124096,456,34,15,3,1,0,69,"credentials,destructive"
INVR024.fmx,inventory/stock,122752,453,34,15,3,1,0,69,"credentials,destructive"
INVR025.fmx,inventory/stock,181376,677,68,15,3,1,0,91,"credentials,destructive"
INVR026.fmx,inventory/stock,246860,1011,90,16,3,1,0,120,"credentials,destructive,windows_native"
INVR027.fmx,inventory/stock,201584,726,77,21,3,1,0,100,"credentials,ddl_privilege,destructive,windows_native"
INVR028.fmx,inventory/stock,199592,851,103,16,3,1,0,101,"credentials,ddl_privilege,destructive,windows_native"
INVR029.fmx,inventory/stock,165500,599,51,15,3,1,0,82,"credentials,destructive"
INVR030.fmx,inventory/stock,529996,1701,145,26,8,5,2,169,"credentials,ddl_privilege,destructive,dynamic_sql,windows_native,network"
INVR031.fmx,inventory/stock,579484,2009,217,29,3,2,1,239,"credentials,destructive,dynamic_sql,windows_native"
INVR032.fmx,inventory/stock,186192,724,82,15,3,1,0,88,"credentials,destructive,windows_native"
INVR033.fmx,inventory/stock,130372,483,34,15,3,1,0,56,"credentials,destructive"
INVS001.fmx,inventory/stock,363372,1494,112,40,10,1,0,220,"credentials,ddl_privilege,destructive,dynamic_sql,windows_native"
INVS002.fmx,inventory/stock,172336,596,23,33,8,1,0,63,"credentials,ddl_privilege,destructive,dynamic_sql,windows_native"
INVS003.fmx,inventory/stock,202272,719,52,33,8,1,0,87,"credentials,ddl_privilege,destructive,dynamic_sql,windows_native"
INVS004.fmx,inventory/stock,209064,661,26,34,8,1,0,70,"credentials,ddl_privilege,destructive,dynamic_sql,windows_native"
INVS005.fmx,inventory/stock,165124,566,21,33,8,1,0,60,"credentials,ddl_privilege,destructive,dynamic_sql,windows_native"
INVS006.fmx,inventory/stock,166584,571,21,33,8,1,0,62,"credentials,ddl_privilege,destructive,dynamic_sql,windows_native"
INVS007.fmx,inventory/stock,168860,569,21,33,8,1,0,61,"credentials,ddl_privilege,destructive,dynamic_sql,windows_native"
INVS008.fmx,inventory/stock,165140,566,23,33,8,1,0,58,"credentials,ddl_privilege,destructive,dynamic_sql,windows_native"
INVS009.fmx,inventory/stock,213652,703,44,36,8,1,0,81,"credentials,ddl_privilege,destructive,dynamic_sql,windows_native"
INVS010.fmx,inventory/stock,166900,571,23,33,8,1,0,63,"credentials,ddl_privilege,destructive,dynamic_sql,windows_native"
INVS011.fmx,inventory/stock,175708,578,26,33,8,1,0,64,"credentials,ddl_privilege,destructive,dynamic_sql,windows_native"
INVS012.fmx,inventory/stock,211792,707,46,37,8,1,0,86,"credentials,ddl_privilege,destructive,dynamic_sql,windows_native"
INVS013.fmx,inventory/stock,165112,563,22,33,8,1,0,73,"credentials,ddl_privilege,destructive,dynamic_sql,windows_native"
INVS014.fmx,inventory/stock,152400,506,7,32,8,1,0,50,"credentials,ddl_privilege,destructive,windows_native"
INVS015.fmx,inventory/stock,193548,657,39,35,8,1,0,74,"credentials,ddl_privilege,destructive,dynamic_sql,windows_native"
INVS016.fmx,inventory/stock,217708,487,32,9,0,1,0,55,"destructive,dynamic_sql"
INVS017.fmx,inventory/stock,165040,559,21,33,8,1,0,71,"credentials,ddl_privilege,destructive,dynamic_sql,windows_native"
INVS018.fmx,inventory/stock,163868,557,20,33,8,1,0,59,"credentials,ddl_privilege,destructive,dynamic_sql,windows_native"
INVS020.fmx,inventory/stock,179552,586,16,33,8,2,1,64,"credentials,ddl_privilege,destructive,windows_native"
INVS021.fmx,inventory/stock,172696,574,18,33,8,1,0,60,"credentials,ddl_privilege,destructive,dynamic_sql,windows_native"
INVT001.fmx,inventory/stock,968532,2947,249,53,9,5,2,357,"credentials,ddl_privilege,destructive,dynamic_sql,windows_native"
INVT002.fmx,inventory/stock,735628,2178,157,54,8,5,2,270,"credentials,ddl_privilege,destructive,dynamic_sql,windows_native"
INVT003.fmx,inventory/stock,1724800,5207,328,80,9,6,3,513,"credentials,ddl_privilege,destructive,dynamic_sql,windows_native"
INVT004.fmx,inventory/stock,1612328,4678,321,77,10,4,3,504,"credentials,ddl_privilege,destructive,dynamic_sql,windows_native"
INVT005.fmx,inventory/stock,1560572,4410,297,72,12,4,3,479,"credentials,ddl_privilege,destructive,dynamic_sql,windows_native"
INVT006.fmx,inventory/stock,1497300,4141,259,71,13,4,3,440,"credentials,ddl_privilege,destructive,dynamic_sql,windows_native,network"
INVT007.fmx,inventory/stock,1056148,3427,210,65,10,6,3,398,"credentials,ddl_privilege,destructive,dynamic_sql,windows_native"
INVT008.fmx,inventory/stock,801416,2650,199,54,8,3,0,311,"credentials,ddl_privilege,destructive,dynamic_sql,windows_native"
INVT009.fmx,inventory/stock,251720,845,52,39,8,1,0,115,"credentials,ddl_privilege,destructive,windows_native"
INVT010.fmx,inventory/stock,271780,895,59,39,8,1,0,128,"credentials,ddl_privilege,destructive,windows_native"
INVT011.fmx,inventory/stock,595816,1620,109,52,9,2,1,215,"credentials,destructive,windows_native"
INVT012.fmx,inventory/stock,471448,1425,110,45,10,2,1,180,"credentials,destructive,windows_native"
INVT013.fmx,inventory/stock,263996,875,55,39,8,1,0,115,"credentials,ddl_privilege,destructive,windows_native"
INVT014.fmx,inventory/stock,278644,924,64,39,8,1,0,122,"credentials,ddl_privilege,destructive,windows_native"
INVT015.fmx,inventory/stock,373952,1221,85,40,8,1,0,155,"credentials,ddl_privilege,destructive,windows_native"
INVT016.fmx,inventory/stock,576716,2642,252,61,34,38,37,383,"credentials,ddl_privilege,destructive,dynamic_sql,windows_native,error_handling"
INVT017.fmx,inventory/stock,874544,2634,218,48,10,2,1,316,"credentials,ddl_privilege,destructive,dynamic_sql,windows_native"
INVT018.fmx,inventory/stock,777568,2530,193,54,8,3,0,312,"credentials,ddl_privilege,destructive,dynamic_sql,windows_native"
INVT019.fmx,inventory/stock,192408,652,15,38,8,1,0,104,"credentials,ddl_privilege,destructive,dynamic_sql,windows_native"
INVT020.fmx,inventory/stock,151420,501,10,33,8,1,0,55,"credentials,ddl_privilege,destructive,windows_native"
INVT022.fmx,inventory/stock,455604,1479,122,44,9,1,0,198,"credentials,ddl_privilege,destructive,windows_native"
INVT023.fmx,inventory/stock,276452,921,62,37,9,3,0,117,"credentials,ddl_privilege,destructive,windows_native"
INV_IMPXLS_AVLQTY.fmx,inventory/stock,240832,742,21,38,9,3,0,90,"credentials,ddl_privilege,destructive,dynamic_sql,windows_native"
INV_IMPXLS_BARCODE.fmx,inventory/stock,183616,655,18,34,8,2,0,66,"credentials,ddl_privilege,destructive,windows_native"
INV_IMPXLS_BATCH.fmx,inventory/stock,170580,586,12,34,8,2,0,62,"credentials,ddl_privilege,destructive,windows_native"
INV_IMPXLS_ITEM.fmx,inventory/stock,273756,1177,17,34,8,2,0,98,"credentials,ddl_privilege,destructive,windows_native"
INV_IMPXLS_PRICE.fmx,inventory/stock,207864,708,16,34,8,2,0,80,"credentials,ddl_privilege,destructive,windows_native"
INV_ITM_TRNS.fmx,inventory/stock,368508,1218,65,40,9,1,0,144,"credentials,ddl_privilege,destructive,windows_native"
INV_Reevaluation.fmx,inventory/stock,643132,2043,225,22,3,1,0,185,"credentials,ddl_privilege,destructive,windows_native,error_handling"
JRSI001.fmx,other,254364,920,78,44,8,3,0,107,"credentials,ddl_privilege,destructive,dynamic_sql,windows_native"
JRSI002.fmx,other,213192,763,48,40,7,2,1,97,"credentials,ddl_privilege,destructive,dynamic_sql,windows_native"
JRSR001.fmx,other,196540,777,62,17,4,1,0,86,"credentials,destructive,windows_native"
JRSS001.fmx,other,187036,827,53,35,10,1,0,76,"credentials,ddl_privilege,destructive,windows_native"
JRSS002.fmx,other,180940,594,28,32,8,1,0,65,"credentials,ddl_privilege,destructive,windows_native"
JRSS003.fmx,other,202096,646,24,33,8,1,0,70,"credentials,ddl_privilege,destructive,windows_native"
JRST001.fmx,other,991456,2992,237,60,8,15,13,321,"credentials,ddl_privilege,destructive,windows_native"
JRST002.fmx,other,1049620,3093,246,60,10,15,13,329,"credentials,destructive,windows_native"
JRST0021.fmx,other,1051672,3130,246,60,10,15,13,329,"credentials,destructive,windows_native"
LGHTADM002.fmx,other,630480,1306,202,39,9,1,0,324,"credentials,ddl_privilege,destructive,dynamic_sql,windows_native,error_handling,network"
LGHTADM003.fmx,other,297056,872,41,35,8,1,0,116,"credentials,ddl_privilege,destructive,dynamic_sql,windows_native,network"
LGHTR002.fmx,other,143376,494,27,17,3,1,0,73,"credentials,destructive"
LGHTT001.fmx,other,739868,1801,93,41,27,1,0,238,"credentials,ddl_privilege,destructive,dynamic_sql,windows_native"
LGHTT002.fmx,other,203392,641,20,34,8,1,0,70,"credentials,ddl_privilege,destructive,windows_native"
LGHTT003.fmx,other,231396,701,20,32,8,1,0,78,"credentials,ddl_privilege,destructive,windows_native"
MNT0025.fmx,other,135512,1043,142,0,0,0,0,64,"ddl_privilege,destructive,dynamic_sql,windows_native"
MNT021.fmx,other,309076,883,16,34,8,1,0,85,"credentials,ddl_privilege,destructive,windows_native"
MNT025.fmx,other,205056,1137,163,0,0,0,0,70,"ddl_privilege,destructive,dynamic_sql,windows_native"
MNT0T25.fmx,other,132488,1048,138,0,0,0,0,64,"ddl_privilege,destructive,dynamic_sql,windows_native"
MNTI001.fmx,other,326300,1006,49,38,8,1,0,102,"credentials,ddl_privilege,destructive,windows_native"
MNTI002.fmx,other,163596,543,14,35,8,1,0,49,"credentials,ddl_privilege,destructive,windows_native"
MNTI003.fmx,other,169036,566,14,34,8,1,0,59,"credentials,ddl_privilege,destructive,windows_native"
MNTI004.fmx,other,185208,608,26,35,8,1,0,52,"credentials,ddl_privilege,destructive,windows_native"
MNTI005.fmx,other,185928,621,27,34,8,1,0,65,"credentials,ddl_privilege,destructive,windows_native"
MNTI006.fmx,other,329952,1024,30,36,10,1,0,93,"credentials,ddl_privilege,destructive,windows_native"
MNTI007.fmx,other,358724,1113,42,42,10,1,0,110,"credentials,ddl_privilege,destructive,windows_native"
MNTI008.fmx,other,258808,792,16,32,8,1,0,77,"credentials,ddl_privilege,destructive,windows_native"
MNTR001.fmx,other,180660,638,61,16,3,1,0,68,"credentials,destructive,windows_native"
MNTR005.fmx,other,180892,639,61,16,3,1,0,68,"credentials,destructive,windows_native"
MNTS001.fmx,other,167268,581,17,30,8,1,0,51,"credentials,ddl_privilege,destructive,windows_native"
MNTS002.fmx,other,163160,553,17,35,8,1,0,62,"credentials,ddl_privilege,destructive,windows_native"
MNTS003.fmx,other,283324,878,34,33,8,1,0,97,"credentials,ddl_privilege,destructive,windows_native"
MNTS004.fmx,other,289908,878,32,34,8,1,0,87,"credentials,ddl_privilege,destructive,windows_native"
MNTS005.fmx,other,167932,570,21,35,8,1,0,50,"credentials,ddl_privilege,destructive,windows_native"
MNTS006.fmx,other,270180,819,23,33,8,1,0,77,"credentials,ddl_privilege,destructive,windows_native"
MNTS007.fmx,other,274644,822,24,34,8,1,0,85,"credentials,ddl_privilege,destructive,windows_native"
MNTS025.fmx,other,133804,1080,147,0,0,0,0,69,"ddl_privilege,destructive,dynamic_sql,windows_native"
MNTT001.fmx,other,518244,1813,117,49,8,2,1,158,"credentials,ddl_privilege,destructive,dynamic_sql,windows_native"
MNTT002.fmx,other,302952,917,19,34,8,1,0,95,"credentials,ddl_privilege,destructive,windows_native"
MNTT003.fmx,other,495684,1636,118,46,8,1,0,199,"credentials,destructive,windows_native"
MNTT004.fmx,other,350708,1023,35,36,8,1,0,100,"credentials,ddl_privilege,destructive,windows_native"
MNTT005.fmx,other,750732,2287,138,39,11,1,0,204,"credentials,ddl_privilege,destructive,dynamic_sql,windows_native"
MNTT006.fmx,other,318852,999,46,34,8,1,0,91,"credentials,ddl_privilege,destructive,windows_native"
MNTT007.fmx,other,312276,903,19,33,8,1,0,84,"credentials,ddl_privilege,destructive,windows_native"
MNTT010.fmx,other,417532,1435,93,45,8,1,0,171,"credentials,destructive,windows_native"
MNTT011.fmx,other,284780,870,28,33,8,1,0,94,"credentials,ddl_privilege,destructive,windows_native"
MNTT012.fmx,other,195548,628,13,37,8,1,0,60,"credentials,ddl_privilege,destructive,windows_native"
MNTT013.fmx,other,282368,887,37,34,8,1,0,93,"credentials,ddl_privilege,destructive,windows_native"
MNTT020.fmx,other,295416,878,21,33,8,1,0,78,"credentials,ddl_privilege,destructive,windows_native"
MNTT021.fmx,other,303512,884,18,33,8,1,0,83,"credentials,ddl_privilege,destructive,windows_native"
MNTT022.fmx,other,296880,867,20,33,8,1,0,82,"credentials,ddl_privilege,destructive,windows_native"
MNTT025.fmx,other,131848,1042,145,0,0,0,0,65,"ddl_privilege,destructive,dynamic_sql,windows_native"
MNTT050.fmx,other,417532,1435,93,45,8,1,0,171,"credentials,destructive,windows_native"
MRPACS001.fmx,MRP/treasury,263080,583,17,9,0,1,0,264,"destructive,windows_native"
MRPACS004.fmx,MRP/treasury,4192816,28534,12581,24,1,2,1,1816,"credentials,ddl_privilege,destructive,dynamic_sql,windows_native,error_handling,network"
MRPBOM005.fmx,MRP/treasury,156068,395,20,8,0,1,0,63,"destructive,windows_native"
MRPBOM01.fmx,MRP/treasury,91020,234,0,5,0,1,0,21,"destructive,windows_native"
MRPBOM010.fmx,MRP/treasury,200272,481,32,9,0,1,0,74,"destructive,windows_native"
MRPBOM03.fmx,MRP/treasury,162668,370,10,7,1,1,0,67,"ddl_privilege,destructive,windows_native"
MRPCRP001.fmx,MRP/treasury,115472,291,3,7,0,1,0,28,"destructive,windows_native"
MRPCRP003.fmx,MRP/treasury,358664,846,56,11,0,1,0,112,"destructive,windows_native"
MRPCRP005.fmx,MRP/treasury,124812,320,11,6,0,1,0,43,"destructive,windows_native"
MRPCRP030.fmx,MRP/treasury,176696,526,34,4,0,1,0,91,"credentials,destructive,windows_native"
MRPCRP060.fmx,MRP/treasury,163992,466,28,6,0,1,0,61,"destructive,windows_native"
MRPCRP07.fmx,MRP/treasury,94896,234,1,7,0,1,0,29,"destructive,windows_native"
MRPCRP100.fmx,MRP/treasury,96480,239,1,8,0,1,0,25,"destructive,windows_native"
MRPCRP20.fmx,MRP/treasury,138696,383,14,5,0,1,0,51,"destructive,windows_native"
MRPCRP23.fmx,MRP/treasury,362912,837,44,11,1,1,0,108,"destructive,dynamic_sql,windows_native"
MRPCRP24.fmx,MRP/treasury,98192,259,5,9,0,1,0,30,"destructive,windows_native"
MRPCRP26.fmx,MRP/treasury,100264,244,1,8,0,1,0,31,"destructive,windows_native"
MRPCRP50.fmx,MRP/treasury,127264,341,6,6,0,1,0,48,"ddl_privilege,destructive,windows_native"
MRPDBA.fmx,MRP/treasury,40412,149,15,13,0,0,0,36,"credentials,ddl_privilege,windows_native"
MRPIMPXLS.fmx,MRP/treasury,142780,400,18,7,0,3,0,62,"destructive,windows_native"
MRPIMP_ITEMS_XLS.fmx,MRP/treasury,111776,293,10,6,0,3,0,45,"destructive,windows_native"
MRPMMS010.fmx,MRP/treasury,176124,447,36,4,0,1,0,48,"destructive,windows_native"
MRPMMS011.fmx,MRP/treasury,200968,577,40,4,0,1,0,70,"destructive,windows_native"
MRPMMS012.fmx,MRP/treasury,177304,556,57,4,0,1,0,65,"destructive,windows_native"
MRPMMS013.fmx,MRP/treasury,194148,531,45,4,0,1,0,52,"destructive,windows_native"
MRPMMS014.fmx,MRP/treasury,109184,317,16,4,0,1,0,51,"destructive,windows_native"
MRPMPS010.fmx,MRP/treasury,683160,1532,128,13,3,1,0,163,"destructive,dynamic_sql,windows_native,session_control"
MRPMPS02.fmx,MRP/treasury,328908,905,51,10,0,1,0,90,"credentials,destructive,windows_native"
MRPMPS032.fmx,MRP/treasury,219256,581,44,5,0,1,0,80,"destructive,windows_native,session_control"
MRPMPS045.fmx,MRP/treasury,166696,449,18,8,0,1,0,60,"destructive,windows_native"
MRPMPS048.fmx,MRP/treasury,111112,296,6,4,0,1,0,40,"destructive,windows_native"
MRPMPS06.fmx,MRP/treasury,134484,390,8,6,0,1,0,42,"destructive,windows_native"
MRPMPS07.fmx,MRP/treasury,284612,692,54,7,0,1,0,93,"ddl_privilege,destructive,windows_native"
MRPMPS09.fmx,MRP/treasury,155944,458,7,7,3,1,0,64,"destructive,windows_native"
MRPMRP004.fmx,MRP/treasury,359280,1045,70,9,0,1,0,93,"destructive,windows_native"
MRPMRP005.fmx,MRP/treasury,151920,379,13,7,0,1,0,44,"destructive,windows_native"
MRPMRP006.fmx,MRP/treasury,197264,483,27,7,0,1,0,78,"destructive,windows_native,session_control"
MRPMRP007.fmx,MRP/treasury,228864,587,40,7,0,1,0,72,"destructive,windows_native,session_control"
MRPPCM003.fmx,MRP/treasury,287000,715,54,6,0,1,0,108,"destructive,windows_native"
MRPPCM006.fmx,MRP/treasury,165768,439,39,5,0,1,0,52,"destructive,windows_native"
MRPPCM009.fmx,MRP/treasury,107416,454,22,6,51,1,0,49,"destructive,windows_native,error_handling"
MRPPCM010.fmx,MRP/treasury,189576,440,12,7,0,1,0,40,"destructive,windows_native"
MRPPCM011.fmx,MRP/treasury,253100,629,45,8,0,1,0,91,"destructive,windows_native"
MRPPCM012.fmx,MRP/treasury,223960,625,55,9,0,1,0,59,"destructive,windows_native"
MRPPCM013.fmx,MRP/treasury,225200,633,57,9,0,1,0,65,"destructive,windows_native"
MRPPCM014.fmx,MRP/treasury,163220,439,33,7,0,1,0,53,"destructive,windows_native"
MRPPCM019.fmx,MRP/treasury,147596,411,25,6,0,1,0,58,"destructive,windows_native"
MRPPCM021.fmx,MRP/treasury,122156,323,14,4,0,1,0,38,"ddl_privilege,destructive,windows_native"
MRPPCM022.fmx,MRP/treasury,155440,388,25,6,0,1,0,53,"ddl_privilege,destructive,windows_native"
MRPPCM028.fmx,MRP/treasury,500980,2165,224,13,57,1,0,159,"ddl_privilege,destructive,windows_native,error_handling,session_control"
MRPPCM030.fmx,MRP/treasury,172496,537,48,9,0,1,0,84,"destructive,windows_native"
MRPPCM042.fmx,MRP/treasury,130928,348,15,5,0,1,0,51,"destructive,windows_native"
MRPPCM043.fmx,MRP/treasury,156304,701,64,9,51,1,0,76,"destructive,windows_native,error_handling"
MRPPCM060.fmx,MRP/treasury,102056,277,19,4,0,1,0,40,"destructive,windows_native"
MRPPCM510.fmx,MRP/treasury,88472,226,1,4,0,1,0,27,"destructive,windows_native"
MRPPCM511.fmx,MRP/treasury,90800,236,2,5,0,1,0,30,"destructive,windows_native"
MRPPQC002.fmx,MRP/treasury,99320,247,1,7,0,1,0,29,"destructive,windows_native"
MRPPQC004.fmx,MRP/treasury,98696,257,3,7,0,1,0,38,"destructive,windows_native"
MRPPQC005.fmx,MRP/treasury,112232,279,4,7,0,1,0,36,"destructive,windows_native"
MRPPQC007.fmx,MRP/treasury,108708,287,5,8,0,1,0,36,"destructive,windows_native"
MRPPQC009.fmx,MRP/treasury,95048,240,2,7,0,1,0,28,"destructive,windows_native"
MRPPQC010.fmx,MRP/treasury,134560,336,9,7,0,1,0,39,"destructive,windows_native"
MRPPQC0111.fmx,MRP/treasury,92132,227,1,5,0,1,0,24,"destructive,windows_native"
MRPPQC012.fmx,MRP/treasury,251924,607,53,6,0,1,0,64,"destructive,windows_native"
MRPPQC015.fmx,MRP/treasury,287836,715,80,6,0,1,0,98,"destructive,windows_native"
MRPPQC019.fmx,MRP/treasury,90160,233,1,5,0,1,0,24,"destructive,windows_native"
MRPPQC020.fmx,MRP/treasury,130832,326,6,6,0,1,0,43,"destructive,windows_native"
MRPREPBOM002.fmx,MRP/treasury,138640,402,11,7,0,1,0,52,"destructive,windows_native"
MRPREPBOM005.fmx,MRP/treasury,140076,389,11,8,0,1,0,45,"destructive,windows_native"
MRPREPCRP007.fmx,MRP/treasury,104832,269,4,6,0,1,0,29,"destructive,windows_native"
MRPREPCRP020.fmx,MRP/treasury,109492,305,7,5,0,1,0,36,"destructive,windows_native"
MRPREPCRP022.fmx,MRP/treasury,104660,269,3,6,0,1,0,26,"destructive,windows_native"
MRPREPCRP024.fmx,MRP/treasury,103780,265,2,6,0,1,0,25,"destructive,windows_native"
MRPREPCRP026.fmx,MRP/treasury,104756,269,3,6,0,1,0,25,"destructive,windows_native"
MRPREPCRP028.fmx,MRP/treasury,94896,234,0,5,0,1,0,24,"destructive,windows_native"
MRPREPCRP031.fmx,MRP/treasury,118288,323,7,6,0,1,0,35,"destructive,windows_native"
MRPREPCRP100.fmx,MRP/treasury,103984,266,2,6,0,1,0,27,"destructive,windows_native"
MRPREPMPS002.fmx,MRP/treasury,148460,448,24,5,0,1,0,49,"destructive,windows_native"
MRPREPMPS003.fmx,MRP/treasury,186416,615,27,5,0,1,0,81,"destructive,windows_native"
MRPREPMPS0061.fmx,MRP/treasury,209640,667,32,5,0,1,0,102,"destructive,windows_native"
MRPREPMPS0063.fmx,MRP/treasury,131196,464,26,4,0,1,0,81,"destructive,windows_native"
MRPREPMPS008.fmx,MRP/treasury,158132,523,20,6,0,1,0,83,"destructive,windows_native"
MRPREPMPS009.fmx,MRP/treasury,128176,411,14,4,0,1,0,58,"destructive,windows_native"
MRPREPPCM003.fmx,MRP/treasury,126864,360,5,4,0,1,0,37,"destructive,windows_native"
MRPREPPCM006.fmx,MRP/treasury,120180,345,8,4,0,1,0,33,"destructive,windows_native"
MRPREPPCM011.fmx,MRP/treasury,157908,478,26,5,0,1,0,48,"destructive,windows_native"
MRPREPPCM014.fmx,MRP/treasury,138548,383,14,4,0,1,0,36,"destructive,windows_native"
MRPREPPCM015.fmx,MRP/treasury,159976,501,35,5,0,1,0,69,"destructive,windows_native"
MRPREPPCM017.fmx,MRP/treasury,158016,476,17,4,0,1,0,45,"destructive,windows_native"
MRPREPPCM021.fmx,MRP/treasury,117540,340,8,4,0,1,0,30,"destructive,windows_native"
MRPREPPCM022.fmx,MRP/treasury,115808,335,4,4,0,1,0,33,"destructive,windows_native"
MRPREPPCM028.fmx,MRP/treasury,237552,753,82,8,0,1,0,111,"destructive,windows_native"
MRPREPPCM029.fmx,MRP/treasury,191348,631,64,8,0,1,0,82,"destructive,windows_native"
MRPREPPCM030.fmx,MRP/treasury,204196,629,62,5,0,1,0,76,"destructive,windows_native"
MRPREPPCM031.fmx,MRP/treasury,109152,307,8,4,0,1,0,37,"destructive,windows_native"
MRPREPPCM035.fmx,MRP/treasury,155604,504,40,5,0,1,0,48,"destructive,windows_native"
MRPREPPCM036.fmx,MRP/treasury,161152,508,30,4,0,1,0,50,"destructive,windows_native"
MRPREPPCM041.fmx,MRP/treasury,176880,535,19,5,4,1,0,79,"destructive,windows_native"
MRPREPPCM050.fmx,MRP/treasury,199448,647,62,5,0,1,0,80,"destructive,windows_native"
MRPREPPCM052.fmx,MRP/treasury,156116,530,52,6,0,1,0,73,"destructive,windows_native"
MRPREPPCM062.fmx,MRP/treasury,119724,361,9,4,0,1,0,39,"destructive,windows_native"
MRPREPPQC002.fmx,MRP/treasury,115120,302,6,6,0,1,0,35,"destructive,windows_native"
MRPREPPQC004.fmx,MRP/treasury,122180,311,9,4,0,1,0,39,"destructive,windows_native"
MRPREPPQC005.fmx,MRP/treasury,122140,312,9,4,0,1,0,39,"destructive,windows_native"
MRPREPPQC007.fmx,MRP/treasury,135016,354,12,4,0,1,0,49,"destructive,windows_native"
MRPREPPQC009.fmx,MRP/treasury,113964,298,6,4,0,1,0,34,"destructive,windows_native"
MRPREPPQC010.fmx,MRP/treasury,145652,378,17,4,0,1,0,44,"destructive,windows_native"
MRPREPPQC012.fmx,MRP/treasury,170668,464,29,5,0,1,0,62,"destructive,windows_native"
MRPREPPQC015.fmx,MRP/treasury,194276,497,35,4,0,1,0,79,"destructive,windows_native"
MRPREPPQC018.fmx,MRP/treasury,180028,536,40,4,0,1,0,88,"destructive,windows_native"
MRPREPPQC111.fmx,MRP/treasury,109720,277,5,4,0,1,0,31,"destructive,windows_native"
MRPREPSFC001.fmx,MRP/treasury,125920,344,9,4,0,1,0,52,"credentials,destructive,windows_native"
MRPREPSFC010.fmx,MRP/treasury,180148,572,33,8,0,1,0,83,"destructive,windows_native"
MRPREPSFC021.fmx,MRP/treasury,121284,365,13,5,0,1,0,56,"destructive,windows_native"
MRPREPSFC025.fmx,MRP/treasury,130192,431,24,6,0,1,0,59,"destructive,windows_native"
MRPREPSFC029.fmx,MRP/treasury,135908,443,20,5,0,1,0,68,"destructive,windows_native"
MRPREPSFC046.fmx,MRP/treasury,125532,376,21,4,0,1,0,57,"destructive,windows_native"
MRPREPSFC050.fmx,MRP/treasury,155804,395,16,5,0,1,0,51,"ddl_privilege,destructive,windows_native"
MRPREPSFC051.fmx,MRP/treasury,144876,392,20,6,0,1,0,50,"ddl_privilege,destructive,windows_native"
MRPREPSFC052.fmx,MRP/treasury,157504,417,21,5,0,1,0,59,"ddl_privilege,destructive,windows_native"
MRPREPSGS001.fmx,MRP/treasury,106852,291,9,5,0,1,0,41,"destructive,windows_native"
MRPREPSGS004.fmx,MRP/treasury,102228,274,4,5,0,1,0,34,"destructive,windows_native"
MRPREPSGS005.fmx,MRP/treasury,107528,303,7,5,0,1,0,35,"destructive,windows_native"
MRPREPSGS006.fmx,MRP/treasury,100772,280,5,5,0,1,0,34,"destructive,windows_native"
MRPREPSGS012.fmx,MRP/treasury,102708,272,4,5,0,1,0,33,"destructive,windows_native"
MRPSFC006.fmx,MRP/treasury,236772,649,53,8,1,1,0,87,"destructive,windows_native"
MRPSFC023.fmx,MRP/treasury,337148,866,47,14,0,1,0,111,"destructive,windows_native"
MRPSFC025.fmx,MRP/treasury,926288,2049,202,20,1,1,0,255,"destructive,windows_native"
MRPSFC026.fmx,MRP/treasury,259996,794,54,11,0,1,0,114,"destructive,windows_native"
MRPSFC027.fmx,MRP/treasury,294144,834,42,13,0,1,0,108,"destructive,windows_native"
MRPSFC028.fmx,MRP/treasury,225272,630,27,10,0,1,0,82,"destructive,windows_native"
MRPSFC029.fmx,MRP/treasury,342052,942,60,13,0,1,0,124,"ddl_privilege,destructive,windows_native"
MRPSFC030.fmx,MRP/treasury,363712,1019,84,9,1,1,0,137,"credentials,destructive,windows_native,session_control"
MRPSFC031.fmx,MRP/treasury,298608,856,75,10,3,1,0,117,"credentials,ddl_privilege,destructive,dynamic_sql,windows_native,session_control"
MRPSFC032.fmx,MRP/treasury,178644,481,25,8,0,1,0,69,"credentials,ddl_privilege,destructive,windows_native"
MRPSFC033.fmx,MRP/treasury,181836,480,19,10,0,1,0,77,"credentials,destructive,windows_native"
MRPSFC043.fmx,MRP/treasury,116776,314,7,5,0,1,0,53,"destructive,windows_native"
MRPSFC045.fmx,MRP/treasury,121936,340,9,4,0,1,0,47,"destructive,windows_native"
MRPSFC046.fmx,MRP/treasury,282308,677,45,9,0,1,0,116,"ddl_privilege,destructive,windows_native,session_control"
MRPSFC047.fmx,MRP/treasury,407348,1092,90,9,1,1,0,146,"credentials,destructive,windows_native,session_control"
MRPSFC048.fmx,MRP/treasury,153548,434,25,5,1,1,0,59,"credentials,destructive,windows_native"
MRPSFC07.fmx,MRP/treasury,144764,414,15,5,3,1,0,56,"credentials,destructive,windows_native"
MRPSGS04.fmx,MRP/treasury,105376,282,4,7,0,1,0,37,"ddl_privilege,destructive,windows_native"
MRPSGS06.fmx,MRP/treasury,198116,538,44,5,0,1,0,66,"destructive,windows_native"
MRPSGS08.fmx,MRP/treasury,136564,345,9,6,0,1,0,54,"ddl_privilege,destructive,windows_native"
MRPSGS13.fmx,MRP/treasury,144216,408,19,4,0,1,0,62,"destructive,windows_native"
MRPUPGRADE.fmx,MRP/treasury,46496,192,23,4,0,0,0,43,"credentials,ddl_privilege,destructive,dynamic_sql,windows_native"
MTXAGNT01.fmx,inventory/stock,96180,244,4,7,0,1,0,35,"destructive,windows_native"
MTXBCK001.fmx,inventory/stock,102804,267,8,6,0,1,0,40,"destructive,windows_native"
MTXBCK002.fmx,inventory/stock,103396,270,9,6,0,1,0,40,"destructive,windows_native"
MTXBILR01.fmx,inventory/stock,118688,336,18,7,0,1,0,41,"destructive,windows_native"
MTXBLL001.fmx,inventory/stock,80884,189,0,6,1,1,0,23,"destructive,windows_native"
MTXBLR002.fmx,inventory/stock,108488,273,4,6,0,1,0,35,"destructive,windows_native"
MTXBNK001.fmx,inventory/stock,99464,248,4,6,0,1,0,31,"destructive,windows_native"
MTXCAT001.fmx,inventory/stock,431528,1062,45,17,5,1,0,107,"destructive,windows_native"
MTXCATR01.fmx,inventory/stock,426380,1047,38,16,5,1,0,101,"destructive,windows_native"
MTXCCK001.fmx,inventory/stock,204860,484,14,8,4,1,0,53,"destructive,windows_native"
MTXCHKR001.fmx,inventory/stock,96852,271,5,6,1,1,0,36,"destructive,windows_native"
MTXCHKR03.fmx,inventory/stock,92464,229,1,7,0,1,0,28,"destructive,windows_native"
MTXCOD006.fmx,inventory/stock,80560,186,0,6,0,1,0,18,"destructive,windows_native"
MTXCOD007.fmx,inventory/stock,79080,182,0,6,0,1,0,18,"destructive,windows_native"
MTXCOD008.fmx,inventory/stock,79072,183,0,6,0,1,0,18,"destructive,windows_native"
MTXCOD009.fmx,inventory/stock,80492,195,1,6,0,1,0,20,"credentials,destructive,windows_native"
MTXCOD010.fmx,inventory/stock,79484,183,0,6,0,1,0,19,"destructive,windows_native"
MTXCOD011.fmx,inventory/stock,80616,196,1,6,0,1,0,20,"destructive,windows_native"
MTXCOD021.fmx,inventory/stock,80288,183,0,6,0,1,0,18,"destructive,windows_native"
MTXCOM001.fmx,inventory/stock,94028,222,3,6,0,1,0,32,"destructive,windows_native"
MTXCOM002.fmx,inventory/stock,105516,257,7,6,0,1,0,29,"credentials,destructive,windows_native"
MTXCOM003.fmx,inventory/stock,200084,504,30,6,5,2,0,67,"credentials,destructive,windows_native"
MTXCOM004.fmx,inventory/stock,183316,471,23,6,3,1,0,63,"destructive,windows_native"
MTXCRP003.fmx,inventory/stock,89880,217,5,6,0,1,0,28,"destructive,windows_native"
MTXCRP004.fmx,inventory/stock,92588,224,6,6,0,1,0,32,"destructive,windows_native"
MTXCRP005.fmx,inventory/stock,96384,230,10,6,0,1,0,30,"destructive,windows_native"
MTXCSHR02.fmx,inventory/stock,107480,281,10,6,0,1,0,39,"destructive,windows_native"
MTXCSHR03.fmx,inventory/stock,105428,277,10,6,0,1,0,37,"destructive,windows_native"
MTXCSTR01.fmx,inventory/stock,159372,411,8,8,3,1,0,52,"destructive,windows_native"
MTXFEE005.fmx,inventory/stock,96260,248,4,6,1,1,0,30,"destructive,windows_native"
MTXGLD004.fmx,inventory/stock,222976,610,32,8,7,1,0,70,"destructive,windows_native"
MTXGLD008.fmx,inventory/stock,782792,2012,91,14,9,1,0,250,"destructive,windows_native,network"
MTXGLD018.fmx,inventory/stock,445176,1125,65,17,8,1,0,117,"destructive,windows_native"
MTXGLD019.fmx,inventory/stock,398124,1009,57,17,7,1,0,103,"destructive,windows_native"
MTXGLD021.fmx,inventory/stock,594908,1418,43,15,11,1,0,148,"destructive,windows_native"
MTXGLR018.fmx,inventory/stock,414788,1070,59,17,6,1,0,113,"destructive,windows_native"
MTXGLR019.fmx,inventory/stock,412900,1064,57,17,6,1,0,112,"destructive,windows_native"
MTXGRP009.fmx,inventory/stock,105868,271,10,6,0,1,0,35,"destructive,windows_native"
MTXIAMD01.fmx,inventory/stock,121924,321,11,7,0,1,0,37,"destructive,windows_native"
MTXINR001.fmx,inventory/stock,88092,209,1,6,0,1,0,27,"destructive,windows_native"
MTXINR002.fmx,inventory/stock,132392,362,14,6,0,1,0,49,"destructive,windows_native"
MTXINR003.fmx,inventory/stock,126604,337,11,6,0,1,0,34,"destructive,windows_native"
MTXINR018.fmx,inventory/stock,106884,292,9,6,0,1,0,38,"destructive,windows_native"
MTXINR021.fmx,inventory/stock,144816,409,15,8,4,1,0,49,"destructive,windows_native"
MTXINW002.fmx,inventory/stock,596244,1520,88,8,3,1,0,157,"destructive,dynamic_sql,windows_native"
MTXINW003.fmx,inventory/stock,393708,1018,58,10,6,1,0,150,"destructive,windows_native,network"
MTXINW006.fmx,inventory/stock,193580,524,11,8,2,1,0,65,"destructive,windows_native"
MTXINW007.fmx,inventory/stock,114752,296,10,6,2,1,0,31,"destructive,windows_native"
MTXINW008.fmx,inventory/stock,220784,626,25,9,2,1,0,87,"destructive,windows_native"
MTXINW009.fmx,inventory/stock,204188,555,24,8,0,1,0,74,"destructive,windows_native"
MTXINW010.fmx,inventory/stock,265260,679,14,9,6,1,0,74,"destructive,windows_native"
MTXMNT001.fmx,inventory/stock,166916,389,21,6,1,1,0,45,"destructive,windows_native"
MTXMNT003.fmx,inventory/stock,369452,997,88,7,0,1,0,125,"credentials,destructive,windows_native"
MTXMNT007.fmx,inventory/stock,386552,779,13,10,4,1,0,118,"credentials,destructive,windows_native"
MTXMNT010.fmx,inventory/stock,102780,263,14,6,1,1,0,33,"destructive,windows_native"
MTXOAMD01.fmx,inventory/stock,100456,260,6,7,0,1,0,38,"destructive,windows_native"
MTXOCKR001.fmx,inventory/stock,88804,216,1,6,0,1,0,31,"destructive,windows_native"
MTXOCKR002.fmx,inventory/stock,88192,210,1,6,0,1,0,27,"destructive,windows_native"
MTXOCKR003.fmx,inventory/stock,88088,209,1,6,0,1,0,27,"destructive,windows_native"
MTXOCKR004.fmx,inventory/stock,88088,209,1,6,0,1,0,27,"destructive,windows_native"
MTXOCKR005.fmx,inventory/stock,88088,209,1,6,0,1,0,27,"destructive,windows_native"
MTXOCKR006.fmx,inventory/stock,99924,258,9,6,0,1,0,32,"destructive,windows_native"
MTXOUT001.fmx,inventory/stock,644088,1697,83,19,5,1,0,174,"destructive,dynamic_sql,windows_native,network"
MTXOUT002.fmx,inventory/stock,159672,414,27,6,1,1,0,34,"destructive,windows_native"
MTXOUT003.fmx,inventory/stock,172224,443,11,6,0,1,0,60,"destructive,windows_native,network"
MTXOUT004.fmx,inventory/stock,887940,2101,96,12,7,1,0,206,"destructive,dynamic_sql,windows_native,network"
MTXOUT005.fmx,inventory/stock,338408,935,40,7,6,1,0,128,"destructive,windows_native,network"
MTXOUT010.fmx,inventory/stock,206520,543,35,6,1,1,0,58,"destructive,windows_native"
MTXOUT014.fmx,inventory/stock,135248,346,10,6,1,1,0,44,"destructive,windows_native"
MTXOUT015.fmx,inventory/stock,134976,338,9,6,1,1,0,46,"destructive,windows_native"
MTXOUT016.fmx,inventory/stock,100520,253,7,6,0,1,0,31,"destructive,windows_native"
MTXOUT017.fmx,inventory/stock,216392,554,15,9,0,1,0,77,"destructive,windows_native"
MTXOUT018.fmx,inventory/stock,179624,453,10,8,2,1,0,54,"destructive,windows_native"
MTXOUT019.fmx,inventory/stock,167420,408,7,8,0,1,0,48,"destructive,windows_native"
MTXOUTR001.fmx,inventory/stock,88088,209,1,6,0,1,0,27,"destructive,windows_native"
MTXOUTR008.fmx,inventory/stock,107640,293,12,7,1,1,0,32,"destructive,windows_native"
MTXOUTR010.fmx,inventory/stock,111460,300,10,7,0,1,0,35,"destructive,windows_native"
MTXOUTR011.fmx,inventory/stock,121956,342,17,7,0,1,0,36,"destructive,windows_native"
MTXOUTR09.fmx,inventory/stock,126676,344,15,7,0,1,0,38,"destructive,windows_native"
MTXRESBKUP.fmx,inventory/stock,70928,193,9,2,0,0,0,32,"credentials,ddl_privilege,destructive,windows_native"
MTXROP002.fmx,inventory/stock,103460,250,7,6,1,1,0,52,"destructive,windows_native"
MTXRP39.fmx,inventory/stock,120868,345,17,7,0,1,0,37,"destructive,windows_native"
MTXSTP001.fmx,inventory/stock,239248,622,26,17,5,1,0,92,"ddl_privilege,destructive,windows_native"
MTXSTP002.fmx,inventory/stock,121092,302,10,6,0,1,0,38,"destructive,windows_native"
MTXSTP006.fmx,inventory/stock,116200,271,5,6,1,1,0,30,"destructive,windows_native"
MTXSTP007.fmx,inventory/stock,98080,221,0,6,0,1,0,21,"destructive,windows_native"
MTXSTP009.fmx,inventory/stock,101552,224,1,6,0,1,0,26,"destructive,windows_native"
MTXSTP010.fmx,inventory/stock,187756,473,41,8,1,1,0,48,"destructive,windows_native"
MTXSTP011.fmx,inventory/stock,123480,295,15,6,0,1,0,45,"destructive,windows_native"
MTXSTP012.fmx,inventory/stock,115284,277,11,6,0,1,0,46,"destructive,windows_native"
MTXSTP022.fmx,inventory/stock,235132,483,4,8,2,1,0,40,"destructive,windows_native"
MTXSTP024.fmx,inventory/stock,134624,330,14,6,0,1,0,46,"destructive,windows_native"
MTXSTP026.fmx,inventory/stock,110776,306,19,6,3,1,0,44,"destructive,windows_native"
MTXSTP036.fmx,inventory/stock,85604,222,2,6,0,1,0,21,"destructive,windows_native"
MTXSTP040.fmx,inventory/stock,120904,288,6,6,1,1,0,33,"destructive,windows_native"
MTXSTP042.fmx,inventory/stock,131308,336,21,8,0,1,0,39,"destructive,windows_native"
MTXSTP043.fmx,inventory/stock,156368,511,42,14,2,1,0,60,"destructive,windows_native"
MTXTRS001.fmx,inventory/stock,337820,898,46,14,4,1,0,88,"destructive,windows_native"
MTXTRS002.fmx,inventory/stock,375264,956,44,13,4,1,0,86,"destructive,windows_native"
MTXTRSR01.fmx,inventory/stock,133356,365,11,8,3,1,0,38,"destructive,windows_native"
MTXTRSR02.fmx,inventory/stock,136268,366,8,8,3,1,0,42,"destructive,windows_native"
MTXTRSR03.fmx,inventory/stock,139552,378,11,8,3,1,0,38,"destructive,windows_native"
MTXTRV002.fmx,inventory/stock,100448,250,8,6,1,1,0,27,"credentials,destructive,windows_native"
MTXTRV004.fmx,inventory/stock,123024,319,19,6,0,1,0,37,"destructive,windows_native"
MTXWST002.fmx,inventory/stock,325288,832,27,7,7,1,0,72,"destructive,windows_native"
MTXWST003.fmx,inventory/stock,115104,313,15,7,0,1,0,35,"destructive,windows_native"
MTXXCH009.fmx,inventory/stock,299300,756,27,8,1,1,0,68,"destructive,windows_native"
MTXXCH011.fmx,inventory/stock,171620,506,17,7,2,1,0,71,"destructive,windows_native"
MTX_ERP_DBA.fmx,inventory/stock,40088,149,15,14,0,0,0,39,"credentials,ddl_privilege,windows_native"
MtxXrp001.fmx,inventory/stock,92544,235,8,6,0,1,0,29,"destructive,windows_native"
MtxXrp002.fmx,inventory/stock,158040,427,9,8,3,1,0,43,"destructive,windows_native"
MtxXrp003.fmx,inventory/stock,135580,361,11,8,3,1,0,40,"destructive,windows_native"
MtxXrp004.fmx,inventory/stock,135620,364,14,8,3,1,0,40,"destructive,windows_native"
MtxXrp022.fmx,inventory/stock,170104,465,16,8,3,1,0,45,"destructive,windows_native"
Mtxblr001.fmx,inventory/stock,94748,236,3,6,0,1,0,34,"destructive,windows_native"
Mtxcrp001.fmx,inventory/stock,89984,219,1,6,0,1,0,32,"destructive,windows_native"
Mtxcrp002.fmx,inventory/stock,88692,213,1,6,0,1,0,31,"destructive,windows_native"
Mtxcrp006.fmx,inventory/stock,88692,213,1,6,0,1,0,31,"destructive,windows_native"
Mtxcrp007.fmx,inventory/stock,88696,213,1,6,0,1,0,31,"destructive,windows_native"
Mtxcrp008.fmx,inventory/stock,88700,213,1,6,0,1,0,31,"destructive,windows_native"
Mtxcrp009.fmx,inventory/stock,88700,213,1,6,0,1,0,31,"destructive,windows_native"
Mtxcrp010.fmx,inventory/stock,88700,213,1,6,0,1,0,31,"destructive,windows_native"
Mtxcrp011.fmx,inventory/stock,91500,229,5,6,0,1,0,33,"destructive,windows_native"
Mtxusr001.fmx,inventory/stock,117428,295,4,7,0,1,0,38,"destructive,windows_native"
Mtxxrp005.fmx,inventory/stock,101696,266,10,6,0,1,0,40,"destructive,windows_native"
Mtxxrp006.fmx,inventory/stock,93572,230,6,6,0,1,0,30,"destructive,windows_native"
Mtxxrp007.fmx,inventory/stock,98432,252,10,6,0,1,0,32,"destructive,windows_native"
Mtxxrp008.fmx,inventory/stock,92160,226,1,6,0,1,0,30,"destructive,windows_native"
Mtxxrp009.fmx,inventory/stock,95988,236,1,6,0,1,0,31,"destructive,windows_native"
Mtxxrp011.fmx,inventory/stock,89372,215,1,6,0,1,0,27,"destructive,windows_native"
Mtxxrp024.fmx,inventory/stock,92692,230,5,6,0,1,0,30,"destructive,windows_native"
OTHR001.fmx,other,168520,562,8,34,8,1,0,53,"credentials,ddl_privilege,destructive,windows_native"
OTHR002.fmx,other,173200,581,27,36,8,1,0,64,"credentials,ddl_privilege,destructive,windows_native"
OTHR004.fmx,other,168012,584,29,33,8,1,0,54,"credentials,ddl_privilege,destructive,windows_native"
OTHR005.fmx,other,164608,545,14,33,8,1,0,56,"credentials,ddl_privilege,destructive,windows_native"
PMSI022.fmx,MRP/treasury,339604,1018,31,36,8,1,0,111,"credentials,ddl_privilege,destructive,windows_native"
PMSI023.fmx,MRP/treasury,366556,1048,32,36,8,1,0,109,"credentials,ddl_privilege,destructive,windows_native"
PMSI024.fmx,MRP/treasury,610156,1435,44,38,10,2,1,158,"credentials,ddl_privilege,destructive,windows_native"
PMSI026.fmx,MRP/treasury,295292,873,19,37,8,2,1,94,"credentials,ddl_privilege,destructive,windows_native"
PMSR001.fmx,MRP/treasury,181552,529,9,16,3,1,0,67,"credentials,destructive"
PMSR002.fmx,MRP/treasury,181552,529,9,16,3,1,0,67,"credentials,destructive"
PMSR003.fmx,MRP/treasury,223044,660,15,17,3,1,0,74,"credentials,destructive"
PMSR004.fmx,MRP/treasury,223712,662,15,17,3,1,0,74,"credentials,destructive"
PMSR005.fmx,MRP/treasury,229608,688,15,20,3,1,0,84,"credentials,destructive"
PMSR006.fmx,MRP/treasury,229816,686,15,20,3,1,0,85,"credentials,destructive"
PMSR007.fmx,MRP/treasury,233348,699,15,20,3,1,0,86,"credentials,destructive"
PMSR008.fmx,MRP/treasury,229124,687,15,20,3,1,0,83,"credentials,destructive"
PMSR009.fmx,MRP/treasury,228548,685,15,20,3,1,0,84,"credentials,destructive"
PMSR010.fmx,MRP/treasury,229072,687,15,20,3,1,0,83,"credentials,destructive"
PMSR011.fmx,MRP/treasury,228536,685,15,20,3,1,0,82,"credentials,destructive"
PMSR012.fmx,MRP/treasury,229200,688,15,20,3,1,0,84,"credentials,destructive"
PMSR013.fmx,MRP/treasury,229332,689,15,20,3,1,0,85,"credentials,destructive"
PMSR014.fmx,MRP/treasury,229856,688,15,20,3,1,0,86,"credentials,destructive"
PMSR015.fmx,MRP/treasury,229120,687,15,20,3,1,0,83,"credentials,destructive"
PMSR016.fmx,MRP/treasury,229200,688,15,20,3,1,0,84,"credentials,destructive"
PMSR017.fmx,MRP/treasury,230212,690,15,20,3,1,0,88,"credentials,destructive"
PMSR018.fmx,MRP/treasury,240424,693,15,20,3,1,0,84,"credentials,destructive"
PMSR019.fmx,MRP/treasury,223540,662,15,17,3,1,0,74,"credentials,destructive"
PMSR020.fmx,MRP/treasury,223548,662,15,17,3,1,0,74,"credentials,destructive"
PMSR021.fmx,MRP/treasury,231048,694,16,20,3,1,0,87,"credentials,destructive"
PMSR022.fmx,MRP/treasury,229336,689,15,20,3,1,0,85,"credentials,destructive"
PMSR023.fmx,MRP/treasury,231048,694,16,20,3,1,0,87,"credentials,destructive"
PMSS004.fmx,MRP/treasury,279532,836,19,35,8,1,0,82,"credentials,ddl_privilege,destructive,windows_native"
PMSS005.fmx,MRP/treasury,376292,1034,17,37,8,2,1,115,"credentials,ddl_privilege,destructive,windows_native,network"
PMSS007.fmx,MRP/treasury,219324,690,15,34,8,1,0,59,"credentials,ddl_privilege,destructive,windows_native"
PMSS008.fmx,MRP/treasury,175848,585,13,34,8,1,0,55,"credentials,ddl_privilege,destructive,windows_native"
PMST062.fmx,MRP/treasury,593432,1456,41,42,8,2,1,154,"credentials,ddl_privilege,destructive,windows_native"
PMST063.fmx,MRP/treasury,481168,1313,39,41,10,2,1,169,"credentials,ddl_privilege,destructive,windows_native"
PMST068.fmx,MRP/treasury,424776,1223,42,38,10,1,0,136,"credentials,ddl_privilege,destructive,windows_native"
PMST069.fmx,MRP/treasury,435340,1238,39,38,10,1,0,157,"credentials,ddl_privilege,destructive,windows_native"
PMST070.fmx,MRP/treasury,405024,1187,40,36,10,1,0,143,"credentials,ddl_privilege,destructive,windows_native"
PMST071.fmx,MRP/treasury,396976,1165,39,36,10,1,0,136,"credentials,ddl_privilege,destructive,windows_native"
PMST080.fmx,MRP/treasury,303280,952,24,36,8,1,0,111,"credentials,ddl_privilege,destructive,windows_native"
PMST081.fmx,MRP/treasury,304348,956,25,36,8,1,0,104,"credentials,ddl_privilege,destructive,windows_native"
PMST082.fmx,MRP/treasury,378696,1134,35,36,10,1,0,125,"credentials,ddl_privilege,destructive,windows_native"
PMST083.fmx,MRP/treasury,306208,971,26,36,8,1,0,102,"credentials,ddl_privilege,destructive,windows_native"
PMST090.fmx,MRP/treasury,184352,652,11,31,10,2,1,56,"credentials,ddl_privilege,destructive,windows_native"
PMST091.fmx,MRP/treasury,404560,1183,43,36,10,1,0,138,"credentials,ddl_privilege,destructive,windows_native"
PMS_IMPXLS_1.fmx,MRP/treasury,262696,851,15,36,8,2,0,99,"credentials,ddl_privilege,destructive,windows_native"
POSADVS.fmx,POS,92140,325,4,5,0,0,0,42,"destructive,session_control"
POSI001.fmx,POS,234800,836,65,33,8,1,0,109,"credentials,ddl_privilege,destructive,windows_native,network"
POSI002.fmx,POS,154884,524,16,31,8,1,0,56,"credentials,ddl_privilege,destructive,windows_native"
POSI003.fmx,POS,203496,668,28,31,8,1,0,81,"credentials,ddl_privilege,destructive,windows_native"
POSI004.fmx,POS,143888,481,6,29,8,1,0,48,"credentials,ddl_privilege,destructive,windows_native"
POSI005.fmx,POS,158108,538,17,30,8,1,0,56,"credentials,ddl_privilege,destructive,windows_native"
POSI006.fmx,POS,154924,534,16,31,8,1,0,56,"credentials,ddl_privilege,destructive,windows_native"
POSI007.fmx,POS,186716,632,27,32,8,3,0,63,"credentials,ddl_privilege,destructive,dynamic_sql,windows_native"
POSI008.fmx,POS,212464,666,20,31,8,1,0,71,"credentials,ddl_privilege,destructive,windows_native"
POSI009.fmx,POS,160588,563,24,31,8,1,0,57,"credentials,ddl_privilege,destructive,windows_native"
POSI010.fmx,POS,217124,745,40,32,9,2,1,77,"credentials,ddl_privilege,destructive,windows_native"
POSI011.fmx,POS,167380,596,25,32,8,1,0,61,"credentials,ddl_privilege,destructive,windows_native"
POSI012.fmx,POS,217756,706,29,35,8,3,0,65,"credentials,ddl_privilege,destructive,dynamic_sql,windows_native"
POSI014.fmx,POS,159352,566,16,38,8,1,0,75,"credentials,ddl_privilege,destructive,windows_native,network"
POSLGN.fmx,POS,19452264,1890,83,17,5,8,5,239,"credentials,ddl_privilege,destructive,windows_native,session_control,network"
POSR001.fmx,POS,202044,839,56,15,3,1,0,97,"credentials,ddl_privilege,destructive,windows_native"
POSR002.fmx,POS,278820,1168,89,15,3,1,0,126,"credentials,ddl_privilege,destructive,dynamic_sql,windows_native"
POSR003.fmx,POS,103816,361,15,14,3,1,0,53,"credentials,destructive"
POSR004.fmx,POS,151368,563,31,14,3,1,0,73,"credentials,destructive,windows_native"
POSR005.fmx,POS,140288,489,25,14,3,1,0,66,"credentials,destructive,windows_native"
POSR006.fmx,POS,117276,418,30,14,3,1,0,63,"credentials,ddl_privilege,destructive,windows_native"
POSR007.fmx,POS,197984,791,59,14,3,1,0,89,"credentials,ddl_privilege,destructive,dynamic_sql,windows_native"
POSR008.fmx,POS,104068,365,18,13,3,1,0,53,"credentials,destructive"
POSR009.fmx,POS,109456,374,20,14,3,1,0,58,"credentials,destructive"
POSR010.fmx,POS,133824,477,34,14,3,1,0,65,"credentials,ddl_privilege,destructive"
POSR011.fmx,POS,162604,633,53,14,3,1,0,81,"credentials,destructive"
POSS001.fmx,POS,262196,1006,39,34,11,1,0,132,"credentials,ddl_privilege,destructive,windows_native,network"
POSS002.fmx,POS,237904,756,38,31,8,1,0,76,"credentials,ddl_privilege,destructive,windows_native"
POSS003.fmx,POS,163920,549,10,30,8,1,0,59,"credentials,ddl_privilege,destructive,windows_native"
POST001.fmx,POS,1315148,3525,198,56,13,4,1,327,"credentials,ddl_privilege,destructive,dynamic_sql,windows_native,network"
POST002.fmx,POS,943784,2607,159,49,13,3,0,262,"credentials,ddl_privilege,destructive,dynamic_sql,windows_native,network"
POST003.fmx,POS,387260,1228,62,36,10,2,0,136,"credentials,ddl_privilege,destructive,windows_native"
POST004.fmx,POS,537048,1613,77,44,20,1,0,213,"credentials,ddl_privilege,destructive,dynamic_sql,windows_native"
POST005.fmx,POS,492868,1445,67,43,20,1,0,212,"credentials,ddl_privilege,destructive,windows_native"
POST006.fmx,POS,212612,711,31,33,8,1,0,80,"credentials,ddl_privilege,destructive,dynamic_sql,windows_native,network"
POST008.fmx,POS,334204,1172,160,38,10,2,0,272,"credentials,ddl_privilege,destructive,dynamic_sql,windows_native,error_handling,session_control,network"
POST009.fmx,POS,170376,608,9,31,8,1,0,67,"credentials,ddl_privilege,destructive,windows_native"
POST010.fmx,POS,237168,776,28,34,8,1,0,101,"credentials,ddl_privilege,destructive,windows_native"
POST011.fmx,POS,228868,742,39,35,12,1,0,120,"credentials,ddl_privilege,destructive,windows_native"
POST012.fmx,POS,205680,582,15,30,8,1,0,82,"credentials,ddl_privilege,destructive,windows_native"
POST013.fmx,POS,312548,970,47,36,9,1,0,126,"credentials,ddl_privilege,destructive,windows_native"
POST014.fmx,POS,163632,554,22,30,8,1,0,56,"credentials,ddl_privilege,destructive,windows_native"
POST015.fmx,POS,255564,880,31,35,10,1,0,105,"credentials,ddl_privilege,destructive,windows_native"
POST016.fmx,POS,190140,624,18,31,8,1,0,74,"credentials,ddl_privilege,destructive,windows_native"
POST017.fmx,POS,339096,1053,45,34,9,1,0,109,"credentials,ddl_privilege,destructive,windows_native"
POST018.fmx,POS,620688,2063,128,50,8,3,0,256,"credentials,ddl_privilege,destructive,dynamic_sql,windows_native"
POST019.fmx,POS,617080,1974,148,43,9,3,0,215,"credentials,ddl_privilege,destructive,dynamic_sql,windows_native"
POST020.fmx,POS,322404,1081,62,37,9,2,0,129,"credentials,ddl_privilege,destructive,windows_native"
POST021.fmx,POS,170500,624,19,33,8,1,0,65,"credentials,ddl_privilege,destructive,windows_native"
POST022.fmx,POS,278020,926,46,39,8,1,0,129,"credentials,destructive,windows_native"
POST_WST.fmx,POS,10524,20,0,0,1,0,0,5,
POS_INSTALL.fmx,POS,695560,4083,846,40,6,0,0,661,"credentials,ddl_privilege,destructive,dynamic_sql,windows_native,error_handling,session_control,network"
REMI001.fmx,other-finance/operations,527564,1649,115,43,8,13,12,204,"credentials,ddl_privilege,destructive,windows_native"
REMI003.fmx,other-finance/operations,322072,1051,66,37,9,1,0,109,"credentials,ddl_privilege,destructive,windows_native"
REMI010.fmx,other-finance/operations,659912,2141,200,40,9,19,17,225,"credentials,ddl_privilege,destructive,windows_native"
REMIMPXLS_REAL.fmx,other-finance/operations,181620,615,12,34,8,2,0,76,"credentials,ddl_privilege,destructive,windows_native"
REMR003.fmx,other-finance/operations,218680,689,39,16,3,1,0,87,"credentials,destructive"
REMR005.fmx,other-finance/operations,120772,430,31,17,3,1,0,55,"credentials,destructive"
REMR006.fmx,other-finance/operations,114968,392,20,16,3,1,0,53,"credentials,destructive"
REMR008.fmx,other-finance/operations,119860,424,20,16,3,1,0,57,"credentials,destructive"
REMR009.fmx,other-finance/operations,118860,411,20,16,3,1,0,56,"credentials,destructive"
REMR010.fmx,other-finance/operations,116104,398,20,16,3,1,0,54,"credentials,destructive"
REMR012.fmx,other-finance/operations,117212,405,20,16,3,1,0,54,"credentials,destructive"
REMR014.fmx,other-finance/operations,112640,383,18,16,3,1,0,54,"credentials,destructive"
REMR020.fmx,other-finance/operations,111164,385,20,16,3,1,0,53,"credentials,destructive"
REMR022.fmx,other-finance/operations,110928,398,24,15,3,1,0,62,"credentials,destructive"
REMR030.fmx,other-finance/operations,128968,441,26,16,3,1,0,65,"credentials,destructive"
REMR031.fmx,other-finance/operations,206104,625,26,18,3,1,0,85,"credentials,destructive"
REMR032.fmx,other-finance/operations,209820,679,38,17,3,1,0,89,"credentials,ddl_privilege,destructive,windows_native"
REMR033.fmx,other-finance/operations,200960,614,25,17,3,1,0,82,"credentials,destructive"
REMS001.fmx,other-finance/operations,173556,601,22,34,8,1,0,75,"credentials,ddl_privilege,destructive,windows_native"
REMS004.fmx,other-finance/operations,286080,847,25,36,7,1,0,103,"credentials,ddl_privilege,destructive,windows_native"
REMS006.fmx,other-finance/operations,290140,849,23,34,8,1,0,91,"credentials,ddl_privilege,destructive,windows_native"
REMS008.fmx,other-finance/operations,189644,609,27,32,8,1,0,76,"credentials,ddl_privilege,destructive,windows_native"
REMS010.fmx,other-finance/operations,156796,528,11,32,10,2,1,49,"credentials,ddl_privilege,destructive,windows_native"
REMS011.fmx,other-finance/operations,195784,646,19,33,8,1,0,62,"credentials,ddl_privilege,destructive,windows_native"
REMT001.fmx,other-finance/operations,686328,2039,141,47,10,12,11,244,"credentials,ddl_privilege,destructive,windows_native"
REMT003.fmx,other-finance/operations,513548,1542,114,44,10,2,1,206,"credentials,ddl_privilege,destructive,windows_native"
REMT004.fmx,other-finance/operations,422168,1325,75,43,10,2,1,157,"credentials,destructive,windows_native"
REMT005.fmx,other-finance/operations,387132,1104,38,40,10,2,1,135,"credentials,ddl_privilege,destructive,windows_native"
REMT006.fmx,other-finance/operations,322820,1035,42,40,8,2,1,135,"credentials,ddl_privilege,destructive,windows_native"
REMT010.fmx,other-finance/operations,396516,1219,71,44,8,2,1,157,"credentials,ddl_privilege,destructive,windows_native"
REMT011.fmx,other-finance/operations,427948,1356,77,43,10,2,1,163,"credentials,destructive,windows_native"
REMT012.fmx,other-finance/operations,330616,981,25,37,8,1,0,110,"credentials,ddl_privilege,destructive,windows_native"
REMT014.fmx,other-finance/operations,306536,939,30,40,8,1,0,112,"credentials,ddl_privilege,destructive,windows_native"
REMT015.fmx,other-finance/operations,300392,915,33,38,8,7,6,106,"credentials,ddl_privilege,destructive,windows_native"
REMT020.fmx,other-finance/operations,363580,1056,29,41,10,1,0,135,"credentials,ddl_privilege,destructive,windows_native"
REMT022.fmx,other-finance/operations,324180,1066,60,42,8,2,1,137,"credentials,ddl_privilege,destructive,windows_native"
REMT024.fmx,other-finance/operations,325556,922,21,35,8,1,0,105,"credentials,ddl_privilege,destructive,windows_native"
REMT025.fmx,other-finance/operations,302788,889,16,35,8,1,0,100,"credentials,ddl_privilege,destructive,windows_native"
REMT030.fmx,other-finance/operations,218436,690,11,34,8,1,0,110,"credentials,ddl_privilege,destructive,windows_native"
REM_ALRTS001.fmx,other-finance/operations,162896,544,9,33,8,1,0,64,"credentials,ddl_privilege,destructive,windows_native"
REQFRMWEB.fmx,other,123812,318,5,10,0,1,0,36,"destructive,windows_native"
REST001.fmx,other,805792,1905,104,44,26,1,0,243,"credentials,ddl_privilege,destructive,dynamic_sql,windows_native"
SEC001.fmx,other,156160,515,8,32,8,1,0,51,"credentials,ddl_privilege,destructive,windows_native"
SEC002.fmx,other,153332,512,9,32,8,1,0,53,"credentials,ddl_privilege,destructive,windows_native"
SEC003.fmx,other,151228,501,6,32,8,1,0,50,"credentials,ddl_privilege,destructive,windows_native"
SEC004.fmx,other,189200,603,14,33,8,1,0,63,"credentials,ddl_privilege,destructive,windows_native"
SEC005.fmx,other,154260,515,6,33,8,1,0,51,"credentials,ddl_privilege,destructive,windows_native"
SECFM10.fmx,other,103244,242,8,7,0,1,0,43,"ddl_privilege,destructive,windows_native"
SHLI001.fmx,other-finance/operations,512760,1141,30,35,8,1,0,142,"credentials,ddl_privilege,destructive,windows_native"
SHLI002.fmx,other-finance/operations,266196,799,15,35,8,1,0,87,"credentials,ddl_privilege,destructive,windows_native"
SHLI003.fmx,other-finance/operations,285432,840,15,35,8,1,0,86,"credentials,ddl_privilege,destructive,windows_native"
SHLR001.fmx,other-finance/operations,214064,637,16,18,3,1,0,76,"credentials,destructive"
SHLR002.fmx,other-finance/operations,216380,641,16,18,3,1,0,73,"credentials,destructive"
SHLR003.fmx,other-finance/operations,216380,640,16,18,3,1,0,72,"credentials,destructive"
SHLR004.fmx,other-finance/operations,209560,625,16,18,3,1,0,72,"credentials,destructive"
SHLR005.fmx,other-finance/operations,214808,637,16,18,3,1,0,73,"credentials,destructive"
SHLR006.fmx,other-finance/operations,216456,641,16,18,3,1,0,73,"credentials,destructive"
SHLR007.fmx,other-finance/operations,216456,641,16,18,3,1,0,73,"credentials,destructive"
SHLR008.fmx,other-finance/operations,211112,629,16,18,3,1,0,72,"credentials,destructive"
SHLR009.fmx,other-finance/operations,208924,622,16,18,3,1,0,72,"credentials,destructive"
SHLR010.fmx,other-finance/operations,225704,662,16,19,3,1,0,75,"credentials,destructive"
SHLR011.fmx,other-finance/operations,213304,632,16,18,3,1,0,73,"credentials,destructive"
SHLR012.fmx,other-finance/operations,224768,660,16,19,3,1,0,75,"credentials,destructive"
SHLR013.fmx,other-finance/operations,220096,647,16,19,3,1,0,75,"credentials,destructive"
SHLS001.fmx,other-finance/operations,157408,524,12,32,8,1,0,49,"credentials,ddl_privilege,destructive,windows_native"
SHLS002.fmx,other-finance/operations,292988,872,17,34,10,1,0,86,"credentials,ddl_privilege,destructive,windows_native"
SHLS003.fmx,other-finance/operations,171148,570,15,34,8,1,0,57,"credentials,ddl_privilege,destructive,windows_native"
SHLS004.fmx,other-finance/operations,201604,626,19,34,8,1,0,64,"credentials,ddl_privilege,destructive,windows_native"
SHLT001.fmx,other-finance/operations,337928,970,19,36,8,1,0,110,"credentials,ddl_privilege,destructive,windows_native"
SHLT002.fmx,other-finance/operations,300372,912,16,36,8,1,0,101,"credentials,ddl_privilege,destructive,windows_native"
SHLT003.fmx,other-finance/operations,277192,829,14,36,8,1,0,92,"credentials,ddl_privilege,destructive,windows_native"
SHLT004.fmx,other-finance/operations,297020,887,18,36,8,1,0,109,"credentials,ddl_privilege,destructive,windows_native"
SHLT005.fmx,other-finance/operations,319828,939,19,36,8,1,0,104,"credentials,ddl_privilege,destructive,windows_native"
SHLT006.fmx,other-finance/operations,318900,940,24,36,8,1,0,112,"credentials,ddl_privilege,destructive,windows_native"
SHLT007.fmx,other-finance/operations,283092,844,14,36,8,1,0,91,"credentials,ddl_privilege,destructive,windows_native"
SHLT008.fmx,other-finance/operations,286748,861,17,36,8,1,0,97,"credentials,ddl_privilege,destructive,windows_native"
SHLT010.fmx,other-finance/operations,341696,976,23,36,8,1,0,110,"credentials,ddl_privilege,destructive,windows_native"
SHLT011.fmx,other-finance/operations,324412,937,21,36,8,1,0,106,"credentials,ddl_privilege,destructive,windows_native"
SHOI001.fmx,other-finance/operations,310264,1030,74,34,7,1,0,119,"credentials,ddl_privilege,destructive,windows_native"
SHOI002.fmx,other-finance/operations,165376,562,21,33,8,1,0,55,"credentials,ddl_privilege,destructive,windows_native"
SHOR001.fmx,other-finance/operations,184124,722,80,17,3,1,0,101,"credentials,destructive,windows_native"
SHOS001.fmx,other-finance/operations,183312,693,49,32,8,1,0,91,"credentials,destructive,windows_native"
SHP027.fmx,other-finance/operations,747368,3755,397,32,40,1,0,344,"credentials,ddl_privilege,destructive,windows_native,error_handling"
SHPDBA.fmx,other-finance/operations,590452,4599,531,56,44,0,0,501,"credentials,ddl_privilege,destructive,dynamic_sql,windows_native,error_handling"
SHPDBA_FULL.fmx,other-finance/operations,411600,3422,360,50,8,0,0,367,"credentials,ddl_privilege,destructive,dynamic_sql,windows_native,error_handling"
SHPI001.fmx,other-finance/operations,251320,834,38,36,8,1,0,91,"credentials,ddl_privilege,destructive,windows_native"
SHPI002.fmx,other-finance/operations,263960,858,40,40,8,1,0,101,"credentials,ddl_privilege,destructive,windows_native"
SHPR001.fmx,other-finance/operations,202384,710,81,16,3,1,0,85,"credentials,destructive,windows_native"
SHPR002.fmx,other-finance/operations,194112,686,76,16,3,1,0,83,"credentials,destructive,windows_native"
SHPS001.fmx,other-finance/operations,178884,624,19,34,9,1,0,70,"credentials,ddl_privilege,destructive,windows_native"
SHPS002.fmx,other-finance/operations,156736,535,16,33,8,1,0,55,"credentials,ddl_privilege,destructive,windows_native"
SHPT001.fmx,other-finance/operations,598164,1792,144,53,9,1,0,207,"credentials,destructive,windows_native"
SHPT002.fmx,other-finance/operations,649196,1974,172,53,11,1,0,224,"credentials,destructive,windows_native"
SHPT003.fmx,other-finance/operations,433100,1379,64,43,9,1,0,155,"credentials,ddl_privilege,destructive,windows_native"
SHPT004.fmx,other-finance/operations,432300,1382,67,42,9,1,0,155,"credentials,ddl_privilege,destructive,windows_native"
SHPT005.fmx,other-finance/operations,431732,1382,65,42,9,1,0,155,"credentials,ddl_privilege,destructive,windows_native"
SHPT006.fmx,other-finance/operations,485800,1551,105,50,9,1,0,185,"credentials,ddl_privilege,destructive,windows_native"
SHPT007.fmx,other-finance/operations,262112,855,40,40,8,1,0,102,"credentials,ddl_privilege,destructive,windows_native"
SHP_DBA.fmx,other-finance/operations,747380,3755,397,32,40,1,0,344,"credentials,ddl_privilege,destructive,windows_native,error_handling"
STNI001.fmx,other,218964,728,30,36,8,1,0,82,"credentials,ddl_privilege,destructive,dynamic_sql,windows_native"
STNR001.fmx,other,217916,664,24,19,3,1,0,78,"credentials,destructive"
STNR002.fmx,other,219320,677,22,19,3,1,0,84,"credentials,destructive"
STNR003.fmx,other,226612,695,28,18,3,1,0,86,"credentials,destructive"
STNR004.fmx,other,266232,904,68,19,3,1,0,107,"credentials,destructive"
STNR005.fmx,other,277380,931,72,20,3,1,0,129,"credentials,destructive"
STNS002.fmx,other,265292,806,22,36,8,1,0,84,"credentials,ddl_privilege,destructive,windows_native,network"
STNS003.fmx,other,292996,923,39,36,8,1,0,110,"credentials,ddl_privilege,destructive,windows_native,network"
STNS004.fmx,other,342472,1057,52,37,8,1,0,105,"credentials,ddl_privilege,destructive,windows_native,network"
STNT001.fmx,other,359336,1057,43,38,8,1,0,114,"credentials,ddl_privilege,destructive,windows_native"
STNT002.fmx,other,509972,1422,67,45,10,3,2,179,"credentials,ddl_privilege,destructive,dynamic_sql,windows_native"
STNT003.fmx,other,653960,1771,93,48,10,2,1,243,"credentials,ddl_privilege,destructive,windows_native"
STNT003_old.fmx,other,592144,1645,85,46,10,2,1,222,"credentials,ddl_privilege,destructive,windows_native"
STNT004.fmx,other,357528,1094,27,31,14,1,0,161,"credentials,destructive,windows_native"
TELEYEMEN_FNGI008.fmx,other,838124,1992,37,42,8,2,0,224,"credentials,ddl_privilege,destructive,dynamic_sql,windows_native"
YS_EMP_TRNS.fmx,other,111200,421,13,19,2,0,0,46,"destructive,windows_native"
YS_EMP_UPD_DATA.fmx,other,373592,1062,31,41,8,1,0,117,"credentials,ddl_privilege,destructive,dynamic_sql,windows_native"
YS_FAS_FLTR.fmx,other,343004,976,23,38,10,1,0,109,"credentials,ddl_privilege,destructive,windows_native"
YS_HRS_FLTR.fmx,other,344936,978,24,38,10,1,0,109,"credentials,ddl_privilege,destructive,windows_native"
YS_ICODE_LOV.fmx,other,283824,679,5,11,0,2,1,87,"destructive,windows_native"
YS_IMPXLS_EMP.fmx,other,243480,953,15,38,8,2,0,102,"credentials,ddl_privilege,destructive,windows_native"
YS_IMPXLS_HRCHY.fmx,other,182328,659,14,36,8,2,0,71,"credentials,ddl_privilege,destructive,windows_native"
activation_code.fmx,other,319216,1086,21,5,1,3,0,144,"credentials,destructive,windows_native,error_handling"
fast090.fmx,GL/finance,457920,1381,62,47,10,1,0,178,"credentials,destructive,windows_native"
glsi007_acc_pj.fmx,GL/finance,192228,662,31,36,8,1,0,82,"credentials,ddl_privilege,destructive,windows_native"
hrst0_11.fmx,HR,609764,1630,56,59,10,1,0,208,"credentials,ddl_privilege,destructive,windows_native"
jv_types.fmx,other,9992,24,0,0,0,0,0,4,
mrpbom02.fmx,MRP/treasury,425316,1040,69,12,0,1,0,103,"destructive,windows_native"
mrpcrp22.fmx,MRP/treasury,118396,298,4,8,0,1,0,31,"destructive,windows_native"
mrpmps03.fmx,MRP/treasury,232776,612,31,11,1,1,0,73,"destructive,dynamic_sql,windows_native"
mrprepmps001.fmx,MRP/treasury,144524,478,13,8,0,1,0,71,"destructive,windows_native"
mrprepmps0062.fmx,MRP/treasury,163932,577,28,4,0,1,0,106,"destructive,windows_native"
mrprepsgs008.fmx,MRP/treasury,107760,301,7,5,0,1,0,34,"destructive,windows_native"
mrprepsgs021.fmx,MRP/treasury,106572,299,7,5,0,1,0,39,"destructive,windows_native"
mrpsgs05.fmx,MRP/treasury,105416,286,8,5,0,1,0,44,"ddl_privilege,destructive,windows_native,error_handling"
mrpsgs12.fmx,MRP/treasury,108172,279,3,6,0,1,0,39,"ddl_privilege,destructive,windows_native"
mrpsgs21.fmx,MRP/treasury,174664,435,16,7,0,1,0,61,"ddl_privilege,destructive,windows_native"
mtxacount.fmx,inventory/stock,108388,327,12,4,1,1,0,34,"destructive,windows_native"
mtxbckrp01.fmx,inventory/stock,102804,267,8,6,0,1,0,40,"destructive,windows_native"
mtxbckrp02.fmx,inventory/stock,103400,269,8,6,0,1,0,41,"destructive,windows_native"
mtxbll002.fmx,inventory/stock,123644,305,7,6,1,1,0,39,"destructive,windows_native"
mtxcckr02.fmx,inventory/stock,109108,279,6,7,0,1,0,37,"destructive,windows_native"
mtxcod001.fmx,inventory/stock,127272,301,7,6,0,1,0,29,"destructive,windows_native"
mtxcod002.fmx,inventory/stock,85508,198,0,6,0,1,0,19,"destructive,windows_native"
mtxcod015.fmx,inventory/stock,90164,211,1,6,0,1,0,24,"destructive,windows_native"
mtxcod017.fmx,inventory/stock,81768,193,1,6,1,1,0,21,"destructive,windows_native"
mtxcod018.fmx,inventory/stock,80516,196,3,6,1,1,0,19,"destructive,windows_native"
mtxcod020.fmx,inventory/stock,130456,339,13,6,1,1,0,46,"credentials,destructive,windows_native,network"
mtxcsttr01.fmx,inventory/stock,153024,412,13,8,3,1,0,47,"destructive,windows_native"
mtxcustr01.fmx,inventory/stock,159372,407,8,8,3,1,0,52,"destructive,windows_native"
mtxdba002.fmx,inventory/stock,6528,10,0,0,0,0,0,3,ddl_privilege
mtxfeer03.fmx,inventory/stock,109628,296,10,7,0,1,0,39,"destructive,windows_native"
mtxfeer04.fmx,inventory/stock,106376,291,10,7,0,1,0,40,"destructive,windows_native"
mtxfeer05.fmx,inventory/stock,113036,321,19,7,0,1,0,42,"destructive,windows_native"
mtxfeer06.fmx,inventory/stock,103896,277,10,7,0,1,0,34,"destructive,windows_native"
mtxfeout01.fmx,inventory/stock,106780,302,15,7,0,1,0,36,"destructive,windows_native"
mtxfil001.fmx,inventory/stock,95080,248,4,6,0,1,0,37,"destructive,windows_native"
mtxgld002.fmx,inventory/stock,89464,213,3,6,0,1,0,24,"destructive,windows_native"
mtxgld010.fmx,inventory/stock,310552,850,61,10,10,1,0,100,"destructive,windows_native"
mtxgld011.fmx,inventory/stock,337352,824,39,8,6,1,0,91,"destructive,windows_native"
mtxgld016.fmx,inventory/stock,461620,1191,74,9,8,1,0,140,"destructive,windows_native"
mtxgld022.fmx,inventory/stock,134100,343,9,6,0,1,0,34,"destructive,windows_native"
mtxinr005.fmx,inventory/stock,116820,339,10,6,0,1,0,41,"destructive,windows_native"
mtxinrep01.fmx,inventory/stock,104456,287,10,7,0,1,0,35,"destructive,windows_native"
mtxinw001.fmx,inventory/stock,1002380,2290,85,12,7,1,0,221,"destructive,dynamic_sql,windows_native,network"
mtxirp011.fmx,inventory/stock,84736,219,1,6,0,1,0,27,"destructive,windows_native"
mtxirp015.fmx,inventory/stock,112016,304,12,7,0,1,0,36,"destructive,windows_native"
mtxmnt005.fmx,inventory/stock,166028,399,7,6,5,1,0,38,"destructive,windows_native"
mtxmnt006.fmx,inventory/stock,107396,266,7,6,1,1,0,31,"destructive,windows_native"
mtxmnt009.fmx,inventory/stock,138392,351,13,7,3,1,0,40,"destructive,windows_native"
mtxorp021.fmx,inventory/stock,115764,309,16,6,0,1,0,42,"destructive,windows_native"
mtxout012.fmx,inventory/stock,210604,560,38,6,1,1,0,59,"destructive,windows_native"
mtxout013.fmx,inventory/stock,115800,313,8,6,2,1,0,49,"destructive,windows_native"
mtxoutr002.fmx,inventory/stock,107424,298,10,6,0,1,0,39,"destructive,windows_native"
mtxprv001.fmx,inventory/stock,96264,251,8,7,0,1,0,38,"destructive,windows_native"
mtxprv002.fmx,inventory/stock,102740,251,4,7,0,1,0,32,"destructive,windows_native"
mtxrp43.fmx,inventory/stock,115992,323,15,6,0,1,0,39,"destructive,windows_native"
mtxstp003.fmx,inventory/stock,224100,521,23,7,0,1,0,71,"destructive,windows_native"
mtxstp004.fmx,inventory/stock,125976,286,12,6,1,1,0,41,"destructive,windows_native"
mtxstp017.fmx,inventory/stock,195704,402,4,6,1,1,0,50,"destructive,windows_native"
mtxstp029.fmx,inventory/stock,126932,323,10,6,2,1,0,34,"destructive,windows_native"
mtxstp030.fmx,inventory/stock,113324,292,19,6,2,1,0,41,"destructive,windows_native"
mtxstp031.fmx,inventory/stock,92752,257,15,6,1,1,0,31,"destructive,windows_native"
mtxstp035.fmx,inventory/stock,116020,320,20,6,0,1,0,36,"destructive,windows_native"
mtxstp037.fmx,inventory/stock,87280,222,0,6,0,1,0,18,"destructive,windows_native"
mtxstpw035.fmx,inventory/stock,239940,866,56,33,8,1,0,73,"credentials,ddl_privilege,destructive,windows_native"
mtxstr001.fmx,inventory/stock,167760,510,9,8,3,1,0,48,"destructive,windows_native"
mtxtrs003.fmx,inventory/stock,163628,487,10,10,3,1,0,67,"destructive,windows_native"
mtxtrv003.fmx,inventory/stock,118468,316,14,6,0,1,0,34,"destructive,windows_native"
mtxusr002.fmx,inventory/stock,135204,367,9,7,3,1,0,54,"destructive,windows_native"
mtxusr003.fmx,inventory/stock,131456,359,9,7,3,1,0,50,"destructive,windows_native"
mtxusr004.fmx,inventory/stock,112444,330,25,6,1,1,0,43,"destructive,windows_native"
mtxusr005.fmx,inventory/stock,97620,256,9,6,0,1,0,35,"destructive,windows_native"
mtxwst001.fmx,inventory/stock,143772,314,2,6,0,1,0,26,"destructive,windows_native"
mtxwst0011.fmx,inventory/stock,133484,293,1,6,0,1,0,23,"destructive,windows_native"
mtxxch001.fmx,inventory/stock,606080,1473,59,14,7,1,0,148,"destructive,windows_native"
mtxxch003.fmx,inventory/stock,136884,343,12,8,0,1,0,40,"destructive,windows_native"
mtxxch004.fmx,inventory/stock,126228,352,24,6,0,1,0,44,"destructive,windows_native"
mtxxch007.fmx,inventory/stock,88564,235,7,6,1,1,0,30,"destructive,windows_native"
mtxxch093.fmx,inventory/stock,110152,274,6,6,0,1,0,43,"destructive,windows_native"
mtxxrp013.fmx,inventory/stock,107500,302,14,6,0,1,0,37,"destructive,windows_native"
rep2excel.fmx,reports,13616,36,0,0,0,1,0,7,
tabent.fmx,other,9184,21,0,0,0,0,0,3,
tafkeet.fmx,other,76444,104,3,0,0,0,0,30,
بADMT022.fmx,other,980404,4204,631,250,12,1,0,936,"credentials,ddl_privilege,destructive,dynamic_sql,windows_native,error_handling,session_control"
ببADMT022.fmx,other,991716,4176,639,248,12,1,0,961,"credentials,ddl_privilege,destructive,dynamic_sql,windows_native,error_handling,session_control,network"
