window,domain,core_api,observed_procedure_count,observed_trigger_count,observed_field_count,observed_table_count,legacy_packages,inferred_operations,confidence,source
222INVT011.fmx,INVENTORY,ONEX_INVENTORY_WINDOW_API,118,8,965,1273,IAS_ACODE_PKG;IAS_ACODE_PKGIAS20142CHK_AC_CODE;IAS_ACODE_PKGIAS20142GET_AC_TYPE;IAS_ACODE_PKGIAS20142GET_A_NAMEI;IAS_ACODE_PKGIAS20142GET_CNT_ACY;IAS_ACODE_PKGIAS20142GET_ONE_ACY_ACI;IAS_ACTV_PKG;IAS_ACTV_PKGIAS20142CHK_ACTV;IAS_ACTV_PKGIAS20142CHK_PRIV_ACTVIAS;IAS_ACTV_PKGIAS20142GET_ACTV_NAMEIAS;IAS_AUDIT_PKG;IAS_AUDIT_PKGIAS20142AUDIT_PRCIA;IAS_AUD_SYS_PKG;IAS_AUD_SYS_PKGIAS20142ADD_DOC_DELIA;IAS_BRN_PKG;IAS_CC_CODE_PKG;IAS_CC_CODE_PKGIAS20142GET_CC_NAMEIA;IAS_CHECK_SYS_PKG;IAS_CHECK_SYS_PKGIAS20142CHECK_INV_CLOSE;IAS_CSHBNK_PKG;IAS_CSHBNK_PKGIAS20142CHECK_ACYI;IAS_CSHBNK_PKGIAS20142CHK_AC_CSH_BNK;IAS_CSHBNK_PKGIAS20142GET_CB_NAMEIAS;IAS_DBS_SYS_PKG;IAS_DBS_SYS_PKGIAS20142CHECK_OBJECTI;IAS_GEN_PKG;IAS_GEN_PKGIAS20142GET_CNTIA;IAS_GEN_PKGIAS20142GET_CURDATEIA;IAS_GEN_PKGIAS20142GET_CUR_RATEI;IAS_GEN_PKGIAS20142GET_DELETE_DOC_PERIOD;IAS_GEN_PKGIAS20142GET_FLD_VALUE;IAS_GEN_PKGIAS20142GET_MSGIA;IAS_GEN_PKGIAS20142GET_PROMPTIAS;IAS_GEN_PKGIAS20142GET_STK_CURIA;IAS_GEN_PKGIAS20142GET_SYSDATEIA;IAS_GEN_PKGIAS20142GET_USR_NMIAS;IAS_GET_DOC_DEL_FNC;IAS_GET_ENC_PASS_FNC;IAS_GET_ENC_PASS_FNCIAS20142IAS_GET_ENC_PASS_FNC;IAS_ITM_INV_PKG,CREATE/SAVE;UPDATE;DELETE/VOID;POST;PRINT,FMX_STRING_EVIDENCE,oracle_forms/deep_catalog/form_field_trigger_catalog.jsonl
22355INVT011.fmx,INVENTORY,ONEX_INVENTORY_WINDOW_API,111,8,660,981,IAS_ACODE_PKG;IAS_ACODE_PKGIAS20142CHK_AC_CODE;IAS_ACODE_PKGIAS20142GET_AC_TYPE;IAS_ACODE_PKGIAS20142GET_A_NAMEI;IAS_ACODE_PKGIAS20142GET_CNT_ACY;IAS_ACODE_PKGIAS20142GET_ONE_ACY_ACI;IAS_ACTV_PKG;IAS_ACTV_PKGIAS20142CHK_ACTV;IAS_ACTV_PKGIAS20142CHK_PRIV_ACTVIAS;IAS_ACTV_PKGIAS20142GET_ACTV_NAMEIAS;IAS_AUDIT_PKG;IAS_AUDIT_PKGIAS20142AUDIT_PRCIA;IAS_AUD_SYS_PKG;IAS_AUD_SYS_PKGIAS20142ADD_DOC_DELIA;IAS_CC_CODE_PKG;IAS_CC_CODE_PKGIAS20142GET_CC_NAMEIA;IAS_CHECK_SYS_PKG;IAS_CHECK_SYS_PKGIAS20142CHECK_INV_CLOSE;IAS_CSHBNK_PKG;IAS_CSHBNK_PKGIAS20142CHECK_ACYI;IAS_CSHBNK_PKGIAS20142CHK_AC_CSH_BNK;IAS_CSHBNK_PKGIAS20142GET_CB_NAMEIAS;IAS_GEN_PKG;IAS_GEN_PKGIAS20142GET_CNTIA;IAS_GEN_PKGIAS20142GET_CURDATEIA;IAS_GEN_PKGIAS20142GET_CUR_RATEI;IAS_GEN_PKGIAS20142GET_DELETE_DOC_PERIOD;IAS_GEN_PKGIAS20142GET_FLD_VALUE;IAS_GEN_PKGIAS20142GET_PROMPTIAS;IAS_GEN_PKGIAS20142GET_STK_CURIA;IAS_GEN_PKGIAS20142GET_SYSDATEIA;IAS_GEN_PKGIAS20142GET_USR_NMIAS;IAS_GET_DOC_DEL_FNC;IAS_GET_ENC_PASS_FNC;IAS_GET_ENC_PASS_FNCIAS20142IAS_GET_ENC_PASS_FNC;IAS_ITM_INV_PKG;IAS_ITM_INV_PKGIAS20142GET_ITM_COSTI;IAS_ITM_INV_PKGIAS20142INSRT_GR_DTLI;IAS_ITM_INV_PKGIAS20142INSRT_GR_MSTI;IAS_ITM_INV_PKGIAS20142INSRT_IAS_ITM_WCODEIA,CREATE/SAVE;UPDATE;DELETE/VOID;POST;PRINT,FMX_STRING_EVIDENCE,oracle_forms/deep_catalog/form_field_trigger_catalog.jsonl
2FNGI008.fmx,ADMIN,ONEX_ADMIN_WINDOW_API,48,8,837,1552,IAS_DBS_SYS_PKG;IAS_GEN_PKG;IAS_GEN_PKGIAS20142GET_MSGIA;IAS_GEN_PKGIAS20142GET_PROMPTIAS;IAS_GET_ENC_PASS_FNC;IAS_GET_ENC_PASS_FNCIAS20142IAS_GET_ENC_PASS_FNC;IAS_PRMTR_PKG;IAS_PRMTR_PKGIAS20142GETPVAL;IAS_USR_PKG;IAS_USR_PKGIAS20142CHK_USR_FRM_PRVIA;IAS_USR_PKGIAS20142GET_USR_APPRV;IAS_USR_PKGIAS20142GET_USR_NMIAS;YS_EMP_PKG;YS_EMP_PKGIAS20142GET_EMP_BRNYS_;YS_EMP_PKGIAS20142GET_EMP_NM;YS_GEN_PKG;YS_GEN_PKGIAS20142CHK_LOCK_RCRDY;YS_GEN_PKGIAS20142GET_USR_FLD_PRVYS_;YS_SRL_SCR_PKG;YS_SRL_SCR_PKGIAS20142GET_SYS_SQ,CREATE/SAVE;UPDATE;DELETE/VOID;POST;PRINT,FMX_STRING_EVIDENCE,oracle_forms/deep_catalog/form_field_trigger_catalog.jsonl
33INVT011.fmx,INVENTORY,ONEX_INVENTORY_WINDOW_API,111,8,759,1015,IAS_ACODE_PKG;IAS_ACODE_PKGIAS20142CHK_AC_CODE;IAS_ACODE_PKGIAS20142GET_AC_TYPE;IAS_ACODE_PKGIAS20142GET_A_NAMEI;IAS_ACODE_PKGIAS20142GET_CNT_ACY;IAS_ACODE_PKGIAS20142GET_ONE_ACY_ACI;IAS_ACTV_PKG;IAS_ACTV_PKGIAS20142CHK_ACTV;IAS_ACTV_PKGIAS20142CHK_PRIV_ACTVIAS;IAS_ACTV_PKGIAS20142GET_ACTV_NAMEIAS;IAS_AUDIT_PKG;IAS_AUDIT_PKGIAS20142AUDIT_PRCIA;IAS_AUD_SYS_PKG;IAS_AUD_SYS_PKGIAS20142ADD_DOC_DELIA;IAS_CC_CODE_PKG;IAS_CC_CODE_PKGIAS20142GET_CC_NAMEIA;IAS_CHECK_SYS_PKG;IAS_CHECK_SYS_PKGIAS20142CHECK_INV_CLOSE;IAS_CSHBNK_PKG;IAS_CSHBNK_PKGIAS20142CHECK_ACYI;IAS_CSHBNK_PKGIAS20142CHK_AC_CSH_BNK;IAS_CSHBNK_PKGIAS20142GET_CB_NAMEIAS;IAS_GEN_PKG;IAS_GEN_PKGIAS20142GET_CNTIA;IAS_GEN_PKGIAS20142GET_CURDATEIA;IAS_GEN_PKGIAS20142GET_CUR_RATEI;IAS_GEN_PKGIAS20142GET_DELETE_DOC_PERIOD;IAS_GEN_PKGIAS20142GET_FLD_VALUE;IAS_GEN_PKGIAS20142GET_PROMPTIAS;IAS_GEN_PKGIAS20142GET_STK_CURIA;IAS_GEN_PKGIAS20142GET_SYSDATEIA;IAS_GEN_PKGIAS20142GET_USR_NMIAS;IAS_GET_DOC_DEL_FNC;IAS_GET_ENC_PASS_FNC;IAS_GET_ENC_PASS_FNCIAS20142IAS_GET_ENC_PASS_FNC;IAS_ITM_INV_PKG;IAS_ITM_INV_PKGIAS20142GET_ITM_COSTI;IAS_ITM_INV_PKGIAS20142INSRT_GR_DTLI;IAS_ITM_INV_PKGIAS20142INSRT_GR_MSTI;IAS_ITM_INV_PKGIAS20142INSRT_IAS_ITM_WCODEIA,CREATE/SAVE;UPDATE;DELETE/VOID;POST;PRINT,FMX_STRING_EVIDENCE,oracle_forms/deep_catalog/form_field_trigger_catalog.jsonl
3433INVT011.fmx,INVENTORY,ONEX_INVENTORY_WINDOW_API,100,8,654,934,IAS_ACODE_PKG;IAS_ACODE_PKGIAS20142CHK_AC_CODE;IAS_ACODE_PKGIAS20142GET_AC_TYPE;IAS_ACODE_PKGIAS20142GET_A_NAMEI;IAS_ACODE_PKGIAS20142GET_CNT_ACY;IAS_ACODE_PKGIAS20142GET_ONE_ACY_ACI;IAS_ACTV_PKG;IAS_ACTV_PKGIAS20142CHK_ACTV;IAS_ACTV_PKGIAS20142CHK_PRIV_ACTVIAS;IAS_ACTV_PKGIAS20142GET_ACTV_NAMEIAS;IAS_AUD_SYS_PKG;IAS_AUD_SYS_PKGIAS20142ADD_DOC_DELIA;IAS_CC_CODE_PKG;IAS_CC_CODE_PKGIAS20142GET_CC_NAMEIA;IAS_CHECK_SYS_PKG;IAS_CHECK_SYS_PKGIAS20142CHECK_INV_CLOSE;IAS_CSHBNK_PKG;IAS_CSHBNK_PKGIAS20142CHECK_ACYI;IAS_CSHBNK_PKGIAS20142CHK_AC_CSH_BNK;IAS_CSHBNK_PKGIAS20142GET_CB_NAMEIAS;IAS_GEN_PKG;IAS_GEN_PKGIAS20142GET_CNTIA;IAS_GEN_PKGIAS20142GET_CURDATEIA;IAS_GEN_PKGIAS20142GET_CUR_RATEI;IAS_GEN_PKGIAS20142GET_FLD_VALUE;IAS_GEN_PKGIAS20142GET_PROMPTIAS;IAS_GEN_PKGIAS20142GET_STK_CURIA;IAS_GEN_PKGIAS20142GET_SYSDATEIA;IAS_GEN_PKGIAS20142GET_USR_NMIAS;IAS_GET_DOC_DEL_FNC;IAS_GET_ENC_PASS_FNC;IAS_GET_ENC_PASS_FNCIAS20142IAS_GET_ENC_PASS_FNC;IAS_ITM_INV_PKG;IAS_ITM_INV_PKGIAS20142GET_ITM_COSTI;IAS_ITM_INV_PKGIAS20142INSRT_GR_DTLI;IAS_ITM_INV_PKGIAS20142INSRT_GR_MSTI;IAS_ITM_INV_PKGIAS20142INSRT_IAS_ITM_WCODEIA;IAS_ITM_INV_PKGIAS20142INSRT_ITEM_MOVEIA;IAS_ITM_INV_PKGIAS20142INSRT_SALE_COSTIA;IAS_ITM_PKG,CREATE/SAVE;UPDATE;DELETE/VOID;POST;PRINT,FMX_STRING_EVIDENCE,oracle_forms/deep_catalog/form_field_trigger_catalog.jsonl
ADMHRST005.fmx,ADMIN,ONEX_ADMIN_WINDOW_API,50,8,431,605,IAS_BRN_PKG;IAS_BRN_PKGIAS20142GET_BR_NM;IAS_GEN_PKG;IAS_GEN_PKGIAS20142GET_MSGIA;IAS_GEN_PKGIAS20142GET_PROMPTIAS;IAS_GET_ENC_PASS_FNC;IAS_GET_ENC_PASS_FNCIAS20142IAS_GET_ENC_PASS_FNC;IAS_USR_PKG;IAS_USR_PKGIAS20142CHK_USR_FRM_PRVIA;IAS_USR_PKGIAS20142GET_USR_APPRV;IAS_USR_PKGIAS20142GET_USR_NMIAS;YS_EMP_PKG;YS_GEN_PKG;YS_GEN_PKGIAS20142CHK_INACTV_SYSTEMY;YS_GEN_PKGIAS20142GET_CNTYS_;YS_GEN_PKGIAS20142GET_CURDATEYS_;YS_GEN_PKGIAS20142GET_PROMPT;YS_GEN_PKGIAS20142GET_USR_FLD_PRVYS_;YS_SRL_SCR_PKG;YS_SRL_SCR_PKGIAS20142GET_SYS_SQ,CREATE/SAVE;UPDATE;DELETE/VOID;POST;PRINT,FMX_STRING_EVIDENCE,oracle_forms/deep_catalog/form_field_trigger_catalog.jsonl
ADMHRST006.fmx,ADMIN,ONEX_ADMIN_WINDOW_API,47,8,215,485,IAS_BRN_PKG;IAS_BRN_PKGIAS20142GET_BR_NM;IAS_GEN_PKG;IAS_GEN_PKGIAS20142GET_MSGIA;IAS_GEN_PKGIAS20142GET_PROMPTIAS;IAS_GET_ENC_PASS_FNC;IAS_GET_ENC_PASS_FNCIAS20142IAS_GET_ENC_PASS_FNC;IAS_USR_PKG;IAS_USR_PKGIAS20142CHK_USR_FRM_PRVIA;IAS_USR_PKGIAS20142GET_USR_APPRV;IAS_USR_PKGIAS20142GET_USR_NMIAS;YS_GEN_PKG;YS_GEN_PKGIAS20142CHK_INACTV_SYSTEMY;YS_GEN_PKGIAS20142CHK_LOCK_RCRDY;YS_GEN_PKGIAS20142GET_CURDATEYS_;YS_GEN_PKGIAS20142GET_PROMPT;YS_GEN_PKGIAS20142GET_USR_FLD_PRVYS_;YS_SRL_SCR_PKG;YS_SRL_SCR_PKGIAS20142GET_SYS_SQ,CREATE/SAVE;UPDATE;DELETE/VOID;POST;PRINT,FMX_STRING_EVIDENCE,oracle_forms/deep_catalog/form_field_trigger_catalog.jsonl
ADMI001.fmx,ADMIN,ONEX_ADMIN_WINDOW_API,36,8,158,437,IAS_GEN_PKG;IAS_GEN_PKGIAS20142GET_PROMPTIAS;IAS_GEN_PKGIAS20142GET_USR_NMIAS;IAS_GET_ENC_PASS_FNC;IAS_GET_ENC_PASS_FNCIAS20142IAS_GET_ENC_PASS_FNC;IAS_USR_PKG;IAS_USR_PKGIAS20142CHK_USR_FRM_PRVIA;IAS_USR_PKGIAS20142GET_USR_APPRV;IAS_USR_PKGIAS20142GET_USR_NMIAS;YS_GEN_PKG;YS_GEN_PKGIAS20142CHK_LOCK_RCRDY;YS_GEN_PKGIAS20142GET_USR_FLD_PRVYS_;YS_SRL_SCR_PKG;YS_SRL_SCR_PKGIAS20142GET_SYS_SQ,CREATE/SAVE;UPDATE;DELETE/VOID;POST;PRINT,FMX_STRING_EVIDENCE,oracle_forms/deep_catalog/form_field_trigger_catalog.jsonl
ADMI003.fmx,ADMIN,ONEX_ADMIN_WINDOW_API,119,8,624,997,IAS_BRN_PKG;IAS_DBS_SYS_PKG;IAS_DBS_SYS_PKGIAS20142CHECK_OBJECTI;IAS_DBS_SYS_PKGIAS20142CHECK_ST_OBJI;IAS_DBS_SYS_PKGIAS20142GET_COMMENTIA;IAS_DBS_SYS_PKGIAS20142GET_CONS_NAME;IAS_GEN_PKG;IAS_GEN_PKGIAS20142GET_FIELDSIAS;IAS_GEN_PKGIAS20142GET_FRM_NMIAS;IAS_GEN_PKGIAS20142GET_MSGIA;IAS_GEN_PKGIAS20142GET_PROMPTIAS;IAS_GET_ENC_PASS_FNC;IAS_GET_ENC_PASS_FNCIAS20142IAS_GET_ENC_PASS_FNC;IAS_USR_PKG;IAS_USR_PKGIAS20142CHK_USR_FRM_PRVIA;IAS_USR_PKGIAS20142GET_USR_APPRV;IAS_USR_PKGIAS20142GET_USR_NMIAS;YS_GEN_PKG;YS_GEN_PKGIAS20142CHK_ACTV_SYSTEMYS_;YS_GEN_PKGIAS20142CHK_LOCK_RCRDY;YS_GEN_PKGIAS20142GET_USR_FLD_PRVYS_;YS_SRL_SCR_PKG;YS_SRL_SCR_PKGIAS20142GET_SYS_SQ,CREATE/SAVE;UPDATE;DELETE/VOID;POST;PRINT,FMX_STRING_EVIDENCE,oracle_forms/deep_catalog/form_field_trigger_catalog.jsonl
ADMI004.fmx,ADMIN,ONEX_ADMIN_WINDOW_API,30,8,244,349,IAS_GET_ENC_PASS_FNC;IAS_GET_ENC_PASS_FNCIAS20142IAS_GET_ENC_PASS_FNC;IAS_USR_PKG;IAS_USR_PKGIAS20142CHK_USR_FRM_PRVIA;IAS_USR_PKGIAS20142GET_USR_APPRV;IAS_USR_PKGIAS20142GET_USR_NMIAS;YS_GEN_PKG;YS_GEN_PKGIAS20142GET_USR_FLD_PRVYS_,CREATE/SAVE;UPDATE;DELETE/VOID;POST;PRINT,FMX_STRING_EVIDENCE,oracle_forms/deep_catalog/form_field_trigger_catalog.jsonl
ADMI005.fmx,ADMIN,ONEX_ADMIN_WINDOW_API,54,8,556,783,IAS_ACODE_PKG;IAS_ACODE_PKGIAS20142GET_A_NAMEI;IAS_CSHBNK_PKG;IAS_CSHBNK_PKGIAS20142CHK_AC_CSH_BNK;IAS_CSHBNK_PKGIAS20142GET_A_CODE;IAS_CSHBNK_PKGIAS20142GET_CB_BRN;IAS_CST_PKG;IAS_CST_PKGIAS20142GET_ACODE;IAS_CST_PKGIAS20142GET_C_NAMEIAS;IAS_DBS_SYS_PKG;IAS_DBS_SYS_PKGIAS20142CHECK_OBJECTI;IAS_GEN_PKG;IAS_GEN_PKGIAS20142GET_CURDATEIA;IAS_GEN_PKGIAS20142GET_FLD_VALUE;IAS_GEN_PKGIAS20142GET_PROMPTIAS;IAS_GET_ENC_PASS_FNC;IAS_GET_ENC_PASS_FNCIAS20142IAS_GET_ENC_PASS_FNC;IAS_PRIVILEGE_PKG;IAS_PRIVILEGE_PKGIAS20142INSRT_UPD_PRIV_TABLEIAS;IAS_USR_PKG;IAS_USR_PKGIAS20142CHK_USR_FRM_PRVIA;IAS_USR_PKGIAS20142GET_USR_APPRV;IAS_USR_PKGIAS20142GET_USR_NMIAS;YS_AC_DTL_PKG;YS_AC_DTL_PKGIAS20142GET_AC_DTL_TYPY;YS_EMP_PKG;YS_EMP_PKGIAS20142GET_EMP_NM;YS_GEN_PKG;YS_GEN_PKGIAS20142CHK_ACTV_SYSTEMYS_;YS_GEN_PKGIAS20142GET_USR_FLD_PRVYS_;YS_SCR_PKG;YS_SCR_PKGIAS20142GET_SCR_NO,CREATE/SAVE;UPDATE;DELETE/VOID;POST;PRINT,FMX_STRING_EVIDENCE,oracle_forms/deep_catalog/form_field_trigger_catalog.jsonl
ADMI006.fmx,ADMIN,ONEX_ADMIN_WINDOW_API,40,8,338,447,IAS_ACODE_PKG;IAS_ACODE_PKGIAS20142GET_A_NAMEI;IAS_GEN_PKG;IAS_GEN_PKGIAS20142GET_PROMPTIAS;IAS_GET_ENC_PASS_FNC;IAS_GET_ENC_PASS_FNCIAS20142IAS_GET_ENC_PASS_FNC;IAS_PRIVILEGE_PKG;IAS_PRIVILEGE_PKGIAS20142INSRT_USR_PRV_PRCIA;IAS_USR_PKG;IAS_USR_PKGIAS20142CHK_USR_AC_PRVIAS;IAS_USR_PKGIAS20142CHK_USR_FRM_PRVIA;IAS_USR_PKGIAS20142GET_USR_APPRV;IAS_USR_PKGIAS20142GET_USR_NMIAS;YS_GEN_PKG;YS_GEN_PKGIAS20142CHK_LOCK_RCRDY;YS_GEN_PKGIAS20142GET_USR_FLD_PRVYS_;YS_SRL_SCR_PKG;YS_SRL_SCR_PKGIAS20142GET_SYS_SQ,CREATE/SAVE;UPDATE;DELETE/VOID;POST;PRINT,FMX_STRING_EVIDENCE,oracle_forms/deep_catalog/form_field_trigger_catalog.jsonl
ADMI007.fmx,ADMIN,ONEX_ADMIN_WINDOW_API,41,8,297,400,IAS_CST_PKG;IAS_CST_PKGIAS20142GET_C_NAMEIAS;IAS_GEN_PKG;IAS_GEN_PKGIAS20142GET_CODE_NMIA;IAS_GEN_PKGIAS20142GET_USR_NMIAS;IAS_GET_ENC_PASS_FNC;IAS_GET_ENC_PASS_FNCIAS20142IAS_GET_ENC_PASS_FNC;IAS_PRIVILEGE_PKG;IAS_PRIVILEGE_PKGIAS20142INSRT_USR_PRV_PRCIA;IAS_USR_PKG;IAS_USR_PKGIAS20142CHK_USR_CST_PRVIA;IAS_USR_PKGIAS20142CHK_USR_FRM_PRVIA;IAS_USR_PKGIAS20142GET_USR_APPRV;IAS_USR_PKGIAS20142GET_USR_NMIAS;YS_GEN_PKG;YS_GEN_PKGIAS20142CHK_LOCK_RCRDY;YS_GEN_PKGIAS20142GET_USR_FLD_PRVYS_;YS_SRL_SCR_PKG;YS_SRL_SCR_PKGIAS20142GET_SYS_SQ,CREATE/SAVE;UPDATE;DELETE/VOID;POST;PRINT,FMX_STRING_EVIDENCE,oracle_forms/deep_catalog/form_field_trigger_catalog.jsonl
ADMI008.fmx,ADMIN,ONEX_ADMIN_WINDOW_API,41,8,302,400,IAS_GEN_PKG;IAS_GEN_PKGIAS20142GET_CODE_NMIA;IAS_GEN_PKGIAS20142GET_USR_NMIAS;IAS_GET_ENC_PASS_FNC;IAS_GET_ENC_PASS_FNCIAS20142IAS_GET_ENC_PASS_FNC;IAS_PRIVILEGE_PKG;IAS_PRIVILEGE_PKGIAS20142INSRT_USR_PRV_PRCIA;IAS_USR_PKG;IAS_USR_PKGIAS20142CHK_USR_FRM_PRVIA;IAS_USR_PKGIAS20142CHK_USR_VNDR_PRVI;IAS_USR_PKGIAS20142GET_USR_APPRV;IAS_USR_PKGIAS20142GET_USR_NMIAS;IAS_VNDR_PKG;IAS_VNDR_PKGIAS20142GET_V_NAMEIA;YS_GEN_PKG;YS_GEN_PKGIAS20142CHK_LOCK_RCRDY;YS_GEN_PKGIAS20142GET_USR_FLD_PRVYS_;YS_SRL_SCR_PKG;YS_SRL_SCR_PKGIAS20142GET_SYS_SQ,CREATE/SAVE;UPDATE;DELETE/VOID;POST;PRINT,FMX_STRING_EVIDENCE,oracle_forms/deep_catalog/form_field_trigger_catalog.jsonl
ADMI009.fmx,ADMIN,ONEX_ADMIN_WINDOW_API,38,8,415,550,IAS_GEN_PKG;IAS_GEN_PKGIAS20142GET_FLD_VALUE;IAS_GET_ENC_PASS_FNC;IAS_GET_ENC_PASS_FNCIAS20142IAS_GET_ENC_PASS_FNC;IAS_USR_PKG;IAS_USR_PKGIAS20142CHK_USR_FRM_PRVIA;IAS_USR_PKGIAS20142CHK_USR_SHOW_PRVI;IAS_USR_PKGIAS20142GET_USR_NMIAS;YS_GEN_PKG;YS_GEN_PKGIAS20142CHK_INACTV_SYSTEMY;YS_GEN_PKGIAS20142CHK_LOCK_RCRDY;YS_GEN_PKGIAS20142GET_USR_FLD_PRVYS_;YS_SRL_SCR_PKG;YS_SRL_SCR_PKGIAS20142GET_SYS_SQ,CREATE/SAVE;UPDATE;DELETE/VOID;POST;PRINT,FMX_STRING_EVIDENCE,oracle_forms/deep_catalog/form_field_trigger_catalog.jsonl
ADMI010.fmx,ADMIN,ONEX_ADMIN_WINDOW_API,39,8,198,404,IAS_GEN_PKG;IAS_GEN_PKGIAS20142GET_FLD_VALUE;IAS_GEN_PKGIAS20142GET_FRM_NMIAS;IAS_GEN_PKGIAS20142GET_PROMPTIAS;IAS_GET_ENC_PASS_FNC;IAS_GET_ENC_PASS_FNCIAS20142IAS_GET_ENC_PASS_FNC;IAS_PRIVILEGE_PKG;IAS_PRIVILEGE_PKGIAS20142INSRT_USR_PRV_PRCIA;IAS_USR_PKG;IAS_USR_PKGIAS20142CHK_USR_FRM_PRVIA;IAS_USR_PKGIAS20142GET_USR_APPRV;IAS_USR_PKGIAS20142GET_USR_NMIAS;YS_GEN_PKG;YS_GEN_PKGIAS20142CHK_LOCK_RCRDY;YS_GEN_PKGIAS20142GET_USR_FLD_PRVYS_;YS_SRL_SCR_PKG;YS_SRL_SCR_PKGIAS20142GET_SYS_SQ,CREATE/SAVE;UPDATE;DELETE/VOID;POST;PRINT,FMX_STRING_EVIDENCE,oracle_forms/deep_catalog/form_field_trigger_catalog.jsonl
ADMI011.fmx,ADMIN,ONEX_ADMIN_WINDOW_API,46,8,371,857,IAS_CHECK_SYS_PKG;IAS_CHECK_SYS_PKGIAS20142CHECK_BT_VALUEI;IAS_GET_ENC_PASS_FNC;IAS_GET_ENC_PASS_FNCIAS20142IAS_GET_ENC_PASS_FNC;IAS_PRIVILEGE_PKG;IAS_PRIVILEGE_PKGIAS20142CHK_INPT_PRVIAS;IAS_PRIVILEGE_PKGIAS20142CHK_USR_INPT_PRVIAS;IAS_PRIVILEGE_PKGIAS20142INSRT_USR_PRV_PRCIA;IAS_USR_PKG;IAS_USR_PKGIAS20142CHK_USR_FRM_PRVIA;IAS_USR_PKGIAS20142GET_USR_APPRV;IAS_USR_PKGIAS20142GET_USR_NMIAS;YS_GEN_PKG;YS_GEN_PKGIAS20142CHK_LOCK_RCRDY;YS_GEN_PKGIAS20142GET_CNTYS_;YS_GEN_PKGIAS20142GET_PROMPT;YS_GEN_PKGIAS20142GET_USR_FLD_PRVYS_;YS_SRL_SCR_PKG;YS_SRL_SCR_PKGIAS20142GET_SYS_SQ,CREATE/SAVE;UPDATE;DELETE/VOID;POST;PRINT,FMX_STRING_EVIDENCE,oracle_forms/deep_catalog/form_field_trigger_catalog.jsonl
ADMI012.fmx,ADMIN,ONEX_ADMIN_WINDOW_API,38,8,357,483,IAS_GEN_PKG;IAS_GEN_PKGIAS20142GET_CURDATEIA;IAS_GEN_PKGIAS20142GET_PROMPTIAS;IAS_GET_ENC_PASS_FNC;IAS_GET_ENC_PASS_FNCIAS20142IAS_GET_ENC_PASS_FNC;IAS_PRIVILEGE_PKG;IAS_PRIVILEGE_PKGIAS20142INSRT_USR_PRV_PRCIA;IAS_USR_PKG;IAS_USR_PKGIAS20142CHK_USR_FRM_PRVIA;IAS_USR_PKGIAS20142GET_USR_APPRV;IAS_USR_PKGIAS20142GET_USR_NMIAS;YS_GEN_PKG;YS_GEN_PKGIAS20142CHK_LOCK_RCRDY;YS_GEN_PKGIAS20142GET_USR_FLD_PRVYS_;YS_SRL_SCR_PKG;YS_SRL_SCR_PKGIAS20142GET_SYS_SQ,CREATE/SAVE;UPDATE;DELETE/VOID;POST;PRINT,FMX_STRING_EVIDENCE,oracle_forms/deep_catalog/form_field_trigger_catalog.jsonl
ADMI013.fmx,ADMIN,ONEX_ADMIN_WINDOW_API,35,8,194,369,IAS_GEN_PKG;IAS_GEN_PKGIAS20142GET_PROMPTIAS;IAS_GET_ENC_PASS_FNC;IAS_GET_ENC_PASS_FNCIAS20142IAS_GET_ENC_PASS_FNC;IAS_USR_PKG;IAS_USR_PKGIAS20142CHK_USR_FRM_PRVIA;IAS_USR_PKGIAS20142GET_USR_APPRV;IAS_USR_PKGIAS20142GET_USR_NMIAS;YS_GEN_PKG;YS_GEN_PKGIAS20142CHK_LOCK_RCRDY;YS_GEN_PKGIAS20142GET_USR_FLD_PRVYS_;YS_SRL_SCR_PKG;YS_SRL_SCR_PKGIAS20142GET_SYS_SQ,CREATE/SAVE;UPDATE;DELETE/VOID;POST;PRINT,FMX_STRING_EVIDENCE,oracle_forms/deep_catalog/form_field_trigger_catalog.jsonl
ADMI014.fmx,ADMIN,ONEX_ADMIN_WINDOW_API,36,8,185,387,IAS_GEN_PKG;IAS_GEN_PKGIAS20142GET_FRM_NMIAS;IAS_GEN_PKGIAS20142GET_PROMPTIAS;IAS_GEN_PKGIAS20142GET_USR_NMIAS;IAS_GET_ENC_PASS_FNC;IAS_GET_ENC_PASS_FNCIAS20142IAS_GET_ENC_PASS_FNC;IAS_USR_PKG;IAS_USR_PKGIAS20142CHK_USR_FRM_PRVIA;IAS_USR_PKGIAS20142GET_USR_APPRV;IAS_USR_PKGIAS20142GET_USR_NMIAS;YS_GEN_PKG;YS_GEN_PKGIAS20142GET_USR_FLD_PRVYS_;YS_SRL_SCR_PKG;YS_SRL_SCR_PKGIAS20142GET_SYS_SQ,CREATE/SAVE;UPDATE;DELETE/VOID;POST;PRINT,FMX_STRING_EVIDENCE,oracle_forms/deep_catalog/form_field_trigger_catalog.jsonl
ADMI015.fmx,ADMIN,ONEX_ADMIN_WINDOW_API,33,8,230,342,IAS_GET_ENC_PASS_FNC;IAS_GET_ENC_PASS_FNCIAS20142IAS_GET_ENC_PASS_FNC;IAS_USR_PKG;IAS_USR_PKGIAS20142CHK_USR_FRM_PRVIA;IAS_USR_PKGIAS20142GET_USR_APPRV;IAS_USR_PKGIAS20142GET_USR_NMIAS;YS_GEN_PKG;YS_GEN_PKGIAS20142CHK_LOCK_RCRDY;YS_GEN_PKGIAS20142GET_USR_FLD_PRVYS_;YS_SRL_SCR_PKG;YS_SRL_SCR_PKGIAS20142GET_SYS_SQ,CREATE/SAVE;UPDATE;DELETE/VOID;POST;PRINT,FMX_STRING_EVIDENCE,oracle_forms/deep_catalog/form_field_trigger_catalog.jsonl
ADMI016.fmx,ADMIN,ONEX_ADMIN_WINDOW_API,39,8,302,423,IAS_GEN_PKG;IAS_GEN_PKGIAS20142GET_CNTIA;IAS_GEN_PKGIAS20142GET_CURDATEIA;IAS_GEN_PKGIAS20142GET_PROMPTIAS;IAS_GET_ENC_PASS_FNC;IAS_GET_ENC_PASS_FNCIAS20142IAS_GET_ENC_PASS_FNC;IAS_PRIVILEGE_PKG;IAS_PRIVILEGE_PKGIAS20142INSRT_USR_PRV_PRCIA;IAS_PRMTR_PKG;IAS_PRMTR_PKGIAS20142GETPVAL;IAS_USR_PKG;IAS_USR_PKGIAS20142CHK_USR_FRM_PRVIA;IAS_USR_PKGIAS20142GET_USR_APPRV;IAS_USR_PKGIAS20142GET_USR_NMIAS;YS_GEN_PKG;YS_GEN_PKGIAS20142GET_MSGYS_;YS_GEN_PKGIAS20142GET_USR_FLD_PRVYS_,CREATE/SAVE;UPDATE;DELETE/VOID;POST;PRINT,FMX_STRING_EVIDENCE,oracle_forms/deep_catalog/form_field_trigger_catalog.jsonl
ADMI020.fmx,ADMIN,ONEX_ADMIN_WINDOW_API,35,8,262,380,IAS_GEN_PKG;IAS_GEN_PKGIAS20142GET_USR_NMIAS;IAS_GET_ENC_PASS_FNC;IAS_GET_ENC_PASS_FNCIAS20142IAS_GET_ENC_PASS_FNC;IAS_USR_PKG;IAS_USR_PKGIAS20142CHK_USR_FRM_PRVIA;IAS_USR_PKGIAS20142GET_USR_APPRV;IAS_USR_PKGIAS20142GET_USR_NMIAS;YS_GEN_PKG;YS_GEN_PKGIAS20142CHK_LOCK_RCRDY;YS_GEN_PKGIAS20142GET_USR_FLD_PRVYS_;YS_SRL_SCR_PKG;YS_SRL_SCR_PKGIAS20142GET_SYS_SQ,CREATE/SAVE;UPDATE;DELETE/VOID;POST;PRINT,FMX_STRING_EVIDENCE,oracle_forms/deep_catalog/form_field_trigger_catalog.jsonl
ADMI021.fmx,ADMIN,ONEX_ADMIN_WINDOW_API,33,8,218,388,IAS_GEN_PKG;IAS_GEN_PKGIAS20142GET_FRM_NMIAS;IAS_GEN_PKGIAS20142GET_USR_ADMIA;IAS_GET_ENC_PASS_FNC;IAS_GET_ENC_PASS_FNCIAS20142IAS_GET_ENC_PASS_FNC;IAS_USR_PKG;IAS_USR_PKGIAS20142CHK_USR_FRM_PRVIA;IAS_USR_PKGIAS20142GET_USR_APPRV;IAS_USR_PKGIAS20142GET_USR_NMIAS;YS_GEN_PKG;YS_GEN_PKGIAS20142GET_USR_FLD_PRVYS_,CREATE/SAVE;UPDATE;DELETE/VOID;POST;PRINT,FMX_STRING_EVIDENCE,oracle_forms/deep_catalog/form_field_trigger_catalog.jsonl
ADMINVI017.fmx,ADMIN,ONEX_ADMIN_WINDOW_API,39,8,348,574,IAS_CHECK_SYS_PKG;IAS_CHECK_SYS_PKGIAS20142CHECK_BT_DATEIA;IAS_GEN_PKG;IAS_GEN_PKGIAS20142GET_FIELDSIAS;IAS_GEN_PKGIAS20142GET_PROMPTIAS;IAS_GET_ENC_PASS_FNC;IAS_GET_ENC_PASS_FNCIAS20142IAS_GET_ENC_PASS_FNC;IAS_USR_PKG;IAS_USR_PKGIAS20142CHK_USR_FRM_PRVIA;IAS_USR_PKGIAS20142GET_USR_APPRV;IAS_USR_PKGIAS20142GET_USR_NMIAS;YS_GEN_PKG;YS_GEN_PKGIAS20142CHK_LOCK_RCRDY;YS_GEN_PKGIAS20142GET_USR_FLD_PRVYS_;YS_SRL_SCR_PKG;YS_SRL_SCR_PKGIAS20142GET_SYS_SQ,CREATE/SAVE;UPDATE;DELETE/VOID;POST;PRINT,FMX_STRING_EVIDENCE,oracle_forms/deep_catalog/form_field_trigger_catalog.jsonl
ADMQ001.fmx,ADMIN,ONEX_ADMIN_WINDOW_API,34,8,164,349,IAS_GET_ENC_PASS_FNC;IAS_GET_ENC_PASS_FNCIAS20142IAS_GET_ENC_PASS_FNC;IAS_USR_PKG;IAS_USR_PKGIAS20142CHK_USR_FRM_PRVIA;IAS_USR_PKGIAS20142GET_USR_APPRV;IAS_USR_PKGIAS20142GET_USR_NMIAS;YS_GEN_PKG;YS_GEN_PKGIAS20142CHK_LOCK_RCRDY;YS_GEN_PKGIAS20142GET_USR_FLD_PRVYS_;YS_SRL_SCR_PKG;YS_SRL_SCR_PKGIAS20142GET_SYS_SQ,CREATE/SAVE;UPDATE;DELETE/VOID;POST;PRINT,FMX_STRING_EVIDENCE,oracle_forms/deep_catalog/form_field_trigger_catalog.jsonl
ADMQ002.fmx,ADMIN,ONEX_ADMIN_WINDOW_API,33,8,149,396,IAS_GET_ENC_PASS_FNC;IAS_GET_ENC_PASS_FNCIAS20142IAS_GET_ENC_PASS_FNC;IAS_USR_PKG;IAS_USR_PKGIAS20142CHK_USR_FRM_PRVIA;IAS_USR_PKGIAS20142GET_USR_APPRV;IAS_USR_PKGIAS20142GET_USR_NMIAS;YS_GEN_PKG;YS_GEN_PKGIAS20142CHK_LOCK_RCRDY;YS_GEN_PKGIAS20142GET_USR_FLD_PRVYS_;YS_SRL_SCR_PKG;YS_SRL_SCR_PKGIAS20142GET_SYS_SQ,CREATE/SAVE;UPDATE;DELETE/VOID;POST;PRINT,FMX_STRING_EVIDENCE,oracle_forms/deep_catalog/form_field_trigger_catalog.jsonl
ADMQ003.fmx,ADMIN,ONEX_ADMIN_WINDOW_API,36,8,194,413,IAS_BRN_PKG;IAS_BRN_PKGIAS20142GET_BR_NM;IAS_GET_ENC_PASS_FNC;IAS_GET_ENC_PASS_FNCIAS20142IAS_GET_ENC_PASS_FNC;IAS_USR_PKG;IAS_USR_PKGIAS20142CHK_USR_FRM_PRVIA;IAS_USR_PKGIAS20142GET_USR_APPRV;IAS_USR_PKGIAS20142GET_USR_NMIAS;YS_GEN_PKG;YS_GEN_PKGIAS20142CHK_LOCK_RCRDY;YS_GEN_PKGIAS20142GET_USR_FLD_PRVYS_;YS_SRL_SCR_PKG;YS_SRL_SCR_PKGIAS20142GET_SYS_SQ,CREATE/SAVE;UPDATE;DELETE/VOID;POST;PRINT,FMX_STRING_EVIDENCE,oracle_forms/deep_catalog/form_field_trigger_catalog.jsonl
ADMR010.fmx,ADMIN,ONEX_ADMIN_WINDOW_API,12,2,196,276,IAS_GEN_PKG;IAS_GEN_PKGIAS20142GET_PROMPTIAS;IAS_GET_ENC_PASS_FNC;IAS_GET_ENC_PASS_FNCIAS20142IAS_GET_ENC_PASS_FNC;IAS_USR_PKG;IAS_USR_PKGIAS20142GET_USR_NMIAS,PRINT,FMX_STRING_EVIDENCE,oracle_forms/deep_catalog/form_field_trigger_catalog.jsonl
ADMR020.fmx,ADMIN,ONEX_ADMIN_WINDOW_API,25,2,303,374,IAS_CHECK_SYS_PKG;IAS_CHECK_SYS_PKGIAS20142CHECK_BT_DATEIA;IAS_CHECK_SYS_PKGIAS20142CHECK_BT_VALUEI;IAS_GEN_PKG;IAS_GEN_PKGIAS20142GET_FINAL_DAY;IAS_GEN_PKGIAS20142GET_FRM_NMIAS;IAS_GEN_PKGIAS20142GET_FRST_DAYI;IAS_GEN_PKGIAS20142GET_PROMPTIAS;IAS_GEN_PKGIAS20142GET_SYSDATEIA;IAS_GET_ENC_PASS_FNC;IAS_GET_ENC_PASS_FNCIAS20142IAS_GET_ENC_PASS_FNC;IAS_REPORT_PKG;IAS_REPORT_PKGIAS20142GET_CLMN_NAMEI;IAS_USR_PKG;IAS_USR_PKGIAS20142GET_USR_NMIAS,PRINT,FMX_STRING_EVIDENCE,oracle_forms/deep_catalog/form_field_trigger_catalog.jsonl
ADMT020.fmx,ADMIN,ONEX_ADMIN_WINDOW_API,37,8,190,385,IAS_BRN_PKG;IAS_BRN_PKGIAS20142GET_BR_NM;IAS_GEN_PKG;IAS_GEN_PKGIAS20142GET_FRM_NMIAS;IAS_GEN_PKGIAS20142GET_PROMPTIAS;IAS_GEN_PKGIAS20142GET_USR_NMIAS;IAS_GET_ENC_PASS_FNC;IAS_GET_ENC_PASS_FNCIAS20142IAS_GET_ENC_PASS_FNC;IAS_USR_PKG;IAS_USR_PKGIAS20142CHK_USR_FRM_PRVIA;IAS_USR_PKGIAS20142GET_USR_APPRV;IAS_USR_PKGIAS20142GET_USR_NMIAS;YS_GEN_PKG;YS_GEN_PKGIAS20142CHK_LOCK_RCRDY;YS_GEN_PKGIAS20142GET_USR_FLD_PRVYS_,CREATE/SAVE;UPDATE;DELETE/VOID;POST;PRINT,FMX_STRING_EVIDENCE,oracle_forms/deep_catalog/form_field_trigger_catalog.jsonl
ADMT021.fmx,ADMIN,ONEX_ADMIN_WINDOW_API,67,8,460,633,IAS_ACODE_PKG;IAS_ACODE_PKGIAS20142GET_A_NAMEI;IAS_BRN_PKG;IAS_BRN_PKGIAS20142GET_BR_NM;IAS_CHECK_DBS_PKG;IAS_CHECK_DBS_PKGIAS20142CHECK_POSTING1I;IAS_CHECK_DBS_PKGIAS20142CHECK_POSTING2I;IAS_CLOSING_MNTH_PKG;IAS_CLOSING_MNTH_PKGIAS20142CURR_DIFF_CALCIA;IAS_CLOSING_MNTH_PKGIAS20142REVERSE_JOURNALI;IAS_DBS_SYS_PKG;IAS_DBS_SYS_PKGIAS20142CHECK_OBJECTI;IAS_GEN_PKG;IAS_GEN_PKGIAS20142GET_FLD_VALUE;IAS_GEN_PKGIAS20142GET_MSGIA;IAS_GEN_PKGIAS20142GET_PROMPTIAS;IAS_GET_ENC_PASS_FNC;IAS_GET_ENC_PASS_FNCIAS20142IAS_GET_ENC_PASS_FNC;IAS_INSRT_OB_POST_PRC;IAS_INSRT_OB_POST_PRCIAS20142IAS_INSRT_OB_POST_PRCIA;IAS_POSTING_PKG;IAS_POSTING_PKGIAS20142CHECK_ACODEIA;IAS_POSTING_PKGIAS20142GET_ACODE_REP_TYPEIAS;IAS_POSTING_PKGIAS20142INSRT_POST_DTLIAS;IAS_POSTING_PKGIAS20142INSRT_POST_MSTIAS;IAS_USR_PKG;IAS_USR_PKGIAS20142CHK_USR_FRM_PRVIA;IAS_USR_PKGIAS20142GET_USR_APPRV;IAS_USR_PKGIAS20142GET_USR_NMIAS;YS_GEN_PKG;YS_GEN_PKGIAS20142CHK_INACTV_SYSTEMY;YS_GEN_PKGIAS20142CHK_LOCK_RCRDY;YS_GEN_PKGIAS20142GET_USR_FLD_PRVYS_;YS_SRL_SCR_PKG;YS_SRL_SCR_PKGIAS20142GET_SYS_SQ,CREATE/SAVE;UPDATE;DELETE/VOID;POST;REVERSE/RETURN;PRINT,FMX_STRING_EVIDENCE,oracle_forms/deep_catalog/form_field_trigger_catalog.jsonl
ADMT022.fmx,ADMIN,ONEX_ADMIN_WINDOW_API,235,8,1436,2045,IAS_ACODE_PKG;IAS_ACODE_PKGIAS20142GET_A_NAMEI;IAS_AUD_SYS_PKG;IAS_AUD_SYS_PKGIAS20142SET_PARAI;IAS_BRN_PKG;IAS_BRN_PKGIAS20142GET_BR_CMPIAS;IAS_CHECK_DBS_PKG;IAS_CHECK_DBS_PKGIAS20142CHECK_WTAVG_ITM;IAS_CHECK_DBS_PKGIAS20142CHK_WCODE_CONN_BRNI;IAS_CHECK_SYS_PKG;IAS_CHECK_SYS_PKGIAS20142CHECK_AVL_QTYIA;IAS_CLOSING_YEAR_PKG;IAS_CLOSING_YEAR_PKGIAS20142ACCOUNT_CLOSING_PRCI;IAS_CLOSING_YEAR_PKGIAS20142INSRT_OTHER_TABLEIAS;IAS_CLOSING_YEAR_PKGIAS20142INV_CLOSE_PRCIAS;IAS_CLOSING_YEAR_PKGIAS20142MOVE_INSTALL_AP_DATA;IAS_CLOSING_YEAR_PKGIAS20142MOVE_INSTALL_AR_DATA;IAS_CLOSING_YEAR_PKGIAS20142MOVE_KIMB_DATAIA;IAS_CLOSING_YEAR_PKGIAS20142MOV_BAL_INIT;IAS_CLOSING_YEAR_PKGIAS20142PL_CLOSING_PRCIA;IAS_CLOSING_YEAR_PKGIAS20142UPD_PRIM_WTAVGIA;IAS_CSHBNK_PKG;IAS_CSHBNK_PKGIAS20142CHK_AC_CSH_BNK;IAS_DBS_SYS_PKG;IAS_DBS_SYS_PKGIAS20142ALTR_DBSI;IAS_DBS_SYS_PKGIAS20142CHECK_OBJECTI;IAS_DBS_SYS_PKGIAS20142CHECK_ST_OBJI;IAS_DBS_SYS_PKGIAS20142GET_COMMENTIA;IAS_DBS_SYS_PKGIAS20142GET_CONS_NAME;IAS_DOC_SERIAL_PKG;IAS_DOC_SERIAL_PKGIAS20142TRANSFER_IN_SERIAL;IAS_GEN_PKG;IAS_GEN_PKGIAS20142GET_;IAS_GEN_PKGIAS20142GET_CNTIA;IAS_GEN_PKGIAS20142GET_CUR_RATEI;IAS_GEN_PKGIAS20142GET_FIELDSIAS;IAS_GEN_PKGIAS20142GET_FINAL_DAY;IAS_GEN_PKGIAS20142GET_FRST_DAYI;IAS_GEN_PKGIAS20142GET_LOCAL_CUR;IAS_GEN_PKGIAS20142GET_MSGIA,CREATE/SAVE;UPDATE;DELETE/VOID;POST;PRINT,FMX_STRING_EVIDENCE,oracle_forms/deep_catalog/form_field_trigger_catalog.jsonl
ADMT022ث.fmx,ADMIN,ONEX_ADMIN_WINDOW_API,306,8,1780,2224,IAS_ACODE_PKG;IAS_ACODE_PKGIAS20142GET_A_NAMEI;IAS_AUD_SYS_PKG;IAS_AUD_SYS_PKGIAS20142SET_PARAI;IAS_BRN_PKG;IAS_BRN_PKGIAS20142GET_BR_CMPIAS;IAS_CHECK_DBS_PKG;IAS_CHECK_DBS_PKGIAS20142CHECK_WTAVG_ITM;IAS_CHECK_DBS_PKGIAS20142CHK_WCODE_CONN_BRNI;IAS_CHECK_SYS_PKG;IAS_CHECK_SYS_PKGIAS20142CHECK_AVL_QTYIA;IAS_CLOSING_YEAR_PKG;IAS_CLOSING_YEAR_PKGIAS20142ACCOUNT_CLOSING_PRCI;IAS_CLOSING_YEAR_PKGIAS20142INSRT_OTHER_TABLEIAS;IAS_CLOSING_YEAR_PKGIAS20142INV_CLOSE_PRCIAS;IAS_CLOSING_YEAR_PKGIAS20142MOVE_INSTALL_AP_DATA;IAS_CLOSING_YEAR_PKGIAS20142MOVE_INSTALL_AR_DATA;IAS_CLOSING_YEAR_PKGIAS20142MOVE_KIMB_DATAIA;IAS_CLOSING_YEAR_PKGIAS20142MOV_BAL_INIT;IAS_CLOSING_YEAR_PKGIAS20142PL_CLOSING_PRCIA;IAS_CLOSING_YEAR_PKGIAS20142UPD_PRIM_WTAVGIA;IAS_CSHBNK_PKG;IAS_CSHBNK_PKGIAS20142CHK_AC_CSH_BNK;IAS_DBS_SYS_PKG;IAS_DBS_SYS_PKGIAS20142CHECK_OBJECTI;IAS_DBS_SYS_PKGIAS20142CHECK_ST_OBJI;IAS_DBS_SYS_PKGIAS20142GET_COMMENTIA;IAS_DBS_SYS_PKGIAS20142GET_CONS_NAME;IAS_DOC_SERIAL_PKG;IAS_DOC_SERIAL_PKGIAS20142TRANSFER_IN_SERIAL;IAS_GEN_PKG;IAS_GEN_PKGIAS20142GET_CNTIA;IAS_GEN_PKGIAS20142GET_CUR_RATEI;IAS_GEN_PKGIAS20142GET_FI;IAS_GEN_PKGIAS20142GET_FIELDSIAS;IAS_GEN_PKGIAS20142GET_FINAL_DAY;IAS_GEN_PKGIAS20142GET_FRST_DAYI;IAS_GEN_PKGIAS20142GET_LOCAL_CUR;IAS_GEN_PKGIAS20142GET_MSGIA;IAS_GEN_PKGIAS20142GET_PROMPTIAS,CREATE/SAVE;UPDATE;DELETE/VOID;POST;PRINT,FMX_STRING_EVIDENCE,oracle_forms/deep_catalog/form_field_trigger_catalog.jsonl
ADMT023.fmx,ADMIN,ONEX_ADMIN_WINDOW_API,41,8,185,387,IAS_BRN_PKG;IAS_BRN_PKGIAS20142GET_BR_NM;IAS_GEN_PKG;IAS_GEN_PKGIAS20142GET_FLD_VALUE;IAS_GEN_PKGIAS20142GET_PROMPTIAS;IAS_GET_ENC_PASS_FNC;IAS_GET_ENC_PASS_FNCIAS20142IAS_GET_ENC_PASS_FNC;IAS_UNCLOSING_PERIOD_PRC;IAS_UNCLOSING_PERIOD_PRCIAS20142IAS_UNCLOSING_PERIOD_PRC;IAS_USR_PKG;IAS_USR_PKGIAS20142CHK_USR_FRM_PRVIA;IAS_USR_PKGIAS20142GET_USR_APPRV;IAS_USR_PKGIAS20142GET_USR_NMIAS;YS_GEN_PKG;YS_GEN_PKGIAS20142CHK_LOCK_RCRDY;YS_GEN_PKGIAS20142GET_PRD_NM;YS_GEN_PKGIAS20142GET_USR_FLD_PRVYS_;YS_SRL_SCR_PKG;YS_SRL_SCR_PKGIAS20142GET_SYS_SQ,CREATE/SAVE;UPDATE;DELETE/VOID;POST;PRINT,FMX_STRING_EVIDENCE,oracle_forms/deep_catalog/form_field_trigger_catalog.jsonl
ADMT024.fmx,ADMIN,ONEX_ADMIN_WINDOW_API,36,8,134,380,IAS_GEN_PKG;IAS_GEN_PKGIAS20142GET_PROMPTIAS;IAS_GET_ENC_PASS_FNC;IAS_GET_ENC_PASS_FNCIAS20142IAS_GET_ENC_PASS_FNC;IAS_USR_PKG;IAS_USR_PKGIAS20142CHK_USR_FRM_PRVIA;IAS_USR_PKGIAS20142GET_USR_APPRV;IAS_USR_PKGIAS20142GET_USR_NMIAS;YS_GEN_PKG;YS_GEN_PKGIAS20142CHK_LOCK_RCRDY;YS_GEN_PKGIAS20142GET_FLD_VALUEY;YS_GEN_PKGIAS20142GET_USR_FLD_PRVYS_;YS_SRL_SCR_PKG;YS_SRL_SCR_PKGIAS20142GET_SYS_SQ,CREATE/SAVE;UPDATE;DELETE/VOID;POST;PRINT,FMX_STRING_EVIDENCE,oracle_forms/deep_catalog/form_field_trigger_catalog.jsonl
ADMT025.fmx,ADMIN,ONEX_ADMIN_WINDOW_API,37,8,196,412,IAS_GEN_PKG;IAS_GEN_PKGIAS20142GET_PROMPTIAS;IAS_GET_ENC_PASS_FNC;IAS_GET_ENC_PASS_FNCIAS20142IAS_GET_ENC_PASS_FNC;IAS_USR_PKG;IAS_USR_PKGIAS20142CHK_USR_FRM_PRVIA;IAS_USR_PKGIAS20142GET_USR_APPRV;IAS_USR_PKGIAS20142GET_USR_NMIAS;YS_GEN_PKG;YS_GEN_PKGIAS20142CHK_LOCK_RCRDY;YS_GEN_PKGIAS20142GET_USR_FLD_PRVYS_;YS_SRL_SCR_PKG;YS_SRL_SCR_PKGIAS20142GET_SYS_SQ,CREATE/SAVE;UPDATE;DELETE/VOID;POST;PRINT,FMX_STRING_EVIDENCE,oracle_forms/deep_catalog/form_field_trigger_catalog.jsonl
ADMT027.fmx,ADMIN,ONEX_ADMIN_WINDOW_API,255,8,2887,4299,IAS_AUD_SYS_PKG;IAS_AUD_SYS_PKGIAS20142SET_PARAI;IAS_CHECKDATA_AR_PRC;IAS_CHECKDATA_AR_PRCIAS20142IAS_CHECKDATA_AR_PRC;IAS_CHECK_DBS_PKG;IAS_CHECK_DBS_PKGIAS20142CHECK_POSTING1I;IAS_CHECK_DBS_PKGIAS20142CHECK_POSTING2I;IAS_CHECK_DBS_PKGIAS20142UPDATE_AVLQTYIA;IAS_CLOSING_YEAR_PKG;IAS_DBS_SYS_PKG;IAS_DBS_SYS_PKGIAS20142A;IAS_DBS_SYS_PKGIAS20142ALTR_;IAS_DBS_SYS_PKGIAS20142ALTR_DBSI;IAS_DBS_SYS_PKGIAS20142CHECK_CONSIAS;IAS_DBS_SYS_PKGIAS20142CHECK_CONS_ST;IAS_DBS_SYS_PKGIAS20142CHECK_OBJECTI;IAS_DBS_SYS_PKGIAS20142CHECK_ST_OBJI;IAS_DBS_SYS_PKGIAS20142GET_CONS_NAME;IAS_GEN_PKG;IAS_GEN_PKGIAS20142GET_CNTIA;IAS_GEN_PKGIAS20142GET_FLD_VALUE;IAS_GEN_PKGIAS20142GET_MSGIA;IAS_GEN_PKGIAS20142GET_PROMPTIAS;IAS_GEN_PKGIAS20142GET_USR_ADMIA;IAS_GET_ALL_FLD_TBL_FNC;IAS_GET_ENC_PASS_FNC;IAS_GET_ENC_PASS_FNCIAS20142IAS_GET_ENC_PASS_FNC;IAS_INSRT_OB_POST_PRC;IAS_INSRT_OB_POST_PRCIAS20142IAS_INSRT_OB_POST_PRCIA;IAS_MND_CSHBNK_PKG;IAS_MND_CSHBNK_PKGIAS20142CHK_CSHBNK_CNFRMIA;IAS_MND_CSHBNK_PKGIAS20142FILL_BANK_NOIA;IAS_MND_CSHBNK_PKGIAS20142FILL_CASH_NOIA;IAS_MND_CSTVND_PKG;IAS_MND_CSTVND_PKGIAS20142CHK_CUST_CNFRM;IAS_MND_CSTVND_PKGIAS20142CHK_FILL_CST_VNDIA;IAS_MND_CSTVND_PKGIAS20142CHK_VNDR_CNFRM;IAS_MND_CSTVND_PKGIAS20142FILL_CUST_NOIA;IAS_MND_CSTVND_PKGIAS20142FILL_VNDR_NOIA;IAS_MND_VNDTRNS_PKG,CREATE/SAVE;UPDATE;DELETE/VOID;POST;PRINT,FMX_STRING_EVIDENCE,oracle_forms/deep_catalog/form_field_trigger_catalog.jsonl
ADMT028.fmx,ADMIN,ONEX_ADMIN_WINDOW_API,34,8,162,345,IAS_GET_ENC_PASS_FNC;IAS_GET_ENC_PASS_FNCIAS20142IAS_GET_ENC_PASS_FNC;IAS_USR_PKG;IAS_USR_PKGIAS20142CHK_USR_FRM_PRVIA;IAS_USR_PKGIAS20142GET_USR_APPRV;IAS_USR_PKGIAS20142GET_USR_NMIAS;YS_GEN_PKG;YS_GEN_PKGIAS20142CHK_LOCK_RCRDY;YS_GEN_PKGIAS20142GET_USR_FLD_PRVYS_;YS_SCR_PKG;YS_SCR_PKGIAS20142GET_SCR_NO,CREATE/SAVE;UPDATE;DELETE/VOID;POST;PRINT,FMX_STRING_EVIDENCE,oracle_forms/deep_catalog/form_field_trigger_catalog.jsonl
ADMT029.fmx,ADMIN,ONEX_ADMIN_WINDOW_API,44,8,356,495,IAS_CHECK_DBS_PKG;IAS_CHECK_DBS_PKGIAS20142CHECK_POSTING1I;IAS_CHECK_DBS_PKGIAS20142CHECK_POSTING2I;IAS_CLOSING_MNTH_PKG;IAS_CLOSING_MNTH_PKGIAS20142CURR_DIFF_CALCIA;IAS_DBS_SYS_PKG;IAS_DBS_SYS_PKGIAS20142CHECK_OBJECTI;IAS_GEN_PKG;IAS_GEN_PKGIAS20142GET_FLD_VALUE;IAS_GET_ENC_PASS_FNC;IAS_GET_ENC_PASS_FNCIAS20142IAS_GET_ENC_PASS_FNC;IAS_USR_PKG;IAS_USR_PKGIAS20142CHK_USR_FRM_PRVIA;IAS_USR_PKGIAS20142GET_USR_APPRV;IAS_USR_PKGIAS20142GET_USR_NMIAS;YS_GEN_PKG;YS_GEN_PKGIAS20142GET_USR_FLD_PRVYS_;YS_SRL_SCR_PKG;YS_SRL_SCR_PKGIAS20142GET_SYS_SQ,CREATE/SAVE;UPDATE;DELETE/VOID;POST;PRINT,FMX_STRING_EVIDENCE,oracle_forms/deep_catalog/form_field_trigger_catalog.jsonl
ADMT030.fmx,ADMIN,ONEX_ADMIN_WINDOW_API,33,8,392,881,IAS_GEN_PKG;IAS_GEN_PKGIAS20142GET_SYSDATEIA;IAS_GET_ENC_PASS_FNC;IAS_GET_ENC_PASS_FNCIAS20142IAS_GET_ENC_PASS_FNC;IAS_USR_PKG;IAS_USR_PKGIAS20142CHK_USR_FRM_PRVIA;IAS_USR_PKGIAS20142GET_USR_APPRV;IAS_USR_PKGIAS20142GET_USR_NMIAS;YS_GEN_PKG;YS_GEN_PKGIAS20142CHK_LOCK_RCRDY;YS_GEN_PKGIAS20142GET_USR_FLD_PRVYS_,CREATE/SAVE;UPDATE;DELETE/VOID;POST;PRINT,FMX_STRING_EVIDENCE,oracle_forms/deep_catalog/form_field_trigger_catalog.jsonl
ADMT031.fmx,ADMIN,ONEX_ADMIN_WINDOW_API,33,8,428,880,IAS_GEN_PKG;IAS_GEN_PKGIAS20142GET_SYSDATEIA;IAS_GET_ENC_PASS_FNC;IAS_GET_ENC_PASS_FNCIAS20142IAS_GET_ENC_PASS_FNC;IAS_USR_PKG;IAS_USR_PKGIAS20142CHK_USR_FRM_PRVIA;IAS_USR_PKGIAS20142GET_USR_APPRV;IAS_USR_PKGIAS20142GET_USR_NMIAS;YS_GEN_PKG;YS_GEN_PKGIAS20142CHK_LOCK_RCRDY;YS_GEN_PKGIAS20142GET_USR_FLD_PRVYS_,CREATE/SAVE;UPDATE;DELETE/VOID;POST;PRINT,FMX_STRING_EVIDENCE,oracle_forms/deep_catalog/form_field_trigger_catalog.jsonl
ALRTI003.fmx,ADMIN,ONEX_ADMIN_WINDOW_API,39,8,304,432,IAS_DBS_SYS_PKG;IAS_DBS_SYS_PKGIAS20142CHECK_OBJECTI;IAS_GEN_PKG;IAS_GEN_PKGIAS20142GET_CNTIA;IAS_GEN_PKGIAS20142GET_CURDATEIA;IAS_GEN_PKGIAS20142GET_PROMPTIAS;IAS_GEN_PKGIAS20142GET_USR_NMIAS;IAS_GET_ENC_PASS_FNC;IAS_GET_ENC_PASS_FNCIAS20142IAS_GET_ENC_PASS_FNC;IAS_USR_PKG;IAS_USR_PKGIAS20142CHK_USR_FRM_PRVIA;IAS_USR_PKGIAS20142GET_USR_APPRV;IAS_USR_PKGIAS20142GET_USR_NMIAS;YS_GEN_PKG;YS_GEN_PKGIAS20142GET_USR_FLD_PRVYS_,CREATE/SAVE;UPDATE;DELETE/VOID;POST;PRINT,FMX_STRING_EVIDENCE,oracle_forms/deep_catalog/form_field_trigger_catalog.jsonl
ALRTI004.fmx,ADMIN,ONEX_ADMIN_WINDOW_API,35,8,237,439,IAS_DBS_SYS_PKG;IAS_DBS_SYS_PKGIAS20142CHECK_OBJECTI;IAS_GEN_PKG;IAS_GEN_PKGIAS20142GET_CURDATEIA;IAS_GEN_PKGIAS20142GET_FRM_PRVIA;IAS_GEN_PKGIAS20142GET_PROMPTIAS;IAS_GEN_PKGIAS20142GET_USR_NMIAS;IAS_GET_ENC_PASS_FNC;IAS_GET_ENC_PASS_FNCIAS20142IAS_GET_ENC_PASS_FNC;IAS_USR_PKG;IAS_USR_PKGIAS20142GET_USR_APPRV;IAS_USR_PKGIAS20142GET_USR_NMIAS,CREATE/SAVE;UPDATE;DELETE/VOID;POST;PRINT,FMX_STRING_EVIDENCE,oracle_forms/deep_catalog/form_field_trigger_catalog.jsonl
ALRTI005.fmx,ADMIN,ONEX_ADMIN_WINDOW_API,38,8,223,401,IAS_DBS_SYS_PKG;IAS_DBS_SYS_PKGIAS20142CHECK_OBJECTI;IAS_GEN_PKG;IAS_GEN_PKGIAS20142GET_CNTIA;IAS_GEN_PKGIAS20142GET_CURDATEIA;IAS_GEN_PKGIAS20142GET_PROMPTIAS;IAS_GEN_PKGIAS20142GET_USR_NMIAS;IAS_GET_ENC_PASS_FNC;IAS_GET_ENC_PASS_FNCIAS20142IAS_GET_ENC_PASS_FNC;IAS_USR_PKG;IAS_USR_PKGIAS20142CHK_USR_FRM_PRVIA;IAS_USR_PKGIAS20142GET_USR_APPRV;IAS_USR_PKGIAS20142GET_USR_NMIAS;YS_GEN_PKG;YS_GEN_PKGIAS20142GET_USR_FLD_PRVYS_,CREATE/SAVE;UPDATE;DELETE/VOID;POST;PRINT,FMX_STRING_EVIDENCE,oracle_forms/deep_catalog/form_field_trigger_catalog.jsonl
ALRTIMPXLS.fmx,ADMIN,ONEX_ADMIN_WINDOW_API,39,8,165,392,IAS_GEN_PKG;IAS_GEN_PKGIAS20142GET_CURDATEIA;IAS_GEN_PKGIAS20142GET_PROMPTIAS;IAS_GET_ENC_PASS_FNC;IAS_GET_ENC_PASS_FNCIAS20142IAS_GET_ENC_PASS_FNC;IAS_SMS_MAIL_PKG;IAS_SMS_MAIL_PKGIAS20142INSRT_MSG_ALRT_PRCIA;IAS_USR_PKG;IAS_USR_PKGIAS20142CHK_USR_FRM_PRVIA;IAS_USR_PKGIAS20142GET_USR_APPRV;IAS_USR_PKGIAS20142GET_USR_NMIAS;YS_GEN_PKG;YS_GEN_PKGIAS20142CHK_LOCK_RCRDY;YS_GEN_PKGIAS20142GET_USR_FLD_PRVYS_;YS_SRL_SCR_PKG;YS_SRL_SCR_PKGIAS20142GET_SYS_SQ,CREATE/SAVE;UPDATE;DELETE/VOID;POST;PRINT,FMX_STRING_EVIDENCE,oracle_forms/deep_catalog/form_field_trigger_catalog.jsonl
ALRTQ007.fmx,ADMIN,ONEX_ADMIN_WINDOW_API,48,8,357,684,IAS_BRN_PKG;IAS_GEN_PKG;IAS_GET_ENC_PASS_FNC;IAS_GET_ENC_PASS_FNCIAS20142IAS_GET_ENC_PASS_FNC;IAS_USR_PKG;IAS_USR_PKGIAS20142CHK_USR_FRM_PRVIA;IAS_USR_PKGIAS20142GET_USR_APPRV;IAS_USR_PKGIAS20142GET_USR_NMIAS;YS_EMP_PKG;YS_EMP_PKGIAS20142CHK_EMPYS_;YS_GEN_PKG;YS_GEN_PKGIAS20142CHK_LOCK_RCRDY;YS_GEN_PKGIAS20142GET_PROMPT;YS_GEN_PKGIAS20142GET_USR_FLD_PRVYS_;YS_SRL_SCR_PKG;YS_SRL_SCR_PKGIAS20142GET_SYS_SQ,CREATE/SAVE;UPDATE;DELETE/VOID;POST;PRINT,FMX_STRING_EVIDENCE,oracle_forms/deep_catalog/form_field_trigger_catalog.jsonl
ALRTR010.fmx,ADMIN,ONEX_ADMIN_WINDOW_API,34,8,54,363,IAS_GET_ENC_PASS_FNC;IAS_GET_ENC_PASS_FNCIAS20142IAS_GET_ENC_PASS_FNC;IAS_USR_PKG;IAS_USR_PKGIAS20142CHK_USR_FRM_PRVIA;IAS_USR_PKGIAS20142GET_USR_APPRV;IAS_USR_PKGIAS20142GET_USR_NMIAS;YS_GEN_PKG;YS_GEN_PKGIAS20142CHK_LOCK_RCRDY;YS_GEN_PKGIAS20142GET_USR_FLD_PRVYS_;YS_SRL_SCR_PKG;YS_SRL_SCR_PKGIAS20142GET_SYS_SQ,CREATE/SAVE;UPDATE;DELETE/VOID;POST;PRINT,FMX_STRING_EVIDENCE,oracle_forms/deep_catalog/form_field_trigger_catalog.jsonl
ALRTS001.fmx,ADMIN,ONEX_ADMIN_WINDOW_API,37,8,293,480,IAS_BRN_PKG;IAS_BRN_PKGIAS20142GET_CMP_NMIAS;IAS_DBS_SYS_PKG;IAS_DBS_SYS_PKGIAS20142CHECK_OBJECTI;IAS_GEN_PKG;IAS_GEN_PKGIAS20142GET_CURDATEIA;IAS_GET_ENC_PASS_FNC;IAS_GET_ENC_PASS_FNCIAS20142IAS_GET_ENC_PASS_FNC;IAS_USR_PKG;IAS_USR_PKGIAS20142CHK_USR_FRM_PRVIA;IAS_USR_PKGIAS20142GET_USR_APPRV;IAS_USR_PKGIAS20142GET_USR_NMIAS;YS_GEN_PKG;YS_GEN_PKGIAS20142GET_USR_FLD_PRVYS_,CREATE/SAVE;UPDATE;DELETE/VOID;POST;PRINT,FMX_STRING_EVIDENCE,oracle_forms/deep_catalog/form_field_trigger_catalog.jsonl
ALRTT002.fmx,ADMIN,ONEX_ADMIN_WINDOW_API,36,8,371,487,IAS_CHECK_SYS_PKG;IAS_CHECK_SYS_PKGIAS20142CHECK_BT_VALUEI;IAS_GEN_PKG;IAS_GEN_PKGIAS20142GET_PROMPTIAS;IAS_GET_ENC_PASS_FNC;IAS_GET_ENC_PASS_FNCIAS20142IAS_GET_ENC_PASS_FNC;IAS_USR_PKG;IAS_USR_PKGIAS20142CHK_USR_FRM_PRVIA;IAS_USR_PKGIAS20142GET_USR_APPRV;IAS_USR_PKGIAS20142GET_USR_NMIAS;YS_GEN_PKG;YS_GEN_PKGIAS20142GET_USR_FLD_PRVYS_;YS_SRL_SCR_PKG;YS_SRL_SCR_PKGIAS20142GET_SYS_SQ,CREATE/SAVE;UPDATE;DELETE/VOID;POST;PRINT,FMX_STRING_EVIDENCE,oracle_forms/deep_catalog/form_field_trigger_catalog.jsonl
AMSI001.fmx,ADMIN,ONEX_ADMIN_WINDOW_API,35,8,272,559,IAS_GET_ENC_PASS_FNC;IAS_GET_ENC_PASS_FNCIAS20142IAS_GET_ENC_PASS_FNC;IAS_USR_PKG;IAS_USR_PKGIAS20142CHK_USR_FRM_PRVIA;IAS_USR_PKGIAS20142GET_USR_APPRV;IAS_USR_PKGIAS20142GET_USR_NMIAS;YS_GEN_PKG;YS_GEN_PKGIAS20142CHK_LOCK_RCRDY;YS_GEN_PKGIAS20142GET_USR_FLD_PRVYS_;YS_SRL_SCR_PKG;YS_SRL_SCR_PKGIAS20142GET_SYS_SQ,CREATE/SAVE;UPDATE;DELETE/VOID;POST;PRINT,FMX_STRING_EVIDENCE,oracle_forms/deep_catalog/form_field_trigger_catalog.jsonl
AMSI002.fmx,ADMIN,ONEX_ADMIN_WINDOW_API,33,8,318,532,IAS_GET_ENC_PASS_FNC;IAS_GET_ENC_PASS_FNCIAS20142IAS_GET_ENC_PASS_FNC;IAS_USR_PKG;IAS_USR_PKGIAS20142CHK_USR_FRM_PRVIA;IAS_USR_PKGIAS20142GET_USR_APPRV;IAS_USR_PKGIAS20142GET_USR_NMIAS;YS_GEN_PKG;YS_GEN_PKGIAS20142CHK_LOCK_RCRDY;YS_GEN_PKGIAS20142GET_USR_FLD_PRVYS_;YS_SRL_SCR_PKG;YS_SRL_SCR_PKGIAS20142GET_SYS_SQ,CREATE/SAVE;UPDATE;DELETE/VOID;POST;PRINT,FMX_STRING_EVIDENCE,oracle_forms/deep_catalog/form_field_trigger_catalog.jsonl
AMSI003.fmx,ADMIN,ONEX_ADMIN_WINDOW_API,35,8,260,570,IAS_GET_ENC_PASS_FNC;IAS_GET_ENC_PASS_FNCIAS20142IAS_GET_ENC_PASS_FNC;IAS_USR_PKG;IAS_USR_PKGIAS20142CHK_USR_FRM_PRVIA;IAS_USR_PKGIAS20142GET_USR_APPRV;IAS_USR_PKGIAS20142GET_USR_NMIAS;YS_GEN_PKG;YS_GEN_PKGIAS20142CHK_LOCK_RCRDY;YS_GEN_PKGIAS20142GET_USR_FLD_PRVYS_;YS_SRL_SCR_PKG;YS_SRL_SCR_PKGIAS20142GET_SYS_SQ,CREATE/SAVE;UPDATE;DELETE/VOID;POST;PRINT,FMX_STRING_EVIDENCE,oracle_forms/deep_catalog/form_field_trigger_catalog.jsonl
AMSI004.fmx,ADMIN,ONEX_ADMIN_WINDOW_API,47,8,173,680,IAS_GEN_PKG;IAS_GEN_PKGIAS20142GET_SYSDATEIA;IAS_GET_ENC_PASS_FNC;IAS_GET_ENC_PASS_FNCIAS20142IAS_GET_ENC_PASS_FNC;IAS_USR_PKG;IAS_USR_PKGIAS20142CHK_USR_FRM_PRVIA;IAS_USR_PKGIAS20142GET_USR_APPRV;IAS_USR_PKGIAS20142GET_USR_NMIAS;IAS_WCODE_PKG;IAS_WCODE_PKGIAS20142GET_WC_NMIA;YS_EMP_PKG;YS_EMP_PKGIAS20142GET_EMP_NM;YS_GEN_PKG;YS_GEN_PKGIAS20142CHK_LOCK_RCRDY;YS_GEN_PKGIAS20142GET_USR_FLD_PRVYS_;YS_SRL_SCR_PKG;YS_SRL_SCR_PKGIAS20142GET_SYS_SQ,CREATE/SAVE;UPDATE;DELETE/VOID;POST;PRINT,FMX_STRING_EVIDENCE,oracle_forms/deep_catalog/form_field_trigger_catalog.jsonl
AMSI005.fmx,ADMIN,ONEX_ADMIN_WINDOW_API,44,8,262,625,IAS_GEN_PKG;IAS_GEN_PKGIAS20142GET_SYSDATEIA;IAS_GET_ENC_PASS_FNC;IAS_GET_ENC_PASS_FNCIAS20142IAS_GET_ENC_PASS_FNC;IAS_USR_PKG;IAS_USR_PKGIAS20142CHK_USR_FRM_PRVIA;IAS_USR_PKGIAS20142GET_USR_APPRV;IAS_USR_PKGIAS20142GET_USR_NMIAS;YS_EMP_PKG;YS_EMP_PKGIAS20142CHK_EMPYS_;YS_EMP_PKGIAS20142GET_EMP_NM;YS_GEN_PKG;YS_GEN_PKGIAS20142CHK_LOCK_RCRDY;YS_GEN_PKGIAS20142GET_USR_FLD_PRVYS_;YS_SRL_SCR_PKG;YS_SRL_SCR_PKGIAS20142GET_SYS_SQ,CREATE/SAVE;UPDATE;DELETE/VOID;POST;PRINT,FMX_STRING_EVIDENCE,oracle_forms/deep_catalog/form_field_trigger_catalog.jsonl
AMSI006.fmx,ADMIN,ONEX_ADMIN_WINDOW_API,33,8,290,532,IAS_GET_ENC_PASS_FNC;IAS_GET_ENC_PASS_FNCIAS20142IAS_GET_ENC_PASS_FNC;IAS_USR_PKG;IAS_USR_PKGIAS20142CHK_USR_FRM_PRVIA;IAS_USR_PKGIAS20142GET_USR_APPRV;IAS_USR_PKGIAS20142GET_USR_NMIAS;YS_GEN_PKG;YS_GEN_PKGIAS20142CHK_LOCK_RCRDY;YS_GEN_PKGIAS20142GET_USR_FLD_PRVYS_;YS_SRL_SCR_PKG;YS_SRL_SCR_PKGIAS20142GET_SYS_SQ,CREATE/SAVE;UPDATE;DELETE/VOID;POST;PRINT,FMX_STRING_EVIDENCE,oracle_forms/deep_catalog/form_field_trigger_catalog.jsonl
AMSI007.fmx,ADMIN,ONEX_ADMIN_WINDOW_API,33,8,330,550,IAS_GET_ENC_PASS_FNC;IAS_GET_ENC_PASS_FNCIAS20142IAS_GET_ENC_PASS_FNC;IAS_USR_PKG;IAS_USR_PKGIAS20142CHK_USR_FRM_PRVIA;IAS_USR_PKGIAS20142GET_USR_APPRV;IAS_USR_PKGIAS20142GET_USR_NMIAS;YS_GEN_PKG;YS_GEN_PKGIAS20142CHK_LOCK_RCRDY;YS_GEN_PKGIAS20142GET_USR_FLD_PRVYS_;YS_SRL_SCR_PKG;YS_SRL_SCR_PKGIAS20142GET_SYS_SQ,CREATE/SAVE;UPDATE;DELETE/VOID;POST;PRINT,FMX_STRING_EVIDENCE,oracle_forms/deep_catalog/form_field_trigger_catalog.jsonl
AMSR001.fmx,ADMIN,ONEX_ADMIN_WINDOW_API,16,2,234,462,IAS_GET_ENC_PASS_FNC;IAS_GET_ENC_PASS_FNCIAS20142IAS_GET_ENC_PASS_FNC;IAS_USR_PKG;IAS_USR_PKGIAS20142GET_USR_NMIAS;YS_GEN_PKG;YS_GEN_PKGIAS20142GET_PROMPT,PRINT,FMX_STRING_EVIDENCE,oracle_forms/deep_catalog/form_field_trigger_catalog.jsonl
AMSR002.fmx,ADMIN,ONEX_ADMIN_WINDOW_API,14,2,338,485,IAS_GET_ENC_PASS_FNC;IAS_GET_ENC_PASS_FNCIAS20142IAS_GET_ENC_PASS_FNC;IAS_USR_PKG;IAS_USR_PKGIAS20142GET_USR_NMIAS;YS_GEN_PKG;YS_GEN_PKGIAS20142GET_PROMPT,PRINT,FMX_STRING_EVIDENCE,oracle_forms/deep_catalog/form_field_trigger_catalog.jsonl
AMSR003.fmx,ADMIN,ONEX_ADMIN_WINDOW_API,22,2,233,550,IAS_GET_ENC_PASS_FNC;IAS_GET_ENC_PASS_FNCIAS20142IAS_GET_ENC_PASS_FNC;IAS_USR_PKG;IAS_USR_PKGIAS20142GET_USR_NMIAS;IAS_WCODE_PKG;IAS_WCODE_PKGIAS20142GET_WC_NMIA;YS_EMP_PKG;YS_EMP_PKGIAS20142GET_EMP_NM;YS_GEN_PKG;YS_GEN_PKGIAS20142GET_PROMPT,PRINT,FMX_STRING_EVIDENCE,oracle_forms/deep_catalog/form_field_trigger_catalog.jsonl
AMSR004.fmx,ADMIN,ONEX_ADMIN_WINDOW_API,20,2,210,503,IAS_GET_ENC_PASS_FNC;IAS_GET_ENC_PASS_FNCIAS20142IAS_GET_ENC_PASS_FNC;IAS_USR_PKG;IAS_USR_PKGIAS20142GET_USR_NMIAS;YS_EMP_PKG;YS_EMP_PKGIAS20142CHK_EMPYS_;YS_GEN_PKG;YS_GEN_PKGIAS20142GET_PROMPT,PRINT,FMX_STRING_EVIDENCE,oracle_forms/deep_catalog/form_field_trigger_catalog.jsonl
AMSR005.fmx,ADMIN,ONEX_ADMIN_WINDOW_API,14,2,203,465,IAS_GET_ENC_PASS_FNC;IAS_GET_ENC_PASS_FNCIAS20142IAS_GET_ENC_PASS_FNC;IAS_USR_PKG;IAS_USR_PKGIAS20142GET_USR_NMIAS;YS_GEN_PKG;YS_GEN_PKGIAS20142GET_PROMPT,PRINT,FMX_STRING_EVIDENCE,oracle_forms/deep_catalog/form_field_trigger_catalog.jsonl
AMSR006.fmx,ADMIN,ONEX_ADMIN_WINDOW_API,14,2,205,450,IAS_GET_ENC_PASS_FNC;IAS_GET_ENC_PASS_FNCIAS20142IAS_GET_ENC_PASS_FNC;IAS_USR_PKG;IAS_USR_PKGIAS20142GET_USR_NMIAS;YS_GEN_PKG;YS_GEN_PKGIAS20142GET_PROMPT,PRINT,FMX_STRING_EVIDENCE,oracle_forms/deep_catalog/form_field_trigger_catalog.jsonl
AMSR007.fmx,ADMIN,ONEX_ADMIN_WINDOW_API,16,2,319,496,IAS_GET_ENC_PASS_FNC;IAS_GET_ENC_PASS_FNCIAS20142IAS_GET_ENC_PASS_FNC;IAS_USR_PKG;IAS_USR_PKGIAS20142GET_USR_NMIAS;YS_GEN_PKG;YS_GEN_PKGIAS20142GET_PROMPT,PRINT,FMX_STRING_EVIDENCE,oracle_forms/deep_catalog/form_field_trigger_catalog.jsonl
AMSR008.fmx,ADMIN,ONEX_ADMIN_WINDOW_API,21,2,147,496,IAS_GET_ENC_PASS_FNC;IAS_GET_ENC_PASS_FNCIAS20142IAS_GET_ENC_PASS_FNC;IAS_USR_PKG;IAS_USR_PKGIAS20142GET_USR_NMIAS;YS_EMP_PKG;YS_EMP_PKGIAS20142CHK_EMPYS_;YS_GEN_PKG;YS_GEN_PKGIAS20142GET_PROMPT,PRINT,FMX_STRING_EVIDENCE,oracle_forms/deep_catalog/form_field_trigger_catalog.jsonl
AMSR009.fmx,ADMIN,ONEX_ADMIN_WINDOW_API,20,2,299,570,IAS_GET_ENC_PASS_FNC;IAS_GET_ENC_PASS_FNCIAS20142IAS_GET_ENC_PASS_FNC;IAS_USR_PKG;IAS_USR_PKGIAS20142GET_USR_NMIAS;YS_EMP_PKG;YS_EMP_PKGIAS20142GET_EMP_NM;YS_GEN_PKG;YS_GEN_PKGIAS20142GET_PROMPT,PRINT,FMX_STRING_EVIDENCE,oracle_forms/deep_catalog/form_field_trigger_catalog.jsonl
AMSR010.fmx,ADMIN,ONEX_ADMIN_WINDOW_API,17,2,219,482,IAS_GET_ENC_PASS_FNC;IAS_GET_ENC_PASS_FNCIAS20142IAS_GET_ENC_PASS_FNC;IAS_USR_PKG;IAS_USR_PKGIAS20142GET_USR_NMIAS;YS_GEN_PKG;YS_GEN_PKGIAS20142GET_PROMPT,PRINT,FMX_STRING_EVIDENCE,oracle_forms/deep_catalog/form_field_trigger_catalog.jsonl
AMSR011.fmx,ADMIN,ONEX_ADMIN_WINDOW_API,18,2,219,482,IAS_GET_ENC_PASS_FNC;IAS_GET_ENC_PASS_FNCIAS20142IAS_GET_ENC_PASS_FNC;IAS_USR_PKG;IAS_USR_PKGIAS20142GET_USR_NMIAS;YS_GEN_PKG;YS_GEN_PKGIAS20142GET_PROMPT,PRINT,FMX_STRING_EVIDENCE,oracle_forms/deep_catalog/form_field_trigger_catalog.jsonl
AMSR012.fmx,ADMIN,ONEX_ADMIN_WINDOW_API,18,2,331,509,IAS_GET_ENC_PASS_FNC;IAS_GET_ENC_PASS_FNCIAS20142IAS_GET_ENC_PASS_FNC;IAS_USR_PKG;IAS_USR_PKGIAS20142GET_USR_NMIAS;IAS_WCODE_PKG;IAS_WCODE_PKGIAS20142GET_WC_NMIA;YS_GEN_PKG;YS_GEN_PKGIAS20142GET_PROMPT,PRINT,FMX_STRING_EVIDENCE,oracle_forms/deep_catalog/form_field_trigger_catalog.jsonl
AMSR013.fmx,ADMIN,ONEX_ADMIN_WINDOW_API,16,2,263,511,IAS_GET_ENC_PASS_FNC;IAS_GET_ENC_PASS_FNCIAS20142IAS_GET_ENC_PASS_FNC;IAS_USR_PKG;IAS_USR_PKGIAS20142GET_USR_NMIAS;IAS_WCODE_PKG;IAS_WCODE_PKGIAS20142GET_WC_NMIA;YS_GEN_PKG;YS_GEN_PKGIAS20142GET_PROMPT,PRINT,FMX_STRING_EVIDENCE,oracle_forms/deep_catalog/form_field_trigger_catalog.jsonl
AMSR014.fmx,ADMIN,ONEX_ADMIN_WINDOW_API,16,2,217,494,IAS_GET_ENC_PASS_FNC;IAS_GET_ENC_PASS_FNCIAS20142IAS_GET_ENC_PASS_FNC;IAS_USR_PKG;IAS_USR_PKGIAS20142GET_USR_NMIAS;YS_GEN_PKG;YS_GEN_PKGIAS20142GET_PROMPT,PRINT,FMX_STRING_EVIDENCE,oracle_forms/deep_catalog/form_field_trigger_catalog.jsonl
AMSS001.fmx,ADMIN,ONEX_ADMIN_WINDOW_API,32,8,138,370,IAS_GET_ENC_PASS_FNC;IAS_GET_ENC_PASS_FNCIAS20142IAS_GET_ENC_PASS_FNC;IAS_USR_PKG;IAS_USR_PKGIAS20142CHK_USR_FRM_PRVIA;IAS_USR_PKGIAS20142GET_USR_APPRV;IAS_USR_PKGIAS20142GET_USR_NMIAS;YS_GEN_PKG;YS_GEN_PKGIAS20142GET_USR_FLD_PRVYS_;YS_SRL_SCR_PKG;YS_SRL_SCR_PKGIAS20142GET_SYS_SQ,CREATE/SAVE;UPDATE;DELETE/VOID;POST;PRINT,FMX_STRING_EVIDENCE,oracle_forms/deep_catalog/form_field_trigger_catalog.jsonl
AMSS002.fmx,ADMIN,ONEX_ADMIN_WINDOW_API,32,8,181,344,IAS_GET_ENC_PASS_FNC;IAS_GET_ENC_PASS_FNCIAS20142IAS_GET_ENC_PASS_FNC;IAS_USR_PKG;IAS_USR_PKGIAS20142CHK_USR_FRM_PRVIA;IAS_USR_PKGIAS20142GET_USR_APPRV;IAS_USR_PKGIAS20142GET_USR_NMIAS;YS_GEN_PKG;YS_GEN_PKGIAS20142GET_USR_FLD_PRVYS_;YS_SRL_SCR_PKG;YS_SRL_SCR_PKGIAS20142GET_SYS_SQ,CREATE/SAVE;UPDATE;DELETE/VOID;POST;PRINT,FMX_STRING_EVIDENCE,oracle_forms/deep_catalog/form_field_trigger_catalog.jsonl
AMSS003.fmx,ADMIN,ONEX_ADMIN_WINDOW_API,32,8,186,343,IAS_GET_ENC_PASS_FNC;IAS_GET_ENC_PASS_FNCIAS20142IAS_GET_ENC_PASS_FNC;IAS_USR_PKG;IAS_USR_PKGIAS20142CHK_USR_FRM_PRVIA;IAS_USR_PKGIAS20142GET_USR_APPRV;IAS_USR_PKGIAS20142GET_USR_NMIAS;YS_GEN_PKG;YS_GEN_PKGIAS20142GET_USR_FLD_PRVYS_;YS_SRL_SCR_PKG;YS_SRL_SCR_PKGIAS20142GET_SYS_SQ,CREATE/SAVE;UPDATE;DELETE/VOID;POST;PRINT,FMX_STRING_EVIDENCE,oracle_forms/deep_catalog/form_field_trigger_catalog.jsonl
AMSS004.fmx,ADMIN,ONEX_ADMIN_WINDOW_API,32,8,186,343,IAS_GET_ENC_PASS_FNC;IAS_GET_ENC_PASS_FNCIAS20142IAS_GET_ENC_PASS_FNC;IAS_USR_PKG;IAS_USR_PKGIAS20142CHK_USR_FRM_PRVIA;IAS_USR_PKGIAS20142GET_USR_APPRV;IAS_USR_PKGIAS20142GET_USR_NMIAS;YS_GEN_PKG;YS_GEN_PKGIAS20142GET_USR_FLD_PRVYS_;YS_SRL_SCR_PKG;YS_SRL_SCR_PKGIAS20142GET_SYS_SQ,CREATE/SAVE;UPDATE;DELETE/VOID;POST;PRINT,FMX_STRING_EVIDENCE,oracle_forms/deep_catalog/form_field_trigger_catalog.jsonl
AMSS005.fmx,ADMIN,ONEX_ADMIN_WINDOW_API,32,8,186,343,IAS_GET_ENC_PASS_FNC;IAS_GET_ENC_PASS_FNCIAS20142IAS_GET_ENC_PASS_FNC;IAS_USR_PKG;IAS_USR_PKGIAS20142CHK_USR_FRM_PRVIA;IAS_USR_PKGIAS20142GET_USR_APPRV;IAS_USR_PKGIAS20142GET_USR_NMIAS;YS_GEN_PKG;YS_GEN_PKGIAS20142GET_USR_FLD_PRVYS_;YS_SRL_SCR_PKG;YS_SRL_SCR_PKGIAS20142GET_SYS_SQ,CREATE/SAVE;UPDATE;DELETE/VOID;POST;PRINT,FMX_STRING_EVIDENCE,oracle_forms/deep_catalog/form_field_trigger_catalog.jsonl
AMSS006.fmx,ADMIN,ONEX_ADMIN_WINDOW_API,32,8,186,343,IAS_GET_ENC_PASS_FNC;IAS_GET_ENC_PASS_FNCIAS20142IAS_GET_ENC_PASS_FNC;IAS_USR_PKG;IAS_USR_PKGIAS20142CHK_USR_FRM_PRVIA;IAS_USR_PKGIAS20142GET_USR_APPRV;IAS_USR_PKGIAS20142GET_USR_NMIAS;YS_GEN_PKG;YS_GEN_PKGIAS20142GET_USR_FLD_PRVYS_;YS_SRL_SCR_PKG;YS_SRL_SCR_PKGIAS20142GET_SYS_SQ,CREATE/SAVE;UPDATE;DELETE/VOID;POST;PRINT,FMX_STRING_EVIDENCE,oracle_forms/deep_catalog/form_field_trigger_catalog.jsonl
AMSS007.fmx,ADMIN,ONEX_ADMIN_WINDOW_API,32,8,181,343,IAS_GET_ENC_PASS_FNC;IAS_GET_ENC_PASS_FNCIAS20142IAS_GET_ENC_PASS_FNC;IAS_USR_PKG;IAS_USR_PKGIAS20142CHK_USR_FRM_PRVIA;IAS_USR_PKGIAS20142GET_USR_APPRV;IAS_USR_PKGIAS20142GET_USR_NMIAS;YS_GEN_PKG;YS_GEN_PKGIAS20142GET_USR_FLD_PRVYS_;YS_SRL_SCR_PKG;YS_SRL_SCR_PKGIAS20142GET_SYS_SQ,CREATE/SAVE;UPDATE;DELETE/VOID;POST;PRINT,FMX_STRING_EVIDENCE,oracle_forms/deep_catalog/form_field_trigger_catalog.jsonl
AMSS008.fmx,ADMIN,ONEX_ADMIN_WINDOW_API,38,8,154,397,IAS_GEN_PKG;IAS_GEN_PKGIAS20142GET_PROMPTIAS;IAS_GET_ENC_PASS_FNC;IAS_GET_ENC_PASS_FNCIAS20142IAS_GET_ENC_PASS_FNC;IAS_USR_PKG;IAS_USR_PKGIAS20142CHK_USR_FRM_PRVIA;IAS_USR_PKGIAS20142GET_USR_APPRV;IAS_USR_PKGIAS20142GET_USR_NMIAS;YS_GEN_PKG;YS_GEN_PKGIAS20142GET_USR_FLD_PRVYS_;YS_SRL_SCR_PKG;YS_SRL_SCR_PKGIAS20142GET_SYS_SQ,CREATE/SAVE;UPDATE;DELETE/VOID;POST;PRINT,FMX_STRING_EVIDENCE,oracle_forms/deep_catalog/form_field_trigger_catalog.jsonl
AMST001.fmx,ADMIN,ONEX_ADMIN_WINDOW_API,41,8,265,633,IAS_GEN_PKG;IAS_GEN_PKGIAS20142GET_SYSDATEIA;IAS_GET_DOC_DEL_FNC;IAS_GET_ENC_PASS_FNC;IAS_GET_ENC_PASS_FNCIAS20142IAS_GET_ENC_PASS_FNC;IAS_USR_PKG;IAS_USR_PKGIAS20142CHK_USR_FRM_PRVIA;IAS_USR_PKGIAS20142GET_USR_APPRV;IAS_USR_PKGIAS20142GET_USR_NMIAS;YS_GEN_PKG;YS_GEN_PKGIAS20142CHK_LOCK_RCRDY;YS_GEN_PKGIAS20142GET_USR_FLD_PRVYS_;YS_SRL_SCR_PKG;YS_SRL_SCR_PKGIAS20142GET_SYS_SQ,CREATE/SAVE;UPDATE;DELETE/VOID;POST;PRINT,FMX_STRING_EVIDENCE,oracle_forms/deep_catalog/form_field_trigger_catalog.jsonl
AMST002.fmx,ADMIN,ONEX_ADMIN_WINDOW_API,46,8,256,668,IAS_GEN_PKG;IAS_GEN_PKGIAS20142GET_SYSDATEIA;IAS_GET_DOC_DEL_FNC;IAS_GET_ENC_PASS_FNC;IAS_GET_ENC_PASS_FNCIAS20142IAS_GET_ENC_PASS_FNC;IAS_USR_PKG;IAS_USR_PKGIAS20142CHK_USR_FRM_PRVIA;IAS_USR_PKGIAS20142GET_USR_APPRV;IAS_USR_PKGIAS20142GET_USR_NMIAS;YS_EMP_PKG;YS_EMP_PKGIAS20142CHK_EMPYS_;YS_EMP_PKGIAS20142GET_EMP_NM;YS_GEN_PKG;YS_GEN_PKGIAS20142CHK_LOCK_RCRDY;YS_GEN_PKGIAS20142GET_USR_FLD_PRVYS_;YS_SRL_SCR_PKG;YS_SRL_SCR_PKGIAS20142GET_SYS_SQ,CREATE/SAVE;UPDATE;DELETE/VOID;POST;PRINT,FMX_STRING_EVIDENCE,oracle_forms/deep_catalog/form_field_trigger_catalog.jsonl
AMST003.fmx,ADMIN,ONEX_ADMIN_WINDOW_API,48,8,292,778,IAS_GEN_PKG;IAS_GEN_PKGIAS20142GET_SYSDATEIA;IAS_GET_DOC_DEL_FNC;IAS_GET_ENC_PASS_FNC;IAS_GET_ENC_PASS_FNCIAS20142IAS_GET_ENC_PASS_FNC;IAS_USR_PKG;IAS_USR_PKGIAS20142CHK_USR_FRM_PRVIA;IAS_USR_PKGIAS20142GET_USR_APPRV;IAS_USR_PKGIAS20142GET_USR_NMIAS;IAS_WCODE_PKG;IAS_WCODE_PKGIAS20142GET_WC_NMIA;YS_EMP_PKG;YS_EMP_PKGIAS20142GET_EMP_NM;YS_GEN_PKG;YS_GEN_PKGIAS20142CHK_LOCK_RCRDY;YS_GEN_PKGIAS20142GET_USR_FLD_PRVYS_;YS_SRL_SCR_PKG;YS_SRL_SCR_PKGIAS20142GET_SYS_SQ,CREATE/SAVE;UPDATE;DELETE/VOID;POST;PRINT,FMX_STRING_EVIDENCE,oracle_forms/deep_catalog/form_field_trigger_catalog.jsonl
AMST004.fmx,ADMIN,ONEX_ADMIN_WINDOW_API,43,8,275,603,IAS_GEN_PKG;IAS_GEN_PKGIAS20142GET_SYSDATEIA;IAS_GET_DOC_DEL_FNC;IAS_GET_ENC_PASS_FNC;IAS_GET_ENC_PASS_FNCIAS20142IAS_GET_ENC_PASS_FNC;IAS_USR_PKG;IAS_USR_PKGIAS20142CHK_USR_FRM_PRVIA;IAS_USR_PKGIAS20142GET_USR_APPRV;IAS_USR_PKGIAS20142GET_USR_NMIAS;YS_GEN_PKG;YS_GEN_PKGIAS20142CHK_LOCK_RCRDY;YS_GEN_PKGIAS20142GET_USR_FLD_PRVYS_;YS_SRL_SCR_PKG;YS_SRL_SCR_PKGIAS20142GET_SYS_SQ,CREATE/SAVE;UPDATE;DELETE/VOID;POST;PRINT,FMX_STRING_EVIDENCE,oracle_forms/deep_catalog/form_field_trigger_catalog.jsonl
AMST005.fmx,ADMIN,ONEX_ADMIN_WINDOW_API,45,8,293,623,IAS_GEN_PKG;IAS_GEN_PKGIAS20142GET_SYSDATEIA;IAS_GET_DOC_DEL_FNC;IAS_GET_ENC_PASS_FNC;IAS_GET_ENC_PASS_FNCIAS20142IAS_GET_ENC_PASS_FNC;IAS_USR_PKG;IAS_USR_PKGIAS20142CHK_USR_FRM_PRVIA;IAS_USR_PKGIAS20142GET_USR_APPRV;IAS_USR_PKGIAS20142GET_USR_NMIAS;YS_GEN_PKG;YS_GEN_PKGIAS20142CHK_LOCK_RCRDY;YS_GEN_PKGIAS20142GET_USR_FLD_PRVYS_;YS_SRL_SCR_PKG;YS_SRL_SCR_PKGIAS20142GET_SYS_SQ,CREATE/SAVE;UPDATE;DELETE/VOID;POST;PRINT,FMX_STRING_EVIDENCE,oracle_forms/deep_catalog/form_field_trigger_catalog.jsonl
AMST006.fmx,ADMIN,ONEX_ADMIN_WINDOW_API,43,8,263,623,IAS_GEN_PKG;IAS_GEN_PKGIAS20142GET_SYSDATEIA;IAS_GET_DOC_DEL_FNC;IAS_GET_ENC_PASS_FNC;IAS_GET_ENC_PASS_FNCIAS20142IAS_GET_ENC_PASS_FNC;IAS_USR_PKG;IAS_USR_PKGIAS20142CHK_USR_FRM_PRVIA;IAS_USR_PKGIAS20142GET_USR_APPRV;IAS_USR_PKGIAS20142GET_USR_NMIAS;IAS_WCODE_PKG;IAS_WCODE_PKGIAS20142GET_WC_NMIA;YS_GEN_PKG;YS_GEN_PKGIAS20142CHK_LOCK_RCRDY;YS_GEN_PKGIAS20142GET_USR_FLD_PRVYS_;YS_SRL_SCR_PKG;YS_SRL_SCR_PKGIAS20142GET_SYS_SQ,CREATE/SAVE;UPDATE;DELETE/VOID;POST;PRINT,FMX_STRING_EVIDENCE,oracle_forms/deep_catalog/form_field_trigger_catalog.jsonl
AMST007.fmx,ADMIN,ONEX_ADMIN_WINDOW_API,42,8,325,663,IAS_GEN_PKG;IAS_GEN_PKGIAS20142GET_SYSDATEIA;IAS_GET_DOC_DEL_FNC;IAS_GET_ENC_PASS_FNC;IAS_GET_ENC_PASS_FNCIAS20142IAS_GET_ENC_PASS_FNC;IAS_USR_PKG;IAS_USR_PKGIAS20142CHK_USR_FRM_PRVIA;IAS_USR_PKGIAS20142GET_USR_APPRV;IAS_USR_PKGIAS20142GET_USR_NMIAS;YS_GEN_PKG;YS_GEN_PKGIAS20142CHK_LOCK_RCRDY;YS_GEN_PKGIAS20142GET_USR_FLD_PRVYS_;YS_SRL_SCR_PKG;YS_SRL_SCR_PKGIAS20142GET_SYS_SQ,CREATE/SAVE;UPDATE;DELETE/VOID;POST;PRINT,FMX_STRING_EVIDENCE,oracle_forms/deep_catalog/form_field_trigger_catalog.jsonl
AMST008.fmx,ADMIN,ONEX_ADMIN_WINDOW_API,37,8,255,597,IAS_GEN_PKG;IAS_GEN_PKGIAS20142GET_SYSDATEIA;IAS_GET_DOC_DEL_FNC;IAS_GET_ENC_PASS_FNC;IAS_GET_ENC_PASS_FNCIAS20142IAS_GET_ENC_PASS_FNC;IAS_USR_PKG;IAS_USR_PKGIAS20142CHK_USR_FRM_PRVIA;IAS_USR_PKGIAS20142GET_USR_APPRV;IAS_USR_PKGIAS20142GET_USR_NMIAS;YS_GEN_PKG;YS_GEN_PKGIAS20142CHK_LOCK_RCRDY;YS_GEN_PKGIAS20142GET_USR_FLD_PRVYS_;YS_SRL_SCR_PKG;YS_SRL_SCR_PKGIAS20142GET_SYS_SQ,CREATE/SAVE;UPDATE;DELETE/VOID;POST;PRINT,FMX_STRING_EVIDENCE,oracle_forms/deep_catalog/form_field_trigger_catalog.jsonl
AMST009.fmx,ADMIN,ONEX_ADMIN_WINDOW_API,41,8,276,601,IAS_GEN_PKG;IAS_GEN_PKGIAS20142GET_SYSDATEIA;IAS_GET_DOC_DEL_FNC;IAS_GET_ENC_PASS_FNC;IAS_GET_ENC_PASS_FNCIAS20142IAS_GET_ENC_PASS_FNC;IAS_USR_PKG;IAS_USR_PKGIAS20142CHK_USR_FRM_PRVIA;IAS_USR_PKGIAS20142GET_USR_APPRV;IAS_USR_PKGIAS20142GET_USR_NMIAS;YS_GEN_PKG;YS_GEN_PKGIAS20142CHK_LOCK_RCRDY;YS_GEN_PKGIAS20142GET_USR_FLD_PRVYS_;YS_SRL_SCR_PKG;YS_SRL_SCR_PKGIAS20142GET_SYS_SQ,CREATE/SAVE;UPDATE;DELETE/VOID;POST;PRINT,FMX_STRING_EVIDENCE,oracle_forms/deep_catalog/form_field_trigger_catalog.jsonl
AMS_INSTAL.fmx,ADMIN,ONEX_ADMIN_WINDOW_API,44,8,143,474,IAS_GET_ENC_PASS_FNC;IAS_GET_ENC_PASS_FNCIAS20142IAS_GET_ENC_PASS_FNC;IAS_USR_PKG;IAS_USR_PKGIAS20142CHK_USR_FRM_PRVIA;IAS_USR_PKGIAS20142GET_USR_APPRV;IAS_USR_PKGIAS20142GET_USR_NMIAS;YS_GEN_PKG;YS_GEN_PKGIAS20142CHK_LOCK_RCRDY;YS_GEN_PKGIAS20142GET_USR_FLD_PRVYS_,CREATE/SAVE;UPDATE;DELETE/VOID;POST;PRINT,FMX_STRING_EVIDENCE,oracle_forms/deep_catalog/form_field_trigger_catalog.jsonl
APSI001.fmx,AP,ONEX_AP_WINDOW_API,38,8,260,382,IAS_ACODE_PKG;IAS_ACODE_PKGIAS20142GET_A_NAMEI;IAS_CSHBNK_PKG;IAS_CSHBNK_PKGIAS20142CHK_AC_CSH_BNK;IAS_GEN_PKG;IAS_GEN_PKGIAS20142GET_CNTIA;IAS_GEN_PKGIAS20142GET_FLD_VALUE;IAS_GEN_PKGIAS20142GET_PROMPTIAS;IAS_GET_ENC_PASS_FNC;IAS_GET_ENC_PASS_FNCIAS20142IAS_GET_ENC_PASS_FNC;IAS_USR_PKG;IAS_USR_PKGIAS20142CHK_USR_FRM_PRVIA;IAS_USR_PKGIAS20142GET_USR_APPRV;IAS_USR_PKGIAS20142GET_USR_NMIAS;YS_AC_DTL_PKG;YS_AC_DTL_PKGIAS20142GET_AC_DTL_TYPY;YS_GEN_PKG;YS_GEN_PKGIAS20142GET_USR_FLD_PRVYS_,CREATE/SAVE;UPDATE;DELETE/VOID;POST;PRINT,FMX_STRING_EVIDENCE,oracle_forms/deep_catalog/form_field_trigger_catalog.jsonl
APSI002.fmx,AP,ONEX_AP_WINDOW_API,49,8,565,722,IAS_ACODE_PKG;IAS_ACODE_PKGIAS20142GET_A_NAMEI;IAS_CC_CODE_PKG;IAS_CC_CODE_PKGIAS20142GET_CC_NO;IAS_CHECK_SYS_PKG;IAS_CHECK_SYS_PKGIAS20142CHECK_AC_CC;IAS_CSHBNK_PKG;IAS_CSHBNK_PKGIAS20142CHK_AC_CSH_BNK;IAS_GEN_PKG;IAS_GEN_PKGIAS20142GET_CNTIA;IAS_GEN_PKGIAS20142GET_CODE_NMIA;IAS_GEN_PKGIAS20142GET_CURDATEIA;IAS_GEN_PKGIAS20142GET_FLD_VALUE;IAS_GEN_PKGIAS20142GET_FRM_PRVIA;IAS_GEN_PKGIAS20142GET_MSGIA;IAS_GEN_PKGIAS20142GET_PROMPTIAS;IAS_GET_ENC_PASS_FNC;IAS_GET_ENC_PASS_FNCIAS20142IAS_GET_ENC_PASS_FNC;IAS_USR_PKG;IAS_USR_PKGIAS20142CHK_USR_FRM_PRVIA;IAS_USR_PKGIAS20142GET_USR_APPRV;IAS_USR_PKGIAS20142GET_USR_NMIAS;YS_AC_DTL_PKG;YS_AC_DTL_PKGIAS20142GET_AC_DTL_TYPY;YS_GEN_PKG;YS_GEN_PKGIAS20142CHK_ACTV_SYSTEMYS_;YS_GEN_PKGIAS20142GET_USR_FLD_PRVYS_,CREATE/SAVE;UPDATE;DELETE/VOID;POST;PRINT,FMX_STRING_EVIDENCE,oracle_forms/deep_catalog/form_field_trigger_catalog.jsonl
APSI003.fmx,AP,ONEX_AP_WINDOW_API,41,8,356,499,IAS_GEN_PKG;IAS_GEN_PKGIAS20142GET_CURDATEIA;IAS_GEN_PKGIAS20142GET_PROMPTIAS;IAS_GET_ENC_PASS_FNC;IAS_GET_ENC_PASS_FNCIAS20142IAS_GET_ENC_PASS_FNC;IAS_USR_PKG;IAS_USR_PKGIAS20142CHK_USR_FRM_PRVIA;IAS_USR_PKGIAS20142GET_USR_APPRV;IAS_USR_PKGIAS20142GET_USR_NMIAS;IAS_VNDR_PKG;IAS_VNDR_PKGIAS20142GET_VNDR_FOR_ITM;IAS_VNDR_PKGIAS20142GET_V_NAMEIA;YS_GEN_PKG;YS_GEN_PKGIAS20142GET_USR_FLD_PRVYS_,CREATE/SAVE;UPDATE;DELETE/VOID;POST;PRINT,FMX_STRING_EVIDENCE,oracle_forms/deep_catalog/form_field_trigger_catalog.jsonl
APSI006.fmx,AP,ONEX_AP_WINDOW_API,36,8,473,700,IAS_CHECK_SYS_PKG;IAS_CHECK_SYS_PKGIAS20142CHECK_BT_DATEIA;IAS_CHECK_SYS_PKGIAS20142CHECK_BT_VALUEI;IAS_GEN_PKG;IAS_GEN_PKGIAS20142GET_CNTIA;IAS_GEN_PKGIAS20142GET_FINAL_DAY;IAS_GEN_PKGIAS20142GET_FRST_DAYI;IAS_GEN_PKGIAS20142GET_PROMPTIAS;IAS_GET_ENC_PASS_FNC;IAS_GET_ENC_PASS_FNCIAS20142IAS_GET_ENC_PASS_FNC;IAS_USR_PKG;IAS_USR_PKGIAS20142CHK_USR_FRM_PRVIA;IAS_USR_PKGIAS20142GET_USR_APPRV;IAS_USR_PKGIAS20142GET_USR_NMIAS;YS_GEN_PKG;YS_GEN_PKGIAS20142GET_USR_FLD_PRVYS_,CREATE/SAVE;UPDATE;DELETE/VOID;POST;PRINT,FMX_STRING_EVIDENCE,oracle_forms/deep_catalog/form_field_trigger_catalog.jsonl
APSI008.fmx,AP,ONEX_AP_WINDOW_API,37,8,292,451,IAS_AUD_SYS_PKG;IAS_AUD_SYS_PKGIAS20142SET_PARAI;IAS_GEN_PKG;IAS_GEN_PKGIAS20142GET_FLD_VALUE;IAS_GEN_PKGIAS20142GET_PROMPTIAS;IAS_GET_ENC_PASS_FNC;IAS_GET_ENC_PASS_FNCIAS20142IAS_GET_ENC_PASS_FNC;IAS_USR_PKG;IAS_USR_PKGIAS20142CHK_USR_FRM_PRVIA;IAS_USR_PKGIAS20142GET_USR_APPRV;IAS_USR_PKGIAS20142GET_USR_NMIAS;YS_GEN_PKG;YS_GEN_PKGIAS20142GET_USR_FLD_PRVYS_;YS_SRL_SCR_PKG;YS_SRL_SCR_PKGIAS20142GET_SYS_SQ,CREATE/SAVE;UPDATE;DELETE/VOID;POST;PRINT,FMX_STRING_EVIDENCE,oracle_forms/deep_catalog/form_field_trigger_catalog.jsonl
APSI009.fmx,AP,ONEX_AP_WINDOW_API,37,8,394,501,IAS_CHECK_SYS_PKG;IAS_CHECK_SYS_PKGIAS20142CHECK_BT_DATEIA;IAS_GEN_PKG;IAS_GEN_PKGIAS20142GET_CNTIA;IAS_GEN_PKGIAS20142GET_CURDATEIA;IAS_GEN_PKGIAS20142GET_FLD_VALUE;IAS_GEN_PKGIAS20142GET_PROMPTIAS;IAS_GEN_PKGIAS20142GET_USR_NMIAS;IAS_GET_ENC_PASS_FNC;IAS_GET_ENC_PASS_FNCIAS20142IAS_GET_ENC_PASS_FNC;IAS_USR_PKG;IAS_USR_PKGIAS20142CHK_USR_FRM_PRVIA;IAS_USR_PKGIAS20142GET_USR_APPRV;IAS_USR_PKGIAS20142GET_USR_NMIAS;YS_GEN_PKG;YS_GEN_PKGIAS20142GET_USR_FLD_PRVYS_,CREATE/SAVE;UPDATE;DELETE/VOID;POST;PRINT,FMX_STRING_EVIDENCE,oracle_forms/deep_catalog/form_field_trigger_catalog.jsonl
APSR001.fmx,AP,ONEX_AP_WINDOW_API,10,2,215,275,IAS_GET_ENC_PASS_FNC;IAS_GET_ENC_PASS_FNCIAS20142IAS_GET_ENC_PASS_FNC;IAS_USR_PKG;IAS_USR_PKGIAS20142GET_USR_NMIAS,PRINT,FMX_STRING_EVIDENCE,oracle_forms/deep_catalog/form_field_trigger_catalog.jsonl
APSR002.fmx,AP,ONEX_AP_WINDOW_API,12,2,202,266,IAS_GEN_PKG;IAS_GEN_PKGIAS20142GET_PROMPTIAS;IAS_GET_ENC_PASS_FNC;IAS_GET_ENC_PASS_FNCIAS20142IAS_GET_ENC_PASS_FNC;IAS_USR_PKG;IAS_USR_PKGIAS20142GET_USR_NMIAS,PRINT,FMX_STRING_EVIDENCE,oracle_forms/deep_catalog/form_field_trigger_catalog.jsonl
APSR005.fmx,AP,ONEX_AP_WINDOW_API,20,2,307,377,IAS_CHECK_SYS_PKG;IAS_CHECK_SYS_PKGIAS20142CHECK_BT_VALUEI;IAS_DBS_SYS_PKG;IAS_DBS_SYS_PKGIAS20142CHECK_ST_OBJI;IAS_GEN_PKG;IAS_GEN_PKGIAS20142GET_LOCAL_CUR;IAS_GEN_PKGIAS20142GET_PROMPTIAS;IAS_GEN_PKGIAS20142GET_SYSDATEIA;IAS_GET_ENC_PASS_FNC;IAS_GET_ENC_PASS_FNCIAS20142IAS_GET_ENC_PASS_FNC;IAS_USR_PKG;IAS_USR_PKGIAS20142GET_USR_NMIAS,PRINT,FMX_STRING_EVIDENCE,oracle_forms/deep_catalog/form_field_trigger_catalog.jsonl
APSR010.fmx,AP,ONEX_AP_WINDOW_API,17,2,263,309,IAS_CHECK_SYS_PKG;IAS_CHECK_SYS_PKGIAS20142CHECK_BT_DATEIA;IAS_CHECK_SYS_PKGIAS20142CHECK_BT_VALUEI;IAS_GEN_PKG;IAS_GEN_PKGIAS20142GET_FLG_NMIAS;IAS_GEN_PKGIAS20142GET_LOCAL_CUR;IAS_GEN_PKGIAS20142GET_PROMPTIAS;IAS_GET_ENC_PASS_FNC;IAS_GET_ENC_PASS_FNCIAS20142IAS_GET_ENC_PASS_FNC;IAS_USR_PKG;IAS_USR_PKGIAS20142GET_USR_NMIAS,PRINT,FMX_STRING_EVIDENCE,oracle_forms/deep_catalog/form_field_trigger_catalog.jsonl
APSR011.fmx,AP,ONEX_AP_WINDOW_API,12,2,263,290,IAS_GEN_PKG;IAS_GEN_PKGIAS20142GET_PROMPTIAS;IAS_GET_ENC_PASS_FNC;IAS_GET_ENC_PASS_FNCIAS20142IAS_GET_ENC_PASS_FNC;IAS_USR_PKG;IAS_USR_PKGIAS20142GET_USR_NMIAS,PRINT,FMX_STRING_EVIDENCE,oracle_forms/deep_catalog/form_field_trigger_catalog.jsonl
APSR012.fmx,AP,ONEX_AP_WINDOW_API,12,2,270,288,IAS_GEN_PKG;IAS_GEN_PKGIAS20142GET_PROMPTIAS;IAS_GET_ENC_PASS_FNC;IAS_GET_ENC_PASS_FNCIAS20142IAS_GET_ENC_PASS_FNC;IAS_USR_PKG;IAS_USR_PKGIAS20142GET_USR_NMIAS,PRINT,FMX_STRING_EVIDENCE,oracle_forms/deep_catalog/form_field_trigger_catalog.jsonl
APSR013.fmx,AP,ONEX_AP_WINDOW_API,17,2,288,296,IAS_CHECK_SYS_PKG;IAS_CHECK_SYS_PKGIAS20142CHECK_BT_DATEIA;IAS_GEN_PKG;IAS_GEN_PKGIAS20142GET_FRST_DAYI;IAS_GEN_PKGIAS20142GET_LOCAL_CUR;IAS_GEN_PKGIAS20142GET_PROMPTIAS;IAS_GEN_PKGIAS20142GET_SYSDATEIA;IAS_GET_ENC_PASS_FNC;IAS_GET_ENC_PASS_FNCIAS20142IAS_GET_ENC_PASS_FNC;IAS_USR_PKG;IAS_USR_PKGIAS20142GET_USR_NMIAS,PRINT,FMX_STRING_EVIDENCE,oracle_forms/deep_catalog/form_field_trigger_catalog.jsonl
APSR014.fmx,AP,ONEX_AP_WINDOW_API,13,2,388,423,IAS_CHECK_SYS_PKG;IAS_CHECK_SYS_PKGIAS20142CHECK_BT_DATEIA;IAS_CHECK_SYS_PKGIAS20142CHECK_BT_VALUEI;IAS_GET_ENC_PASS_FNC;IAS_GET_ENC_PASS_FNCIAS20142IAS_GET_ENC_PASS_FNC;IAS_USR_PKG;IAS_USR_PKGIAS20142GET_USR_NMIAS,PRINT,FMX_STRING_EVIDENCE,oracle_forms/deep_catalog/form_field_trigger_catalog.jsonl
APSR015.fmx,AP,ONEX_AP_WINDOW_API,13,2,375,397,IAS_CHECK_SYS_PKG;IAS_CHECK_SYS_PKGIAS20142CHECK_BT_VALUEI;IAS_GET_ENC_PASS_FNC;IAS_GET_ENC_PASS_FNCIAS20142IAS_GET_ENC_PASS_FNC;IAS_USR_PKG;IAS_USR_PKGIAS20142GET_USR_NMIAS,PRINT,FMX_STRING_EVIDENCE,oracle_forms/deep_catalog/form_field_trigger_catalog.jsonl
APSR016.fmx,AP,ONEX_AP_WINDOW_API,17,2,402,481,IAS_CHECK_SYS_PKG;IAS_CHECK_SYS_PKGIAS20142CHECK_BT_DATEIA;IAS_CHECK_SYS_PKGIAS20142CHECK_BT_VALUEI;IAS_GEN_PKG;IAS_GEN_PKGIAS20142GET_PROMPTIAS;IAS_GET_ENC_PASS_FNC;IAS_GET_ENC_PASS_FNCIAS20142IAS_GET_ENC_PASS_FNC;IAS_REPORT_PKG;IAS_REPORT_PKGIAS20142GET_CLMN_LABLI;IAS_USR_PKG;IAS_USR_PKGIAS20142GET_USR_NMIAS,PRINT,FMX_STRING_EVIDENCE,oracle_forms/deep_catalog/form_field_trigger_catalog.jsonl
APSR017.fmx,AP,ONEX_AP_WINDOW_API,14,2,365,391,IAS_CHECK_SYS_PKG;IAS_CHECK_SYS_PKGIAS20142CHECK_BT_VALUEI;IAS_GEN_PKG;IAS_GEN_PKGIAS20142GET_FLG_NMIAS;IAS_GET_ENC_PASS_FNC;IAS_GET_ENC_PASS_FNCIAS20142IAS_GET_ENC_PASS_FNC;IAS_USR_PKG;IAS_USR_PKGIAS20142GET_USR_NMIAS,PRINT,FMX_STRING_EVIDENCE,oracle_forms/deep_catalog/form_field_trigger_catalog.jsonl
APSR018.fmx,AP,ONEX_AP_WINDOW_API,23,2,665,760,IAS_ACODE_PKG;IAS_ACODE_PKGIAS20142GET_A_NAMEI;IAS_CHECKDATA_AP_PRC;IAS_CHECKDATA_AP_PRCIAS20142IAS_CHECKDATA_AP_PRC;IAS_CHECK_SYS_PKG;IAS_CHECK_SYS_PKGIAS20142CHECK_BT_DATEIA;IAS_CHECK_SYS_PKGIAS20142CHECK_BT_VALUEI;IAS_GEN_PKG;IAS_GEN_PKGIAS20142GET_FLD_VALUE;IAS_GEN_PKGIAS20142GET_FLG_NMIAS;IAS_GEN_PKGIAS20142GET_FRST_DAYI;IAS_GEN_PKGIAS20142GET_PROMPTIAS;IAS_GEN_PKGIAS20142GET_SYSDATEIA;IAS_GET_ENC_PASS_FNC;IAS_GET_ENC_PASS_FNCIAS20142IAS_GET_ENC_PASS_FNC;IAS_USR_PKG;IAS_USR_PKGIAS20142GET_USR_NMIAS,PRINT,FMX_STRING_EVIDENCE,oracle_forms/deep_catalog/form_field_trigger_catalog.jsonl
APSR019.fmx,AP,ONEX_AP_WINDOW_API,13,2,341,418,IAS_CHECK_SYS_PKG;IAS_CHECK_SYS_PKGIAS20142CHECK_BT_DATEIA;IAS_CHECK_SYS_PKGIAS20142CHECK_BT_VALUEI;IAS_GET_ENC_PASS_FNC;IAS_GET_ENC_PASS_FNCIAS20142IAS_GET_ENC_PASS_FNC;IAS_USR_PKG;IAS_USR_PKGIAS20142GET_USR_NMIAS,PRINT,FMX_STRING_EVIDENCE,oracle_forms/deep_catalog/form_field_trigger_catalog.jsonl
APSR020.fmx,AP,ONEX_AP_WINDOW_API,14,2,319,341,IAS_CHECK_SYS_PKG;IAS_CHECK_SYS_PKGIAS20142CHECK_BT_VALUEI;IAS_GEN_PKG;IAS_GEN_PKGIAS20142GET_PROMPTIAS;IAS_GET_ENC_PASS_FNC;IAS_GET_ENC_PASS_FNCIAS20142IAS_GET_ENC_PASS_FNC;IAS_USR_PKG;IAS_USR_PKGIAS20142GET_USR_NMIAS,PRINT,FMX_STRING_EVIDENCE,oracle_forms/deep_catalog/form_field_trigger_catalog.jsonl
APSR021.fmx,AP,ONEX_AP_WINDOW_API,17,2,288,370,IAS_CHECK_SYS_PKG;IAS_CHECK_SYS_PKGIAS20142CHECK_BT_DATEIA;IAS_CHECK_SYS_PKGIAS20142CHECK_BT_VALUEI;IAS_GEN_PKG;IAS_GEN_PKGIAS20142GET_FRST_DAYI;IAS_GEN_PKGIAS20142GET_PROMPTIAS;IAS_GEN_PKGIAS20142GET_SYSDATEIA;IAS_GET_ENC_PASS_FNC;IAS_GET_ENC_PASS_FNCIAS20142IAS_GET_ENC_PASS_FNC;IAS_USR_PKG;IAS_USR_PKGIAS20142GET_USR_NMIAS,PRINT,FMX_STRING_EVIDENCE,oracle_forms/deep_catalog/form_field_trigger_catalog.jsonl
APSR022.fmx,AP,ONEX_AP_WINDOW_API,13,2,217,280,IAS_CHECK_SYS_PKG;IAS_CHECK_SYS_PKGIAS20142CHECK_BT_DATEIA;IAS_CHECK_SYS_PKGIAS20142CHECK_BT_VALUEI;IAS_GET_ENC_PASS_FNC;IAS_GET_ENC_PASS_FNCIAS20142IAS_GET_ENC_PASS_FNC;IAS_USR_PKG;IAS_USR_PKGIAS20142GET_USR_NMIAS,PRINT,FMX_STRING_EVIDENCE,oracle_forms/deep_catalog/form_field_trigger_catalog.jsonl
APSR023.fmx,AP,ONEX_AP_WINDOW_API,14,2,259,315,IAS_CHECK_SYS_PKG;IAS_CHECK_SYS_PKGIAS20142CHECK_BT_VALUEI;IAS_GET_ENC_PASS_FNC;IAS_GET_ENC_PASS_FNCIAS20142IAS_GET_ENC_PASS_FNC;IAS_USR_PKG;IAS_USR_PKGIAS20142GET_USR_NMIAS;YS_GEN_PKG;YS_GEN_PKGIAS20142GET_PROMPT,PRINT,FMX_STRING_EVIDENCE,oracle_forms/deep_catalog/form_field_trigger_catalog.jsonl
APSR024.fmx,AP,ONEX_AP_WINDOW_API,15,2,306,352,IAS_CHECK_SYS_PKG;IAS_CHECK_SYS_PKGIAS20142CHECK_BT_DATEIA;IAS_CHECK_SYS_PKGIAS20142CHECK_BT_VALUEI;IAS_GEN_PKG;IAS_GEN_PKGIAS20142GET_PROMPTIAS;IAS_GET_ENC_PASS_FNC;IAS_GET_ENC_PASS_FNCIAS20142IAS_GET_ENC_PASS_FNC;IAS_USR_PKG;IAS_USR_PKGIAS20142GET_USR_NMIAS,PRINT,FMX_STRING_EVIDENCE,oracle_forms/deep_catalog/form_field_trigger_catalog.jsonl
APSR025.fmx,AP,ONEX_AP_WINDOW_API,19,2,439,511,IAS_CHECK_SYS_PKG;IAS_CHECK_SYS_PKGIAS20142CHECK_BT_DATEIA;IAS_CHECK_SYS_PKGIAS20142CHECK_BT_VALUEI;IAS_GEN_PKG;IAS_GEN_PKGIAS20142GET_FLG_NMIAS;IAS_GEN_PKGIAS20142GET_FRST_DAYI;IAS_GEN_PKGIAS20142GET_LOCAL_CUR;IAS_GEN_PKGIAS20142GET_PROMPTIAS;IAS_GEN_PKGIAS20142GET_STK_CURIA;IAS_GET_ENC_PASS_FNC;IAS_GET_ENC_PASS_FNCIAS20142IAS_GET_ENC_PASS_FNC;IAS_USR_PKG;IAS_USR_PKGIAS20142GET_USR_NMIAS,PRINT,FMX_STRING_EVIDENCE,oracle_forms/deep_catalog/form_field_trigger_catalog.jsonl
APSR026.fmx,AP,ONEX_AP_WINDOW_API,10,2,295,320,IAS_GET_ENC_PASS_FNC;IAS_GET_ENC_PASS_FNCIAS20142IAS_GET_ENC_PASS_FNC;IAS_USR_PKG;IAS_USR_PKGIAS20142GET_USR_NMIAS,PRINT,FMX_STRING_EVIDENCE,oracle_forms/deep_catalog/form_field_trigger_catalog.jsonl
APSR027.fmx,AP,ONEX_AP_WINDOW_API,14,2,355,364,IAS_CHECK_SYS_PKG;IAS_CHECK_SYS_PKGIAS20142CHECK_BT_VALUEI;IAS_GEN_PKG;IAS_GEN_PKGIAS20142GET_FLG_NMIAS;IAS_GET_ENC_PASS_FNC;IAS_GET_ENC_PASS_FNCIAS20142IAS_GET_ENC_PASS_FNC;IAS_USR_PKG;IAS_USR_PKGIAS20142GET_USR_NMIAS,PRINT,FMX_STRING_EVIDENCE,oracle_forms/deep_catalog/form_field_trigger_catalog.jsonl
APSR028.fmx,AP,ONEX_AP_WINDOW_API,10,2,286,348,IAS_GET_ENC_PASS_FNC;IAS_GET_ENC_PASS_FNCIAS20142IAS_GET_ENC_PASS_FNC;IAS_USR_PKG;IAS_USR_PKGIAS20142GET_USR_NMIAS,PRINT,FMX_STRING_EVIDENCE,oracle_forms/deep_catalog/form_field_trigger_catalog.jsonl
APSR029.fmx,AP,ONEX_AP_WINDOW_API,17,2,405,468,IAS_CHECK_SYS_PKG;IAS_CHECK_SYS_PKGIAS20142CHECK_BT_DATEIA;IAS_CHECK_SYS_PKGIAS20142CHECK_BT_VALUEI;IAS_GEN_PKG;IAS_GEN_PKGIAS20142GET_PROMPTIAS;IAS_GET_ENC_PASS_FNC;IAS_GET_ENC_PASS_FNCIAS20142IAS_GET_ENC_PASS_FNC;IAS_REPORT_PKG;IAS_REPORT_PKGIAS20142GET_CLMN_LABLI;IAS_USR_PKG;IAS_USR_PKGIAS20142GET_USR_NMIAS,PRINT,FMX_STRING_EVIDENCE,oracle_forms/deep_catalog/form_field_trigger_catalog.jsonl
APSS001.fmx,AP,ONEX_AP_WINDOW_API,39,8,302,521,IAS_DBS_SYS_PKG;IAS_DBS_SYS_PKGIAS20142GET_CONS_NAME;IAS_GEN_PKG;IAS_GEN_PKGIAS20142GET_CURDATEIA;IAS_GEN_PKGIAS20142GET_PROMPTIAS;IAS_GET_ENC_PASS_FNC;IAS_GET_ENC_PASS_FNCIAS20142IAS_GET_ENC_PASS_FNC;IAS_USR_PKG;IAS_USR_PKGIAS20142CHK_USR_FRM_PRVIA;IAS_USR_PKGIAS20142GET_USR_APPRV;IAS_USR_PKGIAS20142GET_USR_NMIAS;YS_GEN_PKG;YS_GEN_PKGIAS20142GET_USR_FLD_PRVYS_;YS_SRL_SCR_PKG;YS_SRL_SCR_PKGIAS20142GET_SYS_SQ,CREATE/SAVE;UPDATE;DELETE/VOID;POST;PRINT,FMX_STRING_EVIDENCE,oracle_forms/deep_catalog/form_field_trigger_catalog.jsonl
APSS002.fmx,AP,ONEX_AP_WINDOW_API,32,8,231,349,IAS_GEN_PKG;IAS_GEN_PKGIAS20142GET_FLD_VALUE;IAS_GET_ENC_PASS_FNC;IAS_GET_ENC_PASS_FNCIAS20142IAS_GET_ENC_PASS_FNC;IAS_USR_PKG;IAS_USR_PKGIAS20142CHK_USR_FRM_PRVIA;IAS_USR_PKGIAS20142GET_USR_APPRV;IAS_USR_PKGIAS20142GET_USR_NMIAS;YS_GEN_PKG;YS_GEN_PKGIAS20142GET_USR_FLD_PRVYS_;YS_SRL_SCR_PKG;YS_SRL_SCR_PKGIAS20142GET_SYS_SQ,CREATE/SAVE;UPDATE;DELETE/VOID;POST;PRINT,FMX_STRING_EVIDENCE,oracle_forms/deep_catalog/form_field_trigger_catalog.jsonl
APSS003.fmx,AP,ONEX_AP_WINDOW_API,31,8,229,336,IAS_GEN_PKG;IAS_GEN_PKGIAS20142GET_CNTIA;IAS_GEN_PKGIAS20142GET_FLD_VALUE;IAS_GET_ENC_PASS_FNC;IAS_GET_ENC_PASS_FNCIAS20142IAS_GET_ENC_PASS_FNC;IAS_USR_PKG;IAS_USR_PKGIAS20142CHK_USR_FRM_PRVIA;IAS_USR_PKGIAS20142GET_USR_APPRV;IAS_USR_PKGIAS20142GET_USR_NMIAS;YS_GEN_PKG;YS_GEN_PKGIAS20142GET_USR_FLD_PRVYS_,CREATE/SAVE;UPDATE;DELETE/VOID;POST;PRINT,FMX_STRING_EVIDENCE,oracle_forms/deep_catalog/form_field_trigger_catalog.jsonl
APSS004.fmx,AP,ONEX_AP_WINDOW_API,32,8,367,509,IAS_CSHBNK_PKG;IAS_CSHBNK_PKGIAS20142CHK_AC_CSH_BNK;IAS_GET_ENC_PASS_FNC;IAS_GET_ENC_PASS_FNCIAS20142IAS_GET_ENC_PASS_FNC;IAS_USR_PKG;IAS_USR_PKGIAS20142CHK_USR_FRM_PRVIA;IAS_USR_PKGIAS20142GET_USR_APPRV;IAS_USR_PKGIAS20142GET_USR_NMIAS;YS_GEN_PKG;YS_GEN_PKGIAS20142GET_USR_FLD_PRVYS_;YS_SRL_SCR_PKG;YS_SRL_SCR_PKGIAS20142GET_SYS_SQ,CREATE/SAVE;UPDATE;DELETE/VOID;POST;PRINT,FMX_STRING_EVIDENCE,oracle_forms/deep_catalog/form_field_trigger_catalog.jsonl
APSS005.fmx,AP,ONEX_AP_WINDOW_API,31,8,221,337,IAS_GEN_PKG;IAS_GEN_PKGIAS20142GET_CNTIA;IAS_GEN_PKGIAS20142GET_FLD_VALUE;IAS_GET_ENC_PASS_FNC;IAS_GET_ENC_PASS_FNCIAS20142IAS_GET_ENC_PASS_FNC;IAS_USR_PKG;IAS_USR_PKGIAS20142CHK_USR_FRM_PRVIA;IAS_USR_PKGIAS20142GET_USR_APPRV;IAS_USR_PKGIAS20142GET_USR_NMIAS;YS_GEN_PKG;YS_GEN_PKGIAS20142GET_USR_FLD_PRVYS_,CREATE/SAVE;UPDATE;DELETE/VOID;POST;PRINT,FMX_STRING_EVIDENCE,oracle_forms/deep_catalog/form_field_trigger_catalog.jsonl
APSS006.fmx,AP,ONEX_AP_WINDOW_API,33,8,216,352,IAS_GEN_PKG;IAS_GEN_PKGIAS20142GET_CNTIA;IAS_GEN_PKGIAS20142GET_FLD_VALUE;IAS_GET_ENC_PASS_FNC;IAS_GET_ENC_PASS_FNCIAS20142IAS_GET_ENC_PASS_FNC;IAS_USR_PKG;IAS_USR_PKGIAS20142CHK_USR_FRM_PRVIA;IAS_USR_PKGIAS20142GET_USR_APPRV;IAS_USR_PKGIAS20142GET_USR_NMIAS;YS_GEN_PKG;YS_GEN_PKGIAS20142GET_USR_FLD_PRVYS_,CREATE/SAVE;UPDATE;DELETE/VOID;POST;PRINT,FMX_STRING_EVIDENCE,oracle_forms/deep_catalog/form_field_trigger_catalog.jsonl
APSS007.fmx,AP,ONEX_AP_WINDOW_API,32,8,208,351,IAS_GEN_PKG;IAS_GEN_PKGIAS20142GET_FLD_VALUE;IAS_GET_ENC_PASS_FNC;IAS_GET_ENC_PASS_FNCIAS20142IAS_GET_ENC_PASS_FNC;IAS_USR_PKG;IAS_USR_PKGIAS20142CHK_USR_FRM_PRVIA;IAS_USR_PKGIAS20142GET_USR_APPRV;IAS_USR_PKGIAS20142GET_USR_NMIAS;YS_GEN_PKG;YS_GEN_PKGIAS20142GET_USR_FLD_PRVYS_,CREATE/SAVE;UPDATE;DELETE/VOID;POST;PRINT,FMX_STRING_EVIDENCE,oracle_forms/deep_catalog/form_field_trigger_catalog.jsonl
APSS008.fmx,AP,ONEX_AP_WINDOW_API,38,8,520,671,IAS_CHECK_SYS_PKG;IAS_CHECK_SYS_PKGIAS20142CHECK_BT_DATEIA;IAS_CHECK_SYS_PKGIAS20142CHECK_BT_VALUEI;IAS_GEN_PKG;IAS_GEN_PKGIAS20142GET_CNTIA;IAS_GEN_PKGIAS20142GET_CUR_RATEI;IAS_GEN_PKGIAS20142GET_PROMPTIAS;IAS_GEN_PKGIAS20142GET_USR_NMIAS;IAS_GET_ENC_PASS_FNC;IAS_GET_ENC_PASS_FNCIAS20142IAS_GET_ENC_PASS_FNC;IAS_USR_PKG;IAS_USR_PKGIAS20142CHK_USR_FRM_PRVIA;IAS_USR_PKGIAS20142GET_USR_APPRV;IAS_USR_PKGIAS20142GET_USR_NMIAS;YS_GEN_PKG;YS_GEN_PKGIAS20142GET_USR_FLD_PRVYS_,CREATE/SAVE;UPDATE;DELETE/VOID;POST;PRINT,FMX_STRING_EVIDENCE,oracle_forms/deep_catalog/form_field_trigger_catalog.jsonl
APSS009.fmx,AP,ONEX_AP_WINDOW_API,33,8,227,355,IAS_GEN_PKG;IAS_GEN_PKGIAS20142GET_CNTIA;IAS_GEN_PKGIAS20142GET_FLD_VALUE;IAS_GET_ENC_PASS_FNC;IAS_GET_ENC_PASS_FNCIAS20142IAS_GET_ENC_PASS_FNC;IAS_USR_PKG;IAS_USR_PKGIAS20142CHK_USR_FRM_PRVIA;IAS_USR_PKGIAS20142GET_USR_APPRV;IAS_USR_PKGIAS20142GET_USR_NMIAS;YS_GEN_PKG;YS_GEN_PKGIAS20142GET_USR_FLD_PRVYS_,CREATE/SAVE;UPDATE;DELETE/VOID;POST;PRINT,FMX_STRING_EVIDENCE,oracle_forms/deep_catalog/form_field_trigger_catalog.jsonl
APSS010.fmx,AP,ONEX_AP_WINDOW_API,39,8,344,395,IAS_ACODE_PKG;IAS_ACODE_PKGIAS20142GET_A_NAMEI;IAS_CSHBNK_PKG;IAS_CSHBNK_PKGIAS20142CHK_AC_CSH_BNK;IAS_GEN_PKG;IAS_GEN_PKGIAS20142GET_CNTIA;IAS_GET_ENC_PASS_FNC;IAS_GET_ENC_PASS_FNCIAS20142IAS_GET_ENC_PASS_FNC;IAS_USR_PKG;IAS_USR_PKGIAS20142CHK_USR_FRM_PRVIA;IAS_USR_PKGIAS20142GET_USR_APPRV;IAS_USR_PKGIAS20142GET_USR_NMIAS;YS_GEN_PKG;YS_GEN_PKGIAS20142CHK_LOCK_RCRDY;YS_GEN_PKGIAS20142GET_USR_FLD_PRVYS_;YS_SRL_SCR_PKG;YS_SRL_SCR_PKGIAS20142GET_SYS_SQ,CREATE/SAVE;UPDATE;DELETE/VOID;POST;PRINT,FMX_STRING_EVIDENCE,oracle_forms/deep_catalog/form_field_trigger_catalog.jsonl
APST001.fmx,AP,ONEX_AP_WINDOW_API,97,8,1147,1489,IAS_ACTV_PKG;IAS_ACTV_PKGIAS20142CHK_ACTV;IAS_ACTV_PKGIAS20142CHK_PRIV_ACTVIAS;IAS_AP_DOC_SERIAL_PKG;IAS_AP_DOC_SERIAL_PKGIAS20142REQUEST_SERIALI;IAS_ATTACH_ITM_PKG;IAS_ATTACH_ITM_PKGIAS20142GET_ATTACH_ICODE_AVLQTYIAS;IAS_ATTACH_ITM_PKGIAS20142GET_ATTACH_NAMEIAS;IAS_AUDIT_OTHR_PKG;IAS_AUDIT_OTHR_PKGIAS20142AUDIT_OTHR_PRC;IAS_AUD_SYS_PKG;IAS_AUD_SYS_PKGIAS20142ADD_DOC_DELIA;IAS_BRN_PKG;IAS_BRN_PKGIAS20142GET_BR_CMPIAS;IAS_CST_PKG;IAS_CST_PKGIAS20142GET_ACODE;IAS_GEN_PKG;IAS_GEN_PKGIAS20142GET_CNTIA;IAS_GEN_PKGIAS20142GET_CURDATEIA;IAS_GEN_PKGIAS20142GET_DELETE_DOC_PERIOD;IAS_GEN_PKGIAS20142GET_FLD_VALUE;IAS_GEN_PKGIAS20142GET_FRST_DAYI;IAS_GEN_PKGIAS20142GET_LEV_PRVIA;IAS_GEN_PKGIAS20142GET_MSGIA;IAS_GEN_PKGIAS20142GET_ONE_WCODE;IAS_GEN_PKGIAS20142GET_PROMPTIAS;IAS_GEN_PKGIAS20142GET_SYSDATEIA;IAS_GEN_PKGIAS20142GET_UPDATE_DOC_PERIOD;IAS_GEN_PKGIAS20142GET_USR_NMIAS;IAS_GET_DOC_DEL_FNC;IAS_GET_ENC_PASS_FNC;IAS_GET_ENC_PASS_FNCIAS20142IAS_GET_ENC_PASS_FNC;IAS_ITM_PKG;IAS_ITM_PKGIAS20142CHK_ICODE_UNITIAS;IAS_ITM_PKGIAS20142GET_ICODE_MIN_UNITIAS;IAS_ITM_PKGIAS20142GET_ICODE_ONE_UNITIAS;IAS_ITM_PKGIAS20142GET_ICODE_PURCH_UNITI;IAS_ITM_PKGIAS20142GET_ICODE_QTY_LMT;IAS_ITM_PKGIAS20142GET_ICODE_ROL;IAS_ITM_PKGIAS20142GET_ICODE_SIZE_UNITIA,CREATE/SAVE;UPDATE;DELETE/VOID;POST;PRINT,FMX_STRING_EVIDENCE,oracle_forms/deep_catalog/form_field_trigger_catalog.jsonl
APST002.fmx,AP,ONEX_AP_WINDOW_API,74,8,746,917,IAS_AP_DOC_SERIAL_PKG;IAS_AP_DOC_SERIAL_PKGIAS20142VND_QUOT_SERIAL;IAS_AUDIT_OTHR_PKG;IAS_AUDIT_OTHR_PKGIAS20142AUDIT_OTHR_PRC;IAS_AUD_SYS_PKG;IAS_AUD_SYS_PKGIAS20142ADD_DOC_DELIA;IAS_BRN_PKG;IAS_BRN_PKGIAS20142GET_BR_CMPIAS;IAS_CHECK_SYS_PKG;IAS_CHECK_SYS_PKGIAS20142CHECK_AC_ACY_INCTVI;IAS_CHK_BRN_UP_DEL_FNC;IAS_CHK_BRN_UP_DEL_FNCIAS20142IAS_CHK_BRN_UP_DEL_FNC;IAS_GEN_PKG;IAS_GEN_PKGIAS20142GET_CNTIA;IAS_GEN_PKGIAS20142GET_CURDATEIA;IAS_GEN_PKGIAS20142GET_CURNO;IAS_GEN_PKGIAS20142GET_CUR_RATEI;IAS_GEN_PKGIAS20142GET_DELETE_DOC_PERIOD;IAS_GEN_PKGIAS20142GET_FLD_VALUE;IAS_GEN_PKGIAS20142GET_LEV_PRVIA;IAS_GEN_PKGIAS20142GET_MSGIA;IAS_GEN_PKGIAS20142GET_PROMPTIAS;IAS_GEN_PKGIAS20142GET_SYSDATEIA;IAS_GEN_PKGIAS20142GET_UPDATE_DOC_PERIOD;IAS_GET_DOC_DEL_FNC;IAS_GET_ENC_PASS_FNC;IAS_GET_ENC_PASS_FNCIAS20142IAS_GET_ENC_PASS_FNC;IAS_ITM_PKG;IAS_ITM_PKGIAS20142CHK_ICODE_UNITIAS;IAS_ITM_PKGIAS20142GET_ICODE_ONE_UNITIAS;IAS_ITM_PKGIAS20142GET_ICODE_PURCH_UNITI;IAS_ITM_PKGIAS20142GET_ICODE_SIZE_UNITIA;IAS_ITM_PKGIAS20142GET_ICODE_UNIT_BY_LVL;IAS_ITM_PKGIAS20142GET_ICODE_VNDRIAS;IAS_ITM_PKGIAS20142GET_I_CODEIAS;IAS_USR_PKG;IAS_USR_PKGIAS20142CHK_USR_FRM_PRVIA;IAS_USR_PKGIAS20142GET_USR_APPRV;IAS_USR_PKGIAS20142GET_USR_NMIAS;IAS_VNDR_PKG,CREATE/SAVE;UPDATE;DELETE/VOID;POST;PRINT,FMX_STRING_EVIDENCE,oracle_forms/deep_catalog/form_field_trigger_catalog.jsonl
APST003.fmx,AP,ONEX_AP_WINDOW_API,110,8,1714,2297,IAS_ACTV_PKG;IAS_ACTV_PKGIAS20142CHK_ACTV;IAS_ACTV_PKGIAS20142CHK_PRIV_ACTVIAS;IAS_AP_DOC_SERIAL_PKG;IAS_AP_DOC_SERIAL_PKGIAS20142ORDER_SERIALIAS;IAS_ATTACH_ITM_PKG;IAS_ATTACH_ITM_PKGIAS20142GET_ATTACH_ICODE_AVLQTYIAS;IAS_ATTACH_ITM_PKGIAS20142GET_ATTACH_ICODE_OUTIA;IAS_ATTACH_ITM_PKGIAS20142GET_ATTACH_NAMEIAS;IAS_AUDIT_OTHR_PKG;IAS_AUDIT_OTHR_PKGIAS20142AUDIT_OTHR_PRC;IAS_AUD_SYS_PKG;IAS_AUD_SYS_PKGIAS20142ADD_DOC_DELIA;IAS_CHECK_SYS_PKG;IAS_CHECK_SYS_PKGIAS20142CHECK_AC_ACY_INCTVI;IAS_CHECK_SYS_PKGIAS20142CHECK_BT_DATEIA;IAS_CHECK_SYS_PKGIAS20142CHECK_BT_VALUEI;IAS_CHECK_SYS_PKGIAS20142CHECK_LMT_COST_ITMI;IAS_CST_PKG;IAS_CST_PKGIAS20142GET_ACODE;IAS_DBS_SYS_PKG;IAS_GEN_PKG;IAS_GEN_PKGIAS20142GET_CNTIA;IAS_GEN_PKGIAS20142GET_CURDATEIA;IAS_GEN_PKGIAS20142GET_CUR_RATEI;IAS_GEN_PKGIAS20142GET_DELETE_DOC_PERIOD;IAS_GEN_PKGIAS20142GET_FLD_VALUE;IAS_GEN_PKGIAS20142GET_LEV_PRVIA;IAS_GEN_PKGIAS20142GET_MSGIA;IAS_GEN_PKGIAS20142GET_ONE_WCODE;IAS_GEN_PKGIAS20142GET_PROMPTIAS;IAS_GEN_PKGIAS20142GET_SYSDATEIA;IAS_GEN_PKGIAS20142GET_UPDATE_DOC_PERIOD;IAS_GEN_PKGIAS20142GET_USR_NMIAS;IAS_GET_DOC_DEL_FNC;IAS_GET_ENC_PASS_FNC;IAS_GET_ENC_PASS_FNCIAS20142IAS_GET_ENC_PASS_FNC;IAS_ITM_INV_PKG;IAS_ITM_INV_PKGIAS20142INSRT_IAS_ITM_WCODEIA;IAS_ITM_PKG,CREATE/SAVE;UPDATE;DELETE/VOID;POST;PRINT,FMX_STRING_EVIDENCE,oracle_forms/deep_catalog/form_field_trigger_catalog.jsonl
APST004.fmx,AP,ONEX_AP_WINDOW_API,84,8,1205,1599,IAS_ACTV_PKG;IAS_ACTV_PKGIAS20142CHK_ACTV;IAS_ACTV_PKGIAS20142CHK_PRIV_ACTVIAS;IAS_AP_DOC_SERIAL_PKG;IAS_AP_DOC_SERIAL_PKGIAS20142GRN_SERIALI;IAS_ATTACH_ITM_PKG;IAS_ATTACH_ITM_PKGIAS20142GET_ATTACH_ICODE_AVLQTYIAS;IAS_ATTACH_ITM_PKGIAS20142GET_ATTACH_ICODE_OUTIA;IAS_ATTACH_ITM_PKGIAS20142GET_ATTACH_NAMEIAS;IAS_AUDIT_OTHR_PKG;IAS_AUDIT_OTHR_PKGIAS20142AUDIT_OTHR_PRC;IAS_AUD_SYS_PKG;IAS_AUD_SYS_PKGIAS20142ADD_DOC_DELIA;IAS_BRN_PKG;IAS_BRN_PKGIAS20142GET_BR_CMPIAS;IAS_CC_CODE_PKG;IAS_CC_CODE_PKGIAS20142GET_CC_SERIAS;IAS_CST_PKG;IAS_CST_PKGIAS20142GET_ACODE;IAS_GEN_PKG;IAS_GEN_PKGIAS20142GET_CNTIA;IAS_GEN_PKGIAS20142GET_CURDATEIA;IAS_GEN_PKGIAS20142GET_DELETE_DOC_PERIOD;IAS_GEN_PKGIAS20142GET_FLD_VALUE;IAS_GEN_PKGIAS20142GET_LEV_PRVIA;IAS_GEN_PKGIAS20142GET_MSGIA;IAS_GEN_PKGIAS20142GET_PROMPTIAS;IAS_GEN_PKGIAS20142GET_SYSDATEIA;IAS_GEN_PKGIAS20142GET_UPDATE_DOC_PERIOD;IAS_GET_DOC_DEL_FNC;IAS_GET_ENC_PASS_FNC;IAS_GET_ENC_PASS_FNCIAS20142IAS_GET_ENC_PASS_FNC;IAS_ITM_PKG;IAS_ITM_PKGIAS20142CHK_ICODE_UNITIAS;IAS_ITM_PKGIAS20142GET_ICODE_ONE_UNITIAS;IAS_ITM_PKGIAS20142GET_ICODE_PURCH_UNITI;IAS_ITM_PKGIAS20142GET_ICODE_SIZE_UNITIA;IAS_ITM_PKGIAS20142GET_ICODE_UNIT_BY_LVL;IAS_ITM_PKGIAS20142GET_ICODE_VNDRIAS;IAS_ITM_PKGIAS20142GET_I_CODEIAS,CREATE/SAVE;UPDATE;DELETE/VOID;POST;PRINT,FMX_STRING_EVIDENCE,oracle_forms/deep_catalog/form_field_trigger_catalog.jsonl
APST005.fmx,AP,ONEX_AP_WINDOW_API,169,8,2144,2898,IAS_ACODE_PKG;IAS_ACODE_PKGIAS20142CHECK_ACYIA;IAS_ACODE_PKGIAS20142CHK_AC_CODE;IAS_ACODE_PKGIAS20142GET_AC_TYPE;IAS_ACODE_PKGIAS20142GET_A_NAMEI;IAS_ACODE_PKGIAS20142GET_CNT_ACY;IAS_ACODE_PKGIAS20142GET_ONE_ACY_ACI;IAS_ACTV_PKG;IAS_ACTV_PKGIAS20142CHK_ACTV;IAS_ACTV_PKGIAS20142CHK_PRIV_ACTVIAS;IAS_ACTV_PKGIAS20142GET_ACTV_NAMEIAS;IAS_AP_DOC_SERIAL_PKG;IAS_AP_DOC_SERIAL_PKGIAS20142PI_SERIALIA;IAS_ATTACH_ITM_PKG;IAS_ATTACH_ITM_PKGIAS20142GET_ATTACH_ICODE_AVLQTYIAS;IAS_ATTACH_ITM_PKGIAS20142GET_ATTACH_ICODE_OUTIA;IAS_ATTACH_ITM_PKGIAS20142GET_ATTACH_NAMEIAS;IAS_AUDIT_PKG;IAS_AUDIT_PKGIAS20142AUDIT_PRCIA;IAS_AUD_SYS_PKG;IAS_AUD_SYS_PKGIAS20142ADD_DOC_DELIA;IAS_BRN_PKG;IAS_BRN_PKGIAS20142GET_BR_CMPIAS;IAS_BRN_PKGIAS20142GET_VND_BRN_CONNI;IAS_CC_CODE_PKG;IAS_CC_CODE_PKGIAS20142CHECK_CC_PJIA;IAS_CC_CODE_PKGIAS20142CHECK_USE_PJI;IAS_CC_CODE_PKGIAS20142GET_CC_NAMEIA;IAS_CC_CODE_PKGIAS20142GET_CC_NO;IAS_CHECK_LIGHT_TRANS_FNC;IAS_CHECK_SYS_PKG;IAS_CHECK_SYS_PKGIAS20142CHECK_AC_ACY_INCTVI;IAS_CHECK_SYS_PKGIAS20142CHECK_AC_CC;IAS_CHECK_SYS_PKGIAS20142CHECK_AC_LC;IAS_CHECK_SYS_PKGIAS20142CHECK_CUR_RATEI;IAS_CHECK_SYS_PKGIAS20142CHECK_INV_CLOSE;IAS_CHECK_SYS_PKGIAS20142CHECK_LMT_COST_ITMI;IAS_CHECK_SYS_PKGIAS20142CHECK_MTCH_STKCST_CPIAS;IAS_CHECK_SYS_PKGIAS20142CHECK_USE_CCIAS;IAS_CSHBNK_PKG,CREATE/SAVE;UPDATE;DELETE/VOID;POST;PRINT,FMX_STRING_EVIDENCE,oracle_forms/deep_catalog/form_field_trigger_catalog.jsonl
APST006.fmx,AP,ONEX_AP_WINDOW_API,54,7,636,777,IAS_ACODE_PKG;IAS_ACODE_PKGIAS20142CHECK_ACYIA;IAS_ACODE_PKGIAS20142GET_A_NAMEI;IAS_CHK_BRN_UP_DEL_FNC;IAS_CHK_BRN_UP_DEL_FNCIAS20142IAS_CHK_BRN_UP_DEL_FNC;IAS_CSHBNK_PKG;IAS_CSHBNK_PKGIAS20142CHECK_ACYI;IAS_CSHBNK_PKGIAS20142CHK_AC_CSH_BNK;IAS_CSHBNK_PKGIAS20142GET_CB_BRN;IAS_CSHBNK_PKGIAS20142GET_CB_NAMEIAS;IAS_GEN_PKG;IAS_GEN_PKGIAS20142GET_CUR_RATEI;IAS_GEN_PKGIAS20142GET_DELETE_DOC_PERIOD;IAS_GEN_PKGIAS20142GET_FLD_VALUE;IAS_GEN_PKGIAS20142GET_FRM_PRVIA;IAS_GEN_PKGIAS20142GET_PROMPTIAS;IAS_GEN_PKGIAS20142GET_UPDATE_DOC_PERIOD;IAS_GET_ENC_PASS_FNC;IAS_GET_ENC_PASS_FNCIAS20142IAS_GET_ENC_PASS_FNC;IAS_USR_PKG;IAS_USR_PKGIAS20142CHK_USR_FRM_PRVIA;IAS_USR_PKGIAS20142GET_USR_APPRV;IAS_USR_PKGIAS20142GET_USR_NMIAS;IAS_VNDR_PKG;IAS_VNDR_PKGIAS20142CHECK_ACYIAS;IAS_VNDR_PKGIAS20142GET_V_NAMEIA;YS_GEN_PKG;YS_GEN_PKGIAS20142CHK_ACTV_SYSTEMYS_;YS_GEN_PKGIAS20142GET_USR_FLD_PRVYS_;YS_SCR_PKG;YS_SCR_PKGIAS20142GET_SCR_DOC_TYPYS_;YS_SCR_PKGIAS20142GET_SCR_SYS_NO,CREATE/SAVE;UPDATE;DELETE/VOID;POST;PRINT,FMX_STRING_EVIDENCE,oracle_forms/deep_catalog/form_field_trigger_catalog.jsonl
APST008.fmx,AP,ONEX_AP_WINDOW_API,81,8,824,1109,IAS_AP_DOC_SERIAL_PKG;IAS_AP_DOC_SERIAL_PKGIAS20142GR_SERIALIA;IAS_ATTACH_ITM_PKG;IAS_ATTACH_ITM_PKGIAS20142GET_ATTACH_ICODE_AVLQTYIAS;IAS_ATTACH_ITM_PKGIAS20142GET_ATTACH_ICODE_OUTIA;IAS_ATTACH_ITM_PKGIAS20142GET_ATTACH_NAMEIAS;IAS_AUDIT_OTHR_PKG;IAS_AUDIT_OTHR_PKGIAS20142AUDIT_OTHR_PRC;IAS_AUD_SYS_PKG;IAS_AUD_SYS_PKGIAS20142ADD_DOC_DELIA;IAS_BRN_PKG;IAS_BRN_PKGIAS20142GET_BR_CMPIAS;IAS_CC_CODE_PKG;IAS_CC_CODE_PKGIAS20142GET_CC_SERIAS;IAS_CHECK_LIGHT_TRANS_FNC;IAS_CHK_BRN_UP_DEL_FNC;IAS_CHK_BRN_UP_DEL_FNCIAS20142IAS_CHK_BRN_UP_DEL_FNC;IAS_CST_PKG;IAS_CST_PKGIAS20142GET_ACODE;IAS_GEN_PKG;IAS_GEN_PKGIAS20142GET_CNTIA;IAS_GEN_PKGIAS20142GET_CURDATEIA;IAS_GEN_PKGIAS20142GET_DELETE_DOC_PERIOD;IAS_GEN_PKGIAS20142GET_FLD_VALUE;IAS_GEN_PKGIAS20142GET_MSGIA;IAS_GEN_PKGIAS20142GET_PROMPTIAS;IAS_GEN_PKGIAS20142GET_SYSDATEIA;IAS_GEN_PKGIAS20142GET_UPDATE_DOC_PERIOD;IAS_GET_DOC_DEL_FNC;IAS_GET_ENC_PASS_FNC;IAS_GET_ENC_PASS_FNCIAS20142IAS_GET_ENC_PASS_FNC;IAS_ITM_PKG;IAS_ITM_PKGIAS20142CHK_ICODE_UNITIAS;IAS_ITM_PKGIAS20142GET_ICODE_ONE_UNITIAS;IAS_ITM_PKGIAS20142GET_ICODE_SIZE_UNITIA;IAS_ITM_PKGIAS20142GET_ICODE_UNIT_BY_LVL;IAS_USR_PKG;IAS_USR_PKGIAS20142CHK_USR_FRM_PRVIA;IAS_USR_PKGIAS20142GET_USR_APPRV;IAS_USR_PKGIAS20142GET_USR_NMIAS,CREATE/SAVE;UPDATE;DELETE/VOID;POST;PRINT,FMX_STRING_EVIDENCE,oracle_forms/deep_catalog/form_field_trigger_catalog.jsonl
APST009.fmx,AP,ONEX_AP_WINDOW_API,57,8,732,993,IAS_AUD_SYS_PKG;IAS_AUD_SYS_PKGIAS20142ADD_DOC_DELIA;IAS_CHECK_SYS_PKG;IAS_CHECK_SYS_PKGIAS20142CHECK_INV_CLOSE;IAS_CHECK_SYS_PKGIAS20142CHECK_MTCH_STKCST_CPIAS;IAS_CHK_BRN_UP_DEL_FNC;IAS_CHK_BRN_UP_DEL_FNCIAS20142IAS_CHK_BRN_UP_DEL_FNC;IAS_GEN_PKG;IAS_GEN_PKGIAS20142GET_CNTIA;IAS_GEN_PKGIAS20142GET_CURDATEIA;IAS_GEN_PKGIAS20142GET_CUR_RATEI;IAS_GEN_PKGIAS20142GET_DELETE_DOC_PERIOD;IAS_GEN_PKGIAS20142GET_MSGIA;IAS_GEN_PKGIAS20142GET_PROMPTIAS;IAS_GET_ENC_PASS_FNC;IAS_GET_ENC_PASS_FNCIAS20142IAS_GET_ENC_PASS_FNC;IAS_ITM_INV_PKG;IAS_ITM_INV_PKGIAS20142INSRT_IAS_ITM_WCODEIA;IAS_ITM_INV_PKGIAS20142INSRT_ITEM_MOVEIA;IAS_ITM_PKG;IAS_ITM_PKGIAS20142GET_GRAND_AVLQTYI;IAS_ITM_PKGIAS20142GET_GRAND_WTAVGIA;IAS_ITM_PKGIAS20142GET_ICODE_MIN_UNITIAS;IAS_POST_IN_SAV_PKG;IAS_POST_IN_SAV_PKGIAS20142DELETE_PREV_POSTI;IAS_POST_IN_SAV_PKGIAS20142POST_DOC_IN_SAVIA;IAS_USR_PKG;IAS_USR_PKGIAS20142CHK_USR_FRM_PRVIA;IAS_USR_PKGIAS20142GET_USR_APPRV;IAS_USR_PKGIAS20142GET_USR_NMIAS;IAS_WCODE_PKG;YS_GEN_PKG;YS_GEN_PKGIAS20142GET_USR_FLD_PRVYS_;YS_SRL_SCR_PKG;YS_SRL_SCR_PKGIAS20142GET_SYS_SQ,CREATE/SAVE;UPDATE;DELETE/VOID;POST;PRINT,FMX_STRING_EVIDENCE,oracle_forms/deep_catalog/form_field_trigger_catalog.jsonl
APST010.fmx,AP,ONEX_AP_WINDOW_API,147,8,1530,1978,IAS_ACODE_PKG;IAS_ACODE_PKGIAS20142CHECK_ACYIA;IAS_ACODE_PKGIAS20142CHK_AC_CODE;IAS_ACODE_PKGIAS20142GET_AC_TYPE;IAS_ACODE_PKGIAS20142GET_A_NAMEI;IAS_ACTV_PKG;IAS_ACTV_PKGIAS20142CHK_ACTV;IAS_ACTV_PKGIAS20142CHK_PRIV_ACTVIAS;IAS_ACTV_PKGIAS20142GET_ACTV_NAMEIAS;IAS_AP_DOC_SERIAL_PKG;IAS_AP_DOC_SERIAL_PKGIAS20142PRI_SERIALI;IAS_ATTACH_ITM_PKG;IAS_ATTACH_ITM_PKGIAS20142GET_ATTACH_ICODE_AVLQTYIAS;IAS_ATTACH_ITM_PKGIAS20142GET_ATTACH_ICODE_OUTIA;IAS_ATTACH_ITM_PKGIAS20142GET_ATTACH_NAMEIAS;IAS_AUDIT_PKG;IAS_AUDIT_PKGIAS20142AUDIT_PRCIA;IAS_AUD_SYS_PKG;IAS_AUD_SYS_PKGIAS20142ADD_DOC_DELIA;IAS_BRN_PKG;IAS_BRN_PKGIAS20142GET_BR_CMPIAS;IAS_BRN_PKGIAS20142GET_CST_BRN_CONNI;IAS_BRN_PKGIAS20142GET_VND_BRN_CONNI;IAS_CC_CODE_PKG;IAS_CC_CODE_PKGIAS20142CHECK_CC_PJIA;IAS_CC_CODE_PKGIAS20142CHECK_USE_PJI;IAS_CC_CODE_PKGIAS20142GET_CC_NAMEIA;IAS_CC_CODE_PKGIAS20142GET_CC_NO;IAS_CHECK_LIGHT_TRANS_FNC;IAS_CHECK_SYS_PKG;IAS_CHECK_SYS_PKGIAS20142CHECK_AC_ACY_INCTVI;IAS_CHECK_SYS_PKGIAS20142CHECK_AC_CC;IAS_CHECK_SYS_PKGIAS20142CHECK_CUR_RATEI;IAS_CHECK_SYS_PKGIAS20142CHECK_INV_CLOSE;IAS_CHECK_SYS_PKGIAS20142CHECK_USE_CCIAS;IAS_CSHBNK_PKG;IAS_CSHBNK_PKGIAS20142CHECK_ACYI;IAS_CSHBNK_PKGIAS20142CHK_AC_CSH_BNK;IAS_CSHBNK_PKGIAS20142CHK_CB_BRN;IAS_CSHBNK_PKGIAS20142GET_A_CODE,CREATE/SAVE;UPDATE;DELETE/VOID;POST;PRINT,FMX_STRING_EVIDENCE,oracle_forms/deep_catalog/form_field_trigger_catalog.jsonl
APST011.fmx,AP,ONEX_AP_WINDOW_API,39,7,396,496,IAS_AUD_SYS_PKG;IAS_AUD_SYS_PKGIAS20142ADD_DOC_DELIA;IAS_GEN_PKG;IAS_GEN_PKGIAS20142GET_DELETE_DOC_PERIOD;IAS_GEN_PKGIAS20142GET_FRST_DAYI;IAS_GEN_PKGIAS20142GET_UPDATE_DOC_PERIOD;IAS_GET_ENC_PASS_FNC;IAS_GET_ENC_PASS_FNCIAS20142IAS_GET_ENC_PASS_FNC;IAS_ITM_PKG;IAS_ITM_PKGIAS20142CHK_ICODE_UNITIAS;IAS_ITM_PKGIAS20142GET_ICODE_SIZE_UNITIA;IAS_ITM_PKGIAS20142GET_ICODE_UNIT_BY_LVL;IAS_USR_PKG;IAS_USR_PKGIAS20142CHK_USR_FRM_PRVIA;IAS_USR_PKGIAS20142GET_USR_APPRV;IAS_USR_PKGIAS20142GET_USR_NMIAS;YS_GEN_PKG;YS_GEN_PKGIAS20142GET_USR_FLD_PRVYS_,CREATE/SAVE;UPDATE;DELETE/VOID;POST;PRINT,FMX_STRING_EVIDENCE,oracle_forms/deep_catalog/form_field_trigger_catalog.jsonl
APST012.fmx,AP,ONEX_AP_WINDOW_API,48,8,371,538,IAS_AP_DOC_SERIAL_PKG;IAS_AP_DOC_SERIAL_PKGIAS20142ADJST_INSTALLMENT_SERIALIAS;IAS_AUD_SYS_PKG;IAS_AUD_SYS_PKGIAS20142ADD_DOC_DELIA;IAS_BRN_PKG;IAS_BRN_PKGIAS20142GET_BR_CMPIAS;IAS_GEN_PKG;IAS_GEN_PKGIAS20142GET_CNTIA;IAS_GEN_PKGIAS20142GET_DELETE_DOC_PERIOD;IAS_GEN_PKGIAS20142GET_PROMPTIAS;IAS_GEN_PKGIAS20142GET_SYSDATEIA;IAS_GEN_PKGIAS20142GET_UPDATE_DOC_PERIOD;IAS_GET_DOC_DEL_FNC;IAS_GET_ENC_PASS_FNC;IAS_GET_ENC_PASS_FNCIAS20142IAS_GET_ENC_PASS_FNC;IAS_USR_PKG;IAS_USR_PKGIAS20142CHK_USR_FRM_PRVIA;IAS_USR_PKGIAS20142GET_USR_APPRV;IAS_USR_PKGIAS20142GET_USR_NMIAS;IAS_VNDR_PKG;IAS_VNDR_PKGIAS20142GET_V_NAMEIA;YS_GEN_PKG;YS_GEN_PKGIAS20142GET_USR_FLD_PRVYS_,CREATE/SAVE;UPDATE;DELETE/VOID;POST;PRINT,FMX_STRING_EVIDENCE,oracle_forms/deep_catalog/form_field_trigger_catalog.jsonl
APST013.fmx,AP,ONEX_AP_WINDOW_API,70,8,762,971,IAS_AP_DOC_SERIAL_PKG;IAS_AP_DOC_SERIAL_PKGIAS20142PI_ADD_DISC_SERIALI;IAS_BRN_PKG;IAS_BRN_PKGIAS20142GET_BR_CMPIAS;IAS_CHECK_SYS_PKG;IAS_CHECK_SYS_PKGIAS20142CHECK_INV_CLOSE;IAS_CSHBNK_PKG;IAS_CSHBNK_PKGIAS20142CHK_AC_CSH_BNK;IAS_GEN_PKG;IAS_GEN_PKGIAS20142GET_CNTIA;IAS_GEN_PKGIAS20142GET_CUR_RATEI;IAS_GEN_PKGIAS20142GET_DELETE_DOC_PERIOD;IAS_GEN_PKGIAS20142GET_FLD_VALUE;IAS_GEN_PKGIAS20142GET_PROMPTIAS;IAS_GEN_PKGIAS20142GET_SYSDATEIA;IAS_GEN_PKGIAS20142GET_UPDATE_DOC_PERIOD;IAS_GET_ENC_PASS_FNC;IAS_GET_ENC_PASS_FNCIAS20142IAS_GET_ENC_PASS_FNC;IAS_ITM_PKG;IAS_ITM_PKGIAS20142CHK_ICODE_UNITIAS;IAS_ITM_PKGIAS20142GET_GRAND_WTAVGIA;IAS_ITM_PKGIAS20142GET_ICODE_ONE_UNITIAS;IAS_ITM_PKGIAS20142GET_ICODE_PURCH_UNITI;IAS_ITM_PKGIAS20142GET_ICODE_SIZE_UNITIA;IAS_ITM_PKGIAS20142GET_ICODE_UNIT_BY_LVL;IAS_ITM_PKGIAS20142GET_ITM_VNDR_PRICEIAS;IAS_ITM_PKGIAS20142GET_I_CODEIAS;IAS_POST_IN_SAV_PKG;IAS_POST_IN_SAV_PKGIAS20142DELETE_PREV_POSTI;IAS_POST_IN_SAV_PKGIAS20142POST_DOC_IN_SAVIA;IAS_TRNS_PKG;IAS_TRNS_PKGIAS20142UPDATE_PI_BILL_ADD_DISC_PRCI;IAS_USR_PKG;IAS_USR_PKGIAS20142CHK_USR_FRM_PRVIA;IAS_USR_PKGIAS20142GET_USR_APPRV;IAS_USR_PKGIAS20142GET_USR_NMIAS;IAS_VNDR_PKG;IAS_VNDR_PKGIAS20142GET_ACODEIAS;YS_GEN_PKG;YS_GEN_PKGIAS20142GET_USR_FLD_PRVYS_,CREATE/SAVE;UPDATE;DELETE/VOID;POST;PRINT,FMX_STRING_EVIDENCE,oracle_forms/deep_catalog/form_field_trigger_catalog.jsonl
APST014.fmx,AP,ONEX_AP_WINDOW_API,54,8,642,918,IAS_CHK_BRN_UP_DEL_FNC;IAS_CHK_BRN_UP_DEL_FNCIAS20142IAS_CHK_BRN_UP_DEL_FNC;IAS_GEN_PKG;IAS_GEN_PKGIAS20142GET_CNTIA;IAS_GEN_PKGIAS20142GET_DELETE_DOC_PERIOD;IAS_GEN_PKGIAS20142GET_FLD_VALUE;IAS_GEN_PKGIAS20142GET_LEV_PRVIA;IAS_GEN_PKGIAS20142GET_PROMPTIAS;IAS_GEN_PKGIAS20142GET_SYSDATEIA;IAS_GEN_PKGIAS20142GET_UPDATE_DOC_PERIOD;IAS_GET_ENC_PASS_FNC;IAS_GET_ENC_PASS_FNCIAS20142IAS_GET_ENC_PASS_FNC;IAS_ITM_PKG;IAS_ITM_PKGIAS20142CHK_ICODE_UNITIAS;IAS_ITM_PKGIAS20142GET_ICODE_PURCH_UNITI;IAS_ITM_PKGIAS20142GET_ICODE_SIZE_UNITIA;IAS_ITM_PKGIAS20142GET_ICODE_UNIT_BY_LVL;IAS_ITM_PKGIAS20142GET_I_CODEIAS;IAS_USR_PKG;IAS_USR_PKGIAS20142CHK_USR_FRM_PRVIA;IAS_USR_PKGIAS20142GET_USR_APPRV;IAS_USR_PKGIAS20142GET_USR_NMIAS;IAS_WCODE_PKG;IAS_WCODE_PKGIAS20142GET_WC_BRNI;IAS_WEIGHT_SYS_PKG;IAS_WEIGHT_SYS_PKGIAS20142CALC_AREA_SIZE_PRC;IAS_WEIGHT_SYS_PKGIAS20142GET_ARG_UNTIAS;IAS_WEIGHT_SYS_PKGIAS20142GET_MIN_UNTIAS;IAS_WT_PKG;YS_GEN_PKG;YS_GEN_PKGIAS20142GET_USR_FLD_PRVYS_,CREATE/SAVE;UPDATE;DELETE/VOID;POST;PRINT,FMX_STRING_EVIDENCE,oracle_forms/deep_catalog/form_field_trigger_catalog.jsonl
APST015.fmx,AP,ONEX_AP_WINDOW_API,74,8,960,1193,IAS_ACTV_PKG;IAS_ACTV_PKGIAS20142CHK_ACTV;IAS_ACTV_PKGIAS20142CHK_PRIV_ACTVIAS;IAS_DBS_SYS_PKG;IAS_DBS_SYS_PKGIAS20142CHECK_OBJECTI;IAS_GEN_PKG;IAS_GEN_PKGIAS20142GET_CNTIA;IAS_GEN_PKGIAS20142GET_CURDATEIA;IAS_GEN_PKGIAS20142GET_DELETE_DOC_PERIOD;IAS_GEN_PKGIAS20142GET_FINAL_DAY;IAS_GEN_PKGIAS20142GET_FLD_VALUE;IAS_GEN_PKGIAS20142GET_FRST_DAYI;IAS_GEN_PKGIAS20142GET_LEV_PRVIA;IAS_GEN_PKGIAS20142GET_MSGIA;IAS_GEN_PKGIAS20142GET_ONE_WCODE;IAS_GEN_PKGIAS20142GET_PROMPTIAS;IAS_GEN_PKGIAS20142GET_SYSDATEIA;IAS_GEN_PKGIAS20142GET_UPDATE_DOC_PERIOD;IAS_GET_ENC_PASS_FNC;IAS_GET_ENC_PASS_FNCIAS20142IAS_GET_ENC_PASS_FNC;IAS_ITM_PKG;IAS_ITM_PKGIAS20142CHK_ICODE_UNITIAS;IAS_ITM_PKGIAS20142GET_ICODE_ONE_UNITIAS;IAS_ITM_PKGIAS20142GET_ICODE_PURCH_UNITI;IAS_ITM_PKGIAS20142GET_ICODE_QTY_LMT;IAS_ITM_PKGIAS20142GET_ICODE_ROL;IAS_ITM_PKGIAS20142GET_ICODE_SIZE_UNITIA;IAS_ITM_PKGIAS20142GET_ICODE_UNIT_BY_LVL;IAS_ITM_PKGIAS20142GET_I_CODEIAS;IAS_ITM_PKGIAS20142GET_LAST_INCOM_DATEIA;IAS_USR_PKG;IAS_USR_PKGIAS20142CHK_USR_FRM_PRVIA;IAS_USR_PKGIAS20142GET_USR_APPRV;IAS_USR_PKGIAS20142GET_USR_NMIAS;IAS_WEIGHT_SYS_PKG;IAS_WEIGHT_SYS_PKGIAS20142CALC_AREA_SIZE_PRC;IAS_WEIGHT_SYS_PKGIAS20142GET_ARGMNT_NOI;IAS_WEIGHT_SYS_PKGIAS20142GET_ARG_UNTIAS;IAS_WEIGHT_SYS_PKGIAS20142GET_MIN_UNTIAS;IAS_WEIGHT_SYS_PKGIAS20142GET_USE_FRCT_QTY_UNTIA,CREATE/SAVE;UPDATE;DELETE/VOID;POST;PRINT,FMX_STRING_EVIDENCE,oracle_forms/deep_catalog/form_field_trigger_catalog.jsonl
APST016.fmx,AP,ONEX_AP_WINDOW_API,72,8,608,825,IAS_ACODE_PKG;IAS_ACODE_PKGIAS20142CHECK_ACYIA;IAS_ACODE_PKGIAS20142GET_A_NAMEI;IAS_ACTV_PKG;IAS_ACTV_PKGIAS20142CHK_ACTV;IAS_ACTV_PKGIAS20142GET_ACTV_NAMEIAS;IAS_CC_CODE_PKG;IAS_CC_CODE_PKGIAS20142CHECK_CC_PJIA;IAS_CC_CODE_PKGIAS20142CHECK_USE_PJI;IAS_CC_CODE_PKGIAS20142GET_CC_NAMEIA;IAS_CC_CODE_PKGIAS20142GET_CC_NO;IAS_CHECK_SYS_PKG;IAS_CHECK_SYS_PKGIAS20142CHECK_AC_ACY_INCTVI;IAS_CHECK_SYS_PKGIAS20142CHECK_INV_CLOSE;IAS_GEN_PKG;IAS_GEN_PKGIAS20142GET_CURDATEIA;IAS_GEN_PKGIAS20142GET_CUR_RATEI;IAS_GEN_PKGIAS20142GET_DELETE_DOC_PERIOD;IAS_GEN_PKGIAS20142GET_FLD_VALUE;IAS_GEN_PKGIAS20142GET_PROMPTIAS;IAS_GEN_PKGIAS20142GET_SYSDATEIA;IAS_GEN_PKGIAS20142GET_UPDATE_DOC_PERIOD;IAS_GEN_PKGIAS20142GET_USR_NMIAS;IAS_GET_ENC_PASS_FNC;IAS_GET_ENC_PASS_FNCIAS20142IAS_GET_ENC_PASS_FNC;IAS_ITM_PKG;IAS_ITM_PKGIAS20142CHK_ICODE_UNITIAS;IAS_ITM_PKGIAS20142GET_ICODE_ONE_UNITIAS;IAS_ITM_PKGIAS20142GET_ICODE_PURCH_UNITI;IAS_ITM_PKGIAS20142GET_ICODE_SIZE_UNITIA;IAS_ITM_PKGIAS20142GET_ICODE_UNIT_BY_LVL;IAS_ITM_PKGIAS20142GET_I_CODEIAS;IAS_PJ_PKG;IAS_PJ_PKGIAS20142CHECK_PJ_ACTVI;IAS_PJ_PKGIAS20142CHECK_USE_ACTV;IAS_PJ_PKGIAS20142GET_ONE_PJ_ACTVIAS;IAS_PJ_PKGIAS20142GET_PJ_NAMEIAS;IAS_USR_PKG;IAS_USR_PKGIAS20142CHK_USR_FRM_PRVIA;IAS_USR_PKGIAS20142GET_USR_APPRV,CREATE/SAVE;UPDATE;DELETE/VOID;POST;PRINT,FMX_STRING_EVIDENCE,oracle_forms/deep_catalog/form_field_trigger_catalog.jsonl
APST017.fmx,AP,ONEX_AP_WINDOW_API,67,8,600,740,IAS_ACODE_PKG;IAS_ACODE_PKGIAS20142CHECK_ACYIA;IAS_ACODE_PKGIAS20142GET_A_NAMEI;IAS_ACTV_PKG;IAS_ACTV_PKGIAS20142CHK_ACTV;IAS_ACTV_PKGIAS20142CHK_PRIV_ACTVIAS;IAS_AUD_SYS_PKG;IAS_AUD_SYS_PKGIAS20142ADD_DOC_DELIA;IAS_BRN_PKG;IAS_BRN_PKGIAS20142GET_BR_CMPIAS;IAS_CHECK_LIGHT_TRANS_FNC;IAS_CHK_BRN_UP_DEL_FNC;IAS_CHK_BRN_UP_DEL_FNCIAS20142IAS_CHK_BRN_UP_DEL_FNC;IAS_CSHBNK_PKG;IAS_CSHBNK_PKGIAS20142CHECK_ACYI;IAS_CSHBNK_PKGIAS20142CHK_AC_CSH_BNK;IAS_CSHBNK_PKGIAS20142GET_A_CODE;IAS_GEN_PKG;IAS_GEN_PKGIAS20142GET_CNTIA;IAS_GEN_PKGIAS20142GET_CODE_NMIA;IAS_GEN_PKGIAS20142GET_CUR_RATEI;IAS_GEN_PKGIAS20142GET_FLD_VALUE;IAS_GEN_PKGIAS20142GET_PROMPTIAS;IAS_GEN_PKGIAS20142GET_SYSDATEIA;IAS_GEN_PKGIAS20142GET_UPDATE_DOC_PERIOD;IAS_GET_ENC_PASS_FNC;IAS_GET_ENC_PASS_FNCIAS20142IAS_GET_ENC_PASS_FNC;IAS_GL_TRNS_PKG;IAS_GL_TRNS_PKGIAS20142GET_JV_KIMB_DOCIA;IAS_GL_TRNS_PKGIAS20142INSRT_JV_DTLI;IAS_GL_TRNS_PKGIAS20142INSRT_JV_MSTI;IAS_POST_IN_SAV_PKG;IAS_POST_IN_SAV_PKGIAS20142DELETE_PREV_POSTI;IAS_POST_IN_SAV_PKGIAS20142POST_DOC_IN_SAVIA;IAS_USR_PKG;IAS_USR_PKGIAS20142CHK_USR_FRM_PRVIA;IAS_USR_PKGIAS20142GET_USR_NMIAS;YS_AC_DTL_PKG;YS_AC_DTL_PKGIAS20142GET_AC_DTL_TYPY;YS_GEN_PKG,CREATE/SAVE;UPDATE;DELETE/VOID;POST;PRINT,FMX_STRING_EVIDENCE,oracle_forms/deep_catalog/form_field_trigger_catalog.jsonl
APST018.fmx,AP,ONEX_AP_WINDOW_API,62,8,360,545,IAS_ACODE_PKG;IAS_ACODE_PKGIAS20142CHECK_ACYIA;IAS_ACODE_PKGIAS20142GET_A_NAMEI;IAS_BRN_PKG;IAS_BRN_PKGIAS20142GET_BR_CMPIAS;IAS_CSHBNK_PKG;IAS_CSHBNK_PKGIAS20142CHECK_ACYI;IAS_CSHBNK_PKGIAS20142CHK_AC_CSH_BNK;IAS_CSHBNK_PKGIAS20142GET_A_CODE;IAS_GEN_PKG;IAS_GEN_PKGIAS20142GET_CNTIA;IAS_GEN_PKGIAS20142GET_CURDATEIA;IAS_GEN_PKGIAS20142GET_CUR_RATEI;IAS_GEN_PKGIAS20142GET_FINAL_DAY;IAS_GEN_PKGIAS20142GET_FLD_VALUE;IAS_GEN_PKGIAS20142GET_FRST_DAYI;IAS_GEN_PKGIAS20142GET_PROMPTIAS;IAS_GEN_PKGIAS20142GET_SYSDATEIA;IAS_GET_ENC_PASS_FNC;IAS_GET_ENC_PASS_FNCIAS20142IAS_GET_ENC_PASS_FNC;IAS_GL_TRNS_PKG;IAS_GL_TRNS_PKGIAS20142GET_JV_KIMB_DOCIA;IAS_GL_TRNS_PKGIAS20142INSRT_JV_DTLI;IAS_GL_TRNS_PKGIAS20142INSRT_JV_MSTI;IAS_POST_IN_SAV_PKG;IAS_POST_IN_SAV_PKGIAS20142DELETE_PREV_POSTI;IAS_POST_IN_SAV_PKGIAS20142POST_DOC_IN_SAVIA;IAS_USR_PKG;IAS_USR_PKGIAS20142CHK_USR_FRM_PRVIA;IAS_USR_PKGIAS20142GET_USR_APPRV;IAS_USR_PKGIAS20142GET_USR_NMIAS;IAS_VNDR_PKG;IAS_VNDR_PKGIAS20142CHECK_ACYIAS;YS_GEN_PKG;YS_GEN_PKGIAS20142CHK_LOCK_RCRDY;YS_GEN_PKGIAS20142GET_USR_FLD_PRVYS_;YS_SRL_SCR_PKG;YS_SRL_SCR_PKGIAS20142GET_SYS_SQ,CREATE/SAVE;UPDATE;DELETE/VOID;POST;PRINT,FMX_STRING_EVIDENCE,oracle_forms/deep_catalog/form_field_trigger_catalog.jsonl
APST019.fmx,AP,ONEX_AP_WINDOW_API,119,8,1180,1547,IAS_ACODE_PKG;IAS_ACODE_PKGIAS20142CHECK_ACYIA;IAS_ACODE_PKGIAS20142CHK_AC_CODE;IAS_ACODE_PKGIAS20142GET_AC_TYPE;IAS_ACTV_PKG;IAS_ACTV_PKGIAS20142CHK_ACTV;IAS_ACTV_PKGIAS20142CHK_PRIV_ACTVIAS;IAS_ATTACH_ITM_PKG;IAS_ATTACH_ITM_PKGIAS20142GET_ATTACH_ICODE_AVLQTYIAS;IAS_ATTACH_ITM_PKGIAS20142GET_ATTACH_ICODE_OUTIA;IAS_ATTACH_ITM_PKGIAS20142GET_ATTACH_NAMEIAS;IAS_AUDIT_OTHR_PKG;IAS_AUDIT_OTHR_PKGIAS20142AUDIT_OTHR_PRC;IAS_AUD_SYS_PKG;IAS_AUD_SYS_PKGIAS20142ADD_DOC_DELIA;IAS_BRN_PKG;IAS_BRN_PKGIAS20142GET_BR_CMPIAS;IAS_CC_CODE_PKG;IAS_CC_CODE_PKGIAS20142GET_CC_NO;IAS_CHECK_SYS_PKG;IAS_CHECK_SYS_PKGIAS20142CHECK_AC_ACY_INCTVI;IAS_CHECK_SYS_PKGIAS20142CHECK_AC_CC;IAS_CHECK_SYS_PKGIAS20142CHECK_CUR_RATEI;IAS_CHECK_SYS_PKGIAS20142CHECK_INV_CLOSE;IAS_CHECK_SYS_PKGIAS20142CHECK_USE_CCIAS;IAS_CSHBNK_PKG;IAS_CSHBNK_PKGIAS20142CHECK_ACYI;IAS_CSHBNK_PKGIAS20142CHK_AC_CSH_BNK;IAS_CSHBNK_PKGIAS20142CHK_CB_BRN;IAS_CSHBNK_PKGIAS20142GET_A_CODE;IAS_CSHBNK_PKGIAS20142GET_CB_NOI;IAS_CST_PKG;IAS_CST_PKGIAS20142GET_ACODE;IAS_CST_PKGIAS20142GET_C_CODEIAS;IAS_GEN_PKG;IAS_GEN_PKGIAS20142GET_CNTIA;IAS_GEN_PKGIAS20142GET_CURDATEIA;IAS_GEN_PKGIAS20142GET_CUR_RATEI;IAS_GEN_PKGIAS20142GET_DELETE_DOC_PERIOD;IAS_GEN_PKGIAS20142GET_FLD_VALUE,CREATE/SAVE;UPDATE;DELETE/VOID;POST;PRINT,FMX_STRING_EVIDENCE,oracle_forms/deep_catalog/form_field_trigger_catalog.jsonl
APS_IMPXLS_VND.fmx,AP,ONEX_AP_WINDOW_API,35,8,208,418,IAS_GEN_PKG;IAS_GEN_PKGIAS20142GET_FLD_VALUE;IAS_GET_ENC_PASS_FNC;IAS_GET_ENC_PASS_FNCIAS20142IAS_GET_ENC_PASS_FNC;IAS_USR_PKG;IAS_USR_PKGIAS20142CHK_USR_FRM_PRVIA;IAS_USR_PKGIAS20142GET_USR_APPRV;IAS_USR_PKGIAS20142GET_USR_NMIAS;YS_GEN_PKG;YS_GEN_PKGIAS20142CHK_LOCK_RCRDY;YS_GEN_PKGIAS20142GET_USR_FLD_PRVYS_;YS_SRL_SCR_PKG;YS_SRL_SCR_PKGIAS20142GET_SYS_SQ,CREATE/SAVE;UPDATE;DELETE/VOID;POST;PRINT,FMX_STRING_EVIDENCE,oracle_forms/deep_catalog/form_field_trigger_catalog.jsonl
ARSI002.fmx,AR,ONEX_AR_WINDOW_API,38,8,290,412,IAS_CSHBNK_PKG;IAS_CSHBNK_PKGIAS20142CHK_AC_CSH_BNK;IAS_GEN_PKG;IAS_GEN_PKGIAS20142GET_CNTIA;IAS_GEN_PKGIAS20142GET_FLD_VALUE;IAS_GEN_PKGIAS20142GET_PROMPTIAS;IAS_GET_ENC_PASS_FNC;IAS_GET_ENC_PASS_FNCIAS20142IAS_GET_ENC_PASS_FNC;IAS_USR_PKG;IAS_USR_PKGIAS20142CHK_USR_FRM_PRVIA;IAS_USR_PKGIAS20142GET_USR_APPRV;IAS_USR_PKGIAS20142GET_USR_NMIAS;YS_AC_DTL_PKG;YS_AC_DTL_PKGIAS20142GET_AC_DTL_TYPY;YS_GEN_PKG;YS_GEN_PKGIAS20142GET_USR_FLD_PRVYS_,CREATE/SAVE;UPDATE;DELETE/VOID;POST;PRINT,FMX_STRING_EVIDENCE,oracle_forms/deep_catalog/form_field_trigger_catalog.jsonl
ARSI003.fmx,AR,ONEX_AR_WINDOW_API,38,8,432,498,IAS_GEN_PKG;IAS_GEN_PKGIAS20142GET_CNTIA;IAS_GEN_PKGIAS20142GET_CURDATEIA;IAS_GEN_PKGIAS20142GET_FLD_VALUE;IAS_GEN_PKGIAS20142GET_FRM_PRVIA;IAS_GEN_PKGIAS20142GET_PROMPTIAS;IAS_GEN_PKGIAS20142GET_USR_NMIAS;IAS_GET_ENC_PASS_FNC;IAS_GET_ENC_PASS_FNCIAS20142IAS_GET_ENC_PASS_FNC;IAS_PRIVILEGE_PKG;IAS_PRIVILEGE_PKGIAS20142INSRT_USR_PRV_PRCIA;IAS_USR_PKG;IAS_USR_PKGIAS20142CHK_USR_COLL_PRVI;IAS_USR_PKGIAS20142CHK_USR_FRM_PRVIA;IAS_USR_PKGIAS20142GET_USR_APPRV;IAS_USR_PKGIAS20142GET_USR_NMIAS;YS_GEN_PKG;YS_GEN_PKGIAS20142GET_USR_FLD_PRVYS_,CREATE/SAVE;UPDATE;DELETE/VOID;POST;PRINT,FMX_STRING_EVIDENCE,oracle_forms/deep_catalog/form_field_trigger_catalog.jsonl
ARSI004.fmx,AR,ONEX_AR_WINDOW_API,46,8,671,795,IAS_CHECK_SYS_PKG;IAS_CHECK_SYS_PKGIAS20142CHECK_BT_DATEIA;IAS_CSHBNK_PKG;IAS_CSHBNK_PKGIAS20142CHECK_MEDIATOR_BNK;IAS_GEN_PKG;IAS_GEN_PKGIAS20142GET_CNTIA;IAS_GEN_PKGIAS20142GET_FLD_VALUE;IAS_GEN_PKGIAS20142GET_FRM_PRVIA;IAS_GEN_PKGIAS20142GET_PROMPTIAS;IAS_GEN_PKGIAS20142GET_USR_NMIAS;IAS_GET_ENC_PASS_FNC;IAS_GET_ENC_PASS_FNCIAS20142IAS_GET_ENC_PASS_FNC;IAS_PRIVILEGE_PKG;IAS_PRIVILEGE_PKGIAS20142INSRT_USR_PRV_PRCIA;IAS_USR_PKG;IAS_USR_PKGIAS20142CHK_USR_FRM_PRVIA;IAS_USR_PKGIAS20142CHK_USR_SMAN_PRVI;IAS_USR_PKGIAS20142GET_USR_APPRV;IAS_USR_PKGIAS20142GET_USR_NMIAS;YS_AC_DTL_PKG;YS_AC_DTL_PKGIAS20142CHK_AC_DTLY;YS_AC_DTL_PKGIAS20142GET_AC_DTL_TYPY;YS_GEN_PKG;YS_GEN_PKGIAS20142CHK_ACTV_SYSTEMYS_;YS_GEN_PKGIAS20142GET_USR_FLD_PRVYS_,CREATE/SAVE;UPDATE;DELETE/VOID;POST;PRINT,FMX_STRING_EVIDENCE,oracle_forms/deep_catalog/form_field_trigger_catalog.jsonl
ARSI005.fmx,AR,ONEX_AR_WINDOW_API,54,8,1098,1625,IAS_CHECK_SYS_PKG;IAS_CHECK_SYS_PKGIAS20142CHECK_BT_DATEIA;IAS_CSHBNK_PKG;IAS_CSHBNK_PKGIAS20142CHK_AC_CSH_BNK;IAS_DBS_SYS_PKG;IAS_DBS_SYS_PKGIAS20142CHECK_OBJECTI;IAS_GEN_PKG;IAS_GEN_PKGIAS20142GET_CNTIA;IAS_GEN_PKGIAS20142GET_CODE_NMIA;IAS_GEN_PKGIAS20142GET_CURDATEIA;IAS_GEN_PKGIAS20142GET_FLD_VALUE;IAS_GEN_PKGIAS20142GET_FLG_NMIAS;IAS_GEN_PKGIAS20142GET_FRM_PRVIA;IAS_GEN_PKGIAS20142GET_FRST_DAYI;IAS_GEN_PKGIAS20142GET_MSGIA;IAS_GEN_PKGIAS20142GET_PROMPTIAS;IAS_GEN_PKGIAS20142GET_USR_NMIAS;IAS_GET_ENC_PASS_FNC;IAS_GET_ENC_PASS_FNCIAS20142IAS_GET_ENC_PASS_FNC;IAS_PRIVILEGE_PKG;IAS_PRIVILEGE_PKGIAS20142INSRT_USR_PRV_PRCIA;IAS_USR_PKG;IAS_USR_PKGIAS20142CHK_USR_CST_PRVIA;IAS_USR_PKGIAS20142CHK_USR_FRM_PRVIA;IAS_USR_PKGIAS20142GET_USR_APPRV;IAS_USR_PKGIAS20142GET_USR_NMIAS;YS_AC_DTL_PKG;YS_AC_DTL_PKGIAS20142GET_AC_DTL_TYPY;YS_GEN_PKG;YS_GEN_PKGIAS20142GET_PROMPT;YS_GEN_PKGIAS20142GET_USR_FLD_PRVYS_,CREATE/SAVE;UPDATE;DELETE/VOID;POST;PRINT,FMX_STRING_EVIDENCE,oracle_forms/deep_catalog/form_field_trigger_catalog.jsonl
ARSI006.fmx,AR,ONEX_AR_WINDOW_API,33,8,328,403,IAS_GEN_PKG;IAS_GEN_PKGIAS20142GET_CNTIA;IAS_GEN_PKGIAS20142GET_PROMPTIAS;IAS_GET_ENC_PASS_FNC;IAS_GET_ENC_PASS_FNCIAS20142IAS_GET_ENC_PASS_FNC;IAS_USR_PKG;IAS_USR_PKGIAS20142CHK_USR_FRM_PRVIA;IAS_USR_PKGIAS20142GET_USR_APPRV;IAS_USR_PKGIAS20142GET_USR_NMIAS;YS_GEN_PKG;YS_GEN_PKGIAS20142GET_USR_FLD_PRVYS_;YS_SRL_SCR_PKG;YS_SRL_SCR_PKGIAS20142GET_SYS_SQ,CREATE/SAVE;UPDATE;DELETE/VOID;POST;PRINT,FMX_STRING_EVIDENCE,oracle_forms/deep_catalog/form_field_trigger_catalog.jsonl
ARSI008.fmx,AR,ONEX_AR_WINDOW_API,37,8,358,557,IAS_CSHBNK_PKG;IAS_CSHBNK_PKGIAS20142CHK_AC_CSH_BNK;IAS_GEN_PKG;IAS_GEN_PKGIAS20142GET_CNTIA;IAS_GEN_PKGIAS20142GET_CURDATEIA;IAS_GEN_PKGIAS20142GET_FLD_VALUE;IAS_GEN_PKGIAS20142GET_PROMPTIAS;IAS_GET_ENC_PASS_FNC;IAS_GET_ENC_PASS_FNCIAS20142IAS_GET_ENC_PASS_FNC;IAS_USR_PKG;IAS_USR_PKGIAS20142CHK_USR_FRM_PRVIA;IAS_USR_PKGIAS20142GET_USR_APPRV;IAS_USR_PKGIAS20142GET_USR_NMIAS;YS_GEN_PKG;YS_GEN_PKGIAS20142GET_USR_FLD_PRVYS_,CREATE/SAVE;UPDATE;DELETE/VOID;POST;PRINT,FMX_STRING_EVIDENCE,oracle_forms/deep_catalog/form_field_trigger_catalog.jsonl
ARSI009.fmx,AR,ONEX_AR_WINDOW_API,40,8,354,527,IAS_AUD_SYS_PKG;IAS_AUD_SYS_PKGIAS20142SET_PARAI;IAS_CHECK_SYS_PKG;IAS_CHECK_SYS_PKGIAS20142CHECK_BT_VALUEI;IAS_GEN_PKG;IAS_GEN_PKGIAS20142GET_FLD_VALUE;IAS_GEN_PKGIAS20142GET_PROMPTIAS;IAS_GET_ENC_PASS_FNC;IAS_GET_ENC_PASS_FNCIAS20142IAS_GET_ENC_PASS_FNC;IAS_USR_PKG;IAS_USR_PKGIAS20142CHK_USR_FRM_PRVIA;IAS_USR_PKGIAS20142GET_USR_APPRV;IAS_USR_PKGIAS20142GET_USR_NMIAS;YS_GEN_PKG;YS_GEN_PKGIAS20142CHK_LOCK_RCRDY;YS_GEN_PKGIAS20142GET_USR_FLD_PRVYS_;YS_SRL_SCR_PKG;YS_SRL_SCR_PKGIAS20142GET_SYS_SQ,CREATE/SAVE;UPDATE;DELETE/VOID;POST;PRINT,FMX_STRING_EVIDENCE,oracle_forms/deep_catalog/form_field_trigger_catalog.jsonl
ARSI010.fmx,AR,ONEX_AR_WINDOW_API,33,8,418,463,IAS_CHECK_SYS_PKG;IAS_CHECK_SYS_PKGIAS20142CHECK_BT_DATEIA;IAS_CHECK_SYS_PKGIAS20142CHECK_BT_VALUEI;IAS_GEN_PKG;IAS_GEN_PKGIAS20142GET_CNTIA;IAS_GEN_PKGIAS20142GET_PROMPTIAS;IAS_GET_ENC_PASS_FNC;IAS_GET_ENC_PASS_FNCIAS20142IAS_GET_ENC_PASS_FNC;IAS_USR_PKG;IAS_USR_PKGIAS20142CHK_USR_FRM_PRVIA;IAS_USR_PKGIAS20142GET_USR_APPRV;IAS_USR_PKGIAS20142GET_USR_NMIAS;YS_GEN_PKG;YS_GEN_PKGIAS20142GET_USR_FLD_PRVYS_,CREATE/SAVE;UPDATE;DELETE/VOID;POST;PRINT,FMX_STRING_EVIDENCE,oracle_forms/deep_catalog/form_field_trigger_catalog.jsonl
ARSI012.fmx,AR,ONEX_AR_WINDOW_API,44,8,755,902,IAS_CHECK_SYS_PKG;IAS_CHECK_SYS_PKGIAS20142CHECK_BT_DATEIA;IAS_CSHBNK_PKG;IAS_CSHBNK_PKGIAS20142CHK_AC_CSH_BNK;IAS_DBS_SYS_PKG;IAS_DBS_SYS_PKGIAS20142CHECK_OBJECTI;IAS_GEN_PKG;IAS_GEN_PKGIAS20142GET_CNTIA;IAS_GEN_PKGIAS20142GET_FLD_VALUE;IAS_GEN_PKGIAS20142GET_FRM_PRVIA;IAS_GEN_PKGIAS20142GET_PROMPTIAS;IAS_GET_ENC_PASS_FNC;IAS_GET_ENC_PASS_FNCIAS20142IAS_GET_ENC_PASS_FNC;IAS_USR_PKG;IAS_USR_PKGIAS20142CHK_USR_FRM_PRVIA;IAS_USR_PKGIAS20142GET_USR_APPRV;IAS_USR_PKGIAS20142GET_USR_NMIAS;YS_AC_DTL_PKG;YS_AC_DTL_PKGIAS20142GET_AC_DTL_TYPY;YS_GEN_PKG;YS_GEN_PKGIAS20142GET_PROMPT;YS_GEN_PKGIAS20142GET_USR_FLD_PRVYS_,CREATE/SAVE;UPDATE;DELETE/VOID;POST;PRINT,FMX_STRING_EVIDENCE,oracle_forms/deep_catalog/form_field_trigger_catalog.jsonl
ARSI013.fmx,AR,ONEX_AR_WINDOW_API,43,8,575,826,IAS_CHECK_SYS_PKG;IAS_CHECK_SYS_PKGIAS20142CHECK_BT_DATEIA;IAS_CHECK_SYS_PKGIAS20142CHECK_BT_VALUEI;IAS_GEN_PKG;IAS_GEN_PKGIAS20142GET_CNTIA;IAS_GEN_PKGIAS20142GET_FINAL_DAY;IAS_GEN_PKGIAS20142GET_FRST_DAYI;IAS_GEN_PKGIAS20142GET_PROMPTIAS;IAS_GET_ENC_PASS_FNC;IAS_GET_ENC_PASS_FNCIAS20142IAS_GET_ENC_PASS_FNC;IAS_ITM_PKG;IAS_ITM_PKGIAS20142CHK_ICODE_UNITIAS;IAS_ITM_PKGIAS20142GET_ICODE_SIZE_UNITIA;IAS_ITM_PKGIAS20142GET_ICODE_UNIT_BY_LVL;IAS_USR_PKG;IAS_USR_PKGIAS20142CHK_USR_FRM_PRVIA;IAS_USR_PKGIAS20142GET_USR_APPRV;IAS_USR_PKGIAS20142GET_USR_NMIAS;YS_GEN_PKG;YS_GEN_PKGIAS20142GET_FINAL_DAYY;YS_GEN_PKGIAS20142GET_FRST_DAYYS;YS_GEN_PKGIAS20142GET_USR_FLD_PRVYS_,CREATE/SAVE;UPDATE;DELETE/VOID;POST;PRINT,FMX_STRING_EVIDENCE,oracle_forms/deep_catalog/form_field_trigger_catalog.jsonl
ARSI014.fmx,AR,ONEX_AR_WINDOW_API,33,8,303,393,IAS_GEN_PKG;IAS_GEN_PKGIAS20142GET_CNTIA;IAS_GEN_PKGIAS20142GET_CURDATEIA;IAS_GEN_PKGIAS20142GET_FLD_VALUE;IAS_GEN_PKGIAS20142GET_PROMPTIAS;IAS_GET_ENC_PASS_FNC;IAS_GET_ENC_PASS_FNCIAS20142IAS_GET_ENC_PASS_FNC;IAS_USR_PKG;IAS_USR_PKGIAS20142CHK_USR_FRM_PRVIA;IAS_USR_PKGIAS20142GET_USR_APPRV;IAS_USR_PKGIAS20142GET_USR_NMIAS;YS_GEN_PKG;YS_GEN_PKGIAS20142GET_USR_FLD_PRVYS_,CREATE/SAVE;UPDATE;DELETE/VOID;POST;PRINT,FMX_STRING_EVIDENCE,oracle_forms/deep_catalog/form_field_trigger_catalog.jsonl
ARSI015.fmx,AR,ONEX_AR_WINDOW_API,33,8,305,425,IAS_GEN_PKG;IAS_GEN_PKGIAS20142GET_CNTIA;IAS_GEN_PKGIAS20142GET_FLD_VALUE;IAS_GET_ENC_PASS_FNC;IAS_GET_ENC_PASS_FNCIAS20142IAS_GET_ENC_PASS_FNC;IAS_USR_PKG;IAS_USR_PKGIAS20142CHK_USR_FRM_PRVIA;IAS_USR_PKGIAS20142GET_USR_APPRV;IAS_USR_PKGIAS20142GET_USR_NMIAS;YS_GEN_PKG;YS_GEN_PKGIAS20142GET_USR_FLD_PRVYS_,CREATE/SAVE;UPDATE;DELETE/VOID;POST;PRINT,FMX_STRING_EVIDENCE,oracle_forms/deep_catalog/form_field_trigger_catalog.jsonl
ARSI016.fmx,AR,ONEX_AR_WINDOW_API,48,8,329,512,IAS_CHECK_SYS_PKG;IAS_CHECK_SYS_PKGIAS20142CHECK_BT_DATEIA;IAS_CHECK_SYS_PKGIAS20142CHECK_BT_VALUEI;IAS_GEN_PKG;IAS_GEN_PKGIAS20142GET_CNTIA;IAS_GEN_PKGIAS20142GET_CURDATEIA;IAS_GEN_PKGIAS20142GET_FRST_DAYI;IAS_GEN_PKGIAS20142GET_PROMPTIAS;IAS_GEN_PKGIAS20142GET_SYSDATEIA;IAS_GET_ENC_PASS_FNC;IAS_GET_ENC_PASS_FNCIAS20142IAS_GET_ENC_PASS_FNC;IAS_MEASURMENTS_PKG;IAS_MEASURMENTS_PKGIAS20142CALC_NET_SALES_CST_AMTIAS;IAS_MEASURMENTS_PKGIAS20142CALC_NET_SALES_CST_MNTHIA;IAS_MEASURMENTS_PKGIAS20142CALC_NET_SALES_CST_QTYIAS;IAS_MEASURMENTS_PKGIAS20142CALC_REC_CSTI;IAS_MEASURMENTS_PKGIAS20142CALC_RT_SALES_CST_PERCENTAGEI;IAS_MEASURMENTS_PKGIAS20142CALC_SALES_CST_AMTIAS;IAS_MEASURMENTS_PKGIAS20142CALC_SALES_CST_QTYIAS;IAS_MEASURMENTS_PKGIAS20142CALC_STK_COST;IAS_MEASURMENTS_PKGIAS20142DR_RATEIA;IAS_MEASURMENTS_PKGIAS20142GET_SALE_DAY_AVGI;IAS_USR_PKG;IAS_USR_PKGIAS20142CHK_USR_FRM_PRVIA;IAS_USR_PKGIAS20142GET_USR_APPRV;IAS_USR_PKGIAS20142GET_USR_NMIAS;YS_GEN_PKG;YS_GEN_PKGIAS20142GET_USR_FLD_PRVYS_,CREATE/SAVE;UPDATE;DELETE/VOID;POST;PRINT,FMX_STRING_EVIDENCE,oracle_forms/deep_catalog/form_field_trigger_catalog.jsonl
ARSI017.fmx,AR,ONEX_AR_WINDOW_API,32,8,312,478,IAS_GEN_PKG;IAS_GEN_PKGIAS20142GET_CNTIA;IAS_GEN_PKGIAS20142GET_FLD_VALUE;IAS_GET_ENC_PASS_FNC;IAS_GET_ENC_PASS_FNCIAS20142IAS_GET_ENC_PASS_FNC;IAS_USR_PKG;IAS_USR_PKGIAS20142CHK_USR_FRM_PRVIA;IAS_USR_PKGIAS20142GET_USR_APPRV;IAS_USR_PKGIAS20142GET_USR_NMIAS;YS_GEN_PKG;YS_GEN_PKGIAS20142GET_USR_FLD_PRVYS_,CREATE/SAVE;UPDATE;DELETE/VOID;POST;PRINT,FMX_STRING_EVIDENCE,oracle_forms/deep_catalog/form_field_trigger_catalog.jsonl
ARSI018.fmx,AR,ONEX_AR_WINDOW_API,33,8,234,359,IAS_GEN_PKG;IAS_GEN_PKGIAS20142GET_CNTIA;IAS_GEN_PKGIAS20142GET_CURDATEIA;IAS_GET_ENC_PASS_FNC;IAS_GET_ENC_PASS_FNCIAS20142IAS_GET_ENC_PASS_FNC;IAS_USR_PKG;IAS_USR_PKGIAS20142CHK_USR_FRM_PRVIA;IAS_USR_PKGIAS20142GET_USR_APPRV;IAS_USR_PKGIAS20142GET_USR_NMIAS;YS_GEN_PKG;YS_GEN_PKGIAS20142GET_USR_FLD_PRVYS_,CREATE/SAVE;UPDATE;DELETE/VOID;POST;PRINT,FMX_STRING_EVIDENCE,oracle_forms/deep_catalog/form_field_trigger_catalog.jsonl
ARSI019.fmx,AR,ONEX_AR_WINDOW_API,33,8,216,359,IAS_GEN_PKG;IAS_GEN_PKGIAS20142GET_CNTIA;IAS_GEN_PKGIAS20142GET_CURDATEIA;IAS_GET_ENC_PASS_FNC;IAS_GET_ENC_PASS_FNCIAS20142IAS_GET_ENC_PASS_FNC;IAS_USR_PKG;IAS_USR_PKGIAS20142CHK_USR_FRM_PRVIA;IAS_USR_PKGIAS20142GET_USR_APPRV;IAS_USR_PKGIAS20142GET_USR_NMIAS;YS_GEN_PKG;YS_GEN_PKGIAS20142GET_USR_FLD_PRVYS_,CREATE/SAVE;UPDATE;DELETE/VOID;POST;PRINT,FMX_STRING_EVIDENCE,oracle_forms/deep_catalog/form_field_trigger_catalog.jsonl
ARSI020.fmx,AR,ONEX_AR_WINDOW_API,33,8,316,524,IAS_GEN_PKG;IAS_GEN_PKGIAS20142GET_CNTIA;IAS_GEN_PKGIAS20142GET_CURDATEIA;IAS_GET_ENC_PASS_FNC;IAS_GET_ENC_PASS_FNCIAS20142IAS_GET_ENC_PASS_FNC;IAS_USR_PKG;IAS_USR_PKGIAS20142CHK_USR_FRM_PRVIA;IAS_USR_PKGIAS20142GET_USR_APPRV;IAS_USR_PKGIAS20142GET_USR_NMIAS;YS_GEN_PKG;YS_GEN_PKGIAS20142GET_USR_FLD_PRVYS_,CREATE/SAVE;UPDATE;DELETE/VOID;POST;PRINT,FMX_STRING_EVIDENCE,oracle_forms/deep_catalog/form_field_trigger_catalog.jsonl
ARSI021.fmx,AR,ONEX_AR_WINDOW_API,45,8,432,600,IAS_CHECK_SYS_PKG;IAS_CHECK_SYS_PKGIAS20142CHECK_BT_DATEIA;IAS_CHECK_SYS_PKGIAS20142CHECK_BT_VALUEI;IAS_GEN_PKG;IAS_GEN_PKGIAS20142GET_CNTIA;IAS_GEN_PKGIAS20142GET_CURDATEIA;IAS_GEN_PKGIAS20142GET_FRST_DAYI;IAS_GEN_PKGIAS20142GET_PROMPTIAS;IAS_GEN_PKGIAS20142GET_SYSDATEIA;IAS_GET_ENC_PASS_FNC;IAS_GET_ENC_PASS_FNCIAS20142IAS_GET_ENC_PASS_FNC;IAS_ITM_PKG;IAS_ITM_PKGIAS20142CHK_ICODE_UNITIAS;IAS_ITM_PKGIAS20142GET_ICODE_ONE_UNITIAS;IAS_ITM_PKGIAS20142GET_ICODE_SALES_UNITI;IAS_ITM_PKGIAS20142GET_ICODE_SIZE_UNITIA;IAS_ITM_PKGIAS20142GET_ICODE_UNIT_BY_LVL;IAS_USR_PKG;IAS_USR_PKGIAS20142CHK_USR_FRM_PRVIA;IAS_USR_PKGIAS20142GET_USR_APPRV;IAS_USR_PKGIAS20142GET_USR_NMIAS;YS_GEN_PKG;YS_GEN_PKGIAS20142GET_USR_FLD_PRVYS_,CREATE/SAVE;UPDATE;DELETE/VOID;POST;PRINT,FMX_STRING_EVIDENCE,oracle_forms/deep_catalog/form_field_trigger_catalog.jsonl
ARSI022.fmx,AR,ONEX_AR_WINDOW_API,33,8,260,442,IAS_GEN_PKG;IAS_GEN_PKGIAS20142GET_CNTIA;IAS_GEN_PKGIAS20142GET_PROMPTIAS;IAS_GET_ENC_PASS_FNC;IAS_GET_ENC_PASS_FNCIAS20142IAS_GET_ENC_PASS_FNC;IAS_USR_PKG;IAS_USR_PKGIAS20142CHK_USR_FRM_PRVIA;IAS_USR_PKGIAS20142GET_USR_APPRV;IAS_USR_PKGIAS20142GET_USR_NMIAS;YS_GEN_PKG;YS_GEN_PKGIAS20142GET_USR_FLD_PRVYS_,CREATE/SAVE;UPDATE;DELETE/VOID;POST;PRINT,FMX_STRING_EVIDENCE,oracle_forms/deep_catalog/form_field_trigger_catalog.jsonl
ARSI023.fmx,AR,ONEX_AR_WINDOW_API,43,8,416,575,IAS_CST_PKG;IAS_CST_PKGIAS20142GET_ACODE;IAS_GEN_PKG;IAS_GEN_PKGIAS20142GET_CNTIA;IAS_GEN_PKGIAS20142GET_CURDATEIA;IAS_GEN_PKGIAS20142GET_FRM_PRVIA;IAS_GEN_PKGIAS20142GET_PROMPTIAS;IAS_GET_ENC_PASS_FNC;IAS_GET_ENC_PASS_FNCIAS20142IAS_GET_ENC_PASS_FNC;IAS_USR_PKG;IAS_USR_PKGIAS20142CHK_USR_FRM_PRVIA;IAS_USR_PKGIAS20142GET_USR_APPRV;IAS_USR_PKGIAS20142GET_USR_NMIAS;YS_GEN_PKG;YS_GEN_PKGIAS20142CHK_ACTV_SYSTEMYS_;YS_GEN_PKGIAS20142GET_USR_FLD_PRVYS_,CREATE/SAVE;UPDATE;DELETE/VOID;POST;PRINT,FMX_STRING_EVIDENCE,oracle_forms/deep_catalog/form_field_trigger_catalog.jsonl
ARSIMPXLS_CST.fmx,AR,ONEX_AR_WINDOW_API,37,8,397,628,IAS_DBS_SYS_PKG;IAS_GEN_PKG;IAS_GEN_PKGIAS20142GET_FLD_VALUE;IAS_GEN_PKGIAS20142GET_PROMPTIAS;IAS_GET_ENC_PASS_FNC;IAS_GET_ENC_PASS_FNCIAS20142IAS_GET_ENC_PASS_FNC;IAS_USR_PKG;IAS_USR_PKGIAS20142CHK_USR_FRM_PRVIA;IAS_USR_PKGIAS20142GET_USR_APPRV;IAS_USR_PKGIAS20142GET_USR_NMIAS;YS_GEN_PKG;YS_GEN_PKGIAS20142CHK_LOCK_RCRDY;YS_GEN_PKGIAS20142GET_USR_FLD_PRVYS_;YS_SRL_SCR_PKG;YS_SRL_SCR_PKGIAS20142GET_SYS_SQ,CREATE/SAVE;UPDATE;DELETE/VOID;POST;PRINT,FMX_STRING_EVIDENCE,oracle_forms/deep_catalog/form_field_trigger_catalog.jsonl
ARSIMPXLS_CST_NW.fmx,AR,ONEX_AR_WINDOW_API,37,8,424,603,IAS_DBS_SYS_PKG;IAS_GEN_PKG;IAS_GEN_PKGIAS20142GET_FLD_VALUE;IAS_GEN_PKGIAS20142GET_PROMPTIAS;IAS_GET_ENC_PASS_FNC;IAS_GET_ENC_PASS_FNCIAS20142IAS_GET_ENC_PASS_FNC;IAS_USR_PKG;IAS_USR_PKGIAS20142CHK_USR_FRM_PRVIA;IAS_USR_PKGIAS20142GET_USR_APPRV;IAS_USR_PKGIAS20142GET_USR_NMIAS;YS_GEN_PKG;YS_GEN_PKGIAS20142CHK_LOCK_RCRDY;YS_GEN_PKGIAS20142GET_USR_FLD_PRVYS_;YS_SRL_SCR_PKG;YS_SRL_SCR_PKGIAS20142GET_SYS_SQ,CREATE/SAVE;UPDATE;DELETE/VOID;POST;PRINT,FMX_STRING_EVIDENCE,oracle_forms/deep_catalog/form_field_trigger_catalog.jsonl
ARSIMPXLS_SUB_CST.fmx,AR,ONEX_AR_WINDOW_API,36,8,313,485,IAS_DBS_SYS_PKG;IAS_GEN_PKG;IAS_GEN_PKGIAS20142GET_PROMPTIAS;IAS_GET_ENC_PASS_FNC;IAS_GET_ENC_PASS_FNCIAS20142IAS_GET_ENC_PASS_FNC;IAS_USR_PKG;IAS_USR_PKGIAS20142CHK_USR_FRM_PRVIA;IAS_USR_PKGIAS20142GET_USR_APPRV;IAS_USR_PKGIAS20142GET_USR_NMIAS;YS_GEN_PKG;YS_GEN_PKGIAS20142CHK_LOCK_RCRDY;YS_GEN_PKGIAS20142GET_USR_FLD_PRVYS_;YS_SRL_SCR_PKG;YS_SRL_SCR_PKGIAS20142GET_SYS_SQ,CREATE/SAVE;UPDATE;DELETE/VOID;POST;PRINT,FMX_STRING_EVIDENCE,oracle_forms/deep_catalog/form_field_trigger_catalog.jsonl
ARSR001.fmx,AR,ONEX_AR_WINDOW_API,14,2,208,262,IAS_CHECK_SYS_PKG;IAS_CHECK_SYS_PKGIAS20142CHECK_BT_VALUEI;IAS_GEN_PKG;IAS_GEN_PKGIAS20142GET_PROMPTIAS;IAS_GET_ENC_PASS_FNC;IAS_GET_ENC_PASS_FNCIAS20142IAS_GET_ENC_PASS_FNC;IAS_USR_PKG;IAS_USR_PKGIAS20142GET_USR_NMIAS,PRINT,FMX_STRING_EVIDENCE,oracle_forms/deep_catalog/form_field_trigger_catalog.jsonl
ARSR002.fmx,AR,ONEX_AR_WINDOW_API,14,2,192,265,IAS_CHECK_SYS_PKG;IAS_CHECK_SYS_PKGIAS20142CHECK_BT_VALUEI;IAS_GEN_PKG;IAS_GEN_PKGIAS20142GET_PROMPTIAS;IAS_GET_ENC_PASS_FNC;IAS_GET_ENC_PASS_FNCIAS20142IAS_GET_ENC_PASS_FNC;IAS_USR_PKG;IAS_USR_PKGIAS20142GET_USR_NMIAS,PRINT,FMX_STRING_EVIDENCE,oracle_forms/deep_catalog/form_field_trigger_catalog.jsonl
ARSR003.fmx,AR,ONEX_AR_WINDOW_API,15,2,166,276,IAS_CHECK_SYS_PKG;IAS_CHECK_SYS_PKGIAS20142CHECK_BT_DATEIA;IAS_CHECK_SYS_PKGIAS20142CHECK_BT_VALUEI;IAS_GEN_PKG;IAS_GEN_PKGIAS20142GET_PROMPTIAS;IAS_GET_ENC_PASS_FNC;IAS_GET_ENC_PASS_FNCIAS20142IAS_GET_ENC_PASS_FNC;IAS_USR_PKG;IAS_USR_PKGIAS20142GET_USR_NMIAS,PRINT,FMX_STRING_EVIDENCE,oracle_forms/deep_catalog/form_field_trigger_catalog.jsonl
ARSR004.fmx,AR,ONEX_AR_WINDOW_API,14,2,221,287,IAS_CHECK_SYS_PKG;IAS_CHECK_SYS_PKGIAS20142CHECK_BT_VALUEI;IAS_GEN_PKG;IAS_GEN_PKGIAS20142GET_PROMPTIAS;IAS_GET_ENC_PASS_FNC;IAS_GET_ENC_PASS_FNCIAS20142IAS_GET_ENC_PASS_FNC;IAS_USR_PKG;IAS_USR_PKGIAS20142GET_USR_NMIAS,PRINT,FMX_STRING_EVIDENCE,oracle_forms/deep_catalog/form_field_trigger_catalog.jsonl
ARSR005.fmx,AR,ONEX_AR_WINDOW_API,15,2,289,392,IAS_CHECK_SYS_PKG;IAS_CHECK_SYS_PKGIAS20142CHECK_BT_VALUEI;IAS_GEN_PKG;IAS_GEN_PKGIAS20142GET_FLG_NMIAS;IAS_GEN_PKGIAS20142GET_PROMPTIAS;IAS_GET_ENC_PASS_FNC;IAS_GET_ENC_PASS_FNCIAS20142IAS_GET_ENC_PASS_FNC;IAS_USR_PKG;IAS_USR_PKGIAS20142GET_USR_NMIAS,PRINT,FMX_STRING_EVIDENCE,oracle_forms/deep_catalog/form_field_trigger_catalog.jsonl
ARSR009.fmx,AR,ONEX_AR_WINDOW_API,29,2,443,586,IAS_CHECK_SYS_PKG;IAS_CHECK_SYS_PKGIAS20142CHECK_BT_VALUEI;IAS_CST_PKG;IAS_CST_PKGIAS20142GET_C_NAMEIAS;IAS_DBS_SYS_PKG;IAS_DBS_SYS_PKGIAS20142CHECK_OBJECTI;IAS_DBS_SYS_PKGIAS20142CHECK_ST_OBJI;IAS_GEN_PKG;IAS_GEN_PKGIAS20142GET_FLG_NMIAS;IAS_GEN_PKGIAS20142GET_FRST_DAYI;IAS_GEN_PKGIAS20142GET_PROMPTIAS;IAS_GEN_PKGIAS20142GET_SYSDATEIA;IAS_GET_ENC_PASS_FNC;IAS_GET_ENC_PASS_FNCIAS20142IAS_GET_ENC_PASS_FNC;IAS_USR_PKG;IAS_USR_PKGIAS20142GET_USR_NMIAS,PRINT,FMX_STRING_EVIDENCE,oracle_forms/deep_catalog/form_field_trigger_catalog.jsonl
ARSR010.fmx,AR,ONEX_AR_WINDOW_API,19,2,361,464,IAS_CHECK_SYS_PKG;IAS_CHECK_SYS_PKGIAS20142CHECK_BT_VALUEI;IAS_DBS_SYS_PKG;IAS_DBS_SYS_PKGIAS20142CHECK_OBJECTI;IAS_GEN_PKG;IAS_GEN_PKGIAS20142GET_FLG_NMIAS;IAS_GEN_PKGIAS20142GET_FRST_DAYI;IAS_GEN_PKGIAS20142GET_PROMPTIAS;IAS_GEN_PKGIAS20142GET_SYSDATEIA;IAS_GET_ENC_PASS_FNC;IAS_GET_ENC_PASS_FNCIAS20142IAS_GET_ENC_PASS_FNC;IAS_USR_PKG;IAS_USR_PKGIAS20142GET_USR_NMIAS,PRINT,FMX_STRING_EVIDENCE,oracle_forms/deep_catalog/form_field_trigger_catalog.jsonl
ARSR011.fmx,AR,ONEX_AR_WINDOW_API,17,2,240,346,IAS_CHECK_SYS_PKG;IAS_CHECK_SYS_PKGIAS20142CHECK_BT_VALUEI;IAS_GEN_PKG;IAS_GEN_PKGIAS20142GET_FLG_NMIAS;IAS_GEN_PKGIAS20142GET_FRST_DAYI;IAS_GEN_PKGIAS20142GET_PROMPTIAS;IAS_GEN_PKGIAS20142GET_SYSDATEIA;IAS_GET_ENC_PASS_FNC;IAS_GET_ENC_PASS_FNCIAS20142IAS_GET_ENC_PASS_FNC;IAS_USR_PKG;IAS_USR_PKGIAS20142GET_USR_NMIAS,PRINT,FMX_STRING_EVIDENCE,oracle_forms/deep_catalog/form_field_trigger_catalog.jsonl
ARSR012.fmx,AR,ONEX_AR_WINDOW_API,16,2,345,398,IAS_CHECK_SYS_PKG;IAS_CHECK_SYS_PKGIAS20142CHECK_BT_DATEIA;IAS_CHECK_SYS_PKGIAS20142CHECK_BT_VALUEI;IAS_GEN_PKG;IAS_GEN_PKGIAS20142GET_FLG_NMIAS;IAS_GEN_PKGIAS20142GET_PROMPTIAS;IAS_GET_ENC_PASS_FNC;IAS_GET_ENC_PASS_FNCIAS20142IAS_GET_ENC_PASS_FNC;IAS_USR_PKG;IAS_USR_PKGIAS20142GET_USR_NMIAS,PRINT,FMX_STRING_EVIDENCE,oracle_forms/deep_catalog/form_field_trigger_catalog.jsonl
ARSR013.fmx,AR,ONEX_AR_WINDOW_API,18,2,247,277,IAS_CHECK_SYS_PKG;IAS_CHECK_SYS_PKGIAS20142CHECK_BT_DATEIA;IAS_CHECK_SYS_PKGIAS20142CHECK_BT_VALUEI;IAS_GEN_PKG;IAS_GEN_PKGIAS20142GET_FLG_NMIAS;IAS_GEN_PKGIAS20142GET_FRST_DAYI;IAS_GEN_PKGIAS20142GET_PROMPTIAS;IAS_GEN_PKGIAS20142GET_SYSDATEIA;IAS_GET_ENC_PASS_FNC;IAS_GET_ENC_PASS_FNCIAS20142IAS_GET_ENC_PASS_FNC;IAS_USR_PKG;IAS_USR_PKGIAS20142GET_USR_NMIAS,PRINT,FMX_STRING_EVIDENCE,oracle_forms/deep_catalog/form_field_trigger_catalog.jsonl
ARSR014.fmx,AR,ONEX_AR_WINDOW_API,20,2,258,346,IAS_ACTV_PKG;IAS_ACTV_PKGIAS20142CHK_ACTV;IAS_CHECK_SYS_PKG;IAS_CHECK_SYS_PKGIAS20142CHECK_BT_DATEIA;IAS_GEN_PKG;IAS_GEN_PKGIAS20142GET_FINAL_DAY;IAS_GEN_PKGIAS20142GET_FRST_DAYI;IAS_GEN_PKGIAS20142GET_LOCAL_CUR;IAS_GEN_PKGIAS20142GET_PROMPTIAS;IAS_GEN_PKGIAS20142GET_SYSDATEIA;IAS_GET_ENC_PASS_FNC;IAS_GET_ENC_PASS_FNCIAS20142IAS_GET_ENC_PASS_FNC;IAS_USR_PKG;IAS_USR_PKGIAS20142GET_USR_NMIAS,PRINT,FMX_STRING_EVIDENCE,oracle_forms/deep_catalog/form_field_trigger_catalog.jsonl
ARSR020.fmx,AR,ONEX_AR_WINDOW_API,19,2,325,369,IAS_CHECKDATA_AR_PRC;IAS_CHECKDATA_AR_PRCIAS20142IAS_CHECKDATA_AR_PRC;IAS_CHECK_SYS_PKG;IAS_CHECK_SYS_PKGIAS20142CHECK_BT_DATEIA;IAS_CHECK_SYS_PKGIAS20142CHECK_BT_VALUEI;IAS_GEN_PKG;IAS_GEN_PKGIAS20142GET_FRST_DAYI;IAS_GEN_PKGIAS20142GET_PROMPTIAS;IAS_GEN_PKGIAS20142GET_SYSDATEIA;IAS_GET_ENC_PASS_FNC;IAS_GET_ENC_PASS_FNCIAS20142IAS_GET_ENC_PASS_FNC;IAS_USR_PKG;IAS_USR_PKGIAS20142GET_USR_NMIAS,PRINT,FMX_STRING_EVIDENCE,oracle_forms/deep_catalog/form_field_trigger_catalog.jsonl
ARSR021.fmx,AR,ONEX_AR_WINDOW_API,19,2,411,586,IAS_CHECK_SYS_PKG;IAS_CHECK_SYS_PKGIAS20142CHECK_BT_DATEIA;IAS_CHECK_SYS_PKGIAS20142CHECK_BT_VALUEI;IAS_GEN_PKG;IAS_GEN_PKGIAS20142GET_CNTIA;IAS_GEN_PKGIAS20142GET_FRST_DAYI;IAS_GEN_PKGIAS20142GET_PROMPTIAS;IAS_GEN_PKGIAS20142GET_SYSDATEIA;IAS_GET_ENC_PASS_FNC;IAS_GET_ENC_PASS_FNCIAS20142IAS_GET_ENC_PASS_FNC;IAS_USR_PKG;IAS_USR_PKGIAS20142GET_USR_NMIAS,PRINT,FMX_STRING_EVIDENCE,oracle_forms/deep_catalog/form_field_trigger_catalog.jsonl
ARSR022.fmx,AR,ONEX_AR_WINDOW_API,16,2,272,285,IAS_CHECK_SYS_PKG;IAS_CHECK_SYS_PKGIAS20142CHECK_BT_DATEIA;IAS_CHECK_SYS_PKGIAS20142CHECK_BT_VALUEI;IAS_GEN_PKG;IAS_GEN_PKGIAS20142GET_FLG_NMIAS;IAS_GEN_PKGIAS20142GET_PROMPTIAS;IAS_GET_ENC_PASS_FNC;IAS_GET_ENC_PASS_FNCIAS20142IAS_GET_ENC_PASS_FNC;IAS_USR_PKG;IAS_USR_PKGIAS20142GET_USR_NMIAS,PRINT,FMX_STRING_EVIDENCE,oracle_forms/deep_catalog/form_field_trigger_catalog.jsonl
ARSR023.fmx,AR,ONEX_AR_WINDOW_API,22,2,749,1030,IAS_CHECK_SYS_PKG;IAS_CHECK_SYS_PKGIAS20142CHECK_BT_DATEIA;IAS_CHECK_SYS_PKGIAS20142CHECK_BT_VALUEI;IAS_GEN_PKG;IAS_GEN_PKGIAS20142GET_CNTIA;IAS_GEN_PKGIAS20142GET_FLG_NMIAS;IAS_GEN_PKGIAS20142GET_FRST_DAYI;IAS_GEN_PKGIAS20142GET_PROMPTIAS;IAS_GEN_PKGIAS20142GET_SYSDATEIA;IAS_GET_ENC_PASS_FNC;IAS_GET_ENC_PASS_FNCIAS20142IAS_GET_ENC_PASS_FNC;IAS_USR_PKG;IAS_USR_PKGIAS20142GET_USR_NMIAS;YS_GEN_PKG,PRINT,FMX_STRING_EVIDENCE,oracle_forms/deep_catalog/form_field_trigger_catalog.jsonl
ARSR024.fmx,AR,ONEX_AR_WINDOW_API,15,2,314,391,IAS_CHECK_SYS_PKG;IAS_CHECK_SYS_PKGIAS20142CHECK_BT_VALUEI;IAS_GEN_PKG;IAS_GEN_PKGIAS20142GET_FLG_NMIAS;IAS_GEN_PKGIAS20142GET_PROMPTIAS;IAS_GET_ENC_PASS_FNC;IAS_GET_ENC_PASS_FNCIAS20142IAS_GET_ENC_PASS_FNC;IAS_USR_PKG;IAS_USR_PKGIAS20142GET_USR_NMIAS,PRINT,FMX_STRING_EVIDENCE,oracle_forms/deep_catalog/form_field_trigger_catalog.jsonl
ARSR025.fmx,AR,ONEX_AR_WINDOW_API,19,2,427,489,IAS_CHECK_SYS_PKG;IAS_CHECK_SYS_PKGIAS20142CHECK_BT_DATEIA;IAS_CHECK_SYS_PKGIAS20142CHECK_BT_VALUEI;IAS_GEN_PKG;IAS_GEN_PKGIAS20142GET_FLG_NMIAS;IAS_GEN_PKGIAS20142GET_FRST_DAYI;IAS_GEN_PKGIAS20142GET_PROMPTIAS;IAS_GEN_PKGIAS20142GET_SYSDATEIA;IAS_GET_ENC_PASS_FNC;IAS_GET_ENC_PASS_FNCIAS20142IAS_GET_ENC_PASS_FNC;IAS_USR_PKG;IAS_USR_PKGIAS20142GET_USR_NMIAS;YS_GEN_PKG,PRINT,FMX_STRING_EVIDENCE,oracle_forms/deep_catalog/form_field_trigger_catalog.jsonl
ARSR026.fmx,AR,ONEX_AR_WINDOW_API,19,2,289,387,IAS_CHECK_SYS_PKG;IAS_CHECK_SYS_PKGIAS20142CHECK_BT_DATEIA;IAS_CHECK_SYS_PKGIAS20142CHECK_BT_VALUEI;IAS_GEN_PKG;IAS_GEN_PKGIAS20142GET_FLG_NMIAS;IAS_GEN_PKGIAS20142GET_FRST_DAYI;IAS_GEN_PKGIAS20142GET_PROMPTIAS;IAS_GEN_PKGIAS20142GET_SYSDATEIA;IAS_GET_ENC_PASS_FNC;IAS_GET_ENC_PASS_FNCIAS20142IAS_GET_ENC_PASS_FNC;IAS_USR_PKG;IAS_USR_PKGIAS20142GET_USR_NMIAS;YS_GEN_PKG,PRINT,FMX_STRING_EVIDENCE,oracle_forms/deep_catalog/form_field_trigger_catalog.jsonl
ARSR027.fmx,AR,ONEX_AR_WINDOW_API,16,2,386,405,IAS_CHECK_SYS_PKG;IAS_CHECK_SYS_PKGIAS20142CHECK_BT_DATEIA;IAS_CHECK_SYS_PKGIAS20142CHECK_BT_VALUEI;IAS_GEN_PKG;IAS_GEN_PKGIAS20142GET_FLG_NMIAS;IAS_GEN_PKGIAS20142GET_PROMPTIAS;IAS_GET_ENC_PASS_FNC;IAS_GET_ENC_PASS_FNCIAS20142IAS_GET_ENC_PASS_FNC;IAS_USR_PKG;IAS_USR_PKGIAS20142GET_USR_NMIAS,PRINT,FMX_STRING_EVIDENCE,oracle_forms/deep_catalog/form_field_trigger_catalog.jsonl
ARSR029.fmx,AR,ONEX_AR_WINDOW_API,20,2,443,576,IAS_CHECK_SYS_PKG;IAS_CHECK_SYS_PKGIAS20142CHECK_BT_DATEIA;IAS_CHECK_SYS_PKGIAS20142CHECK_BT_VALUEI;IAS_GEN_PKG;IAS_GEN_PKGIAS20142GET_CNTIA;IAS_GEN_PKGIAS20142GET_CUR_RATEI;IAS_GEN_PKGIAS20142GET_FLG_NMIAS;IAS_GEN_PKGIAS20142GET_FRST_DAYI;IAS_GEN_PKGIAS20142GET_PROMPTIAS;IAS_GEN_PKGIAS20142GET_SYSDATEIA;IAS_GET_ENC_PASS_FNC;IAS_GET_ENC_PASS_FNCIAS20142IAS_GET_ENC_PASS_FNC;IAS_USR_PKG;IAS_USR_PKGIAS20142GET_USR_NMIAS,PRINT,FMX_STRING_EVIDENCE,oracle_forms/deep_catalog/form_field_trigger_catalog.jsonl
ARSR030.fmx,AR,ONEX_AR_WINDOW_API,15,2,237,343,IAS_CHECK_SYS_PKG;IAS_CHECK_SYS_PKGIAS20142CHECK_BT_DATEIA;IAS_CHECK_SYS_PKGIAS20142CHECK_BT_VALUEI;IAS_GEN_PKG;IAS_GEN_PKGIAS20142GET_PROMPTIAS;IAS_GET_ENC_PASS_FNC;IAS_GET_ENC_PASS_FNCIAS20142IAS_GET_ENC_PASS_FNC;IAS_USR_PKG;IAS_USR_PKGIAS20142GET_USR_NMIAS,PRINT,FMX_STRING_EVIDENCE,oracle_forms/deep_catalog/form_field_trigger_catalog.jsonl
ARSR031.fmx,AR,ONEX_AR_WINDOW_API,18,2,320,394,IAS_CHECK_SYS_PKG;IAS_CHECK_SYS_PKGIAS20142CHECK_BT_DATEIA;IAS_CHECK_SYS_PKGIAS20142CHECK_BT_VALUEI;IAS_GEN_PKG;IAS_GEN_PKGIAS20142GET_CNTIA;IAS_GEN_PKGIAS20142GET_FRST_DAYI;IAS_GEN_PKGIAS20142GET_PROMPTIAS;IAS_GEN_PKGIAS20142GET_SYSDATEIA;IAS_GET_ENC_PASS_FNC;IAS_GET_ENC_PASS_FNCIAS20142IAS_GET_ENC_PASS_FNC;IAS_USR_PKG;IAS_USR_PKGIAS20142GET_USR_NMIAS,PRINT,FMX_STRING_EVIDENCE,oracle_forms/deep_catalog/form_field_trigger_catalog.jsonl
ARSR032.fmx,AR,ONEX_AR_WINDOW_API,16,2,262,339,IAS_CHECK_SYS_PKG;IAS_CHECK_SYS_PKGIAS20142CHECK_BT_DATEIA;IAS_CHECK_SYS_PKGIAS20142CHECK_BT_VALUEI;IAS_GEN_PKG;IAS_GEN_PKGIAS20142GET_FLG_NMIAS;IAS_GEN_PKGIAS20142GET_PROMPTIAS;IAS_GET_ENC_PASS_FNC;IAS_GET_ENC_PASS_FNCIAS20142IAS_GET_ENC_PASS_FNC;IAS_USR_PKG;IAS_USR_PKGIAS20142GET_USR_NMIAS,PRINT,FMX_STRING_EVIDENCE,oracle_forms/deep_catalog/form_field_trigger_catalog.jsonl
ARSR033.fmx,AR,ONEX_AR_WINDOW_API,16,2,334,412,IAS_CHECK_SYS_PKG;IAS_CHECK_SYS_PKGIAS20142CHECK_BT_DATEIA;IAS_CHECK_SYS_PKGIAS20142CHECK_BT_VALUEI;IAS_GEN_PKG;IAS_GEN_PKGIAS20142GET_FLG_NMIAS;IAS_GEN_PKGIAS20142GET_PROMPTIAS;IAS_GET_ENC_PASS_FNC;IAS_GET_ENC_PASS_FNCIAS20142IAS_GET_ENC_PASS_FNC;IAS_USR_PKG;IAS_USR_PKGIAS20142GET_USR_NMIAS,PRINT,FMX_STRING_EVIDENCE,oracle_forms/deep_catalog/form_field_trigger_catalog.jsonl
ARSR034.fmx,AR,ONEX_AR_WINDOW_API,17,2,187,313,IAS_CHECK_SYS_PKG;IAS_CHECK_SYS_PKGIAS20142CHECK_BT_DATEIA;IAS_CHECK_SYS_PKGIAS20142CHECK_BT_VALUEI;IAS_GEN_PKG;IAS_GEN_PKGIAS20142GET_FRST_DAYI;IAS_GEN_PKGIAS20142GET_PROMPTIAS;IAS_GEN_PKGIAS20142GET_SYSDATEIA;IAS_GET_ENC_PASS_FNC;IAS_GET_ENC_PASS_FNCIAS20142IAS_GET_ENC_PASS_FNC;IAS_USR_PKG;IAS_USR_PKGIAS20142GET_USR_NMIAS,PRINT,FMX_STRING_EVIDENCE,oracle_forms/deep_catalog/form_field_trigger_catalog.jsonl
ARSR035.fmx,AR,ONEX_AR_WINDOW_API,18,2,289,373,IAS_CHECK_SYS_PKG;IAS_CHECK_SYS_PKGIAS20142CHECK_BT_DATEIA;IAS_CHECK_SYS_PKGIAS20142CHECK_BT_VALUEI;IAS_GEN_PKG;IAS_GEN_PKGIAS20142GET_FRST_DAYI;IAS_GEN_PKGIAS20142GET_PROMPTIAS;IAS_GEN_PKGIAS20142GET_SYSDATEIA;IAS_GET_ENC_PASS_FNC;IAS_GET_ENC_PASS_FNCIAS20142IAS_GET_ENC_PASS_FNC;IAS_USR_PKG;IAS_USR_PKGIAS20142GET_USR_NMIAS;YS_GEN_PKG,PRINT,FMX_STRING_EVIDENCE,oracle_forms/deep_catalog/form_field_trigger_catalog.jsonl
ARSR036.fmx,AR,ONEX_AR_WINDOW_API,18,2,475,520,IAS_CHECK_SYS_PKG;IAS_CHECK_SYS_PKGIAS20142CHECK_BT_DATEIA;IAS_CHECK_SYS_PKGIAS20142CHECK_BT_VALUEI;IAS_DBS_SYS_PKG;IAS_DBS_SYS_PKGIAS20142CHECK_OBJECTI;IAS_GEN_PKG;IAS_GEN_PKGIAS20142GET_FLG_NMIAS;IAS_GEN_PKGIAS20142GET_PROMPTIAS;IAS_GET_ENC_PASS_FNC;IAS_GET_ENC_PASS_FNCIAS20142IAS_GET_ENC_PASS_FNC;IAS_USR_PKG;IAS_USR_PKGIAS20142GET_USR_NMIAS,PRINT,FMX_STRING_EVIDENCE,oracle_forms/deep_catalog/form_field_trigger_catalog.jsonl
ARSR037.fmx,AR,ONEX_AR_WINDOW_API,19,2,284,365,IAS_CHECK_SYS_PKG;IAS_CHECK_SYS_PKGIAS20142CHECK_BT_DATEIA;IAS_CHECK_SYS_PKGIAS20142CHECK_BT_VALUEI;IAS_GEN_PKG;IAS_GEN_PKGIAS20142GET_CNTIA;IAS_GEN_PKGIAS20142GET_FLG_NMIAS;IAS_GEN_PKGIAS20142GET_FRST_DAYI;IAS_GEN_PKGIAS20142GET_PROMPTIAS;IAS_GEN_PKGIAS20142GET_SYSDATEIA;IAS_GET_ENC_PASS_FNC;IAS_GET_ENC_PASS_FNCIAS20142IAS_GET_ENC_PASS_FNC;IAS_USR_PKG;IAS_USR_PKGIAS20142GET_USR_NMIAS,PRINT,FMX_STRING_EVIDENCE,oracle_forms/deep_catalog/form_field_trigger_catalog.jsonl
ARSR038.fmx,AR,ONEX_AR_WINDOW_API,19,2,197,328,IAS_CHECK_SYS_PKG;IAS_CHECK_SYS_PKGIAS20142CHECK_BT_DATEIA;IAS_CHECK_SYS_PKGIAS20142CHECK_BT_VALUEI;IAS_GEN_PKG;IAS_GEN_PKGIAS20142GET_CNTIA;IAS_GEN_PKGIAS20142GET_FLG_NMIAS;IAS_GEN_PKGIAS20142GET_FRST_DAYI;IAS_GEN_PKGIAS20142GET_PROMPTIAS;IAS_GEN_PKGIAS20142GET_SYSDATEIA;IAS_GET_ENC_PASS_FNC;IAS_GET_ENC_PASS_FNCIAS20142IAS_GET_ENC_PASS_FNC;IAS_USR_PKG;IAS_USR_PKGIAS20142GET_USR_NMIAS,PRINT,FMX_STRING_EVIDENCE,oracle_forms/deep_catalog/form_field_trigger_catalog.jsonl
ARSR039.fmx,AR,ONEX_AR_WINDOW_API,17,2,287,352,IAS_CHECK_SYS_PKG;IAS_CHECK_SYS_PKGIAS20142CHECK_BT_DATEIA;IAS_CHECK_SYS_PKGIAS20142CHECK_BT_VALUEI;IAS_GEN_PKG;IAS_GEN_PKGIAS20142GET_FRST_DAYI;IAS_GEN_PKGIAS20142GET_PROMPTIAS;IAS_GEN_PKGIAS20142GET_SYSDATEIA;IAS_GET_ENC_PASS_FNC;IAS_GET_ENC_PASS_FNCIAS20142IAS_GET_ENC_PASS_FNC;IAS_USR_PKG;IAS_USR_PKGIAS20142GET_USR_NMIAS,PRINT,FMX_STRING_EVIDENCE,oracle_forms/deep_catalog/form_field_trigger_catalog.jsonl
ARSR041.fmx,AR,ONEX_AR_WINDOW_API,52,4,1095,1968,IAS_ACTV_PKG;IAS_ACTV_PKGIAS20142CHK_ACTV;IAS_ACTV_PKGIAS20142GET_ACTV_NAMEIAS;IAS_AR_GET_DATA_REP_PKG;IAS_AR_GET_DATA_REP_PKGIAS20142IAS_AR_GET_INC_DATAIA;IAS_AR_GET_DATA_REP_PKGIAS20142IAS_AR_GET_SALES_DATA;IAS_AR_GET_DATA_REP_PKGIAS20142IAS_AR_GET_TR_DATAIAS;IAS_CHECK_SYS_PKG;IAS_CHECK_SYS_PKGIAS20142CHECK_BT_VALUEI;IAS_GEN_PKG;IAS_GEN_PKGIAS20;IAS_GEN_PKGIAS20142GET_CNTIA;IAS_GEN_PKGIAS20142GET_CURDATEIA;IAS_GEN_PKGIAS20142GET_CUR_RATEI;IAS_GEN_PKGIAS20142GET_FLD_VALUE;IAS_GEN_PKGIAS20142GET_FRST_DAYI;IAS_GEN_PKGIAS20142GET_MSGIA;IAS_GEN_PKGIAS20142GET_PROMPTIAS;IAS_GEN_PKGIAS20142GET_SYSDATEIA;IAS_GET_ENC_PASS_FNC;IAS_GET_ENC_PASS_FNCIAS20142IAS_GET_ENC_PASS_FNC;IAS_INV_MNGMNT_PKG;IAS_INV_MNGMNT_PKGIAS20142GET_FIRST_DATE;IAS_ITM_PKG;IAS_ITM_PKGIAS20142GET_ICODE_SIZE_UNITIA;IAS_ITM_PKGIAS20142GET_ICODE_UNT;IAS_PJ_PKG;IAS_PJ_PKGIAS20142GET_PJ_NAMEIAS;IAS_USR_PKG;IAS_USR_PKGIAS20142GET_USR_NMIAS;IAS_VNDR_PKG;IAS_VNDR_PKGIAS20142GET_V_NAMEIA;YS_GEN_PKG,CREATE/SAVE;UPDATE;DELETE/VOID;PRINT,FMX_STRING_EVIDENCE,oracle_forms/deep_catalog/form_field_trigger_catalog.jsonl
ARSR042.fmx,AR,ONEX_AR_WINDOW_API,18,2,463,542,IAS_CHECK_SYS_PKG;IAS_CHECK_SYS_PKGIAS20142CHECK_BT_DATEIA;IAS_CHECK_SYS_PKGIAS20142CHECK_BT_VALUEI;IAS_GEN_PKG;IAS_GEN_PKGIAS20142GET_FLG_NMIAS;IAS_GEN_PKGIAS20142GET_FRST_DAYI;IAS_GEN_PKGIAS20142GET_PROMPTIAS;IAS_GEN_PKGIAS20142GET_SYSDATEIA;IAS_GET_ENC_PASS_FNC;IAS_GET_ENC_PASS_FNCIAS20142IAS_GET_ENC_PASS_FNC;IAS_USR_PKG;IAS_USR_PKGIAS20142GET_USR_NMIAS,PRINT,FMX_STRING_EVIDENCE,oracle_forms/deep_catalog/form_field_trigger_catalog.jsonl
ARSR043.fmx,AR,ONEX_AR_WINDOW_API,16,2,279,329,IAS_CHECK_SYS_PKG;IAS_CHECK_SYS_PKGIAS20142CHECK_BT_DATEIA;IAS_CHECK_SYS_PKGIAS20142CHECK_BT_VALUEI;IAS_GEN_PKG;IAS_GEN_PKGIAS20142GET_FLG_NMIAS;IAS_GEN_PKGIAS20142GET_PROMPTIAS;IAS_GET_ENC_PASS_FNC;IAS_GET_ENC_PASS_FNCIAS20142IAS_GET_ENC_PASS_FNC;IAS_USR_PKG;IAS_USR_PKGIAS20142GET_USR_NMIAS,PRINT,FMX_STRING_EVIDENCE,oracle_forms/deep_catalog/form_field_trigger_catalog.jsonl
ARSR044.fmx,AR,ONEX_AR_WINDOW_API,16,2,272,353,IAS_CHECK_SYS_PKG;IAS_CHECK_SYS_PKGIAS20142CHECK_BT_DATEIA;IAS_CHECK_SYS_PKGIAS20142CHECK_BT_VALUEI;IAS_GEN_PKG;IAS_GEN_PKGIAS20142GET_FLG_NMIAS;IAS_GEN_PKGIAS20142GET_PROMPTIAS;IAS_GET_ENC_PASS_FNC;IAS_GET_ENC_PASS_FNCIAS20142IAS_GET_ENC_PASS_FNC;IAS_USR_PKG;IAS_USR_PKGIAS20142GET_USR_NMIAS,PRINT,FMX_STRING_EVIDENCE,oracle_forms/deep_catalog/form_field_trigger_catalog.jsonl
ARSR045.fmx,AR,ONEX_AR_WINDOW_API,16,2,209,281,IAS_CHECK_SYS_PKG;IAS_CHECK_SYS_PKGIAS20142CHECK_BT_VALUEI;IAS_GEN_PKG;IAS_GEN_PKGIAS20142GET_FRST_DAYI;IAS_GEN_PKGIAS20142GET_PROMPTIAS;IAS_GEN_PKGIAS20142GET_SYSDATEIA;IAS_GET_ENC_PASS_FNC;IAS_GET_ENC_PASS_FNCIAS20142IAS_GET_ENC_PASS_FNC;IAS_USR_PKG;IAS_USR_PKGIAS20142GET_USR_NMIAS,PRINT,FMX_STRING_EVIDENCE,oracle_forms/deep_catalog/form_field_trigger_catalog.jsonl
ARSR046.fmx,AR,ONEX_AR_WINDOW_API,18,2,451,537,IAS_CHECK_SYS_PKG;IAS_CHECK_SYS_PKGIAS20142CHECK_BT_DATEIA;IAS_CHECK_SYS_PKGIAS20142CHECK_BT_VALUEI;IAS_GEN_PKG;IAS_GEN_PKGIAS20142GET_FLG_NMIAS;IAS_GEN_PKGIAS20142GET_FRST_DAYI;IAS_GEN_PKGIAS20142GET_PROMPTIAS;IAS_GEN_PKGIAS20142GET_SYSDATEIA;IAS_GET_ENC_PASS_FNC;IAS_GET_ENC_PASS_FNCIAS20142IAS_GET_ENC_PASS_FNC;IAS_USR_PKG;IAS_USR_PKGIAS20142GET_USR_NMIAS,PRINT,FMX_STRING_EVIDENCE,oracle_forms/deep_catalog/form_field_trigger_catalog.jsonl
ARSS001.fmx,AR,ONEX_AR_WINDOW_API,34,8,426,632,IAS_DBS_SYS_PKG;IAS_DBS_SYS_PKGIAS20142CHECK_OBJECTI;IAS_DBS_SYS_PKGIAS20142GET_CONS_NAME;IAS_GEN_PKG;IAS_GEN_PKGIAS20142GET_CNTIA;IAS_GEN_PKGIAS20142GET_FLD_VALUE;IAS_GET_ENC_PASS_FNC;IAS_GET_ENC_PASS_FNCIAS20142IAS_GET_ENC_PASS_FNC;IAS_USR_PKG;IAS_USR_PKGIAS20142GET_USR_NMIAS;YS_GEN_PKG;YS_GEN_PKGIAS20142CHK_ACTV_SYSTEMYS_,CREATE/SAVE;UPDATE;DELETE/VOID;POST;PRINT,FMX_STRING_EVIDENCE,oracle_forms/deep_catalog/form_field_trigger_catalog.jsonl
ARSS003.fmx,AR,ONEX_AR_WINDOW_API,30,8,129,485,IAS_GET_ENC_PASS_FNC;IAS_GET_ENC_PASS_FNCIAS20142IAS_GET_ENC_PASS_FNC;IAS_USR_PKG;IAS_USR_PKGIAS20142CHK_USR_FRM_PRVIA;IAS_USR_PKGIAS20142GET_USR_APPRV;IAS_USR_PKGIAS20142GET_USR_NMIAS;YS_GEN_PKG;YS_GEN_PKGIAS20142GET_USR_FLD_PRVYS_;YS_SRL_SCR_PKG;YS_SRL_SCR_PKGIAS20142GET_SYS_SQ,CREATE/SAVE;UPDATE;DELETE/VOID;POST;PRINT,FMX_STRING_EVIDENCE,oracle_forms/deep_catalog/form_field_trigger_catalog.jsonl
ARSS004.fmx,AR,ONEX_AR_WINDOW_API,33,8,212,352,IAS_GEN_PKG;IAS_GEN_PKGIAS20142GET_CNTIA;IAS_GEN_PKGIAS20142GET_FLD_VALUE;IAS_GET_ENC_PASS_FNC;IAS_GET_ENC_PASS_FNCIAS20142IAS_GET_ENC_PASS_FNC;IAS_USR_PKG;IAS_USR_PKGIAS20142CHK_USR_FRM_PRVIA;IAS_USR_PKGIAS20142GET_USR_APPRV;IAS_USR_PKGIAS20142GET_USR_NMIAS;YS_GEN_PKG;YS_GEN_PKGIAS20142GET_USR_FLD_PRVYS_,CREATE/SAVE;UPDATE;DELETE/VOID;POST;PRINT,FMX_STRING_EVIDENCE,oracle_forms/deep_catalog/form_field_trigger_catalog.jsonl
ARSS005.fmx,AR,ONEX_AR_WINDOW_API,32,8,324,417,IAS_GEN_PKG;IAS_GEN_PKGIAS20142GET_CNTIA;IAS_GEN_PKGIAS20142GET_FLD_VALUE;IAS_GEN_PKGIAS20142GET_PROMPTIAS;IAS_GET_ENC_PASS_FNC;IAS_GET_ENC_PASS_FNCIAS20142IAS_GET_ENC_PASS_FNC;IAS_USR_PKG;IAS_USR_PKGIAS20142CHK_USR_FRM_PRVIA;IAS_USR_PKGIAS20142GET_USR_APPRV;IAS_USR_PKGIAS20142GET_USR_NMIAS;YS_GEN_PKG;YS_GEN_PKGIAS20142GET_USR_FLD_PRVYS_,CREATE/SAVE;UPDATE;DELETE/VOID;POST;PRINT,FMX_STRING_EVIDENCE,oracle_forms/deep_catalog/form_field_trigger_catalog.jsonl
ARSS006.fmx,AR,ONEX_AR_WINDOW_API,37,8,286,455,IAS_GEN_PKG;IAS_GEN_PKGIAS20142GET_CNTIA;IAS_GEN_PKGIAS20142GET_PROMPTIAS;IAS_GEN_PKGIAS20142GET_USR_NMIAS;IAS_GET_ENC_PASS_FNC;IAS_GET_ENC_PASS_FNCIAS20142IAS_GET_ENC_PASS_FNC;IAS_USR_PKG;IAS_USR_PKGIAS20142CHK_USR_FRM_PRVIA;IAS_USR_PKGIAS20142GET_USR_APPRV;IAS_USR_PKGIAS20142GET_USR_NMIAS;YS_GEN_PKG;YS_GEN_PKGIAS20142GET_USR_FLD_PRVYS_,CREATE/SAVE;UPDATE;DELETE/VOID;POST;PRINT,FMX_STRING_EVIDENCE,oracle_forms/deep_catalog/form_field_trigger_catalog.jsonl
ARSS007.fmx,AR,ONEX_AR_WINDOW_API,35,8,224,361,IAS_GEN_PKG;IAS_GEN_PKGIAS20142GET_CNTIA;IAS_GET_ENC_PASS_FNC;IAS_GET_ENC_PASS_FNCIAS20142IAS_GET_ENC_PASS_FNC;IAS_USR_PKG;IAS_USR_PKGIAS20142CHK_USR_FRM_PRVIA;IAS_USR_PKGIAS20142GET_USR_APPRV;IAS_USR_PKGIAS20142GET_USR_NMIAS;YS_GEN_PKG;YS_GEN_PKGIAS20142GET_USR_FLD_PRVYS_,CREATE/SAVE;UPDATE;DELETE/VOID;POST;PRINT,FMX_STRING_EVIDENCE,oracle_forms/deep_catalog/form_field_trigger_catalog.jsonl
ARSS008.fmx,AR,ONEX_AR_WINDOW_API,35,8,204,363,IAS_GEN_PKG;IAS_GEN_PKGIAS20142GET_CNTIA;IAS_GET_ENC_PASS_FNC;IAS_GET_ENC_PASS_FNCIAS20142IAS_GET_ENC_PASS_FNC;IAS_USR_PKG;IAS_USR_PKGIAS20142CHK_USR_FRM_PRVIA;IAS_USR_PKGIAS20142GET_USR_APPRV;IAS_USR_PKGIAS20142GET_USR_NMIAS;YS_GEN_PKG;YS_GEN_PKGIAS20142GET_USR_FLD_PRVYS_,CREATE/SAVE;UPDATE;DELETE/VOID;POST;PRINT,FMX_STRING_EVIDENCE,oracle_forms/deep_catalog/form_field_trigger_catalog.jsonl
ARSS009.fmx,AR,ONEX_AR_WINDOW_API,37,8,322,401,IAS_ACODE_PKG;IAS_ACODE_PKGIAS20142GET_A_NAMEI;IAS_CSHBNK_PKG;IAS_CSHBNK_PKGIAS20142CHK_AC_CSH_BNK;IAS_GEN_PKG;IAS_GEN_PKGIAS20142GET_CNTIA;IAS_GEN_PKGIAS20142GET_PROMPTIAS;IAS_GET_ENC_PASS_FNC;IAS_GET_ENC_PASS_FNCIAS20142IAS_GET_ENC_PASS_FNC;IAS_USR_PKG;IAS_USR_PKGIAS20142CHK_USR_FRM_PRVIA;IAS_USR_PKGIAS20142GET_USR_APPRV;IAS_USR_PKGIAS20142GET_USR_NMIAS;YS_GEN_PKG;YS_GEN_PKGIAS20142GET_USR_FLD_PRVYS_,CREATE/SAVE;UPDATE;DELETE/VOID;POST;PRINT,FMX_STRING_EVIDENCE,oracle_forms/deep_catalog/form_field_trigger_catalog.jsonl
ARSS010.fmx,AR,ONEX_AR_WINDOW_API,43,8,343,551,IAS_CHECK_SYS_PKG;IAS_CHECK_SYS_PKGIAS20142CHECK_BT_DATEIA;IAS_CHECK_SYS_PKGIAS20142CHECK_BT_VALUEI;IAS_GEN_PKG;IAS_GEN_PKGIAS20142GET_CNTIA;IAS_GEN_PKGIAS20142GET_FINAL_DAY;IAS_GEN_PKGIAS20142GET_FRST_DAYI;IAS_GEN_PKGIAS20142GET_PROMPTIAS;IAS_GET_ENC_PASS_FNC;IAS_GET_ENC_PASS_FNCIAS20142IAS_GET_ENC_PASS_FNC;IAS_ITM_PKG;IAS_ITM_PKGIAS20142CHK_ICODE_UNITIAS;IAS_ITM_PKGIAS20142GET_ICODE_ONE_UNITIAS;IAS_ITM_PKGIAS20142GET_ICODE_SALES_UNITI;IAS_ITM_PKGIAS20142GET_ICODE_UNIT_BY_LVL;IAS_USR_PKG;IAS_USR_PKGIAS20142CHK_USR_FRM_PRVIA;IAS_USR_PKGIAS20142GET_USR_APPRV;IAS_USR_PKGIAS20142GET_USR_NMIAS;YS_GEN_PKG;YS_GEN_PKGIAS20142GET_USR_FLD_PRVYS_,CREATE/SAVE;UPDATE;DELETE/VOID;POST;PRINT,FMX_STRING_EVIDENCE,oracle_forms/deep_catalog/form_field_trigger_catalog.jsonl
ARSS011.fmx,AR,ONEX_AR_WINDOW_API,33,8,234,371,IAS_GEN_PKG;IAS_GEN_PKGIAS20142GET_CNTIA;IAS_GEN_PKGIAS20142GET_FLD_VALUE;IAS_GET_ENC_PASS_FNC;IAS_GET_ENC_PASS_FNCIAS20142IAS_GET_ENC_PASS_FNC;IAS_USR_PKG;IAS_USR_PKGIAS20142CHK_USR_FRM_PRVIA;IAS_USR_PKGIAS20142GET_USR_APPRV;IAS_USR_PKGIAS20142GET_USR_NMIAS;YS_GEN_PKG;YS_GEN_PKGIAS20142GET_USR_FLD_PRVYS_,CREATE/SAVE;UPDATE;DELETE/VOID;POST;PRINT,FMX_STRING_EVIDENCE,oracle_forms/deep_catalog/form_field_trigger_catalog.jsonl
ARSS012.fmx,AR,ONEX_AR_WINDOW_API,49,8,948,995,IAS_BRN_PKG;IAS_BRN_PKGIAS20142GET_BR_NM;IAS_CHECK_SYS_PKG;IAS_CHECK_SYS_PKGIAS20142CHECK_BT_DATEIA;IAS_CHECK_SYS_PKGIAS20142CHECK_BT_VALUEI;IAS_GEN_PKG;IAS_GEN_PKGIAS20142GET_CNTIA;IAS_GEN_PKGIAS20142GET_CUR_RATEI;IAS_GEN_PKGIAS20142GET_LOCAL_CUR;IAS_GEN_PKGIAS20142GET_PROMPTIAS;IAS_GEN_PKGIAS20142GET_USR_NMIAS;IAS_GET_ENC_PASS_FNC;IAS_GET_ENC_PASS_FNCIAS20142IAS_GET_ENC_PASS_FNC;IAS_ITM_PKG;IAS_ITM_PKGIAS20142CHK_ICODE_UNITIAS;IAS_ITM_PKGIAS20142GET_GRAND_WTAVGIA;IAS_ITM_PKGIAS20142GET_ICODE_ONE_UNITIAS;IAS_ITM_PKGIAS20142GET_ICODE_SALES_UNITI;IAS_ITM_PKGIAS20142GET_ICODE_SIZE_UNITIA;IAS_ITM_PKGIAS20142GET_ICODE_UNIT_BY_LVL;IAS_USR_PKG;IAS_USR_PKGIAS20142CHK_USR_FRM_PRVIA;IAS_USR_PKGIAS20142GET_USR_APPRV;IAS_USR_PKGIAS20142GET_USR_NMIAS;YS_GEN_PKG;YS_GEN_PKGIAS20142GET_USR_FLD_PRVYS_,CREATE/SAVE;UPDATE;DELETE/VOID;POST;PRINT,FMX_STRING_EVIDENCE,oracle_forms/deep_catalog/form_field_trigger_catalog.jsonl
ARSS013.fmx,AR,ONEX_AR_WINDOW_API,45,8,410,705,IAS_BRN_PKG;IAS_BRN_PKGIAS20142GET_BR_NM;IAS_CHECK_SYS_PKG;IAS_CHECK_SYS_PKGIAS20142CHECK_BT_DATEIA;IAS_CHECK_SYS_PKGIAS20142CHECK_BT_VALUEI;IAS_GEN_PKG;IAS_GEN_PKGIAS20142GET_PROMPTIAS;IAS_GEN_PKGIAS20142GET_USR_NMIAS;IAS_GET_ENC_PASS_FNC;IAS_GET_ENC_PASS_FNCIAS20142IAS_GET_ENC_PASS_FNC;IAS_ITM_PKG;IAS_ITM_PKGIAS20142CHK_ICODE_UNITIAS;IAS_ITM_PKGIAS20142GET_ICODE_ONE_UNITIAS;IAS_ITM_PKGIAS20142GET_ICODE_SALES_UNITI;IAS_ITM_PKGIAS20142GET_ICODE_SIZE_UNITIA;IAS_ITM_PKGIAS20142GET_ICODE_UNIT_BY_LVL;IAS_USR_PKG;IAS_USR_PKGIAS20142CHK_USR_FRM_PRVIA;IAS_USR_PKGIAS20142GET_USR_APPRV;IAS_USR_PKGIAS20142GET_USR_NMIAS;YS_GEN_PKG;YS_GEN_PKGIAS20142GET_USR_FLD_PRVYS_,CREATE/SAVE;UPDATE;DELETE/VOID;POST;PRINT,FMX_STRING_EVIDENCE,oracle_forms/deep_catalog/form_field_trigger_catalog.jsonl
ARSS014.fmx,AR,ONEX_AR_WINDOW_API,39,8,334,475,IAS_CHECK_SYS_PKG;IAS_CHECK_SYS_PKGIAS20142CHECK_BT_VALUEI;IAS_CST_PKG;IAS_CST_PKGIAS20142GET_C_NAMEIAS;IAS_GEN_PKG;IAS_GEN_PKGIAS20142GET_PROMPTIAS;IAS_GET_ENC_PASS_FNC;IAS_GET_ENC_PASS_FNCIAS20142IAS_GET_ENC_PASS_FNC;IAS_USR_PKG;IAS_USR_PKGIAS20142CHK_USR_FRM_PRVIA;IAS_USR_PKGIAS20142GET_USR_APPRV;IAS_USR_PKGIAS20142GET_USR_NMIAS;YS_GEN_PKG;YS_GEN_PKGIAS20142GET_USR_FLD_PRVYS_;YS_SRL_SCR_PKG;YS_SRL_SCR_PKGIAS20142GET_SYS_SQ,CREATE/SAVE;UPDATE;DELETE/VOID;POST;PRINT,FMX_STRING_EVIDENCE,oracle_forms/deep_catalog/form_field_trigger_catalog.jsonl
ARSS015.fmx,AR,ONEX_AR_WINDOW_API,33,8,147,363,IAS_GEN_PKG;IAS_GEN_PKGIAS20142GET_CNTIA;IAS_GET_ENC_PASS_FNC;IAS_GET_ENC_PASS_FNCIAS20142IAS_GET_ENC_PASS_FNC;IAS_USR_PKG;IAS_USR_PKGIAS20142CHK_USR_FRM_PRVIA;IAS_USR_PKGIAS20142GET_USR_APPRV;IAS_USR_PKGIAS20142GET_USR_NMIAS;YS_GEN_PKG;YS_GEN_PKGIAS20142CHK_LOCK_RCRDY;YS_GEN_PKGIAS20142GET_USR_FLD_PRVYS_,CREATE/SAVE;UPDATE;DELETE/VOID;POST;PRINT,FMX_STRING_EVIDENCE,oracle_forms/deep_catalog/form_field_trigger_catalog.jsonl
ARSS016.fmx,AR,ONEX_AR_WINDOW_API,34,8,220,346,IAS_GEN_PKG;IAS_GEN_PKGIAS20142GET_CNTIA;IAS_GEN_PKGIAS20142GET_CURDATEIA;IAS_GEN_PKGIAS20142GET_FLD_VALUE;IAS_GET_ENC_PASS_FNC;IAS_GET_ENC_PASS_FNCIAS20142IAS_GET_ENC_PASS_FNC;IAS_USR_PKG;IAS_USR_PKGIAS20142CHK_USR_FRM_PRVIA;IAS_USR_PKGIAS20142GET_USR_APPRV;IAS_USR_PKGIAS20142GET_USR_NMIAS;YS_GEN_PKG;YS_GEN_PKGIAS20142GET_USR_FLD_PRVYS_,CREATE/SAVE;UPDATE;DELETE/VOID;POST;PRINT,FMX_STRING_EVIDENCE,oracle_forms/deep_catalog/form_field_trigger_catalog.jsonl
ARSS017.fmx,AR,ONEX_AR_WINDOW_API,33,8,216,366,IAS_GEN_PKG;IAS_GEN_PKGIAS20142GET_CNTIA;IAS_GET_ENC_PASS_FNC;IAS_GET_ENC_PASS_FNCIAS20142IAS_GET_ENC_PASS_FNC;IAS_USR_PKG;IAS_USR_PKGIAS20142CHK_USR_FRM_PRVIA;IAS_USR_PKGIAS20142GET_USR_APPRV;IAS_USR_PKGIAS20142GET_USR_NMIAS;YS_GEN_PKG;YS_GEN_PKGIAS20142GET_USR_FLD_PRVYS_,CREATE/SAVE;UPDATE;DELETE/VOID;POST;PRINT,FMX_STRING_EVIDENCE,oracle_forms/deep_catalog/form_field_trigger_catalog.jsonl
ARSS018.fmx,AR,ONEX_AR_WINDOW_API,48,8,729,923,IAS_BRN_PKG;IAS_BRN_PKGIAS20142GET_BR_NM;IAS_CHECK_SYS_PKG;IAS_CHECK_SYS_PKGIAS20142CHECK_BT_DATEIA;IAS_CHECK_SYS_PKGIAS20142CHECK_BT_VALUEI;IAS_GEN_PKG;IAS_GEN_PKGIAS20142GET_CNTIA;IAS_GEN_PKGIAS20142GET_CUR_RATEI;IAS_GEN_PKGIAS20142GET_LOCAL_CUR;IAS_GEN_PKGIAS20142GET_PROMPTIAS;IAS_GET_ENC_PASS_FNC;IAS_GET_ENC_PASS_FNCIAS20142IAS_GET_ENC_PASS_FNC;IAS_ITM_PKG;IAS_ITM_PKGIAS20142CHK_ICODE_UNITIAS;IAS_ITM_PKGIAS20142GET_GRAND_WTAVGIA;IAS_ITM_PKGIAS20142GET_ICODE_ONE_UNITIAS;IAS_ITM_PKGIAS20142GET_ICODE_SALES_UNITI;IAS_ITM_PKGIAS20142GET_ICODE_SIZE_UNITIA;IAS_ITM_PKGIAS20142GET_ICODE_UNIT_BY_LVL;IAS_USR_PKG;IAS_USR_PKGIAS20142CHK_USR_FRM_PRVIA;IAS_USR_PKGIAS20142GET_USR_APPRV;IAS_USR_PKGIAS20142GET_USR_NMIAS;YS_GEN_PKG;YS_GEN_PKGIAS20142GET_USR_FLD_PRVYS_,CREATE/SAVE;UPDATE;DELETE/VOID;POST;PRINT,FMX_STRING_EVIDENCE,oracle_forms/deep_catalog/form_field_trigger_catalog.jsonl
ARSS020.fmx,AR,ONEX_AR_WINDOW_API,35,8,310,408,IAS_ACODE_PKG;IAS_ACODE_PKGIAS20142GET_A_NAMEI;IAS_GEN_PKG;IAS_GEN_PKGIAS20142GET_CNTIA;IAS_GEN_PKGIAS20142GET_CURDATEIA;IAS_GET_ENC_PASS_FNC;IAS_GET_ENC_PASS_FNCIAS20142IAS_GET_ENC_PASS_FNC;IAS_USR_PKG;IAS_USR_PKGIAS20142CHK_USR_FRM_PRVIA;IAS_USR_PKGIAS20142GET_USR_APPRV;IAS_USR_PKGIAS20142GET_USR_NMIAS;YS_GEN_PKG;YS_GEN_PKGIAS20142GET_USR_FLD_PRVYS_,CREATE/SAVE;UPDATE;DELETE/VOID;POST;PRINT,FMX_STRING_EVIDENCE,oracle_forms/deep_catalog/form_field_trigger_catalog.jsonl
ARSS021.fmx,AR,ONEX_AR_WINDOW_API,34,8,308,407,IAS_CHECK_SYS_PKG;IAS_CHECK_SYS_PKGIAS20142CHECK_BT_VALUEI;IAS_GEN_PKG;IAS_GEN_PKGIAS20142GET_CNTIA;IAS_GEN_PKGIAS20142GET_CURDATEIA;IAS_GEN_PKGIAS20142GET_MSGIA;IAS_GET_ENC_PASS_FNC;IAS_GET_ENC_PASS_FNCIAS20142IAS_GET_ENC_PASS_FNC;IAS_USR_PKG;IAS_USR_PKGIAS20142CHK_USR_FRM_PRVIA;IAS_USR_PKGIAS20142GET_USR_APPRV;IAS_USR_PKGIAS20142GET_USR_NMIAS;YS_GEN_PKG;YS_GEN_PKGIAS20142GET_USR_FLD_PRVYS_,CREATE/SAVE;UPDATE;DELETE/VOID;POST;PRINT,FMX_STRING_EVIDENCE,oracle_forms/deep_catalog/form_field_trigger_catalog.jsonl
ARSS022.fmx,AR,ONEX_AR_WINDOW_API,35,8,303,362,IAS_GEN_PKG;IAS_GEN_PKGIAS20142GET_CNTIA;IAS_GET_ENC_PASS_FNC;IAS_GET_ENC_PASS_FNCIAS20142IAS_GET_ENC_PASS_FNC;IAS_USR_PKG;IAS_USR_PKGIAS20142CHK_USR_FRM_PRVIA;IAS_USR_PKGIAS20142GET_USR_APPRV;IAS_USR_PKGIAS20142GET_USR_NMIAS;YS_GEN_PKG;YS_GEN_PKGIAS20142GET_USR_FLD_PRVYS_,CREATE/SAVE;UPDATE;DELETE/VOID;POST;PRINT,FMX_STRING_EVIDENCE,oracle_forms/deep_catalog/form_field_trigger_catalog.jsonl
ARSS024.fmx,AR,ONEX_AR_WINDOW_API,33,8,252,370,IAS_GEN_PKG;IAS_GEN_PKGIAS20142GET_CNTIA;IAS_GET_ENC_PASS_FNC;IAS_GET_ENC_PASS_FNCIAS20142IAS_GET_ENC_PASS_FNC;IAS_USR_PKG;IAS_USR_PKGIAS20142CHK_USR_FRM_PRVIA;IAS_USR_PKGIAS20142GET_USR_APPRV;IAS_USR_PKGIAS20142GET_USR_NMIAS;YS_GEN_PKG;YS_GEN_PKGIAS20142GET_USR_FLD_PRVYS_,CREATE/SAVE;UPDATE;DELETE/VOID;POST;PRINT,FMX_STRING_EVIDENCE,oracle_forms/deep_catalog/form_field_trigger_catalog.jsonl
ARSS025.fmx,AR,ONEX_AR_WINDOW_API,32,8,160,357,IAS_GEN_PKG;IAS_GEN_PKGIAS20142GET_CNTIA;IAS_GET_ENC_PASS_FNC;IAS_GET_ENC_PASS_FNCIAS20142IAS_GET_ENC_PASS_FNC;IAS_USR_PKG;IAS_USR_PKGIAS20142CHK_USR_FRM_PRVIA;IAS_USR_PKGIAS20142GET_USR_APPRV;IAS_USR_PKGIAS20142GET_USR_NMIAS;YS_GEN_PKG;YS_GEN_PKGIAS20142GET_USR_FLD_PRVYS_,CREATE/SAVE;UPDATE;DELETE/VOID;POST;PRINT,FMX_STRING_EVIDENCE,oracle_forms/deep_catalog/form_field_trigger_catalog.jsonl
ARSS026.fmx,AR,ONEX_AR_WINDOW_API,31,8,229,363,IAS_GEN_PKG;IAS_GEN_PKGIAS20142GET_CNTIA;IAS_GEN_PKGIAS20142GET_FRM_PRVIA;IAS_GET_ENC_PASS_FNC;IAS_GET_ENC_PASS_FNCIAS20142IAS_GET_ENC_PASS_FNC;IAS_USR_PKG;IAS_USR_PKGIAS20142GET_USR_NMIAS;YS_GEN_PKG;YS_GEN_PKGIAS20142GET_USR_FLD_PRVYS_,CREATE/SAVE;UPDATE;DELETE/VOID;POST;PRINT,FMX_STRING_EVIDENCE,oracle_forms/deep_catalog/form_field_trigger_catalog.jsonl
ARST001.fmx,AR,ONEX_AR_WINDOW_API,68,8,963,1424,IAS_AUDIT_OTHR_PKG;IAS_AUDIT_OTHR_PKGIAS20142AUDIT_OTHR_PRC;IAS_AUD_SYS_PKG;IAS_AUD_SYS_PKGIAS20142ADD_DOC_DELIA;IAS_CHECK_SYS_PKG;IAS_CHECK_SYS_PKGIAS20142CHECK_BT_DATEIA;IAS_CHECK_SYS_PKGIAS20142CHECK_BT_VALUEI;IAS_GEN_PKG;IAS_GEN_PKGIAS20142GET_CNTIA;IAS_GEN_PKGIAS20142GET_CURDATEIA;IAS_GEN_PKGIAS20142GET_CUR_RATEI;IAS_GEN_PKGIAS20142GET_DELETE_DOC_PERIOD;IAS_GEN_PKGIAS20142GET_FLG_NMIAS;IAS_GEN_PKGIAS20142GET_HIGH_PRICEIAS;IAS_GEN_PKGIAS20142GET_ITM_PRICE_DOCACYI;IAS_GEN_PKGIAS20142GET_LEV_PRVIA;IAS_GEN_PKGIAS20142GET_LOW_PRICE;IAS_GEN_PKGIAS20142GET_MSGIA;IAS_GEN_PKGIAS20142GET_PROMPTIAS;IAS_GEN_PKGIAS20142GET_SYSDATEIA;IAS_GEN_PKGIAS20142GET_UPDATE_DOC_PERIOD;IAS_GET_DOC_DEL_FNC;IAS_GET_ENC_PASS_FNC;IAS_GET_ENC_PASS_FNCIAS20142IAS_GET_ENC_PASS_FNC;IAS_ITM_PKG;IAS_ITM_PKGIAS20142CHK_ICODE_UNITIAS;IAS_ITM_PKGIAS20142GET_GRAND_WTAVGIA;IAS_ITM_PKGIAS20142GET_ICODE_ONE_UNITIAS;IAS_ITM_PKGIAS20142GET_ICODE_SALES_UNITI;IAS_ITM_PKGIAS20142GET_ICODE_SIZE_UNITIA;IAS_ITM_PKGIAS20142GET_ICODE_UNIT_BY_LVL;IAS_ITM_PKGIAS20142GET_ICODE_VNDRIAS;IAS_ITM_PKGIAS20142GET_I_CODEIAS;IAS_USR_PKG;IAS_USR_PKGIAS20142CHK_USR_FRM_PRVIA;IAS_USR_PKGIAS20142GET_USR_APPRV;IAS_USR_PKGIAS20142GET_USR_NMIAS;IAS_WCODE_PKG;IAS_WCODE_PKGIAS20142CHK_WC_BRNI;IAS_WCODE_PKGIAS20142GET_WC_NMIA,CREATE/SAVE;UPDATE;DELETE/VOID;POST;PRINT,FMX_STRING_EVIDENCE,oracle_forms/deep_catalog/form_field_trigger_catalog.jsonl
ARST002.fmx,AR,ONEX_AR_WINDOW_API,99,8,1167,1674,IAS_ACTV_PKG;IAS_ACTV_PKGIAS20142CHK_ACTV;IAS_ATTACH_ITM_PKG;IAS_ATTACH_ITM_PKGIAS20142GET_ATTACH_ICODE_AVLQTYIAS;IAS_ATTACH_ITM_PKGIAS20142GET_ATTACH_NAMEIAS;IAS_AUDIT_OTHR_PKG;IAS_AUDIT_OTHR_PKGIAS20142AUDIT_OTHR_PRC;IAS_AUD_SYS_PKG;IAS_AUD_SYS_PKGIAS20142ADD_DOC_DELIA;IAS_CHECK_SYS_PKG;IAS_CHECK_SYS_PKGIAS20142CHECK_AC_CC;IAS_CHECK_SYS_PKGIAS20142CHECK_USE_CCIAS;IAS_CST_PKG;IAS_CST_PKGIAS20142GET_ACODE;IAS_CST_PKGIAS20142GET_C_NAMEIAS;IAS_GEN_PKG;IAS_GEN_PKGIAS20142GET_CNTIA;IAS_GEN_PKGIAS20142GET_CURDATEIA;IAS_GEN_PKGIAS20142GET_CUR_RATEI;IAS_GEN_PKGIAS20142GET_DELETE_DOC_PERIOD;IAS_GEN_PKGIAS20142GET_FLD_VALUE;IAS_GEN_PKGIAS20142GET_HIGH_PRICEIAS;IAS_GEN_PKGIAS20142GET_ITM_PRICE_DOCACYI;IAS_GEN_PKGIAS20142GET_LEV_DFLT_PRVI;IAS_GEN_PKGIAS20142GET_LEV_PRVIA;IAS_GEN_PKGIAS20142GET_LOW_PRICE;IAS_GEN_PKGIAS20142GET_MSGIA;IAS_GEN_PKGIAS20142GET_PROMPTIAS;IAS_GEN_PKGIAS20142GET_SYSDATEIA;IAS_GEN_PKGIAS20142GET_UPDATE_DOC_PERIOD;IAS_GET_DOC_DEL_FNC;IAS_GET_ENC_PASS_FNC;IAS_GET_ENC_PASS_FNCIAS20142IAS_GET_ENC_PASS_FNC;IAS_GET_SALESDISC_PRC;IAS_GET_SALESDISC_PRCIAS20142IAS_GET_SALESDISC_PRCIA;IAS_ITM_PKG;IAS_ITM_PKGIAS20142CHK_ICODE_UNITIAS;IAS_ITM_PKGIAS20142GET_GRAND_WTAVGIA;IAS_ITM_PKGIAS20142GET_ICODE_ONE_UNITIAS;IAS_ITM_PKGIAS20142GET_ICODE_SALES_UNITI,CREATE/SAVE;UPDATE;DELETE/VOID;POST;PRINT,FMX_STRING_EVIDENCE,oracle_forms/deep_catalog/form_field_trigger_catalog.jsonl
ARST002_TO_CHEK.fmx,AR,ONEX_AR_WINDOW_API,85,8,918,1338,IAS_ACTV_PKG;IAS_ACTV_PKGIAS20142CHK_ACTV;IAS_ATTACH_ITM_PKG;IAS_ATTACH_ITM_PKGIAS20142GET_ATTACH_ICODE_AVLQTYIAS;IAS_ATTACH_ITM_PKGIAS20142GET_ATTACH_NAMEIAS;IAS_AUDIT_OTHR_PKG;IAS_AUDIT_OTHR_PKGIAS20142AUDIT_OTHR_PRC;IAS_AUD_SYS_PKG;IAS_AUD_SYS_PKGIAS20142ADD_DOC_DELIA;IAS_CHECK_SYS_PKG;IAS_CHECK_SYS_PKGIAS20142CHECK_AC_CC;IAS_CHECK_SYS_PKGIAS20142CHECK_USE_CCIAS;IAS_CST_PKG;IAS_CST_PKGIAS20142GET_ACODE;IAS_CST_PKGIAS20142GET_C_NAMEIAS;IAS_GEN_PKG;IAS_GEN_PKGIAS20142GET_CURDATEIA;IAS_GEN_PKGIAS20142GET_CUR_RATEI;IAS_GEN_PKGIAS20142GET_DELETE_DOC_PERIOD;IAS_GEN_PKGIAS20142GET_FLD_VALUE;IAS_GEN_PKGIAS20142GET_HIGH_PRICEIAS;IAS_GEN_PKGIAS20142GET_ITM_PRICE_DOCACYI;IAS_GEN_PKGIAS20142GET_LEV_DFLT_PRVI;IAS_GEN_PKGIAS20142GET_LEV_PRVIA;IAS_GEN_PKGIAS20142GET_LOW_PRICE;IAS_GEN_PKGIAS20142GET_MSGIA;IAS_GEN_PKGIAS20142GET_PROMPTIAS;IAS_GEN_PKGIAS20142GET_SYSDATEIA;IAS_GEN_PKGIAS20142GET_UPDATE_DOC_PERIOD;IAS_GET_DOC_DEL_FNC;IAS_GET_ENC_PASS_FNC;IAS_GET_ENC_PASS_FNCIAS20142IAS_GET_ENC_PASS_FNC;IAS_GET_SALESDISC_PRC;IAS_GET_SALESDISC_PRCIAS20142IAS_GET_SALESDISC_PRCIA;IAS_ITM_PKG;IAS_ITM_PKGIAS20142CHK_ICODE_UNITIAS;IAS_ITM_PKGIAS20142GET_GRAND_WTAVGIA;IAS_ITM_PKGIAS20142GET_ICODE_ONE_UNITIAS;IAS_ITM_PKGIAS20142GET_ICODE_SALES_UNITI;IAS_ITM_PKGIAS20142GET_ICODE_SIZE_UNITIA,CREATE/SAVE;UPDATE;DELETE/VOID;POST;PRINT,FMX_STRING_EVIDENCE,oracle_forms/deep_catalog/form_field_trigger_catalog.jsonl
ARST003.fmx,AR,ONEX_AR_WINDOW_API,121,7,1586,2158,IAS_ACTV_PKG;IAS_ACTV_PKGIAS20142CHK_ACTV;IAS_ATTACH_ITM_PKG;IAS_ATTACH_ITM_PKGIAS20142GET_ATTACH_ICODE_AVLQTYIAS;IAS_ATTACH_ITM_PKGIAS20142GET_ATTACH_NAMEIAS;IAS_ATTACH_ITM_PKGIAS20142IAS_GET_ICODE_ATTCH_RSRV_QTYIA;IAS_AUDIT_OTHR_PKG;IAS_AUDIT_OTHR_PKGIAS20142AUDIT_OTHR_PRC;IAS_AUD_SYS_PKG;IAS_AUD_SYS_PKGIAS20142ADD_DOC_DELIA;IAS_CHECK_SYS_PKG;IAS_CHECK_SYS_PKGIAS20142CHECK_AC_ACY_INCTVI;IAS_CHECK_SYS_PKGIAS20142CHECK_AC_CC;IAS_CHECK_SYS_PKGIAS20142CHECK_USE_CCIAS;IAS_CHECK_SYS_PKGIAS20142CHECK_USE_PJIAS;IAS_CST_PKG;IAS_CST_PKGIAS20142GET_ACODE;IAS_CST_PKGIAS20142GET_CREDIT_LMTIAS;IAS_CST_PKGIAS20142GET_C_NAMEIAS;IAS_GEN_PKG;IAS_GEN_PKGIAS20142GET_CNTIA;IAS_GEN_PKGIAS20142GET_CURDATEIA;IAS_GEN_PKGIAS20142GET_CUR_RATEI;IAS_GEN_PKGIAS20142GET_DELETE_DOC_PERIOD;IAS_GEN_PKGIAS20142GET_FLD_VALUE;IAS_GEN_PKGIAS20142GET_FRM_PRVIA;IAS_GEN_PKGIAS20142GET_FRST_DAYI;IAS_GEN_PKGIAS20142GET_HIGH_PRICEIAS;IAS_GEN_PKGIAS20142GET_ITM_PRICE_DOCACYI;IAS_GEN_PKGIAS20142GET_LEV_DFLT_PRVI;IAS_GEN_PKGIAS20142GET_LEV_PRVIA;IAS_GEN_PKGIAS20142GET_LOW_PRICE;IAS_GEN_PKGIAS20142GET_MSGIA;IAS_GEN_PKGIAS20142GET_PROMPTIAS;IAS_GEN_PKGIAS20142GET_SYSDATEIA;IAS_GEN_PKGIAS20142GET_UPDATE_DOC_PERIOD;IAS_GEN_PKGIAS20142GET_USR_NMIAS;IAS_GET_DOC_DEL_FNC;IAS_GET_ENC_PASS_FNC;IAS_GET_ENC_PASS_FNCIAS20142IAS_GET_ENC_PASS_FNC,CREATE/SAVE;UPDATE;DELETE/VOID;POST;PRINT,FMX_STRING_EVIDENCE,oracle_forms/deep_catalog/form_field_trigger_catalog.jsonl
ARST004.fmx,AR,ONEX_AR_WINDOW_API,197,8,2641,3748,IAS_ACTV_PKG;IAS_ACTV_PKGIAS20142CHK_ACTV;IAS_ACTV_PKGIAS20142GET_ACTV_NAMEIAS;IAS_ATTACH_ITM_PKG;IAS_ATTACH_ITM_PKGIAS20142GET_ATTACH_ICODE_AVLQTYIAS;IAS_ATTACH_ITM_PKGIAS20142GET_ATTACH_ICODE_OUTIA;IAS_ATTACH_ITM_PKGIAS20142GET_ATTACH_NAMEIAS;IAS_ATTACH_ITM_PKGIAS20142IAS_GET_ICODE_ATTCH_RSRV_QTYIA;IAS_AUDIT_PKG;IAS_AUDIT_PKGIAS20142AUDIT_PRCIA;IAS_AUD_SYS_PKG;IAS_AUD_SYS_PKGIAS20142ADD_DOC_DELIA;IAS_BRN_PKG;IAS_BRN_PKGIAS20142GET_BR_CMPIAS;IAS_BRN_PKGIAS20142GET_CST_BRN_CONNI;IAS_CC_CODE_PKG;IAS_CC_CODE_PKGIAS20142CHECK_CC_PJIA;IAS_CC_CODE_PKGIAS20142CHECK_USE_PJI;IAS_CC_CODE_PKGIAS20142GET_CC_NO;IAS_CC_CODE_PKGIAS20142GET_CC_SERIAS;IAS_CHECK_SYS_PKG;IAS_CHECK_SYS_PKGIAS20142CHECK_AC_ACY_INCTVI;IAS_CHECK_SYS_PKGIAS20142CHECK_AC_CC;IAS_CHECK_SYS_PKGIAS20142CHECK_CUR_RATEI;IAS_CHECK_SYS_PKGIAS20142CHECK_INV_CLOSE;IAS_CHECK_SYS_PKGIAS20142CHECK_USE_CCIAS;IAS_CHECK_SYS_PKGIAS20142CHECK_USE_PJIAS;IAS_CHK_LGHT_BRN_FNC;IAS_CSHBNK_PKG;IAS_CSHBNK_PKGIAS20142CHK_CB_BRN;IAS_CSHBNK_PKGIAS20142GET_A_CODE;IAS_CST_PKG;IAS_CST_PKGIAS20142GET_ACODE;IAS_CST_PKGIAS20142GET_CREDIT_LMTIAS;IAS_CST_PKGIAS20142GET_C_NAMEIAS;IAS_DBS_SYS_PKG;IAS_DBS_SYS_PKGIAS20142CHECK_OBJECTI;IAS_DSTR_CST_DR_PKG;IAS_DSTR_CST_DR_PKGIAS20142IAS_DSTR_CST_DR_AMT_ACY_PRCIA;IAS_DSTR_CST_DR_PKGIAS20142IAS_DSTR_CST_DR_AMT_PRCIA,CREATE/SAVE;UPDATE;DELETE/VOID;POST;PRINT,FMX_STRING_EVIDENCE,oracle_forms/deep_catalog/form_field_trigger_catalog.jsonl
ARST005.fmx,AR,ONEX_AR_WINDOW_API,81,8,902,1191,IAS_ATTACH_ITM_PKG;IAS_ATTACH_ITM_PKGIAS20142GET_ATTACH_ICODE_AVLQTYIAS;IAS_ATTACH_ITM_PKGIAS20142GET_ATTACH_ICODE_OUTIA;IAS_ATTACH_ITM_PKGIAS20142GET_ATTACH_NAMEIAS;IAS_AUDIT_PKG;IAS_AUDIT_PKGIAS20142AUDIT_PRCIA;IAS_AUD_SYS_PKG;IAS_AUD_SYS_PKGIAS20142ADD_DOC_DELIA;IAS_CC_CODE_PKG;IAS_CC_CODE_PKGIAS20142GET_CC_NO;IAS_CC_CODE_PKGIAS20142GET_CC_SERIAS;IAS_CHECK_SYS_PKG;IAS_CHECK_SYS_PKGIAS20142CHECK_INV_CLOSE;IAS_CST_PKG;IAS_CST_PKGIAS20142GET_ACODE;IAS_GEN_PKG;IAS_GEN_PKGIAS20142GET_CNTIA;IAS_GEN_PKGIAS20142GET_CURDATEIA;IAS_GEN_PKGIAS20142GET_FLD_VALUE;IAS_GEN_PKGIAS20142GET_MSGIA;IAS_GEN_PKGIAS20142GET_PROMPTIAS;IAS_GEN_PKGIAS20142GET_SYSDATEIA;IAS_GEN_PKGIAS20142GET_UPDATE_DOC_PERIOD;IAS_GEN_PKGIAS20142GET_USR_NMIAS;IAS_GET_DOC_DEL_FNC;IAS_GET_ENC_PASS_FNC;IAS_GET_ENC_PASS_FNCIAS20142IAS_GET_ENC_PASS_FNC;IAS_ITM_INV_PKG;IAS_ITM_INV_PKGIAS20142GET_ITM_COSTI;IAS_ITM_INV_PKGIAS20142INSRT_SALE_COSTIA;IAS_ITM_PKG;IAS_ITM_PKGIAS20142GET_GRAND_WTAVGIA;IAS_POST_IN_SAV_PKG;IAS_POST_IN_SAV_PKGIAS20142DELETE_PREV_POSTI;IAS_POST_IN_SAV_PKGIAS20142POST_DOC_IN_SAVIA;IAS_POST_IN_SAV_PKGIAS20142UPDT_DOC_INFO;IAS_SMS_MAIL_PKG;IAS_SMS_MAIL_PKGIAS20142GET_PRMTRIAS;IAS_SMS_MAIL_PKGIAS20142INSRT_OUT_BILL_ALRTI;IAS_USR_PKG,CREATE/SAVE;UPDATE;DELETE/VOID;POST;PRINT,FMX_STRING_EVIDENCE,oracle_forms/deep_catalog/form_field_trigger_catalog.jsonl
ARST006.fmx,AR,ONEX_AR_WINDOW_API,150,8,1738,2443,IAS_ACTV_PKG;IAS_ACTV_PKGIAS20142CHK_ACTV;IAS_ACTV_PKGIAS20142GET_ACTV_NAMEIAS;IAS_ATTACH_ITM_PKG;IAS_ATTACH_ITM_PKGIAS20142GET_ATTACH_ICODE_AVLQTYIAS;IAS_ATTACH_ITM_PKGIAS20142GET_ATTACH_ICODE_OUTIA;IAS_ATTACH_ITM_PKGIAS20142GET_ATTACH_NAMEIAS;IAS_AUDIT_PKG;IAS_AUDIT_PKGIAS20142AUDIT_PRCIA;IAS_AUD_SYS_PKG;IAS_AUD_SYS_PKGIAS20142ADD_DOC_DELIA;IAS_BRN_PKG;IAS_BRN_PKGIAS20142GET_BR_CMPIAS;IAS_BRN_PKGIAS20142GET_CST_BRN_CONNI;IAS_CC_CODE_PKG;IAS_CC_CODE_PKGIAS20142CHECK_CC_PJIA;IAS_CC_CODE_PKGIAS20142CHECK_USE_PJI;IAS_CC_CODE_PKGIAS20142GET_CC_NO;IAS_CC_CODE_PKGIAS20142GET_CC_SERIAS;IAS_CHECK_SYS_PKG;IAS_CHECK_SYS_PKGIAS20142CHECK_AC_ACY_INCTVI;IAS_CHECK_SYS_PKGIAS20142CHECK_AC_CC;IAS_CHECK_SYS_PKGIAS20142CHECK_CUR_RATEI;IAS_CHECK_SYS_PKGIAS20142CHECK_INV_CLOSE;IAS_CHECK_SYS_PKGIAS20142CHECK_USE_CCIAS;IAS_CHECK_SYS_PKGIAS20142CHECK_USE_PJIAS;IAS_CHK_BRN_UP_DEL_FNC;IAS_CHK_BRN_UP_DEL_FNCIAS20142IAS_CHK_BRN_UP_DEL_FNC;IAS_CHK_LGHT_BRN_FNC;IAS_CHK_LGHT_BRN_FNCIAS20142IAS_CHK_LGHT_BRN_FNC;IAS_CSHBNK_PKG;IAS_CSHBNK_PKGIAS20142CHK_CB_BRN;IAS_CSHBNK_PKGIAS20142GET_A_CODE;IAS_CSHBNK_PKGIAS20142GET_CSHBNK_LMT;IAS_CST_PKG;IAS_CST_PKGIAS20142GET_ACODE;IAS_CST_PKGIAS20142GET_C_NAMEIAS;IAS_DBS_SYS_PKG;IAS_DBS_SYS_PKGIAS20142CHECK_OBJECTI;IAS_GEN_PKG,CREATE/SAVE;UPDATE;DELETE/VOID;POST;REVERSE/RETURN;PRINT,FMX_STRING_EVIDENCE,oracle_forms/deep_catalog/form_field_trigger_catalog.jsonl
ARST007.fmx,AR,ONEX_AR_WINDOW_API,84,8,879,1153,IAS_ATTACH_ITM_PKG;IAS_ATTACH_ITM_PKGIAS20142GET_ATTACH_ICODE_AVLQTYIAS;IAS_ATTACH_ITM_PKGIAS20142GET_ATTACH_ICODE_OUTIA;IAS_ATTACH_ITM_PKGIAS20142GET_ATTACH_NAMEIAS;IAS_AUDIT_PKG;IAS_AUDIT_PKGIAS20142AUDIT_PRCIA;IAS_AUD_SYS_PKG;IAS_AUD_SYS_PKGIAS20142ADD_DOC_DELIA;IAS_CC_CODE_PKG;IAS_CC_CODE_PKGIAS20142GET_CC_NO;IAS_CC_CODE_PKGIAS20142GET_CC_SERIAS;IAS_CHECK_SYS_PKG;IAS_CHECK_SYS_PKGIAS20142CHECK_INV_CLOSE;IAS_CST_PKG;IAS_CST_PKGIAS20142GET_ACODE;IAS_GEN_PKG;IAS_GEN_PKGIAS20142GET_CNTIA;IAS_GEN_PKGIAS20142GET_CURDATEIA;IAS_GEN_PKGIAS20142GET_FLD_VALUE;IAS_GEN_PKGIAS20142GET_MSGIA;IAS_GEN_PKGIAS20142GET_PROMPTIAS;IAS_GEN_PKGIAS20142GET_SYSDATEIA;IAS_GEN_PKGIAS20142GET_USR_NMIAS;IAS_GET_DOC_DEL_FNC;IAS_GET_ENC_PASS_FNC;IAS_GET_ENC_PASS_FNCIAS20142IAS_GET_ENC_PASS_FNC;IAS_ITM_INV_PKG;IAS_ITM_INV_PKGIAS20142INSRT_GR_DTLI;IAS_ITM_INV_PKGIAS20142INSRT_GR_MSTI;IAS_ITM_INV_PKGIAS20142INSRT_IAS_ITM_WCODEIA;IAS_ITM_INV_PKGIAS20142INSRT_ITEM_MOVEIA;IAS_ITM_PKG;IAS_ITM_PKGIAS20142GET_GRAND_WTAVGIA;IAS_ITM_PKGIAS20142GET_ICODE_MIN_UNITIAS;IAS_POST_IN_SAV_PKG;IAS_POST_IN_SAV_PKGIAS20142DELETE_PREV_POSTI;IAS_POST_IN_SAV_PKGIAS20142POST_DOC_IN_SAVIA;IAS_POST_IN_SAV_PKGIAS20142UPDT_DOC_INFO;IAS_USR_PKG;IAS_USR_PKGIAS20142CHK_USR_FRM_PRVIA,CREATE/SAVE;UPDATE;DELETE/VOID;POST;PRINT,FMX_STRING_EVIDENCE,oracle_forms/deep_catalog/form_field_trigger_catalog.jsonl
ARST008.fmx,AR,ONEX_AR_WINDOW_API,36,8,296,466,IAS_BRN_PKG;IAS_BRN_PKGIAS20142GET_BR_CMPIAS;IAS_CST_PKG;IAS_CST_PKGIAS20142GET_C_NAMEIAS;IAS_GEN_PKG;IAS_GEN_PKGIAS20142GET_CNTIA;IAS_GET_ENC_PASS_FNC;IAS_GET_ENC_PASS_FNCIAS20142IAS_GET_ENC_PASS_FNC;IAS_USR_PKG;IAS_USR_PKGIAS20142CHK_USR_FRM_PRVIA;IAS_USR_PKGIAS20142GET_USR_NMIAS;YS_GEN_PKG;YS_GEN_PKGIAS20142GET_USR_FLD_PRVYS_,CREATE/SAVE;UPDATE;DELETE/VOID;POST;PRINT,FMX_STRING_EVIDENCE,oracle_forms/deep_catalog/form_field_trigger_catalog.jsonl
ARST009.fmx,AR,ONEX_AR_WINDOW_API,39,8,373,500,IAS_CC_CODE_PKG;IAS_CC_CODE_PKGIAS20142GET_CC_NAMEIA;IAS_CHK_BRN_UP_DEL_FNC;IAS_CHK_BRN_UP_DEL_FNCIAS20142IAS_CHK_BRN_UP_DEL_FNC;IAS_GEN_PKG;IAS_GEN_PKGIAS20142GET_CNTIA;IAS_GEN_PKGIAS20142GET_CURDATEIA;IAS_GEN_PKGIAS20142GET_FLD_VALUE;IAS_GEN_PKGIAS20142GET_PROMPTIAS;IAS_GET_ENC_PASS_FNC;IAS_GET_ENC_PASS_FNCIAS20142IAS_GET_ENC_PASS_FNC;IAS_USR_PKG;IAS_USR_PKGIAS20142CHK_USR_FRM_PRVIA;IAS_USR_PKGIAS20142GET_USR_NMIAS;YS_GEN_PKG;YS_GEN_PKGIAS20142GET_USR_FLD_PRVYS_,CREATE/SAVE;UPDATE;DELETE/VOID;POST;PRINT,FMX_STRING_EVIDENCE,oracle_forms/deep_catalog/form_field_trigger_catalog.jsonl
ARST010.fmx,AR,ONEX_AR_WINDOW_API,53,8,445,564,IAS_AUD_SYS_PKG;IAS_AUD_SYS_PKGIAS20142ADD_DOC_DELIA;IAS_CHECK_SYS_PKG;IAS_CHECK_SYS_PKGIAS20142CHECK_BT_DATEIA;IAS_CHECK_SYS_PKGIAS20142CHECK_BT_VALUEI;IAS_CHK_BRN_UP_DEL_FNC;IAS_CHK_BRN_UP_DEL_FNCIAS20142IAS_CHK_BRN_UP_DEL_FNC;IAS_CST_PKG;IAS_CST_PKGIAS20142GET_C_NAMEIAS;IAS_GEN_PKG;IAS_GEN_PKGIAS20142GET_CNTIA;IAS_GEN_PKGIAS20142GET_CURDATEIA;IAS_GEN_PKGIAS20142GET_FLD_VALUE;IAS_GEN_PKGIAS20142GET_PROMPTIAS;IAS_GEN_PKGIAS20142GET_USR_NMIAS;IAS_GET_DOC_DEL_FNC;IAS_GET_ENC_PASS_FNC;IAS_GET_ENC_PASS_FNCIAS20142IAS_GET_ENC_PASS_FNC;IAS_USR_PKG;IAS_USR_PKGIAS20142CHK_USR_FRM_PRVIA;IAS_USR_PKGIAS20142GET_USR_APPRV;IAS_USR_PKGIAS20142GET_USR_NMIAS;YS_APPRVD_PKG;YS_APPRVD_PKGIAS20142DEL_APPRVD_LVLY;YS_APPRVD_PKGIAS20142INSRT_APPRVD_LVLYS_;YS_GEN_PKG;YS_GEN_PKGIAS20142GET_USR_FLD_PRVYS_,CREATE/SAVE;UPDATE;DELETE/VOID;POST;PRINT,FMX_STRING_EVIDENCE,oracle_forms/deep_catalog/form_field_trigger_catalog.jsonl
ARST011.fmx,AR,ONEX_AR_WINDOW_API,58,8,609,877,IAS_AUDIT_OTHR_PKG;IAS_AUDIT_OTHR_PKGIAS20142AUDIT_OTHR_PRC;IAS_AUD_SYS_PKG;IAS_AUD_SYS_PKGIAS20142ADD_DOC_DELIA;IAS_CHK_BRN_UP_DEL_FNC;IAS_CHK_BRN_UP_DEL_FNCIAS20142IAS_CHK_BRN_UP_DEL_FNC;IAS_CST_PKG;IAS_CST_PKGIAS20142GET_ACODE;IAS_GEN_PKG;IAS_GEN_PKGIAS20142GET_CNTIA;IAS_GEN_PKGIAS20142GET_CURDATEIA;IAS_GEN_PKGIAS20142GET_CUR_RATEI;IAS_GEN_PKGIAS20142GET_ITM_PRICE_DOCACYI;IAS_GEN_PKGIAS20142GET_LEV_PRVIA;IAS_GEN_PKGIAS20142GET_PROMPTIAS;IAS_GEN_PKGIAS20142GET_SYSDATEIA;IAS_GEN_PKGIAS20142GET_USR_NMIAS;IAS_GET_DOC_DEL_FNC;IAS_GET_ENC_PASS_FNC;IAS_GET_ENC_PASS_FNCIAS20142IAS_GET_ENC_PASS_FNC;IAS_ITM_PKG;IAS_ITM_PKGIAS20142CHK_ICODE_UNITIAS;IAS_ITM_PKGIAS20142GET_ICODE_ONE_UNITIAS;IAS_ITM_PKGIAS20142GET_ICODE_SALES_UNITI;IAS_ITM_PKGIAS20142GET_ICODE_UNIT_BY_LVL;IAS_USR_PKG;IAS_USR_PKGIAS20142CHK_USR_FRM_PRVIA;IAS_USR_PKGIAS20142GET_USR_NMIAS;YS_GEN_PKG;YS_GEN_PKGIAS20142GET_USR_FLD_PRVYS_,CREATE/SAVE;UPDATE;DELETE/VOID;POST;PRINT,FMX_STRING_EVIDENCE,oracle_forms/deep_catalog/form_field_trigger_catalog.jsonl
ARST012.fmx,AR,ONEX_AR_WINDOW_API,78,8,463,750,IAS_AUDIT_OTHR_PKG;IAS_AUDIT_OTHR_PKGIAS20142AUDIT_OTHR_PRC;IAS_AUD_SYS_PKG;IAS_AUD_SYS_PKGIAS20142ADD_DOC_DELIA;IAS_CHECK_SYS_PKG;IAS_CHECK_SYS_PKGIAS20142CHECK_AC_ACY_INCTVI;IAS_CHECK_SYS_PKGIAS20142CHECK_AC_CC;IAS_CHECK_SYS_PKGIAS20142CHECK_USE_CCIAS;IAS_CHK_BRN_UP_DEL_FNC;IAS_CHK_BRN_UP_DEL_FNCIAS20142IAS_CHK_BRN_UP_DEL_FNC;IAS_CST_PKG;IAS_CST_PKGIAS20142GET_ACODE;IAS_CST_PKGIAS20142GET_C_NAMEIAS;IAS_GEN_PKG;IAS_GEN_PKGIAS20142GET_CNTIA;IAS_GEN_PKGIAS20142GET_CURDATEIA;IAS_GEN_PKGIAS20142GET_CUR_RATEI;IAS_GEN_PKGIAS20142GET_FLD_VALUE;IAS_GEN_PKGIAS20142GET_ITM_PRICE_DOCACYI;IAS_GEN_PKGIAS20142GET_LEV_PRVIA;IAS_GEN_PKGIAS20142GET_LOW_PRICE;IAS_GEN_PKGIAS20142GET_MSGIA;IAS_GEN_PKGIAS20142GET_PROMPTIAS;IAS_GEN_PKGIAS20142GET_SYSDATEIA;IAS_GET_DOC_DEL_FNC;IAS_GET_ENC_PASS_FNC;IAS_GET_ENC_PASS_FNCIAS20142IAS_GET_ENC_PASS_FNC;IAS_GET_SALESFREEQTY_PRC;IAS_GET_SALESFREEQTY_PRCIAS20142IAS_GET_SALESFREEQTY_PRC;IAS_ITM_PKG;IAS_ITM_PKGIAS20142CHK_ICODE_UNITIAS;IAS_ITM_PKGIAS20142GET_GRAND_AVLQTYI;IAS_ITM_PKGIAS20142GET_GRAND_WTAVGIA;IAS_ITM_PKGIAS20142GET_ICODE_ONE_UNITIAS;IAS_ITM_PKGIAS20142GET_ICODE_SALES_UNITI;IAS_ITM_PKGIAS20142GET_ICODE_SIZE_UNITIA;IAS_ITM_PKGIAS20142GET_ICODE_UNIT_BY_LVL;IAS_ITM_PKGIAS20142GET_ICODE_VNDRIAS;IAS_ITM_PKGIAS20142GET_I_CODEIAS;IAS_USR_PKG,CREATE/SAVE;UPDATE;DELETE/VOID;POST;PRINT,FMX_STRING_EVIDENCE,oracle_forms/deep_catalog/form_field_trigger_catalog.jsonl
ARST013.fmx,AR,ONEX_AR_WINDOW_API,48,8,450,530,IAS_AUD_SYS_PKG;IAS_AUD_SYS_PKGIAS20142ADD_DOC_DELIA;IAS_CHECK_SYS_PKG;IAS_CHECK_SYS_PKGIAS20142CHECK_BT_DATEIA;IAS_CHK_BRN_UP_DEL_FNC;IAS_CHK_BRN_UP_DEL_FNCIAS20142IAS_CHK_BRN_UP_DEL_FNC;IAS_CST_PKG;IAS_CST_PKGIAS20142GET_ACODE;IAS_CST_PKGIAS20142GET_C_NAMEIAS;IAS_GEN_PKG;IAS_GEN_PKGIAS20142GET_CNTIA;IAS_GEN_PKGIAS20142GET_CURDATEIA;IAS_GEN_PKGIAS20142GET_CUR_RATEI;IAS_GEN_PKGIAS20142GET_FLD_VALUE;IAS_GEN_PKGIAS20142GET_MSGIA;IAS_GEN_PKGIAS20142GET_SYSDATEIA;IAS_GET_DOC_DEL_FNC;IAS_GET_ENC_PASS_FNC;IAS_GET_ENC_PASS_FNCIAS20142IAS_GET_ENC_PASS_FNC;IAS_INSTALLMENT_AR_PKG;IAS_INSTALLMENT_AR_PKGIAS20142CHK_ADJ_INSTALLMNET_TRANSI;IAS_USR_PKG;IAS_USR_PKGIAS20142CHK_USR_FRM_PRVIA;IAS_USR_PKGIAS20142GET_USR_NMIAS;YS_GEN_PKG;YS_GEN_PKGIAS20142GET_USR_FLD_PRVYS_,CREATE/SAVE;UPDATE;DELETE/VOID;POST;PRINT,FMX_STRING_EVIDENCE,oracle_forms/deep_catalog/form_field_trigger_catalog.jsonl
ARST014.fmx,AR,ONEX_AR_WINDOW_API,41,8,404,524,IAS_CHK_BRN_UP_DEL_FNC;IAS_CHK_BRN_UP_DEL_FNCIAS20142IAS_CHK_BRN_UP_DEL_FNC;IAS_CST_PKG;IAS_CST_PKGIAS20142GET_C_NAMEIAS;IAS_GEN_PKG;IAS_GEN_PKGIAS20142GET_CNTIA;IAS_GEN_PKGIAS20142GET_FLD_VALUE;IAS_GEN_PKGIAS20142GET_PROMPTIAS;IAS_GEN_PKGIAS20142GET_SYSDATEIA;IAS_GET_ENC_PASS_FNC;IAS_GET_ENC_PASS_FNCIAS20142IAS_GET_ENC_PASS_FNC;IAS_USR_PKG;IAS_USR_PKGIAS20142CHK_USR_FRM_PRVIA;IAS_USR_PKGIAS20142GET_USR_NMIAS;YS_GEN_PKG;YS_GEN_PKGIAS20142GET_USR_FLD_PRVYS_,CREATE/SAVE;UPDATE;DELETE/VOID;POST;PRINT,FMX_STRING_EVIDENCE,oracle_forms/deep_catalog/form_field_trigger_catalog.jsonl
ARST015.fmx,AR,ONEX_AR_WINDOW_API,46,8,429,642,IAS_CHECK_SYS_PKG;IAS_CHECK_SYS_PKGIAS20142CHECK_BT_DATEIA;IAS_CHECK_SYS_PKGIAS20142CHECK_BT_VALUEI;IAS_CHK_BRN_UP_DEL_FNC;IAS_CHK_BRN_UP_DEL_FNCIAS20142IAS_CHK_BRN_UP_DEL_FNC;IAS_GEN_PKG;IAS_GEN_PKGIAS20142GET_CNTIA;IAS_GEN_PKGIAS20142GET_CURDATEIA;IAS_GEN_PKGIAS20142GET_PROMPTIAS;IAS_GEN_PKGIAS20142GET_SYSDATEIA;IAS_GEN_PKGIAS20142GET_USR_NMIAS;IAS_GET_ENC_PASS_FNC;IAS_GET_ENC_PASS_FNCIAS20142IAS_GET_ENC_PASS_FNC;IAS_USR_PKG;IAS_USR_PKGIAS20142CHK_USR_FRM_PRVIA;IAS_USR_PKGIAS20142GET_USR_APPRV;IAS_USR_PKGIAS20142GET_USR_NMIAS;YS_APPRVD_PKG;YS_APPRVD_PKGIAS20142DEL_APPRVD_LVLY;YS_APPRVD_PKGIAS20142INSRT_APPRVD_LVLYS_;YS_GEN_PKG;YS_GEN_PKGIAS20142GET_USR_FLD_PRVYS_,CREATE/SAVE;UPDATE;DELETE/VOID;POST;PRINT,FMX_STRING_EVIDENCE,oracle_forms/deep_catalog/form_field_trigger_catalog.jsonl
ARST016.fmx,AR,ONEX_AR_WINDOW_API,71,8,696,841,IAS_ACTV_PKG;IAS_ACTV_PKGIAS20142CHK_ACTV;IAS_AUD_SYS_PKG;IAS_AUD_SYS_PKGIAS20142ADD_DOC_DELIA;IAS_CHECK_SYS_PKG;IAS_CHECK_SYS_PKGIAS20142CHECK_AC_CC;IAS_CHECK_SYS_PKGIAS20142CHECK_INV_CLOSE;IAS_CHECK_SYS_PKGIAS20142CHECK_USE_CCIAS;IAS_CSHBNK_PKG;IAS_CSHBNK_PKGIAS20142CHK_AC_CSH_BNK;IAS_CSHBNK_PKGIAS20142CHK_CB_BRN;IAS_CST_PKG;IAS_CST_PKGIAS20142GET_ACODE;IAS_GEN_PKG;IAS_GEN_PKGIAS20142GET_CNTIA;IAS_GEN_PKGIAS20142GET_CURDATEIA;IAS_GEN_PKGIAS20142GET_CUR_RATEI;IAS_GEN_PKGIAS20142GET_FLD_VALUE;IAS_GEN_PKGIAS20142GET_PROMPTIAS;IAS_GEN_PKGIAS20142GET_SYSDATEIA;IAS_GEN_PKGIAS20142GET_USR_NMIAS;IAS_GET_DOC_DEL_FNC;IAS_GET_ENC_PASS_FNC;IAS_GET_ENC_PASS_FNCIAS20142IAS_GET_ENC_PASS_FNC;IAS_ITM_PKG;IAS_ITM_PKGIAS20142CHK_ICODE_UNITIAS;IAS_ITM_PKGIAS20142GET_ICODE_ONE_UNITIAS;IAS_ITM_PKGIAS20142GET_ICODE_UNIT_BY_LVL;IAS_PJ_PKG;IAS_PJ_PKGIAS20142CHECK_PJ_ACTVI;IAS_PJ_PKGIAS20142CHECK_USE_ACTV;IAS_POST_IN_SAV_PKG;IAS_POST_IN_SAV_PKGIAS20142DELETE_PREV_POSTI;IAS_POST_IN_SAV_PKGIAS20142POST_DOC_IN_SAVIA;IAS_POST_IN_SAV_PKGIAS20142UPDT_DOC_INFO;IAS_TRNS_PKG;IAS_TRNS_PKGIAS20142UPDATE_BILL_ADD_DISC_PRC;IAS_USR_PKG;IAS_USR_PKGIAS20142CHK_USR_FRM_PRVIA;IAS_USR_PKGIAS20142GET_USR_NMIAS,CREATE/SAVE;UPDATE;DELETE/VOID;POST;PRINT,FMX_STRING_EVIDENCE,oracle_forms/deep_catalog/form_field_trigger_catalog.jsonl
ARST017.fmx,AR,ONEX_AR_WINDOW_API,43,8,364,542,IAS_ACODE_PKG;IAS_ACODE_PKGIAS20142GET_A_NAMEI;IAS_DBS_SYS_PKG;IAS_DBS_SYS_PKGIAS20142CHECK_OBJECTI;IAS_GEN_PKG;IAS_GEN_PKGIAS20142GET_FRST_DAYI;IAS_GEN_PKGIAS20142GET_PROMPTIAS;IAS_GEN_PKGIAS20142GET_SYSDATEIA;IAS_GET_ENC_PASS_FNC;IAS_GET_ENC_PASS_FNCIAS20142IAS_GET_ENC_PASS_FNC;IAS_POST_IN_SAV_PKG;IAS_POST_IN_SAV_PKGIAS20142DELETE_PREV_POSTI;IAS_POST_IN_SAV_PKGIAS20142POST_DOC_IN_SAVIA;IAS_USR_PKG;IAS_USR_PKGIAS20142CHK_USR_FRM_PRVIA;IAS_USR_PKGIAS20142GET_USR_NMIAS;YS_GEN_PKG;YS_GEN_PKGIAS20142CHK_LOCK_RCRDY;YS_GEN_PKGIAS20142GET_USR_FLD_PRVYS_;YS_SRL_SCR_PKG;YS_SRL_SCR_PKGIAS20142GET_SYS_SQ,CREATE/SAVE;UPDATE;DELETE/VOID;POST;PRINT,FMX_STRING_EVIDENCE,oracle_forms/deep_catalog/form_field_trigger_catalog.jsonl
ARST018.fmx,AR,ONEX_AR_WINDOW_API,37,8,444,557,IAS_CST_PKG;IAS_CST_PKGIAS20142GET_ACODE;IAS_GEN_PKG;IAS_GEN_PKGIAS20142GET_CNTIA;IAS_GEN_PKGIAS20142GET_CURDATEIA;IAS_GEN_PKGIAS20142GET_FRM_PRVIA;IAS_GEN_PKGIAS20142GET_PROMPTIAS;IAS_GEN_PKGIAS20142GET_SYSDATEIA;IAS_GET_ENC_PASS_FNC;IAS_GET_ENC_PASS_FNCIAS20142IAS_GET_ENC_PASS_FNC;IAS_USR_PKG;IAS_USR_PKGIAS20142CHK_USR_FRM_PRVIA;IAS_USR_PKGIAS20142GET_USR_NMIAS;YS_GEN_PKG;YS_GEN_PKGIAS20142GET_USR_FLD_PRVYS_,CREATE/SAVE;UPDATE;DELETE/VOID;POST;PRINT,FMX_STRING_EVIDENCE,oracle_forms/deep_catalog/form_field_trigger_catalog.jsonl
ARST019.fmx,AR,ONEX_AR_WINDOW_API,47,8,398,538,IAS_GEN_PKG;IAS_GEN_PKGIAS20142GET_CNTIA;IAS_GEN_PKGIAS20142GET_CURDATEIA;IAS_GEN_PKGIAS20142GET_FRM_PRVIA;IAS_GEN_PKGIAS20142GET_MSGIA;IAS_GEN_PKGIAS20142GET_PROMPTIAS;IAS_GEN_PKGIAS20142GET_SYSDATEIA;IAS_GET_ENC_PASS_FNC;IAS_GET_ENC_PASS_FNCIAS20142IAS_GET_ENC_PASS_FNC;IAS_INSRT_OUT_BILLS_PKG;IAS_INSRT_OUT_BILLS_PKGIAS20142GET_OUT_NOIAS;IAS_INSRT_OUT_BILLS_PKGIAS20142GET_OUT_SERIA;IAS_ITM_INV_PKG;IAS_ITM_INV_PKGIAS20142GET_ITM_COSTI;IAS_ITM_INV_PKGIAS20142INSRT_SALE_COSTIA;IAS_POST_IN_SAV_PKG;IAS_POST_IN_SAV_PKGIAS20142POST_DOC_IN_SAVIA;IAS_USR_PKG;IAS_USR_PKGIAS20142CHK_USR_FRM_PRVIA;IAS_USR_PKGIAS20142GET_USR_NMIAS;YS_GEN_PKG;YS_GEN_PKGIAS20142GET_USR_FLD_PRVYS_;YS_SRL_SCR_PKG;YS_SRL_SCR_PKGIAS20142GET_SYS_SQ,CREATE/SAVE;UPDATE;DELETE/VOID;POST;PRINT,FMX_STRING_EVIDENCE,oracle_forms/deep_catalog/form_field_trigger_catalog.jsonl
ARST020.fmx,AR,ONEX_AR_WINDOW_API,71,8,651,825,IAS_ACTV_PKG;IAS_ACTV_PKGIAS20142CHK_ACTV;IAS_AUDIT_OTHR_PKG;IAS_AUDIT_OTHR_PKGIAS20142AUDIT_OTHR_PRC;IAS_AUD_SYS_PKG;IAS_AUD_SYS_PKGIAS20142ADD_DOC_DELIA;IAS_CHECK_SYS_PKG;IAS_CHECK_SYS_PKGIAS20142CHECK_AC_CC;IAS_CHECK_SYS_PKGIAS20142CHECK_INV_CLOSE;IAS_CHECK_SYS_PKGIAS20142CHECK_USE_CCIAS;IAS_CSHBNK_PKG;IAS_CSHBNK_PKGIAS20142CHK_AC_CSH_BNK;IAS_CSHBNK_PKGIAS20142CHK_CB_BRN;IAS_CST_PKG;IAS_CST_PKGIAS20142GET_ACODE;IAS_GEN_PKG;IAS_GEN_PKGIAS20142GET_CNTIA;IAS_GEN_PKGIAS20142GET_CURDATEIA;IAS_GEN_PKGIAS20142GET_CUR_RATEI;IAS_GEN_PKGIAS20142GET_DELETE_DOC_PERIOD;IAS_GEN_PKGIAS20142GET_FLD_VALUE;IAS_GEN_PKGIAS20142GET_PROMPTIAS;IAS_GEN_PKGIAS20142GET_SYSDATEIA;IAS_GET_DOC_DEL_FNC;IAS_GET_ENC_PASS_FNC;IAS_GET_ENC_PASS_FNCIAS20142IAS_GET_ENC_PASS_FNC;IAS_ITM_PKG;IAS_ITM_PKGIAS20142CHK_ICODE_UNITIAS;IAS_ITM_PKGIAS20142GET_ICODE_ONE_UNITIAS;IAS_ITM_PKGIAS20142GET_ICODE_UNIT_BY_LVL;IAS_PJ_PKG;IAS_PJ_PKGIAS20142CHECK_PJ_ACTVI;IAS_PJ_PKGIAS20142CHECK_USE_ACTV;IAS_USR_PKG;IAS_USR_PKGIAS20142CHK_USR_FRM_PRVIA;IAS_USR_PKGIAS20142GET_USR_APPRV;IAS_USR_PKGIAS20142GET_USR_NMIAS;YS_APPRVD_PKG;YS_APPRVD_PKGIAS20142DEL_APPRVD_LVLY;YS_APPRVD_PKGIAS20142INSRT_APPRVD_LVLYS_,CREATE/SAVE;UPDATE;DELETE/VOID;POST;PRINT,FMX_STRING_EVIDENCE,oracle_forms/deep_catalog/form_field_trigger_catalog.jsonl
ARST021.fmx,AR,ONEX_AR_WINDOW_API,37,8,305,485,IAS_CHECK_SYS_PKG;IAS_CHECK_SYS_PKGIAS20142CHECK_BT_DATEIA;IAS_GEN_PKG;IAS_GEN_PKGIAS20142GET_CNTIA;IAS_GEN_PKGIAS20142GET_PROMPTIAS;IAS_GEN_PKGIAS20142GET_SYSDATEIA;IAS_GET_ENC_PASS_FNC;IAS_GET_ENC_PASS_FNCIAS20142IAS_GET_ENC_PASS_FNC;IAS_USR_PKG;IAS_USR_PKGIAS20142CHK_USR_FRM_PRVIA;IAS_USR_PKGIAS20142GET_USR_APPRV;IAS_USR_PKGIAS20142GET_USR_NMIAS;YS_GEN_PKG;YS_GEN_PKGIAS20142GET_UPDATE_DOC_PERIODY;YS_GEN_PKGIAS20142GET_USR_FLD_PRVYS_,CREATE/SAVE;UPDATE;DELETE/VOID;POST;PRINT,FMX_STRING_EVIDENCE,oracle_forms/deep_catalog/form_field_trigger_catalog.jsonl
ARST023.fmx,AR,ONEX_AR_WINDOW_API,131,8,1763,2207,IAS_ACTV_PKG;IAS_ACTV_PKGIAS20142CHK_ACTV;IAS_ACTV_PKGIAS20142GET_ACTV_NAMEIAS;IAS_ATTACH_ITM_PKG;IAS_ATTACH_ITM_PKGIAS20142GET_ATTACH_ICODE_AVLQTYIAS;IAS_ATTACH_ITM_PKGIAS20142GET_ATTACH_ICODE_OUTIA;IAS_AUDIT_PKG;IAS_AUDIT_PKGIAS20142AUDIT_PRCIA;IAS_AUD_SYS_PKG;IAS_AUD_SYS_PKGIAS20142ADD_DOC_DELIA;IAS_BRN_PKG;IAS_BRN_PKGIAS20142GET_BR_CMPIAS;IAS_BRN_PKGIAS20142GET_CST_BRN_CONNI;IAS_CC_CODE_PKG;IAS_CC_CODE_PKGIAS20142CHECK_CC_PJIA;IAS_CC_CODE_PKGIAS20142CHECK_USE_PJI;IAS_CC_CODE_PKGIAS20142GET_CC_NO;IAS_CC_CODE_PKGIAS20142GET_CC_SERIAS;IAS_CHECK_SYS_PKG;IAS_CHECK_SYS_PKGIAS20142CHECK_AC_ACY_INCTVI;IAS_CHECK_SYS_PKGIAS20142CHECK_AC_CC;IAS_CHECK_SYS_PKGIAS20142CHECK_CUR_RATEI;IAS_CHECK_SYS_PKGIAS20142CHECK_INV_CLOSE;IAS_CHECK_SYS_PKGIAS20142CHECK_USE_CCIAS;IAS_CHK_BRN_UP_DEL_FNC;IAS_CHK_BRN_UP_DEL_FNCIAS20142IAS_CHK_BRN_UP_DEL_FNC;IAS_CSHBNK_PKG;IAS_CSHBNK_PKGIAS20142CHK_CB_BRN;IAS_CSHBNK_PKGIAS20142GET_A_CODE;IAS_CSHBNK_PKGIAS20142GET_CSHBNK_LMT;IAS_CST_PKG;IAS_CST_PKGIAS20142GET_ACODE;IAS_CST_PKGIAS20142GET_C_NAMEIAS;IAS_DBS_SYS_PKG;IAS_DBS_SYS_PKGIAS20142CHECK_OBJECTI;IAS_GEN_PKG;IAS_GEN_PKGIAS;IAS_GEN_PKGIAS20142GET_CNTIA;IAS_GEN_PKGIAS20142GET_CURDATEIA;IAS_GEN_PKGIAS20142GET_CUR_RATEI,CREATE/SAVE;UPDATE;DELETE/VOID;POST;PRINT,FMX_STRING_EVIDENCE,oracle_forms/deep_catalog/form_field_trigger_catalog.jsonl
ARST024.fmx,AR,ONEX_AR_WINDOW_API,52,8,507,667,IAS_CST_PKG;IAS_GEN_PKG;IAS_GEN_PKGIAS20142GET_CNTIA;IAS_GEN_PKGIAS20142GET_CURDATEIA;IAS_GEN_PKGIAS20142GET_DELETE_DOC_PERIOD;IAS_GEN_PKGIAS20142GET_FLD_VALUE;IAS_GEN_PKGIAS20142GET_MSGIA;IAS_GEN_PKGIAS20142GET_PROMPTIAS;IAS_GEN_PKGIAS20142GET_SYSDATEIA;IAS_GEN_PKGIAS20142GET_UPDATE_DOC_PERIOD;IAS_GET_ENC_PASS_FNC;IAS_GET_ENC_PASS_FNCIAS20142IAS_GET_ENC_PASS_FNC;IAS_ITM_PKG;IAS_ITM_PKGIAS20142CHK_ICODE_UNITIAS;IAS_ITM_PKGIAS20142GET_ICODE_VNDRIAS;IAS_ITM_PKGIAS20142GET_I_CODEIAS;IAS_USR_PKG;IAS_USR_PKGIAS20142CHK_USR_FRM_PRVIA;IAS_USR_PKGIAS20142GET_USR_APPRV;IAS_USR_PKGIAS20142GET_USR_NMIAS;YS_APPRVD_PKG;YS_APPRVD_PKGIAS20142DEL_APPRVD_LVLY;YS_APPRVD_PKGIAS20142INSRT_APPRVD_LVLYS_;YS_GEN_PKG;YS_GEN_PKGIAS20142CHK_LOCK_RCRDY;YS_GEN_PKGIAS20142GET_CNTYS_;YS_GEN_PKGIAS20142GET_USR_FLD_PRVYS_,CREATE/SAVE;UPDATE;DELETE/VOID;POST;PRINT,FMX_STRING_EVIDENCE,oracle_forms/deep_catalog/form_field_trigger_catalog.jsonl
BGTR002.fmx,ADMIN,ONEX_ADMIN_WINDOW_API,18,2,333,381,IAS_ACTV_PKG;IAS_ACTV_PKGIAS20142CHK_ACTV;IAS_DBS_SYS_PKG;IAS_DBS_SYS_PKGIAS20142CHECK_OBJECTI;IAS_GEN_PKG;IAS_GEN_PKGIAS20142GET_CNTIA;IAS_GEN_PKGIAS20142GET_LOCAL_CUR;IAS_GEN_PKGIAS20142GET_PROMPTIAS;IAS_GET_ENC_PASS_FNC;IAS_GET_ENC_PASS_FNCIAS20142IAS_GET_ENC_PASS_FNC;IAS_USR_PKG;IAS_USR_PKGIAS20142GET_USR_NMIAS,PRINT,FMX_STRING_EVIDENCE,oracle_forms/deep_catalog/form_field_trigger_catalog.jsonl
BGTR004.fmx,ADMIN,ONEX_ADMIN_WINDOW_API,19,2,325,432,IAS_ACTV_PKG;IAS_ACTV_PKGIAS20142CHK_ACTV;IAS_CHECK_SYS_PKG;IAS_CHECK_SYS_PKGIAS20142CHECK_BT_DATEIA;IAS_GEN_PKG;IAS_GEN_PKGIAS20142GET_FLD_VALUE;IAS_GEN_PKGIAS20142GET_FRST_DAYI;IAS_GEN_PKGIAS20142GET_PROMPTIAS;IAS_GEN_PKGIAS20142GET_SYSDATEIA;IAS_GET_ENC_PASS_FNC;IAS_GET_ENC_PASS_FNCIAS20142IAS_GET_ENC_PASS_FNC;IAS_USR_PKG;IAS_USR_PKGIAS20142GET_USR_NMIAS,PRINT,FMX_STRING_EVIDENCE,oracle_forms/deep_catalog/form_field_trigger_catalog.jsonl
BGTT001.fmx,ADMIN,ONEX_ADMIN_WINDOW_API,62,8,580,835,IAS_ACODE_PKG;IAS_ACODE_PKGIAS20142GET_A_NAMEI;IAS_ACTV_PKG;IAS_ACTV_PKGIAS20142CHK_ACTV;IAS_ACTV_PKGIAS20142GET_ACTV_NAMEIAS;IAS_CC_CODE_PKG;IAS_CC_CODE_PKGIAS20142GET_CC_NAMEIA;IAS_CHECK_SYS_PKG;IAS_CHECK_SYS_PKGIAS20142CHECK_AC_ACY_INCTVI;IAS_CHECK_SYS_PKGIAS20142CHECK_BT_VALUEI;IAS_CHK_BRN_UP_DEL_FNC;IAS_CHK_BRN_UP_DEL_FNCIAS20142IAS_CHK_BRN_UP_DEL_FNC;IAS_GEN_PKG;IAS_GEN_PKGIAS20142GET_CURDATEIA;IAS_GEN_PKGIAS20142GET_CUR_RATEI;IAS_GEN_PKGIAS20142GET_DELETE_DOC_PERIOD;IAS_GEN_PKGIAS20142GET_FINAL_DAY;IAS_GEN_PKGIAS20142GET_FLD_VALUE;IAS_GEN_PKGIAS20142GET_FRM_PRVIA;IAS_GEN_PKGIAS20142GET_FRST_DAYI;IAS_GEN_PKGIAS20142GET_LOCAL_CUR;IAS_GEN_PKGIAS20142GET_MSGIA;IAS_GEN_PKGIAS20142GET_PROMPTIAS;IAS_GEN_PKGIAS20142GET_SYSDATEIA;IAS_GEN_PKGIAS20142GET_UPDATE_DOC_PERIOD;IAS_GEN_PKGIAS20142GET_USR_NMIAS;IAS_GET_DOC_DEL_FNC;IAS_GET_ENC_PASS_FNC;IAS_GET_ENC_PASS_FNCIAS20142IAS_GET_ENC_PASS_FNC;IAS_PJ_PKG;IAS_PJ_PKGIAS20142GET_PJ_NAMEIAS;IAS_USR_PKG;IAS_USR_PKGIAS20142GET_USR_APPRV;IAS_USR_PKGIAS20142GET_USR_NMIAS;YS_APPRVD_PKG;YS_APPRVD_PKGIAS20142DEL_APPRVD_LVLY;YS_APPRVD_PKGIAS20142INSRT_APPRVD_LVLYS_;YS_GEN_PKG;YS_GEN_PKGIAS20142GET_USR_FLD_PRVYS_,CREATE/SAVE;UPDATE;DELETE/VOID;POST;PRINT,FMX_STRING_EVIDENCE,oracle_forms/deep_catalog/form_field_trigger_catalog.jsonl
BGTT002.fmx,ADMIN,ONEX_ADMIN_WINDOW_API,58,8,617,778,IAS_ACODE_PKG;IAS_ACODE_PKGIAS20142GET_A_NAMEI;IAS_ACTV_PKG;IAS_ACTV_PKGIAS20142CHK_ACTV;IAS_ACTV_PKGIAS20142GET_ACTV_NAMEIAS;IAS_CC_CODE_PKG;IAS_CC_CODE_PKGIAS20142GET_CC_NAMEIA;IAS_CHECK_SYS_PKG;IAS_CHECK_SYS_PKGIAS20142CHECK_AC_ACY_INCTVI;IAS_CHECK_SYS_PKGIAS20142CHECK_BT_VALUEI;IAS_CHK_BRN_UP_DEL_FNC;IAS_CHK_BRN_UP_DEL_FNCIAS20142IAS_CHK_BRN_UP_DEL_FNC;IAS_GEN_PKG;IAS_GEN_PKGIAS20142GET_CNTIA;IAS_GEN_PKGIAS20142GET_CURDATEIA;IAS_GEN_PKGIAS20142GET_CUR_RATEI;IAS_GEN_PKGIAS20142GET_DELETE_DOC_PERIOD;IAS_GEN_PKGIAS20142GET_FLD_VALUE;IAS_GEN_PKGIAS20142GET_FRM_PRVIA;IAS_GEN_PKGIAS20142GET_LOCAL_CUR;IAS_GEN_PKGIAS20142GET_MSGIA;IAS_GEN_PKGIAS20142GET_PROMPTIAS;IAS_GEN_PKGIAS20142GET_SYSDATEIA;IAS_GEN_PKGIAS20142GET_UPDATE_DOC_PERIOD;IAS_GEN_PKGIAS20142GET_USR_NMIAS;IAS_GET_DOC_DEL_FNC;IAS_GET_ENC_PASS_FNC;IAS_GET_ENC_PASS_FNCIAS20142IAS_GET_ENC_PASS_FNC;IAS_PJ_PKG;IAS_PJ_PKGIAS20142GET_PJ_NAMEIAS;IAS_USR_PKG;IAS_USR_PKGIAS20142GET_USR_NMIAS;YS_GEN_PKG;YS_GEN_PKGIAS20142CHK_LOCK_RCRDY;YS_GEN_PKGIAS20142GET_USR_FLD_PRVYS_,CREATE/SAVE;UPDATE;DELETE/VOID;POST;PRINT,FMX_STRING_EVIDENCE,oracle_forms/deep_catalog/form_field_trigger_catalog.jsonl
BGTT003.fmx,ADMIN,ONEX_ADMIN_WINDOW_API,68,8,669,834,IAS_ACODE_PKG;IAS_ACODE_PKGIAS20142GET_A_NAMEI;IAS_ACTV_PKG;IAS_ACTV_PKGIAS20142CHK_ACTV;IAS_ACTV_PKGIAS20142CHK_PRIV_ACTVIAS;IAS_ACTV_PKGIAS20142GET_ACTV_NAMEIAS;IAS_CC_CODE_PKG;IAS_CC_CODE_PKGIAS20142CHECK_CC_PJIA;IAS_CC_CODE_PKGIAS20142CHECK_USE_PJI;IAS_CC_CODE_PKGIAS20142GET_CC_NAMEIA;IAS_CHECK_SYS_PKG;IAS_CHECK_SYS_PKGIAS20142CHECK_AC_ACY_INCTVI;IAS_CHK_BRN_UP_DEL_FNC;IAS_CHK_BRN_UP_DEL_FNCIAS20142IAS_CHK_BRN_UP_DEL_FNC;IAS_DBS_SYS_PKG;IAS_DBS_SYS_PKGIAS20142ALTR_DBSI;IAS_GEN_PKG;IAS_GEN_PKGIAS20142GET_CNTIA;IAS_GEN_PKGIAS20142GET_CURDATEIA;IAS_GEN_PKGIAS20142GET_CUR_RATEI;IAS_GEN_PKGIAS20142GET_DELETE_DOC_PERIOD;IAS_GEN_PKGIAS20142GET_FLD_VALUE;IAS_GEN_PKGIAS20142GET_FRM_PRVIA;IAS_GEN_PKGIAS20142GET_LOCAL_CUR;IAS_GEN_PKGIAS20142GET_MSGIA;IAS_GEN_PKGIAS20142GET_PROMPTIAS;IAS_GEN_PKGIAS20142GET_SYSDATEIA;IAS_GEN_PKGIAS20142GET_UPDATE_DOC_PERIOD;IAS_GEN_PKGIAS20142GET_USR_NMIAS;IAS_GET_DOC_DEL_FNC;IAS_GET_ENC_PASS_FNC;IAS_GET_ENC_PASS_FNCIAS20142IAS_GET_ENC_PASS_FNC;IAS_PJ_PKG;IAS_PJ_PKGIAS20142CHECK_PJ_ACTVI;IAS_PJ_PKGIAS20142CHECK_USE_ACTV;IAS_PJ_PKGIAS20142GET_ONE_PJ_ACTVIAS;IAS_PJ_PKGIAS20142GET_PJ_NAMEIAS;IAS_USR_PKG;IAS_USR_PKGIAS20142GET_USR_NMIAS;YS_GEN_PKG,CREATE/SAVE;UPDATE;DELETE/VOID;POST;PRINT,FMX_STRING_EVIDENCE,oracle_forms/deep_catalog/form_field_trigger_catalog.jsonl
BGTT004 - 10022016.fmx,ADMIN,ONEX_ADMIN_WINDOW_API,88,8,590,959,IAS_ACODE_PKG;IAS_ACODE_PKGIAS20155CHECK_ACYIA;IAS_ACODE_PKGIAS20155CHK_AC_CODE;IAS_ACODE_PKGIAS20155GET_AC_TYPE;IAS_ACODE_PKGIAS20155GET_CNT_ACY;IAS_ACODE_PKGIAS20155GET_ONE_ACY_ACI;IAS_ACTV_PKG;IAS_ACTV_PKGIAS20155CHK_ACTV;IAS_ACTV_PKGIAS20155CHK_PRIV_ACTVIAS;IAS_ACTV_PKGIAS20155GET_ACTV_NAMEIAS;IAS_CC_CODE_PKG;IAS_CC_CODE_PKGIAS20155CHECK_CC_PJIA;IAS_CC_CODE_PKGIAS20155CHECK_USE_PJI;IAS_CC_CODE_PKGIAS20155GET_CC_NAMEIA;IAS_CHECK_SYS_PKG;IAS_CHECK_SYS_PKGIAS20155CHECK_AC_ACY_INCTVI;IAS_CHK_BRN_UP_DEL_FNC;IAS_CHK_BRN_UP_DEL_FNCIAS20155IAS_CHK_BRN_UP_DEL_FNC;IAS_CSHBNK_PKG;IAS_CSHBNK_PKGIAS20155CHECK_MEDIATOR_BNK;IAS_CSHBNK_PKGIAS20155CHK_CB_BRN;IAS_CST_PKG;IAS_CST_PKGIAS20155GET_ONE_CC_CSTIAS;IAS_GEN_PKG;IAS_GEN_PKGIAS20155GET_CNTIA;IAS_GEN_PKGIAS20155GET_CURDATEIA;IAS_GEN_PKGIAS20155GET_CUR_RATEI;IAS_GEN_PKGIAS20155GET_DELETE_DOC_PERIOD;IAS_GEN_PKGIAS20155GET_FLD_VALUE;IAS_GEN_PKGIAS20155GET_FRM_PRVIA;IAS_GEN_PKGIAS20155GET_LOCAL_CUR;IAS_GEN_PKGIAS20155GET_MSGIA;IAS_GEN_PKGIAS20155GET_PROMPTIAS;IAS_GEN_PKGIAS20155GET_SYSDATEIA;IAS_GEN_PKGIAS20155GET_UPDATE_DOC_PERIOD;IAS_GEN_PKGIAS20155GET_USR_NMIAS;IAS_GET_DOC_DEL_FNC;IAS_GET_ENC_PASS_FNC;IAS_GET_ENC_PASS_FNCIAS20155IAS_GET_ENC_PASS_FNC;IAS_PJ_PKG,CREATE/SAVE;UPDATE;DELETE/VOID;POST;PRINT,FMX_STRING_EVIDENCE,oracle_forms/deep_catalog/form_field_trigger_catalog.jsonl
BGTT004.fmx,ADMIN,ONEX_ADMIN_WINDOW_API,90,8,669,1159,IAS_ACODE_PKG;IAS_ACODE_PKGIAS20142CHECK_ACYIA;IAS_ACODE_PKGIAS20142CHK_AC_CODE;IAS_ACODE_PKGIAS20142GET_AC_TYPE;IAS_ACODE_PKGIAS20142GET_CNT_ACY;IAS_ACODE_PKGIAS20142GET_ONE_ACY_ACI;IAS_ACTV_PKG;IAS_ACTV_PKGIAS20142CHK_ACTV;IAS_ACTV_PKGIAS20142CHK_PRIV_ACTVIAS;IAS_ACTV_PKGIAS20142GET_ACTV_NAMEIAS;IAS_CC_CODE_PKG;IAS_CC_CODE_PKGIAS20142CHECK_CC_PJIA;IAS_CC_CODE_PKGIAS20142CHECK_USE_PJI;IAS_CC_CODE_PKGIAS20142GET_CC_NAMEIA;IAS_CHECK_SYS_PKG;IAS_CHECK_SYS_PKGIAS20142CHECK_AC_ACY_INCTVI;IAS_CHECK_SYS_PKGIAS20142CHECK_CUR_RATEI;IAS_CHK_BRN_UP_DEL_FNC;IAS_CHK_BRN_UP_DEL_FNCIAS20142IAS_CHK_BRN_UP_DEL_FNC;IAS_CSHBNK_PKG;IAS_CSHBNK_PKGIAS20142CHECK_MEDIATOR_BNK;IAS_CSHBNK_PKGIAS20142CHK_CB_BRN;IAS_CST_PKG;IAS_CST_PKGIAS20142GET_ONE_CC_CSTIAS;IAS_GEN_PKG;IAS_GEN_PKGIAS20142GET_CNTIA;IAS_GEN_PKGIAS20142GET_CURDATEIA;IAS_GEN_PKGIAS20142GET_CUR_RATEI;IAS_GEN_PKGIAS20142GET_DELETE_DOC_PERIOD;IAS_GEN_PKGIAS20142GET_FLD_VALUE;IAS_GEN_PKGIAS20142GET_FRM_PRVIA;IAS_GEN_PKGIAS20142GET_LOCAL_CUR;IAS_GEN_PKGIAS20142GET_MSGIA;IAS_GEN_PKGIAS20142GET_PROMPTIAS;IAS_GEN_PKGIAS20142GET_SYSDATEIA;IAS_GEN_PKGIAS20142GET_UPDATE_DOC_PERIOD;IAS_GEN_PKGIAS20142GET_USR_NMIAS;IAS_GET_DOC_DEL_FNC;IAS_GET_ENC_PASS_FNC;IAS_GET_ENC_PASS_FNCIAS20142IAS_GET_ENC_PASS_FNC,CREATE/SAVE;UPDATE;DELETE/VOID;POST;PRINT,FMX_STRING_EVIDENCE,oracle_forms/deep_catalog/form_field_trigger_catalog.jsonl
COMR001.fmx,ADMIN,ONEX_ADMIN_WINDOW_API,18,2,440,541,IAS_CHECK_SYS_PKG;IAS_CHECK_SYS_PKGIAS20142CHECK_BT_DATEIA;IAS_CHECK_SYS_PKGIAS20142CHECK_BT_VALUEI;IAS_GEN_PKG;IAS_GEN_PKGIAS20142GET_FLG_NMIAS;IAS_GEN_PKGIAS20142GET_FRST_DAYI;IAS_GEN_PKGIAS20142GET_PROMPTIAS;IAS_GEN_PKGIAS20142GET_SYSDATEIA;IAS_GET_ENC_PASS_FNC;IAS_GET_ENC_PASS_FNCIAS20142IAS_GET_ENC_PASS_FNC;IAS_USR_PKG;IAS_USR_PKGIAS20142GET_USR_NMIAS,PRINT,FMX_STRING_EVIDENCE,oracle_forms/deep_catalog/form_field_trigger_catalog.jsonl
COMS001.fmx,ADMIN,ONEX_ADMIN_WINDOW_API,49,8,486,804,IAS_CHECK_SYS_PKG;IAS_CHECK_SYS_PKGIAS20142CHECK_BT_VALUEI;IAS_CST_PKG;IAS_CST_PKGIAS20142GET_C_NAMEIAS;IAS_GEN_PKG;IAS_GEN_PKGIAS20142GET_CNTIA;IAS_GEN_PKGIAS20142GET_CURDATEIA;IAS_GET_ENC_PASS_FNC;IAS_GET_ENC_PASS_FNCIAS20142IAS_GET_ENC_PASS_FNC;IAS_ITM_PKG;IAS_ITM_PKGIAS20142CHK_ICODE_UNITIAS;IAS_ITM_PKGIAS20142GET_ICODE_ONE_UNITIAS;IAS_ITM_PKGIAS20142GET_ICODE_SALES_UNITI;IAS_ITM_PKGIAS20142GET_ICODE_SIZE_UNITIA;IAS_ITM_PKGIAS20142GET_ICODE_UNIT_BY_LVL;IAS_ITM_PKGIAS20142GET_ITM_NAMEI;IAS_USR_PKG;IAS_USR_PKGIAS20142CHK_USR_FRM_PRVIA;IAS_USR_PKGIAS20142GET_USR_APPRV;IAS_USR_PKGIAS20142GET_USR_NMIAS;YS_GEN_PKG;YS_GEN_PKGIAS20142CHK_LOCK_RCRDY;YS_GEN_PKGIAS20142GET_PROMPT;YS_GEN_PKGIAS20142GET_USR_FLD_PRVYS_;YS_SRL_SCR_PKG;YS_SRL_SCR_PKGIAS20142GET_SYS_SQ,CREATE/SAVE;UPDATE;DELETE/VOID;POST;PRINT,FMX_STRING_EVIDENCE,oracle_forms/deep_catalog/form_field_trigger_catalog.jsonl
COMS002.fmx,ADMIN,ONEX_ADMIN_WINDOW_API,47,8,438,806,IAS_CHECK_SYS_PKG;IAS_CHECK_SYS_PKGIAS20142CHECK_BT_VALUEI;IAS_GEN_PKG;IAS_GEN_PKGIAS20142GET_CNTIA;IAS_GEN_PKGIAS20142GET_CURDATEIA;IAS_GET_ENC_PASS_FNC;IAS_GET_ENC_PASS_FNCIAS20142IAS_GET_ENC_PASS_FNC;IAS_ITM_PKG;IAS_ITM_PKGIAS20142CHK_ICODE_UNITIAS;IAS_ITM_PKGIAS20142GET_ICODE_ONE_UNITIAS;IAS_ITM_PKGIAS20142GET_ICODE_SALES_UNITI;IAS_ITM_PKGIAS20142GET_ICODE_SIZE_UNITIA;IAS_ITM_PKGIAS20142GET_ICODE_UNIT_BY_LVL;IAS_ITM_PKGIAS20142GET_ITM_NAMEI;IAS_USR_PKG;IAS_USR_PKGIAS20142CHK_USR_FRM_PRVIA;IAS_USR_PKGIAS20142GET_USR_APPRV;IAS_USR_PKGIAS20142GET_USR_NMIAS;YS_GEN_PKG;YS_GEN_PKGIAS20142CHK_LOCK_RCRDY;YS_GEN_PKGIAS20142GET_PROMPT;YS_GEN_PKGIAS20142GET_USR_FLD_PRVYS_;YS_SRL_SCR_PKG;YS_SRL_SCR_PKGIAS20142GET_SYS_SQ,CREATE/SAVE;UPDATE;DELETE/VOID;POST;PRINT,FMX_STRING_EVIDENCE,oracle_forms/deep_catalog/form_field_trigger_catalog.jsonl
COMS003.fmx,ADMIN,ONEX_ADMIN_WINDOW_API,40,8,437,721,IAS_CHECK_SYS_PKG;IAS_CHECK_SYS_PKGIAS20142CHECK_BT_VALUEI;IAS_GEN_PKG;IAS_GEN_PKGIAS20142GET_CNTIA;IAS_GEN_PKGIAS20142GET_CURDATEIA;IAS_GET_ENC_PASS_FNC;IAS_GET_ENC_PASS_FNCIAS20142IAS_GET_ENC_PASS_FNC;IAS_USR_PKG;IAS_USR_PKGIAS20142CHK_USR_FRM_PRVIA;IAS_USR_PKGIAS20142GET_USR_APPRV;IAS_USR_PKGIAS20142GET_USR_NMIAS;YS_GEN_PKG;YS_GEN_PKGIAS20142CHK_LOCK_RCRDY;YS_GEN_PKGIAS20142GET_PROMPT;YS_GEN_PKGIAS20142GET_USR_FLD_PRVYS_;YS_SRL_SCR_PKG;YS_SRL_SCR_PKGIAS20142GET_SYS_SQ,CREATE/SAVE;UPDATE;DELETE/VOID;POST;PRINT,FMX_STRING_EVIDENCE,oracle_forms/deep_catalog/form_field_trigger_catalog.jsonl
COMS004.fmx,ADMIN,ONEX_ADMIN_WINDOW_API,47,8,469,794,IAS_CHECK_SYS_PKG;IAS_CHECK_SYS_PKGIAS20142CHECK_BT_VALUEI;IAS_GEN_PKG;IAS_GEN_PKGIAS20142GET_CNTIA;IAS_GEN_PKGIAS20142GET_CURDATEIA;IAS_GET_ENC_PASS_FNC;IAS_GET_ENC_PASS_FNCIAS20142IAS_GET_ENC_PASS_FNC;IAS_ITM_PKG;IAS_ITM_PKGIAS20142CHK_ICODE_UNITIAS;IAS_ITM_PKGIAS20142GET_ICODE_ONE_UNITIAS;IAS_ITM_PKGIAS20142GET_ICODE_SALES_UNITI;IAS_ITM_PKGIAS20142GET_ICODE_SIZE_UNITIA;IAS_ITM_PKGIAS20142GET_ICODE_UNIT_BY_LVL;IAS_ITM_PKGIAS20142GET_ITM_NAMEI;IAS_USR_PKG;IAS_USR_PKGIAS20142CHK_USR_FRM_PRVIA;IAS_USR_PKGIAS20142GET_USR_APPRV;IAS_USR_PKGIAS20142GET_USR_NMIAS;YS_GEN_PKG;YS_GEN_PKGIAS20142CHK_LOCK_RCRDY;YS_GEN_PKGIAS20142GET_PROMPT;YS_GEN_PKGIAS20142GET_USR_FLD_PRVYS_;YS_SRL_SCR_PKG;YS_SRL_SCR_PKGIAS20142GET_SYS_SQ,CREATE/SAVE;UPDATE;DELETE/VOID;POST;PRINT,FMX_STRING_EVIDENCE,oracle_forms/deep_catalog/form_field_trigger_catalog.jsonl
COMT001.fmx,ADMIN,ONEX_ADMIN_WINDOW_API,57,8,501,896,IAS_CHECK_SYS_PKG;IAS_CHECK_SYS_PKGIAS20142CHECK_BT_DATEIA;IAS_CST_PKG;IAS_CST_PKGIAS20142GET_C_NAMEIAS;IAS_GEN_PKG;IAS_GEN_PKGIAS20142GET_CNTIA;IAS_GEN_PKGIAS20142GET_CURDATEIA;IAS_GEN_PKGIAS20142GET_SYSDATEIA;IAS_GET_ENC_PASS_FNC;IAS_GET_ENC_PASS_FNCIAS20142IAS_GET_ENC_PASS_FNC;IAS_ITM_PKG;IAS_ITM_PKGIAS20142CHK_ICODE_UNITIAS;IAS_ITM_PKGIAS20142GET_ICODE_ONE_UNITIAS;IAS_ITM_PKGIAS20142GET_ICODE_SALES_UNITI;IAS_ITM_PKGIAS20142GET_ICODE_SIZE_UNITIA;IAS_ITM_PKGIAS20142GET_ICODE_UNIT_BY_LVL;IAS_ITM_PKGIAS20142GET_ITM_NAMEI;IAS_USR_PKG;IAS_USR_PKGIAS20142CHK_USR_FRM_PRVIA;IAS_USR_PKGIAS20142GET_USR_APPRV;IAS_USR_PKGIAS20142GET_USR_NMIAS;YS_APPRVD_PKG;YS_APPRVD_PKGIAS20142DEL_APPRVD_LVLY;YS_APPRVD_PKGIAS20142INSRT_APPRVD_LVLYS_;YS_GEN_PKG;YS_GEN_PKGIAS20142CHK_LOCK_RCRDY;YS_GEN_PKGIAS20142GET_PROMPT;YS_GEN_PKGIAS20142GET_UPDATE_DOC_PERIODY;YS_GEN_PKGIAS20142GET_USR_FLD_PRVYS_;YS_SRL_SCR_PKG;YS_SRL_SCR_PKGIAS20142GET_SYS_SQ,CREATE/SAVE;UPDATE;DELETE/VOID;POST;PRINT,FMX_STRING_EVIDENCE,oracle_forms/deep_catalog/form_field_trigger_catalog.jsonl
COMT002.fmx,ADMIN,ONEX_ADMIN_WINDOW_API,53,8,467,839,IAS_CHECK_SYS_PKG;IAS_CHECK_SYS_PKGIAS20142CHECK_BT_DATEIA;IAS_GEN_PKG;IAS_GEN_PKGIAS20142GET_CNTIA;IAS_GEN_PKGIAS20142GET_CURDATEIA;IAS_GEN_PKGIAS20142GET_SYSDATEIA;IAS_GET_ENC_PASS_FNC;IAS_GET_ENC_PASS_FNCIAS20142IAS_GET_ENC_PASS_FNC;IAS_ITM_PKG;IAS_ITM_PKGIAS20142CHK_ICODE_UNITIAS;IAS_ITM_PKGIAS20142GET_ICODE_ONE_UNITIAS;IAS_ITM_PKGIAS20142GET_ICODE_SALES_UNITI;IAS_ITM_PKGIAS20142GET_ICODE_SIZE_UNITIA;IAS_ITM_PKGIAS20142GET_ICODE_UNIT_BY_LVL;IAS_ITM_PKGIAS20142GET_ITM_NAMEI;IAS_USR_PKG;IAS_USR_PKGIAS20142CHK_USR_FRM_PRVIA;IAS_USR_PKGIAS20142GET_USR_APPRV;IAS_USR_PKGIAS20142GET_USR_NMIAS;YS_APPRVD_PKG;YS_APPRVD_PKGIAS20142DEL_APPRVD_LVLY;YS_APPRVD_PKGIAS20142INSRT_APPRVD_LVLYS_;YS_GEN_PKG;YS_GEN_PKGIAS20142CHK_LOCK_RCRDY;YS_GEN_PKGIAS20142GET_PROMPT;YS_GEN_PKGIAS20142GET_UPDATE_DOC_PERIODY;YS_GEN_PKGIAS20142GET_USR_FLD_PRVYS_;YS_SRL_SCR_PKG;YS_SRL_SCR_PKGIAS20142GET_SYS_SQ,CREATE/SAVE;UPDATE;DELETE/VOID;POST;PRINT,FMX_STRING_EVIDENCE,oracle_forms/deep_catalog/form_field_trigger_catalog.jsonl
COMT003.fmx,ADMIN,ONEX_ADMIN_WINDOW_API,47,8,505,843,IAS_CHECK_SYS_PKG;IAS_CHECK_SYS_PKGIAS20142CHECK_BT_DATEIA;IAS_GEN_PKG;IAS_GEN_PKGIAS20142GET_CNTIA;IAS_GEN_PKGIAS20142GET_CURDATEIA;IAS_GEN_PKGIAS20142GET_SYSDATEIA;IAS_GET_ENC_PASS_FNC;IAS_GET_ENC_PASS_FNCIAS20142IAS_GET_ENC_PASS_FNC;IAS_USR_PKG;IAS_USR_PKGIAS20142CHK_USR_FRM_PRVIA;IAS_USR_PKGIAS20142GET_USR_APPRV;IAS_USR_PKGIAS20142GET_USR_NMIAS;YS_APPRVD_PKG;YS_APPRVD_PKGIAS20142DEL_APPRVD_LVLY;YS_APPRVD_PKGIAS20142INSRT_APPRVD_LVLYS_;YS_GEN_PKG;YS_GEN_PKGIAS20142CHK_LOCK_RCRDY;YS_GEN_PKGIAS20142GET_PROMPT;YS_GEN_PKGIAS20142GET_UPDATE_DOC_PERIODY;YS_GEN_PKGIAS20142GET_USR_FLD_PRVYS_;YS_SRL_SCR_PKG;YS_SRL_SCR_PKGIAS20142GET_SYS_SQ,CREATE/SAVE;UPDATE;DELETE/VOID;POST;PRINT,FMX_STRING_EVIDENCE,oracle_forms/deep_catalog/form_field_trigger_catalog.jsonl
COMT004.fmx,ADMIN,ONEX_ADMIN_WINDOW_API,53,8,459,835,IAS_CHECK_SYS_PKG;IAS_CHECK_SYS_PKGIAS20142CHECK_BT_DATEIA;IAS_GEN_PKG;IAS_GEN_PKGIAS20142GET_CNTIA;IAS_GEN_PKGIAS20142GET_CURDATEIA;IAS_GEN_PKGIAS20142GET_SYSDATEIA;IAS_GET_ENC_PASS_FNC;IAS_GET_ENC_PASS_FNCIAS20142IAS_GET_ENC_PASS_FNC;IAS_ITM_PKG;IAS_ITM_PKGIAS20142CHK_ICODE_UNITIAS;IAS_ITM_PKGIAS20142GET_ICODE_ONE_UNITIAS;IAS_ITM_PKGIAS20142GET_ICODE_SALES_UNITI;IAS_ITM_PKGIAS20142GET_ICODE_SIZE_UNITIA;IAS_ITM_PKGIAS20142GET_ICODE_UNIT_BY_LVL;IAS_ITM_PKGIAS20142GET_ITM_NAMEI;IAS_USR_PKG;IAS_USR_PKGIAS20142CHK_USR_FRM_PRVIA;IAS_USR_PKGIAS20142GET_USR_APPRV;IAS_USR_PKGIAS20142GET_USR_NMIAS;YS_APPRVD_PKG;YS_APPRVD_PKGIAS20142DEL_APPRVD_LVLY;YS_APPRVD_PKGIAS20142INSRT_APPRVD_LVLYS_;YS_GEN_PKG;YS_GEN_PKGIAS20142CHK_LOCK_RCRDY;YS_GEN_PKGIAS20142GET_PROMPT;YS_GEN_PKGIAS20142GET_UPDATE_DOC_PERIODY;YS_GEN_PKGIAS20142GET_USR_FLD_PRVYS_;YS_SRL_SCR_PKG;YS_SRL_SCR_PKGIAS20142GET_SYS_SQ,CREATE/SAVE;UPDATE;DELETE/VOID;POST;PRINT,FMX_STRING_EVIDENCE,oracle_forms/deep_catalog/form_field_trigger_catalog.jsonl
DTSI001.fmx,ADMIN,ONEX_ADMIN_WINDOW_API,33,8,391,546,IAS_GEN_PKG;IAS_GEN_PKGIAS20142GET_CNTIA;IAS_GEN_PKGIAS20142GET_FLD_VALUE;IAS_GET_ENC_PASS_FNC;IAS_GET_ENC_PASS_FNCIAS20142IAS_GET_ENC_PASS_FNC;IAS_USR_PKG;IAS_USR_PKGIAS20142CHK_USR_FRM_PRVIA;IAS_USR_PKGIAS20142GET_USR_APPRV;IAS_USR_PKGIAS20142GET_USR_NMIAS;YS_GEN_PKG;YS_GEN_PKGIAS20142GET_USR_FLD_PRVYS_,CREATE/SAVE;UPDATE;DELETE/VOID;POST;PRINT,FMX_STRING_EVIDENCE,oracle_forms/deep_catalog/form_field_trigger_catalog.jsonl
DTSI002.fmx,ADMIN,ONEX_ADMIN_WINDOW_API,33,8,336,544,IAS_GEN_PKG;IAS_GEN_PKGIAS20142GET_CNTIA;IAS_GEN_PKGIAS20142GET_FLD_VALUE;IAS_GET_ENC_PASS_FNC;IAS_GET_ENC_PASS_FNCIAS20142IAS_GET_ENC_PASS_FNC;IAS_USR_PKG;IAS_USR_PKGIAS20142CHK_USR_FRM_PRVIA;IAS_USR_PKGIAS20142GET_USR_APPRV;IAS_USR_PKGIAS20142GET_USR_NMIAS;YS_GEN_PKG;YS_GEN_PKGIAS20142GET_USR_FLD_PRVYS_,CREATE/SAVE;UPDATE;DELETE/VOID;POST;PRINT,FMX_STRING_EVIDENCE,oracle_forms/deep_catalog/form_field_trigger_catalog.jsonl
DTSI003.fmx,ADMIN,ONEX_ADMIN_WINDOW_API,41,8,481,646,IAS_CHECK_SYS_PKG;IAS_CHECK_SYS_PKGIAS20142CHECK_BT_VALUEI;IAS_GEN_PKG;IAS_GEN_PKGIAS20142GET_CNTIA;IAS_GEN_PKGIAS20142GET_FLD_VALUE;IAS_GET_ENC_PASS_FNC;IAS_GET_ENC_PASS_FNCIAS20142IAS_GET_ENC_PASS_FNC;IAS_ITM_PKG;IAS_ITM_PKGIAS20142CHK_ICODE_UNITIAS;IAS_ITM_PKGIAS20142GET_ICODE_ONE_UNITIAS;IAS_ITM_PKGIAS20142GET_ICODE_SALES_UNITI;IAS_ITM_PKGIAS20142GET_ICODE_SIZE_UNITIA;IAS_ITM_PKGIAS20142GET_ICODE_UNIT_BY_LVL;IAS_USR_PKG;IAS_USR_PKGIAS20142CHK_USR_FRM_PRVIA;IAS_USR_PKGIAS20142GET_USR_APPRV;IAS_USR_PKGIAS20142GET_USR_NMIAS;YS_GEN_PKG;YS_GEN_PKGIAS20142GET_USR_FLD_PRVYS_,CREATE/SAVE;UPDATE;DELETE/VOID;POST;PRINT,FMX_STRING_EVIDENCE,oracle_forms/deep_catalog/form_field_trigger_catalog.jsonl
DTSI004.fmx,ADMIN,ONEX_ADMIN_WINDOW_API,40,8,467,752,IAS_CST_PKG;IAS_CST_PKGIAS20142GET_C_NAMEIAS;IAS_GEN_PKG;IAS_GEN_PKGIAS20142GET_CNTIA;IAS_GET_ENC_PASS_FNC;IAS_GET_ENC_PASS_FNCIAS20142IAS_GET_ENC_PASS_FNC;IAS_ITM_PKG;IAS_ITM_PKGIAS20142CHK_ICODE_UNITIAS;IAS_ITM_PKGIAS20142GET_ICODE_ONE_UNITIAS;IAS_ITM_PKGIAS20142GET_ICODE_SALES_UNITI;IAS_ITM_PKGIAS20142GET_ICODE_SIZE_UNITIA;IAS_ITM_PKGIAS20142GET_ICODE_UNIT_BY_LVL;IAS_USR_PKG;IAS_USR_PKGIAS20142CHK_USR_FRM_PRVIA;IAS_USR_PKGIAS20142GET_USR_APPRV;IAS_USR_PKGIAS20142GET_USR_NMIAS;YS_GEN_PKG;YS_GEN_PKGIAS20142GET_USR_FLD_PRVYS_,CREATE/SAVE;UPDATE;DELETE/VOID;POST;PRINT,FMX_STRING_EVIDENCE,oracle_forms/deep_catalog/form_field_trigger_catalog.jsonl
DTSI005.fmx,ADMIN,ONEX_ADMIN_WINDOW_API,33,8,510,691,IAS_GEN_PKG;IAS_GEN_PKGIAS20142GET_CNTIA;IAS_GEN_PKGIAS20142GET_FRM_PRVIA;IAS_GET_ENC_PASS_FNC;IAS_GET_ENC_PASS_FNCIAS20142IAS_GET_ENC_PASS_FNC;IAS_USR_PKG;IAS_USR_PKGIAS20142CHK_USR_FRM_PRVIA;IAS_USR_PKGIAS20142GET_USR_APPRV;IAS_USR_PKGIAS20142GET_USR_NMIAS;YS_GEN_PKG;YS_GEN_PKGIAS20142GET_USR_FLD_PRVYS_,CREATE/SAVE;UPDATE;DELETE/VOID;POST;PRINT,FMX_STRING_EVIDENCE,oracle_forms/deep_catalog/form_field_trigger_catalog.jsonl
DTSI006.fmx,ADMIN,ONEX_ADMIN_WINDOW_API,33,8,94,340,IAS_GET_ENC_PASS_FNC;IAS_GET_ENC_PASS_FNCIAS20142IAS_GET_ENC_PASS_FNC;IAS_USR_PKG;IAS_USR_PKGIAS20142CHK_USR_FRM_PRVIA;IAS_USR_PKGIAS20142GET_USR_APPRV;IAS_USR_PKGIAS20142GET_USR_NMIAS;YS_GEN_PKG;YS_GEN_PKGIAS20142CHK_LOCK_RCRDY;YS_GEN_PKGIAS20142GET_USR_FLD_PRVYS_;YS_SRL_SCR_PKG;YS_SRL_SCR_PKGIAS20142GET_SYS_SQ,CREATE/SAVE;UPDATE;DELETE/VOID;POST;PRINT,FMX_STRING_EVIDENCE,oracle_forms/deep_catalog/form_field_trigger_catalog.jsonl
DTSR001.fmx,ADMIN,ONEX_ADMIN_WINDOW_API,14,2,374,586,IAS_CHECK_SYS_PKG;IAS_CHECK_SYS_PKGIAS20142CHECK_BT_VALUEI;IAS_GET_ENC_PASS_FNC;IAS_GET_ENC_PASS_FNCIAS20142IAS_GET_ENC_PASS_FNC;IAS_USR_PKG;IAS_USR_PKGIAS20142GET_USR_NMIAS,PRINT,FMX_STRING_EVIDENCE,oracle_forms/deep_catalog/form_field_trigger_catalog.jsonl
DTSR002.fmx,ADMIN,ONEX_ADMIN_WINDOW_API,16,2,332,538,IAS_CHECK_SYS_PKG;IAS_CHECK_SYS_PKGIAS20142CHECK_BT_VALUEI;IAS_GEN_PKG;IAS_GEN_PKGIAS20142GET_PROMPTIAS;IAS_GET_ENC_PASS_FNC;IAS_GET_ENC_PASS_FNCIAS20142IAS_GET_ENC_PASS_FNC;IAS_USR_PKG;IAS_USR_PKGIAS20142GET_USR_NMIAS,PRINT,FMX_STRING_EVIDENCE,oracle_forms/deep_catalog/form_field_trigger_catalog.jsonl
DTSR003.fmx,ADMIN,ONEX_ADMIN_WINDOW_API,16,2,333,545,IAS_CHECK_SYS_PKG;IAS_CHECK_SYS_PKGIAS20142CHECK_BT_VALUEI;IAS_GEN_PKG;IAS_GEN_PKGIAS20142GET_PROMPTIAS;IAS_GET_ENC_PASS_FNC;IAS_GET_ENC_PASS_FNCIAS20142IAS_GET_ENC_PASS_FNC;IAS_USR_PKG;IAS_USR_PKGIAS20142GET_USR_NMIAS,PRINT,FMX_STRING_EVIDENCE,oracle_forms/deep_catalog/form_field_trigger_catalog.jsonl
DTSR004.fmx,ADMIN,ONEX_ADMIN_WINDOW_API,16,2,394,581,IAS_CHECK_SYS_PKG;IAS_CHECK_SYS_PKGIAS20142CHECK_BT_VALUEI;IAS_GEN_PKG;IAS_GEN_PKGIAS20142GET_PROMPTIAS;IAS_GET_ENC_PASS_FNC;IAS_GET_ENC_PASS_FNCIAS20142IAS_GET_ENC_PASS_FNC;IAS_USR_PKG;IAS_USR_PKGIAS20142GET_USR_NMIAS,PRINT,FMX_STRING_EVIDENCE,oracle_forms/deep_catalog/form_field_trigger_catalog.jsonl
DTSR005.fmx,ADMIN,ONEX_ADMIN_WINDOW_API,19,2,362,552,IAS_CHECK_SYS_PKG;IAS_CHECK_SYS_PKGIAS20142CHECK_BT_DATEIA;IAS_CHECK_SYS_PKGIAS20142CHECK_BT_VALUEI;IAS_GEN_PKG;IAS_GEN_PKGIAS20142GET_FRST_DAYI;IAS_GEN_PKGIAS20142GET_PROMPTIAS;IAS_GEN_PKGIAS20142GET_SYSDATEIA;IAS_GET_ENC_PASS_FNC;IAS_GET_ENC_PASS_FNCIAS20142IAS_GET_ENC_PASS_FNC;IAS_USR_PKG;IAS_USR_PKGIAS20142GET_USR_NMIAS,PRINT,FMX_STRING_EVIDENCE,oracle_forms/deep_catalog/form_field_trigger_catalog.jsonl
DTSR006.fmx,ADMIN,ONEX_ADMIN_WINDOW_API,19,2,362,552,IAS_CHECK_SYS_PKG;IAS_CHECK_SYS_PKGIAS20142CHECK_BT_DATEIA;IAS_CHECK_SYS_PKGIAS20142CHECK_BT_VALUEI;IAS_GEN_PKG;IAS_GEN_PKGIAS20142GET_FRST_DAYI;IAS_GEN_PKGIAS20142GET_PROMPTIAS;IAS_GEN_PKGIAS20142GET_SYSDATEIA;IAS_GET_ENC_PASS_FNC;IAS_GET_ENC_PASS_FNCIAS20142IAS_GET_ENC_PASS_FNC;IAS_USR_PKG;IAS_USR_PKGIAS20142GET_USR_NMIAS,PRINT,FMX_STRING_EVIDENCE,oracle_forms/deep_catalog/form_field_trigger_catalog.jsonl
DTSR007.fmx,ADMIN,ONEX_ADMIN_WINDOW_API,19,2,364,567,IAS_CHECK_SYS_PKG;IAS_CHECK_SYS_PKGIAS20142CHECK_BT_DATEIA;IAS_CHECK_SYS_PKGIAS20142CHECK_BT_VALUEI;IAS_GEN_PKG;IAS_GEN_PKGIAS20142GET_FRST_DAYI;IAS_GEN_PKGIAS20142GET_PROMPTIAS;IAS_GEN_PKGIAS20142GET_SYSDATEIA;IAS_GET_ENC_PASS_FNC;IAS_GET_ENC_PASS_FNCIAS20142IAS_GET_ENC_PASS_FNC;IAS_USR_PKG;IAS_USR_PKGIAS20142GET_USR_NMIAS,PRINT,FMX_STRING_EVIDENCE,oracle_forms/deep_catalog/form_field_trigger_catalog.jsonl
DTSR008.fmx,ADMIN,ONEX_ADMIN_WINDOW_API,19,2,285,575,IAS_CHECK_SYS_PKG;IAS_CHECK_SYS_PKGIAS20142CHECK_BT_DATEIA;IAS_CHECK_SYS_PKGIAS20142CHECK_BT_VALUEI;IAS_GEN_PKG;IAS_GEN_PKGIAS20142GET_FRST_DAYI;IAS_GEN_PKGIAS20142GET_PROMPTIAS;IAS_GEN_PKGIAS20142GET_SYSDATEIA;IAS_GET_ENC_PASS_FNC;IAS_GET_ENC_PASS_FNCIAS20142IAS_GET_ENC_PASS_FNC;IAS_USR_PKG;IAS_USR_PKGIAS20142GET_USR_NMIAS,PRINT,FMX_STRING_EVIDENCE,oracle_forms/deep_catalog/form_field_trigger_catalog.jsonl
DTSR009.fmx,ADMIN,ONEX_ADMIN_WINDOW_API,17,2,334,376,IAS_CHECK_SYS_PKG;IAS_CHECK_SYS_PKGIAS20142CHECK_BT_DATEIA;IAS_CHECK_SYS_PKGIAS20142CHECK_BT_VALUEI;IAS_GEN_PKG;IAS_GEN_PKGIAS20142GET_FRST_DAYI;IAS_GEN_PKGIAS20142GET_PROMPTIAS;IAS_GEN_PKGIAS20142GET_SYSDATEIA;IAS_GET_ENC_PASS_FNC;IAS_GET_ENC_PASS_FNCIAS20142IAS_GET_ENC_PASS_FNC;IAS_USR_PKG;IAS_USR_PKGIAS20142GET_USR_NMIAS,PRINT,FMX_STRING_EVIDENCE,oracle_forms/deep_catalog/form_field_trigger_catalog.jsonl
DTSR010.fmx,ADMIN,ONEX_ADMIN_WINDOW_API,17,2,335,376,IAS_CHECK_SYS_PKG;IAS_CHECK_SYS_PKGIAS20142CHECK_BT_DATEIA;IAS_CHECK_SYS_PKGIAS20142CHECK_BT_VALUEI;IAS_GEN_PKG;IAS_GEN_PKGIAS20142GET_FRST_DAYI;IAS_GEN_PKGIAS20142GET_PROMPTIAS;IAS_GEN_PKGIAS20142GET_SYSDATEIA;IAS_GET_ENC_PASS_FNC;IAS_GET_ENC_PASS_FNCIAS20142IAS_GET_ENC_PASS_FNC;IAS_USR_PKG;IAS_USR_PKGIAS20142GET_USR_NMIAS,PRINT,FMX_STRING_EVIDENCE,oracle_forms/deep_catalog/form_field_trigger_catalog.jsonl
DTSS001.fmx,ADMIN,ONEX_ADMIN_WINDOW_API,33,8,228,500,IAS_GEN_PKG;IAS_GEN_PKGIAS20142GET_PROMPTIAS;IAS_GET_ENC_PASS_FNC;IAS_GET_ENC_PASS_FNCIAS20142IAS_GET_ENC_PASS_FNC;IAS_USR_PKG;IAS_USR_PKGIAS20142CHK_USR_FRM_PRVIA;IAS_USR_PKGIAS20142GET_USR_APPRV;IAS_USR_PKGIAS20142GET_USR_NMIAS;YS_GEN_PKG;YS_GEN_PKGIAS20142GET_USR_FLD_PRVYS_;YS_SRL_SCR_PKG;YS_SRL_SCR_PKGIAS20142GET_SYS_SQ,CREATE/SAVE;UPDATE;DELETE/VOID;POST;PRINT,FMX_STRING_EVIDENCE,oracle_forms/deep_catalog/form_field_trigger_catalog.jsonl
DTSS002.fmx,ADMIN,ONEX_ADMIN_WINDOW_API,33,8,335,541,IAS_GEN_PKG;IAS_GEN_PKGIAS20142GET_CNTIA;IAS_GEN_PKGIAS20142GET_FLD_VALUE;IAS_GET_ENC_PASS_FNC;IAS_GET_ENC_PASS_FNCIAS20142IAS_GET_ENC_PASS_FNC;IAS_USR_PKG;IAS_USR_PKGIAS20142CHK_USR_FRM_PRVIA;IAS_USR_PKGIAS20142GET_USR_APPRV;IAS_USR_PKGIAS20142GET_USR_NMIAS;YS_GEN_PKG;YS_GEN_PKGIAS20142GET_USR_FLD_PRVYS_,CREATE/SAVE;UPDATE;DELETE/VOID;POST;PRINT,FMX_STRING_EVIDENCE,oracle_forms/deep_catalog/form_field_trigger_catalog.jsonl
DTSS003.fmx,ADMIN,ONEX_ADMIN_WINDOW_API,34,8,282,537,IAS_GEN_PKG;IAS_GEN_PKGIAS20142GET_CNTIA;IAS_GEN_PKGIAS20142GET_FLD_VALUE;IAS_GEN_PKGIAS20142GET_PROMPTIAS;IAS_GET_ENC_PASS_FNC;IAS_GET_ENC_PASS_FNCIAS20142IAS_GET_ENC_PASS_FNC;IAS_USR_PKG;IAS_USR_PKGIAS20142CHK_USR_FRM_PRVIA;IAS_USR_PKGIAS20142GET_USR_APPRV;IAS_USR_PKGIAS20142GET_USR_NMIAS;YS_GEN_PKG;YS_GEN_PKGIAS20142GET_USR_FLD_PRVYS_,CREATE/SAVE;UPDATE;DELETE/VOID;POST;PRINT,FMX_STRING_EVIDENCE,oracle_forms/deep_catalog/form_field_trigger_catalog.jsonl
DTSS006.fmx,ADMIN,ONEX_ADMIN_WINDOW_API,31,8,227,496,IAS_GET_ENC_PASS_FNC;IAS_GET_ENC_PASS_FNCIAS20142IAS_GET_ENC_PASS_FNC;IAS_USR_PKG;IAS_USR_PKGIAS20142CHK_USR_FRM_PRVIA;IAS_USR_PKGIAS20142GET_USR_APPRV;IAS_USR_PKGIAS20142GET_USR_NMIAS;YS_GEN_PKG;YS_GEN_PKGIAS20142GET_USR_FLD_PRVYS_;YS_SRL_SCR_PKG;YS_SRL_SCR_PKGIAS20142GET_SYS_SQ,CREATE/SAVE;UPDATE;DELETE/VOID;POST;PRINT,FMX_STRING_EVIDENCE,oracle_forms/deep_catalog/form_field_trigger_catalog.jsonl
DTST001.fmx,ADMIN,ONEX_ADMIN_WINDOW_API,55,8,656,958,IAS_AUDIT_OTHR_PKG;IAS_AUDIT_OTHR_PKGIAS20142AUDIT_OTHR_PRC;IAS_CHECK_SYS_PKG;IAS_CHECK_SYS_PKGIAS20142CHECK_BT_VALUEI;IAS_GEN_PKG;IAS_GEN_PKGIAS20142GET_CNTIA;IAS_GEN_PKGIAS20142GET_CURDATEIA;IAS_GEN_PKGIAS20142GET_DELETE_DOC_PERIOD;IAS_GEN_PKGIAS20142GET_PROMPTIAS;IAS_GEN_PKGIAS20142GET_SYSDATEIA;IAS_GEN_PKGIAS20142GET_UPDATE_DOC_PERIOD;IAS_GEN_PKGIAS20142GET_USR_NMIAS;IAS_GET_ENC_PASS_FNC;IAS_GET_ENC_PASS_FNCIAS20142IAS_GET_ENC_PASS_FNC;IAS_ITM_PKG;IAS_ITM_PKGIAS20142CHK_ICODE_UNITIAS;IAS_ITM_PKGIAS20142GET_ICODE_ONE_UNITIAS;IAS_ITM_PKGIAS20142GET_ICODE_SALES_UNITI;IAS_ITM_PKGIAS20142GET_ICODE_SIZE_UNITIA;IAS_ITM_PKGIAS20142GET_ICODE_UNIT_BY_LVL;IAS_USR_PKG;IAS_USR_PKGIAS20142CHK_USR_FRM_PRVIA;IAS_USR_PKGIAS20142GET_USR_APPRV;IAS_USR_PKGIAS20142GET_USR_NMIAS;YS_APPRVD_PKG;YS_APPRVD_PKGIAS20142DEL_APPRVD_LVLY;YS_APPRVD_PKGIAS20142INSRT_APPRVD_LVLYS_;YS_GEN_PKG;YS_GEN_PKGIAS20142GET_USR_FLD_PRVYS_,CREATE/SAVE;UPDATE;DELETE/VOID;POST;PRINT,FMX_STRING_EVIDENCE,oracle_forms/deep_catalog/form_field_trigger_catalog.jsonl
DTST002.fmx,ADMIN,ONEX_ADMIN_WINDOW_API,41,8,528,800,IAS_AUDIT_OTHR_PKG;IAS_AUDIT_OTHR_PKGIAS201670AUDIT_OTHR_PRCIAS;IAS_GEN_PKG;IAS_GEN_PKGIAS201670GET_DELETE_DOC_PERIODIAS;IAS_GEN_PKGIAS201670GET_FLG_NMIA;IAS_GEN_PKGIAS201670GET_PROMPTIA;IAS_GEN_PKGIAS201670GET_SYSDATEI;IAS_GEN_PKGIAS201670GET_UPDATE_DOC_PERIODIAS;IAS_GET_ENC_PASS_FNC;IAS_USR_PKG;IAS_USR_PKGIAS201670CHK_USR_FRM_PRVI;IAS_USR_PKGIAS201670GET_USR_APPRVIAS;IAS_USR_PKGIAS201670GET_USR_NMIA;YS_APPRVD_PKG;YS_APPRVD_PKGIAS201670INSRT_APPRVD_LVLYS;YS_GEN_PKG;YS_GEN_PKGIAS201670GET_USR_FLD_PRVYS,CREATE/SAVE;UPDATE;DELETE/VOID;POST;PRINT,FMX_STRING_EVIDENCE,oracle_forms/deep_catalog/form_field_trigger_catalog.jsonl
DTST003.fmx,ADMIN,ONEX_ADMIN_WINDOW_API,46,8,631,947,IAS_AUDIT_OTHR_PKG;IAS_AUDIT_OTHR_PKGIAS20142AUDIT_OTHR_PRC;IAS_GEN_PKG;IAS_GEN_PKGIAS20142GET_CNTIA;IAS_GEN_PKGIAS20142GET_PROMPTIAS;IAS_GEN_PKGIAS20142GET_UPDATE_DOC_PERIOD;IAS_GET_ENC_PASS_FNC;IAS_GET_ENC_PASS_FNCIAS20142IAS_GET_ENC_PASS_FNC;IAS_USR_PKG;IAS_USR_PKGIAS20142CHK_USR_FRM_PRVIA;IAS_USR_PKGIAS20142GET_USR_APPRV;IAS_USR_PKGIAS20142GET_USR_NMIAS;YS_GEN_PKG;YS_GEN_PKGIAS20142GET_CNTYS_;YS_GEN_PKGIAS20142GET_DELETE_DOC_PERIODY;YS_GEN_PKGIAS20142GET_UPDATE_DOC_PERIODY;YS_GEN_PKGIAS20142GET_USR_FLD_PRVYS_;YS_SRL_SCR_PKG;YS_SRL_SCR_PKGIAS20142GET_SYS_SQ,CREATE/SAVE;UPDATE;DELETE/VOID;POST;PRINT,FMX_STRING_EVIDENCE,oracle_forms/deep_catalog/form_field_trigger_catalog.jsonl
DTST004.fmx,ADMIN,ONEX_ADMIN_WINDOW_API,49,8,367,747,IAS_AUDIT_OTHR_PKG;IAS_AUDIT_OTHR_PKGIAS20142AUDIT_OTHR_PRC;IAS_CHECK_SYS_PKG;IAS_CHECK_SYS_PKGIAS20142CHECK_CUR_RATEI;IAS_GEN_PKG;IAS_GEN_PKGIAS20142GET_CURDATEIA;IAS_GEN_PKGIAS20142GET_CUR_RATEI;IAS_GEN_PKGIAS20142GET_DELETE_DOC_PERIOD;IAS_GEN_PKGIAS20142GET_PROMPTIAS;IAS_GEN_PKGIAS20142GET_SYSDATEIA;IAS_GEN_PKGIAS20142GET_UPDATE_DOC_PERIOD;IAS_GEN_PKGIAS20142GET_USR_NMIAS;IAS_GET_ENC_PASS_FNC;IAS_GET_ENC_PASS_FNCIAS20142IAS_GET_ENC_PASS_FNC;IAS_USR_PKG;IAS_USR_PKGIAS20142CHK_USR_FRM_PRVIA;IAS_USR_PKGIAS20142GET_USR_APPRV;IAS_USR_PKGIAS20142GET_USR_NMIAS;YS_APPRVD_PKG;YS_APPRVD_PKGIAS20142DEL_APPRVD_LVLY;YS_APPRVD_PKGIAS20142INSRT_APPRVD_LVLYS_;YS_GEN_PKG;YS_GEN_PKGIAS20142GET_USR_FLD_PRVYS_;YS_SRL_SCR_PKG;YS_SRL_SCR_PKGIAS20142GET_SYS_SQ,CREATE/SAVE;UPDATE;DELETE/VOID;POST;PRINT,FMX_STRING_EVIDENCE,oracle_forms/deep_catalog/form_field_trigger_catalog.jsonl
DTST005.fmx,ADMIN,ONEX_ADMIN_WINDOW_API,44,8,534,849,IAS_AUDIT_OTHR_PKG;IAS_AUDIT_OTHR_PKGIAS20142AUDIT_OTHR_PRC;IAS_CHECK_SYS_PKG;IAS_CHECK_SYS_PKGIAS20142CHECK_BT_VALUEI;IAS_GEN_PKG;IAS_GEN_PKGIAS20142GET_CNTIA;IAS_GEN_PKGIAS20142GET_DELETE_DOC_PERIOD;IAS_GEN_PKGIAS20142GET_PROMPTIAS;IAS_GEN_PKGIAS20142GET_SYSDATEIA;IAS_GEN_PKGIAS20142GET_UPDATE_DOC_PERIOD;IAS_GET_ENC_PASS_FNC;IAS_GET_ENC_PASS_FNCIAS20142IAS_GET_ENC_PASS_FNC;IAS_ITM_PKG;IAS_ITM_PKGIAS20142GET_ITM_NAMEI;IAS_USR_PKG;IAS_USR_PKGIAS20142CHK_USR_FRM_PRVIA;IAS_USR_PKGIAS20142GET_USR_APPRV;IAS_USR_PKGIAS20142GET_USR_NMIAS;YS_GEN_PKG;YS_GEN_PKGIAS20142GET_USR_FLD_PRVYS_,CREATE/SAVE;UPDATE;DELETE/VOID;POST;PRINT,FMX_STRING_EVIDENCE,oracle_forms/deep_catalog/form_field_trigger_catalog.jsonl
DTST006.fmx,ADMIN,ONEX_ADMIN_WINDOW_API,44,8,490,790,IAS_AUDIT_OTHR_PKG;IAS_AUDIT_OTHR_PKGIAS20142AUDIT_OTHR_PRC;IAS_CHECK_SYS_PKG;IAS_CHECK_SYS_PKGIAS20142CHECK_BT_VALUEI;IAS_GEN_PKG;IAS_GEN_PKGIAS20142GET_CNTIA;IAS_GEN_PKGIAS20142GET_DELETE_DOC_PERIOD;IAS_GEN_PKGIAS20142GET_PROMPTIAS;IAS_GEN_PKGIAS20142GET_SYSDATEIA;IAS_GEN_PKGIAS20142GET_UPDATE_DOC_PERIOD;IAS_GET_ENC_PASS_FNC;IAS_GET_ENC_PASS_FNCIAS20142IAS_GET_ENC_PASS_FNC;IAS_ITM_PKG;IAS_ITM_PKGIAS20142CHK_ICODE_UNITIAS;IAS_USR_PKG;IAS_USR_PKGIAS20142CHK_USR_FRM_PRVIA;IAS_USR_PKGIAS20142GET_USR_APPRV;IAS_USR_PKGIAS20142GET_USR_NMIAS;YS_GEN_PKG;YS_GEN_PKGIAS20142GET_USR_FLD_PRVYS_,CREATE/SAVE;UPDATE;DELETE/VOID;POST;PRINT,FMX_STRING_EVIDENCE,oracle_forms/deep_catalog/form_field_trigger_catalog.jsonl
DTST010.fmx,ADMIN,ONEX_ADMIN_WINDOW_API,41,8,255,607,IAS_CHECK_SYS_PKG;IAS_CHECK_SYS_PKGIAS20142CHECK_BT_VALUEI;IAS_CST_PKG;IAS_CST_PKGIAS20142GET_C_NAMEIAS;IAS_GEN_PKG;IAS_GEN_PKGIAS20142GET_CODE_NMIA;IAS_GET_ENC_PASS_FNC;IAS_GET_ENC_PASS_FNCIAS20142IAS_GET_ENC_PASS_FNC;IAS_SMAN_PKG;IAS_SMAN_PKGIAS20142GET_SMAN_NAMEIAS;IAS_USR_PKG;IAS_USR_PKGIAS20142CHK_USR_FRM_PRVIA;IAS_USR_PKGIAS20142GET_USR_APPRV;IAS_USR_PKGIAS20142GET_USR_NMIAS;YS_GEN_PKG;YS_GEN_PKGIAS20142CHK_LOCK_RCRDY;YS_GEN_PKGIAS20142GET_USR_FLD_PRVYS_;YS_SRL_SCR_PKG;YS_SRL_SCR_PKGIAS20142GET_SYS_SQ,CREATE/SAVE;UPDATE;DELETE/VOID;POST;PRINT,FMX_STRING_EVIDENCE,oracle_forms/deep_catalog/form_field_trigger_catalog.jsonl
DTST020.fmx,ADMIN,ONEX_ADMIN_WINDOW_API,72,8,956,1142,IAS_ATTACH_ITM_PKG;IAS_ATTACH_ITM_PKGIAS20142GET_ATTACH_NAMEIAS;IAS_CC_CODE_PKG;IAS_CC_CODE_PKGIAS20142GET_CC_NO;IAS_CC_CODE_PKGIAS20142GET_CC_SERIAS;IAS_CHECK_SYS_PKG;IAS_CHECK_SYS_PKGIAS20142CHECK_BT_DATEIA;IAS_CHECK_SYS_PKGIAS20142CHECK_BT_VALUEI;IAS_CSHBNK_PKG;IAS_CSHBNK_PKGIAS20142GET_CB_SER;IAS_GEN_PKG;IAS_GEN_PKGIAS20142GET_CNTIA;IAS_GEN_PKGIAS20142GET_CURDATEIA;IAS_GEN_PKGIAS20142GET_CUR_RATEI;IAS_GEN_PKGIAS20142GET_FRST_DAYI;IAS_GEN_PKGIAS20142GET_MSGIA;IAS_GEN_PKGIAS20142GET_PROMPTIAS;IAS_GEN_PKGIAS20142GET_STK_CURIA;IAS_GET_ENC_PASS_FNC;IAS_GET_ENC_PASS_FNCIAS20142IAS_GET_ENC_PASS_FNC;IAS_INSRT_OUT_BILLS_PKG;IAS_INSRT_OUT_BILLS_PKGIAS20142GET_OUT_NOIAS;IAS_INSRT_OUT_BILLS_PKGIAS20142GET_OUT_SERIA;IAS_INSRT_OUT_BILLS_PKGIAS20142GET_RET_NOIAS;IAS_INSRT_OUT_BILLS_PKGIAS20142GET_RET_SERIA;IAS_INSRT_OUT_BILLS_PKGIAS20142INSRT_OUT_BILLSIA;IAS_INSRT_OUT_BILLS_PKGIAS20142INSRT_RET_BILLSIA;IAS_ITM_INV_PKG;IAS_ITM_INV_PKGIAS20142GET_ITM_COSTI;IAS_ITM_INV_PKGIAS20142INSRT_GR_DTLI;IAS_ITM_INV_PKGIAS20142INSRT_GR_MSTI;IAS_ITM_INV_PKGIAS20142INSRT_IAS_ITM_WCODEIA;IAS_ITM_INV_PKGIAS20142INSRT_ITEM_MOVEIA;IAS_ITM_INV_PKGIAS20142INSRT_SALE_COSTIA;IAS_ITM_PKG;IAS_ITM_PKGIAS20142GET_GRAND_WTAVGIA;IAS_ITM_PKGIAS20142GET_ICODE_MIN_UNITIAS;IAS_POST_IN_SAV_PKG;IAS_POST_IN_SAV_PKGIAS20142POST_DOC_IN_SAVIA;IAS_USR_PKG,CREATE/SAVE;UPDATE;DELETE/VOID;POST;REVERSE/RETURN;PRINT,FMX_STRING_EVIDENCE,oracle_forms/deep_catalog/form_field_trigger_catalog.jsonl
ERP_ALRT_SCR.fmx,ADMIN,ONEX_ADMIN_WINDOW_API,9,0,154,177,IAS_GEN_PKG;IAS_GEN_PKGIAS20142GET_FRST_DAYI;IAS_GEN_PKGIAS20142GET_MSGIA;IAS_GEN_PKGIAS20142GET_PROMPTIAS;YS_ALRT_SYS_PKG;YS_ALRT_SYS_PKGIAS20142CHK_ALRT_PRCY;YS_GEN_PKG;YS_GEN_PKGIAS20142GET_PROMPT,READ/REVIEW,FMX_STRING_EVIDENCE,oracle_forms/deep_catalog/form_field_trigger_catalog.jsonl
ERP_APPRVD_SCR.fmx,ADMIN,ONEX_ADMIN_WINDOW_API,14,0,135,234,IAS_GEN_PKG;IAS_GEN_PKGIAS20142GET_CNTIA;IAS_GEN_PKGIAS20142GET_CURDATEIA;IAS_GEN_PKGIAS20142GET_PROMPTIAS;IAS_GEN_PKGIAS20142GET_USR_NMIAS;YS_APPRVD_PKG;YS_APPRVD_PKGIAS20142GET_LVL_NMY;YS_GEN_PKG;YS_GEN_PKGIAS20142GET_CNTYS_;YS_GEN_PKGIAS20142GET_DOC_TYP_FRMYS_;YS_GEN_PKGIAS20142GET_FLG_NM,READ/REVIEW,FMX_STRING_EVIDENCE,oracle_forms/deep_catalog/form_field_trigger_catalog.jsonl
ERP_Aud_Scr.fmx,ADMIN,ONEX_ADMIN_WINDOW_API,11,1,71,151,IAS_CHECK_SYS_PKG;IAS_CHECK_SYS_PKGIAS20142CHECK_BT_DATEIA;IAS_GEN_PKG;IAS_GEN_PKGIAS20142GET_PROMPTIAS;IAS_USR_PKG;IAS_USR_PKGIAS20142CHK_USR_FRM_PRVIA;IAS_USR_PKGIAS20142GET_USR_NMIAS;YS_SCR_PKG;YS_SCR_PKGIAS20142GET_SCR_NM,READ/REVIEW,FMX_STRING_EVIDENCE,oracle_forms/deep_catalog/form_field_trigger_catalog.jsonl
ERP_CODE_TRNS.fmx,ADMIN,ONEX_ADMIN_WINDOW_API,61,8,505,640,IAS_ACODE_PKG;IAS_ACODE_PKGIAS20142GET_A_NAMEI;IAS_ACTV_PKG;IAS_ACTV_PKGIAS20142CHK_ACTV;IAS_ACTV_PKGIAS20142GET_ACTV_NAMEIAS;IAS_BRN_PKG;IAS_BRN_PKGIAS20142GET_BR_NM;IAS_CC_CODE_PKG;IAS_CC_CODE_PKGIAS20142GET_CC_NAMEIA;IAS_CHECK_SYS_PKG;IAS_CHECK_SYS_PKGIAS20142CHECK_BT_DATEIA;IAS_CHECK_SYS_PKGIAS20142CHECK_BT_VALUEI;IAS_CSHBNK_PKG;IAS_CSHBNK_PKGIAS20142GET_CB_NAMEIAS;IAS_CST_PKG;IAS_CST_PKGIAS20142GET_C_NAMEIAS;IAS_DBS_SYS_PKG;IAS_DBS_SYS_PKGIAS20142CHECK_OBJECTI;IAS_GEN_PKG;IAS_GEN_PKGIAS20142GET_FRM_PRVIA;IAS_GEN_PKGIAS20142GET_PROMPTIAS;IAS_GET_ENC_PASS_FNC;IAS_GET_ENC_PASS_FNCIAS20142IAS_GET_ENC_PASS_FNC;IAS_PJ_PKG;IAS_PJ_PKGIAS20142GET_PJ_NAMEIAS;IAS_USR_PKG;IAS_USR_PKGIAS20142CHK_USR_FRM_PRVIA;IAS_USR_PKGIAS20142GET_USR_APPRV;IAS_USR_PKGIAS20142GET_USR_NMIAS;IAS_VNDR_PKG;IAS_VNDR_PKGIAS20142GET_V_NAMEIA;YS_AC_DTL_PKG;YS_AC_DTL_PKGIAS20142GET_AC_DTL_TYPY;YS_GEN_PKG;YS_GEN_PKGIAS20142CHK_LOCK_RCRDY;YS_GEN_PKGIAS20142GET_USR_FLD_PRVYS_;YS_SRL_SCR_PKG;YS_SRL_SCR_PKGIAS20142GET_SYS_SQ,CREATE/SAVE;UPDATE;DELETE/VOID;POST;PRINT,FMX_STRING_EVIDENCE,oracle_forms/deep_catalog/form_field_trigger_catalog.jsonl
ERP_Checking.fmx,ADMIN,ONEX_ADMIN_WINDOW_API,64,2,1737,1800,IAS_CHECKDATA_AR_PRC;IAS_CHECKDATA_AR_PRCIAS20142IAS_CHECKDATA_AR_PRC;IAS_CHECK_DBS_PKG;IAS_CHECK_DBS_PKGIAS20142CHECK_POSTING1I;IAS_CHECK_DBS_PKGIAS20142CHECK_POSTING2I;IAS_CHECK_DBS_PKGIAS20142CHECK_WTAVG_ITM;IAS_CHECK_DBS_PKGIAS20142UPDATE_CPQTYIAS;IAS_CHECK_SYS_PKG;IAS_CHECK_SYS_PKGIAS20142CHECK_AVL_QTYIA;IAS_CLOSING_YEAR_PKG;IAS_DBS_SYS_PKG;IAS_DBS_SYS_PKGIAS20142CHECK_CONSIAS;IAS_DBS_SYS_PKGIAS20142CHECK_OBJECTI;IAS_DBS_SYS_PKGIAS20142CHECK_ST_OBJI;IAS_DBS_SYS_PKGIAS20142GET_CONS_NAME;IAS_FORM_DTL_PKG;IAS_FORM_DTL_PKGIAS20142INSRT_FORM_DTLIA;IAS_FORM_DTL_PKGIAS20142INSRT_FORM_LITEI;IAS_GEN_PKG;IAS_GEN_PKGIAS20142GET_CNTIA;IAS_GEN_PKGIAS20142GET_CUR_RATEI;IAS_GEN_PKGIAS20142GET_FINAL_DAY;IAS_GEN_PKGIAS20142GET_FRST_DAYI;IAS_GEN_PKGIAS20142GET_PROMPTIAS;IAS_GET_ENC_PASS_FNC;IAS_GET_ENC_PASS_FNCIAS20142IAS_GET_ENC_PASS_FNC;IAS_INSRT_SFLAGS1_PRC;IAS_INSRT_SFLAGS1_PRCIAS20142IAS_INSRT_SFLAGS1_PRCIA;IAS_INSTALLMENT_AP_PKG;IAS_INSTALLMENT_AP_PKGIAS20142REBUILD_INSTALLMNETIAS;IAS_INSTALLMENT_AP_PKGIAS20142UPDATE_ADJ_INSTALLMNET;IAS_INSTALLMENT_AR_PKG;IAS_INSTALLMENT_AR_PKGIAS20142REBUILD_INSTALLMNETIAS;IAS_INSTALLMENT_AR_PKGIAS20142UPDATE_ADJ_INSTALLMNET;IAS_MND_CSTTRNS_PKG;IAS_MND_CSTTRNS_PKGIAS20142CHK_CSTTRNS_PRCIA;IAS_MND_CSTTRNS_PKGIAS20142CHK_C_CODE_NULLIA;IAS_POSTING_PKG;IAS_USR_PKG;IAS_USR_PKGIAS20142GET_USR_NMIAS,CREATE/SAVE;UPDATE;DELETE/VOID;POST;PRINT,FMX_STRING_EVIDENCE,oracle_forms/deep_catalog/form_field_trigger_catalog.jsonl
ERP_DBA.fmx,ADMIN,ONEX_ADMIN_WINDOW_API,133,1,1359,1215,YS_GEN_PKG;YS_GEN_PKGIAS20142CHK_ACTV_SYSTEMYS_;YS_GEN_PKGIAS20142GET_FLD_VALUEY,CREATE/SAVE,FMX_STRING_EVIDENCE,oracle_forms/deep_catalog/form_field_trigger_catalog.jsonl
ERP_DBA_Cmp.fmx,ADMIN,ONEX_ADMIN_WINDOW_API,61,1,6098,7597,IAS_AUD_SYS_PKG;IAS_AUD_SYS_PKGIAS20142GET_AUD_COLS_FNCI;IAS_DBS_SYS_PKG;IAS_DBS_SYS_PKGIAS20142GET_DATE_OBJCT_CHNG_DDLIA;YS_GEN_PKG;YS_GEN_PKGIAS20142CHK_ACTV_SYSTEMYS_;YS_GEN_PKGIAS20142GET_FLD_VALUEY,CREATE/SAVE,FMX_STRING_EVIDENCE,oracle_forms/deep_catalog/form_field_trigger_catalog.jsonl
ERP_DBA_DFLT_DATA.fmx,ADMIN,ONEX_ADMIN_WINDOW_API,52,0,4869,3747,IAS_DBS_SYS_PKG;IAS_DBS_SYS_PKGIAS20142CHECK_OBJECTI;IAS_DBS_SYS_PKGIAS20142GET_CONS_NAME;IAS_FORM_DTL_PKG;IAS_FORM_DTL_PKGIAS20142INSRT_FORM_DTLIA;IAS_FORM_DTL_PKGIAS20142INSRT_FORM_JRSIA;IAS_FORM_DTL_PKGIAS20142INSRT_FORM_LITEI;IAS_FORM_DTL_PKGIAS20142INSRT_FORM_SHPIA;IAS_FORM_DTL_PKGIAS20142INSRT_FORM_STNIA;IAS_GEN_PKG;IAS_GEN_PKGIAS20142GET_PROMPTIAS;IAS_INSRT_SFLAGS1_PRC;IAS_INSRT_SFLAGS1_PRCIAS20142IAS_INSRT_SFLAGS1_PRCIA;YS_GEN_PKG;YS_GEN_PKGIAS20142CHK_ACTV_SYSTEMYS_;YS_GEN_PKGIAS20142GET_CNTYS_;YS_GEN_PKGIAS20142GET_DOC_TYP_FRMYS_,CREATE/SAVE,FMX_STRING_EVIDENCE,oracle_forms/deep_catalog/form_field_trigger_catalog.jsonl
ERP_DBA_DFLT_DATA_LNG.fmx,ADMIN,ONEX_ADMIN_WINDOW_API,11,0,4004,902,IAS_GEN_PKG;IAS_GEN_PKGIAS20161GET_PROMPTIAS,CREATE/SAVE,FMX_STRING_EVIDENCE,oracle_forms/deep_catalog/form_field_trigger_catalog.jsonl
ERP_DBA_DFLT_DATA_LNG_TURKEY.fmx,ADMIN,ONEX_ADMIN_WINDOW_API,9,0,4403,1225,IAS_GEN_PKG;IAS_GEN_PKGIAS20161GET_PROMPTIAS,CREATE/SAVE,FMX_STRING_EVIDENCE,oracle_forms/deep_catalog/form_field_trigger_catalog.jsonl
ERP_DBA_DFLT_DATA_TRK.fmx,ADMIN,ONEX_ADMIN_WINDOW_API,44,0,4841,3742,IAS_DBS_SYS_PKG;IAS_DBS_SYS_PKGIAS20142CHECK_OBJECTI;IAS_DBS_SYS_PKGIAS20142GET_CONS_NAME;IAS_FORM_DTL_PKG;IAS_FORM_DTL_PKGIAS20142INSRT_FORM_DTLIA;IAS_FORM_DTL_PKGIAS20142INSRT_FORM_DTSIA;IAS_FORM_DTL_PKGIAS20142INSRT_FORM_JRSIA;IAS_FORM_DTL_PKGIAS20142INSRT_FORM_LITEI;IAS_FORM_DTL_PKGIAS20142INSRT_FORM_SHPIA;IAS_FORM_DTL_PKGIAS20142INSRT_FORM_STNIA;IAS_GEN_PKG;IAS_GEN_PKGIAS20142GET_PROMPTIAS;IAS_INSRT_SFLAGS1_PRC;IAS_INSRT_SFLAGS1_PRCIAS20142IAS_INSRT_SFLAGS1_PRCIA;YS_GEN_PKG;YS_GEN_PKGIAS20142CHK_ACTV_SYSTEMYS_;YS_GEN_PKGIAS20142GET_CNTYS_;YS_GEN_PKGIAS20142GET_DOC_TYP_FRMYS_,CREATE/SAVE,FMX_STRING_EVIDENCE,oracle_forms/deep_catalog/form_field_trigger_catalog.jsonl
ERP_DBA_TRK.fmx,ADMIN,ONEX_ADMIN_WINDOW_API,99,1,1073,1116,YS_GEN_PKG;YS_GEN_PKGIAS20142CHK_ACTV_SYSTEMYS_;YS_GEN_PKGIAS20142GET_FLD_VALUEY,CREATE/SAVE,FMX_STRING_EVIDENCE,oracle_forms/deep_catalog/form_field_trigger_catalog.jsonl
ERP_INACTV_SCR.fmx,ADMIN,ONEX_ADMIN_WINDOW_API,10,0,129,145,IAS_GEN_PKG;IAS_GEN_PKGIAS20142GET_CURDATEIA;IAS_GEN_PKGIAS20142GET_FLD_COL_VALIA;IAS_GEN_PKGIAS20142GET_PROMPTIAS;IAS_GEN_PKGIAS20142GET_USR_NMIAS;IAS_USR_PKG;IAS_USR_PKGIAS20142GET_USR_NMIAS;YS_GEN_PKG;YS_GEN_PKGIAS20142GET_MSGYS_,READ/REVIEW,FMX_STRING_EVIDENCE,oracle_forms/deep_catalog/form_field_trigger_catalog.jsonl
ERP_Install.fmx,ADMIN,ONEX_ADMIN_WINDOW_API,0,0,132,642,,READ/REVIEW,FMX_STRING_EVIDENCE,oracle_forms/deep_catalog/form_field_trigger_catalog.jsonl
ERP_JOURNAL.fmx,ADMIN,ONEX_ADMIN_WINDOW_API,37,8,215,388,IAS_GET_ENC_PASS_FNC;IAS_GET_ENC_PASS_FNCIAS20142IAS_GET_ENC_PASS_FNC;IAS_USR_PKG;IAS_USR_PKGIAS20142CHK_USR_FRM_PRVIA;IAS_USR_PKGIAS20142GET_USR_APPRV;IAS_USR_PKGIAS20142GET_USR_NMIAS;YS_GEN_PKG;YS_GEN_PKGIAS20142CHK_LOCK_RCRDY;YS_GEN_PKGIAS20142GET_CURDATEYS_;YS_GEN_PKGIAS20142GET_FRST_DAYYS;YS_GEN_PKGIAS20142GET_USR_FLD_PRVYS_;YS_SRL_SCR_PKG;YS_SRL_SCR_PKGIAS20142GET_SYS_SQ,CREATE/SAVE;UPDATE;DELETE/VOID;POST;PRINT,FMX_STRING_EVIDENCE,oracle_forms/deep_catalog/form_field_trigger_catalog.jsonl
ERP_LOGIN - Copy.fmx,ADMIN,ONEX_ADMIN_WINDOW_API,43,0,950,1145,IAS_DBS_SYS_PKG;IAS_DBS_SYS_PKGIAS20142ALTR_DBSI;IAS_DBS_SYS_PKGIAS20142CHECK_OBJECTI;IAS_DBS_SYS_PKGIAS20142CHECK_ST_OBJI;IAS_ENCDEC_PKG;IAS_ENCDEC_PKGIAS_SYS;IAS_ENCDEC_PKGIAS_SYSIAS_CALL_ENC_DATAIA;IAS_ENCDEC_PKGIAS_SYSIAS_GET_DEC_DATAIAS;IAS_ENCDEC_PKGIAS_SYSIAS_RAW_DEC;IAS_GEN_PKG;IAS_GEN_PKGIAS20142GET_CURDATEIA;IAS_GEN_PKGIAS20142GET_FLD_VALUE;IAS_GEN_PKGIAS20142GET_MSGIA;IAS_GEN_PKGIAS20142GET_PROMPTIAS;IAS_GEN_PKGIAS20142GET_USR_NMIAS;IAS_GET_ENC_PASS_FNC;IAS_GET_ENC_PASS_FNCIAS20142IAS_GET_ENC_PASS_FNC;IAS_USR_PKG;IAS_USR_PKGIAS20142CHK_USR_FRM_PRVIA;IAS_USR_PKGIAS20142GET_USR_APPRV;IAS_USR_PKGIAS20142GET_USR_NMIAS;YS_GEN_PKG;YS_GEN_PKGIAS20142CHK_ACTV_SYSTEMYS_;YS_GEN_PKGIAS20142GET_PROMPT;YS_GEN_PKGIAS20142GET_USR_FLD_PRVYS_;YS_SCR_PKG;YS_SCR_PKGIAS20142GET_SCR_PARENT_NOY;YS_SCR_PKGIAS20142GET_SCR_SYS_NO,CREATE/SAVE,FMX_STRING_EVIDENCE,oracle_forms/deep_catalog/form_field_trigger_catalog.jsonl
ERP_LOGIN.fmx,ADMIN,ONEX_ADMIN_WINDOW_API,43,0,950,1145,IAS_DBS_SYS_PKG;IAS_DBS_SYS_PKGIAS20142ALTR_DBSI;IAS_DBS_SYS_PKGIAS20142CHECK_OBJECTI;IAS_DBS_SYS_PKGIAS20142CHECK_ST_OBJI;IAS_ENCDEC_PKG;IAS_ENCDEC_PKGIAS_SYS;IAS_ENCDEC_PKGIAS_SYSIAS_CALL_ENC_DATAIA;IAS_ENCDEC_PKGIAS_SYSIAS_GET_DEC_DATAIAS;IAS_ENCDEC_PKGIAS_SYSIAS_RAW_DEC;IAS_GEN_PKG;IAS_GEN_PKGIAS20142GET_CURDATEIA;IAS_GEN_PKGIAS20142GET_FLD_VALUE;IAS_GEN_PKGIAS20142GET_MSGIA;IAS_GEN_PKGIAS20142GET_PROMPTIAS;IAS_GEN_PKGIAS20142GET_USR_NMIAS;IAS_GET_ENC_PASS_FNC;IAS_GET_ENC_PASS_FNCIAS20142IAS_GET_ENC_PASS_FNC;IAS_USR_PKG;IAS_USR_PKGIAS20142CHK_USR_FRM_PRVIA;IAS_USR_PKGIAS20142GET_USR_APPRV;IAS_USR_PKGIAS20142GET_USR_NMIAS;YS_GEN_PKG;YS_GEN_PKGIAS20142CHK_ACTV_SYSTEMYS_;YS_GEN_PKGIAS20142GET_PROMPT;YS_GEN_PKGIAS20142GET_USR_FLD_PRVYS_;YS_SCR_PKG;YS_SCR_PKGIAS20142GET_SCR_PARENT_NOY;YS_SCR_PKGIAS20142GET_SCR_SYS_NO,CREATE/SAVE,FMX_STRING_EVIDENCE,oracle_forms/deep_catalog/form_field_trigger_catalog.jsonl
ERP_LOGIN_TST.fmx,ADMIN,ONEX_ADMIN_WINDOW_API,44,0,907,1125,IAS_DBS_SYS_PKG;IAS_DBS_SYS_PKGIAS20142ALTR_DBSI;IAS_DBS_SYS_PKGIAS20142CHECK_OBJECTI;IAS_DBS_SYS_PKGIAS20142CHECK_ST_OBJI;IAS_ENCDEC_PKG;IAS_ENCDEC_PKGIAS_SYS;IAS_ENCDEC_PKGIAS_SYSIAS_CALL_ENC_DATAIA;IAS_ENCDEC_PKGIAS_SYSIAS_GET_DEC_DATAIAS;IAS_ENCDEC_PKGIAS_SYSIAS_RAW_DEC;IAS_GEN_PKG;IAS_GEN_PKGIAS20142GET_CURDATEIA;IAS_GEN_PKGIAS20142GET_FLD_VALUE;IAS_GEN_PKGIAS20142GET_MSGIA;IAS_GEN_PKGIAS20142GET_PROMPTIAS;IAS_GEN_PKGIAS20142GET_USR_NMIAS;IAS_GET_ENC_PASS_FNC;IAS_GET_ENC_PASS_FNCIAS20142IAS_GET_ENC_PASS_FNC;IAS_USR_PKG;IAS_USR_PKGIAS20142CHK_USR_FRM_PRVIA;IAS_USR_PKGIAS20142GET_USR_APPRV;IAS_USR_PKGIAS20142GET_USR_NMIAS;YS_GEN_PKG;YS_GEN_PKGIAS20142CHK_ACTV_SYSTEMYS_;YS_GEN_PKGIAS20142GET_PROMPT;YS_GEN_PKGIAS20142GET_USR_FLD_PRVYS_;YS_SCR_PKG;YS_SCR_PKGIAS20142GET_SCR_PARENT_NOY;YS_SCR_PKGIAS20142GET_SCR_SYS_NO,CREATE/SAVE,FMX_STRING_EVIDENCE,oracle_forms/deep_catalog/form_field_trigger_catalog.jsonl
ERP_REAL_TRNS.fmx,ADMIN,ONEX_ADMIN_WINDOW_API,43,8,348,580,IAS_ACTV_PKG;IAS_ACTV_PKGIAS20142CHK_ACTV;IAS_CHECK_SYS_PKG;IAS_CHECK_SYS_PKGIAS20142CHECK_BT_DATEIA;IAS_CHECK_SYS_PKGIAS20142CHECK_BT_VALUEI;IAS_DBS_SYS_PKG;IAS_DBS_SYS_PKGIAS20142CHECK_OBJECTI;IAS_GEN_PKG;IAS_GEN_PKGIAS20142GET_FRM_PRVIA;IAS_GEN_PKGIAS20142GET_PROMPTIAS;IAS_GET_ENC_PASS_FNC;IAS_GET_ENC_PASS_FNCIAS20142IAS_GET_ENC_PASS_FNC;IAS_USR_PKG;IAS_USR_PKGIAS20142CHK_USR_FRM_PRVIA;IAS_USR_PKGIAS20142GET_USR_APPRV;IAS_USR_PKGIAS20142GET_USR_NMIAS;YS_GEN_PKG;YS_GEN_PKGIAS20142CHK_LOCK_RCRDY;YS_GEN_PKGIAS20142GET_USR_FLD_PRVYS_;YS_SRL_SCR_PKG;YS_SRL_SCR_PKGIAS20142GET_SYS_SQ,CREATE/SAVE;UPDATE;DELETE/VOID;POST;PRINT,FMX_STRING_EVIDENCE,oracle_forms/deep_catalog/form_field_trigger_catalog.jsonl
ERP_SCR.fmx,ADMIN,ONEX_ADMIN_WINDOW_API,4,0,297,409,IAS_GEN_PKG;YS_GEN_PKG;YS_GEN_PKGIAS20142CHK_ACTV_SYSTEMYS_,READ/REVIEW,FMX_STRING_EVIDENCE,oracle_forms/deep_catalog/form_field_trigger_catalog.jsonl
ERP_Update_New_Version6.fmx,ADMIN,ONEX_ADMIN_WINDOW_API,61,9,9436,9479,IAS_AUD_SYS_PKG;IAS_AUD_SYS_PKGIAS20141GET_AUD_COLS_FNCI;IAS_AUD_SYS_PKGIAS20141SET_PARAI;IAS_DBS_SYS_PKG;IAS_DBS_SYS_PKGIAS;IAS_DBS_SYS_PKGIAS2014;IAS_DBS_SYS_PKGIAS20141ALTR_DBSI;IAS_DBS_SYS_PKGIAS20141CHECK_OBJECTI;IAS_DBS_SYS_PKGIAS20141GET_CONS_NAME;IAS_DBS_SYS_PKGIAS20141GET_DATE_OBJCT_CHNG_DDLIA;IAS_GEN_PKG;IAS_GEN_PKGIAS20141GET_CNTIA;IAS_GEN_PKGIAS20141GET_FRM_PRVIA;IAS_GEN_PKGIAS20141GET_PROMPTIAS;IAS_GEN_PKGIAS20141GET_USR_APPRV;IAS_GET_ENC_PASS_FNC;IAS_GET_ENC_PASS_FNCIAS20141IAS_GET_ENC_PASS_FNC;IAS_INSRT_LABELS1_PRC;IAS_INSRT_LABELS1_PRCIAS_SYS;IAS_INSRT_LABELS1_PRCIAS_SYSIAS_INSRT_LABELS1_PRCIAS;IAS_INSRT_LABELS2_PRC;IAS_INSRT_LABELS2_PRCIAS_SYS;IAS_INSRT_LABELS2_PRCIAS_SYSIAS_INSRT_LABELS2_PRCIAS;IAS_INSRT_MSGS1_PRC;IAS_INSRT_MSGS1_PRCIAS_SYS;IAS_INSRT_MSGS1_PRCIAS_SYSIAS_INSRT_MSGS1_PRCIAS;IAS_USR_PKG;IAS_USR_PKGIAS20141GET_USR_NMIAS;YS_DBS_SYS_PKG;YS_GEN_PKG;YS_GEN_PKGIAS20141CHK_ACTV_SYSTEMYS_;YS_GEN_PKGIAS20141GET_USR_FLD_PRVYS_,CREATE/SAVE;UPDATE;DELETE/VOID;POST;PRINT,FMX_STRING_EVIDENCE,oracle_forms/deep_catalog/form_field_trigger_catalog.jsonl
ERP_VRFY_SCR.fmx,ADMIN,ONEX_ADMIN_WINDOW_API,9,0,147,153,IAS_GEN_PKG;IAS_GEN_PKGIAS20142GET_CNTIA;IAS_GEN_PKGIAS20142GET_CURDATEIA;IAS_GEN_PKGIAS20142GET_FLD_COL_VALIA;IAS_GEN_PKGIAS20142GET_PROMPTIAS;IAS_GEN_PKGIAS20142GET_USR_NMIAS;YS_GEN_PKG;YS_GEN_PKGIAS20142GET_FLD_VALUEY,READ/REVIEW,FMX_STRING_EVIDENCE,oracle_forms/deep_catalog/form_field_trigger_catalog.jsonl
EXP_REPORT_TO_EXCEEL.fmx,ADMIN,ONEX_ADMIN_WINDOW_API,0,0,0,31,,READ/REVIEW,FMX_STRING_EVIDENCE,oracle_forms/deep_catalog/form_field_trigger_catalog.jsonl
Erp_Dsh_Bord.fmx,ADMIN,ONEX_ADMIN_WINDOW_API,37,8,231,433,IAS_GET_ENC_PASS_FNC;IAS_GET_ENC_PASS_FNCIAS20142IAS_GET_ENC_PASS_FNC;IAS_USR_PKG;IAS_USR_PKGIAS20142CHK_USR_FRM_PRVIA;IAS_USR_PKGIAS20142GET_USR_APPRV;IAS_USR_PKGIAS20142GET_USR_NMIAS;YS_GEN_PKG;YS_GEN_PKGIAS20142CHK_LOCK_RCRDY;YS_GEN_PKGIAS20142GET_PRD_NM;YS_GEN_PKGIAS20142GET_PROMPT;YS_GEN_PKGIAS20142GET_USR_FLD_PRVYS_;YS_SRL_SCR_PKG;YS_SRL_SCR_PKGIAS20142GET_SYS_SQ,CREATE/SAVE;UPDATE;DELETE/VOID;POST;PRINT,FMX_STRING_EVIDENCE,oracle_forms/deep_catalog/form_field_trigger_catalog.jsonl
FASDBA.fmx,ADMIN,ONEX_ADMIN_WINDOW_API,17,1,966,1014,,CREATE/SAVE;POST,FMX_STRING_EVIDENCE,oracle_forms/deep_catalog/form_field_trigger_catalog.jsonl
FASI001.fmx,ADMIN,ONEX_ADMIN_WINDOW_API,50,8,428,679,IAS_ACTV_PKG;IAS_ACTV_PKGIAS20142CHK_ACTV;IAS_ACTV_PKGIAS20142GET_ACTV_NAMEIAS;IAS_CC_CODE_PKG;IAS_CC_CODE_PKGIAS20142GET_CC_NAMEIA;IAS_GEN_PKG;IAS_GEN_PKGIAS20142GET_PROMPTIAS;IAS_GET_ENC_PASS_FNC;IAS_GET_ENC_PASS_FNCIAS20142IAS_GET_ENC_PASS_FNC;IAS_PJ_PKG;IAS_PJ_PKGIAS20142GET_PJ_NAMEIAS;IAS_USR_PKG;IAS_USR_PKGIAS20142CHK_USR_FRM_PRVIA;IAS_USR_PKGIAS20142GET_USR_NMIAS;YS_EMP_PKG;YS_EMP_PKGIAS20142GET_HRCHY_NMYS;YS_GEN_PKG;YS_GEN_PKGIAS20142GET_CNTYS_;YS_GEN_PKGIAS20142GET_FLD_VALUEY;YS_GEN_PKGIAS20142GET_USR_FLD_PRVYS_,CREATE/SAVE;UPDATE;DELETE/VOID;POST;PRINT,FMX_STRING_EVIDENCE,oracle_forms/deep_catalog/form_field_trigger_catalog.jsonl
FASI002.fmx,ADMIN,ONEX_ADMIN_WINDOW_API,51,8,436,736,IAS_ACODE_PKG;IAS_ACODE_PKGIAS20142CHECK_ACYIA;IAS_ACODE_PKGIAS20142GET_A_NAMEI;IAS_GEN_PKG;IAS_GEN_PKGIAS20142GET_LOCAL_CUR;IAS_GEN_PKGIAS20142GET_PROMPTIAS;IAS_GET_ENC_PASS_FNC;IAS_GET_ENC_PASS_FNCIAS20142IAS_GET_ENC_PASS_FNC;IAS_USR_PKG;IAS_USR_PKGIAS20142CHK_USR_FRM_PRVIA;IAS_USR_PKGIAS20142GET_USR_NMIAS;YS_AC_DTL_PKG;YS_AC_DTL_PKGIAS20142GET_AC_DTL_TYPY;YS_GEN_PKG;YS_GEN_PKGIAS20142GET_CNTYS_;YS_GEN_PKGIAS20142GET_USR_FLD_PRVYS_;YS_SRL_SCR_PKG;YS_SRL_SCR_PKGIAS20142GET_SYS_SQ,CREATE/SAVE;UPDATE;DELETE/VOID;POST;PRINT,FMX_STRING_EVIDENCE,oracle_forms/deep_catalog/form_field_trigger_catalog.jsonl
FASI003.fmx,ADMIN,ONEX_ADMIN_WINDOW_API,35,8,290,602,IAS_GET_ENC_PASS_FNC;IAS_GET_ENC_PASS_FNCIAS20142IAS_GET_ENC_PASS_FNC;IAS_USR_PKG;IAS_USR_PKGIAS20142CHK_USR_FRM_PRVIA;IAS_USR_PKGIAS20142GET_USR_NMIAS;YS_GEN_PKG;YS_GEN_PKGIAS20142CHK_LOCK_RCRDY;YS_GEN_PKGIAS20142GET_USR_FLD_PRVYS_;YS_SRL_SCR_PKG;YS_SRL_SCR_PKGIAS20142GET_SYS_SQ,CREATE/SAVE;UPDATE;DELETE/VOID;POST;PRINT,FMX_STRING_EVIDENCE,oracle_forms/deep_catalog/form_field_trigger_catalog.jsonl
FASI004.fmx,ADMIN,ONEX_ADMIN_WINDOW_API,77,9,495,1088,IAS_ACODE_PKG;IAS_ACODE_PKGIAS20142GET_A_NAMEI;IAS_ACTV_PKG;IAS_ACTV_PKGIAS20142CHK_ACTV;IAS_ACTV_PKGIAS20142GET_ACTV_NAMEIAS;IAS_CC_CODE_PKG;IAS_CC_CODE_PKGIAS20142GET_CC_NAMEIA;IAS_CHECK_SYS_PKG;IAS_CHECK_SYS_PKGIAS20142CHECK_CUR_RATEI;IAS_GEN_PKG;IAS_GEN_PKGIAS20142GET_CUR_RATEI;IAS_GEN_PKGIAS20142GET_PROMPTIAS;IAS_GET_ENC_PASS_FNC;IAS_GET_ENC_PASS_FNCIAS20142IAS_GET_ENC_PASS_FNC;IAS_ITM_PKG;IAS_ITM_PKGIAS20142GET_ITM_NAMEI;IAS_PJ_PKG;IAS_PJ_PKGIAS20142GET_PJ_NAMEIAS;IAS_USR_PKG;IAS_USR_PKGIAS20142CHK_USR_FRM_PRVIA;IAS_USR_PKGIAS20142GET_USR_NMIAS;YS_EMP_PKG;YS_EMP_PKGIAS20142CHK_EMPYS_;YS_EMP_PKGIAS20142GET_EMP_NM;YS_GEN_PKG;YS_GEN_PKGIAS20142GET_FLD_VALUEY;YS_GEN_PKGIAS20142GET_LOCAL_CURY;YS_GEN_PKGIAS20142GET_PROMPT;YS_GEN_PKGIAS20142GET_USR_FLD_PRVYS_;YS_SRL_SCR_PKG;YS_SRL_SCR_PKGIAS20142GET_SYS_SQ,CREATE/SAVE;UPDATE;DELETE/VOID;POST;PRINT,FMX_STRING_EVIDENCE,oracle_forms/deep_catalog/form_field_trigger_catalog.jsonl
FASI005.fmx,ADMIN,ONEX_ADMIN_WINDOW_API,44,8,170,618,IAS_GET_ENC_PASS_FNC;IAS_GET_ENC_PASS_FNCIAS20142IAS_GET_ENC_PASS_FNC;IAS_USR_PKG;IAS_USR_PKGIAS20142CHK_USR_FRM_PRVIA;IAS_USR_PKGIAS20142GET_USR_NMIAS;YS_GEN_PKG;YS_GEN_PKGIAS20142CHK_LOCK_RCRDY;YS_GEN_PKGIAS20142GET_LOCAL_CURY;YS_GEN_PKGIAS20142GET_USR_FLD_PRVYS_;YS_SRL_SCR_PKG;YS_SRL_SCR_PKGIAS20142GET_SYS_SQ,CREATE/SAVE;UPDATE;DELETE/VOID;POST;PRINT,FMX_STRING_EVIDENCE,oracle_forms/deep_catalog/form_field_trigger_catalog.jsonl
FASMNTDBA.fmx,ADMIN,ONEX_ADMIN_WINDOW_API,24,9,804,1001,IAS_DBS_SYS_PKG;IAS_DBS_SYS_PKGIAS20142ALTR_DBSI;IAS_GEN_PKG;IAS_GEN_PKGIAS20142GET_CNTIA;IAS_GET_ENC_PASS_FNC;IAS_GET_ENC_PASS_FNCIAS20142IAS_GET_ENC_PASS_FNC;IAS_USR_PKG;IAS_USR_PKGIAS20142GET_USR_NMIAS;YS_GEN_PKG;YS_GEN_PKGIAS20142CHK_LOCK_RCRDY,UPDATE;POST;PRINT,FMX_STRING_EVIDENCE,oracle_forms/deep_catalog/form_field_trigger_catalog.jsonl
FASR001.fmx,ADMIN,ONEX_ADMIN_WINDOW_API,17,2,151,445,IAS_GET_ENC_PASS_FNC;IAS_GET_ENC_PASS_FNCIAS20142IAS_GET_ENC_PASS_FNC;IAS_USR_PKG;IAS_USR_PKGIAS20142GET_USR_NMIAS;YS_EMP_PKG;YS_EMP_PKGIAS20142GET_HRCHY_NMYS,PRINT,FMX_STRING_EVIDENCE,oracle_forms/deep_catalog/form_field_trigger_catalog.jsonl
FASR002.fmx,ADMIN,ONEX_ADMIN_WINDOW_API,15,2,144,435,IAS_GET_ENC_PASS_FNC;IAS_GET_ENC_PASS_FNCIAS20142IAS_GET_ENC_PASS_FNC;IAS_USR_PKG;IAS_USR_PKGIAS20142GET_USR_NMIAS,PRINT,FMX_STRING_EVIDENCE,oracle_forms/deep_catalog/form_field_trigger_catalog.jsonl
FASR004.fmx,ADMIN,ONEX_ADMIN_WINDOW_API,29,2,312,597,IAS_ACODE_PKG;IAS_ACODE_PKGIAS20142CHECK_ACYIA;IAS_ACODE_PKGIAS20142GET_A_NAMEI;IAS_GET_ENC_PASS_FNC;IAS_GET_ENC_PASS_FNCIAS20142IAS_GET_ENC_PASS_FNC;IAS_USR_PKG;IAS_USR_PKGIAS20142GET_USR_NMIAS;YS_AC_DTL_PKG;YS_AC_DTL_PKGIAS20142GET_AC_DTL_TYPY;YS_EMP_PKG;YS_EMP_PKGIAS20142CHK_EMPYS_;YS_GEN_PKG;YS_GEN_PKGIAS20142GET_EXTRA_PRMTRSYS,PRINT,FMX_STRING_EVIDENCE,oracle_forms/deep_catalog/form_field_trigger_catalog.jsonl
FASR005.fmx,ADMIN,ONEX_ADMIN_WINDOW_API,32,2,150,612,IAS_ACTV_PKG;IAS_ACTV_PKGIAS20142CHK_ACTV;IAS_ACTV_PKGIAS20142GET_ACTV_NAMEIAS;IAS_CC_CODE_PKG;IAS_CC_CODE_PKGIAS20142GET_CC_NAMEIA;IAS_GET_ENC_PASS_FNC;IAS_GET_ENC_PASS_FNCIAS20142IAS_GET_ENC_PASS_FNC;IAS_PJ_PKG;IAS_PJ_PKGIAS20142GET_PJ_NAMEIAS;IAS_USR_PKG;IAS_USR_PKGIAS20142GET_USR_NMIAS;YS_EMP_PKG;YS_EMP_PKGIAS20142CHK_EMPYS_;YS_GEN_PKG;YS_GEN_PKGIAS20142GET_FLG_NM;YS_GEN_PKGIAS20142GET_PROMPT,PRINT,FMX_STRING_EVIDENCE,oracle_forms/deep_catalog/form_field_trigger_catalog.jsonl
FASR006.fmx,ADMIN,ONEX_ADMIN_WINDOW_API,29,2,219,549,IAS_ACTV_PKG;IAS_ACTV_PKGIAS20142CHK_ACTV;IAS_ACTV_PKGIAS20142GET_ACTV_NAMEIAS;IAS_CC_CODE_PKG;IAS_CC_CODE_PKGIAS20142GET_CC_NAMEIA;IAS_GET_ENC_PASS_FNC;IAS_GET_ENC_PASS_FNCIAS20142IAS_GET_ENC_PASS_FNC;IAS_PJ_PKG;IAS_PJ_PKGIAS20142GET_PJ_NAMEIAS;IAS_USR_PKG;IAS_USR_PKGIAS20142GET_USR_NMIAS;YS_EMP_PKG;YS_EMP_PKGIAS20142CHK_EMPYS_;YS_GEN_PKG;YS_GEN_PKGIAS20142GET_FLG_NM,PRINT,FMX_STRING_EVIDENCE,oracle_forms/deep_catalog/form_field_trigger_catalog.jsonl
FASR007.fmx,ADMIN,ONEX_ADMIN_WINDOW_API,37,2,316,646,IAS_ACODE_PKG;IAS_ACODE_PKGIAS20142CHECK_ACYIA;IAS_ACODE_PKGIAS20142GET_A_NAMEI;IAS_ACTV_PKG;IAS_ACTV_PKGIAS20142CHK_ACTV;IAS_ACTV_PKGIAS20142GET_ACTV_NAMEIAS;IAS_CC_CODE_PKG;IAS_CC_CODE_PKGIAS20142GET_CC_NAMEIA;IAS_GEN_PKG;IAS_GEN_PKGIAS20142GET_LOCAL_CUR;IAS_GEN_PKGIAS20142GET_PROMPTIAS;IAS_GET_ENC_PASS_FNC;IAS_GET_ENC_PASS_FNCIAS20142IAS_GET_ENC_PASS_FNC;IAS_PJ_PKG;IAS_PJ_PKGIAS20142GET_PJ_NAMEIAS;IAS_USR_PKG;IAS_USR_PKGIAS20142GET_USR_NMIAS;YS_AC_DTL_PKG;YS_AC_DTL_PKGIAS20142GET_AC_DTL_TYPY;YS_EMP_PKG;YS_EMP_PKGIAS20142CHK_EMPYS_,PRINT,FMX_STRING_EVIDENCE,oracle_forms/deep_catalog/form_field_trigger_catalog.jsonl
FASR008.fmx,ADMIN,ONEX_ADMIN_WINDOW_API,27,2,236,524,IAS_ACTV_PKG;IAS_ACTV_PKGIAS20142CHK_ACTV;IAS_ACTV_PKGIAS20142GET_ACTV_NAMEIAS;IAS_CC_CODE_PKG;IAS_CC_CODE_PKGIAS20142GET_CC_NAMEIA;IAS_GET_ENC_PASS_FNC;IAS_GET_ENC_PASS_FNCIAS20142IAS_GET_ENC_PASS_FNC;IAS_PJ_PKG;IAS_PJ_PKGIAS20142GET_PJ_NAMEIAS;IAS_USR_PKG;IAS_USR_PKGIAS20142GET_USR_NMIAS;YS_AC_DTL_PKG;YS_AC_DTL_PKGIAS20142GET_AC_DTL_TYPY;YS_EMP_PKG;YS_EMP_PKGIAS20142CHK_EMPYS_,PRINT,FMX_STRING_EVIDENCE,oracle_forms/deep_catalog/form_field_trigger_catalog.jsonl
FASR009.fmx,ADMIN,ONEX_ADMIN_WINDOW_API,27,2,208,527,IAS_ACTV_PKG;IAS_ACTV_PKGIAS20142CHK_ACTV;IAS_ACTV_PKGIAS20142GET_ACTV_NAMEIAS;IAS_CC_CODE_PKG;IAS_CC_CODE_PKGIAS20142GET_CC_NAMEIA;IAS_GET_ENC_PASS_FNC;IAS_GET_ENC_PASS_FNCIAS20142IAS_GET_ENC_PASS_FNC;IAS_PJ_PKG;IAS_PJ_PKGIAS20142GET_PJ_NAMEIAS;IAS_USR_PKG;IAS_USR_PKGIAS20142GET_USR_NMIAS;YS_AC_DTL_PKG;YS_AC_DTL_PKGIAS20142GET_AC_DTL_TYPY;YS_EMP_PKG;YS_EMP_PKGIAS20142CHK_EMPYS_,PRINT,FMX_STRING_EVIDENCE,oracle_forms/deep_catalog/form_field_trigger_catalog.jsonl
FASR086.fmx,ADMIN,ONEX_ADMIN_WINDOW_API,31,2,207,608,IAS_ACTV_PKG;IAS_ACTV_PKGIAS20142CHK_ACTV;IAS_ACTV_PKGIAS20142GET_ACTV_NAMEIAS;IAS_CC_CODE_PKG;IAS_CC_CODE_PKGIAS20142GET_CC_NAMEIA;IAS_GEN_PKG;IAS_GEN_PKGIAS20142GET_PROMPTIAS;IAS_GET_ENC_PASS_FNC;IAS_GET_ENC_PASS_FNCIAS20142IAS_GET_ENC_PASS_FNC;IAS_PJ_PKG;IAS_PJ_PKGIAS20142GET_PJ_NAMEIAS;IAS_USR_PKG;IAS_USR_PKGIAS20142GET_USR_NMIAS;YS_EMP_PKG;YS_EMP_PKGIAS20142CHK_EMPYS_,PRINT,FMX_STRING_EVIDENCE,oracle_forms/deep_catalog/form_field_trigger_catalog.jsonl
FASR089.fmx,ADMIN,ONEX_ADMIN_WINDOW_API,31,2,203,603,IAS_ACTV_PKG;IAS_ACTV_PKGIAS20142CHK_ACTV;IAS_ACTV_PKGIAS20142GET_ACTV_NAMEIAS;IAS_CC_CODE_PKG;IAS_CC_CODE_PKGIAS20142GET_CC_NAMEIA;IAS_GEN_PKG;IAS_GEN_PKGIAS20142GET_PROMPTIAS;IAS_GET_ENC_PASS_FNC;IAS_GET_ENC_PASS_FNCIAS20142IAS_GET_ENC_PASS_FNC;IAS_PJ_PKG;IAS_PJ_PKGIAS20142GET_PJ_NAMEIAS;IAS_USR_PKG;IAS_USR_PKGIAS20142GET_USR_NMIAS;YS_EMP_PKG;YS_EMP_PKGIAS20142CHK_EMPYS_,PRINT,FMX_STRING_EVIDENCE,oracle_forms/deep_catalog/form_field_trigger_catalog.jsonl
FASR090.fmx,ADMIN,ONEX_ADMIN_WINDOW_API,29,2,206,578,IAS_ACTV_PKG;IAS_ACTV_PKGIAS20142CHK_ACTV;IAS_ACTV_PKGIAS20142GET_ACTV_NAMEIAS;IAS_CC_CODE_PKG;IAS_CC_CODE_PKGIAS20142GET_CC_NAMEIA;IAS_GET_ENC_PASS_FNC;IAS_GET_ENC_PASS_FNCIAS20142IAS_GET_ENC_PASS_FNC;IAS_PJ_PKG;IAS_PJ_PKGIAS20142GET_PJ_NAMEIAS;IAS_USR_PKG;IAS_USR_PKGIAS20142GET_USR_NMIAS;YS_EMP_PKG;YS_EMP_PKGIAS20142CHK_EMPYS_,PRINT,FMX_STRING_EVIDENCE,oracle_forms/deep_catalog/form_field_trigger_catalog.jsonl
FASR091.fmx,ADMIN,ONEX_ADMIN_WINDOW_API,80,8,617,970,IAS_ACODE_PKG;IAS_ACODE_PKGIAS20142CHECK_ACYIA;IAS_ACODE_PKGIAS20142CHK_AC_CODE;IAS_ACODE_PKGIAS20142GET_AC_TYPE;IAS_ACODE_PKGIAS20142GET_CNT_ACY;IAS_ACODE_PKGIAS20142GET_ONE_ACY_ACI;IAS_BRN_PKG;IAS_BRN_PKGIAS20142GET_BR_CMPIAS;IAS_CHECK_SYS_PKG;IAS_CHECK_SYS_PKGIAS20142CHECK_AC_ACY_INCTVI;IAS_CHECK_SYS_PKGIAS20142CHECK_CUR_RATEI;IAS_CSHBNK_PKG;IAS_CSHBNK_PKGIAS20142CHECK_ACYI;IAS_CSHBNK_PKGIAS20142CHK_CB_BRN;IAS_CSHBNK_PKGIAS20142GET_A_CODE;IAS_CST_PKG;IAS_CST_PKGIAS20142CHECK_ACY;IAS_CST_PKGIAS20142GET_ACODE;IAS_GEN_PKG;IAS_GEN_PKGIAS20142GET_CNTIA;IAS_GEN_PKGIAS20142GET_CUR_RATEI;IAS_GEN_PKGIAS20142GET_SYSDATEIA;IAS_GET_DOC_DEL_FNC;IAS_GET_ENC_PASS_FNC;IAS_GET_ENC_PASS_FNCIAS20142IAS_GET_ENC_PASS_FNC;IAS_PRMTR_PKG;IAS_PRMTR_PKGIAS20142GETPVAL;IAS_USR_PKG;IAS_USR_PKGIAS20142CHK_USR_FRM_PRVIA;IAS_USR_PKGIAS20142GET_USR_NMIAS;IAS_VNDR_PKG;IAS_VNDR_PKGIAS20142CHECK_ACYIAS;IAS_VNDR_PKGIAS20142GET_ACODEIAS;IAS_VNDR_PKGIAS20142GET_V_NAMEIA;YS_AC_DTL_PKG;YS_AC_DTL_PKGIAS20142CHK_AC_DTLY;YS_AC_DTL_PKGIAS20142CHK_AC_DTL_ACYY;YS_AC_DTL_PKGIAS20142CHK_INACTV_ACYY;YS_AC_DTL_PKGIAS20142GET_AC_DTL_TYPY;YS_AC_DTL_PKGIAS20142GET_ONE_ACY_AC_DTLY,CREATE/SAVE;UPDATE;DELETE/VOID;POST;PRINT,FMX_STRING_EVIDENCE,oracle_forms/deep_catalog/form_field_trigger_catalog.jsonl
FASS001.fmx,ADMIN,ONEX_ADMIN_WINDOW_API,34,8,152,412,IAS_GET_ENC_PASS_FNC;IAS_GET_ENC_PASS_FNCIAS20142IAS_GET_ENC_PASS_FNC;IAS_USR_PKG;IAS_USR_PKGIAS20142CHK_USR_FRM_PRVIA;IAS_USR_PKGIAS20142GET_USR_NMIAS;YS_GEN_PKG;YS_GEN_PKGIAS20142CHK_LOCK_RCRDY;YS_GEN_PKGIAS20142GET_USR_FLD_PRVYS_;YS_SRL_SCR_PKG;YS_SRL_SCR_PKGIAS20142GET_SYS_SQ,CREATE/SAVE;UPDATE;DELETE/VOID;POST;PRINT,FMX_STRING_EVIDENCE,oracle_forms/deep_catalog/form_field_trigger_catalog.jsonl
FASS002.fmx,ADMIN,ONEX_ADMIN_WINDOW_API,32,8,292,515,IAS_GET_ENC_PASS_FNC;IAS_GET_ENC_PASS_FNCIAS20142IAS_GET_ENC_PASS_FNC;IAS_USR_PKG;IAS_USR_PKGIAS20142CHK_USR_FRM_PRVIA;IAS_USR_PKGIAS20142GET_USR_NMIAS;YS_GEN_PKG;YS_GEN_PKGIAS20142CHK_LOCK_RCRDY;YS_GEN_PKGIAS20142GET_USR_FLD_PRVYS_;YS_SRL_SCR_PKG;YS_SRL_SCR_PKGIAS20142GET_SYS_SQ,CREATE/SAVE;UPDATE;DELETE/VOID;POST;PRINT,FMX_STRING_EVIDENCE,oracle_forms/deep_catalog/form_field_trigger_catalog.jsonl
FASS003.fmx,ADMIN,ONEX_ADMIN_WINDOW_API,33,8,201,519,IAS_GET_ENC_PASS_FNC;IAS_GET_ENC_PASS_FNCIAS20142IAS_GET_ENC_PASS_FNC;IAS_USR_PKG;IAS_USR_PKGIAS20142CHK_USR_FRM_PRVIA;IAS_USR_PKGIAS20142GET_USR_NMIAS;YS_GEN_PKG;YS_GEN_PKGIAS20142CHK_LOCK_RCRDY;YS_GEN_PKGIAS20142GET_CNTYS_;YS_GEN_PKGIAS20142GET_USR_FLD_PRVYS_;YS_SRL_SCR_PKG;YS_SRL_SCR_PKGIAS20142GET_SYS_SQ,CREATE/SAVE;UPDATE;DELETE/VOID;POST;PRINT,FMX_STRING_EVIDENCE,oracle_forms/deep_catalog/form_field_trigger_catalog.jsonl
FASS004.fmx,ADMIN,ONEX_ADMIN_WINDOW_API,42,8,292,568,IAS_ACODE_PKG;IAS_ACODE_PKGIAS20142GET_A_NAMEI;IAS_ACTV_PKG;IAS_ACTV_PKGIAS20142GET_ACTV_NAMEIAS;IAS_CC_CODE_PKG;IAS_CC_CODE_PKGIAS20142GET_CC_NAMEIA;IAS_GEN_PKG;IAS_GEN_PKGIAS20142GET_CNTIA;IAS_GET_ENC_PASS_FNC;IAS_GET_ENC_PASS_FNCIAS20142IAS_GET_ENC_PASS_FNC;IAS_PJ_PKG;IAS_PJ_PKGIAS20142GET_PJ_NAMEIAS;IAS_USR_PKG;IAS_USR_PKGIAS20142CHK_USR_FRM_PRVIA;IAS_USR_PKGIAS20142GET_USR_NMIAS;YS_GEN_PKG;YS_GEN_PKGIAS20142CHK_LOCK_RCRDY;YS_GEN_PKGIAS20142GET_USR_FLD_PRVYS_;YS_SRL_SCR_PKG;YS_SRL_SCR_PKGIAS20142GET_SYS_SQ,CREATE/SAVE;UPDATE;DELETE/VOID;POST;PRINT,FMX_STRING_EVIDENCE,oracle_forms/deep_catalog/form_field_trigger_catalog.jsonl
FASS085.fmx,ADMIN,ONEX_ADMIN_WINDOW_API,35,8,198,353,IAS_GEN_PKG;IAS_GEN_PKGIAS20142GET_CNTIA;IAS_GEN_PKGIAS20142GET_FLD_VALUE;IAS_GET_ENC_PASS_FNC;IAS_GET_ENC_PASS_FNCIAS20142IAS_GET_ENC_PASS_FNC;IAS_USR_PKG;IAS_USR_PKGIAS20142CHK_USR_FRM_PRVIA;IAS_USR_PKGIAS20142GET_USR_APPRV;IAS_USR_PKGIAS20142GET_USR_NMIAS;YS_GEN_PKG;YS_GEN_PKGIAS20142GET_USR_FLD_PRVYS_;YS_SRL_SCR_PKG;YS_SRL_SCR_PKGIAS20142GET_SYS_SQ,CREATE/SAVE;UPDATE;DELETE/VOID;POST;PRINT,FMX_STRING_EVIDENCE,oracle_forms/deep_catalog/form_field_trigger_catalog.jsonl
FASS086.fmx,ADMIN,ONEX_ADMIN_WINDOW_API,34,8,261,398,IAS_GET_ENC_PASS_FNC;IAS_GET_ENC_PASS_FNCIAS20142IAS_GET_ENC_PASS_FNC;IAS_USR_PKG;IAS_USR_PKGIAS20142CHK_USR_FRM_PRVIA;IAS_USR_PKGIAS20142GET_USR_APPRV;IAS_USR_PKGIAS20142GET_USR_NMIAS;YS_GEN_PKG;YS_GEN_PKGIAS20142GET_USR_FLD_PRVYS_;YS_SRL_SCR_PKG;YS_SRL_SCR_PKGIAS20142GET_SYS_SQ,CREATE/SAVE;UPDATE;DELETE/VOID;POST;PRINT,FMX_STRING_EVIDENCE,oracle_forms/deep_catalog/form_field_trigger_catalog.jsonl
FAST001.fmx,ADMIN,ONEX_ADMIN_WINDOW_API,43,8,230,602,IAS_GET_ENC_PASS_FNC;IAS_GET_ENC_PASS_FNCIAS20142IAS_GET_ENC_PASS_FNC;IAS_USR_PKG;IAS_USR_PKGIAS20142CHK_USR_FRM_PRVIA;IAS_USR_PKGIAS20142GET_USR_NMIAS;YS_GEN_PKG;YS_GEN_PKGIAS20142CHK_LOCK_RCRDY;YS_GEN_PKGIAS20142GET_USR_FLD_PRVYS_;YS_SRL_SCR_PKG;YS_SRL_SCR_PKGIAS20142GET_SYS_SQ,CREATE/SAVE;UPDATE;DELETE/VOID;POST;PRINT,FMX_STRING_EVIDENCE,oracle_forms/deep_catalog/form_field_trigger_catalog.jsonl
FAST002.fmx,ADMIN,ONEX_ADMIN_WINDOW_API,91,8,653,961,IAS_ACODE_PKG;IAS_ACODE_PKGIAS20142CHECK_ACYIA;IAS_ACODE_PKGIAS20142CHK_AC_CODE;IAS_ACODE_PKGIAS20142GET_AC_TYPE;IAS_ACODE_PKGIAS20142GET_A_NAMEI;IAS_ACODE_PKGIAS20142GET_CNT_ACY;IAS_ACODE_PKGIAS20142GET_ONE_ACY_ACI;IAS_CHECK_SYS_PKG;IAS_CHECK_SYS_PKGIAS20142CHECK_AC_ACY_INCTVI;IAS_CHECK_SYS_PKGIAS20142CHECK_CUR_RATEI;IAS_CSHBNK_PKG;IAS_CSHBNK_PKGIAS20142CHECK_ACYI;IAS_CSHBNK_PKGIAS20142CHK_CB_BRN;IAS_CST_PKG;IAS_CST_PKGIAS20142CHECK_ACY;IAS_GEN_PKG;IAS_GEN_PKGIAS20142GET_CUR_RATEI;IAS_GET_DOC_DEL_FNC;IAS_GET_ENC_PASS_FNC;IAS_GET_ENC_PASS_FNCIAS20142IAS_GET_ENC_PASS_FNC;IAS_POST_IN_SAV_PKG;IAS_POST_IN_SAV_PKGIAS20142DELETE_PREV_POSTI;IAS_USR_PKG;IAS_USR_PKGIAS20142CHK_USR_FRM_PRVIA;IAS_USR_PKGIAS20142GET_USR_NMIAS;IAS_VNDR_PKG;IAS_VNDR_PKGIAS20142CHECK_ACYIAS;YS_AC_DTL_PKG;YS_AC_DTL_PKGIAS20142CHK_AC_DTLY;YS_AC_DTL_PKGIAS20142CHK_AC_DTL_ACYY;YS_AC_DTL_PKGIAS20142CHK_INACTV_ACYY;YS_AC_DTL_PKGIAS20142GET_AC_DTL_TYPY;YS_AC_DTL_PKGIAS20142GET_ONE_ACY_AC_DTLY;YS_GEN_PKG;YS_GEN_PKGIAS20142GET_CNTYS_;YS_GEN_PKGIAS20142GET_LOCAL_CURY;YS_GEN_PKGIAS20142GET_PROMPT;YS_GEN_PKGIAS20142GET_SYSDATEYS_;YS_GEN_PKGIAS20142GET_UPDATE_DOC_PERIODY;YS_GEN_PKGIAS20142GET_USR_FLD_PRVYS_,CREATE/SAVE;UPDATE;DELETE/VOID;POST;PRINT,FMX_STRING_EVIDENCE,oracle_forms/deep_catalog/form_field_trigger_catalog.jsonl
FAST003.fmx,ADMIN,ONEX_ADMIN_WINDOW_API,98,8,623,919,IAS_ACODE_PKG;IAS_ACODE_PKGIAS20142CHECK_ACYIA;IAS_ACODE_PKGIAS20142CHK_AC_CODE;IAS_ACODE_PKGIAS20142GET_AC_TYPE;IAS_ACODE_PKGIAS20142GET_A_NAMEI;IAS_ACODE_PKGIAS20142GET_CNT_ACY;IAS_ACODE_PKGIAS20142GET_ONE_ACY_ACI;IAS_BRN_PKG;IAS_BRN_PKGIAS20142GET_BR_CMPIAS;IAS_CHECK_SYS_PKG;IAS_CHECK_SYS_PKGIAS20142CHECK_AC_ACY_INCTVI;IAS_CHECK_SYS_PKGIAS20142CHECK_CUR_RATEI;IAS_CSHBNK_PKG;IAS_CSHBNK_PKGIAS20142CHECK_ACYI;IAS_CSHBNK_PKGIAS20142CHK_CB_BRN;IAS_CST_PKG;IAS_CST_PKGIAS20142CHECK_ACY;IAS_GEN_PKG;IAS_GEN_PKGIAS20142GET_CUR_RATEI;IAS_GEN_PKGIAS20142GET_PROMPTIAS;IAS_GEN_PKGIAS20142GET_SYSDATEIA;IAS_GET_DOC_DEL_FNC;IAS_GET_ENC_PASS_FNC;IAS_GET_ENC_PASS_FNCIAS20142IAS_GET_ENC_PASS_FNC;IAS_POST_IN_SAV_PKG;IAS_POST_IN_SAV_PKGIAS20142DELETE_PREV_POSTI;IAS_USR_PKG;IAS_USR_PKGIAS20142CHK_USR_FRM_PRVIA;IAS_USR_PKGIAS20142GET_USR_NMIAS;IAS_VNDR_PKG;IAS_VNDR_PKGIAS20142CHECK_ACYIAS;YS_AC_DTL_PKG;YS_AC_DTL_PKGIAS20142CHK_AC_DTLY;YS_AC_DTL_PKGIAS20142CHK_AC_DTL_ACYY;YS_AC_DTL_PKGIAS20142CHK_INACTV_ACYY;YS_AC_DTL_PKGIAS20142GET_AC_DTL_TYPY;YS_AC_DTL_PKGIAS20142GET_ONE_ACY_AC_DTLY;YS_GEN_PKG;YS_GEN_PKGIAS20142GET_CNTYS_;YS_GEN_PKGIAS20142GET_LOCAL_CURY,CREATE/SAVE;UPDATE;DELETE/VOID;POST;PRINT,FMX_STRING_EVIDENCE,oracle_forms/deep_catalog/form_field_trigger_catalog.jsonl
FAST004.fmx,ADMIN,ONEX_ADMIN_WINDOW_API,82,8,614,920,IAS_ACTV_PKG;IAS_ACTV_PKGIAS20142CHK_ACTV;IAS_ACTV_PKGIAS20142GET_ACTV_NAMEIAS;IAS_AUD_SYS_PKG;IAS_AUD_SYS_PKGIAS20142ADD_DOC_DELIA;IAS_BRN_PKG;IAS_BRN_PKGIAS20142GET_BR_NM;IAS_CC_CODE_PKG;IAS_CC_CODE_PKGIAS20142GET_CC_NAMEIA;IAS_GEN_PKG;IAS_GEN_PKGIAS20142GET_SYSDATEIA;IAS_GET_DOC_DEL_FNC;IAS_GET_ENC_PASS_FNC;IAS_GET_ENC_PASS_FNCIAS20142IAS_GET_ENC_PASS_FNC;IAS_PJ_PKG;IAS_PJ_PKGIAS20142GET_PJ_NAMEIAS;IAS_POST_IN_SAV_PKG;IAS_POST_IN_SAV_PKGIAS20142DELETE_PREV_POSTI;IAS_USR_PKG;IAS_USR_PKGIAS20142CHK_USR_FRM_PRVIA;IAS_USR_PKGIAS20142GET_USR_NMIAS;YS_EMP_PKG;YS_EMP_PKGIAS20142CHK_EMPYS_;YS_GEN_PKG;YS_GEN_PKGIAS20142GET_CNTYS_;YS_GEN_PKGIAS20142GET_DELETE_DOC_PERIODY;YS_GEN_PKGIAS20142GET_LOCAL_CURY;YS_GEN_PKGIAS20142GET_UPDATE_DOC_PERIODY;YS_GEN_PKGIAS20142GET_USR_FLD_PRVYS_;YS_SRL_SCR_PKG;YS_SRL_SCR_PKGIAS20142GET_SYS_SQ,CREATE/SAVE;UPDATE;DELETE/VOID;POST;PRINT,FMX_STRING_EVIDENCE,oracle_forms/deep_catalog/form_field_trigger_catalog.jsonl
FAST005.fmx,ADMIN,ONEX_ADMIN_WINDOW_API,61,8,466,783,IAS_GEN_PKG;IAS_GEN_PKGIAS20142GET_STK_CURIA;IAS_GET_DOC_DEL_FNC;IAS_GET_ENC_PASS_FNC;IAS_GET_ENC_PASS_FNCIAS20142IAS_GET_ENC_PASS_FNC;IAS_POST_IN_SAV_PKG;IAS_POST_IN_SAV_PKGIAS20142DELETE_PREV_POSTI;IAS_USR_PKG;IAS_USR_PKGIAS20142CHK_USR_FRM_PRVIA;IAS_USR_PKGIAS20142GET_USR_NMIAS;YS_EMP_PKG;YS_EMP_PKGIAS20142CHK_EMPYS_;YS_GEN_PKG;YS_GEN_PKGIAS20142GET_CNTYS_;YS_GEN_PKGIAS20142GET_CUR_RATEYS;YS_GEN_PKGIAS20142GET_LOCAL_CURY;YS_GEN_PKGIAS20142GET_PROMPT;YS_GEN_PKGIAS20142GET_UPDATE_DOC_PERIODY;YS_GEN_PKGIAS20142GET_USR_FLD_PRVYS_;YS_SRL_SCR_PKG;YS_SRL_SCR_PKGIAS20142GET_SYS_SQ,CREATE/SAVE;UPDATE;DELETE/VOID;POST;PRINT,FMX_STRING_EVIDENCE,oracle_forms/deep_catalog/form_field_trigger_catalog.jsonl
FAST006.fmx,ADMIN,ONEX_ADMIN_WINDOW_API,70,8,339,731,IAS_ACTV_PKG;IAS_ACTV_PKGIAS20142CHK_ACTV;IAS_ACTV_PKGIAS20142GET_ACTV_NAMEIAS;IAS_CC_CODE_PKG;IAS_CC_CODE_PKGIAS20142GET_CC_NAMEIA;IAS_GEN_PKG;IAS_GEN_PKGIAS20142GET_MSGIA;IAS_GEN_PKGIAS20142GET_PROMPTIAS;IAS_GET_ENC_PASS_FNC;IAS_GET_ENC_PASS_FNCIAS20142IAS_GET_ENC_PASS_FNC;IAS_PJ_PKG;IAS_PJ_PKGIAS20142GET_PJ_NAMEIAS;IAS_POST_IN_SAV_PKG;IAS_POST_IN_SAV_PKGIAS20142DELETE_PREV_POSTI;IAS_USR_PKG;IAS_USR_PKGIAS20142CHK_USR_FRM_PRVIA;IAS_USR_PKGIAS20142GET_USR_NMIAS;YS_GEN_PKG;YS_GEN_PKGIAS20142CHK_LOCK_RCRDY;YS_GEN_PKGIAS20142GET_CNTYS_;YS_GEN_PKGIAS20142GET_LOCAL_CURY;YS_GEN_PKGIAS20142GET_PROMPT;YS_GEN_PKGIAS20142GET_USR_FLD_PRVYS_;YS_SRL_SCR_PKG;YS_SRL_SCR_PKGIAS20142GET_SYS_SQ,CREATE/SAVE;UPDATE;DELETE/VOID;POST;PRINT,FMX_STRING_EVIDENCE,oracle_forms/deep_catalog/form_field_trigger_catalog.jsonl
FAST007.fmx,ADMIN,ONEX_ADMIN_WINDOW_API,53,8,431,740,IAS_GEN_PKG;IAS_GEN_PKGIAS20142GET_SYSDATEIA;IAS_GET_DOC_DEL_FNC;IAS_GET_ENC_PASS_FNC;IAS_GET_ENC_PASS_FNCIAS20142IAS_GET_ENC_PASS_FNC;IAS_USR_PKG;IAS_USR_PKGIAS20142CHK_USR_FRM_PRVIA;IAS_USR_PKGIAS20142GET_USR_NMIAS;YS_EMP_PKG;YS_EMP_PKGIAS20142CHK_EMPYS_;YS_GEN_PKG;YS_GEN_PKGIAS20142CHK_LOCK_RCRDY;YS_GEN_PKGIAS20142GET_LOCAL_CURY;YS_GEN_PKGIAS20142GET_UPDATE_DOC_PERIODY;YS_GEN_PKGIAS20142GET_USR_FLD_PRVYS_;YS_SRL_SCR_PKG;YS_SRL_SCR_PKGIAS20142GET_SYS_SQ,CREATE/SAVE;UPDATE;DELETE/VOID;POST;PRINT,FMX_STRING_EVIDENCE,oracle_forms/deep_catalog/form_field_trigger_catalog.jsonl
FAST008.fmx,ADMIN,ONEX_ADMIN_WINDOW_API,77,8,460,847,IAS_ACODE_PKG;IAS_ACODE_PKGIAS20142CHECK_ACYIA;IAS_ACODE_PKGIAS20142CHK_AC_CODE;IAS_ACODE_PKGIAS20142GET_AC_TYPE;IAS_CHECK_SYS_PKG;IAS_CHECK_SYS_PKGIAS20142CHECK_AC_ACY_INCTVI;IAS_CSHBNK_PKG;IAS_CSHBNK_PKGIAS20142CHK_CB_BRN;IAS_GET_DOC_DEL_FNC;IAS_GET_ENC_PASS_FNC;IAS_GET_ENC_PASS_FNCIAS20142IAS_GET_ENC_PASS_FNC;IAS_POST_IN_SAV_PKG;IAS_POST_IN_SAV_PKGIAS20142DELETE_PREV_POSTI;IAS_USR_PKG;IAS_USR_PKGIAS20142CHK_USR_FRM_PRVIA;IAS_USR_PKGIAS20142GET_USR_NMIAS;YS_AC_DTL_PKG;YS_AC_DTL_PKGIAS20142CHK_AC_DTLY;YS_AC_DTL_PKGIAS20142CHK_AC_DTL_ACYY;YS_AC_DTL_PKGIAS20142CHK_INACTV_ACYY;YS_AC_DTL_PKGIAS20142GET_AC_DTL_TYPY;YS_GEN_PKG;YS_GEN_PKGIAS20142GET_CNTYS_;YS_GEN_PKGIAS20142GET_LOCAL_CURY;YS_GEN_PKGIAS20142GET_SYSDATEYS_;YS_GEN_PKGIAS20142GET_UPDATE_DOC_PERIODY;YS_GEN_PKGIAS20142GET_USR_FLD_PRVYS_;YS_SRL_SCR_PKG;YS_SRL_SCR_PKGIAS20142GET_SYS_SQ,CREATE/SAVE;UPDATE;DELETE/VOID;POST;PRINT,FMX_STRING_EVIDENCE,oracle_forms/deep_catalog/form_field_trigger_catalog.jsonl
FAST009.fmx,ADMIN,ONEX_ADMIN_WINDOW_API,76,8,434,823,IAS_ACODE_PKG;IAS_ACODE_PKGIAS20142CHECK_ACYIA;IAS_ACODE_PKGIAS20142CHK_AC_CODE;IAS_ACODE_PKGIAS20142GET_AC_TYPE;IAS_ACODE_PKGIAS20142GET_A_NAMEI;IAS_CHECK_SYS_PKG;IAS_CHECK_SYS_PKGIAS20142CHECK_AC_ACY_INCTVI;IAS_GET_DOC_DEL_FNC;IAS_GET_ENC_PASS_FNC;IAS_GET_ENC_PASS_FNCIAS20142IAS_GET_ENC_PASS_FNC;IAS_POST_IN_SAV_PKG;IAS_POST_IN_SAV_PKGIAS20142DELETE_PREV_POSTI;IAS_USR_PKG;IAS_USR_PKGIAS20142CHK_USR_FRM_PRVIA;IAS_USR_PKGIAS20142GET_USR_NMIAS;YS_AC_DTL_PKG;YS_AC_DTL_PKGIAS20142GET_AC_DTL_TYPY;YS_EMP_PKG;YS_EMP_PKGIAS20142CHK_EMPYS_;YS_GEN_PKG;YS_GEN_PKGIAS20142CHK_LOCK_RCRDY;YS_GEN_PKGIAS20142GET_CNTYS_;YS_GEN_PKGIAS20142GET_LOCAL_CURY;YS_GEN_PKGIAS20142GET_SYSDATEYS_;YS_GEN_PKGIAS20142GET_USR_FLD_PRVYS_;YS_SRL_SCR_PKG;YS_SRL_SCR_PKGIAS20142GET_SYS_SQ,CREATE/SAVE;UPDATE;DELETE/VOID;POST;PRINT,FMX_STRING_EVIDENCE,oracle_forms/deep_catalog/form_field_trigger_catalog.jsonl
FAST010.fmx,ADMIN,ONEX_ADMIN_WINDOW_API,73,8,339,730,IAS_ACTV_PKG;IAS_ACTV_PKGIAS20142GET_ACTV_NAMEIAS;IAS_CC_CODE_PKG;IAS_CC_CODE_PKGIAS20142GET_CC_NAMEIA;IAS_GET_DOC_DEL_FNC;IAS_GET_ENC_PASS_FNC;IAS_GET_ENC_PASS_FNCIAS20142IAS_GET_ENC_PASS_FNC;IAS_PJ_PKG;IAS_PJ_PKGIAS20142GET_PJ_NAMEIAS;IAS_POST_IN_SAV_PKG;IAS_POST_IN_SAV_PKGIAS20142DELETE_PREV_POSTI;IAS_USR_PKG;IAS_USR_PKGIAS20142CHK_USR_FRM_PRVIA;IAS_USR_PKGIAS20142GET_USR_NMIAS;YS_EMP_PKG;YS_EMP_PKGIAS20142GET_EMP_NM;YS_GEN_PKG;YS_GEN_PKGIAS20142CHK_LOCK_RCRDY;YS_GEN_PKGIAS20142GET_CNTYS_;YS_GEN_PKGIAS20142GET_LOCAL_CURY;YS_GEN_PKGIAS20142GET_SYSDATEYS_;YS_GEN_PKGIAS20142GET_USR_FLD_PRVYS_;YS_SRL_SCR_PKG;YS_SRL_SCR_PKGIAS20142GET_SYS_SQ,CREATE/SAVE;UPDATE;DELETE/VOID;POST;PRINT,FMX_STRING_EVIDENCE,oracle_forms/deep_catalog/form_field_trigger_catalog.jsonl
FAST012.fmx,ADMIN,ONEX_ADMIN_WINDOW_API,65,8,373,793,IAS_ACTV_PKG;IAS_ACTV_PKGIAS20142CHK_ACTV;IAS_ACTV_PKGIAS20142GET_ACTV_NAMEIAS;IAS_CC_CODE_PKG;IAS_CC_CODE_PKGIAS20142GET_CC_NAMEIA;IAS_GET_DOC_DEL_FNC;IAS_GET_ENC_PASS_FNC;IAS_GET_ENC_PASS_FNCIAS20142IAS_GET_ENC_PASS_FNC;IAS_PJ_PKG;IAS_PJ_PKGIAS20142GET_PJ_NAMEIAS;IAS_USR_PKG;IAS_USR_PKGIAS20142CHK_USR_FRM_PRVIA;IAS_USR_PKGIAS20142GET_USR_NMIAS;YS_EMP_PKG;YS_EMP_PKGIAS20142CHK_EMPYS_;YS_GEN_PKG;YS_GEN_PKGIAS20142CHK_LOCK_RCRDY;YS_GEN_PKGIAS20142GET_CNTYS_;YS_GEN_PKGIAS20142GET_SYSDATEYS_;YS_GEN_PKGIAS20142GET_USR_FLD_PRVYS_;YS_SRL_SCR_PKG;YS_SRL_SCR_PKGIAS20142GET_SYS_SQ,CREATE/SAVE;UPDATE;DELETE/VOID;POST;PRINT,FMX_STRING_EVIDENCE,oracle_forms/deep_catalog/form_field_trigger_catalog.jsonl
FAST086.fmx,ADMIN,ONEX_ADMIN_WINDOW_API,51,8,472,815,IAS_BRN_PKG;IAS_BRN_PKGIAS20142GET_BR_CMPIAS;IAS_GEN_PKG;IAS_GEN_PKGIAS20142GET_CNTIA;IAS_GEN_PKGIAS20142GET_SYSDATEIA;IAS_GET_DOC_DEL_FNC;IAS_GET_ENC_PASS_FNC;IAS_GET_ENC_PASS_FNCIAS20142IAS_GET_ENC_PASS_FNC;IAS_USR_PKG;IAS_USR_PKGIAS20142CHK_USR_FRM_PRVIA;IAS_USR_PKGIAS20142GET_USR_APPRV;IAS_USR_PKGIAS20142GET_USR_NMIAS;YS_APPRVD_PKG;YS_APPRVD_PKGIAS20142DEL_APPRVD_LVLY;YS_APPRVD_PKGIAS20142INSRT_APPRVD_LVLYS_;YS_GEN_PKG;YS_GEN_PKGIAS20142GET_LOCAL_CURY;YS_GEN_PKGIAS20142GET_UPDATE_DOC_PERIODY;YS_GEN_PKGIAS20142GET_USR_FLD_PRVYS_;YS_SRL_SCR_PKG;YS_SRL_SCR_PKGIAS20142GET_SYS_SQ,CREATE/SAVE;UPDATE;DELETE/VOID;POST;PRINT,FMX_STRING_EVIDENCE,oracle_forms/deep_catalog/form_field_trigger_catalog.jsonl
FAST087.fmx,ADMIN,ONEX_ADMIN_WINDOW_API,83,8,661,1003,IAS_ACODE_PKG;IAS_ACODE_PKGIAS20142CHECK_ACYIA;IAS_ACODE_PKGIAS20142CHK_AC_CODE;IAS_ACODE_PKGIAS20142GET_AC_TYPE;IAS_ACODE_PKGIAS20142GET_A_NAMEI;IAS_ACODE_PKGIAS20142GET_CNT_ACY;IAS_ACODE_PKGIAS20142GET_ONE_ACY_ACI;IAS_BRN_PKG;IAS_BRN_PKGIAS20142GET_BR_CMPIAS;IAS_CHECK_SYS_PKG;IAS_CHECK_SYS_PKGIAS20142CHECK_AC_ACY_INCTVI;IAS_CHECK_SYS_PKGIAS20142CHECK_CUR_RATEI;IAS_CSHBNK_PKG;IAS_CSHBNK_PKGIAS20142CHECK_ACYI;IAS_CSHBNK_PKGIAS20142CHK_CB_BRN;IAS_CSHBNK_PKGIAS20142GET_A_CODE;IAS_CST_PKG;IAS_CST_PKGIAS20142CHECK_ACY;IAS_CST_PKGIAS20142GET_ACODE;IAS_GEN_PKG;IAS_GEN_PKGIAS20142GET_CNTIA;IAS_GEN_PKGIAS20142GET_CUR_RATEI;IAS_GEN_PKGIAS20142GET_SYSDATEIA;IAS_GET_DOC_DEL_FNC;IAS_GET_ENC_PASS_FNC;IAS_GET_ENC_PASS_FNCIAS20142IAS_GET_ENC_PASS_FNC;IAS_USR_PKG;IAS_USR_PKGIAS20142CHK_USR_FRM_PRVIA;IAS_USR_PKGIAS20142GET_USR_APPRV;IAS_USR_PKGIAS20142GET_USR_NMIAS;IAS_VNDR_PKG;IAS_VNDR_PKGIAS20142CHECK_ACYIAS;IAS_VNDR_PKGIAS20142GET_ACODEIAS;YS_AC_DTL_PKG;YS_AC_DTL_PKGIAS20142CHK_AC_DTLY;YS_AC_DTL_PKGIAS20142CHK_AC_DTL_ACYY;YS_AC_DTL_PKGIAS20142CHK_INACTV_ACYY;YS_AC_DTL_PKGIAS20142GET_AC_DTL_TYPY;YS_AC_DTL_PKGIAS20142GET_ONE_ACY_AC_DTLY;YS_APPRVD_PKG,CREATE/SAVE;UPDATE;DELETE/VOID;POST;PRINT,FMX_STRING_EVIDENCE,oracle_forms/deep_catalog/form_field_trigger_catalog.jsonl
FAST088.fmx,ADMIN,ONEX_ADMIN_WINDOW_API,76,8,628,957,IAS_ACODE_PKG;IAS_ACODE_PKGIAS20142CHECK_ACYIA;IAS_ACODE_PKGIAS20142CHK_AC_CODE;IAS_ACODE_PKGIAS20142GET_AC_TYPE;IAS_ACODE_PKGIAS20142GET_CNT_ACY;IAS_ACODE_PKGIAS20142GET_ONE_ACY_ACI;IAS_BRN_PKG;IAS_BRN_PKGIAS20142GET_BR_CMPIAS;IAS_CHECK_SYS_PKG;IAS_CHECK_SYS_PKGIAS20142CHECK_AC_ACY_INCTVI;IAS_CHECK_SYS_PKGIAS20142CHECK_CUR_RATEI;IAS_CSHBNK_PKG;IAS_CSHBNK_PKGIAS20142CHECK_ACYI;IAS_CSHBNK_PKGIAS20142CHK_CB_BRN;IAS_CSHBNK_PKGIAS20142GET_A_CODE;IAS_CST_PKG;IAS_CST_PKGIAS20142CHECK_ACY;IAS_CST_PKGIAS20142GET_ACODE;IAS_GEN_PKG;IAS_GEN_PKGIAS20142GET_CNTIA;IAS_GEN_PKGIAS20142GET_CUR_RATEI;IAS_GEN_PKGIAS20142GET_SYSDATEIA;IAS_GET_DOC_DEL_FNC;IAS_GET_ENC_PASS_FNC;IAS_GET_ENC_PASS_FNCIAS20142IAS_GET_ENC_PASS_FNC;IAS_PRMTR_PKG;IAS_PRMTR_PKGIAS20142GETPVAL;IAS_USR_PKG;IAS_USR_PKGIAS20142CHK_USR_FRM_PRVIA;IAS_USR_PKGIAS20142GET_USR_NMIAS;IAS_VNDR_PKG;IAS_VNDR_PKGIAS20142CHECK_ACYIAS;IAS_VNDR_PKGIAS20142GET_ACODEIAS;IAS_VNDR_PKGIAS20142GET_V_NAMEIA;YS_AC_DTL_PKG;YS_AC_DTL_PKGIAS20142CHK_AC_DTLY;YS_AC_DTL_PKGIAS20142CHK_AC_DTL_ACYY;YS_AC_DTL_PKGIAS20142CHK_INACTV_ACYY;YS_AC_DTL_PKGIAS20142GET_AC_DTL_TYPY;YS_AC_DTL_PKGIAS20142GET_ONE_ACY_AC_DTLY,CREATE/SAVE;UPDATE;DELETE/VOID;POST;PRINT,FMX_STRING_EVIDENCE,oracle_forms/deep_catalog/form_field_trigger_catalog.jsonl
FAST088t.fmx,ADMIN,ONEX_ADMIN_WINDOW_API,79,8,627,967,IAS_ACODE_PKG;IAS_ACODE_PKGIAS20142CHECK_ACYIA;IAS_ACODE_PKGIAS20142CHK_AC_CODE;IAS_ACODE_PKGIAS20142GET_AC_TYPE;IAS_ACODE_PKGIAS20142GET_CNT_ACY;IAS_ACODE_PKGIAS20142GET_ONE_ACY_ACI;IAS_BRN_PKG;IAS_BRN_PKGIAS20142GET_BR_CMPIAS;IAS_CHECK_SYS_PKG;IAS_CHECK_SYS_PKGIAS20142CHECK_AC_ACY_INCTVI;IAS_CHECK_SYS_PKGIAS20142CHECK_CUR_RATEI;IAS_CSHBNK_PKG;IAS_CSHBNK_PKGIAS20142CHECK_ACYI;IAS_CSHBNK_PKGIAS20142CHK_CB_BRN;IAS_CSHBNK_PKGIAS20142GET_A_CODE;IAS_CST_PKG;IAS_CST_PKGIAS20142CHECK_ACY;IAS_CST_PKGIAS20142GET_ACODE;IAS_GEN_PKG;IAS_GEN_PKGIAS20142GET_CNTIA;IAS_GEN_PKGIAS20142GET_CUR_RATEI;IAS_GEN_PKGIAS20142GET_SYSDATEIA;IAS_GET_DOC_DEL_FNC;IAS_GET_ENC_PASS_FNC;IAS_GET_ENC_PASS_FNCIAS20142IAS_GET_ENC_PASS_FNC;IAS_PRMTR_PKG;IAS_PRMTR_PKGIAS20142GETPVAL;IAS_USR_PKG;IAS_USR_PKGIAS20142CHK_USR_FRM_PRVIA;IAS_USR_PKGIAS20142GET_USR_NMIAS;IAS_VNDR_PKG;IAS_VNDR_PKGIAS20142CHECK_ACYIAS;IAS_VNDR_PKGIAS20142GET_ACODEIAS;IAS_VNDR_PKGIAS20142GET_V_NAMEIA;YS_AC_DTL_PKG;YS_AC_DTL_PKGIAS20142CHK_AC_DTLY;YS_AC_DTL_PKGIAS20142CHK_AC_DTL_ACYY;YS_AC_DTL_PKGIAS20142CHK_INACTV_ACYY;YS_AC_DTL_PKGIAS20142GET_AC_DTL_TYPY;YS_AC_DTL_PKGIAS20142GET_ONE_ACY_AC_DTLY,CREATE/SAVE;UPDATE;DELETE/VOID;POST;PRINT,FMX_STRING_EVIDENCE,oracle_forms/deep_catalog/form_field_trigger_catalog.jsonl
FAST088tt.fmx,ADMIN,ONEX_ADMIN_WINDOW_API,80,8,575,966,IAS_ACODE_PKG;IAS_ACODE_PKGIAS20142CHECK_ACYIA;IAS_ACODE_PKGIAS20142CHK_AC_CODE;IAS_ACODE_PKGIAS20142GET_AC_TYPE;IAS_ACODE_PKGIAS20142GET_CNT_ACY;IAS_ACODE_PKGIAS20142GET_ONE_ACY_ACI;IAS_BRN_PKG;IAS_BRN_PKGIAS20142GET_BR_CMPIAS;IAS_CHECK_SYS_PKG;IAS_CHECK_SYS_PKGIAS20142CHECK_AC_ACY_INCTVI;IAS_CHECK_SYS_PKGIAS20142CHECK_CUR_RATEI;IAS_CSHBNK_PKG;IAS_CSHBNK_PKGIAS20142CHECK_ACYI;IAS_CSHBNK_PKGIAS20142CHK_CB_BRN;IAS_CSHBNK_PKGIAS20142GET_A_CODE;IAS_CST_PKG;IAS_CST_PKGIAS20142CHECK_ACY;IAS_CST_PKGIAS20142GET_ACODE;IAS_GEN_PKG;IAS_GEN_PKGIAS20142GET_CNTIA;IAS_GEN_PKGIAS20142GET_CUR_RATEI;IAS_GEN_PKGIAS20142GET_SYSDATEIA;IAS_GET_DOC_DEL_FNC;IAS_GET_ENC_PASS_FNC;IAS_GET_ENC_PASS_FNCIAS20142IAS_GET_ENC_PASS_FNC;IAS_PRMTR_PKG;IAS_PRMTR_PKGIAS20142GETPVAL;IAS_USR_PKG;IAS_USR_PKGIAS20142CHK_USR_FRM_PRVIA;IAS_USR_PKGIAS20142GET_USR_NMIAS;IAS_VNDR_PKG;IAS_VNDR_PKGIAS20142CHECK_ACYIAS;IAS_VNDR_PKGIAS20142GET_ACODEIAS;IAS_VNDR_PKGIAS20142GET_V_NAMEIA;YS_AC_DTL_PKG;YS_AC_DTL_PKGIAS20142CHK_AC_DTLY;YS_AC_DTL_PKGIAS20142CHK_AC_DTL_ACYY;YS_AC_DTL_PKGIAS20142CHK_INACTV_ACYY;YS_AC_DTL_PKGIAS20142GET_AC_DTL_TYPY;YS_AC_DTL_PKGIAS20142GET_ONE_ACY_AC_DTLY,CREATE/SAVE;UPDATE;DELETE/VOID;POST;PRINT,FMX_STRING_EVIDENCE,oracle_forms/deep_catalog/form_field_trigger_catalog.jsonl
FAST089.fmx,ADMIN,ONEX_ADMIN_WINDOW_API,24,9,969,1071,IAS_DBS_SYS_PKG;IAS_DBS_SYS_PKGIAS20142ALTR_DBSI;IAS_GEN_PKG;IAS_GEN_PKGIAS20142GET_CNTIA;IAS_GET_ENC_PASS_FNC;IAS_GET_ENC_PASS_FNCIAS20142IAS_GET_ENC_PASS_FNC;IAS_USR_PKG;IAS_USR_PKGIAS20142GET_USR_NMIAS;YS_GEN_PKG;YS_GEN_PKGIAS20142CHK_LOCK_RCRDY,UPDATE;POST;PRINT,FMX_STRING_EVIDENCE,oracle_forms/deep_catalog/form_field_trigger_catalog.jsonl
FAST091.fmx,ADMIN,ONEX_ADMIN_WINDOW_API,75,8,570,945,IAS_ACODE_PKG;IAS_ACODE_PKGIAS20142CHECK_ACYIA;IAS_ACODE_PKGIAS20142CHK_AC_CODE;IAS_ACODE_PKGIAS20142GET_AC_TYPE;IAS_ACODE_PKGIAS20142GET_CNT_ACY;IAS_ACODE_PKGIAS20142GET_ONE_ACY_ACI;IAS_BRN_PKG;IAS_BRN_PKGIAS20142GET_BR_CMPIAS;IAS_CHECK_SYS_PKG;IAS_CHECK_SYS_PKGIAS20142CHECK_AC_ACY_INCTVI;IAS_CHECK_SYS_PKGIAS20142CHECK_CUR_RATEI;IAS_CSHBNK_PKG;IAS_CSHBNK_PKGIAS20142CHECK_ACYI;IAS_CSHBNK_PKGIAS20142CHK_CB_BRN;IAS_CSHBNK_PKGIAS20142GET_A_CODE;IAS_CST_PKG;IAS_CST_PKGIAS20142CHECK_ACY;IAS_CST_PKGIAS20142GET_ACODE;IAS_GEN_PKG;IAS_GEN_PKGIAS20142GET_CNTIA;IAS_GEN_PKGIAS20142GET_CUR_RATEI;IAS_GEN_PKGIAS20142GET_SYSDATEIA;IAS_GET_DOC_DEL_FNC;IAS_GET_ENC_PASS_FNC;IAS_GET_ENC_PASS_FNCIAS20142IAS_GET_ENC_PASS_FNC;IAS_USR_PKG;IAS_USR_PKGIAS20142CHK_USR_FRM_PRVIA;IAS_USR_PKGIAS20142GET_USR_NMIAS;IAS_VNDR_PKG;IAS_VNDR_PKGIAS20142CHECK_ACYIAS;IAS_VNDR_PKGIAS20142GET_ACODEIAS;IAS_VNDR_PKGIAS20142GET_V_NAMEIA;YS_AC_DTL_PKG;YS_AC_DTL_PKGIAS20142CHK_AC_DTLY;YS_AC_DTL_PKGIAS20142CHK_AC_DTL_ACYY;YS_AC_DTL_PKGIAS20142CHK_INACTV_ACYY;YS_AC_DTL_PKGIAS20142GET_AC_DTL_TYPY;YS_AC_DTL_PKGIAS20142GET_ONE_ACY_AC_DTLY;YS_GEN_PKG;YS_GEN_PKGIAS20142GET_CNTYS_,CREATE/SAVE;UPDATE;DELETE/VOID;POST;PRINT,FMX_STRING_EVIDENCE,oracle_forms/deep_catalog/form_field_trigger_catalog.jsonl
FAST092.fmx,ADMIN,ONEX_ADMIN_WINDOW_API,80,8,605,970,IAS_ACODE_PKG;IAS_ACODE_PKGIAS20142CHECK_ACYIA;IAS_ACODE_PKGIAS20142CHK_AC_CODE;IAS_ACODE_PKGIAS20142GET_AC_TYPE;IAS_ACODE_PKGIAS20142GET_CNT_ACY;IAS_ACODE_PKGIAS20142GET_ONE_ACY_ACI;IAS_BRN_PKG;IAS_BRN_PKGIAS20142GET_BR_CMPIAS;IAS_CHECK_SYS_PKG;IAS_CHECK_SYS_PKGIAS20142CHECK_AC_ACY_INCTVI;IAS_CHECK_SYS_PKGIAS20142CHECK_CUR_RATEI;IAS_CSHBNK_PKG;IAS_CSHBNK_PKGIAS20142CHECK_ACYI;IAS_CSHBNK_PKGIAS20142CHK_CB_BRN;IAS_CSHBNK_PKGIAS20142GET_A_CODE;IAS_CST_PKG;IAS_CST_PKGIAS20142CHECK_ACY;IAS_CST_PKGIAS20142GET_ACODE;IAS_GEN_PKG;IAS_GEN_PKGIAS20142GET_CNTIA;IAS_GEN_PKGIAS20142GET_CUR_RATEI;IAS_GEN_PKGIAS20142GET_SYSDATEIA;IAS_GET_DOC_DEL_FNC;IAS_GET_ENC_PASS_FNC;IAS_GET_ENC_PASS_FNCIAS20142IAS_GET_ENC_PASS_FNC;IAS_PRMTR_PKG;IAS_PRMTR_PKGIAS20142GETPVAL;IAS_USR_PKG;IAS_USR_PKGIAS20142CHK_USR_FRM_PRVIA;IAS_USR_PKGIAS20142GET_USR_NMIAS;IAS_VNDR_PKG;IAS_VNDR_PKGIAS20142CHECK_ACYIAS;IAS_VNDR_PKGIAS20142GET_ACODEIAS;IAS_VNDR_PKGIAS20142GET_V_NAMEIA;YS_AC_DTL_PKG;YS_AC_DTL_PKGIAS20142CHK_AC_DTLY;YS_AC_DTL_PKGIAS20142CHK_AC_DTL_ACYY;YS_AC_DTL_PKGIAS20142CHK_INACTV_ACYY;YS_AC_DTL_PKGIAS20142GET_AC_DTL_TYPY;YS_AC_DTL_PKGIAS20142GET_ONE_ACY_AC_DTLY,CREATE/SAVE;UPDATE;DELETE/VOID;POST;PRINT,FMX_STRING_EVIDENCE,oracle_forms/deep_catalog/form_field_trigger_catalog.jsonl
FAST093.fmx,ADMIN,ONEX_ADMIN_WINDOW_API,80,8,627,973,IAS_ACODE_PKG;IAS_ACODE_PKGIAS20142CHECK_ACYIA;IAS_ACODE_PKGIAS20142CHK_AC_CODE;IAS_ACODE_PKGIAS20142GET_AC_TYPE;IAS_ACODE_PKGIAS20142GET_CNT_ACY;IAS_ACODE_PKGIAS20142GET_ONE_ACY_ACI;IAS_BRN_PKG;IAS_BRN_PKGIAS20142GET_BR_CMPIAS;IAS_CHECK_SYS_PKG;IAS_CHECK_SYS_PKGIAS20142CHECK_AC_ACY_INCTVI;IAS_CHECK_SYS_PKGIAS20142CHECK_CUR_RATEI;IAS_CSHBNK_PKG;IAS_CSHBNK_PKGIAS20142CHECK_ACYI;IAS_CSHBNK_PKGIAS20142CHK_CB_BRN;IAS_CSHBNK_PKGIAS20142GET_A_CODE;IAS_CST_PKG;IAS_CST_PKGIAS20142CHECK_ACY;IAS_CST_PKGIAS20142GET_ACODE;IAS_GEN_PKG;IAS_GEN_PKGIAS20142GET_CNTIA;IAS_GEN_PKGIAS20142GET_CUR_RATEI;IAS_GEN_PKGIAS20142GET_SYSDATEIA;IAS_GET_DOC_DEL_FNC;IAS_GET_ENC_PASS_FNC;IAS_GET_ENC_PASS_FNCIAS20142IAS_GET_ENC_PASS_FNC;IAS_PRMTR_PKG;IAS_PRMTR_PKGIAS20142GETPVAL;IAS_USR_PKG;IAS_USR_PKGIAS20142CHK_USR_FRM_PRVIA;IAS_USR_PKGIAS20142GET_USR_NMIAS;IAS_VNDR_PKG;IAS_VNDR_PKGIAS20142CHECK_ACYIAS;IAS_VNDR_PKGIAS20142GET_ACODEIAS;IAS_VNDR_PKGIAS20142GET_V_NAMEIA;YS_AC_DTL_PKG;YS_AC_DTL_PKGIAS20142CHK_AC_DTLY;YS_AC_DTL_PKGIAS20142CHK_AC_DTL_ACYY;YS_AC_DTL_PKGIAS20142CHK_INACTV_ACYY;YS_AC_DTL_PKGIAS20142GET_AC_DTL_TYPY;YS_AC_DTL_PKGIAS20142GET_ONE_ACY_AC_DTLY,CREATE/SAVE;UPDATE;DELETE/VOID;POST;PRINT,FMX_STRING_EVIDENCE,oracle_forms/deep_catalog/form_field_trigger_catalog.jsonl
FASUPGRADE.fmx,ADMIN,ONEX_ADMIN_WINDOW_API,7,0,325,411,YS_GEN_PKG;YS_GEN_PKGIAS20142GET_FRST_DAYYS;YS_GEN_PKGIAS20142GET_LOCAL_CURY,READ/REVIEW,FMX_STRING_EVIDENCE,oracle_forms/deep_catalog/form_field_trigger_catalog.jsonl
FAS_AS_TRNS.fmx,ADMIN,ONEX_ADMIN_WINDOW_API,39,8,63,353,IAS_CHECK_SYS_PKG;IAS_CHECK_SYS_PKGIAS20142CHECK_BT_DATEIA;IAS_GET_ENC_PASS_FNC;IAS_GET_ENC_PASS_FNCIAS20142IAS_GET_ENC_PASS_FNC;IAS_USR_PKG;IAS_USR_PKGIAS20142CHK_USR_FRM_PRVIA;IAS_USR_PKGIAS20142GET_USR_APPRV;IAS_USR_PKGIAS20142GET_USR_NMIAS;YS_GEN_PKG;YS_GEN_PKGIAS20142CHK_LOCK_RCRDY;YS_GEN_PKGIAS20142GET_PROMPT;YS_GEN_PKGIAS20142GET_USR_FLD_PRVYS_;YS_SRL_SCR_PKG;YS_SRL_SCR_PKGIAS20142GET_SYS_SQ,CREATE/SAVE;UPDATE;DELETE/VOID;POST;PRINT,FMX_STRING_EVIDENCE,oracle_forms/deep_catalog/form_field_trigger_catalog.jsonl
FAS_BARCODE.fmx,ADMIN,ONEX_ADMIN_WINDOW_API,45,8,285,626,IAS_DBS_SYS_PKG;IAS_DBS_SYS_PKGIAS20142CHECK_OBJECTI;IAS_GEN_PKG;IAS_GEN_PKGIAS20142GET_PROMPTIAS;IAS_GET_ENC_PASS_FNC;IAS_GET_ENC_PASS_FNCIAS20142IAS_GET_ENC_PASS_FNC;IAS_GET_SALESDISC_PRC;IAS_GET_SALESDISC_PRCIAS20142IAS_GET_SALESDISC_PRCIA;IAS_USR_PKG;IAS_USR_PKGIAS20142CHK_USR_FRM_PRVIA;IAS_USR_PKGIAS20142GET_USR_APPRV;IAS_USR_PKGIAS20142GET_USR_NMIAS;YS_EMP_PKG;YS_EMP_PKGIAS20142GET_EMP_NM;YS_GEN_PKG;YS_GEN_PKGIAS20142CHK_LOCK_RCRDY;YS_GEN_PKGIAS20142GET_CNTYS_;YS_GEN_PKGIAS20142GET_USR_FLD_PRVYS_;YS_SRL_SCR_PKG;YS_SRL_SCR_PKGIAS20142GET_SYS_SQ,CREATE/SAVE;UPDATE;DELETE/VOID;POST;PRINT,FMX_STRING_EVIDENCE,oracle_forms/deep_catalog/form_field_trigger_catalog.jsonl
FAS_BARCODE_TMP.fmx,ADMIN,ONEX_ADMIN_WINDOW_API,43,8,300,615,IAS_GEN_PKG;IAS_GEN_PKGIAS20142GET_PROMPTIAS;IAS_GET_ENC_PASS_FNC;IAS_GET_ENC_PASS_FNCIAS20142IAS_GET_ENC_PASS_FNC;IAS_GET_SALESDISC_PRC;IAS_GET_SALESDISC_PRCIAS20142IAS_GET_SALESDISC_PRCIA;IAS_USR_PKG;IAS_USR_PKGIAS20142CHK_USR_FRM_PRVIA;IAS_USR_PKGIAS20142GET_USR_APPRV;IAS_USR_PKGIAS20142GET_USR_NMIAS;YS_EMP_PKG;YS_EMP_PKGIAS20142GET_EMP_NM;YS_GEN_PKG;YS_GEN_PKGIAS20142CHK_LOCK_RCRDY;YS_GEN_PKGIAS20142GET_CNTYS_;YS_GEN_PKGIAS20142GET_USR_FLD_PRVYS_;YS_SRL_SCR_PKG;YS_SRL_SCR_PKGIAS20142GET_SYS_SQ,CREATE/SAVE;UPDATE;DELETE/VOID;POST;PRINT,FMX_STRING_EVIDENCE,oracle_forms/deep_catalog/form_field_trigger_catalog.jsonl
FAS_IMP_XLS_ASSETS.fmx,ADMIN,ONEX_ADMIN_WINDOW_API,46,8,322,553,IAS_DBS_SYS_PKG;IAS_GET_ENC_PASS_FNC;IAS_GET_ENC_PASS_FNCIAS20142IAS_GET_ENC_PASS_FNC;IAS_USR_PKG;IAS_USR_PKGIAS20142CHK_USR_FRM_PRVIA;IAS_USR_PKGIAS20142GET_USR_APPRV;IAS_USR_PKGIAS20142GET_USR_NMIAS;YS_GEN_PKG;YS_GEN_PKGIAS20142CHK_LOCK_RCRDY;YS_GEN_PKGIAS20142GET_LOCAL_CURY;YS_GEN_PKGIAS20142GET_MSGYS_;YS_GEN_PKGIAS20142GET_PROMPT;YS_GEN_PKGIAS20142GET_USR_FLD_PRVYS_;YS_SCR_PKG;YS_SCR_PKGIAS20142GET_SCR_NM;YS_SRL_SCR_PKG;YS_SRL_SCR_PKGIAS20142GET_SYS_SQ,CREATE/SAVE;UPDATE;DELETE/VOID;POST;PRINT,FMX_STRING_EVIDENCE,oracle_forms/deep_catalog/form_field_trigger_catalog.jsonl
FAS_IMP_XLS_GRP.fmx,ADMIN,ONEX_ADMIN_WINDOW_API,42,8,240,435,IAS_DBS_SYS_PKG;IAS_GET_ENC_PASS_FNC;IAS_GET_ENC_PASS_FNCIAS20142IAS_GET_ENC_PASS_FNC;IAS_USR_PKG;IAS_USR_PKGIAS20142CHK_USR_FRM_PRVIA;IAS_USR_PKGIAS20142GET_USR_APPRV;IAS_USR_PKGIAS20142GET_USR_NMIAS;YS_GEN_PKG;YS_GEN_PKGIAS20142CHK_LOCK_RCRDY;YS_GEN_PKGIAS20142GET_MSGYS_;YS_GEN_PKGIAS20142GET_PROMPT;YS_GEN_PKGIAS20142GET_USR_FLD_PRVYS_;YS_SCR_PKG;YS_SCR_PKGIAS20142GET_SCR_NM;YS_SRL_SCR_PKG;YS_SRL_SCR_PKGIAS20142GET_SYS_SQ,CREATE/SAVE;UPDATE;DELETE/VOID;POST;PRINT,FMX_STRING_EVIDENCE,oracle_forms/deep_catalog/form_field_trigger_catalog.jsonl
FAS_IMP_XLS_LOC.fmx,ADMIN,ONEX_ADMIN_WINDOW_API,38,8,228,417,IAS_DBS_SYS_PKG;IAS_GET_ENC_PASS_FNC;IAS_GET_ENC_PASS_FNCIAS20142IAS_GET_ENC_PASS_FNC;IAS_USR_PKG;IAS_USR_PKGIAS20142CHK_USR_FRM_PRVIA;IAS_USR_PKGIAS20142GET_USR_APPRV;IAS_USR_PKGIAS20142GET_USR_NMIAS;YS_GEN_PKG;YS_GEN_PKGIAS20142CHK_LOCK_RCRDY;YS_GEN_PKGIAS20142GET_MSGYS_;YS_GEN_PKGIAS20142GET_USR_FLD_PRVYS_;YS_SCR_PKG;YS_SCR_PKGIAS20142GET_SCR_NM;YS_SRL_SCR_PKG;YS_SRL_SCR_PKGIAS20142GET_SYS_SQ,CREATE/SAVE;UPDATE;DELETE/VOID;POST;PRINT,FMX_STRING_EVIDENCE,oracle_forms/deep_catalog/form_field_trigger_catalog.jsonl
FMSI001.fmx,ADMIN,ONEX_ADMIN_WINDOW_API,34,8,183,344,IAS_GEN_PKG;IAS_GEN_PKGIAS201519GET_CNTI;IAS_GET_ENC_PASS_FNC;IAS_USR_PKG;IAS_USR_PKGIAS201519CHK_USR_FRM_PRVI;IAS_USR_PKGIAS201519GET_USR_APPRVIAS;IAS_USR_PKGIAS201519GET_USR_NMIA;YS_GEN_PKG;YS_GEN_PKGIAS201519CHK_LOCK_RCRD;YS_GEN_PKGIAS201519GET_USR_FLD_PRVYS;YS_SRL_SCR_PKG;YS_SRL_SCR_PKGIAS201519GET_SYS_SQYS_,CREATE/SAVE;UPDATE;DELETE/VOID;POST;PRINT,FMX_STRING_EVIDENCE,oracle_forms/deep_catalog/form_field_trigger_catalog.jsonl
FMSI002.fmx,ADMIN,ONEX_ADMIN_WINDOW_API,38,8,282,429,IAS_FMS_PKG;IAS_FMS_PKGIAS201519CHECK_MAX_ODOMETERIA;IAS_FMS_PKGIAS201519CHECK_MIN_ODOMETERIA;IAS_GEN_PKG;IAS_GEN_PKGIAS201519GET_CNTI;IAS_GEN_PKGIAS201519GET_PROMPTIA;IAS_GET_ENC_PASS_FNC;IAS_USR_PKG;IAS_USR_PKGIAS201519CHK_USR_FRM_PRVI;IAS_USR_PKGIAS201519GET_USR_APPRVIAS;IAS_USR_PKGIAS201519GET_USR_NMIA;YS_GEN_PKG;YS_GEN_PKGIAS201519CHK_LOCK_RCRD;YS_GEN_PKGIAS201519GET_USR_FLD_PRVYS;YS_SRL_SCR_PKG;YS_SRL_SCR_PKGIAS201519GET_SYS_SQYS_,CREATE/SAVE;UPDATE;DELETE/VOID;POST;PRINT,FMX_STRING_EVIDENCE,oracle_forms/deep_catalog/form_field_trigger_catalog.jsonl
FMSI004.fmx,ADMIN,ONEX_ADMIN_WINDOW_API,34,8,318,379,IAS_GEN_PKG;IAS_GEN_PKGIAS201519GET_CNTI;IAS_GET_ENC_PASS_FNC;IAS_USR_PKG;IAS_USR_PKGIAS201519CHK_USR_FRM_PRVI;IAS_USR_PKGIAS201519GET_USR_APPRVIAS;IAS_USR_PKGIAS201519GET_USR_NMIA;YS_GEN_PKG;YS_GEN_PKGIAS201519CHK_LOCK_RCRD;YS_GEN_PKGIAS201519GET_USR_FLD_PRVYS;YS_SRL_SCR_PKG;YS_SRL_SCR_PKGIAS201519GET_SYS_SQYS_,CREATE/SAVE;UPDATE;DELETE/VOID;POST;PRINT,FMX_STRING_EVIDENCE,oracle_forms/deep_catalog/form_field_trigger_catalog.jsonl
FMSI005.fmx,ADMIN,ONEX_ADMIN_WINDOW_API,32,8,239,370,IAS_GET_ENC_PASS_FNC;IAS_USR_PKG;IAS_USR_PKGIAS201519CHK_USR_FRM_PRVI;IAS_USR_PKGIAS201519GET_USR_APPRVIAS;IAS_USR_PKGIAS201519GET_USR_NMIA;YS_GEN_PKG;YS_GEN_PKGIAS201519CHK_LOCK_RCRD;YS_GEN_PKGIAS201519GET_USR_FLD_PRVYS;YS_SRL_SCR_PKG;YS_SRL_SCR_PKGIAS201519GET_SYS_SQYS_,CREATE/SAVE;UPDATE;DELETE/VOID;POST;PRINT,FMX_STRING_EVIDENCE,oracle_forms/deep_catalog/form_field_trigger_catalog.jsonl
FMSR001.fmx,ADMIN,ONEX_ADMIN_WINDOW_API,16,2,213,425,IAS_CHECK_SYS_PKG;IAS_CHECK_SYS_PKGIAS201519CHECK_BT_DATEI;IAS_FMS_PKG;IAS_FMS_PKGIAS201519CHECKING;IAS_GET_ENC_PASS_FNC;IAS_USR_PKG;IAS_USR_PKGIAS201519GET_USR_NMIA;YS_GEN_PKG;YS_GEN_PKGIAS201519GET_PROMPTYS_,PRINT,FMX_STRING_EVIDENCE,oracle_forms/deep_catalog/form_field_trigger_catalog.jsonl
FMSR002.fmx,ADMIN,ONEX_ADMIN_WINDOW_API,16,2,283,416,IAS_CHECK_SYS_PKG;IAS_CHECK_SYS_PKGIAS201519CHECK_BT_DATEI;IAS_FMS_PKG;IAS_FMS_PKGIAS201519CHECKING;IAS_GET_ENC_PASS_FNC;IAS_USR_PKG;IAS_USR_PKGIAS201519GET_USR_NMIA;YS_GEN_PKG;YS_GEN_PKGIAS201519GET_PROMPTYS_,PRINT,FMX_STRING_EVIDENCE,oracle_forms/deep_catalog/form_field_trigger_catalog.jsonl
FMSR004.fmx,ADMIN,ONEX_ADMIN_WINDOW_API,14,2,260,424,IAS_CHECK_SYS_PKG;IAS_CHECK_SYS_PKGIAS201519CHECK_BT_DATEI;IAS_GET_ENC_PASS_FNC;IAS_USR_PKG;IAS_USR_PKGIAS201519GET_USR_NMIA;YS_GEN_PKG;YS_GEN_PKGIAS201519GET_PROMPTYS_,PRINT,FMX_STRING_EVIDENCE,oracle_forms/deep_catalog/form_field_trigger_catalog.jsonl
FMSR005.fmx,ADMIN,ONEX_ADMIN_WINDOW_API,14,2,280,443,IAS_CHECK_SYS_PKG;IAS_CHECK_SYS_PKGIAS201519CHECK_BT_DATEI;IAS_GET_ENC_PASS_FNC;IAS_USR_PKG;IAS_USR_PKGIAS201519GET_USR_NMIA;YS_GEN_PKG;YS_GEN_PKGIAS201519GET_PROMPTYS_,PRINT,FMX_STRING_EVIDENCE,oracle_forms/deep_catalog/form_field_trigger_catalog.jsonl
FMSR006.fmx,ADMIN,ONEX_ADMIN_WINDOW_API,14,2,258,423,IAS_CHECK_SYS_PKG;IAS_CHECK_SYS_PKGIAS201519CHECK_BT_DATEI;IAS_GET_ENC_PASS_FNC;IAS_USR_PKG;IAS_USR_PKGIAS201519GET_USR_NMIA;YS_GEN_PKG;YS_GEN_PKGIAS201519GET_PROMPTYS_,PRINT,FMX_STRING_EVIDENCE,oracle_forms/deep_catalog/form_field_trigger_catalog.jsonl
FMSS001.fmx,ADMIN,ONEX_ADMIN_WINDOW_API,33,8,158,349,IAS_GET_ENC_PASS_FNC;IAS_GET_ENC_PASS_FNCIAS20142IAS_GET_ENC_PASS_FNC;IAS_USR_PKG;IAS_USR_PKGIAS20142CHK_USR_FRM_PRVIA;IAS_USR_PKGIAS20142GET_USR_APPRV;IAS_USR_PKGIAS20142GET_USR_NMIAS;YS_GEN_PKG;YS_GEN_PKGIAS20142CHK_LOCK_RCRDY;YS_GEN_PKGIAS20142GET_USR_FLD_PRVYS_;YS_SRL_SCR_PKG;YS_SRL_SCR_PKGIAS20142GET_SYS_SQ,CREATE/SAVE;UPDATE;DELETE/VOID;POST;PRINT,FMX_STRING_EVIDENCE,oracle_forms/deep_catalog/form_field_trigger_catalog.jsonl
FMSS002.fmx,ADMIN,ONEX_ADMIN_WINDOW_API,34,10,209,384,IAS_GEN_PKG;IAS_GEN_PKGIAS201519GET_CNTI;IAS_GET_ENC_PASS_FNC;IAS_USR_PKG;IAS_USR_PKGIAS201519CHK_USR_FRM_PRVI;IAS_USR_PKGIAS201519GET_USR_APPRVIAS;IAS_USR_PKGIAS201519GET_USR_NMIA;YS_GEN_PKG;YS_GEN_PKGIAS201519CHK_LOCK_RCRD;YS_GEN_PKGIAS201519GET_USR_FLD_PRVYS;YS_SRL_SCR_PKG;YS_SRL_SCR_PKGIAS201519GET_SYS_SQYS_,CREATE/SAVE;UPDATE;DELETE/VOID;POST;PRINT,FMX_STRING_EVIDENCE,oracle_forms/deep_catalog/form_field_trigger_catalog.jsonl
FMSS003.fmx,ADMIN,ONEX_ADMIN_WINDOW_API,34,8,183,347,IAS_GEN_PKG;IAS_GEN_PKGIAS201519GET_CNTI;IAS_GET_ENC_PASS_FNC;IAS_USR_PKG;IAS_USR_PKGIAS201519CHK_USR_FRM_PRVI;IAS_USR_PKGIAS201519GET_USR_APPRVIAS;IAS_USR_PKGIAS201519GET_USR_NMIA;YS_GEN_PKG;YS_GEN_PKGIAS201519CHK_LOCK_RCRD;YS_GEN_PKGIAS201519GET_USR_FLD_PRVYS;YS_SRL_SCR_PKG;YS_SRL_SCR_PKGIAS201519GET_SYS_SQYS_,CREATE/SAVE;UPDATE;DELETE/VOID;POST;PRINT,FMX_STRING_EVIDENCE,oracle_forms/deep_catalog/form_field_trigger_catalog.jsonl
FMSS004.fmx,ADMIN,ONEX_ADMIN_WINDOW_API,34,8,183,347,IAS_GEN_PKG;IAS_GEN_PKGIAS201519GET_CNTI;IAS_GET_ENC_PASS_FNC;IAS_USR_PKG;IAS_USR_PKGIAS201519CHK_USR_FRM_PRVI;IAS_USR_PKGIAS201519GET_USR_APPRVIAS;IAS_USR_PKGIAS201519GET_USR_NMIA;YS_GEN_PKG;YS_GEN_PKGIAS201519CHK_LOCK_RCRD;YS_GEN_PKGIAS201519GET_USR_FLD_PRVYS;YS_SRL_SCR_PKG;YS_SRL_SCR_PKGIAS201519GET_SYS_SQYS_,CREATE/SAVE;UPDATE;DELETE/VOID;POST;PRINT,FMX_STRING_EVIDENCE,oracle_forms/deep_catalog/form_field_trigger_catalog.jsonl
FMSS005.fmx,ADMIN,ONEX_ADMIN_WINDOW_API,34,8,183,347,IAS_GEN_PKG;IAS_GEN_PKGIAS201519GET_CNTI;IAS_GET_ENC_PASS_FNC;IAS_USR_PKG;IAS_USR_PKGIAS201519CHK_USR_FRM_PRVI;IAS_USR_PKGIAS201519GET_USR_APPRVIAS;IAS_USR_PKGIAS201519GET_USR_NMIA;YS_GEN_PKG;YS_GEN_PKGIAS201519CHK_LOCK_RCRD;YS_GEN_PKGIAS201519GET_USR_FLD_PRVYS;YS_SRL_SCR_PKG;YS_SRL_SCR_PKGIAS201519GET_SYS_SQYS_,CREATE/SAVE;UPDATE;DELETE/VOID;POST;PRINT,FMX_STRING_EVIDENCE,oracle_forms/deep_catalog/form_field_trigger_catalog.jsonl
FMST001.fmx,ADMIN,ONEX_ADMIN_WINDOW_API,39,8,277,395,IAS_FMS_PKG;IAS_FMS_PKGIAS201519CHECK_MAX_ODOMETERIA;IAS_FMS_PKGIAS201519CHECK_MIN_ODOMETERIA;IAS_GEN_PKG;IAS_GEN_PKGIAS201519GET_CNTI;IAS_GEN_PKGIAS201519GET_PROMPTIA;IAS_GEN_PKGIAS201519GET_SYSDATEI;IAS_GET_ENC_PASS_FNC;IAS_USR_PKG;IAS_USR_PKGIAS201519CHK_USR_FRM_PRVI;IAS_USR_PKGIAS201519GET_USR_APPRVIAS;IAS_USR_PKGIAS201519GET_USR_NMIA;YS_GEN_PKG;YS_GEN_PKGIAS201519CHK_LOCK_RCRD;YS_GEN_PKGIAS201519GET_USR_FLD_PRVYS;YS_SRL_SCR_PKG;YS_SRL_SCR_PKGIAS201519GET_SYS_SQYS_,CREATE/SAVE;UPDATE;DELETE/VOID;POST;PRINT,FMX_STRING_EVIDENCE,oracle_forms/deep_catalog/form_field_trigger_catalog.jsonl
FMST002.fmx,ADMIN,ONEX_ADMIN_WINDOW_API,50,10,427,582,IAS_FMS_PKG;IAS_FMS_PKGIAS201519CHECK_MAX_ODOMETERIA;IAS_FMS_PKGIAS201519CHECK_MIN_ODOMETERIA;IAS_GEN_PKG;IAS_GEN_PKGIAS201519GET_CNTI;IAS_GEN_PKGIAS201519GET_CUR_RATE;IAS_GEN_PKGIAS201519GET_ITM_PRICEIAS;IAS_GEN_PKGIAS201519GET_ITM_PRICE_DOCACY;IAS_GEN_PKGIAS201519GET_LEV_PRVI;IAS_GEN_PKGIAS201519GET_ONE_WCODEIAS;IAS_GEN_PKGIAS201519GET_PROMPTIA;IAS_GEN_PKGIAS201519GET_SYSDATEI;IAS_GEN_PKGIAS201519GET_USR_NMIA;IAS_GET_ENC_PASS_FNC;IAS_ITM_PKG;IAS_ITM_PKGIAS201519CHECK_ITM_WCODE_INACTVIA;IAS_ITM_PKGIAS201519CHK_ICODE_UNITIA;IAS_ITM_PKGIAS201519GET_ICODE_ONE_UNITIA;IAS_ITM_PKGIAS201519GET_ICODE_SALES_UNIT;IAS_USR_PKG;IAS_USR_PKGIAS201519CHK_USR_FRM_PRVI;IAS_USR_PKGIAS201519GET_USR_APPRVIAS;IAS_USR_PKGIAS201519GET_USR_NMIA;YS_GEN_PKG;YS_GEN_PKGIAS201519CHK_LOCK_RCRD;YS_GEN_PKGIAS201519GET_USR_FLD_PRVYS;YS_SRL_SCR_PKG;YS_SRL_SCR_PKGIAS201519GET_SYS_SQYS_,CREATE/SAVE;UPDATE;DELETE/VOID;POST;PRINT,FMX_STRING_EVIDENCE,oracle_forms/deep_catalog/form_field_trigger_catalog.jsonl
FMST003.fmx,ADMIN,ONEX_ADMIN_WINDOW_API,38,8,261,394,IAS_FMS_PKG;IAS_FMS_PKGIAS201519CHECK_MAX_ODOMETERIA;IAS_FMS_PKGIAS201519CHECK_MIN_ODOMETERIA;IAS_GEN_PKG;IAS_GEN_PKGIAS201519GET_PROMPTIA;IAS_GEN_PKGIAS201519GET_SYSDATEI;IAS_GET_ENC_PASS_FNC;IAS_USR_PKG;IAS_USR_PKGIAS201519CHK_USR_FRM_PRVI;IAS_USR_PKGIAS201519GET_USR_APPRVIAS;IAS_USR_PKGIAS201519GET_USR_NMIA;YS_GEN_PKG;YS_GEN_PKGIAS201519CHK_LOCK_RCRD;YS_GEN_PKGIAS201519GET_USR_FLD_PRVYS;YS_SRL_SCR_PKG;YS_SRL_SCR_PKGIAS201519GET_SYS_SQYS_,CREATE/SAVE;UPDATE;DELETE/VOID;POST;PRINT,FMX_STRING_EVIDENCE,oracle_forms/deep_catalog/form_field_trigger_catalog.jsonl
FNGI005.fmx,ADMIN,ONEX_ADMIN_WINDOW_API,50,8,414,921,IAS_GEN_PKG;IAS_GEN_PKGIAS201610GET_PROMPTIA;IAS_GEN_PKGIAS201610GET_USR_NMIA;IAS_GET_ENC_PASS_FNC;IAS_USR_PKG;IAS_USR_PKGIAS201610CHK_USR_FRM_PRVI;IAS_USR_PKGIAS201610GET_USR_APPRVIAS;IAS_USR_PKGIAS201610GET_USR_NMIA;YS_GEN_PKG;YS_GEN_PKGIAS201610CHK_LOCK_RCRD;YS_GEN_PKGIAS201610GET_CNTYS;YS_GEN_PKGIAS201610GET_CURDATEYS;YS_GEN_PKGIAS201610GET_FLG_NMYS_;YS_GEN_PKGIAS201610GET_USR_FLD_PRVYS;YS_SRL_SCR_PKG;YS_SRL_SCR_PKGIAS201610GET_SYS_SQYS_,CREATE/SAVE;UPDATE;DELETE/VOID;POST;PRINT,FMX_STRING_EVIDENCE,oracle_forms/deep_catalog/form_field_trigger_catalog.jsonl
FNGI007.fmx,ADMIN,ONEX_ADMIN_WINDOW_API,38,8,488,1221,IAS_GEN_PKG;IAS_GEN_PKGIAS20142GET_USR_NMIAS;IAS_GET_ENC_PASS_FNC;IAS_GET_ENC_PASS_FNCIAS20142IAS_GET_ENC_PASS_FNC;IAS_USR_PKG;IAS_USR_PKGIAS20142CHK_USR_FRM_PRVIA;IAS_USR_PKGIAS20142GET_USR_APPRV;IAS_USR_PKGIAS20142GET_USR_NMIAS;YS_GEN_PKG;YS_GEN_PKGIAS20142GET_CURDATEYS_;YS_GEN_PKGIAS20142GET_PROMPT;YS_GEN_PKGIAS20142GET_USR_FLD_PRVYS_;YS_SRL_SCR_PKG;YS_SRL_SCR_PKGIAS20142GET_SYS_SQ,CREATE/SAVE;UPDATE;DELETE/VOID;POST;PRINT,FMX_STRING_EVIDENCE,oracle_forms/deep_catalog/form_field_trigger_catalog.jsonl
FNGI008.fmx,ADMIN,ONEX_ADMIN_WINDOW_API,51,8,827,1869,IAS_DBS_SYS_PKG;IAS_GEN_PKG;IAS_GEN_PKGIAS201610GET_MSGI;IAS_GEN_PKGIAS201610GET_PROMPTIA;IAS_GET_ENC_PASS_FNC;IAS_PRMTR_PKG;IAS_PRMTR_PKGIAS201610GETPVALIAS;IAS_USR_PKG;IAS_USR_PKGIAS201610CHK_USR_FRM_PRVI;IAS_USR_PKGIAS201610GET_USR_APPRVIAS;IAS_USR_PKGIAS201610GET_USR_NMIA;YS_EMP_PKG;YS_EMP_PKGIAS201610GET_EMP_BRNYS;YS_EMP_PKGIAS201610GET_EMP_NMYS_;YS_GEN_PKG;YS_GEN_PKGIAS201610CHK_LOCK_RCRD;YS_GEN_PKGIAS201610GET_MSGYS;YS_GEN_PKGIAS201610GET_USR_FLD_PRVYS;YS_SRL_SCR_PKG;YS_SRL_SCR_PKGIAS201610GET_SYS_SQYS_,CREATE/SAVE;UPDATE;DELETE/VOID;POST;PRINT,FMX_STRING_EVIDENCE,oracle_forms/deep_catalog/form_field_trigger_catalog.jsonl
FNGI008_.fmx,ADMIN,ONEX_ADMIN_WINDOW_API,51,8,845,1693,IAS_DBS_SYS_PKG;IAS_GEN_PKG;IAS_GEN_PKGIAS20142GET_MSGIA;IAS_GEN_PKGIAS20142GET_PROMPTIAS;IAS_GET_ENC_PASS_FNC;IAS_GET_ENC_PASS_FNCIAS20142IAS_GET_ENC_PASS_FNC;IAS_PRMTR_PKG;IAS_PRMTR_PKGIAS20142GETPVAL;IAS_USR_PKG;IAS_USR_PKGIAS20142CHK_USR_FRM_PRVIA;IAS_USR_PKGIAS20142GET_USR_APPRV;IAS_USR_PKGIAS20142GET_USR_NMIAS;YS_EMP_PKG;YS_EMP_PKGIAS20142GET_EMP_BRNYS_;YS_EMP_PKGIAS20142GET_EMP_NM;YS_GEN_PKG;YS_GEN_PKGIAS20142CHK_LOCK_RCRDY;YS_GEN_PKGIAS20142GET_USR_FLD_PRVYS_;YS_SRL_SCR_PKG;YS_SRL_SCR_PKGIAS20142GET_SYS_SQ,CREATE/SAVE;UPDATE;DELETE/VOID;POST;PRINT,FMX_STRING_EVIDENCE,oracle_forms/deep_catalog/form_field_trigger_catalog.jsonl
FNGI008__.fmx,ADMIN,ONEX_ADMIN_WINDOW_API,45,8,586,1313,IAS_DBS_SYS_PKG;IAS_GEN_PKG;IAS_GEN_PKGIAS20142GET_PROMPTIAS;IAS_GET_ENC_PASS_FNC;IAS_GET_ENC_PASS_FNCIAS20142IAS_GET_ENC_PASS_FNC;IAS_PRMTR_PKG;IAS_PRMTR_PKGIAS20142GETPVAL;IAS_USR_PKG;IAS_USR_PKGIAS20142CHK_USR_FRM_PRVIA;IAS_USR_PKGIAS20142GET_USR_APPRV;IAS_USR_PKGIAS20142GET_USR_NMIAS;YS_EMP_PKG;YS_EMP_PKGIAS20142GET_EMP_BRNYS_;YS_EMP_PKGIAS20142GET_EMP_NM;YS_GEN_PKG;YS_GEN_PKGIAS20142CHK_LOCK_RCRDY;YS_GEN_PKGIAS20142GET_USR_FLD_PRVYS_;YS_SRL_SCR_PKG;YS_SRL_SCR_PKGIAS20142GET_SYS_SQ,CREATE/SAVE;UPDATE;DELETE/VOID;POST;PRINT,FMX_STRING_EVIDENCE,oracle_forms/deep_catalog/form_field_trigger_catalog.jsonl
FNGI009.fmx,ADMIN,ONEX_ADMIN_WINDOW_API,39,8,445,662,IAS_GEN_PKG;IAS_GEN_PKGIAS20142GET_USR_NMIAS;IAS_GET_ENC_PASS_FNC;IAS_GET_ENC_PASS_FNCIAS20142IAS_GET_ENC_PASS_FNC;IAS_USR_PKG;IAS_USR_PKGIAS20142CHK_USR_FRM_PRVIA;IAS_USR_PKGIAS20142GET_USR_APPRV;IAS_USR_PKGIAS20142GET_USR_NMIAS;YS_EMP_PKG;YS_EMP_PKGIAS20142GET_EMP_FLDYS_;YS_GEN_PKG;YS_GEN_PKGIAS20142GET_CURDATEYS_;YS_GEN_PKGIAS20142GET_USR_FLD_PRVYS_;YS_SRL_SCR_PKG;YS_SRL_SCR_PKGIAS20142GET_SYS_SQ,CREATE/SAVE;UPDATE;DELETE/VOID;POST;PRINT,FMX_STRING_EVIDENCE,oracle_forms/deep_catalog/form_field_trigger_catalog.jsonl
FNGI010.fmx,ADMIN,ONEX_ADMIN_WINDOW_API,44,8,406,881,IAS_GEN_PKG;IAS_GEN_PKGIAS201610GET_PROMPTIA;IAS_GEN_PKGIAS201610GET_USR_NMIA;IAS_GET_ENC_PASS_FNC;IAS_USR_PKG;IAS_USR_PKGIAS201610CHK_USR_FRM_PRVI;IAS_USR_PKGIAS201610GET_USR_APPRVIAS;IAS_USR_PKGIAS201610GET_USR_NMIA;YS_GEN_PKG;YS_GEN_PKGIAS201610CHK_LOCK_RCRD;YS_GEN_PKGIAS201610GET_CURDATEYS;YS_GEN_PKGIAS201610GET_PROMPTYS_;YS_GEN_PKGIAS201610GET_USR_FLD_PRVYS;YS_SRL_SCR_PKG;YS_SRL_SCR_PKGIAS201610GET_SYS_SQYS_,CREATE/SAVE;UPDATE;DELETE/VOID;POST;PRINT,FMX_STRING_EVIDENCE,oracle_forms/deep_catalog/form_field_trigger_catalog.jsonl
FNGR001.fmx,ADMIN,ONEX_ADMIN_WINDOW_API,14,2,153,282,IAS_CHECK_SYS_PKG;IAS_CHECK_SYS_PKGIAS20142CHECK_BT_VALUEI;IAS_GEN_PKG;IAS_GEN_PKGIAS20142GET_PROMPTIAS;IAS_GET_ENC_PASS_FNC;IAS_GET_ENC_PASS_FNCIAS20142IAS_GET_ENC_PASS_FNC;IAS_USR_PKG;IAS_USR_PKGIAS20142GET_USR_NMIAS,PRINT,FMX_STRING_EVIDENCE,oracle_forms/deep_catalog/form_field_trigger_catalog.jsonl
FNGR001__.fmx,ADMIN,ONEX_ADMIN_WINDOW_API,14,2,152,283,IAS_CHECK_SYS_PKG;IAS_CHECK_SYS_PKGIAS20142CHECK_BT_VALUEI;IAS_GEN_PKG;IAS_GEN_PKGIAS20142GET_PROMPTIAS;IAS_GET_ENC_PASS_FNC;IAS_GET_ENC_PASS_FNCIAS20142IAS_GET_ENC_PASS_FNC;IAS_USR_PKG;IAS_USR_PKGIAS20142GET_USR_NMIAS,PRINT,FMX_STRING_EVIDENCE,oracle_forms/deep_catalog/form_field_trigger_catalog.jsonl
FNGR002.fmx,ADMIN,ONEX_ADMIN_WINDOW_API,15,2,257,341,IAS_CHECK_SYS_PKG;IAS_CHECK_SYS_PKGIAS20142CHECK_BT_VALUEI;IAS_GET_ENC_PASS_FNC;IAS_GET_ENC_PASS_FNCIAS20142IAS_GET_ENC_PASS_FNC;IAS_USR_PKG;IAS_USR_PKGIAS20142GET_USR_NMIAS;YS_GEN_PKG;YS_GEN_PKGIAS20142GET_FLG_NM;YS_GEN_PKGIAS20142GET_PROMPT,PRINT,FMX_STRING_EVIDENCE,oracle_forms/deep_catalog/form_field_trigger_catalog.jsonl
FNGR007.fmx,ADMIN,ONEX_ADMIN_WINDOW_API,13,2,238,325,IAS_CHECK_SYS_PKG;IAS_CHECK_SYS_PKGIAS201610CHECK_BT_VALUE;IAS_GET_ENC_PASS_FNC;IAS_USR_PKG;IAS_USR_PKGIAS201610GET_USR_NMIA;YS_GEN_PKG;YS_GEN_PKGIAS201610GET_PROMPTYS_,PRINT,FMX_STRING_EVIDENCE,oracle_forms/deep_catalog/form_field_trigger_catalog.jsonl
FNGR010.fmx,ADMIN,ONEX_ADMIN_WINDOW_API,18,2,246,358,IAS_CHECK_SYS_PKG;IAS_CHECK_SYS_PKGIAS20142CHECK_BT_DATEIA;IAS_CHECK_SYS_PKGIAS20142CHECK_BT_VALUEI;IAS_GET_ENC_PASS_FNC;IAS_GET_ENC_PASS_FNCIAS20142IAS_GET_ENC_PASS_FNC;IAS_USR_PKG;IAS_USR_PKGIAS20142GET_USR_NMIAS;YS_EMP_PKG;YS_EMP_PKGIAS20142GET_EMP_NM;YS_GEN_PKG;YS_GEN_PKGIAS20142GET_EXTRA_PRMTRSYS;YS_GEN_PKGIAS20142GET_PROMPT,PRINT,FMX_STRING_EVIDENCE,oracle_forms/deep_catalog/form_field_trigger_catalog.jsonl
FNGR011.fmx,ADMIN,ONEX_ADMIN_WINDOW_API,14,2,243,320,IAS_CHECK_SYS_PKG;IAS_CHECK_SYS_PKGIAS20142CHECK_BT_VALUEI;IAS_GET_ENC_PASS_FNC;IAS_GET_ENC_PASS_FNCIAS20142IAS_GET_ENC_PASS_FNC;IAS_USR_PKG;IAS_USR_PKGIAS20142GET_USR_NMIAS;YS_GEN_PKG;YS_GEN_PKGIAS20142GET_PROMPT,PRINT,FMX_STRING_EVIDENCE,oracle_forms/deep_catalog/form_field_trigger_catalog.jsonl
FNGR012.fmx,ADMIN,ONEX_ADMIN_WINDOW_API,14,2,228,336,IAS_CHECK_SYS_PKG;IAS_CHECK_SYS_PKGIAS20142CHECK_BT_VALUEI;IAS_GET_ENC_PASS_FNC;IAS_GET_ENC_PASS_FNCIAS20142IAS_GET_ENC_PASS_FNC;IAS_USR_PKG;IAS_USR_PKGIAS20142GET_USR_NMIAS;YS_GEN_PKG;YS_GEN_PKGIAS20142GET_PROMPT,PRINT,FMX_STRING_EVIDENCE,oracle_forms/deep_catalog/form_field_trigger_catalog.jsonl
FNGR030.fmx,ADMIN,ONEX_ADMIN_WINDOW_API,18,2,495,778,IAS_GEN_PKG;IAS_GEN_PKGIAS201610GET_PROMPTIA;IAS_GET_ENC_PASS_FNC;IAS_USR_PKG;IAS_USR_PKGIAS201610GET_USR_NMIA;YS_EMP_PKG;YS_GEN_PKG;YS_GEN_PKGIAS201610GET_PROMPTYS_,PRINT,FMX_STRING_EVIDENCE,oracle_forms/deep_catalog/form_field_trigger_catalog.jsonl
FNGR031.fmx,ADMIN,ONEX_ADMIN_WINDOW_API,13,2,180,310,IAS_GET_ENC_PASS_FNC;IAS_GET_ENC_PASS_FNCIAS20142IAS_GET_ENC_PASS_FNC;IAS_USR_PKG;IAS_USR_PKGIAS20142GET_USR_NMIAS;YS_EMP_PKG;YS_GEN_PKG;YS_GEN_PKGIAS20142GET_PROMPT,PRINT,FMX_STRING_EVIDENCE,oracle_forms/deep_catalog/form_field_trigger_catalog.jsonl
FNGS001.fmx,ADMIN,ONEX_ADMIN_WINDOW_API,36,8,358,492,IAS_GEN_PKG;IAS_GEN_PKGIAS201610GET_CNTI;IAS_GET_ENC_PASS_FNC;IAS_USR_PKG;IAS_USR_PKGIAS201610CHK_USR_FRM_PRVI;IAS_USR_PKGIAS201610GET_USR_APPRVIAS;IAS_USR_PKGIAS201610GET_USR_NMIA;YS_GEN_PKG;YS_GEN_PKGIAS201610CHK_LOCK_RCRD;YS_GEN_PKGIAS201610GET_USR_FLD_PRVYS;YS_SRL_SCR_PKG;YS_SRL_SCR_PKGIAS201610GET_SYS_SQYS_,CREATE/SAVE;UPDATE;DELETE/VOID;POST;PRINT,FMX_STRING_EVIDENCE,oracle_forms/deep_catalog/form_field_trigger_catalog.jsonl
FNGS003.fmx,ADMIN,ONEX_ADMIN_WINDOW_API,49,8,396,683,IAS_BRN_PKG;IAS_BRN_PKGIAS20142GET_BR_NM;IAS_GEN_PKG;IAS_GEN_PKGIAS20142GET_USR_NMIAS;IAS_GET_ENC_PASS_FNC;IAS_GET_ENC_PASS_FNCIAS20142IAS_GET_ENC_PASS_FNC;IAS_PRMTR_PKG;IAS_PRMTR_PKGIAS20142GETPVAL;IAS_USR_PKG;IAS_USR_PKGIAS20142CHK_USR_FRM_PRVIA;IAS_USR_PKGIAS20142GET_USR_APPRV;IAS_USR_PKGIAS20142GET_USR_NMIAS;YS_GEN_PKG;YS_GEN_PKGIAS20142GET_CURDATEYS_;YS_GEN_PKGIAS20142GET_USR_FLD_PRVYS_;YS_SRL_SCR_PKG;YS_SRL_SCR_PKGIAS20142GET_SYS_SQ,CREATE/SAVE;UPDATE;DELETE/VOID;POST;PRINT,FMX_STRING_EVIDENCE,oracle_forms/deep_catalog/form_field_trigger_catalog.jsonl
FNGS006.fmx,ADMIN,ONEX_ADMIN_WINDOW_API,38,8,390,571,IAS_GEN_PKG;IAS_GEN_PKGIAS20142GET_PROMPTIAS;IAS_GEN_PKGIAS20142GET_USR_NMIAS;IAS_GET_ENC_PASS_FNC;IAS_GET_ENC_PASS_FNCIAS20142IAS_GET_ENC_PASS_FNC;IAS_USR_PKG;IAS_USR_PKGIAS20142CHK_USR_FRM_PRVIA;IAS_USR_PKGIAS20142GET_USR_APPRV;IAS_USR_PKGIAS20142GET_USR_NMIAS;YS_GEN_PKG;YS_GEN_PKGIAS20142GET_CURDATEYS_;YS_GEN_PKGIAS20142GET_USR_FLD_PRVYS_;YS_SRL_SCR_PKG;YS_SRL_SCR_PKGIAS20142GET_SYS_SQ,CREATE/SAVE;UPDATE;DELETE/VOID;POST;PRINT,FMX_STRING_EVIDENCE,oracle_forms/deep_catalog/form_field_trigger_catalog.jsonl
FNGS007.fmx,ADMIN,ONEX_ADMIN_WINDOW_API,46,8,459,779,IAS_GEN_PKG;IAS_GEN_PKGIAS201610GET_FLD_VALUEIAS;IAS_GET_ENC_PASS_FNC;IAS_USR_PKG;IAS_USR_PKGIAS201610CHK_USR_FRM_PRVI;IAS_USR_PKGIAS201610GET_USR_APPRVIAS;IAS_USR_PKGIAS201610GET_USR_NMIA;YS_GEN_PKG;YS_GEN_PKGIAS201610GET_CNTYS;YS_GEN_PKGIAS201610GET_CURDATEYS;YS_GEN_PKGIAS201610GET_FLG_NMYS_;YS_GEN_PKGIAS201610GET_PROMPTYS_;YS_GEN_PKGIAS201610GET_USR_FLD_PRVYS;YS_SRL_SCR_PKG;YS_SRL_SCR_PKGIAS201610GET_SYS_SQYS_,CREATE/SAVE;UPDATE;DELETE/VOID;POST;PRINT,FMX_STRING_EVIDENCE,oracle_forms/deep_catalog/form_field_trigger_catalog.jsonl
FNGT005.fmx,ADMIN,ONEX_ADMIN_WINDOW_API,67,8,604,825,IAS_AUD_SYS_PKG;IAS_AUD_SYS_PKGIAS201650ADD_DOC_DELI;IAS_GEN_PKG;IAS_GEN_PKGIAS201650GET_CURDATEI;IAS_GEN_PKGIAS201650GET_USR_NMIA;IAS_GET_ENC_PASS_FNC;IAS_USR_PKG;IAS_USR_PKGIAS201650CHK_USR_FRM_PRVI;IAS_USR_PKGIAS201650GET_USR_APPRVIAS;IAS_USR_PKGIAS201650GET_USR_NMIA;YS_EMP_PKG;YS_EMP_PKGIAS201650CHK_EMPYS;YS_EMP_PKGIAS201650GET_EMP_FLDYS;YS_GEN_PKG;YS_GEN_PKGIAS201650GET_CNTYS;YS_GEN_PKGIAS201650GET_CURDATEYS;YS_GEN_PKGIAS201650GET_DELETE_DOC_PERIOD;YS_GEN_PKGIAS201650GET_SYSDATEYS;YS_GEN_PKGIAS201650GET_USR_FLD_PRVYS;YS_SRL_SCR_PKG;YS_SRL_SCR_PKGIAS201650GET_SYS_SQYS_,CREATE/SAVE;UPDATE;DELETE/VOID;POST;PRINT,FMX_STRING_EVIDENCE,oracle_forms/deep_catalog/form_field_trigger_catalog.jsonl
FNGT006.fmx,ADMIN,ONEX_ADMIN_WINDOW_API,72,8,584,870,IAS_AUD_SYS_PKG;IAS_AUD_SYS_PKGIAS201610ADD_DOC_DELI;IAS_GEN_PKG;IAS_GEN_PKGIAS201610GET_CURDATEI;IAS_GEN_PKGIAS201610GET_PROMPTIA;IAS_GET_ENC_PASS_FNC;IAS_USR_PKG;IAS_USR_PKGIAS201610CHK_USR_FRM_PRVI;IAS_USR_PKGIAS201610GET_USR_APPRVIAS;IAS_USR_PKGIAS201610GET_USR_NMIA;YS_EMP_PKG;YS_EMP_PKGIAS201610CHK_EMPYS;YS_GEN_PKG;YS_GEN_PKGIAS201610GET_CNTYS;YS_GEN_PKGIAS201610GET_CURDATEYS;YS_GEN_PKGIAS201610GET_DELETE_DOC_PERIOD;YS_GEN_PKGIAS201610GET_SYSDATEYS;YS_GEN_PKGIAS201610GET_USR_FLD_PRVYS;YS_SRL_SCR_PKG;YS_SRL_SCR_PKGIAS201610GET_SYS_SQYS_,CREATE/SAVE;UPDATE;DELETE/VOID;POST;PRINT,FMX_STRING_EVIDENCE,oracle_forms/deep_catalog/form_field_trigger_catalog.jsonl
FNGT007.fmx,ADMIN,ONEX_ADMIN_WINDOW_API,66,8,477,878,IAS_AUD_SYS_PKG;IAS_AUD_SYS_PKGIAS201610ADD_DOC_DELI;IAS_GEN_PKG;IAS_GEN_PKGIAS201610GET_CURDATEI;IAS_GEN_PKGIAS201610GET_FLG_NMIA;IAS_GEN_PKGIAS201610GET_USR_NMIA;IAS_GET_ENC_PASS_FNC;IAS_USR_PKG;IAS_USR_PKGIAS201610CHK_USR_FRM_PRVI;IAS_USR_PKGIAS201610GET_USR_APPRVIAS;IAS_USR_PKGIAS201610GET_USR_NMIA;YS_EMP_PKG;YS_EMP_PKGIAS201610CHK_EMPYS;YS_GEN_PKG;YS_GEN_PKGIAS201610GET_CURDATEYS;YS_GEN_PKGIAS201610GET_DELETE_DOC_PERIOD;YS_GEN_PKGIAS201610GET_SYSDATEYS;YS_GEN_PKGIAS201610GET_USR_FLD_PRVYS;YS_SRL_SCR_PKG;YS_SRL_SCR_PKGIAS201610GET_SYS_SQYS_,CREATE/SAVE;UPDATE;DELETE/VOID;POST;PRINT,FMX_STRING_EVIDENCE,oracle_forms/deep_catalog/form_field_trigger_catalog.jsonl
FNGT020.fmx,ADMIN,ONEX_ADMIN_WINDOW_API,70,8,566,999,IAS_GEN_PKG;IAS_GEN_PKGIAS201610GET_BRN_NMIA;IAS_GEN_PKGIAS201610GET_PROMPTIA;IAS_GET_ENC_PASS_FNC;IAS_USR_PKG;IAS_USR_PKGIAS201610CHK_USR_FRM_PRVI;IAS_USR_PKGIAS201610GET_USR_NMIA;YS_EMP_PKG;YS_EMP_PKGIAS201610CHK_EMPYS;YS_EMP_PKGIAS201610GET_EMP_FLD_VALYS;YS_GEN_PKG;YS_GEN_PKGIAS201610CHK_LOCK_RCRD;YS_GEN_PKGIAS201610GET_MSGYS;YS_GEN_PKGIAS201610GET_PROMPTYS_;YS_GEN_PKGIAS201610GET_USR_FLD_PRVYS;YS_SRL_SCR_PKG;YS_SRL_SCR_PKGIAS201610GET_SYS_SQYS_,CREATE/SAVE;UPDATE;DELETE/VOID;POST;PRINT,FMX_STRING_EVIDENCE,oracle_forms/deep_catalog/form_field_trigger_catalog.jsonl
FNGT021.fmx,ADMIN,ONEX_ADMIN_WINDOW_API,44,8,324,627,IAS_GET_DOC_DEL_FNC;IAS_GET_ENC_PASS_FNC;IAS_GET_ENC_PASS_FNCIAS20142IAS_GET_ENC_PASS_FNC;IAS_USR_PKG;IAS_USR_PKGIAS20142CHK_USR_FRM_PRVIA;IAS_USR_PKGIAS20142GET_USR_APPRV;IAS_USR_PKGIAS20142GET_USR_NMIAS;YS_EMP_PKG;YS_EMP_PKGIAS20142GET_EMP_FLDYS_;YS_GEN_PKG;YS_GEN_PKGIAS20142CHK_LOCK_RCRDY;YS_GEN_PKGIAS20142GET_SYSDATEYS_;YS_GEN_PKGIAS20142GET_USR_FLD_PRVYS_;YS_SRL_SCR_PKG;YS_SRL_SCR_PKGIAS20142GET_SYS_SQ,CREATE/SAVE;UPDATE;DELETE/VOID;POST;PRINT,FMX_STRING_EVIDENCE,oracle_forms/deep_catalog/form_field_trigger_catalog.jsonl
GENIMPXLS_AC.fmx,ADMIN,ONEX_ADMIN_WINDOW_API,35,8,265,454,IAS_GEN_PKG;IAS_GEN_PKGIAS20142GET_PROMPTIAS;IAS_GET_ENC_PASS_FNC;IAS_GET_ENC_PASS_FNCIAS20142IAS_GET_ENC_PASS_FNC;IAS_USR_PKG;IAS_USR_PKGIAS20142CHK_USR_FRM_PRVIA;IAS_USR_PKGIAS20142GET_USR_APPRV;IAS_USR_PKGIAS20142GET_USR_NMIAS;YS_GEN_PKG;YS_GEN_PKGIAS20142CHK_LOCK_RCRDY;YS_GEN_PKGIAS20142GET_USR_FLD_PRVYS_;YS_SRL_SCR_PKG;YS_SRL_SCR_PKGIAS20142GET_SYS_SQ,CREATE/SAVE;UPDATE;DELETE/VOID;POST;PRINT,FMX_STRING_EVIDENCE,oracle_forms/deep_catalog/form_field_trigger_catalog.jsonl
GENIMPXLS_ACTV.fmx,ADMIN,ONEX_ADMIN_WINDOW_API,36,8,216,419,IAS_GEN_PKG;IAS_GEN_PKGIAS20142GET_FLG_NMIAS;IAS_GEN_PKGIAS20142GET_PROMPTIAS;IAS_GET_ENC_PASS_FNC;IAS_GET_ENC_PASS_FNCIAS20142IAS_GET_ENC_PASS_FNC;IAS_USR_PKG;IAS_USR_PKGIAS20142CHK_USR_FRM_PRVIA;IAS_USR_PKGIAS20142GET_USR_APPRV;IAS_USR_PKGIAS20142GET_USR_NMIAS;YS_GEN_PKG;YS_GEN_PKGIAS20142CHK_LOCK_RCRDY;YS_GEN_PKGIAS20142GET_USR_FLD_PRVYS_;YS_SRL_SCR_PKG;YS_SRL_SCR_PKGIAS20142GET_SYS_SQ,CREATE/SAVE;UPDATE;DELETE/VOID;POST;PRINT,FMX_STRING_EVIDENCE,oracle_forms/deep_catalog/form_field_trigger_catalog.jsonl
GENIMPXLS_ACTV_PJ.fmx,ADMIN,ONEX_ADMIN_WINDOW_API,41,8,143,401,IAS_ACTV_PKG;IAS_ACTV_PKGIAS20142GET_ACTV_NAMEIAS;IAS_CC_CODE_PKG;IAS_CC_CODE_PKGIAS20142GET_CC_NAMEIA;IAS_GEN_PKG;IAS_GEN_PKGIAS20142GET_PROMPTIAS;IAS_GET_ENC_PASS_FNC;IAS_GET_ENC_PASS_FNCIAS20142IAS_GET_ENC_PASS_FNC;IAS_PJ_PKG;IAS_PJ_PKGIAS20142GET_PJ_NAMEIAS;IAS_USR_PKG;IAS_USR_PKGIAS20142CHK_USR_FRM_PRVIA;IAS_USR_PKGIAS20142GET_USR_APPRV;IAS_USR_PKGIAS20142GET_USR_NMIAS;YS_GEN_PKG;YS_GEN_PKGIAS20142CHK_LOCK_RCRDY;YS_GEN_PKGIAS20142GET_USR_FLD_PRVYS_;YS_SRL_SCR_PKG;YS_SRL_SCR_PKGIAS20142GET_SYS_SQ,CREATE/SAVE;UPDATE;DELETE/VOID;POST;PRINT,FMX_STRING_EVIDENCE,oracle_forms/deep_catalog/form_field_trigger_catalog.jsonl
GENIMPXLS_CC.fmx,ADMIN,ONEX_ADMIN_WINDOW_API,35,8,190,432,IAS_GEN_PKG;IAS_GEN_PKGIAS20142GET_PROMPTIAS;IAS_GET_ENC_PASS_FNC;IAS_GET_ENC_PASS_FNCIAS20142IAS_GET_ENC_PASS_FNC;IAS_USR_PKG;IAS_USR_PKGIAS20142CHK_USR_FRM_PRVIA;IAS_USR_PKGIAS20142GET_USR_APPRV;IAS_USR_PKGIAS20142GET_USR_NMIAS;YS_GEN_PKG;YS_GEN_PKGIAS20142CHK_LOCK_RCRDY;YS_GEN_PKGIAS20142GET_USR_FLD_PRVYS_;YS_SRL_SCR_PKG;YS_SRL_SCR_PKGIAS20142GET_SYS_SQ,CREATE/SAVE;UPDATE;DELETE/VOID;POST;PRINT,FMX_STRING_EVIDENCE,oracle_forms/deep_catalog/form_field_trigger_catalog.jsonl
GENIMPXLS_PJ.fmx,ADMIN,ONEX_ADMIN_WINDOW_API,36,8,212,419,IAS_GEN_PKG;IAS_GEN_PKGIAS20142GET_FLG_NMIAS;IAS_GEN_PKGIAS20142GET_PROMPTIAS;IAS_GET_ENC_PASS_FNC;IAS_GET_ENC_PASS_FNCIAS20142IAS_GET_ENC_PASS_FNC;IAS_USR_PKG;IAS_USR_PKGIAS20142CHK_USR_FRM_PRVIA;IAS_USR_PKGIAS20142GET_USR_APPRV;IAS_USR_PKGIAS20142GET_USR_NMIAS;YS_GEN_PKG;YS_GEN_PKGIAS20142CHK_LOCK_RCRDY;YS_GEN_PKGIAS20142GET_USR_FLD_PRVYS_;YS_SRL_SCR_PKG;YS_SRL_SCR_PKGIAS20142GET_SYS_SQ,CREATE/SAVE;UPDATE;DELETE/VOID;POST;PRINT,FMX_STRING_EVIDENCE,oracle_forms/deep_catalog/form_field_trigger_catalog.jsonl
GENS001.fmx,ADMIN,ONEX_ADMIN_WINDOW_API,38,8,313,584,IAS_DBS_SYS_PKG;IAS_DBS_SYS_PKGIAS20142CHECK_CONSIAS;IAS_DBS_SYS_PKGIAS20142GET_CONS_NAME;IAS_GEN_PKG;IAS_GEN_PKGIAS20142GET_CNTIA;IAS_GEN_PKGIAS20142GET_FLD_VALUE;IAS_GEN_PKGIAS20142GET_PROMPTIAS;IAS_GET_ENC_PASS_FNC;IAS_GET_ENC_PASS_FNCIAS20142IAS_GET_ENC_PASS_FNC;IAS_USR_PKG;IAS_USR_PKGIAS20142CHK_USR_FRM_PRVIA;IAS_USR_PKGIAS20142GET_USR_NMIAS;YS_GEN_PKG;YS_GEN_PKGIAS20142CHK_LOCK_RCRDY;YS_GEN_PKGIAS20142GET_USR_FLD_PRVYS_;YS_SRL_SCR_PKG;YS_SRL_SCR_PKGIAS20142GET_SYS_SQ,CREATE/SAVE;UPDATE;DELETE/VOID;POST;PRINT,FMX_STRING_EVIDENCE,oracle_forms/deep_catalog/form_field_trigger_catalog.jsonl
GENS002.fmx,ADMIN,ONEX_ADMIN_WINDOW_API,35,8,123,383,IAS_GEN_PKG;IAS_GEN_PKGIAS20142GET_FRM_NMIAS;IAS_GEN_PKGIAS20142GET_PROMPTIAS;IAS_GET_ENC_PASS_FNC;IAS_GET_ENC_PASS_FNCIAS20142IAS_GET_ENC_PASS_FNC;IAS_USR_PKG;IAS_USR_PKGIAS20142CHK_USR_FRM_PRVIA;IAS_USR_PKGIAS20142GET_USR_APPRV;IAS_USR_PKGIAS20142GET_USR_NMIAS;YS_GEN_PKG;YS_GEN_PKGIAS20142GET_USR_FLD_PRVYS_;YS_SRL_SCR_PKG;YS_SRL_SCR_PKGIAS20142GET_SYS_SQ,CREATE/SAVE;UPDATE;DELETE/VOID;POST;PRINT,FMX_STRING_EVIDENCE,oracle_forms/deep_catalog/form_field_trigger_catalog.jsonl
GENS003.fmx,ADMIN,ONEX_ADMIN_WINDOW_API,39,8,274,425,IAS_DBS_SYS_PKG;IAS_DBS_SYS_PKGIAS20142CHECK_OBJECTI;IAS_GET_ENC_PASS_FNC;IAS_GET_ENC_PASS_FNCIAS20142IAS_GET_ENC_PASS_FNC;IAS_USR_PKG;IAS_USR_PKGIAS20142CHK_USR_FRM_PRVIA;IAS_USR_PKGIAS20142GET_USR_APPRV;IAS_USR_PKGIAS20142GET_USR_NMIAS;YS_GEN_PKG;YS_GEN_PKGIAS20142GET_USR_FLD_PRVYS_;YS_SRL_SCR_PKG;YS_SRL_SCR_PKGIAS20142GET_SYS_SQ,CREATE/SAVE;UPDATE;DELETE/VOID;POST;PRINT,FMX_STRING_EVIDENCE,oracle_forms/deep_catalog/form_field_trigger_catalog.jsonl
GENS004.fmx,ADMIN,ONEX_ADMIN_WINDOW_API,39,8,319,440,IAS_GEN_PKG;IAS_GEN_PKGIAS20142GET_CNTIA;IAS_GEN_PKGIAS20142GET_FLD_VALUE;IAS_GEN_PKGIAS20142GET_PROMPTIAS;IAS_GET_ENC_PASS_FNC;IAS_GET_ENC_PASS_FNCIAS20142IAS_GET_ENC_PASS_FNC;IAS_USR_PKG;IAS_USR_PKGIAS20142CHK_USR_FRM_PRVIA;IAS_USR_PKGIAS20142GET_USR_APPRV;IAS_USR_PKGIAS20142GET_USR_NMIAS;YS_GEN_PKG;YS_GEN_PKGIAS20142CHK_INACTV_SYSTEMY;YS_GEN_PKGIAS20142GET_USR_FLD_PRVYS_;YS_SRL_SCR_PKG;YS_SRL_SCR_PKGIAS20142GET_SYS_SQ,CREATE/SAVE;UPDATE;DELETE/VOID;POST;PRINT,FMX_STRING_EVIDENCE,oracle_forms/deep_catalog/form_field_trigger_catalog.jsonl
GENS005.fmx,ADMIN,ONEX_ADMIN_WINDOW_API,33,8,272,378,IAS_GEN_PKG;IAS_GEN_PKGIAS20142GET_CNTIA;IAS_GEN_PKGIAS20142GET_FLD_VALUE;IAS_GET_ENC_PASS_FNC;IAS_GET_ENC_PASS_FNCIAS20142IAS_GET_ENC_PASS_FNC;IAS_USR_PKG;IAS_USR_PKGIAS20142CHK_USR_FRM_PRVIA;IAS_USR_PKGIAS20142GET_USR_APPRV;IAS_USR_PKGIAS20142GET_USR_NMIAS;YS_GEN_PKG;YS_GEN_PKGIAS20142GET_USR_FLD_PRVYS_,CREATE/SAVE;UPDATE;DELETE/VOID;POST;PRINT,FMX_STRING_EVIDENCE,oracle_forms/deep_catalog/form_field_trigger_catalog.jsonl
GENS006.fmx,ADMIN,ONEX_ADMIN_WINDOW_API,33,8,194,367,IAS_GEN_PKG;IAS_GEN_PKGIAS20142GET_CNTIA;IAS_GEN_PKGIAS20142GET_FLD_VALUE;IAS_GET_ENC_PASS_FNC;IAS_GET_ENC_PASS_FNCIAS20142IAS_GET_ENC_PASS_FNC;IAS_USR_PKG;IAS_USR_PKGIAS20142CHK_USR_FRM_PRVIA;IAS_USR_PKGIAS20142GET_USR_APPRV;IAS_USR_PKGIAS20142GET_USR_NMIAS;YS_GEN_PKG;YS_GEN_PKGIAS20142GET_USR_FLD_PRVYS_,CREATE/SAVE;UPDATE;DELETE/VOID;POST;PRINT,FMX_STRING_EVIDENCE,oracle_forms/deep_catalog/form_field_trigger_catalog.jsonl
GENS007.fmx,ADMIN,ONEX_ADMIN_WINDOW_API,33,8,264,367,IAS_GEN_PKG;IAS_GEN_PKGIAS20142GET_CNTIA;IAS_GEN_PKGIAS20142GET_FLD_VALUE;IAS_GET_ENC_PASS_FNC;IAS_GET_ENC_PASS_FNCIAS20142IAS_GET_ENC_PASS_FNC;IAS_USR_PKG;IAS_USR_PKGIAS20142CHK_USR_FRM_PRVIA;IAS_USR_PKGIAS20142GET_USR_APPRV;IAS_USR_PKGIAS20142GET_USR_NMIAS;YS_GEN_PKG;YS_GEN_PKGIAS20142GET_USR_FLD_PRVYS_,CREATE/SAVE;UPDATE;DELETE/VOID;POST;PRINT,FMX_STRING_EVIDENCE,oracle_forms/deep_catalog/form_field_trigger_catalog.jsonl
GENS008.fmx,ADMIN,ONEX_ADMIN_WINDOW_API,34,8,258,389,IAS_GEN_PKG;IAS_GEN_PKGIAS20142GET_CNTIA;IAS_GEN_PKGIAS20142GET_FLD_VALUE;IAS_GEN_PKGIAS20142GET_PROMPTIAS;IAS_GET_ENC_PASS_FNC;IAS_GET_ENC_PASS_FNCIAS20142IAS_GET_ENC_PASS_FNC;IAS_USR_PKG;IAS_USR_PKGIAS20142CHK_USR_FRM_PRVIA;IAS_USR_PKGIAS20142GET_USR_APPRV;IAS_USR_PKGIAS20142GET_USR_NMIAS;YS_GEN_PKG;YS_GEN_PKGIAS20142GET_USR_FLD_PRVYS_,CREATE/SAVE;UPDATE;DELETE/VOID;POST;PRINT,FMX_STRING_EVIDENCE,oracle_forms/deep_catalog/form_field_trigger_catalog.jsonl
GENS009.fmx,ADMIN,ONEX_ADMIN_WINDOW_API,40,8,381,472,IAS_DBS_SYS_PKG;IAS_DBS_SYS_PKGIAS20142CHECK_OBJECTI;IAS_GEN_PKG;IAS_GEN_PKGIAS20142GET_CNTIA;IAS_GEN_PKGIAS20142GET_FLD_VALUE;IAS_GEN_PKGIAS20142GET_USR_NMIAS;IAS_GET_ENC_PASS_FNC;IAS_GET_ENC_PASS_FNCIAS20142IAS_GET_ENC_PASS_FNC;IAS_PRIVILEGE_PKG;IAS_PRIVILEGE_PKGIAS20142INSRT_USR_PRV_PRCIA;IAS_USR_PKG;IAS_USR_PKGIAS20142CHK_USR_BRN_PRVIA;IAS_USR_PKGIAS20142CHK_USR_FRM_PRVIA;IAS_USR_PKGIAS20142GET_USR_APPRV;IAS_USR_PKGIAS20142GET_USR_NMIAS;YS_GEN_PKG;YS_GEN_PKGIAS20142CHK_ACTV_SYSTEMYS_;YS_GEN_PKGIAS20142GET_USR_FLD_PRVYS_,CREATE/SAVE;UPDATE;DELETE/VOID;POST;PRINT,FMX_STRING_EVIDENCE,oracle_forms/deep_catalog/form_field_trigger_catalog.jsonl
GENS010.fmx,ADMIN,ONEX_ADMIN_WINDOW_API,33,8,236,370,IAS_GEN_PKG;IAS_GEN_PKGIAS20142GET_CNTIA;IAS_GEN_PKGIAS20142GET_FLD_VALUE;IAS_GET_ENC_PASS_FNC;IAS_GET_ENC_PASS_FNCIAS20142IAS_GET_ENC_PASS_FNC;IAS_USR_PKG;IAS_USR_PKGIAS20142CHK_USR_FRM_PRVIA;IAS_USR_PKGIAS20142GET_USR_APPRV;IAS_USR_PKGIAS20142GET_USR_NMIAS;YS_GEN_PKG;YS_GEN_PKGIAS20142GET_USR_FLD_PRVYS_,CREATE/SAVE;UPDATE;DELETE/VOID;POST;PRINT,FMX_STRING_EVIDENCE,oracle_forms/deep_catalog/form_field_trigger_catalog.jsonl
GENS011.fmx,ADMIN,ONEX_ADMIN_WINDOW_API,46,8,362,601,IAS_GEN_PKG;IAS_GEN_PKGIAS20142GET_CURDATEIA;IAS_GEN_PKGIAS20142GET_FLD_VALUE;IAS_GEN_PKGIAS20142GET_FRM_PRVIA;IAS_GEN_PKGIAS20142GET_PROMPTIAS;IAS_GET_ENC_PASS_FNC;IAS_GET_ENC_PASS_FNCIAS20142IAS_GET_ENC_PASS_FNC;IAS_USR_PKG;IAS_USR_PKGIAS20142CHK_USR_FRM_PRVIA;IAS_USR_PKGIAS20142GET_USR_APPRV;IAS_USR_PKGIAS20142GET_USR_NMIAS;YS_EMP_PKG;YS_EMP_PKGIAS20142GET_HRCHY_NMYS;YS_GEN_PKG;YS_GEN_PKGIAS20142GET_CNTYS_;YS_GEN_PKGIAS20142GET_FLD_VALUEY;YS_GEN_PKGIAS20142GET_USR_FLD_PRVYS_;YS_SRL_SCR_PKG;YS_SRL_SCR_PKGIAS20142GET_SYS_SQ,CREATE/SAVE;UPDATE;DELETE/VOID;POST;PRINT,FMX_STRING_EVIDENCE,oracle_forms/deep_catalog/form_field_trigger_catalog.jsonl
GENS012.fmx,ADMIN,ONEX_ADMIN_WINDOW_API,97,8,903,1548,IAS_ACODE_PKG;IAS_ACODE_PKGIAS20142GET_A_NAMEI;IAS_ACTV_PKG;IAS_ACTV_PKGIAS20142CHK_ACTV;IAS_ACTV_PKGIAS20142GET_ACTV_NAMEIAS;IAS_CC_CODE_PKG;IAS_CC_CODE_PKGIAS20142GET_CC_NAMEIA;IAS_DBS_SYS_PKG;IAS_DBS_SYS_PKGIAS20142CHECK_OBJECTI;IAS_GEN_PKG;IAS_GEN_PKGIAS20142GET_FLD_VALUE;IAS_GEN_PKGIAS20142GET_PROMPTIAS;IAS_GET_ENC_PASS_FNC;IAS_GET_ENC_PASS_FNCIAS20142IAS_GET_ENC_PASS_FNC;IAS_PJ_PKG;IAS_PJ_PKGIAS20142GET_PJ_NAMEIAS;IAS_PRMTR_PKG;IAS_PRMTR_PKGIAS20142GETPVAL;IAS_USR_PKG;IAS_USR_PKGIAS20142CHK_USR_FRM_PRVIA;IAS_USR_PKGIAS20142GET_USR_APPRV;IAS_USR_PKGIAS20142GET_USR_NMIAS;YS_EMP_PKG;YS_EMP_PKGIAS20142CHK_EMPYS_;YS_EMP_PKGIAS20142GET_CODE_NMYS_;YS_EMP_PKGIAS20142GET_EMP_NM;YS_EMP_PKGIAS20142GET_GRNTR_NMYS;YS_EMP_PKGIAS20142GET_HRCHY_NMYS;YS_EMP_PKGIAS20142GET_SPNSR_NMYS;YS_GEN_PKG;YS_GEN_PKGIAS20142CHK_ACTV_SYSTEMYS_;YS_GEN_PKGIAS20142CHK_CUR_CODEYS;YS_GEN_PKGIAS20142CHK_DUP_FLD_FNCYS_;YS_GEN_PKGIAS20142CHK_INACTV_SYSTEMY;YS_GEN_PKGIAS20142GET_CNTYS_;YS_GEN_PKGIAS20142GET_CURDATEYS_;YS_GEN_PKGIAS20142GET_FLD_VALUEY;YS_GEN_PKGIAS20142GET_FLG_NM;YS_GEN_PKGIAS20142GET_LOCAL_CURY;YS_GEN_PKGIAS20142GET_MSGYS_,CREATE/SAVE;UPDATE;DELETE/VOID;POST;PRINT,FMX_STRING_EVIDENCE,oracle_forms/deep_catalog/form_field_trigger_catalog.jsonl
GENS012_11-10-2016.fmx,ADMIN,ONEX_ADMIN_WINDOW_API,96,8,839,1515,IAS_ACODE_PKG;IAS_ACODE_PKGIAS20142GET_A_NAMEI;IAS_ACTV_PKG;IAS_ACTV_PKGIAS20142CHK_ACTV;IAS_ACTV_PKGIAS20142GET_ACTV_NAMEIAS;IAS_CC_CODE_PKG;IAS_CC_CODE_PKGIAS20142GET_CC_NAMEIA;IAS_DBS_SYS_PKG;IAS_DBS_SYS_PKGIAS20142CHECK_OBJECTI;IAS_GEN_PKG;IAS_GEN_PKGIAS20142GET_FLD_VALUE;IAS_GEN_PKGIAS20142GET_PROMPTIAS;IAS_GET_ENC_PASS_FNC;IAS_GET_ENC_PASS_FNCIAS20142IAS_GET_ENC_PASS_FNC;IAS_PJ_PKG;IAS_PJ_PKGIAS20142GET_PJ_NAMEIAS;IAS_PRMTR_PKG;IAS_PRMTR_PKGIAS20142GETPVAL;IAS_USR_PKG;IAS_USR_PKGIAS20142CHK_USR_FRM_PRVIA;IAS_USR_PKGIAS20142GET_USR_APPRV;IAS_USR_PKGIAS20142GET_USR_NMIAS;YS_EMP_PKG;YS_EMP_PKGIAS20142CHK_EMPYS_;YS_EMP_PKGIAS20142GET_CODE_NMYS_;YS_EMP_PKGIAS20142GET_EMP_NM;YS_EMP_PKGIAS20142GET_GRNTR_NMYS;YS_EMP_PKGIAS20142GET_HRCHY_NMYS;YS_EMP_PKGIAS20142GET_SPNSR_NMYS;YS_GEN_PKG;YS_GEN_PKGIAS20142CHK_ACTV_SYSTEMYS_;YS_GEN_PKGIAS20142CHK_CUR_CODEYS;YS_GEN_PKGIAS20142CHK_DUP_FLD_FNCYS_;YS_GEN_PKGIAS20142CHK_INACTV_SYSTEMY;YS_GEN_PKGIAS20142GET_CNTYS_;YS_GEN_PKGIAS20142GET_CURDATEYS_;YS_GEN_PKGIAS20142GET_FLD_VALUEY;YS_GEN_PKGIAS20142GET_FLG_NM;YS_GEN_PKGIAS20142GET_LOCAL_CURY;YS_GEN_PKGIAS20142GET_MSGYS_,CREATE/SAVE;UPDATE;DELETE/VOID;POST;PRINT,FMX_STRING_EVIDENCE,oracle_forms/deep_catalog/form_field_trigger_catalog.jsonl
GENS013.fmx,ADMIN,ONEX_ADMIN_WINDOW_API,37,8,274,402,IAS_DBS_SYS_PKG;IAS_DBS_SYS_PKGIAS20142ALTR_DBSI;IAS_GEN_PKG;IAS_GEN_PKGIAS20142GET_CNTIA;IAS_GEN_PKGIAS20142GET_FLD_VALUE;IAS_GET_ENC_PASS_FNC;IAS_GET_ENC_PASS_FNCIAS20142IAS_GET_ENC_PASS_FNC;IAS_USR_PKG;IAS_USR_PKGIAS20142CHK_USR_FRM_PRVIA;IAS_USR_PKGIAS20142GET_USR_APPRV;IAS_USR_PKGIAS20142GET_USR_NMIAS;YS_GEN_PKG;YS_GEN_PKGIAS20142GET_USR_FLD_PRVYS_;YS_SRL_SCR_PKG;YS_SRL_SCR_PKGIAS20142GET_SYS_SQ,CREATE/SAVE;UPDATE;DELETE/VOID;POST;PRINT,FMX_STRING_EVIDENCE,oracle_forms/deep_catalog/form_field_trigger_catalog.jsonl
GENS014.fmx,ADMIN,ONEX_ADMIN_WINDOW_API,36,8,193,396,IAS_GEN_PKG;IAS_GEN_PKGIAS20142GET_CURDATEIA;IAS_GEN_PKGIAS20142GET_FLD_VALUE;IAS_GEN_PKGIAS20142GET_USR_NMIAS;IAS_GET_ENC_PASS_FNC;IAS_GET_ENC_PASS_FNCIAS20142IAS_GET_ENC_PASS_FNC;IAS_USR_PKG;IAS_USR_PKGIAS20142CHK_USR_FRM_PRVIA;IAS_USR_PKGIAS20142GET_USR_APPRV;IAS_USR_PKGIAS20142GET_USR_NMIAS;YS_GEN_PKG;YS_GEN_PKGIAS20142GET_USR_FLD_PRVYS_;YS_SRL_SCR_PKG;YS_SRL_SCR_PKGIAS20142GET_SYS_SQ,CREATE/SAVE;UPDATE;DELETE/VOID;POST;PRINT,FMX_STRING_EVIDENCE,oracle_forms/deep_catalog/form_field_trigger_catalog.jsonl
GENS015.fmx,ADMIN,ONEX_ADMIN_WINDOW_API,33,8,189,357,IAS_GEN_PKG;IAS_GEN_PKGIAS20142GET_CNTIA;IAS_GEN_PKGIAS20142GET_FLD_VALUE;IAS_GET_ENC_PASS_FNC;IAS_GET_ENC_PASS_FNCIAS20142IAS_GET_ENC_PASS_FNC;IAS_USR_PKG;IAS_USR_PKGIAS20142CHK_USR_FRM_PRVIA;IAS_USR_PKGIAS20142GET_USR_APPRV;IAS_USR_PKGIAS20142GET_USR_NMIAS;YS_GEN_PKG;YS_GEN_PKGIAS20142GET_USR_FLD_PRVYS_,CREATE/SAVE;UPDATE;DELETE/VOID;POST;PRINT,FMX_STRING_EVIDENCE,oracle_forms/deep_catalog/form_field_trigger_catalog.jsonl
GENS016.fmx,ADMIN,ONEX_ADMIN_WINDOW_API,38,8,259,592,IAS_GEN_PKG;IAS_GEN_PKGIAS20142GET_FLD_VALUE;IAS_GET_ENC_PASS_FNC;IAS_GET_ENC_PASS_FNCIAS20142IAS_GET_ENC_PASS_FNC;IAS_USR_PKG;IAS_USR_PKGIAS20142CHK_USR_FRM_PRVIA;IAS_USR_PKGIAS20142GET_USR_APPRV;IAS_USR_PKGIAS20142GET_USR_NMIAS;YS_GEN_PKG;YS_GEN_PKGIAS20142CHK_LOCK_RCRDY;YS_GEN_PKGIAS20142GET_CNTYS_;YS_GEN_PKGIAS20142GET_USR_FLD_PRVYS_;YS_SRL_SCR_PKG;YS_SRL_SCR_PKGIAS20142GET_SYS_SQ,CREATE/SAVE;UPDATE;DELETE/VOID;POST;PRINT,FMX_STRING_EVIDENCE,oracle_forms/deep_catalog/form_field_trigger_catalog.jsonl
GENS017.fmx,ADMIN,ONEX_ADMIN_WINDOW_API,39,8,255,653,IAS_GEN_PKG;IAS_GEN_PKGIAS20142GET_CURDATEIA;IAS_GET_ENC_PASS_FNC;IAS_GET_ENC_PASS_FNCIAS20142IAS_GET_ENC_PASS_FNC;IAS_USR_PKG;IAS_USR_PKGIAS20142CHK_USR_FRM_PRVIA;IAS_USR_PKGIAS20142GET_USR_APPRV;IAS_USR_PKGIAS20142GET_USR_NMIAS;YS_GEN_PKG;YS_GEN_PKGIAS20142GET_CNTYS_;YS_GEN_PKGIAS20142GET_CURDATEYS_;YS_GEN_PKGIAS20142GET_FLD_VALUEY;YS_GEN_PKGIAS20142GET_USR_FLD_PRVYS_;YS_SRL_SCR_PKG;YS_SRL_SCR_PKGIAS20142GET_SYS_SQ,CREATE/SAVE;UPDATE;DELETE/VOID;POST;PRINT,FMX_STRING_EVIDENCE,oracle_forms/deep_catalog/form_field_trigger_catalog.jsonl
GENS018.fmx,ADMIN,ONEX_ADMIN_WINDOW_API,35,8,59,358,IAS_GEN_PKG;IAS_GEN_PKGIAS20142GET_PROMPTIAS;IAS_GET_ENC_PASS_FNC;IAS_GET_ENC_PASS_FNCIAS20142IAS_GET_ENC_PASS_FNC;IAS_USR_PKG;IAS_USR_PKGIAS20142CHK_USR_FRM_PRVIA;IAS_USR_PKGIAS20142GET_USR_APPRV;IAS_USR_PKGIAS20142GET_USR_NMIAS;YS_GEN_PKG;YS_GEN_PKGIAS20142CHK_LOCK_RCRDY;YS_GEN_PKGIAS20142GET_USR_FLD_PRVYS_;YS_SRL_SCR_PKG;YS_SRL_SCR_PKGIAS20142GET_SYS_SQ,CREATE/SAVE;UPDATE;DELETE/VOID;POST;PRINT,FMX_STRING_EVIDENCE,oracle_forms/deep_catalog/form_field_trigger_catalog.jsonl
GENS019.fmx,ADMIN,ONEX_ADMIN_WINDOW_API,38,8,247,625,IAS_GEN_PKG;IAS_GEN_PKGIAS20142GET_CNTIA;IAS_GEN_PKGIAS20142GET_USR_NMIAS;IAS_GET_ENC_PASS_FNC;IAS_GET_ENC_PASS_FNCIAS20142IAS_GET_ENC_PASS_FNC;IAS_USR_PKG;IAS_USR_PKGIAS20142CHK_USR_FRM_PRVIA;IAS_USR_PKGIAS20142GET_USR_NMIAS;YS_GEN_PKG;YS_GEN_PKGIAS20142CHK_LOCK_RCRDY;YS_GEN_PKGIAS20142GET_CNTYS_;YS_GEN_PKGIAS20142GET_DOC_TYP_FRMYS_;YS_GEN_PKGIAS20142GET_USR_FLD_PRVYS_;YS_SRL_SCR_PKG;YS_SRL_SCR_PKGIAS20142GET_SYS_SQ,CREATE/SAVE;UPDATE;DELETE/VOID;POST;PRINT,FMX_STRING_EVIDENCE,oracle_forms/deep_catalog/form_field_trigger_catalog.jsonl
GENS020.fmx,ADMIN,ONEX_ADMIN_WINDOW_API,37,8,274,400,IAS_DBS_SYS_PKG;IAS_DBS_SYS_PKGIAS20142ALTR_DBSI;IAS_GEN_PKG;IAS_GEN_PKGIAS20142GET_CNTIA;IAS_GEN_PKGIAS20142GET_FLD_VALUE;IAS_GET_ENC_PASS_FNC;IAS_GET_ENC_PASS_FNCIAS20142IAS_GET_ENC_PASS_FNC;IAS_USR_PKG;IAS_USR_PKGIAS20142CHK_USR_FRM_PRVIA;IAS_USR_PKGIAS20142GET_USR_APPRV;IAS_USR_PKGIAS20142GET_USR_NMIAS;YS_GEN_PKG;YS_GEN_PKGIAS20142GET_USR_FLD_PRVYS_;YS_SRL_SCR_PKG;YS_SRL_SCR_PKGIAS20142GET_SYS_SQ,CREATE/SAVE;UPDATE;DELETE/VOID;POST;PRINT,FMX_STRING_EVIDENCE,oracle_forms/deep_catalog/form_field_trigger_catalog.jsonl
GLSI001.fmx,GL,ONEX_GL_WINDOW_API,69,9,828,1021,IAS_ACODE_PKG;IAS_ACODE_PKGIAS20142GET_AC_PARENTIA;IAS_ACTV_PKG;IAS_ACTV_PKGIAS20142CHK_ACTV;IAS_ACTV_PKGIAS20142GET_ACTV_NAMEIAS;IAS_BRN_PKG;IAS_BRN_PKGIAS20142GET_BR_NM;IAS_CC_CODE_PKG;IAS_CC_CODE_PKGIAS20142CHECK_CC_PJIA;IAS_CC_CODE_PKGIAS20142GET_CC_NAMEIA;IAS_CC_CODE_PKGIAS20142GET_CC_NO;IAS_CC_CODE_PKGIAS20142GET_ONE_CC_PJ;IAS_CHECK_SYS_PKG;IAS_CHECK_SYS_PKGIAS20142CHECK_AC_CC;IAS_CHECK_SYS_PKGIAS20142CHECK_BT_VALUEI;IAS_CHECK_SYS_PKGIAS20142CHECK_USE_CCIAS;IAS_CHECK_SYS_PKGIAS20142CHECK_USE_PJIAS;IAS_DBS_SYS_PKG;IAS_DBS_SYS_PKGIAS20142CHECK_OBJECTI;IAS_GEN_PKG;IAS_GEN_PKGIAS20142GET_CNTIA;IAS_GEN_PKGIAS20142GET_CODE_NMIA;IAS_GEN_PKGIAS20142GET_CURDATEIA;IAS_GEN_PKGIAS20142GET_FLD_VALUE;IAS_GEN_PKGIAS20142GET_FRM_PRVIA;IAS_GEN_PKGIAS20142GET_LOCAL_CUR;IAS_GEN_PKGIAS20142GET_PROMPTIAS;IAS_GEN_PKGIAS20142GET_USR_NMIAS;IAS_GET_ENC_PASS_FNC;IAS_GET_ENC_PASS_FNCIAS20142IAS_GET_ENC_PASS_FNC;IAS_PJ_PKG;IAS_PJ_PKGIAS20142GET_ONE_PJ_ACTVIAS;IAS_PJ_PKGIAS20142GET_PJ_NAMEIAS;IAS_PRIVILEGE_PKG;IAS_PRIVILEGE_PKGIAS20142INSRT_USR_PRV_PRCIA;IAS_USR_PKG;IAS_USR_PKGIAS20142CHK_USR_AC_PRVIAS;IAS_USR_PKGIAS20142CHK_USR_BRN_PRVIA;IAS_USR_PKGIAS20142CHK_USR_FRM_PRVIA;IAS_USR_PKGIAS20142GET_USR_APPRV,CREATE/SAVE;UPDATE;DELETE/VOID;POST;PRINT,FMX_STRING_EVIDENCE,oracle_forms/deep_catalog/form_field_trigger_catalog.jsonl
GLSI002.fmx,GL,ONEX_GL_WINDOW_API,36,8,272,475,IAS_CSHBNK_PKG;IAS_CSHBNK_PKGIAS20142CHECK_ACYI;IAS_CSHBNK_PKGIAS20142GET_CB_NAMEIAS;IAS_GET_ENC_PASS_FNC;IAS_GET_ENC_PASS_FNCIAS20142IAS_GET_ENC_PASS_FNC;IAS_USR_PKG;IAS_USR_PKGIAS20142CHK_USR_FRM_PRVIA;IAS_USR_PKGIAS20142GET_USR_APPRV;IAS_USR_PKGIAS20142GET_USR_NMIAS;YS_GEN_PKG;YS_GEN_PKGIAS20142GET_CNTYS_;YS_GEN_PKGIAS20142GET_FLG_NM;YS_GEN_PKGIAS20142GET_USR_FLD_PRVYS_,CREATE/SAVE;UPDATE;DELETE/VOID;POST;PRINT,FMX_STRING_EVIDENCE,oracle_forms/deep_catalog/form_field_trigger_catalog.jsonl
GLSI003.fmx,GL,ONEX_GL_WINDOW_API,47,8,480,629,IAS_CC_CODE_PKG;IAS_CC_CODE_PKGIAS20142CHECK_USE_PJI;IAS_GEN_PKG;IAS_GEN_PKGIAS20142GET_CNTIA;IAS_GEN_PKGIAS20142GET_CURDATEIA;IAS_GEN_PKGIAS20142GET_FLD_VALUE;IAS_GEN_PKGIAS20142GET_FRM_PRVIA;IAS_GEN_PKGIAS20142GET_LOCAL_CUR;IAS_GEN_PKGIAS20142GET_PROMPTIAS;IAS_GEN_PKGIAS20142GET_SYSDATEIA;IAS_GEN_PKGIAS20142GET_USR_NMIAS;IAS_GET_ENC_PASS_FNC;IAS_GET_ENC_PASS_FNCIAS20142IAS_GET_ENC_PASS_FNC;IAS_PJ_PKG;IAS_PJ_PKGIAS20142GET_PJ_NAMEIAS;IAS_PRIVILEGE_PKG;IAS_PRIVILEGE_PKGIAS20142INSRT_USR_PRV_PRCIA;IAS_USR_PKG;IAS_USR_PKGIAS20142CHK_USR_CC_PRVIAS;IAS_USR_PKGIAS20142CHK_USR_FRM_PRVIA;IAS_USR_PKGIAS20142GET_USR_APPRV;IAS_USR_PKGIAS20142GET_USR_NMIAS;YS_GEN_PKG;YS_GEN_PKGIAS20142CHK_ACTV_SYSTEMYS_;YS_GEN_PKGIAS20142GET_USR_FLD_PRVYS_,CREATE/SAVE;UPDATE;DELETE/VOID;POST;PRINT,FMX_STRING_EVIDENCE,oracle_forms/deep_catalog/form_field_trigger_catalog.jsonl
GLSI004.fmx,GL,ONEX_GL_WINDOW_API,47,8,427,560,IAS_ACODE_PKG;IAS_ACODE_PKGIAS20142GET_A_NAMEI;IAS_DBS_SYS_PKG;IAS_DBS_SYS_PKGIAS20142ALTR_DBSI;IAS_GEN_PKG;IAS_GEN_PKGIAS20142GET_CNTIA;IAS_GEN_PKGIAS20142GET_CODE_NMIA;IAS_GEN_PKGIAS20142GET_CURDATEIA;IAS_GEN_PKGIAS20142GET_FLD_VALUE;IAS_GEN_PKGIAS20142GET_FRM_NMIAS;IAS_GEN_PKGIAS20142GET_FRM_PRVIA;IAS_GEN_PKGIAS20142GET_USR_NMIAS;IAS_GET_ENC_PASS_FNC;IAS_GET_ENC_PASS_FNCIAS20142IAS_GET_ENC_PASS_FNC;IAS_PRIVILEGE_PKG;IAS_PRIVILEGE_PKGIAS20142INSRT_USR_PRV_PRCIA;IAS_USR_PKG;IAS_USR_PKGIAS20142CHK_USR_CB_PRVIAS;IAS_USR_PKGIAS20142CHK_USR_FRM_PRVIA;IAS_USR_PKGIAS20142GET_USR_APPRV;IAS_USR_PKGIAS20142GET_USR_NMIAS;YS_AC_DTL_PKG;YS_AC_DTL_PKGIAS20142GET_AC_DTL_TYPY;YS_GEN_PKG;YS_GEN_PKGIAS20142CHK_ACTV_SYSTEMYS_;YS_GEN_PKGIAS20142GET_USR_FLD_PRVYS_,CREATE/SAVE;UPDATE;DELETE/VOID;POST;PRINT,FMX_STRING_EVIDENCE,oracle_forms/deep_catalog/form_field_trigger_catalog.jsonl
GLSI005.fmx,GL,ONEX_GL_WINDOW_API,46,8,484,612,IAS_ACODE_PKG;IAS_ACODE_PKGIAS20142GET_A_NAMEI;IAS_CSHBNK_PKG;IAS_CSHBNK_PKGIAS20142CHK_AC_CSH_BNK;IAS_GEN_PKG;IAS_GEN_PKGIAS20142GET_CNTIA;IAS_GEN_PKGIAS20142GET_CODE_NMIA;IAS_GEN_PKGIAS20142GET_CURDATEIA;IAS_GEN_PKGIAS20142GET_FLD_VALUE;IAS_GEN_PKGIAS20142GET_FRM_PRVIA;IAS_GEN_PKGIAS20142GET_PROMPTIAS;IAS_GEN_PKGIAS20142GET_USR_NMIAS;IAS_GET_ENC_PASS_FNC;IAS_GET_ENC_PASS_FNCIAS20142IAS_GET_ENC_PASS_FNC;IAS_PRIVILEGE_PKG;IAS_PRIVILEGE_PKGIAS20142INSRT_USR_PRV_PRCIA;IAS_USR_PKG;IAS_USR_PKGIAS20142CHK_USR_CB_PRVIAS;IAS_USR_PKGIAS20142CHK_USR_FRM_PRVIA;IAS_USR_PKGIAS20142GET_USR_APPRV;IAS_USR_PKGIAS20142GET_USR_NMIAS;YS_AC_DTL_PKG;YS_AC_DTL_PKGIAS20142GET_AC_DTL_TYPY;YS_GEN_PKG;YS_GEN_PKGIAS20142GET_USR_FLD_PRVYS_,CREATE/SAVE;UPDATE;DELETE/VOID;POST;PRINT,FMX_STRING_EVIDENCE,oracle_forms/deep_catalog/form_field_trigger_catalog.jsonl
GLSI007.fmx,GL,ONEX_GL_WINDOW_API,41,8,186,423,IAS_ACODE_PKG;IAS_ACODE_PKGIAS20142GET_A_NAMEI;IAS_CC_CODE_PKG;IAS_CC_CODE_PKGIAS20142GET_CC_NAMEIA;IAS_CC_CODE_PKGIAS20142GET_CC_NO;IAS_CHECK_SYS_PKG;IAS_CHECK_SYS_PKGIAS20142CHECK_BT_VALUEI;IAS_GEN_PKG;IAS_GEN_PKGIAS20142GET_CURDATEIA;IAS_GEN_PKGIAS20142GET_LOCAL_CUR;IAS_GEN_PKGIAS20142GET_PROMPTIAS;IAS_GET_ENC_PASS_FNC;IAS_GET_ENC_PASS_FNCIAS20142IAS_GET_ENC_PASS_FNC;IAS_USR_PKG;IAS_USR_PKGIAS20142CHK_USR_FRM_PRVIA;IAS_USR_PKGIAS20142GET_USR_APPRV;IAS_USR_PKGIAS20142GET_USR_NMIAS;YS_GEN_PKG;YS_GEN_PKGIAS20142GET_USR_FLD_PRVYS_,CREATE/SAVE;UPDATE;DELETE/VOID;POST;PRINT,FMX_STRING_EVIDENCE,oracle_forms/deep_catalog/form_field_trigger_catalog.jsonl
GLSI008.fmx,GL,ONEX_GL_WINDOW_API,36,8,308,403,IAS_GEN_PKG;IAS_GEN_PKGIAS20142GET_LOCAL_CUR;IAS_GEN_PKGIAS20142GET_MSGIA;IAS_GEN_PKGIAS20142GET_PROMPTIAS;IAS_GET_ENC_PASS_FNC;IAS_GET_ENC_PASS_FNCIAS20142IAS_GET_ENC_PASS_FNC;IAS_USR_PKG;IAS_USR_PKGIAS20142CHK_USR_FRM_PRVIA;IAS_USR_PKGIAS20142GET_USR_APPRV;IAS_USR_PKGIAS20142GET_USR_NMIAS;YS_GEN_PKG;YS_GEN_PKGIAS20142GET_USR_FLD_PRVYS_,CREATE/SAVE;UPDATE;DELETE/VOID;POST;PRINT,FMX_STRING_EVIDENCE,oracle_forms/deep_catalog/form_field_trigger_catalog.jsonl
GLSI009.fmx,GL,ONEX_GL_WINDOW_API,40,8,180,441,IAS_ACODE_PKG;IAS_ACODE_PKGIAS20142GET_A_NAMEI;IAS_CC_CODE_PKG;IAS_CC_CODE_PKGIAS20142GET_CC_NAMEIA;IAS_CHECK_SYS_PKG;IAS_CHECK_SYS_PKGIAS20142CHECK_BT_VALUEI;IAS_GEN_PKG;IAS_GEN_PKGIAS20142GET_CURDATEIA;IAS_GEN_PKGIAS20142GET_LOCAL_CUR;IAS_GEN_PKGIAS20142GET_PROMPTIAS;IAS_GET_ENC_PASS_FNC;IAS_GET_ENC_PASS_FNCIAS20142IAS_GET_ENC_PASS_FNC;IAS_USR_PKG;IAS_USR_PKGIAS20142CHK_USR_FRM_PRVIA;IAS_USR_PKGIAS20142GET_USR_APPRV;IAS_USR_PKGIAS20142GET_USR_NMIAS;YS_GEN_PKG;YS_GEN_PKGIAS20142GET_USR_FLD_PRVYS_,CREATE/SAVE;UPDATE;DELETE/VOID;POST;PRINT,FMX_STRING_EVIDENCE,oracle_forms/deep_catalog/form_field_trigger_catalog.jsonl
GLSI010.fmx,GL,ONEX_GL_WINDOW_API,57,8,620,805,IAS_ACODE_PKG;IAS_ACODE_PKGIAS20142GET_A_NAMEI;IAS_ACTV_PKG;IAS_ACTV_PKGIAS20142CHK_ACTV;IAS_ACTV_PKGIAS20142GET_ACTV_NAMEIAS;IAS_CC_CODE_PKG;IAS_CC_CODE_PKGIAS20142GET_CC_NAMEIA;IAS_CHECK_SYS_PKG;IAS_CHECK_SYS_PKGIAS20142CHECK_AC_ACY_INCTVI;IAS_CHECK_SYS_PKGIAS20142CHECK_BT_VALUEI;IAS_CHK_BRN_UP_DEL_FNC;IAS_CHK_BRN_UP_DEL_FNCIAS20142IAS_CHK_BRN_UP_DEL_FNC;IAS_GEN_PKG;IAS_GEN_PKGIAS20142GET_CURDATEIA;IAS_GEN_PKGIAS20142GET_CUR_RATEI;IAS_GEN_PKGIAS20142GET_DELETE_DOC_PERIOD;IAS_GEN_PKGIAS20142GET_FINAL_DAY;IAS_GEN_PKGIAS20142GET_FLD_VALUE;IAS_GEN_PKGIAS20142GET_FRM_PRVIA;IAS_GEN_PKGIAS20142GET_FRST_DAYI;IAS_GEN_PKGIAS20142GET_LOCAL_CUR;IAS_GEN_PKGIAS20142GET_MSGIA;IAS_GEN_PKGIAS20142GET_PROMPTIAS;IAS_GEN_PKGIAS20142GET_SYSDATEIA;IAS_GEN_PKGIAS20142GET_UPDATE_DOC_PERIOD;IAS_GEN_PKGIAS20142GET_USR_NMIAS;IAS_GET_DOC_DEL_FNC;IAS_GET_ENC_PASS_FNC;IAS_GET_ENC_PASS_FNCIAS20142IAS_GET_ENC_PASS_FNC;IAS_PJ_PKG;IAS_PJ_PKGIAS20142GET_PJ_NAMEIAS;IAS_USR_PKG;IAS_USR_PKGIAS20142GET_USR_APPRV;IAS_USR_PKGIAS20142GET_USR_NMIAS,CREATE/SAVE;UPDATE;DELETE/VOID;POST;PRINT,FMX_STRING_EVIDENCE,oracle_forms/deep_catalog/form_field_trigger_catalog.jsonl
GLSI011.fmx,GL,ONEX_GL_WINDOW_API,99,8,713,956,IAS_ACODE_PKG;IAS_ACODE_PKGIAS20142CHECK_ACYIA;IAS_ACODE_PKGIAS20142CHK_AC_CODE;IAS_ACODE_PKGIAS20142GET_CNT_ACY;IAS_ACODE_PKGIAS20142GET_ONE_ACY_ACI;IAS_ACTV_PKG;IAS_ACTV_PKGIAS20142CHK_ACTV;IAS_ACTV_PKGIAS20142GET_ACTV_NAMEIAS;IAS_BRN_PKG;IAS_BRN_PKGIAS20142GET_BRN_CMP_SERIA;IAS_CC_CODE_PKG;IAS_CC_CODE_PKGIAS20142CHECK_CC_PJIA;IAS_CC_CODE_PKGIAS20142CHECK_USE_PJI;IAS_CHECK_SYS_PKG;IAS_CHECK_SYS_PKGIAS20142CHECK_AC_ACY_INCTVI;IAS_CHECK_SYS_PKGIAS20142CHECK_AC_CC;IAS_CHECK_SYS_PKGIAS20142CHECK_BT_VALUEI;IAS_CHECK_SYS_PKGIAS20142CHECK_USE_CCIAS;IAS_CSHBNK_PKG;IAS_CSHBNK_PKGIAS20142CHECK_ACYI;IAS_CSHBNK_PKGIAS20142CHK_CB_BRN;IAS_CSHBNK_PKGIAS20142GET_A_CODE;IAS_CSHBNK_PKGIAS20142GET_CB_NOI;IAS_CSHBNK_PKGIAS20142GET_CNT_ACYIAS;IAS_CSHBNK_PKGIAS20142GET_ONE_ACY_CB;IAS_CST_PKG;IAS_CST_PKGIAS20142CHECK_ACY;IAS_CST_PKGIAS20142GET_ACODE;IAS_CST_PKGIAS20142GET_CNT_ACYIA;IAS_CST_PKGIAS20142GET_ONE_ACY_CSTIA;IAS_CST_PKGIAS20142GET_ONE_CC_CSTIAS;IAS_GEN_PKG;IAS_GEN_PKGIAS20142GET_CNTIA;IAS_GEN_PKGIAS20142GET_CURDATEIA;IAS_GEN_PKGIAS20142GET_CUR_RATEI;IAS_GEN_PKGIAS20142GET_FLD_VALUE;IAS_GEN_PKGIAS20142GET_FRST_DAYI;IAS_GEN_PKGIAS20142GET_LOCAL_CUR;IAS_GEN_PKGIAS20142GET_MSGIA;IAS_GEN_PKGIAS20142GET_PROMPTIAS,CREATE/SAVE;UPDATE;DELETE/VOID;POST;PRINT,FMX_STRING_EVIDENCE,oracle_forms/deep_catalog/form_field_trigger_catalog.jsonl
GLSI012.fmx,GL,ONEX_GL_WINDOW_API,43,8,318,582,IAS_ACODE_PKG;IAS_ACODE_PKGIAS20142GET_A_NAMEI;IAS_CC_CODE_PKG;IAS_CC_CODE_PKGIAS20142GET_CC_NAMEIA;IAS_CHECK_SYS_PKG;IAS_CHECK_SYS_PKGIAS20142CHECK_BT_VALUEI;IAS_GEN_PKG;IAS_GEN_PKGIAS20142GET_CNTIA;IAS_GEN_PKGIAS20142GET_LOCAL_CUR;IAS_GEN_PKGIAS20142GET_MSGIA;IAS_GEN_PKGIAS20142GET_PROMPTIAS;IAS_GET_ENC_PASS_FNC;IAS_GET_ENC_PASS_FNCIAS20142IAS_GET_ENC_PASS_FNC;IAS_USR_PKG;IAS_USR_PKGIAS20142CHK_USR_FRM_PRVIA;IAS_USR_PKGIAS20142GET_USR_APPRV;IAS_USR_PKGIAS20142GET_USR_NMIAS;YS_GEN_PKG;YS_GEN_PKGIAS20142GET_USR_FLD_PRVYS_,CREATE/SAVE;UPDATE;DELETE/VOID;POST;PRINT,FMX_STRING_EVIDENCE,oracle_forms/deep_catalog/form_field_trigger_catalog.jsonl
GLSI013.fmx,GL,ONEX_GL_WINDOW_API,54,8,426,872,IAS_ACODE_PKG;IAS_ACODE_PKGIAS20142GET_A_NAMEI;IAS_ACTV_PKG;IAS_ACTV_PKGIAS20142CHK_ACTV_NOI;IAS_ACTV_PKGIAS20142GET_ACTV_NAMEIAS;IAS_CC_CODE_PKG;IAS_CC_CODE_PKGIAS20142GET_CC_NAMEIA;IAS_CSHBNK_PKG;IAS_CSHBNK_PKGIAS20142CHK_AC_CSH_BNK;IAS_GEN_PKG;IAS_GEN_PKGIAS20142GET_CNTIA;IAS_GEN_PKGIAS20142GET_FLD_VALUE;IAS_GEN_PKGIAS20142GET_LOCAL_CUR;IAS_GET_ENC_PASS_FNC;IAS_GET_ENC_PASS_FNCIAS20142IAS_GET_ENC_PASS_FNC;IAS_PJ_PKG;IAS_PJ_PKGIAS20142GET_PJ_NAMEIAS;IAS_USR_PKG;IAS_USR_PKGIAS20142CHK_USR_FRM_PRVIA;IAS_USR_PKGIAS20142GET_USR_APPRV;IAS_USR_PKGIAS20142GET_USR_NMIAS;YS_AC_DTL_PKG;YS_AC_DTL_PKGIAS20142GET_AC_DTL_TYPY;YS_GEN_PKG;YS_GEN_PKGIAS20142CHK_ACTV_SYSTEMYS_;YS_GEN_PKGIAS20142CHK_INACTV_SYSTEMY;YS_GEN_PKGIAS20142GET_USR_FLD_PRVYS_;YS_LOV_SLCT_PKG;YS_LOV_SLCT_PKGIAS20142DESLCT_DATAYS;YS_LOV_SLCT_PKGIAS20142FETCH_SLCT_DATAYS;YS_LOV_SLCT_PKGIAS20142SLCT_DATA,CREATE/SAVE;UPDATE;DELETE/VOID;POST;PRINT,FMX_STRING_EVIDENCE,oracle_forms/deep_catalog/form_field_trigger_catalog.jsonl
GLSI0131.fmx,GL,ONEX_GL_WINDOW_API,49,8,437,587,IAS_ACODE_PKG;IAS_ACODE_PKGIAS20142GET_A_NAMEI;IAS_ACTV_PKG;IAS_ACTV_PKGIAS20142CHK_ACTV_NOI;IAS_ACTV_PKGIAS20142GET_ACTV_NAMEIAS;IAS_CC_CODE_PKG;IAS_CC_CODE_PKGIAS20142GET_CC_NAMEIA;IAS_CSHBNK_PKG;IAS_CSHBNK_PKGIAS20142CHK_AC_CSH_BNK;IAS_GEN_PKG;IAS_GEN_PKGIAS20142GET_CNTIA;IAS_GEN_PKGIAS20142GET_FLD_VALUE;IAS_GEN_PKGIAS20142GET_LOCAL_CUR;IAS_GET_ENC_PASS_FNC;IAS_GET_ENC_PASS_FNCIAS20142IAS_GET_ENC_PASS_FNC;IAS_PJ_PKG;IAS_PJ_PKGIAS20142GET_PJ_NAMEIAS;IAS_USR_PKG;IAS_USR_PKGIAS20142CHK_USR_FRM_PRVIA;IAS_USR_PKGIAS20142GET_USR_APPRV;IAS_USR_PKGIAS20142GET_USR_NMIAS;YS_AC_DTL_PKG;YS_AC_DTL_PKGIAS20142GET_AC_DTL_TYPY;YS_GEN_PKG;YS_GEN_PKGIAS20142CHK_ACTV_SYSTEMYS_;YS_GEN_PKGIAS20142CHK_INACTV_SYSTEMY;YS_GEN_PKGIAS20142GET_USR_FLD_PRVYS_,CREATE/SAVE;UPDATE;DELETE/VOID;POST;PRINT,FMX_STRING_EVIDENCE,oracle_forms/deep_catalog/form_field_trigger_catalog.jsonl
GLSI014.fmx,GL,ONEX_GL_WINDOW_API,59,8,497,947,IAS_ACTV_PKG;IAS_ACTV_PKGIAS2015101GET_ACTV_NAMEI;IAS_CC_CODE_PKG;IAS_CC_CODE_PKGIAS2015101GET_CC_NAME;IAS_CHECK_SYS_PKG;IAS_CHECK_SYS_PKGIAS2015101CHECK_CUR_RATEIAS;IAS_GEN_PKG;IAS_GEN_PKGIAS2015101GET_CNT;IAS_GEN_PKGIAS2015101GET_CUR_RATEIAS;IAS_GEN_PKGIAS2015101GET_FLD_VALUEIA;IAS_GEN_PKGIAS2015101GET_LOCAL_CURIA;IAS_GEN_PKGIAS2015101GET_PROMPTI;IAS_GEN_PKGIAS2015101GET_SYSDATE;IAS_GEN_PKGIAS2015101GET_USR_NMI;IAS_GET_ENC_PASS_FNC;IAS_PJ_PKG;IAS_PJ_PKGIAS2015101CHECK_USE_ACTVIA;IAS_PRIVILEGE_PKG;IAS_PRIVILEGE_PKGIAS2015101INSRT_USR_PRV_PRC;IAS_USR_PKG;IAS_USR_PKGIAS2015101CHK_USR_FRM_PRV;IAS_USR_PKGIAS2015101CHK_USR_PJ_PRVI;IAS_USR_PKGIAS2015101GET_USR_APPRVIA;IAS_USR_PKGIAS2015101GET_USR_NMI;YS_GEN_PKG;YS_GEN_PKGIAS2015101CHK_ACTV_SYSTEMY;YS_GEN_PKGIAS2015101GET_USR_FLD_PRVY,CREATE/SAVE;UPDATE;DELETE/VOID;POST;PRINT,FMX_STRING_EVIDENCE,oracle_forms/deep_catalog/form_field_trigger_catalog.jsonl
GLSI014_NEW.fmx,GL,ONEX_GL_WINDOW_API,57,8,598,923,IAS_ACTV_PKG;IAS_ACTV_PKGIAS2015101GET_ACTV_NAMEI;IAS_CC_CODE_PKG;IAS_CC_CODE_PKGIAS2015101GET_CC_NAME;IAS_CHECK_SYS_PKG;IAS_CHECK_SYS_PKGIAS2015101CHECK_CUR_RATEIAS;IAS_GEN_PKG;IAS_GEN_PKGIAS2015101GET_CNT;IAS_GEN_PKGIAS2015101GET_CUR_RATEIAS;IAS_GEN_PKGIAS2015101GET_FLD_VALUEIA;IAS_GEN_PKGIAS2015101GET_LOCAL_CURIA;IAS_GEN_PKGIAS2015101GET_PROMPTI;IAS_GEN_PKGIAS2015101GET_SYSDATE;IAS_GEN_PKGIAS2015101GET_USR_NMI;IAS_GET_ENC_PASS_FNC;IAS_PJ_PKG;IAS_PJ_PKGIAS2015101CHECK_USE_ACTVIA;IAS_PRIVILEGE_PKG;IAS_PRIVILEGE_PKGIAS2015101INSRT_USR_PRV_PRC;IAS_USR_PKG;IAS_USR_PKGIAS2015101CHK_USR_FRM_PRV;IAS_USR_PKGIAS2015101CHK_USR_PJ_PRVI;IAS_USR_PKGIAS2015101GET_USR_APPRVIA;IAS_USR_PKGIAS2015101GET_USR_NMI;YS_GEN_PKG;YS_GEN_PKGIAS2015101GET_USR_FLD_PRVY,CREATE/SAVE;UPDATE;DELETE/VOID;POST;PRINT,FMX_STRING_EVIDENCE,oracle_forms/deep_catalog/form_field_trigger_catalog.jsonl
GLSI016.fmx,GL,ONEX_GL_WINDOW_API,50,8,454,639,IAS_ACODE_PKG;IAS_ACODE_PKGIAS20142GET_A_NAMEI;IAS_GEN_PKG;IAS_GEN_PKGIAS20142GET_CNTIA;IAS_GEN_PKGIAS20142GET_CURDATEIA;IAS_GEN_PKGIAS20142GET_FLD_VALUE;IAS_GEN_PKGIAS20142GET_FRST_DAYI;IAS_GEN_PKGIAS20142GET_MSGIA;IAS_GEN_PKGIAS20142GET_PROMPTIAS;IAS_GEN_PKGIAS20142GET_SYSDATEIA;IAS_GET_ENC_PASS_FNC;IAS_GET_ENC_PASS_FNCIAS20142IAS_GET_ENC_PASS_FNC;IAS_GL_BAL_PKG;IAS_GL_BAL_PKGIAS20142FILL_BT_VALUEI;IAS_GL_CSHFLW_PKG;IAS_GL_CSHFLW_PKGIAS20142UPDATE_RCRD_FORMULA;IAS_USR_PKG;IAS_USR_PKGIAS20142CHK_USR_FRM_PRVIA;IAS_USR_PKGIAS20142GET_USR_APPRV;IAS_USR_PKGIAS20142GET_USR_NMIAS;YS_GEN_PKG;YS_GEN_PKGIAS20142CHECK_DATE;YS_GEN_PKGIAS20142GET_USR_FLD_PRVYS_;YS_SRL_SCR_PKG;YS_SRL_SCR_PKGIAS20142GET_SYS_SQ,CREATE/SAVE;UPDATE;DELETE/VOID;POST;PRINT,FMX_STRING_EVIDENCE,oracle_forms/deep_catalog/form_field_trigger_catalog.jsonl
GLSI017.fmx,GL,ONEX_GL_WINDOW_API,37,8,372,453,IAS_GEN_PKG;IAS_GEN_PKGIAS20142GET_FLD_VALUE;IAS_GEN_PKGIAS20142GET_LOCAL_CUR;IAS_GEN_PKGIAS20142GET_PROMPTIAS;IAS_GEN_PKGIAS20142GET_SYSDATEIA;IAS_GEN_PKGIAS20142GET_USR_NMIAS;IAS_GET_ENC_PASS_FNC;IAS_GET_ENC_PASS_FNCIAS20142IAS_GET_ENC_PASS_FNC;IAS_PRIVILEGE_PKG;IAS_PRIVILEGE_PKGIAS20142INSRT_USR_PRV_PRCIA;IAS_USR_PKG;IAS_USR_PKGIAS20142CHK_USR_ACTV_PRVI;IAS_USR_PKGIAS20142CHK_USR_FRM_PRVIA;IAS_USR_PKGIAS20142GET_USR_APPRV;IAS_USR_PKGIAS20142GET_USR_NMIAS;YS_GEN_PKG;YS_GEN_PKGIAS20142GET_USR_FLD_PRVYS_,CREATE/SAVE;UPDATE;DELETE/VOID;POST;PRINT,FMX_STRING_EVIDENCE,oracle_forms/deep_catalog/form_field_trigger_catalog.jsonl
GLSR001.fmx,GL,ONEX_GL_WINDOW_API,21,2,304,432,IAS_ACODE_PKG;IAS_ACODE_PKGIAS20142GET_A_NAMEI;IAS_AUDIT_PKG;IAS_AUDIT_PKGIAS20142AUD_RPRTIAS;IAS_CHECK_SYS_PKG;IAS_CHECK_SYS_PKGIAS20142CHECK_BT_DATEIA;IAS_GEN_PKG;IAS_GEN_PKGIAS20142GET_CNTIA;IAS_GEN_PKGIAS20142GET_PROMPTIAS;IAS_GET_ENC_PASS_FNC;IAS_GET_ENC_PASS_FNCIAS20142IAS_GET_ENC_PASS_FNC;IAS_USR_PKG;IAS_USR_PKGIAS20142GET_USR_NMIAS;YS_GEN_PKG;YS_GEN_PKGIAS20142GET_PROMPT,PRINT,FMX_STRING_EVIDENCE,oracle_forms/deep_catalog/form_field_trigger_catalog.jsonl
GLSR002.fmx,GL,ONEX_GL_WINDOW_API,16,2,206,269,IAS_CC_CODE_PKG;IAS_CC_CODE_PKGIAS20142GET_CC_NAMEIA;IAS_CHECK_SYS_PKG;IAS_CHECK_SYS_PKGIAS20142CHECK_BT_DATEIA;IAS_GEN_PKG;IAS_GEN_PKGIAS20142GET_PROMPTIAS;IAS_GET_ENC_PASS_FNC;IAS_GET_ENC_PASS_FNCIAS20142IAS_GET_ENC_PASS_FNC;IAS_USR_PKG;IAS_USR_PKGIAS20142GET_USR_NMIAS,PRINT,FMX_STRING_EVIDENCE,oracle_forms/deep_catalog/form_field_trigger_catalog.jsonl
GLSR003.fmx,GL,ONEX_GL_WINDOW_API,15,2,282,332,IAS_ACTV_PKG;IAS_ACTV_PKGIAS20142CHK_ACTV;IAS_GEN_PKG;IAS_GEN_PKGIAS20142GET_LOCAL_CUR;IAS_GEN_PKGIAS20142GET_PROMPTIAS;IAS_GET_ENC_PASS_FNC;IAS_GET_ENC_PASS_FNCIAS20142IAS_GET_ENC_PASS_FNC;IAS_USR_PKG;IAS_USR_PKGIAS20142GET_USR_NMIAS,PRINT,FMX_STRING_EVIDENCE,oracle_forms/deep_catalog/form_field_trigger_catalog.jsonl
GLSR00333.fmx,GL,ONEX_GL_WINDOW_API,15,2,236,324,IAS_ACTV_PKG;IAS_ACTV_PKGIAS20142CHK_ACTV;IAS_GEN_PKG;IAS_GEN_PKGIAS20142GET_LOCAL_CUR;IAS_GEN_PKGIAS20142GET_PROMPTIAS;IAS_GET_ENC_PASS_FNC;IAS_GET_ENC_PASS_FNCIAS20142IAS_GET_ENC_PASS_FNC;IAS_USR_PKG;IAS_USR_PKGIAS20142GET_USR_NMIAS,PRINT,FMX_STRING_EVIDENCE,oracle_forms/deep_catalog/form_field_trigger_catalog.jsonl
GLSR004.fmx,GL,ONEX_GL_WINDOW_API,19,2,324,385,IAS_ACTV_PKG;IAS_ACTV_PKGIAS20142CHK_ACTV;IAS_CHECK_SYS_PKG;IAS_CHECK_SYS_PKGIAS20142CHECK_BT_DATEIA;IAS_GEN_PKG;IAS_GEN_PKGIAS20142GET_FLD_VALUE;IAS_GEN_PKGIAS20142GET_FRST_DAYI;IAS_GEN_PKGIAS20142GET_PROMPTIAS;IAS_GEN_PKGIAS20142GET_SYSDATEIA;IAS_GET_ENC_PASS_FNC;IAS_GET_ENC_PASS_FNCIAS20142IAS_GET_ENC_PASS_FNC;IAS_USR_PKG;IAS_USR_PKGIAS20142GET_USR_NMIAS,PRINT,FMX_STRING_EVIDENCE,oracle_forms/deep_catalog/form_field_trigger_catalog.jsonl
GLSR005.fmx,GL,ONEX_GL_WINDOW_API,21,2,405,453,IAS_ACTV_PKG;IAS_ACTV_PKGIAS20142CHK_ACTV;IAS_CHECK_SYS_PKG;IAS_CHECK_SYS_PKGIAS20142CHECK_BT_DATEIA;IAS_DBS_SYS_PKG;IAS_DBS_SYS_PKGIAS20142CHECK_OBJECTI;IAS_GEN_PKG;IAS_GEN_PKGIAS20142GET_FLD_VALUE;IAS_GEN_PKGIAS20142GET_FRST_DAYI;IAS_GEN_PKGIAS20142GET_PROMPTIAS;IAS_GEN_PKGIAS20142GET_SYSDATEIA;IAS_GET_ENC_PASS_FNC;IAS_GET_ENC_PASS_FNCIAS20142IAS_GET_ENC_PASS_FNC;IAS_USR_PKG;IAS_USR_PKGIAS20142GET_USR_NMIAS,PRINT,FMX_STRING_EVIDENCE,oracle_forms/deep_catalog/form_field_trigger_catalog.jsonl
GLSR006.fmx,GL,ONEX_GL_WINDOW_API,23,2,367,480,IAS_ACTV_PKG;IAS_ACTV_PKGIAS20142CHK_ACTV;IAS_CHECK_SYS_PKG;IAS_CHECK_SYS_PKGIAS20142CHECK_BT_DATEIA;IAS_DBS_SYS_PKG;IAS_DBS_SYS_PKGIAS20142CHECK_OBJECTI;IAS_GEN_PKG;IAS_GEN_PKGIAS20142GET_FLD_VALUE;IAS_GEN_PKGIAS20142GET_FRST_DAYI;IAS_GEN_PKGIAS20142GET_PROMPTIAS;IAS_GEN_PKGIAS20142GET_SYSDATEIA;IAS_GET_ALL_FLD_TBL_FNC;IAS_GET_ENC_PASS_FNC;IAS_GET_ENC_PASS_FNCIAS20142IAS_GET_ENC_PASS_FNC;IAS_USR_PKG;IAS_USR_PKGIAS20142GET_USR_NMIAS,PRINT,FMX_STRING_EVIDENCE,oracle_forms/deep_catalog/form_field_trigger_catalog.jsonl
GLSR007.fmx,GL,ONEX_GL_WINDOW_API,23,2,366,473,IAS_ACTV_PKG;IAS_ACTV_PKGIAS20142CHK_ACTV;IAS_CHECK_SYS_PKG;IAS_CHECK_SYS_PKGIAS20142CHECK_BT_DATEIA;IAS_CHECK_SYS_PKGIAS20142CHECK_BT_VALUEI;IAS_DBS_SYS_PKG;IAS_DBS_SYS_PKGIAS20142CHECK_OBJECTI;IAS_GEN_PKG;IAS_GEN_PKGIAS20142GET_CNTIA;IAS_GEN_PKGIAS20142GET_FLD_VALUE;IAS_GEN_PKGIAS20142GET_FRST_DAYI;IAS_GEN_PKGIAS20142GET_PROMPTIAS;IAS_GEN_PKGIAS20142GET_SYSDATEIA;IAS_GET_ENC_PASS_FNC;IAS_GET_ENC_PASS_FNCIAS20142IAS_GET_ENC_PASS_FNC;IAS_USR_PKG;IAS_USR_PKGIAS20142GET_USR_NMIAS,PRINT,FMX_STRING_EVIDENCE,oracle_forms/deep_catalog/form_field_trigger_catalog.jsonl
GLSR008.fmx,GL,ONEX_GL_WINDOW_API,26,2,305,376,IAS_ACODE_PKG;IAS_ACODE_PKGIAS20142GET_A_NAMEI;IAS_CC_CODE_PKG;IAS_CC_CODE_PKGIAS20142GET_CC_NAMEIA;IAS_CHECK_SYS_PKG;IAS_CHECK_SYS_PKGIAS20142CHECK_BT_DATEIA;IAS_CHECK_SYS_PKGIAS20142CHECK_BT_VALUEI;IAS_CST_PKG;IAS_CST_PKGIAS20142GET_C_NAMEIAS;IAS_GEN_PKG;IAS_GEN_PKGIAS20142GET_FINAL_DAY;IAS_GEN_PKGIAS20142GET_FRST_DAYI;IAS_GEN_PKGIAS20142GET_PROMPTIAS;IAS_GEN_PKGIAS20142GET_SYSDATEIA;IAS_GET_ENC_PASS_FNC;IAS_GET_ENC_PASS_FNCIAS20142IAS_GET_ENC_PASS_FNC;IAS_USR_PKG;IAS_USR_PKGIAS20142GET_USR_NMIAS;IAS_VNDR_PKG;IAS_VNDR_PKGIAS20142GET_V_NAMEIA,PRINT,FMX_STRING_EVIDENCE,oracle_forms/deep_catalog/form_field_trigger_catalog.jsonl
GLSR009.fmx,GL,ONEX_GL_WINDOW_API,15,2,233,280,IAS_ACODE_PKG;IAS_ACODE_PKGIAS20142GET_A_NAMEI;IAS_GEN_PKG;IAS_GEN_PKGIAS20142GET_FRM_NMIAS;IAS_GEN_PKGIAS20142GET_PROMPTIAS;IAS_GET_ENC_PASS_FNC;IAS_GET_ENC_PASS_FNCIAS20142IAS_GET_ENC_PASS_FNC;IAS_USR_PKG;IAS_USR_PKGIAS20142GET_USR_NMIAS,PRINT,FMX_STRING_EVIDENCE,oracle_forms/deep_catalog/form_field_trigger_catalog.jsonl
GLSR010.fmx,GL,ONEX_GL_WINDOW_API,20,2,360,416,IAS_CHECK_SYS_PKG;IAS_CHECK_SYS_PKGIAS20142CHECK_BT_DATEIA;IAS_GEN_PKG;IAS_GEN_PKGIAS20142GET_FRM_NMIAS;IAS_GEN_PKGIAS20142GET_FRST_DAYI;IAS_GEN_PKGIAS20142GET_SYSDATEIA;IAS_GET_ENC_PASS_FNC;IAS_GET_ENC_PASS_FNCIAS20142IAS_GET_ENC_PASS_FNC;IAS_USR_PKG;IAS_USR_PKGIAS20142GET_USR_NMIAS;YS_GEN_PKG;YS_GEN_PKGIAS20142CHK_ACTV_SYSTEMYS_,PRINT,FMX_STRING_EVIDENCE,oracle_forms/deep_catalog/form_field_trigger_catalog.jsonl
GLSR011.fmx,GL,ONEX_GL_WINDOW_API,17,2,194,280,IAS_CHECK_SYS_PKG;IAS_CHECK_SYS_PKGIAS20142CHECK_BT_DATEIA;IAS_GEN_PKG;IAS_GEN_PKGIAS20142GET_LOCAL_CUR;IAS_GEN_PKGIAS20142GET_PROMPTIAS;IAS_GET_ENC_PASS_FNC;IAS_GET_ENC_PASS_FNCIAS20142IAS_GET_ENC_PASS_FNC;IAS_PJ_PKG;IAS_PJ_PKGIAS20142GET_PJ_NAMEIAS;IAS_USR_PKG;IAS_USR_PKGIAS20142GET_USR_NMIAS,PRINT,FMX_STRING_EVIDENCE,oracle_forms/deep_catalog/form_field_trigger_catalog.jsonl
GLSR012.fmx,GL,ONEX_GL_WINDOW_API,51,2,1017,1268,IAS_ACODE_PKG;IAS_ACODE_PKGIAS20142GET_A_NAMEI;IAS_ACTV_PKG;IAS_ACTV_PKGIAS20142CHK_ACTV;IAS_ACTV_PKGIAS20142GET_ACTV_NAMEIAS;IAS_CC_CODE_PKG;IAS_CC_CODE_PKGIAS20142GET_CC_NAMEIA;IAS_CHECK_SYS_PKG;IAS_CHECK_SYS_PKGIAS20142CHECK_BT_DATEIA;IAS_CHECK_SYS_PKGIAS20142CHECK_BT_VALUEI;IAS_CSHBNK_PKG;IAS_CSHBNK_PKGIAS20142GET_A_CODE;IAS_DBS_SYS_PKG;IAS_DBS_SYS_PKGIAS20142CHECK_OBJECTI;IAS_GEN_PKG;IAS_GEN_PKGIAS20142G;IAS_GEN_PKGIAS20142GET_CNTIA;IAS_GEN_PKGIAS20142GET_CUR_RATEI;IAS_GEN_PKGIAS20142GET_FINAL_DAY;IAS_GEN_PKGIAS20142GET_FLD_VALUE;IAS_GEN_PKGIAS20142GET_FLG_NMIAS;IAS_GEN_PKGIAS20142GET_FRST_DAYI;IAS_GEN_PKGIAS20142GET_LOCAL_CUR;IAS_GEN_PKGIAS20142GET_MSGIA;IAS_GEN_PKGIAS20142GET_PROMPTIAS;IAS_GEN_PKGIAS20142GET_SYSDATEIA;IAS_GET_ENC_PASS_FNC;IAS_GET_ENC_PASS_FNCIAS20142IAS_GET_ENC_PASS_FNC;IAS_GL_BAL_PKG;IAS_GL_BAL_PKGIAS20142FILL_BT_V;IAS_GL_BAL_PKGIAS20142FILL_BT_VALUEI;IAS_PJ_PKG;IAS_PJ_PKGIAS20142GET_PJ_NAMEIAS;IAS_USR_PKG;IAS_USR_PKGIAS20142GET_USR_NMIAS;YS_AC_DTL_PKG;YS_AC_DTL_PKGIAS20142GET_AC_DTL_NMYS;YS_GEN_PKG;YS_GEN_PKGIAS20142CHK_ACTV_SYSTEMYS_;YS_GEN_PKGIAS20142CHK_INACTV_SYSTEMY,PRINT,FMX_STRING_EVIDENCE,oracle_forms/deep_catalog/form_field_trigger_catalog.jsonl
GLSR012_Under_test.fmx,GL,ONEX_GL_WINDOW_API,50,2,1019,1262,IAS_ACODE_PKG;IAS_ACODE_PKGIAS20142GET_A_NAMEI;IAS_ACTV_PKG;IAS_ACTV_PKGIAS20142CHK_ACTV;IAS_ACTV_PKGIAS20142GET_ACTV_NAMEIAS;IAS_CC_CODE_PKG;IAS_CC_CODE_PKGIAS20142GET_CC_NAMEIA;IAS_CHECK_SYS_PKG;IAS_CHECK_SYS_PKGIAS20142CHECK_BT_DATEIA;IAS_CHECK_SYS_PKGIAS20142CHECK_BT_VALUEI;IAS_CSHBNK_PKG;IAS_CSHBNK_PKGIAS20142GET_A_CODE;IAS_DBS_SYS_PKG;IAS_DBS_SYS_PKGIAS20142CHECK_OBJECTI;IAS_GEN_PKG;IAS_GEN_PKGIAS20142GET_CNTIA;IAS_GEN_PKGIAS20142GET_CUR_RATEI;IAS_GEN_PKGIAS20142GET_FINAL_DAY;IAS_GEN_PKGIAS20142GET_FLD_VALUE;IAS_GEN_PKGIAS20142GET_FLG_NMIAS;IAS_GEN_PKGIAS20142GET_FRST_DAYI;IAS_GEN_PKGIAS20142GET_LOCAL_CUR;IAS_GEN_PKGIAS20142GET_MSGIA;IAS_GEN_PKGIAS20142GET_PROMPTIAS;IAS_GEN_PKGIAS20142GET_SYSDATEIA;IAS_GET_ENC_PASS_FNC;IAS_GET_ENC_PASS_FNCIAS20142IAS_GET_ENC_PASS_FNC;IAS_GL_BAL_PKG;IAS_GL_BAL_PKGIAS20142FILL_BT_V;IAS_GL_BAL_PKGIAS20142FILL_BT_VALUEI;IAS_PJ_PKG;IAS_PJ_PKGIAS20142GET_PJ_NAMEIAS;IAS_USR_PKG;IAS_USR_PKGIAS20142GET_USR_NMIAS;YS_AC_DTL_PKG;YS_AC_DTL_PKGIAS20142GET_AC_DTL_NMYS;YS_GEN_PKG;YS_GEN_PKGIAS20142CHK_ACTV_SYSTEMYS_;YS_GEN_PKGIAS20142CHK_INACTV_SYSTEMY;YS_GEN_PKGIAS20142GET_FLG_NM,PRINT,FMX_STRING_EVIDENCE,oracle_forms/deep_catalog/form_field_trigger_catalog.jsonl
GLSR012_adb.fmx,GL,ONEX_GL_WINDOW_API,51,2,1060,1259,IAS_ACODE_PKG;IAS_ACODE_PKGIAS20142GET_A_NAMEI;IAS_ACTV_PKG;IAS_ACTV_PKGIAS20142CHK_ACTV;IAS_ACTV_PKGIAS20142GET_ACTV_NAMEIAS;IAS_CC_CODE_PKG;IAS_CC_CODE_PKGIAS20142GET_CC_NAMEIA;IAS_CHECK_SYS_PKG;IAS_CHECK_SYS_PKGIAS20142CHECK_BT_DATEIA;IAS_CHECK_SYS_PKGIAS20142CHECK_BT_VALUEI;IAS_CSHBNK_PKG;IAS_CSHBNK_PKGIAS20142GET_A_CODE;IAS_DBS_SYS_PKG;IAS_DBS_SYS_PKGIAS20142CHECK_OBJECTI;IAS_GEN_PKG;IAS_GEN_PKGIAS20142GET_CNTIA;IAS_GEN_PKGIAS20142GET_CUR_RATEI;IAS_GEN_PKGIAS20142GET_FINAL_DAY;IAS_GEN_PKGIAS20142GET_FLD_VALUE;IAS_GEN_PKGIAS20142GET_FLG_NMIAS;IAS_GEN_PKGIAS20142GET_FRST_DAYI;IAS_GEN_PKGIAS20142GET_LOCAL_CUR;IAS_GEN_PKGIAS20142GET_MSGIA;IAS_GEN_PKGIAS20142GET_P;IAS_GEN_PKGIAS20142GET_PROMPTIAS;IAS_GEN_PKGIAS20142GET_SYSDATEIA;IAS_GET_ENC_PASS_FNC;IAS_GET_ENC_PASS_FNCIAS20142IAS_GET_ENC_PASS_FNC;IAS_GL_BAL_PKG;IAS_GL_BAL_PKGIAS20142FILL_BT_V;IAS_GL_BAL_PKGIAS20142FILL_BT_VALUEI;IAS_PJ_PKG;IAS_PJ_PKGIAS20142GET_PJ_NAMEIAS;IAS_USR_PKG;IAS_USR_PKGIAS20142GET_USR_NMIAS;YS_AC_DTL_PKG;YS_AC_DTL_PKGIAS20142GET_AC_DTL_NMYS;YS_GEN_PKG;YS_GEN_PKGIAS20142CHK_ACTV_SYSTEMYS_;YS_GEN_PKGIAS20142CHK_INACTV_SYSTEMY,PRINT,FMX_STRING_EVIDENCE,oracle_forms/deep_catalog/form_field_trigger_catalog.jsonl
GLSR012new.fmx,GL,ONEX_GL_WINDOW_API,50,2,1016,1252,IAS_ACODE_PKG;IAS_ACODE_PKGIAS20142GET_A_NAMEI;IAS_ACTV_PKG;IAS_ACTV_PKGIAS20142CHK_ACTV;IAS_ACTV_PKGIAS20142GET_ACTV_NAMEIAS;IAS_CC_CODE_PKG;IAS_CC_CODE_PKGIAS20142GET_CC_NAMEIA;IAS_CHECK_SYS_PKG;IAS_CHECK_SYS_PKGIAS20142CHECK_BT_DATEIA;IAS_CHECK_SYS_PKGIAS20142CHECK_BT_VALUEI;IAS_CSHBNK_PKG;IAS_CSHBNK_PKGIAS20142GET_A_CODE;IAS_DBS_SYS_PKG;IAS_DBS_SYS_PKGIAS20142CHECK_OBJECTI;IAS_GEN_PKG;IAS_GEN_PKGIAS20142GET_CNTIA;IAS_GEN_PKGIAS20142GET_CUR_RATEI;IAS_GEN_PKGIAS20142GET_FINAL_DAY;IAS_GEN_PKGIAS20142GET_FLD_VALUE;IAS_GEN_PKGIAS20142GET_FLG_NMIAS;IAS_GEN_PKGIAS20142GET_FRST_DAYI;IAS_GEN_PKGIAS20142GET_LOCAL_CUR;IAS_GEN_PKGIAS20142GET_MSGIA;IAS_GEN_PKGIAS20142GET_PROMPTIAS;IAS_GEN_PKGIAS20142GET_SYSDATEIA;IAS_GET_ENC_PASS_FNC;IAS_GET_ENC_PASS_FNCIAS20142IAS_GET_ENC_PASS_FNC;IAS_GL_BAL_PKG;IAS_GL_BAL_PKGIAS20142FILL_BT_V;IAS_GL_BAL_PKGIAS20142FILL_BT_VALUEI;IAS_PJ_PKG;IAS_PJ_PKGIAS20142GET_PJ_NAMEIAS;IAS_USR_PKG;IAS_USR_PKGIAS20142GET_USR_NMIAS;YS_AC_DTL_PKG;YS_AC_DTL_PKGIAS20142GET_AC_DTL_NMYS;YS_GEN_PKG;YS_GEN_PKGIAS20142CHK_ACTV_SYSTEMYS_;YS_GEN_PKGIAS20142CHK_INACTV_SYSTEMY;YS_GEN_PKGIAS20142GET_FLG_NM,PRINT,FMX_STRING_EVIDENCE,oracle_forms/deep_catalog/form_field_trigger_catalog.jsonl
GLSR013.fmx,GL,ONEX_GL_WINDOW_API,31,2,427,542,IAS_ACODE_PKG;IAS_ACODE_PKGIAS20142GET_A_NAMEI;IAS_ACODE_PKGIAS20142GET_A_S_MIA;IAS_CC_CODE_PKG;IAS_CC_CODE_PKGIAS20142GET_CC_NAMEIA;IAS_CC_CODE_PKGIAS20142GET_C_S_M;IAS_CHECK_SYS_PKG;IAS_CHECK_SYS_PKGIAS20142CHECK_BT_DATEIA;IAS_CHECK_SYS_PKGIAS20142CHECK_BT_VALUEI;IAS_GEN_PKG;IAS_GEN_PKGIAS20142GET_CNTIA;IAS_GEN_PKGIAS20142GET_FINAL_DAY;IAS_GEN_PKGIAS20142GET_FLD_VALUE;IAS_GEN_PKGIAS20142GET_FLG_NMIAS;IAS_GEN_PKGIAS20142GET_FRST_DAYI;IAS_GEN_PKGIAS20142GET_MSGIA;IAS_GEN_PKGIAS20142GET_PROMPTIAS;IAS_GEN_PKGIAS20142GET_SYSDATEIA;IAS_GET_ENC_PASS_FNC;IAS_GET_ENC_PASS_FNCIAS20142IAS_GET_ENC_PASS_FNC;IAS_PJ_PKG;IAS_PJ_PKGIAS20142GET_PJ_NAMEIAS;IAS_PJ_PKGIAS20142GET_PJ_S_M;IAS_USR_PKG;IAS_USR_PKGIAS20142GET_USR_NMIAS,PRINT,FMX_STRING_EVIDENCE,oracle_forms/deep_catalog/form_field_trigger_catalog.jsonl
GLSR016.fmx,GL,ONEX_GL_WINDOW_API,24,2,393,444,IAS_ACODE_PKG;IAS_ACODE_PKGIAS20142GET_A_NAMEI;IAS_ACTV_PKG;IAS_ACTV_PKGIAS20142CHK_ACTV;IAS_CHECK_SYS_PKG;IAS_CHECK_SYS_PKGIAS20142CHECK_BT_DATEIA;IAS_GEN_PKG;IAS_GEN_PKGIAS20142GET_CNTIA;IAS_GEN_PKGIAS20142GET_FINAL_DAY;IAS_GEN_PKGIAS20142GET_FLG_NMIAS;IAS_GEN_PKGIAS20142GET_FRST_DAYI;IAS_GEN_PKGIAS20142GET_LOCAL_CUR;IAS_GEN_PKGIAS20142GET_PROMPTIAS;IAS_GEN_PKGIAS20142GET_SYSDATEIA;IAS_GET_ENC_PASS_FNC;IAS_GET_ENC_PASS_FNCIAS20142IAS_GET_ENC_PASS_FNC;IAS_USR_PKG;IAS_USR_PKGIAS20142GET_USR_NMIAS,PRINT,FMX_STRING_EVIDENCE,oracle_forms/deep_catalog/form_field_trigger_catalog.jsonl
GLSR018.fmx,GL,ONEX_GL_WINDOW_API,23,4,268,351,IAS_ANLS_PKG;IAS_ANLS_PKGIAS20142GET_VALUE_ANLS_FNCIA;IAS_GEN_PKG;IAS_GEN_PKGIAS20142GET_PROMPTIAS;IAS_GET_ENC_PASS_FNC;IAS_GET_ENC_PASS_FNCIAS20142IAS_GET_ENC_PASS_FNC;IAS_INDCTR_PKG;IAS_USR_PKG;IAS_USR_PKGIAS20142GET_USR_NMIAS;IAS_WEB_PKG;IAS_WEB_PKGIAS20142GET_INDCTR_GENIAS;YS_GEN_PKG;YS_GEN_PKGIAS20142GET_PROMPT,PRINT,FMX_STRING_EVIDENCE,oracle_forms/deep_catalog/form_field_trigger_catalog.jsonl
GLSR023.fmx,GL,ONEX_GL_WINDOW_API,25,2,359,397,IAS_CHECK_SYS_PKG;IAS_CHECK_SYS_PKGIAS20142CHECK_BT_DATEIA;IAS_CHECK_SYS_PKGIAS20142CHECK_BT_VALUEI;IAS_DBS_SYS_PKG;IAS_DBS_SYS_PKGIAS20142ALTR_DBSI;IAS_DBS_SYS_PKGIAS20142CHECK_OBJECTI;IAS_GEN_PKG;IAS_GEN_PKGIAS20142GET_FRST_DAYI;IAS_GEN_PKGIAS20142GET_PROMPTIAS;IAS_GEN_PKGIAS20142GET_SYSDATEIA;IAS_GET_ENC_PASS_FNC;IAS_GET_ENC_PASS_FNCIAS20142IAS_GET_ENC_PASS_FNC;IAS_USR_PKG;IAS_USR_PKGIAS20142GET_USR_NMIAS,PRINT,FMX_STRING_EVIDENCE,oracle_forms/deep_catalog/form_field_trigger_catalog.jsonl
GLSR024.fmx,GL,ONEX_GL_WINDOW_API,19,2,155,267,IAS_ACODE_PKG;IAS_ACODE_PKGIAS20142GET_A_NAMEI;IAS_CHECK_SYS_PKG;IAS_CHECK_SYS_PKGIAS20142CHECK_BT_DATEIA;IAS_GEN_PKG;IAS_GEN_PKGIAS20142GET_FRST_DAYI;IAS_GEN_PKGIAS20142GET_LOCAL_CUR;IAS_GEN_PKGIAS20142GET_PROMPTIAS;IAS_GEN_PKGIAS20142GET_SYSDATEIA;IAS_GET_ENC_PASS_FNC;IAS_GET_ENC_PASS_FNCIAS20142IAS_GET_ENC_PASS_FNC;IAS_USR_PKG;IAS_USR_PKGIAS20142GET_USR_NMIAS,PRINT,FMX_STRING_EVIDENCE,oracle_forms/deep_catalog/form_field_trigger_catalog.jsonl
GLSR028.fmx,GL,ONEX_GL_WINDOW_API,12,2,208,260,IAS_GEN_PKG;IAS_GEN_PKGIAS20142GET_PROMPTIAS;IAS_GET_ENC_PASS_FNC;IAS_GET_ENC_PASS_FNCIAS20142IAS_GET_ENC_PASS_FNC;IAS_USR_PKG;IAS_USR_PKGIAS20142GET_USR_NMIAS,PRINT,FMX_STRING_EVIDENCE,oracle_forms/deep_catalog/form_field_trigger_catalog.jsonl
GLSR029.fmx,GL,ONEX_GL_WINDOW_API,22,2,258,326,IAS_CHECK_SYS_PKG;IAS_CHECK_SYS_PKGIAS20142CHECK_BT_VALUEI;IAS_GEN_PKG;IAS_GEN_PKGIAS20142GET_FRM_NMIAS;IAS_GEN_PKGIAS20142GET_FRST_DAYI;IAS_GEN_PKGIAS20142GET_PROMPTIAS;IAS_GEN_PKGIAS20142GET_SYSDATEIA;IAS_GET_ENC_PASS_FNC;IAS_GET_ENC_PASS_FNCIAS20142IAS_GET_ENC_PASS_FNC;IAS_USR_PKG;IAS_USR_PKGIAS20142GET_USR_NMIAS,PRINT,FMX_STRING_EVIDENCE,oracle_forms/deep_catalog/form_field_trigger_catalog.jsonl
GLSR030.fmx,GL,ONEX_GL_WINDOW_API,16,2,174,267,IAS_CHECK_SYS_PKG;IAS_CHECK_SYS_PKGIAS20142CHECK_BT_VALUEI;IAS_GEN_PKG;IAS_GEN_PKGIAS20142GET_FRM_NMIAS;IAS_GEN_PKGIAS20142GET_FRST_DAYI;IAS_GEN_PKGIAS20142GET_SYSDATEIA;IAS_GET_ENC_PASS_FNC;IAS_GET_ENC_PASS_FNCIAS20142IAS_GET_ENC_PASS_FNC;IAS_USR_PKG;IAS_USR_PKGIAS20142GET_USR_NMIAS,PRINT,FMX_STRING_EVIDENCE,oracle_forms/deep_catalog/form_field_trigger_catalog.jsonl
GLSR033.fmx,GL,ONEX_GL_WINDOW_API,23,2,342,403,IAS_ACTV_PKG;IAS_ACTV_PKGIAS20142CHK_ACTV;IAS_DBS_SYS_PKG;IAS_DBS_SYS_PKGIAS20142CHECK_OBJECTI;IAS_GEN_PKG;IAS_GEN_PKGIAS20142GET_CNTIA;IAS_GEN_PKGIAS20142GET_FINAL_DAY;IAS_GEN_PKGIAS20142GET_FRST_DAYI;IAS_GEN_PKGIAS20142GET_PROMPTIAS;IAS_GEN_PKGIAS20142GET_SYSDATEIA;IAS_GET_ENC_PASS_FNC;IAS_GET_ENC_PASS_FNCIAS20142IAS_GET_ENC_PASS_FNC;IAS_USR_PKG;IAS_USR_PKGIAS20142GET_USR_NMIAS,CREATE/SAVE;PRINT,FMX_STRING_EVIDENCE,oracle_forms/deep_catalog/form_field_trigger_catalog.jsonl
GLSR043.fmx,GL,ONEX_GL_WINDOW_API,21,2,297,362,IAS_DBS_SYS_PKG;IAS_DBS_SYS_PKGIAS20142CHECK_OBJECTI;IAS_GEN_PKG;IAS_GEN_PKGIAS20142GET_CNTIA;IAS_GEN_PKGIAS20142GET_FINAL_DAY;IAS_GEN_PKGIAS20142GET_FRST_DAYI;IAS_GEN_PKGIAS20142GET_PROMPTIAS;IAS_GEN_PKGIAS20142GET_SYSDATEIA;IAS_GET_ENC_PASS_FNC;IAS_GET_ENC_PASS_FNCIAS20142IAS_GET_ENC_PASS_FNC;IAS_USR_PKG;IAS_USR_PKGIAS20142GET_USR_NMIAS,CREATE/SAVE;PRINT,FMX_STRING_EVIDENCE,oracle_forms/deep_catalog/form_field_trigger_catalog.jsonl
GLSS001.fmx,GL,ONEX_GL_WINDOW_API,37,8,254,516,IAS_DBS_SYS_PKG;IAS_DBS_SYS_PKGIAS20142GET_CONS_NAME;IAS_GEN_PKG;IAS_GEN_PKGIAS20142GET_CNTIA;IAS_GEN_PKGIAS20142GET_FLD_VALUE;IAS_GEN_PKGIAS20142GET_PROMPTIAS;IAS_GET_ENC_PASS_FNC;IAS_GET_ENC_PASS_FNCIAS20142IAS_GET_ENC_PASS_FNC;IAS_USR_PKG;IAS_USR_PKGIAS20142CHK_USR_FRM_PRVIA;IAS_USR_PKGIAS20142GET_USR_NMIAS;YS_GEN_PKG;YS_GEN_PKGIAS20142CHK_ACTV_SYSTEMYS_;YS_GEN_PKGIAS20142CHK_LOCK_RCRDY;YS_GEN_PKGIAS20142GET_USR_FLD_PRVYS_;YS_SRL_SCR_PKG;YS_SRL_SCR_PKGIAS20142GET_SYS_SQ,CREATE/SAVE;UPDATE;DELETE/VOID;POST;PRINT,FMX_STRING_EVIDENCE,oracle_forms/deep_catalog/form_field_trigger_catalog.jsonl
GLSS002.fmx,GL,ONEX_GL_WINDOW_API,37,8,256,384,IAS_GEN_PKG;IAS_GEN_PKGIAS20142GET_CNTIA;IAS_GEN_PKGIAS20142GET_FLD_VALUE;IAS_GEN_PKGIAS20142GET_USR_NMIAS;IAS_GET_ENC_PASS_FNC;IAS_GET_ENC_PASS_FNCIAS20142IAS_GET_ENC_PASS_FNC;IAS_PRIVILEGE_PKG;IAS_PRIVILEGE_PKGIAS20142INSRT_USR_PRV_PRCIA;IAS_USR_PKG;IAS_USR_PKGIAS20142CHK_USR_BRN_PRVIA;IAS_USR_PKGIAS20142CHK_USR_FRM_PRVIA;IAS_USR_PKGIAS20142GET_USR_APPRV;IAS_USR_PKGIAS20142GET_USR_NMIAS;YS_GEN_PKG;YS_GEN_PKGIAS20142GET_USR_FLD_PRVYS_,CREATE/SAVE;UPDATE;DELETE/VOID;POST;PRINT,FMX_STRING_EVIDENCE,oracle_forms/deep_catalog/form_field_trigger_catalog.jsonl
GLSS004.fmx,GL,ONEX_GL_WINDOW_API,32,8,268,427,IAS_GEN_PKG;IAS_GEN_PKGIAS20142GET_CNTIA;IAS_GEN_PKGIAS20142GET_FLD_VALUE;IAS_GEN_PKGIAS20142GET_PROMPTIAS;IAS_GET_ENC_PASS_FNC;IAS_GET_ENC_PASS_FNCIAS20142IAS_GET_ENC_PASS_FNC;IAS_USR_PKG;IAS_USR_PKGIAS20142CHK_USR_FRM_PRVIA;IAS_USR_PKGIAS20142GET_USR_APPRV;IAS_USR_PKGIAS20142GET_USR_NMIAS;YS_GEN_PKG;YS_GEN_PKGIAS20142GET_USR_FLD_PRVYS_,CREATE/SAVE;UPDATE;DELETE/VOID;POST;PRINT,FMX_STRING_EVIDENCE,oracle_forms/deep_catalog/form_field_trigger_catalog.jsonl
GLSS007.fmx,GL,ONEX_GL_WINDOW_API,34,8,166,370,IAS_GEN_PKG;IAS_GEN_PKGIAS20142GET_CNTIA;IAS_GEN_PKGIAS20142GET_FLD_VALUE;IAS_GEN_PKGIAS20142GET_PROMPTIAS;IAS_GET_ENC_PASS_FNC;IAS_GET_ENC_PASS_FNCIAS20142IAS_GET_ENC_PASS_FNC;IAS_USR_PKG;IAS_USR_PKGIAS20142CHK_USR_FRM_PRVIA;IAS_USR_PKGIAS20142GET_USR_APPRV;IAS_USR_PKGIAS20142GET_USR_NMIAS;YS_GEN_PKG;YS_GEN_PKGIAS20142GET_USR_FLD_PRVYS_,CREATE/SAVE;UPDATE;DELETE/VOID;POST;PRINT,FMX_STRING_EVIDENCE,oracle_forms/deep_catalog/form_field_trigger_catalog.jsonl
GLSS009.fmx,GL,ONEX_GL_WINDOW_API,35,8,253,369,IAS_GEN_PKG;IAS_GEN_PKGIAS20142GET_CNTIA;IAS_GEN_PKGIAS20142GET_PROMPTIAS;IAS_GEN_PKGIAS20142GET_USR_NMIAS;IAS_GET_ENC_PASS_FNC;IAS_GET_ENC_PASS_FNCIAS20142IAS_GET_ENC_PASS_FNC;IAS_PRIVILEGE_PKG;IAS_PRIVILEGE_PKGIAS20142INSRT_USR_PRV_PRCIA;IAS_USR_PKG;IAS_USR_PKGIAS20142CHK_USR_BRN_PRVIA;IAS_USR_PKGIAS20142CHK_USR_FRM_PRVIA;IAS_USR_PKGIAS20142GET_USR_APPRV;IAS_USR_PKGIAS20142GET_USR_NMIAS;YS_GEN_PKG;YS_GEN_PKGIAS20142GET_USR_FLD_PRVYS_,CREATE/SAVE;UPDATE;DELETE/VOID;POST;PRINT,FMX_STRING_EVIDENCE,oracle_forms/deep_catalog/form_field_trigger_catalog.jsonl
GLSS011.fmx,GL,ONEX_GL_WINDOW_API,36,8,266,367,IAS_GEN_PKG;IAS_GEN_PKGIAS20142GET_CNTIA;IAS_GEN_PKGIAS20142GET_USR_NMIAS;IAS_GET_ENC_PASS_FNC;IAS_GET_ENC_PASS_FNCIAS20142IAS_GET_ENC_PASS_FNC;IAS_PRIVILEGE_PKG;IAS_PRIVILEGE_PKGIAS20142INSRT_USR_PRV_PRCIA;IAS_USR_PKG;IAS_USR_PKGIAS20142CHK_USR_BRN_PRVIA;IAS_USR_PKGIAS20142CHK_USR_FRM_PRVIA;IAS_USR_PKGIAS20142GET_USR_APPRV;IAS_USR_PKGIAS20142GET_USR_NMIAS;YS_GEN_PKG;YS_GEN_PKGIAS20142GET_USR_FLD_PRVYS_,CREATE/SAVE;UPDATE;DELETE/VOID;POST;PRINT,FMX_STRING_EVIDENCE,oracle_forms/deep_catalog/form_field_trigger_catalog.jsonl
GLSS012.fmx,GL,ONEX_GL_WINDOW_API,35,8,187,525,IAS_GEN_PKG;IAS_GEN_PKGIAS20142GET_CNTIA;IAS_GET_ENC_PASS_FNC;IAS_GET_ENC_PASS_FNCIAS20142IAS_GET_ENC_PASS_FNC;IAS_USR_PKG;IAS_USR_PKGIAS20142CHK_USR_FRM_PRVIA;IAS_USR_PKGIAS20142GET_USR_APPRV;IAS_USR_PKGIAS20142GET_USR_NMIAS;YS_AC_DTL_PKG;YS_AC_DTL_PKGIAS20142GET_AC_DTL_NMYS;YS_GEN_PKG;YS_GEN_PKGIAS20142CHK_LOCK_RCRDY;YS_GEN_PKGIAS20142GET_USR_FLD_PRVYS_,CREATE/SAVE;UPDATE;DELETE/VOID;POST;PRINT,FMX_STRING_EVIDENCE,oracle_forms/deep_catalog/form_field_trigger_catalog.jsonl
GLSS014.fmx,GL,ONEX_GL_WINDOW_API,30,8,221,359,IAS_GET_ENC_PASS_FNC;IAS_GET_ENC_PASS_FNCIAS20142IAS_GET_ENC_PASS_FNC;IAS_USR_PKG;IAS_USR_PKGIAS20142CHK_USR_FRM_PRVIA;IAS_USR_PKGIAS20142GET_USR_APPRV;IAS_USR_PKGIAS20142GET_USR_NMIAS;YS_GEN_PKG;YS_GEN_PKGIAS20142GET_USR_FLD_PRVYS_,CREATE/SAVE;UPDATE;DELETE/VOID;POST;PRINT,FMX_STRING_EVIDENCE,oracle_forms/deep_catalog/form_field_trigger_catalog.jsonl
GLSS016.fmx,GL,ONEX_GL_WINDOW_API,35,8,229,350,IAS_GEN_PKG;IAS_GEN_PKGIAS20142GET_CNTIA;IAS_GEN_PKGIAS20142GET_FLD_VALUE;IAS_GET_ENC_PASS_FNC;IAS_GET_ENC_PASS_FNCIAS20142IAS_GET_ENC_PASS_FNC;IAS_USR_PKG;IAS_USR_PKGIAS20142CHK_USR_FRM_PRVIA;IAS_USR_PKGIAS20142GET_USR_APPRV;IAS_USR_PKGIAS20142GET_USR_NMIAS;YS_GEN_PKG;YS_GEN_PKGIAS20142GET_USR_FLD_PRVYS_;YS_SRL_SCR_PKG;YS_SRL_SCR_PKGIAS20142GET_SYS_SQ,CREATE/SAVE;UPDATE;DELETE/VOID;POST;PRINT,FMX_STRING_EVIDENCE,oracle_forms/deep_catalog/form_field_trigger_catalog.jsonl
GLSS017.fmx,GL,ONEX_GL_WINDOW_API,33,8,217,355,IAS_GEN_PKG;IAS_GEN_PKGIAS20142GET_FLD_VALUE;IAS_GEN_PKGIAS20142GET_PROMPTIAS;IAS_GET_ENC_PASS_FNC;IAS_GET_ENC_PASS_FNCIAS20142IAS_GET_ENC_PASS_FNC;IAS_USR_PKG;IAS_USR_PKGIAS20142CHK_USR_FRM_PRVIA;IAS_USR_PKGIAS20142GET_USR_APPRV;IAS_USR_PKGIAS20142GET_USR_NMIAS;YS_GEN_PKG;YS_GEN_PKGIAS20142GET_USR_FLD_PRVYS_,CREATE/SAVE;UPDATE;DELETE/VOID;POST;PRINT,FMX_STRING_EVIDENCE,oracle_forms/deep_catalog/form_field_trigger_catalog.jsonl
GLSS018.fmx,GL,ONEX_GL_WINDOW_API,33,8,199,355,IAS_GEN_PKG;IAS_GEN_PKGIAS20142GET_FLD_VALUE;IAS_GEN_PKGIAS20142GET_PROMPTIAS;IAS_GET_ENC_PASS_FNC;IAS_GET_ENC_PASS_FNCIAS20142IAS_GET_ENC_PASS_FNC;IAS_USR_PKG;IAS_USR_PKGIAS20142CHK_USR_FRM_PRVIA;IAS_USR_PKGIAS20142GET_USR_APPRV;IAS_USR_PKGIAS20142GET_USR_NMIAS;YS_GEN_PKG;YS_GEN_PKGIAS20142GET_USR_FLD_PRVYS_,CREATE/SAVE;UPDATE;DELETE/VOID;POST;PRINT,FMX_STRING_EVIDENCE,oracle_forms/deep_catalog/form_field_trigger_catalog.jsonl
GLST001.fmx,GL,ONEX_GL_WINDOW_API,160,9,1456,2116,IAS_ACODE_PKG;IAS_ACODE_PKGIAS20142CHECK_ACYIA;IAS_ACODE_PKGIAS20142CHK_AC_CODE;IAS_ACODE_PKGIAS20142GET_AC_TYPE;IAS_ACODE_PKGIAS20142GET_A_NAMEI;IAS_ACODE_PKGIAS20142GET_CNT_ACY;IAS_ACODE_PKGIAS20142GET_ONE_ACY_ACI;IAS_ACTV_PKG;IAS_ACTV_PKGIAS20142CHK_ACTV;IAS_ACTV_PKGIAS20142CHK_PRIV_ACTVIAS;IAS_ACTV_PKGIAS20142GET_ACTV_NAMEIAS;IAS_AUDIT_PKG;IAS_AUDIT_PKGIAS20142AUDIT_PRCIA;IAS_AUD_SYS_PKG;IAS_AUD_SYS_PKGIAS20142ADD_DOC_DELIA;IAS_BRN_PKG;IAS_BRN_PKGIAS20142GET_CST_BRN_CONNI;IAS_BRN_PKGIAS20142GET_VND_BRN_CONNI;IAS_CC_CODE_PKG;IAS_CC_CODE_PKGIAS20142CHECK_CC_PJIA;IAS_CC_CODE_PKGIAS20142CHECK_USE_PJI;IAS_CC_CODE_PKGIAS20142GET_CC_NAMEIA;IAS_CC_CODE_PKGIAS20142GET_ONE_CC_PJ;IAS_CHECK_LIGHT_TRANS_FNC;IAS_CHECK_SYS_PKG;IAS_CHECK_SYS_PKGIAS20142CHECK_AC_ACY_INCTVI;IAS_CHECK_SYS_PKGIAS20142CHECK_AC_CC;IAS_CHECK_SYS_PKGIAS20142CHECK_AC_LC;IAS_CHECK_SYS_PKGIAS20142CHECK_AC_PJ;IAS_CHECK_SYS_PKGIAS20142CHECK_BT_VALUEI;IAS_CHECK_SYS_PKGIAS20142CHECK_CUR_RATEI;IAS_CHECK_SYS_PKGIAS20142CHECK_USE_CCIAS;IAS_CHECK_SYS_PKGIAS20142CHECK_USE_PJIAS;IAS_CHK_BRN_UP_DEL_FNC;IAS_CHK_BRN_UP_DEL_FNCIAS20142IAS_CHK_BRN_UP_DEL_FNC;IAS_CHK_LGHT_BRN_FNC;IAS_CHK_LGHT_BRN_FNCIAS20142IAS_CHK_LGHT_BRN_FNC;IAS_CSHBNK_PKG;IAS_CSHBNK_PKGIAS20142CHECK_ACYI;IAS_CSHBNK_PKGIAS20142CHECK_MEDIATOR_BNK,CREATE/SAVE;UPDATE;DELETE/VOID;POST;PRINT,FMX_STRING_EVIDENCE,oracle_forms/deep_catalog/form_field_trigger_catalog.jsonl
GLST00111.fmx,GL,ONEX_GL_WINDOW_API,143,8,1260,1771,IAS_ACODE_PKG;IAS_ACODE_PKGIAS20142CHECK_ACYIA;IAS_ACODE_PKGIAS20142CHK_AC_CODE;IAS_ACODE_PKGIAS20142GET_AC_TYPE;IAS_ACODE_PKGIAS20142GET_A_NAMEI;IAS_ACODE_PKGIAS20142GET_CNT_ACY;IAS_ACODE_PKGIAS20142GET_ONE_ACY_ACI;IAS_ACTV_PKG;IAS_ACTV_PKGIAS20142CHK_ACTV;IAS_ACTV_PKGIAS20142CHK_PRIV_ACTVIAS;IAS_ACTV_PKGIAS20142GET_ACTV_NAMEIAS;IAS_AUDIT_PKG;IAS_AUDIT_PKGIAS20142AUDIT_PRCIA;IAS_AUD_SYS_PKG;IAS_AUD_SYS_PKGIAS20142ADD_DOC_DELIA;IAS_BRN_PKG;IAS_BRN_PKGIAS20142GET_CST_BRN_CONNI;IAS_BRN_PKGIAS20142GET_VND_BRN_CONNI;IAS_CC_CODE_PKG;IAS_CC_CODE_PKGIAS20142CHECK_CC_PJIA;IAS_CC_CODE_PKGIAS20142CHECK_USE_PJI;IAS_CC_CODE_PKGIAS20142GET_CC_NAMEIA;IAS_CC_CODE_PKGIAS20142GET_ONE_CC_PJ;IAS_CHECK_LIGHT_TRANS_FNC;IAS_CHECK_SYS_PKG;IAS_CHECK_SYS_PKGIAS20142CHECK_AC_ACY_INCTVI;IAS_CHECK_SYS_PKGIAS20142CHECK_AC_CC;IAS_CHECK_SYS_PKGIAS20142CHECK_AC_LC;IAS_CHECK_SYS_PKGIAS20142CHECK_BT_VALUEI;IAS_CHECK_SYS_PKGIAS20142CHECK_CUR_RATEI;IAS_CHK_BRN_UP_DEL_FNC;IAS_CHK_BRN_UP_DEL_FNCIAS20142IAS_CHK_BRN_UP_DEL_FNC;IAS_CSHBNK_PKG;IAS_CSHBNK_PKGIAS20142CHECK_ACYI;IAS_CSHBNK_PKGIAS20142CHECK_MEDIATOR_BNK;IAS_CSHBNK_PKGIAS20142CHK_AC_CSH_BNK;IAS_CSHBNK_PKGIAS20142CHK_CB_BRN;IAS_CSHBNK_PKGIAS20142GET_CB_NOI;IAS_CSHBNK_PKGIAS20142GET_CSHBNK_LMT;IAS_CST_PKG,CREATE/SAVE;UPDATE;DELETE/VOID;POST;PRINT,FMX_STRING_EVIDENCE,oracle_forms/deep_catalog/form_field_trigger_catalog.jsonl
GLST002.fmx,GL,ONEX_GL_WINDOW_API,156,8,1588,1991,IAS_ACODE_PKG;IAS_ACODE_PKGIAS20142CHECK_ACYIA;IAS_ACODE_PKGIAS20142CHK_AC_CODE;IAS_ACODE_PKGIAS20142GET_AC_TYPE;IAS_ACODE_PKGIAS20142GET_A_NAMEI;IAS_ACODE_PKGIAS20142GET_CNT_ACY;IAS_ACODE_PKGIAS20142GET_ONE_ACY_ACI;IAS_ACODE_PKGIAS20142GET_ONE_CC_ACIA;IAS_ACTV_PKG;IAS_ACTV_PKGIAS20142CHK_ACTV;IAS_ACTV_PKGIAS20142CHK_PRIV_ACTVIAS;IAS_ACTV_PKGIAS20142GET_ACTV_NAMEIAS;IAS_AUDIT_PKG;IAS_AUDIT_PKGIAS20142AUDIT_PRCIA;IAS_AUD_SYS_PKG;IAS_AUD_SYS_PKGIAS20142ADD_DOC_DELIA;IAS_BRN_PKG;IAS_BRN_PKGIAS20142GET_CST_BRN_CONNI;IAS_BRN_PKGIAS20142GET_VND_BRN_CONNI;IAS_CC_CODE_PKG;IAS_CC_CODE_PKGIAS20142CHECK_CC_PJIA;IAS_CC_CODE_PKGIAS20142CHECK_USE_PJI;IAS_CC_CODE_PKGIAS20142GET_CC_NAMEIA;IAS_CC_CODE_PKGIAS20142GET_ONE_CC_PJ;IAS_CHECK_SYS_PKG;IAS_CHECK_SYS_PKGIAS20142CHECK_AC_ACY_INCTVI;IAS_CHECK_SYS_PKGIAS20142CHECK_AC_CC;IAS_CHECK_SYS_PKGIAS20142CHECK_AC_LC;IAS_CHECK_SYS_PKGIAS20142CHECK_AC_PJ;IAS_CHECK_SYS_PKGIAS20142CHECK_CUR_RATEI;IAS_CHECK_SYS_PKGIAS20142CHECK_USE_CCIAS;IAS_CHECK_SYS_PKGIAS20142CHECK_USE_PJIAS;IAS_CHK_LGHT_BRN_FNC;IAS_CHK_LGHT_BRN_FNCIAS20142IAS_CHK_LGHT_BRN_FNC;IAS_CSHBNK_PKG;IAS_CSHBNK_PKGIAS20142CHECK_MEDIATOR_BNK;IAS_CSHBNK_PKGIAS20142CHK_AC_CSH_BNK;IAS_CSHBNK_PKGIAS20142CHK_CB_BRN;IAS_CSHBNK_PKGIAS20142GET_A_CODE;IAS_CSHBNK_PKGIAS20142GET_CB_NAMEIAS,CREATE/SAVE;UPDATE;DELETE/VOID;POST;PRINT,FMX_STRING_EVIDENCE,oracle_forms/deep_catalog/form_field_trigger_catalog.jsonl
GLST00211.fmx,GL,ONEX_GL_WINDOW_API,142,8,1308,1635,IAS_ACODE_PKG;IAS_ACODE_PKGIAS20142CHECK_ACYIA;IAS_ACODE_PKGIAS20142CHK_AC_CODE;IAS_ACODE_PKGIAS20142GET_AC_TYPE;IAS_ACODE_PKGIAS20142GET_A_NAMEI;IAS_ACODE_PKGIAS20142GET_CNT_ACY;IAS_ACODE_PKGIAS20142GET_ONE_ACY_ACI;IAS_ACODE_PKGIAS20142GET_ONE_CC_ACIA;IAS_ACTV_PKG;IAS_ACTV_PKGIAS20142CHK_ACTV;IAS_ACTV_PKGIAS20142CHK_PRIV_ACTVIAS;IAS_ACTV_PKGIAS20142GET_ACTV_NAMEIAS;IAS_AUDIT_PKG;IAS_AUDIT_PKGIAS20142AUDIT_PRCIA;IAS_AUD_SYS_PKG;IAS_AUD_SYS_PKGIAS20142ADD_DOC_DELIA;IAS_BRN_PKG;IAS_BRN_PKGIAS20142GET_CST_BRN_CONNI;IAS_BRN_PKGIAS20142GET_VND_BRN_CONNI;IAS_CC_CODE_PKG;IAS_CC_CODE_PKGIAS20142CHECK_CC_PJIA;IAS_CC_CODE_PKGIAS20142CHECK_USE_PJI;IAS_CC_CODE_PKGIAS20142GET_CC_NAMEIA;IAS_CC_CODE_PKGIAS20142GET_ONE_CC_PJ;IAS_CHECK_SYS_PKG;IAS_CHECK_SYS_PKGIAS20142CHECK_AC_ACY_INCTVI;IAS_CHECK_SYS_PKGIAS20142CHECK_AC_CC;IAS_CHECK_SYS_PKGIAS20142CHECK_AC_LC;IAS_CHECK_SYS_PKGIAS20142CHECK_CUR_RATEI;IAS_CHECK_SYS_PKGIAS20142CHECK_USE_CCIAS;IAS_CHK_BRN_UP_DEL_FNC;IAS_CHK_BRN_UP_DEL_FNCIAS20142IAS_CHK_BRN_UP_DEL_FNC;IAS_CSHBNK_PKG;IAS_CSHBNK_PKGIAS20142CHECK_MEDIATOR_BNK;IAS_CSHBNK_PKGIAS20142CHK_AC_CSH_BNK;IAS_CSHBNK_PKGIAS20142CHK_CB_BRN;IAS_CSHBNK_PKGIAS20142GET_A_CODE;IAS_CSHBNK_PKGIAS20142GET_CB_NAMEIAS;IAS_CSHBNK_PKGIAS20142GET_CB_NOI;IAS_CSHBNK_PKGIAS20142GET_CB_SER,CREATE/SAVE;UPDATE;DELETE/VOID;POST;PRINT,FMX_STRING_EVIDENCE,oracle_forms/deep_catalog/form_field_trigger_catalog.jsonl
GLST003.fmx,GL,ONEX_GL_WINDOW_API,52,8,393,473,IAS_ACODE_PKG;IAS_ACODE_PKGIAS20142GET_A_NAMEI;IAS_AUD_SYS_PKG;IAS_AUD_SYS_PKGIAS20142ADD_DOC_DELIA;IAS_CHECK_SYS_PKG;IAS_CHECK_SYS_PKGIAS20142CHECK_AC_ACY_INCTVI;IAS_CHECK_SYS_PKGIAS20142CHECK_CUR_RATEI;IAS_CHK_BRN_UP_DEL_FNC;IAS_CHK_BRN_UP_DEL_FNCIAS20142IAS_CHK_BRN_UP_DEL_FNC;IAS_CSHBNK_PKG;IAS_CSHBNK_PKGIAS20142CHK_CB_BRN;IAS_CSHBNK_PKGIAS20142GET_CB_NAMEIAS;IAS_CST_PKG;IAS_CST_PKGIAS20142GET_C_NAMEIAS;IAS_GEN_PKG;IAS_GEN_PKGIAS20142GET_CNTIA;IAS_GEN_PKGIAS20142GET_CUR_RATEI;IAS_GEN_PKGIAS20142GET_PROMPTIAS;IAS_GEN_PKGIAS20142GET_SYSDATEIA;IAS_GET_DOC_DEL_FNC;IAS_GET_ENC_PASS_FNC;IAS_GET_ENC_PASS_FNCIAS20142IAS_GET_ENC_PASS_FNC;IAS_USR_PKG;IAS_USR_PKGIAS20142CHK_USR_FRM_PRVIA;IAS_USR_PKGIAS20142GET_USR_APPRV;IAS_USR_PKGIAS20142GET_USR_NMIAS;IAS_VNDR_PKG;IAS_VNDR_PKGIAS20142GET_V_NAMEIA;YS_GEN_PKG;YS_GEN_PKGIAS20142GET_USR_FLD_PRVYS_,CREATE/SAVE;UPDATE;DELETE/VOID;POST;PRINT,FMX_STRING_EVIDENCE,oracle_forms/deep_catalog/form_field_trigger_catalog.jsonl
GLST004.fmx,GL,ONEX_GL_WINDOW_API,149,8,1467,1897,IAS_ACODE_PKG;IAS_ACODE_PKGIAS20142CHECK_ACYIA;IAS_ACODE_PKGIAS20142CHK_AC_CODE;IAS_ACODE_PKGIAS20142GET_AC_TYPE;IAS_ACODE_PKGIAS20142GET_A_NAMEI;IAS_ACODE_PKGIAS20142GET_CNT_ACY;IAS_ACODE_PKGIAS20142GET_ONE_ACY_ACI;IAS_ACODE_PKGIAS20142GET_ONE_CC_ACIA;IAS_ACTV_PKG;IAS_ACTV_PKGIAS20142CHK_ACTV;IAS_ACTV_PKGIAS20142CHK_PRIV_ACTVIAS;IAS_ACTV_PKGIAS20142GET_ACTV_NAMEIAS;IAS_AUDIT_PKG;IAS_AUDIT_PKGIAS20142AUDIT_PRCIA;IAS_AUD_SYS_PKG;IAS_AUD_SYS_PKGIAS20142ADD_DOC_DELIA;IAS_BRN_PKG;IAS_BRN_PKGIAS20142GET_CST_BRN_CONNI;IAS_BRN_PKGIAS20142GET_VND_BRN_CONNI;IAS_CC_CODE_PKG;IAS_CC_CODE_PKGIAS20142CHECK_CC_PJIA;IAS_CC_CODE_PKGIAS20142CHECK_USE_PJI;IAS_CC_CODE_PKGIAS20142GET_CC_NAMEIA;IAS_CC_CODE_PKGIAS20142GET_ONE_CC_PJ;IAS_CHECK_SYS_PKG;IAS_CHECK_SYS_PKGIAS20142CHECK_AC_ACY_INCTVI;IAS_CHECK_SYS_PKGIAS20142CHECK_AC_CC;IAS_CHECK_SYS_PKGIAS20142CHECK_AC_PJ;IAS_CHECK_SYS_PKGIAS20142CHECK_CUR_RATEI;IAS_CHECK_SYS_PKGIAS20142CHECK_USE_CCIAS;IAS_CHECK_SYS_PKGIAS20142CHECK_USE_PJIAS;IAS_CHK_BRN_UP_DEL_FNC;IAS_CHK_BRN_UP_DEL_FNCIAS20142IAS_CHK_BRN_UP_DEL_FNC;IAS_CHK_LGHT_BRN_FNC;IAS_CHK_LGHT_BRN_FNCIAS20142IAS_CHK_LGHT_BRN_FNC;IAS_CSHBNK_PKG;IAS_CSHBNK_PKGIAS20142CHECK_MEDIATOR_BNK;IAS_CSHBNK_PKGIAS20142CHK_AC_CSH_BNK;IAS_CSHBNK_PKGIAS20142CHK_CB_BRN;IAS_CSHBNK_PKGIAS20142GET_A_CODE,CREATE/SAVE;UPDATE;DELETE/VOID;POST;PRINT,FMX_STRING_EVIDENCE,oracle_forms/deep_catalog/form_field_trigger_catalog.jsonl
GLST005.fmx,GL,ONEX_GL_WINDOW_API,75,8,498,798,IAS_ACODE_PKG;IAS_ACODE_PKGIAS20142CHECK_ACYIA;IAS_ACODE_PKGIAS20142CHK_AC_CODE;IAS_ACODE_PKGIAS20142GET_AC_TYPE;IAS_ACODE_PKGIAS20142GET_A_NAMEI;IAS_ACODE_PKGIAS20142GET_CNT_ACY;IAS_ACODE_PKGIAS20142GET_ONE_ACY_ACI;IAS_AUDIT_PKG;IAS_AUDIT_PKGIAS20142AUDIT_PRCIA;IAS_AUD_SYS_PKG;IAS_AUD_SYS_PKGIAS20142ADD_DOC_DELIA;IAS_CHECK_SYS_PKG;IAS_CHECK_SYS_PKGIAS20142CHECK_AC_ACY_INCTVI;IAS_CHECK_SYS_PKGIAS20142CHECK_CUR_RATEI;IAS_CHK_BRN_UP_DEL_FNC;IAS_CHK_BRN_UP_DEL_FNCIAS20142IAS_CHK_BRN_UP_DEL_FNC;IAS_CSHBNK_PKG;IAS_CSHBNK_PKGIAS20142CHECK_MEDIATOR_BNK;IAS_CSHBNK_PKGIAS20142GET_CB_NAMEIAS;IAS_CST_PKG;IAS_CST_PKGIAS20142GET_C_NAMEIAS;IAS_GEN_PKG;IAS_GEN_PKGIAS20142GET_CNTIA;IAS_GEN_PKGIAS20142GET_CURDATEIA;IAS_GEN_PKGIAS20142GET_CUR_RATEI;IAS_GEN_PKGIAS20142GET_FLD_VALUE;IAS_GEN_PKGIAS20142GET_FRM_PRVIA;IAS_GEN_PKGIAS20142GET_FRST_DAYI;IAS_GEN_PKGIAS20142GET_LOCAL_CUR;IAS_GEN_PKGIAS20142GET_PROMPTIAS;IAS_GEN_PKGIAS20142GET_SYSDATEIA;IAS_GEN_PKGIAS20142GET_USR_NMIAS;IAS_GET_DOC_DEL_FNC;IAS_GET_ENC_PASS_FNC;IAS_GET_ENC_PASS_FNCIAS20142IAS_GET_ENC_PASS_FNC;IAS_USR_PKG;IAS_USR_PKGIAS20142GET_USR_APPRV;IAS_USR_PKGIAS20142GET_USR_NMIAS;IAS_VNDR_PKG;IAS_VNDR_PKGIAS20142GET_V_NAMEIA,CREATE/SAVE;UPDATE;DELETE/VOID;POST;PRINT,FMX_STRING_EVIDENCE,oracle_forms/deep_catalog/form_field_trigger_catalog.jsonl
GLST006.fmx,GL,ONEX_GL_WINDOW_API,77,8,393,811,IAS_ACODE_PKG;IAS_ACODE_PKGIAS20142CHECK_ACYIA;IAS_ACODE_PKGIAS20142CHK_AC_CODE;IAS_ACODE_PKGIAS20142GET_AC_TYPE;IAS_ACODE_PKGIAS20142GET_A_NAMEI;IAS_ACODE_PKGIAS20142GET_CNT_ACY;IAS_ACODE_PKGIAS20142GET_ONE_ACY_ACI;IAS_AUDIT_PKG;IAS_AUDIT_PKGIAS20142AUDIT_PRCIA;IAS_AUD_SYS_PKG;IAS_AUD_SYS_PKGIAS20142ADD_DOC_DELIA;IAS_CHECK_SYS_PKG;IAS_CHECK_SYS_PKGIAS20142CHECK_AC_ACY_INCTVI;IAS_CHECK_SYS_PKGIAS20142CHECK_CUR_RATEI;IAS_CHK_BRN_UP_DEL_FNC;IAS_CHK_BRN_UP_DEL_FNCIAS20142IAS_CHK_BRN_UP_DEL_FNC;IAS_CSHBNK_PKG;IAS_CSHBNK_PKGIAS20142CHECK_MEDIATOR_BNK;IAS_CSHBNK_PKGIAS20142GET_CB_NAMEIAS;IAS_CST_PKG;IAS_CST_PKGIAS20142GET_C_NAMEIAS;IAS_GEN_PKG;IAS_GEN_PKGIAS20142GET_CNTIA;IAS_GEN_PKGIAS20142GET_CURDATEIA;IAS_GEN_PKGIAS20142GET_CUR_RATEI;IAS_GEN_PKGIAS20142GET_FLD_VALUE;IAS_GEN_PKGIAS20142GET_FRST_DAYI;IAS_GEN_PKGIAS20142GET_LOCAL_CUR;IAS_GEN_PKGIAS20142GET_PROMPTIAS;IAS_GEN_PKGIAS20142GET_SYSDATEIA;IAS_GEN_PKGIAS20142GET_USR_NMIAS;IAS_GET_DOC_DEL_FNC;IAS_GET_ENC_PASS_FNC;IAS_GET_ENC_PASS_FNCIAS20142IAS_GET_ENC_PASS_FNC;IAS_USR_PKG;IAS_USR_PKGIAS20142CHK_USR_FRM_PRVIA;IAS_USR_PKGIAS20142GET_USR_APPRV;IAS_USR_PKGIAS20142GET_USR_NMIAS;IAS_VNDR_PKG;IAS_VNDR_PKGIAS20142GET_V_NAMEIA,CREATE/SAVE;UPDATE;DELETE/VOID;POST;PRINT,FMX_STRING_EVIDENCE,oracle_forms/deep_catalog/form_field_trigger_catalog.jsonl
GLST007.fmx,GL,ONEX_GL_WINDOW_API,41,8,266,516,IAS_CHECK_SYS_PKG;IAS_CHECK_SYS_PKGIAS20142CHECK_BT_VALUEI;IAS_GEN_PKG;IAS_GEN_PKGIAS20142GET_FRST_DAYI;IAS_GEN_PKGIAS20142GET_PROMPTIAS;IAS_GEN_PKGIAS20142GET_SYSDATEIA;IAS_GET_ENC_PASS_FNC;IAS_GET_ENC_PASS_FNCIAS20142IAS_GET_ENC_PASS_FNC;IAS_USR_PKG;IAS_USR_PKGIAS20142CHK_USR_FRM_PRVIA;IAS_USR_PKGIAS20142GET_USR_APPRV;IAS_USR_PKGIAS20142GET_USR_NMIAS;YS_GEN_PKG;YS_GEN_PKGIAS20142CHK_LOCK_RCRDY;YS_GEN_PKGIAS20142GET_USR_FLD_PRVYS_;YS_SRL_SCR_PKG;YS_SRL_SCR_PKGIAS20142GET_SYS_SQ,CREATE/SAVE;UPDATE;DELETE/VOID;POST;PRINT,FMX_STRING_EVIDENCE,oracle_forms/deep_catalog/form_field_trigger_catalog.jsonl
GLST008.fmx,GL,ONEX_GL_WINDOW_API,96,8,530,896,IAS_ACODE_PKG;IAS_ACODE_PKGIAS20142CHECK_ACYIA;IAS_ACODE_PKGIAS20142CHK_AC_CODE;IAS_ACODE_PKGIAS20142GET_AC_TYPE;IAS_ACODE_PKGIAS20142GET_A_NAMEI;IAS_ACODE_PKGIAS20142GET_ONE_CC_ACIA;IAS_BRN_PKG;IAS_BRN_PKGIAS20142GET_CST_BRN_CONNI;IAS_BRN_PKGIAS20142GET_VND_BRN_CONNI;IAS_CHECK_SYS_PKG;IAS_CHECK_SYS_PKGIAS20142CHECK_AC_ACY_INCTVI;IAS_CHECK_SYS_PKGIAS20142CHECK_AC_LC;IAS_CHECK_SYS_PKGIAS20142CHECK_BT_DATEIA;IAS_CHECK_SYS_PKGIAS20142CHECK_BT_VALUEI;IAS_CSHBNK_PKG;IAS_CSHBNK_PKGIAS20142CHECK_ACYI;IAS_CSHBNK_PKGIAS20142CHECK_MEDIATOR_BNK;IAS_CSHBNK_PKGIAS20142CHK_AC_CSH_BNK;IAS_CSHBNK_PKGIAS20142CHK_CB_BRN;IAS_CSHBNK_PKGIAS20142GET_A_CODE;IAS_CSHBNK_PKGIAS20142GET_CB_NAMEIAS;IAS_CSHBNK_PKGIAS20142GET_CB_NOI;IAS_CST_PKG;IAS_CST_PKGIAS20142CHECK_ACY;IAS_CST_PKGIAS20142GET_ACODE;IAS_CST_PKGIAS20142GET_C_CODEIAS;IAS_CST_PKGIAS20142GET_C_NAMEIAS;IAS_GEN_PKG;IAS_GEN_PKGIAS20142GET_CNTIA;IAS_GEN_PKGIAS20142GET_CURDATEIA;IAS_GEN_PKGIAS20142GET_CUR_RATEI;IAS_GEN_PKGIAS20142GET_FINAL_DAY;IAS_GEN_PKGIAS20142GET_FRST_DAYI;IAS_GEN_PKGIAS20142GET_LOCAL_CUR;IAS_GEN_PKGIAS20142GET_PROMPTIAS;IAS_GEN_PKGIAS20142GET_SYSDATEIA;IAS_GEN_PKGIAS20142GET_USR_NMIAS;IAS_GET_ENC_PASS_FNC;IAS_GET_ENC_PASS_FNCIAS20142IAS_GET_ENC_PASS_FNC;IAS_INSTALLMENT_AP_PKG,CREATE/SAVE;UPDATE;DELETE/VOID;POST;PRINT,FMX_STRING_EVIDENCE,oracle_forms/deep_catalog/form_field_trigger_catalog.jsonl
GLST009.fmx,GL,ONEX_GL_WINDOW_API,63,8,429,579,IAS_ACODE_PKG;IAS_ACODE_PKGIAS20142CHECK_ACYIA;IAS_ACODE_PKGIAS20142CHK_AC_CODE;IAS_ACODE_PKGIAS20142GET_AC_TYPE;IAS_ACODE_PKGIAS20142GET_A_NAMEI;IAS_ACODE_PKGIAS20142GET_CNT_ACY;IAS_ACODE_PKGIAS20142GET_ONE_ACY_ACI;IAS_AUD_SYS_PKG;IAS_AUD_SYS_PKGIAS20142ADD_DOC_DELIA;IAS_CHECK_SYS_PKG;IAS_CHECK_SYS_PKGIAS20142CHECK_AC_ACY_INCTVI;IAS_CHECK_SYS_PKGIAS20142CHECK_CUR_RATEI;IAS_CHK_BRN_UP_DEL_FNC;IAS_CHK_BRN_UP_DEL_FNCIAS20142IAS_CHK_BRN_UP_DEL_FNC;IAS_CST_PKG;IAS_CST_PKGIAS20142GET_C_CODEIAS;IAS_CST_PKGIAS20142GET_C_NAMEIAS;IAS_GEN_PKG;IAS_GEN_PKGIAS20142GET_CODE_NMIA;IAS_GEN_PKGIAS20142GET_CUR_RATEI;IAS_GEN_PKGIAS20142GET_LOCAL_CUR;IAS_GEN_PKGIAS20142GET_PROMPTIAS;IAS_GEN_PKGIAS20142GET_SYSDATEIA;IAS_GET_DOC_DEL_FNC;IAS_GET_ENC_PASS_FNC;IAS_GET_ENC_PASS_FNCIAS20142IAS_GET_ENC_PASS_FNC;IAS_USR_PKG;IAS_USR_PKGIAS20142CHK_USR_FRM_PRVIA;IAS_USR_PKGIAS20142GET_USR_APPRV;IAS_USR_PKGIAS20142GET_USR_NMIAS;IAS_VNDR_PKG;IAS_VNDR_PKGIAS20142GET_V_CODEIA;IAS_VNDR_PKGIAS20142GET_V_NAMEIA;YS_AC_DTL_PKG;YS_AC_DTL_PKGIAS20142CHK_AC_DTLY;YS_AC_DTL_PKGIAS20142CHK_AC_DTL_ACYY;YS_AC_DTL_PKGIAS20142CHK_INACTV_ACYY;YS_AC_DTL_PKGIAS20142GET_ONE_ACY_AC_DTLY;YS_GEN_PKG;YS_GEN_PKGIAS20142CHK_LOCK_RCRDY,CREATE/SAVE;UPDATE;DELETE/VOID;POST;PRINT,FMX_STRING_EVIDENCE,oracle_forms/deep_catalog/form_field_trigger_catalog.jsonl
GLST010.fmx,GL,ONEX_GL_WINDOW_API,118,8,905,1320,IAS_ACODE_PKG;IAS_ACODE_PKGIAS20142CHK_AC_CODE;IAS_ACODE_PKGIAS20142GET_AC_TYPE;IAS_ACODE_PKGIAS20142GET_A_NAMEI;IAS_ACODE_PKGIAS20142GET_CNT_ACY;IAS_ACODE_PKGIAS20142GET_ONE_ACY_ACI;IAS_ACODE_PKGIAS20142GET_ONE_CC_ACIA;IAS_ACTV_PKG;IAS_ACTV_PKGIAS20142CHK_ACTV;IAS_ACTV_PKGIAS20142CHK_PRIV_ACTVIAS;IAS_ACTV_PKGIAS20142GET_ACTV_NAMEIAS;IAS_AUDIT_PKG;IAS_AUDIT_PKGIAS20142AUDIT_PRCIA;IAS_AUD_SYS_PKG;IAS_AUD_SYS_PKGIAS20142ADD_DOC_DELIA;IAS_BRN_PKG;IAS_BRN_PKGIAS20142GET_CST_BRN_CONNI;IAS_BRN_PKGIAS20142GET_VND_BRN_CONNI;IAS_CC_CODE_PKG;IAS_CC_CODE_PKGIAS20142CHECK_CC_PJIA;IAS_CC_CODE_PKGIAS20142CHECK_USE_PJI;IAS_CC_CODE_PKGIAS20142GET_CC_NAMEIA;IAS_CC_CODE_PKGIAS20142GET_ONE_CC_PJ;IAS_CHECK_SYS_PKG;IAS_CHECK_SYS_PKGIAS20142CHECK_AC_ACY_INCTVI;IAS_CHECK_SYS_PKGIAS20142CHECK_AC_CC;IAS_CHECK_SYS_PKGIAS20142CHECK_CUR_RATEI;IAS_CHECK_SYS_PKGIAS20142CHECK_USE_CCIAS;IAS_CHECK_SYS_PKGIAS20142CHECK_USE_PJIAS;IAS_CHK_BRN_UP_DEL_FNC;IAS_CHK_BRN_UP_DEL_FNCIAS20142IAS_CHK_BRN_UP_DEL_FNC;IAS_CSHBNK_PKG;IAS_CSHBNK_PKGIAS20142CHECK_MEDIATOR_BNK;IAS_CSHBNK_PKGIAS20142CHK_AC_CSH_BNK;IAS_CSHBNK_PKGIAS20142CHK_CB_BRN;IAS_CSHBNK_PKGIAS20142GET_A_CODE;IAS_CSHBNK_PKGIAS20142GET_CB_NOI;IAS_CSHBNK_PKGIAS20142GET_CB_SER;IAS_CSHBNK_PKGIAS20142GET_CSHBNK_LMT;IAS_CST_PKG,CREATE/SAVE;UPDATE;DELETE/VOID;POST;PRINT,FMX_STRING_EVIDENCE,oracle_forms/deep_catalog/form_field_trigger_catalog.jsonl
GLST013.fmx,GL,ONEX_GL_WINDOW_API,40,8,182,445,IAS_CHK_BRN_UP_DEL_FNC;IAS_CHK_BRN_UP_DEL_FNCIAS20142IAS_CHK_BRN_UP_DEL_FNC;IAS_CSHBNK_PKG;IAS_CSHBNK_PKGIAS20142GET_A_CODE;IAS_CSHBNK_PKGIAS20142GET_CB_NAMEIAS;IAS_GEN_PKG;IAS_GEN_PKGIAS20142GET_CODE_NMIA;IAS_GEN_PKGIAS20142GET_FLD_VALUE;IAS_GEN_PKGIAS20142GET_LOCAL_CUR;IAS_GEN_PKGIAS20142GET_SYSDATEIA;IAS_GET_ENC_PASS_FNC;IAS_GET_ENC_PASS_FNCIAS20142IAS_GET_ENC_PASS_FNC;IAS_USR_PKG;IAS_USR_PKGIAS20142CHK_USR_FRM_PRVIA;IAS_USR_PKGIAS20142GET_USR_APPRV;IAS_USR_PKGIAS20142GET_USR_NMIAS;YS_GEN_PKG;YS_GEN_PKGIAS20142GET_USR_FLD_PRVYS_,CREATE/SAVE;UPDATE;DELETE/VOID;POST;PRINT,FMX_STRING_EVIDENCE,oracle_forms/deep_catalog/form_field_trigger_catalog.jsonl
GLST014.fmx,GL,ONEX_GL_WINDOW_API,45,9,522,633,IAS_AUD_LIST_PKG;IAS_AUD_LIST_PKGIAS20142UPDATE_AUDIA;IAS_CHECK_SYS_PKG;IAS_CHECK_SYS_PKGIAS20142CHECK_BT_DATEIA;IAS_GEN_PKG;IAS_GEN_PKGIAS20142GET_FRM_PRVIA;IAS_GEN_PKGIAS20142GET_FRST_DAYI;IAS_GEN_PKGIAS20142GET_PROMPTIAS;IAS_GEN_PKGIAS20142GET_SYSDATEIA;IAS_GET_ENC_PASS_FNC;IAS_GET_ENC_PASS_FNCIAS20142IAS_GET_ENC_PASS_FNC;IAS_USR_PKG;IAS_USR_PKGIAS20142CHK_USR_FRM_PRVIA;IAS_USR_PKGIAS20142GET_USR_APPRV;IAS_USR_PKGIAS20142GET_USR_NMIAS;YS_GEN_PKG;YS_GEN_PKGIAS20142GET_USR_FLD_PRVYS_;YS_SRL_SCR_PKG;YS_SRL_SCR_PKGIAS20142GET_SYS_SQ,CREATE/SAVE;UPDATE;DELETE/VOID;POST;PRINT,FMX_STRING_EVIDENCE,oracle_forms/deep_catalog/form_field_trigger_catalog.jsonl
GLST015.fmx,GL,ONEX_GL_WINDOW_API,50,8,468,629,IAS_ACODE_PKG;IAS_ACODE_PKGIAS20142GET_A_NAMEI;IAS_CC_CODE_PKG;IAS_CC_CODE_PKGIAS20142GET_CC_NAMEIA;IAS_CST_PKG;IAS_CST_PKGIAS20142GET_C_NAMEIAS;IAS_DBS_SYS_PKG;IAS_DBS_SYS_PKGIAS20142GET_COMMENTIA;IAS_GEN_PKG;IAS_GEN_PKGIAS20142GET_CNTIA;IAS_GEN_PKGIAS20142GET_CURDATEIA;IAS_GEN_PKGIAS20142GET_FRM_PRVIA;IAS_GEN_PKGIAS20142GET_PROMPTIAS;IAS_GET_ENC_PASS_FNC;IAS_GET_ENC_PASS_FNCIAS20142IAS_GET_ENC_PASS_FNC;IAS_USR_PKG;IAS_USR_PKGIAS20142CHK_USR_FRM_PRVIA;IAS_USR_PKGIAS20142GET_USR_APPRV;IAS_USR_PKGIAS20142GET_USR_NMIAS;IAS_VNDR_PKG;IAS_VNDR_PKGIAS20142GET_V_NAMEIA;YS_GEN_PKG;YS_GEN_PKGIAS20142GET_USR_FLD_PRVYS_;YS_SRL_SCR_PKG;YS_SRL_SCR_PKGIAS20142GET_SYS_SQ,CREATE/SAVE;UPDATE;DELETE/VOID;POST;PRINT,FMX_STRING_EVIDENCE,oracle_forms/deep_catalog/form_field_trigger_catalog.jsonl
GLST016.fmx,GL,ONEX_GL_WINDOW_API,59,8,392,631,IAS_ACODE_PKG;IAS_ACODE_PKGIAS20142GET_A_NAMEI;IAS_ACTV_PKG;IAS_ACTV_PKGIAS20142CHK_ACTV;IAS_CHECK_SYS_PKG;IAS_CHECK_SYS_PKGIAS20142CHECK_BT_VALUEI;IAS_CHK_BRN_UP_DEL_FNC;IAS_CHK_BRN_UP_DEL_FNCIAS20142IAS_CHK_BRN_UP_DEL_FNC;IAS_CST_PKG;IAS_CST_PKGIAS20142CHECK_ACY;IAS_CST_PKGIAS20142GET_ACODE;IAS_CST_PKGIAS20142GET_CNT_ACYIA;IAS_CST_PKGIAS20142GET_C_NAMEIAS;IAS_CST_PKGIAS20142GET_ONE_ACY_CSTIA;IAS_GEN_PKG;IAS_GEN_PKGIAS20142GET_CNTIA;IAS_GEN_PKGIAS20142GET_CURDATEIA;IAS_GEN_PKGIAS20142GET_CUR_RATEI;IAS_GEN_PKGIAS20142GET_FLD_VALUE;IAS_GEN_PKGIAS20142GET_LOCAL_CUR;IAS_GEN_PKGIAS20142GET_PROMPTIAS;IAS_GEN_PKGIAS20142GET_SYSDATEIA;IAS_GEN_PKGIAS20142GET_USR_NMIAS;IAS_GET_ENC_PASS_FNC;IAS_GET_ENC_PASS_FNCIAS20142IAS_GET_ENC_PASS_FNC;IAS_USR_PKG;IAS_USR_PKGIAS20142CHK_USR_FRM_PRVIA;IAS_USR_PKGIAS20142GET_USR_APPRV;IAS_USR_PKGIAS20142GET_USR_NMIAS;IAS_VNDR_PKG;IAS_VNDR_PKGIAS20142CHECK_ACYIAS;IAS_VNDR_PKGIAS20142GET_ACODEIAS;IAS_VNDR_PKGIAS20142GET_CNT_ACYI;IAS_VNDR_PKGIAS20142GET_ONE_ACY_VNDI;IAS_VNDR_PKGIAS20142GET_V_NAMEIA;YS_GEN_PKG;YS_GEN_PKGIAS20142GET_USR_FLD_PRVYS_,CREATE/SAVE;UPDATE;DELETE/VOID;POST;PRINT,FMX_STRING_EVIDENCE,oracle_forms/deep_catalog/form_field_trigger_catalog.jsonl
GLST017.fmx,GL,ONEX_GL_WINDOW_API,137,8,1250,1836,IAS_ACODE_PKG;IAS_ACODE_PKGIAS20142CHECK_ACYIA;IAS_ACODE_PKGIAS20142CHK_AC_CODE;IAS_ACODE_PKGIAS20142GET_AC_TYPE;IAS_ACODE_PKGIAS20142GET_A_NAMEI;IAS_ACODE_PKGIAS20142GET_CNT_ACY;IAS_ACODE_PKGIAS20142GET_ONE_ACY_ACI;IAS_ACTV_PKG;IAS_ACTV_PKGIAS20142CHK_ACTV;IAS_ACTV_PKGIAS20142GET_ACTV_NAMEIAS;IAS_AUDIT_PKG;IAS_AUDIT_PKGIAS20142AUDIT_PRCIA;IAS_BRN_PKG;IAS_BRN_PKGIAS20142GET_CST_BRN_CONNI;IAS_BRN_PKGIAS20142GET_VND_BRN_CONNI;IAS_CC_CODE_PKG;IAS_CC_CODE_PKGIAS20142CHECK_CC_PJIA;IAS_CC_CODE_PKGIAS20142CHECK_USE_PJI;IAS_CC_CODE_PKGIAS20142GET_CC_NAMEIA;IAS_CC_CODE_PKGIAS20142GET_ONE_CC_PJ;IAS_CHECK_SYS_PKG;IAS_CHECK_SYS_PKGIAS20142CHECK_AC_ACY_INCTVI;IAS_CHECK_SYS_PKGIAS20142CHECK_AC_CC;IAS_CHECK_SYS_PKGIAS20142CHECK_AC_LC;IAS_CHECK_SYS_PKGIAS20142CHECK_AC_PJ;IAS_CHECK_SYS_PKGIAS20142CHECK_BT_VALUEI;IAS_CHECK_SYS_PKGIAS20142CHECK_CUR_RATEI;IAS_CHECK_SYS_PKGIAS20142CHECK_USE_CCIAS;IAS_CHECK_SYS_PKGIAS20142CHECK_USE_PJIAS;IAS_CHK_BRN_UP_DEL_FNC;IAS_CHK_BRN_UP_DEL_FNCIAS20142IAS_CHK_BRN_UP_DEL_FNC;IAS_CSHBNK_PKG;IAS_CSHBNK_PKGIAS20142CHECK_ACYI;IAS_CSHBNK_PKGIAS20142CHECK_MEDIATOR_BNK;IAS_CSHBNK_PKGIAS20142CHK_CB_BRN;IAS_CST_PKG;IAS_CST_PKGIAS20142CHECK_ACY;IAS_CST_PKGIAS20142GET_ACODE;IAS_CST_PKGIAS20142GET_CREDIT_LMTIAS;IAS_CST_PKGIAS20142GET_C_CODEIAS,CREATE/SAVE;UPDATE;DELETE/VOID;POST;PRINT,FMX_STRING_EVIDENCE,oracle_forms/deep_catalog/form_field_trigger_catalog.jsonl
GLST01711.fmx,GL,ONEX_GL_WINDOW_API,128,8,1137,1761,IAS_ACODE_PKG;IAS_ACODE_PKGIAS20142CHECK_ACYIA;IAS_ACODE_PKGIAS20142CHK_AC_CODE;IAS_ACODE_PKGIAS20142GET_AC_TYPE;IAS_ACODE_PKGIAS20142GET_A_NAMEI;IAS_ACODE_PKGIAS20142GET_CNT_ACY;IAS_ACODE_PKGIAS20142GET_ONE_ACY_ACI;IAS_ACTV_PKG;IAS_ACTV_PKGIAS20142CHK_ACTV;IAS_ACTV_PKGIAS20142GET_ACTV_NAMEIAS;IAS_AUDIT_PKG;IAS_AUDIT_PKGIAS20142AUDIT_PRCIA;IAS_BRN_PKG;IAS_BRN_PKGIAS20142GET_CST_BRN_CONNI;IAS_BRN_PKGIAS20142GET_VND_BRN_CONNI;IAS_CC_CODE_PKG;IAS_CC_CODE_PKGIAS20142CHECK_CC_PJIA;IAS_CC_CODE_PKGIAS20142CHECK_USE_PJI;IAS_CC_CODE_PKGIAS20142GET_CC_NAMEIA;IAS_CC_CODE_PKGIAS20142GET_ONE_CC_PJ;IAS_CHECK_SYS_PKG;IAS_CHECK_SYS_PKGIAS20142CHECK_AC_ACY_INCTVI;IAS_CHECK_SYS_PKGIAS20142CHECK_AC_CC;IAS_CHECK_SYS_PKGIAS20142CHECK_AC_LC;IAS_CHECK_SYS_PKGIAS20142CHECK_BT_VALUEI;IAS_CHECK_SYS_PKGIAS20142CHECK_CUR_RATEI;IAS_CHECK_SYS_PKGIAS20142CHECK_USE_CCIAS;IAS_CHK_BRN_UP_DEL_FNC;IAS_CHK_BRN_UP_DEL_FNCIAS20142IAS_CHK_BRN_UP_DEL_FNC;IAS_CSHBNK_PKG;IAS_CSHBNK_PKGIAS20142CHECK_ACYI;IAS_CSHBNK_PKGIAS20142CHECK_MEDIATOR_BNK;IAS_CSHBNK_PKGIAS20142CHK_CB_BRN;IAS_CST_PKG;IAS_CST_PKGIAS20142CHECK_ACY;IAS_CST_PKGIAS20142GET_ACODE;IAS_CST_PKGIAS20142GET_CREDIT_LMTIAS;IAS_CST_PKGIAS20142GET_C_NAMEIAS;IAS_CST_PKGIAS20142GET_ONE_CC_CSTIAS;IAS_GEN_PKG,CREATE/SAVE;UPDATE;DELETE/VOID;POST;PRINT,FMX_STRING_EVIDENCE,oracle_forms/deep_catalog/form_field_trigger_catalog.jsonl
GLST018.fmx,GL,ONEX_GL_WINDOW_API,138,8,1325,1848,IAS_ACODE_PKG;IAS_ACODE_PKGIAS20142CHECK_ACYIA;IAS_ACODE_PKGIAS20142CHK_AC_CODE;IAS_ACODE_PKGIAS20142GET_AC_TYPE;IAS_ACODE_PKGIAS20142GET_A_NAMEI;IAS_ACODE_PKGIAS20142GET_CNT_ACY;IAS_ACODE_PKGIAS20142GET_ONE_ACY_ACI;IAS_ACODE_PKGIAS20142GET_ONE_CC_ACIA;IAS_ACTV_PKG;IAS_ACTV_PKGIAS20142CHK_ACTV;IAS_ACTV_PKGIAS20142CHK_PRIV_ACTVIAS;IAS_ACTV_PKGIAS20142GET_ACTV_NAMEIAS;IAS_AUDIT_PKG;IAS_AUDIT_PKGIAS20142AUDIT_PRCIA;IAS_AUD_SYS_PKG;IAS_AUD_SYS_PKGIAS20142ADD_DOC_DELIA;IAS_BRN_PKG;IAS_BRN_PKGIAS20142GET_CST_BRN_CONNI;IAS_BRN_PKGIAS20142GET_VND_BRN_CONNI;IAS_CC_CODE_PKG;IAS_CC_CODE_PKGIAS20142CHECK_CC_PJIA;IAS_CC_CODE_PKGIAS20142CHECK_USE_PJI;IAS_CC_CODE_PKGIAS20142GET_CC_NAMEIA;IAS_CC_CODE_PKGIAS20142GET_ONE_CC_PJ;IAS_CHECK_SYS_PKG;IAS_CHECK_SYS_PKGIAS20142CHECK_AC_ACY_INCTVI;IAS_CHECK_SYS_PKGIAS20142CHECK_AC_CC;IAS_CHECK_SYS_PKGIAS20142CHECK_AC_LC;IAS_CHECK_SYS_PKGIAS20142CHECK_AC_PJ;IAS_CHECK_SYS_PKGIAS20142CHECK_CUR_RATEI;IAS_CHECK_SYS_PKGIAS20142CHECK_USE_CCIAS;IAS_CHECK_SYS_PKGIAS20142CHECK_USE_PJIAS;IAS_CHK_BRN_UP_DEL_FNC;IAS_CHK_BRN_UP_DEL_FNCIAS20142IAS_CHK_BRN_UP_DEL_FNC;IAS_CSHBNK_PKG;IAS_CSHBNK_PKGIAS20142CHECK_MEDIATOR_BNK;IAS_CSHBNK_PKGIAS20142CHK_CB_BRN;IAS_CSHBNK_PKGIAS20142GET_A_CODE;IAS_CSHBNK_PKGIAS20142GET_CB_SER;IAS_CSHBNK_PKGIAS20142GET_CSHBNK_LMT,CREATE/SAVE;UPDATE;DELETE/VOID;POST;PRINT,FMX_STRING_EVIDENCE,oracle_forms/deep_catalog/form_field_trigger_catalog.jsonl
GLST0181.fmx,GL,ONEX_GL_WINDOW_API,122,8,1247,1605,IAS_ACODE_PKG;IAS_ACODE_PKGIAS20152CHECK_ACYIA;IAS_ACODE_PKGIAS20152CHK_AC_CODE;IAS_ACODE_PKGIAS20152GET_AC_TYPE;IAS_ACODE_PKGIAS20152GET_A_NAMEI;IAS_ACODE_PKGIAS20152GET_CNT_ACY;IAS_ACODE_PKGIAS20152GET_ONE_ACY_ACI;IAS_ACODE_PKGIAS20152GET_ONE_CC_ACIA;IAS_ACTV_PKG;IAS_ACTV_PKGIAS20152CHK_ACTV;IAS_ACTV_PKGIAS20152CHK_PRIV_ACTVIAS;IAS_ACTV_PKGIAS20152GET_ACTV_NAMEIAS;IAS_AUDIT_PKG;IAS_AUDIT_PKGIAS20152AUDIT_PRCIA;IAS_AUD_SYS_PKG;IAS_AUD_SYS_PKGIAS20152ADD_DOC_DELIA;IAS_BRN_PKG;IAS_BRN_PKGIAS20152GET_CST_BRN_CONNI;IAS_BRN_PKGIAS20152GET_VND_BRN_CONNI;IAS_CC_CODE_PKG;IAS_CC_CODE_PKGIAS20152CHECK_CC_PJIA;IAS_CC_CODE_PKGIAS20152CHECK_USE_PJI;IAS_CC_CODE_PKGIAS20152GET_CC_NAMEIA;IAS_CC_CODE_PKGIAS20152GET_ONE_CC_PJ;IAS_CHECK_SYS_PKG;IAS_CHECK_SYS_PKGIAS20152CHECK_AC_ACY_INCTVI;IAS_CHECK_SYS_PKGIAS20152CHECK_AC_CC;IAS_CHECK_SYS_PKGIAS20152CHECK_AC_LC;IAS_CHECK_SYS_PKGIAS20152CHECK_CUR_RATEI;IAS_CHECK_SYS_PKGIAS20152CHECK_USE_CCIAS;IAS_CHK_BRN_UP_DEL_FNC;IAS_CHK_BRN_UP_DEL_FNCIAS20152IAS_CHK_BRN_UP_DEL_FNC;IAS_CSHBNK_PKG;IAS_CSHBNK_PKGIAS20152CHECK_MEDIATOR_BNK;IAS_CSHBNK_PKGIAS20152CHK_CB_BRN;IAS_CSHBNK_PKGIAS20152GET_A_CODE;IAS_CSHBNK_PKGIAS20152GET_CB_SER;IAS_CSHBNK_PKGIAS20152GET_CSH_TYPEIA;IAS_CST_PKG;IAS_CST_PKGIAS20152CHECK_ACY,CREATE/SAVE;UPDATE;DELETE/VOID;POST;PRINT,FMX_STRING_EVIDENCE,oracle_forms/deep_catalog/form_field_trigger_catalog.jsonl
GLST01811.fmx,GL,ONEX_GL_WINDOW_API,124,8,1163,1609,IAS_ACODE_PKG;IAS_ACODE_PKGIAS20142CHECK_ACYIA;IAS_ACODE_PKGIAS20142CHK_AC_CODE;IAS_ACODE_PKGIAS20142GET_AC_TYPE;IAS_ACODE_PKGIAS20142GET_A_NAMEI;IAS_ACODE_PKGIAS20142GET_CNT_ACY;IAS_ACODE_PKGIAS20142GET_ONE_ACY_ACI;IAS_ACODE_PKGIAS20142GET_ONE_CC_ACIA;IAS_ACTV_PKG;IAS_ACTV_PKGIAS20142CHK_ACTV;IAS_ACTV_PKGIAS20142CHK_PRIV_ACTVIAS;IAS_ACTV_PKGIAS20142GET_ACTV_NAMEIAS;IAS_AUDIT_PKG;IAS_AUDIT_PKGIAS20142AUDIT_PRCIA;IAS_AUD_SYS_PKG;IAS_AUD_SYS_PKGIAS20142ADD_DOC_DELIA;IAS_BRN_PKG;IAS_BRN_PKGIAS20142GET_CST_BRN_CONNI;IAS_BRN_PKGIAS20142GET_VND_BRN_CONNI;IAS_CC_CODE_PKG;IAS_CC_CODE_PKGIAS20142CHECK_CC_PJIA;IAS_CC_CODE_PKGIAS20142CHECK_USE_PJI;IAS_CC_CODE_PKGIAS20142GET_CC_NAMEIA;IAS_CC_CODE_PKGIAS20142GET_ONE_CC_PJ;IAS_CHECK_SYS_PKG;IAS_CHECK_SYS_PKGIAS20142CHECK_AC_ACY_INCTVI;IAS_CHECK_SYS_PKGIAS20142CHECK_AC_CC;IAS_CHECK_SYS_PKGIAS20142CHECK_AC_LC;IAS_CHECK_SYS_PKGIAS20142CHECK_CUR_RATEI;IAS_CHECK_SYS_PKGIAS20142CHECK_USE_CCIAS;IAS_CHK_BRN_UP_DEL_FNC;IAS_CHK_BRN_UP_DEL_FNCIAS20142IAS_CHK_BRN_UP_DEL_FNC;IAS_CSHBNK_PKG;IAS_CSHBNK_PKGIAS20142CHECK_MEDIATOR_BNK;IAS_CSHBNK_PKGIAS20142CHK_CB_BRN;IAS_CSHBNK_PKGIAS20142GET_A_CODE;IAS_CSHBNK_PKGIAS20142GET_CB_SER;IAS_CSHBNK_PKGIAS20142GET_CSH_TYPEIA;IAS_CST_PKG;IAS_CST_PKGIAS20142CHECK_ACY,CREATE/SAVE;UPDATE;DELETE/VOID;POST;PRINT,FMX_STRING_EVIDENCE,oracle_forms/deep_catalog/form_field_trigger_catalog.jsonl
GLST020.fmx,GL,ONEX_GL_WINDOW_API,142,9,707,977,IAS_CHECKDATA_AP_PRC;IAS_CHECKDATA_AP_PRCIAS20142IAS_CHECKDATA_AP_PRC;IAS_CHECKDATA_AR_PRC;IAS_CHECKDATA_AR_PRCIAS20142IAS_CHECKDATA_AR_PRC;IAS_CHECKDATA_INV_PRC;IAS_CHECKDATA_INV_PRCIAS20142IAS_CHECKDATA_INV_PRCIA;IAS_CHECK_DBS_PKG;IAS_CHECK_DBS_PKGIAS20142CHECK_CMP_DATAI;IAS_CHECK_DBS_PKGIAS20142CHECK_POSTING1I;IAS_CHECK_SYS_PKG;IAS_CHECK_SYS_PKGIAS20142CHECK_BT_DATEIA;IAS_CHECK_SYS_PKGIAS20142CHECK_BT_VALUEI;IAS_DBS_SYS_PKG;IAS_DBS_SYS_PKGIAS20142GET_CONS_NAME;IAS_ENCDEC_PKG;IAS_ENCDEC_PKGIAS_SYS;IAS_ENCDEC_PKGIAS_SYSIAS_GET_DEC_DATAIAS;IAS_ENCDEC_PKGIAS_SYSIAS_RAW_DEC;IAS_GEN_PKG;IAS_GEN_PKGIAS20142GET_CNTIA;IAS_GEN_PKGIAS20142GET_FRM_PRVIA;IAS_GEN_PKGIAS20142GET_MSGIA;IAS_GEN_PKGIAS20142GET_PROMPTIAS;IAS_GEN_PKGIAS20142GET_SYSDATEIA;IAS_GET_ENC_PASS_FNC;IAS_GET_ENC_PASS_FNCIAS20142IAS_GET_ENC_PASS_FNC;IAS_MND_CSTTRNS_PKG;IAS_MND_CSTTRNS_PKGIAS20142CHK_CSTCODE_PRCIA;IAS_MND_CSTTRNS_PKGIAS20142CHK_CSTTRNS_PRCIA;IAS_MND_CSTTRNS_PKGIAS20142CHK_C_CODE_NULLIA;IAS_MND_VNDTRNS_PKG;IAS_MND_VNDTRNS_PKGIAS20142CHK_VNDTRNS_PRCIA;IAS_POSTING_AP_PKG;IAS_POSTING_AP_PKGIAS20142GET_PARAIA;IAS_POSTING_AP_PKGIAS20142POST_PURCHASEI;IAS_POSTING_AP_PKGIAS20142POST_PURCHASE_ADD_DISC;IAS_POSTING_AP_PKGIAS20142POST_PURCHASE_RETURNIA;IAS_POSTING_AR_PKG;IAS_POSTING_AR_PKGIAS20142GET_PARAIA;IAS_POSTING_AR_PKGIAS20142POST_OUT_BILLS,CREATE/SAVE;UPDATE;DELETE/VOID;POST;REVERSE/RETURN;PRINT,FMX_STRING_EVIDENCE,oracle_forms/deep_catalog/form_field_trigger_catalog.jsonl
GLST021.fmx,GL,ONEX_GL_WINDOW_API,40,8,380,530,IAS_GEN_PKG;IAS_GEN_PKGIAS20142GET_FRM_NMIAS;IAS_GEN_PKGIAS20142GET_MSGIA;IAS_GEN_PKGIAS20142GET_PROMPTIAS;IAS_GEN_PKGIAS20142GET_SYSDATEIA;IAS_GET_ENC_PASS_FNC;IAS_GET_ENC_PASS_FNCIAS20142IAS_GET_ENC_PASS_FNC;IAS_REPORT_PKG;IAS_REPORT_PKGIAS20142GET_CLMN_LABLI;IAS_REPORT_PKGIAS20142GET_CLMN_TYPEI;IAS_USR_PKG;IAS_USR_PKGIAS20142CHK_USR_FRM_PRVIA;IAS_USR_PKGIAS20142GET_USR_APPRV;IAS_USR_PKGIAS20142GET_USR_NMIAS;YS_GEN_PKG;YS_GEN_PKGIAS20142GET_USR_FLD_PRVYS_;YS_SRL_SCR_PKG;YS_SRL_SCR_PKGIAS20142GET_SYS_SQ,CREATE/SAVE;UPDATE;DELETE/VOID;POST;PRINT,FMX_STRING_EVIDENCE,oracle_forms/deep_catalog/form_field_trigger_catalog.jsonl
GRNTR001.fmx,ADMIN,ONEX_ADMIN_WINDOW_API,16,2,234,305,IAS_CHECK_SYS_PKG;IAS_CHECK_SYS_PKGIAS20142CHECK_BT_VALUEI;IAS_GEN_PKG;IAS_GEN_PKGIAS20142GET_PROMPTIAS;IAS_GET_ENC_PASS_FNC;IAS_GET_ENC_PASS_FNCIAS20142IAS_GET_ENC_PASS_FNC;IAS_USR_PKG;IAS_USR_PKGIAS20142GET_USR_NMIAS;YS_GEN_PKG;YS_GEN_PKGIAS20142GET_DOCTYP_NMY,PRINT,FMX_STRING_EVIDENCE,oracle_forms/deep_catalog/form_field_trigger_catalog.jsonl
GRNTR004.fmx,ADMIN,ONEX_ADMIN_WINDOW_API,14,2,236,289,IAS_CHECK_SYS_PKG;IAS_CHECK_SYS_PKGIAS20142CHECK_BT_VALUEI;IAS_GEN_PKG;IAS_GEN_PKGIAS20142GET_PROMPTIAS;IAS_GET_ENC_PASS_FNC;IAS_GET_ENC_PASS_FNCIAS20142IAS_GET_ENC_PASS_FNC;IAS_USR_PKG;IAS_USR_PKGIAS20142GET_USR_NMIAS,PRINT,FMX_STRING_EVIDENCE,oracle_forms/deep_catalog/form_field_trigger_catalog.jsonl
GRNTR005.fmx,ADMIN,ONEX_ADMIN_WINDOW_API,14,2,230,292,IAS_CHECK_SYS_PKG;IAS_CHECK_SYS_PKGIAS20142CHECK_BT_VALUEI;IAS_GEN_PKG;IAS_GEN_PKGIAS20142GET_PROMPTIAS;IAS_GET_ENC_PASS_FNC;IAS_GET_ENC_PASS_FNCIAS20142IAS_GET_ENC_PASS_FNC;IAS_USR_PKG;IAS_USR_PKGIAS20142GET_USR_NMIAS,PRINT,FMX_STRING_EVIDENCE,oracle_forms/deep_catalog/form_field_trigger_catalog.jsonl
GRNTS002.fmx,ADMIN,ONEX_ADMIN_WINDOW_API,32,8,230,343,IAS_GEN_PKG;IAS_GEN_PKGIAS20142GET_CNTIA;IAS_GET_ENC_PASS_FNC;IAS_GET_ENC_PASS_FNCIAS20142IAS_GET_ENC_PASS_FNC;IAS_USR_PKG;IAS_USR_PKGIAS20142CHK_USR_FRM_PRVIA;IAS_USR_PKGIAS20142GET_USR_APPRV;IAS_USR_PKGIAS20142GET_USR_NMIAS;YS_GEN_PKG;YS_GEN_PKGIAS20142GET_USR_FLD_PRVYS_,CREATE/SAVE;UPDATE;DELETE/VOID;POST;PRINT,FMX_STRING_EVIDENCE,oracle_forms/deep_catalog/form_field_trigger_catalog.jsonl
GRNTT001.fmx,ADMIN,ONEX_ADMIN_WINDOW_API,119,8,852,1102,IAS_ACODE_PKG;IAS_ACODE_PKGIAS20142CHECK_ACYIA;IAS_ACODE_PKGIAS20142CHK_AC_CODE;IAS_ACODE_PKGIAS20142GET_AC_TYPE;IAS_ACODE_PKGIAS20142GET_A_NAMEI;IAS_ACODE_PKGIAS20142GET_CNT_ACY;IAS_ACODE_PKGIAS20142GET_ONE_ACY_ACI;IAS_ACTV_PKG;IAS_ACTV_PKGIAS20142CHK_ACTV;IAS_ACTV_PKGIAS20142CHK_PRIV_ACTVIAS;IAS_ACTV_PKGIAS20142GET_ACTV_NAMEIAS;IAS_AUDIT_PKG;IAS_AUDIT_PKGIAS20142AUDIT_PRCIA;IAS_AUD_SYS_PKG;IAS_AUD_SYS_PKGIAS20142ADD_DOC_DELIA;IAS_BRN_PKG;IAS_BRN_PKGIAS20142GET_CST_BRN_CONNI;IAS_BRN_PKGIAS20142GET_VND_BRN_CONNI;IAS_CC_CODE_PKG;IAS_CC_CODE_PKGIAS20142CHECK_CC_PJIA;IAS_CC_CODE_PKGIAS20142CHECK_USE_PJI;IAS_CC_CODE_PKGIAS20142GET_CC_NAMEIA;IAS_CC_CODE_PKGIAS20142GET_ONE_CC_PJ;IAS_CHECK_SYS_PKG;IAS_CHECK_SYS_PKGIAS20142CHECK_AC_ACY_INCTVI;IAS_CHECK_SYS_PKGIAS20142CHECK_AC_CC;IAS_CHECK_SYS_PKGIAS20142CHECK_AC_LC;IAS_CHECK_SYS_PKGIAS20142CHECK_CUR_RATEI;IAS_CHECK_SYS_PKGIAS20142CHECK_USE_CCIAS;IAS_CHK_BRN_UP_DEL_FNC;IAS_CHK_BRN_UP_DEL_FNCIAS20142IAS_CHK_BRN_UP_DEL_FNC;IAS_CSHBNK_PKG;IAS_CSHBNK_PKGIAS20142CHECK_MEDIATOR_BNK;IAS_CSHBNK_PKGIAS20142CHK_CB_BRN;IAS_CSHBNK_PKGIAS20142GET_A_CODE;IAS_CSHBNK_PKGIAS20142GET_CB_NAMEIAS;IAS_CSHBNK_PKGIAS20142GET_CSHBNK_LMT;IAS_CST_PKG;IAS_CST_PKGIAS20142GET_CREDIT_LMTIAS;IAS_CST_PKGIAS20142GET_C_NAMEIAS,CREATE/SAVE;UPDATE;DELETE/VOID;POST;PRINT,FMX_STRING_EVIDENCE,oracle_forms/deep_catalog/form_field_trigger_catalog.jsonl
GRNTT002.fmx,ADMIN,ONEX_ADMIN_WINDOW_API,123,8,942,1364,IAS_ACODE_PKG;IAS_ACODE_PKGIAS20142CHECK_ACYIA;IAS_ACODE_PKGIAS20142CHK_AC_CODE;IAS_ACODE_PKGIAS20142GET_AC_TYPE;IAS_ACODE_PKGIAS20142GET_A_NAMEI;IAS_ACODE_PKGIAS20142GET_CNT_ACY;IAS_ACODE_PKGIAS20142GET_ONE_ACY_ACI;IAS_ACTV_PKG;IAS_ACTV_PKGIAS20142CHK_ACTV;IAS_ACTV_PKGIAS20142CHK_PRIV_ACTVIAS;IAS_ACTV_PKGIAS20142GET_ACTV_NAMEIAS;IAS_AUDIT_PKG;IAS_AUDIT_PKGIAS20142AUDIT_PRCIA;IAS_AUD_SYS_PKG;IAS_AUD_SYS_PKGIAS20142ADD_DOC_DELIA;IAS_BRN_PKG;IAS_BRN_PKGIAS20142GET_CST_BRN_CONNI;IAS_BRN_PKGIAS20142GET_VND_BRN_CONNI;IAS_CC_CODE_PKG;IAS_CC_CODE_PKGIAS20142CHECK_CC_PJIA;IAS_CC_CODE_PKGIAS20142CHECK_USE_PJI;IAS_CC_CODE_PKGIAS20142GET_CC_NAMEIA;IAS_CC_CODE_PKGIAS20142GET_ONE_CC_PJ;IAS_CHECK_SYS_PKG;IAS_CHECK_SYS_PKGIAS20142CHECK_AC_ACY_INCTVI;IAS_CHECK_SYS_PKGIAS20142CHECK_AC_CC;IAS_CHECK_SYS_PKGIAS20142CHECK_AC_LC;IAS_CHECK_SYS_PKGIAS20142CHECK_CUR_RATEI;IAS_CHECK_SYS_PKGIAS20142CHECK_USE_CCIAS;IAS_CHK_BRN_UP_DEL_FNC;IAS_CHK_BRN_UP_DEL_FNCIAS20142IAS_CHK_BRN_UP_DEL_FNC;IAS_CSHBNK_PKG;IAS_CSHBNK_PKGIAS20142CHECK_MEDIATOR_BNK;IAS_CSHBNK_PKGIAS20142CHK_CB_BRN;IAS_CSHBNK_PKGIAS20142GET_A_CODE;IAS_CSHBNK_PKGIAS20142GET_CB_NAMEIAS;IAS_CSHBNK_PKGIAS20142GET_CSHBNK_LMT;IAS_CST_PKG;IAS_CST_PKGIAS20142GET_CREDIT_LMTIAS;IAS_CST_PKGIAS20142GET_C_NAMEIAS,CREATE/SAVE;UPDATE;DELETE/VOID;POST;PRINT,FMX_STRING_EVIDENCE,oracle_forms/deep_catalog/form_field_trigger_catalog.jsonl
GRNTT003.fmx,ADMIN,ONEX_ADMIN_WINDOW_API,113,8,721,998,IAS_ACODE_PKG;IAS_ACODE_PKGIAS20142CHECK_ACYIA;IAS_ACODE_PKGIAS20142CHK_AC_CODE;IAS_ACODE_PKGIAS20142GET_AC_TYPE;IAS_ACODE_PKGIAS20142GET_A_NAMEI;IAS_ACODE_PKGIAS20142GET_CNT_ACY;IAS_ACODE_PKGIAS20142GET_ONE_ACY_ACI;IAS_ACTV_PKG;IAS_ACTV_PKGIAS20142CHK_ACTV;IAS_ACTV_PKGIAS20142CHK_PRIV_ACTVIAS;IAS_ACTV_PKGIAS20142GET_ACTV_NAMEIAS;IAS_AUDIT_PKG;IAS_AUDIT_PKGIAS20142AUDIT_PRCIA;IAS_BRN_PKG;IAS_BRN_PKGIAS20142GET_CST_BRN_CONNI;IAS_BRN_PKGIAS20142GET_VND_BRN_CONNI;IAS_CC_CODE_PKG;IAS_CC_CODE_PKGIAS20142CHECK_CC_PJIA;IAS_CC_CODE_PKGIAS20142CHECK_USE_PJI;IAS_CC_CODE_PKGIAS20142GET_CC_NAMEIA;IAS_CC_CODE_PKGIAS20142GET_ONE_CC_PJ;IAS_CHECK_SYS_PKG;IAS_CHECK_SYS_PKGIAS20142CHECK_AC_ACY_INCTVI;IAS_CHECK_SYS_PKGIAS20142CHECK_AC_CC;IAS_CHECK_SYS_PKGIAS20142CHECK_AC_LC;IAS_CHECK_SYS_PKGIAS20142CHECK_BT_DATEIA;IAS_CHECK_SYS_PKGIAS20142CHECK_BT_VALUEI;IAS_CHECK_SYS_PKGIAS20142CHECK_CUR_RATEI;IAS_CHECK_SYS_PKGIAS20142CHECK_USE_CCIAS;IAS_CSHBNK_PKG;IAS_CSHBNK_PKGIAS20142CHECK_MEDIATOR_BNK;IAS_CSHBNK_PKGIAS20142CHK_CB_BRN;IAS_CSHBNK_PKGIAS20142GET_A_CODE;IAS_CSHBNK_PKGIAS20142GET_CB_NAMEIAS;IAS_CSHBNK_PKGIAS20142GET_CSHBNK_LMT;IAS_CST_PKG;IAS_CST_PKGIAS20142GET_CREDIT_LMTIAS;IAS_CST_PKGIAS20142GET_C_NAMEIAS;IAS_CST_PKGIAS20142GET_ONE_CC_CSTIAS;IAS_GEN_PKG,CREATE/SAVE;UPDATE;DELETE/VOID;POST;PRINT,FMX_STRING_EVIDENCE,oracle_forms/deep_catalog/form_field_trigger_catalog.jsonl
GRNTT004.fmx,ADMIN,ONEX_ADMIN_WINDOW_API,104,8,632,920,IAS_ACODE_PKG;IAS_ACODE_PKGIAS20142CHECK_ACYIA;IAS_ACODE_PKGIAS20142CHK_AC_CODE;IAS_ACODE_PKGIAS20142GET_AC_TYPE;IAS_ACODE_PKGIAS20142GET_A_NAMEI;IAS_ACODE_PKGIAS20142GET_CNT_ACY;IAS_ACODE_PKGIAS20142GET_ONE_ACY_ACI;IAS_ACTV_PKG;IAS_ACTV_PKGIAS20142CHK_ACTV;IAS_ACTV_PKGIAS20142CHK_PRIV_ACTVIAS;IAS_ACTV_PKGIAS20142GET_ACTV_NAMEIAS;IAS_AUD_SYS_PKG;IAS_AUD_SYS_PKGIAS20142ADD_DOC_DELIA;IAS_CC_CODE_PKG;IAS_CC_CODE_PKGIAS20142CHECK_CC_PJIA;IAS_CC_CODE_PKGIAS20142CHECK_USE_PJI;IAS_CC_CODE_PKGIAS20142GET_CC_NAMEIA;IAS_CHECK_SYS_PKG;IAS_CHECK_SYS_PKGIAS20142CHECK_AC_ACY_INCTVI;IAS_CHECK_SYS_PKGIAS20142CHECK_AC_CC;IAS_CHECK_SYS_PKGIAS20142CHECK_AC_LC;IAS_CHECK_SYS_PKGIAS20142CHECK_CUR_RATEI;IAS_CHECK_SYS_PKGIAS20142CHECK_USE_CCIAS;IAS_CHK_BRN_UP_DEL_FNC;IAS_CHK_BRN_UP_DEL_FNCIAS20142IAS_CHK_BRN_UP_DEL_FNC;IAS_CSHBNK_PKG;IAS_CSHBNK_PKGIAS20142CHECK_ACYI;IAS_CSHBNK_PKGIAS20142CHECK_MEDIATOR_BNK;IAS_CSHBNK_PKGIAS20142CHK_CB_BRN;IAS_CSHBNK_PKGIAS20142GET_A_CODE;IAS_CSHBNK_PKGIAS20142GET_CB_NAMEIAS;IAS_CSHBNK_PKGIAS20142GET_CB_NOI;IAS_CST_PKG;IAS_CST_PKGIAS20142CHECK_ACY;IAS_CST_PKGIAS20142GET_ACODE;IAS_CST_PKGIAS20142GET_C_CODEIAS;IAS_CST_PKGIAS20142GET_C_NAMEIAS;IAS_CST_PKGIAS20142GET_ONE_CC_CSTIAS;IAS_DBS_SYS_PKG;IAS_DBS_SYS_PKGIAS20142CHECK_OBJECTI,CREATE/SAVE;UPDATE;DELETE/VOID;POST;PRINT,FMX_STRING_EVIDENCE,oracle_forms/deep_catalog/form_field_trigger_catalog.jsonl
GRNTT005.fmx,ADMIN,ONEX_ADMIN_WINDOW_API,70,8,476,630,IAS_ACODE_PKG;IAS_ACODE_PKGIAS20142CHECK_ACYIA;IAS_ACODE_PKGIAS20142GET_A_NAMEI;IAS_ACTV_PKG;IAS_ACTV_PKGIAS20142CHK_ACTV;IAS_ACTV_PKGIAS20142CHK_PRIV_ACTVIAS;IAS_ACTV_PKGIAS20142GET_ACTV_NAMEIAS;IAS_CC_CODE_PKG;IAS_CC_CODE_PKGIAS20142CHECK_CC_PJIA;IAS_CC_CODE_PKGIAS20142CHECK_USE_PJI;IAS_CHECK_SYS_PKG;IAS_CHECK_SYS_PKGIAS20142CHECK_CUR_RATEI;IAS_CHK_BRN_UP_DEL_FNC;IAS_CHK_BRN_UP_DEL_FNCIAS20142IAS_CHK_BRN_UP_DEL_FNC;IAS_CSHBNK_PKG;IAS_CSHBNK_PKGIAS20142GET_A_CODE;IAS_DBS_SYS_PKG;IAS_DBS_SYS_PKGIAS20142CHECK_OBJECTI;IAS_GEN_PKG;IAS_GEN_PKGIAS20142GET_CUR_RATEI;IAS_GEN_PKGIAS20142GET_PROMPTIAS;IAS_GEN_PKGIAS20142GET_SYSDATEIA;IAS_GET_ENC_PASS_FNC;IAS_GET_ENC_PASS_FNCIAS20142IAS_GET_ENC_PASS_FNC;IAS_GL_TRNS_PKG;IAS_GL_TRNS_PKGIAS20142GET_JV_GR_DOC;IAS_GL_TRNS_PKGIAS20142INSRT_JV_DTLI;IAS_GL_TRNS_PKGIAS20142INSRT_JV_MSTI;IAS_PJ_PKG;IAS_PJ_PKGIAS20142CHECK_PJ_ACTVI;IAS_PJ_PKGIAS20142CHECK_USE_ACTV;IAS_PJ_PKGIAS20142GET_ONE_CC_PJI;IAS_PJ_PKGIAS20142GET_ONE_PJ_ACTVIAS;IAS_PJ_PKGIAS20142GET_PJ_NAMEIAS;IAS_POST_IN_SAV_PKG;IAS_POST_IN_SAV_PKGIAS20142POST_DOC_IN_SAVIA;IAS_USR_PKG;IAS_USR_PKGIAS20142CHK_USR_FRM_PRVIA;IAS_USR_PKGIAS20142GET_USR_APPRV;IAS_USR_PKGIAS20142GET_USR_NMIAS,CREATE/SAVE;UPDATE;DELETE/VOID;POST;PRINT,FMX_STRING_EVIDENCE,oracle_forms/deep_catalog/form_field_trigger_catalog.jsonl
GRNTT006.fmx,ADMIN,ONEX_ADMIN_WINDOW_API,60,8,369,527,IAS_ACODE_PKG;IAS_ACODE_PKGIAS20142GET_A_NAMEI;IAS_CHECK_SYS_PKG;IAS_CHECK_SYS_PKGIAS20142CHECK_BT_DATEIA;IAS_CHECK_SYS_PKGIAS20142CHECK_BT_VALUEI;IAS_CSHBNK_PKG;IAS_CSHBNK_PKGIAS20142GET_A_CODE;IAS_CST_PKG;IAS_CST_PKGIAS20142GET_C_NAMEIAS;IAS_GEN_PKG;IAS_GEN_PKGIAS20142GET_CURDATEIA;IAS_GEN_PKGIAS20142GET_CUR_RATEI;IAS_GEN_PKGIAS20142GET_PROMPTIAS;IAS_GET_ENC_PASS_FNC;IAS_GET_ENC_PASS_FNCIAS20142IAS_GET_ENC_PASS_FNC;IAS_GL_TRNS_PKG;IAS_GL_TRNS_PKGIAS20142GET_JV_GR_DOC;IAS_GL_TRNS_PKGIAS20142INSRT_JV_DTLI;IAS_GL_TRNS_PKGIAS20142INSRT_JV_MSTI;IAS_POST_IN_SAV_PKG;IAS_POST_IN_SAV_PKGIAS20142POST_DOC_IN_SAVIA;IAS_USR_PKG;IAS_USR_PKGIAS20142CHK_USR_FRM_PRVIA;IAS_USR_PKGIAS20142GET_USR_APPRV;IAS_USR_PKGIAS20142GET_USR_NMIAS;IAS_VNDR_PKG;IAS_VNDR_PKGIAS20142GET_V_NAMEIA;YS_AC_DTL_PKG;YS_AC_DTL_PKGIAS20142GET_AC_DTL_TYPY;YS_GEN_PKG;YS_GEN_PKGIAS20142CHK_LOCK_RCRDY;YS_GEN_PKGIAS20142GET_USR_FLD_PRVYS_;YS_SRL_SCR_PKG;YS_SRL_SCR_PKGIAS20142GET_SYS_SQ,CREATE/SAVE;UPDATE;DELETE/VOID;POST;PRINT,FMX_STRING_EVIDENCE,oracle_forms/deep_catalog/form_field_trigger_catalog.jsonl
HRSADMT006.fmx,HR,ONEX_HR_WINDOW_API,39,7,202,394,IAS_BRN_PKG;IAS_BRN_PKGIAS201410GET_BR_NMIAS;IAS_GEN_PKG;IAS_GEN_PKGIAS201410GET_FRM_PRVI;IAS_GEN_PKGIAS201410GET_USR_APPRVIAS;IAS_USR_PKG;IAS_USR_PKGIAS201410GET_USR_NMIA;YS_GEN_PKG;YS_GEN_PKGIAS201410CHK_INACTV_SYSTEM;YS_GEN_PKGIAS201410GET_CURDATEYS;YS_GEN_PKGIAS201410GET_PROMPTYS_;YS_GEN_PKGIAS201410GET_USR_FLD_PRVYS;YS_SRL_SCR_PKG;YS_SRL_SCR_PKGIAS201410GET_SYS_SQYS_,CREATE/SAVE;UPDATE;DELETE/VOID;POST;PRINT,FMX_STRING_EVIDENCE,oracle_forms/deep_catalog/form_field_trigger_catalog.jsonl
HRSALNCR002.fmx,HR,ONEX_HR_WINDOW_API,30,2,259,718,IAS_CHECK_SYS_PKG;IAS_CHECK_SYS_PKGIAS20142;IAS_CHECK_SYS_PKGIAS20142CHECK_BT_DATEIA;IAS_CHECK_SYS_PKGIAS20142CHECK_BT_VALUEI;IAS_DBS_SYS_PKG;IAS_DBS_SYS_PKGIAS20142CHECK_VALID_OBJECTIAS;IAS_GET_ENC_PASS_FNC;IAS_GET_ENC_PASS_FNCIAS20142IAS_GET_ENC_PASS_FNC;IAS_USR_PKG;IAS_USR_PKGIAS20142GET_USR_NMIAS;YS_EMP_PKG;YS_EMP_PKGIAS20142GET_CODE_NMYS_;YS_EMP_PKGIAS20142GET_EMP_NM;YS_GEN_PKG;YS_GEN_PKGIAS20142GET_EXTRA_PRMTRSYS;YS_GEN_PKGIAS20142GET_FLG_NM;YS_GEN_PKGIAS20142GET_PROMPT,PRINT,FMX_STRING_EVIDENCE,oracle_forms/deep_catalog/form_field_trigger_catalog.jsonl
HRSALNCT001.fmx,HR,ONEX_HR_WINDOW_API,91,8,651,1044,IAS_AUD_SYS_PKG;IAS_AUD_SYS_PKGIAS20142ADD_DOC_DELIA;IAS_GEN_PKG;IAS_GEN_PKGIAS20142GET_CURDATEIA;IAS_GET_DOC_DEL_FNC;IAS_GET_ENC_PASS_FNC;IAS_GET_ENC_PASS_FNCIAS20142IAS_GET_ENC_PASS_FNC;IAS_USR_PKG;IAS_USR_PKGIAS20142CHK_USR_FRM_PRVIA;IAS_USR_PKGIAS20142GET_USR_APPRV;IAS_USR_PKGIAS20142GET_USR_NMIAS;YS_APPRVD_PKG;YS_APPRVD_PKGIAS20142DEL_APPRVD_LVLY;YS_APPRVD_PKGIAS20142INSRT_APPRVD_LVLYS_;YS_EMP_PKG;YS_EMP_PKGIAS20142CHK_EMPYS_;YS_EMP_PKGIAS20142GET_CODE_NMYS_;YS_EMP_PKGIAS20142GET_EMP_FLDYS_;YS_EMP_PKGIAS20142GET_EMP_FLD_VALYS_;YS_EMP_PKGIAS20142GET_EMP_NM;YS_EMP_PKGIAS20142GET_HRCHY_NMYS;YS_GEN_PKG;YS_GEN_PKGIAS20142CHK_CUR_CODEYS;YS_GEN_PKGIAS20142CHK_LOCK_RCRDY;YS_GEN_PKGIAS20142GET_CNTYS_;YS_GEN_PKGIAS20142GET_DELETE_DOC_PERIODY;YS_GEN_PKGIAS20142GET_EXTRA_PRMTRSYS;YS_GEN_PKGIAS20142GET_FLG_NM;YS_GEN_PKGIAS20142GET_SYSDATEYS_;YS_GEN_PKGIAS20142GET_UPDATE_DOC_PERIODY;YS_GEN_PKGIAS20142GET_USR_FLD_PRVYS_;YS_SRL_SCR_PKG;YS_SRL_SCR_PKGIAS20142GET_SYS_SQ,CREATE/SAVE;UPDATE;DELETE/VOID;POST;PRINT,FMX_STRING_EVIDENCE,oracle_forms/deep_catalog/form_field_trigger_catalog.jsonl
HRSALNCT002.fmx,HR,ONEX_HR_WINDOW_API,97,8,826,1205,IAS_AUD_SYS_PKG;IAS_AUD_SYS_PKGIAS20142ADD_DOC_DELIA;IAS_CHECK_SYS_PKG;IAS_CHECK_SYS_PKGIAS20142CHECK_BT_DATEIA;IAS_GEN_PKG;IAS_GEN_PKGIAS20142GET_CURDATEIA;IAS_GEN_PKGIAS20142GET_MSGIA;IAS_GEN_PKGIAS20142GET_PROMPTIAS;IAS_GET_DOC_DEL_FNC;IAS_GET_ENC_PASS_FNC;IAS_GET_ENC_PASS_FNCIAS20142IAS_GET_ENC_PASS_FNC;IAS_USR_PKG;IAS_USR_PKGIAS20142CHK_USR_FRM_PRVIA;IAS_USR_PKGIAS20142GET_USR_APPRV;IAS_USR_PKGIAS20142GET_USR_NMIAS;YS_APPRVD_PKG;YS_APPRVD_PKGIAS20142DEL_APPRVD_LVLY;YS_APPRVD_PKGIAS20142INSRT_APPRVD_LVLYS_;YS_EMP_PKG;YS_EMP_PKGIAS20142CHK_EMPYS_;YS_EMP_PKGIAS20142GET_CODE_NMYS_;YS_EMP_PKGIAS20142GET_EMP_FLDYS_;YS_EMP_PKGIAS20142GET_EMP_FLD_VALYS_;YS_EMP_PKGIAS20142GET_EMP_NM;YS_GEN_PKG;YS_GEN_PKGIAS20142CHK_CUR_CODEYS;YS_GEN_PKGIAS20142CHK_LOCK_RCRDY;YS_GEN_PKGIAS20142GET_CNTYS_;YS_GEN_PKGIAS20142GET_DELETE_DOC_PERIODY;YS_GEN_PKGIAS20142GET_EXTRA_PRMTRSYS;YS_GEN_PKGIAS20142GET_FLG_NM;YS_GEN_PKGIAS20142GET_SYSDATEYS_;YS_GEN_PKGIAS20142GET_UPDATE_DOC_PERIODY;YS_GEN_PKGIAS20142GET_USR_FLD_PRVYS_;YS_SRL_SCR_PKG;YS_SRL_SCR_PKGIAS20142GET_SYS_SQ,CREATE/SAVE;UPDATE;DELETE/VOID;POST;PRINT,FMX_STRING_EVIDENCE,oracle_forms/deep_catalog/form_field_trigger_catalog.jsonl
HRSDOCI003.fmx,HR,ONEX_HR_WINDOW_API,42,8,433,768,IAS_GET_ENC_PASS_FNC;IAS_GET_ENC_PASS_FNCIAS20142IAS_GET_ENC_PASS_FNC;IAS_USR_PKG;IAS_USR_PKGIAS20142CHK_USR_FRM_PRVIA;IAS_USR_PKGIAS20142GET_USR_APPRV;IAS_USR_PKGIAS20142GET_USR_NMIAS;YS_EMP_PKG;YS_EMP_PKGIAS20142CHK_EMPYS_;YS_EMP_PKGIAS20142GET_CODE_NMYS_;YS_EMP_PKGIAS20142GET_EMP_FLDYS_;YS_GEN_PKG;YS_GEN_PKGIAS20142GET_CNTYS_;YS_GEN_PKGIAS20142GET_CURDATEYS_;YS_GEN_PKGIAS20142GET_PROMPT;YS_GEN_PKGIAS20142GET_USR_FLD_PRVYS_;YS_SRL_SCR_PKG;YS_SRL_SCR_PKGIAS20142GET_SYS_SQ,CREATE/SAVE;UPDATE;DELETE/VOID;POST;PRINT,FMX_STRING_EVIDENCE,oracle_forms/deep_catalog/form_field_trigger_catalog.jsonl
HRSDOCR005.fmx,HR,ONEX_HR_WINDOW_API,21,2,204,537,IAS_GET_ENC_PASS_FNC;IAS_GET_ENC_PASS_FNCIAS20142IAS_GET_ENC_PASS_FNC;IAS_USR_PKG;IAS_USR_PKGIAS20142GET_USR_NMIAS;YS_EMP_PKG;YS_EMP_PKGIAS20142CHK_EMPYS_;YS_GEN_PKG;YS_GEN_PKGIAS20142GET_PROMPT,PRINT,FMX_STRING_EVIDENCE,oracle_forms/deep_catalog/form_field_trigger_catalog.jsonl
HRSDOCS001.fmx,HR,ONEX_HR_WINDOW_API,36,8,255,621,IAS_GEN_PKG;IAS_GEN_PKGIAS20142GET_FLD_VALUE;IAS_GET_ENC_PASS_FNC;IAS_GET_ENC_PASS_FNCIAS20142IAS_GET_ENC_PASS_FNC;IAS_USR_PKG;IAS_USR_PKGIAS20142CHK_USR_FRM_PRVIA;IAS_USR_PKGIAS20142GET_USR_APPRV;IAS_USR_PKGIAS20142GET_USR_NMIAS;YS_GEN_PKG;YS_GEN_PKGIAS20142CHK_LOCK_RCRDY;YS_GEN_PKGIAS20142GET_USR_FLD_PRVYS_;YS_SRL_SCR_PKG;YS_SRL_SCR_PKGIAS20142GET_SYS_SQ,CREATE/SAVE;UPDATE;DELETE/VOID;POST;PRINT,FMX_STRING_EVIDENCE,oracle_forms/deep_catalog/form_field_trigger_catalog.jsonl
HRSDOCS002.fmx,HR,ONEX_HR_WINDOW_API,35,8,203,572,IAS_GEN_PKG;IAS_GEN_PKGIAS20142GET_FLD_VALUE;IAS_GET_ENC_PASS_FNC;IAS_GET_ENC_PASS_FNCIAS20142IAS_GET_ENC_PASS_FNC;IAS_USR_PKG;IAS_USR_PKGIAS20142CHK_USR_FRM_PRVIA;IAS_USR_PKGIAS20142GET_USR_APPRV;IAS_USR_PKGIAS20142GET_USR_NMIAS;YS_GEN_PKG;YS_GEN_PKGIAS20142GET_USR_FLD_PRVYS_;YS_SRL_SCR_PKG;YS_SRL_SCR_PKGIAS20142GET_SYS_SQ,CREATE/SAVE;UPDATE;DELETE/VOID;POST;PRINT,FMX_STRING_EVIDENCE,oracle_forms/deep_catalog/form_field_trigger_catalog.jsonl
HRSDOCT004.fmx,HR,ONEX_HR_WINDOW_API,50,8,358,770,IAS_BRN_PKG;IAS_BRN_PKGIAS20142GET_BR_NM;IAS_GET_DOC_DEL_FNC;IAS_GET_ENC_PASS_FNC;IAS_GET_ENC_PASS_FNCIAS20142IAS_GET_ENC_PASS_FNC;IAS_USR_PKG;IAS_USR_PKGIAS20142CHK_USR_FRM_PRVIA;IAS_USR_PKGIAS20142GET_USR_APPRV;IAS_USR_PKGIAS20142GET_USR_NMIAS;YS_EMP_PKG;YS_EMP_PKGIAS20142CHK_EMPYS_;YS_EMP_PKGIAS20142GET_CODE_NMYS_;YS_EMP_PKGIAS20142GET_EMP_FLDYS_;YS_GEN_PKG;YS_GEN_PKGIAS20142GET_DELETE_DOC_PERIODY;YS_GEN_PKGIAS20142GET_SYSDATEYS_;YS_GEN_PKGIAS20142GET_UPDATE_DOC_PERIODY;YS_GEN_PKGIAS20142GET_USR_FLD_PRVYS_;YS_SRL_SCR_PKG;YS_SRL_SCR_PKGIAS20142GET_SYS_SQ,CREATE/SAVE;UPDATE;DELETE/VOID;POST;PRINT,FMX_STRING_EVIDENCE,oracle_forms/deep_catalog/form_field_trigger_catalog.jsonl
HRSDSNR002.fmx,HR,ONEX_HR_WINDOW_API,18,2,195,531,IAS_GET_ENC_PASS_FNC;IAS_GET_ENC_PASS_FNCIAS20142IAS_GET_ENC_PASS_FNC;IAS_USR_PKG;IAS_USR_PKGIAS20142GET_USR_NMIAS;YS_EMP_PKG;YS_EMP_PKGIAS20142GET_CODE_NMYS_;YS_EMP_PKGIAS20142GET_EMP_FLDYS_;YS_EMP_PKGIAS20142GET_EMP_NM;YS_GEN_PKG;YS_GEN_PKGIAS20142GET_PROMPT,PRINT,FMX_STRING_EVIDENCE,oracle_forms/deep_catalog/form_field_trigger_catalog.jsonl
HRSDSNR005.fmx,HR,ONEX_HR_WINDOW_API,25,2,194,568,IAS_ACTV_PKG;IAS_ACTV_PKGIAS20142CHK_ACTV;IAS_ACTV_PKGIAS20142GET_ACTV_NAMEIAS;IAS_CC_CODE_PKG;IAS_CC_CODE_PKGIAS20142GET_CC_NAMEIA;IAS_GET_ENC_PASS_FNC;IAS_GET_ENC_PASS_FNCIAS20142IAS_GET_ENC_PASS_FNC;IAS_PJ_PKG;IAS_PJ_PKGIAS20142GET_PJ_NAMEIAS;IAS_USR_PKG;IAS_USR_PKGIAS20142GET_USR_NMIAS;YS_EMP_PKG;YS_EMP_PKGIAS20142GET_CODE_NMYS_;YS_EMP_PKGIAS20142GET_EMP_FLDYS_;YS_EMP_PKGIAS20142GET_EMP_NM;YS_GEN_PKG;YS_GEN_PKGIAS20142GET_PROMPT,PRINT,FMX_STRING_EVIDENCE,oracle_forms/deep_catalog/form_field_trigger_catalog.jsonl
HRSDSNR007.fmx,HR,ONEX_HR_WINDOW_API,18,2,191,550,IAS_GET_ENC_PASS_FNC;IAS_GET_ENC_PASS_FNCIAS20142IAS_GET_ENC_PASS_FNC;IAS_USR_PKG;IAS_USR_PKGIAS20142GET_USR_NMIAS;YS_EMP_PKG;YS_EMP_PKGIAS20142GET_CODE_NMYS_;YS_EMP_PKGIAS20142GET_EMP_FLDYS_;YS_EMP_PKGIAS20142GET_EMP_NM;YS_GEN_PKG;YS_GEN_PKGIAS20142GET_PROMPT,PRINT,FMX_STRING_EVIDENCE,oracle_forms/deep_catalog/form_field_trigger_catalog.jsonl
HRSDSNT002.fmx,HR,ONEX_HR_WINDOW_API,59,8,340,753,IAS_GEN_PKG;IAS_GEN_PKGIAS20142GET_MSGIA;IAS_GEN_PKGIAS20142GET_PROMPTIAS;IAS_GET_DOC_DEL_FNC;IAS_GET_ENC_PASS_FNC;IAS_GET_ENC_PASS_FNCIAS20142IAS_GET_ENC_PASS_FNC;IAS_USR_PKG;IAS_USR_PKGIAS20142CHK_USR_FRM_PRVIA;IAS_USR_PKGIAS20142GET_USR_APPRV;IAS_USR_PKGIAS20142GET_USR_NMIAS;YS_APPRVD_PKG;YS_APPRVD_PKGIAS20142INSRT_APPRVD_LVLYS_;YS_EMP_PKG;YS_EMP_PKGIAS20142CHK_EMPYS_;YS_EMP_PKGIAS20142GET_CODE_NMYS_;YS_EMP_PKGIAS20142GET_EMP_FLDYS_;YS_EMP_PKGIAS20142GET_EMP_FLD_VALYS_;YS_EMP_PKGIAS20142GET_EMP_NM;YS_GEN_PKG;YS_GEN_PKGIAS20142GET_CNTYS_;YS_GEN_PKGIAS20142GET_DELETE_DOC_PERIODY;YS_GEN_PKGIAS20142GET_SYSDATEYS_;YS_GEN_PKGIAS20142GET_UPDATE_DOC_PERIODY;YS_GEN_PKGIAS20142GET_USR_FLD_PRVYS_;YS_SRL_SCR_PKG;YS_SRL_SCR_PKGIAS20142GET_SYS_SQ,CREATE/SAVE;UPDATE;DELETE/VOID;POST;PRINT,FMX_STRING_EVIDENCE,oracle_forms/deep_catalog/form_field_trigger_catalog.jsonl
HRSDSNT005.fmx,HR,ONEX_HR_WINDOW_API,92,8,663,1065,IAS_ACTV_PKG;IAS_ACTV_PKGIAS20142CHK_ACTV;IAS_CC_CODE_PKG;IAS_CC_CODE_PKGIAS20142GET_CC_NAMEIA;IAS_GEN_PKG;IAS_GEN_PKGIAS20142GET_MSGIA;IAS_GEN_PKGIAS20142GET_PROMPTIAS;IAS_GET_DOC_DEL_FNC;IAS_GET_ENC_PASS_FNC;IAS_GET_ENC_PASS_FNCIAS20142IAS_GET_ENC_PASS_FNC;IAS_PJ_PKG;IAS_PJ_PKGIAS20142GET_PJ_NAMEIAS;IAS_USR_PKG;IAS_USR_PKGIAS20142CHK_USR_FRM_PRVIA;IAS_USR_PKGIAS20142GET_USR_APPRV;IAS_USR_PKGIAS20142GET_USR_NMIAS;YS_APPRVD_PKG;YS_APPRVD_PKGIAS20142INSRT_APPRVD_LVLYS_;YS_EMP_PKG;YS_EMP_PKGIAS20142CHK_EMPYS_;YS_EMP_PKGIAS20142GET_CODE_NMYS_;YS_EMP_PKGIAS20142GET_EMP_FLDYS_;YS_EMP_PKGIAS20142GET_EMP_FLD_VALYS_;YS_EMP_PKGIAS20142GET_HRCHY_NMYS;YS_GEN_PKG;YS_GEN_PKGIAS20142CHK_CUR_CODEYS;YS_GEN_PKGIAS20142GET_CNTYS_;YS_GEN_PKGIAS20142GET_DELETE_DOC_PERIODY;YS_GEN_PKGIAS20142GET_FLG_NM;YS_GEN_PKGIAS20142GET_SYSDATEYS_;YS_GEN_PKGIAS20142GET_UPDATE_DOC_PERIODY;YS_GEN_PKGIAS20142GET_USR_FLD_PRVYS_;YS_SRL_SCR_PKG;YS_SRL_SCR_PKGIAS20142GET_SYS_SQ,CREATE/SAVE;UPDATE;DELETE/VOID;POST;PRINT,FMX_STRING_EVIDENCE,oracle_forms/deep_catalog/form_field_trigger_catalog.jsonl
HRSDSNT007.fmx,HR,ONEX_HR_WINDOW_API,100,8,629,1057,IAS_ACODE_PKG;IAS_ACODE_PKGIAS20142GET_A_NAMEI;IAS_ACTV_PKG;IAS_ACTV_PKGIAS20142CHK_ACTV;IAS_ACTV_PKGIAS20142GET_ACTV_NAMEIAS;IAS_BRN_PKG;IAS_BRN_PKGIAS20142GET_BR_NM;IAS_CC_CODE_PKG;IAS_CC_CODE_PKGIAS20142GET_CC_NAMEIA;IAS_GEN_PKG;IAS_GEN_PKGIAS20142GET_MSGIA;IAS_GEN_PKGIAS20142GET_PROMPTIAS;IAS_GET_DOC_DEL_FNC;IAS_GET_ENC_PASS_FNC;IAS_GET_ENC_PASS_FNCIAS20142IAS_GET_ENC_PASS_FNC;IAS_PJ_PKG;IAS_PJ_PKGIAS20142GET_PJ_NAMEIAS;IAS_USR_PKG;IAS_USR_PKGIAS20142CHK_USR_FRM_PRVIA;IAS_USR_PKGIAS20142GET_USR_APPRV;IAS_USR_PKGIAS20142GET_USR_NMIAS;YS_APPRVD_PKG;YS_APPRVD_PKGIAS20142INSRT_APPRVD_LVLYS_;YS_EMP_PKG;YS_EMP_PKGIAS20142CHK_EMPYS_;YS_EMP_PKGIAS20142GET_CODE_NMYS_;YS_EMP_PKGIAS20142GET_EMP_FLDYS_;YS_EMP_PKGIAS20142GET_EMP_FLD_VALYS_;YS_EMP_PKGIAS20142GET_EMP_NM;YS_EMP_PKGIAS20142GET_HRCHY_NMYS;YS_GEN_PKG;YS_GEN_PKGIAS20142CHK_CUR_CODEYS;YS_GEN_PKGIAS20142GET_CNTYS_;YS_GEN_PKGIAS20142GET_CURDATEYS_;YS_GEN_PKGIAS20142GET_DELETE_DOC_PERIODY;YS_GEN_PKGIAS20142GET_FLD_VALUEY;YS_GEN_PKGIAS20142GET_FLG_NM;YS_GEN_PKGIAS20142GET_PROMPT;YS_GEN_PKGIAS20142GET_SYSDATEYS_;YS_GEN_PKGIAS20142GET_UPDATE_DOC_PERIODY,CREATE/SAVE;UPDATE;DELETE/VOID;POST;PRINT,FMX_STRING_EVIDENCE,oracle_forms/deep_catalog/form_field_trigger_catalog.jsonl
HRSEVLI001.fmx,HR,ONEX_HR_WINDOW_API,36,8,316,671,IAS_GET_ENC_PASS_FNC;IAS_GET_ENC_PASS_FNCIAS20142IAS_GET_ENC_PASS_FNC;IAS_USR_PKG;IAS_USR_PKGIAS20142CHK_USR_FRM_PRVIA;IAS_USR_PKGIAS20142GET_USR_APPRV;IAS_USR_PKGIAS20142GET_USR_NMIAS;YS_GEN_PKG;YS_GEN_PKGIAS20142GET_CURDATEYS_;YS_GEN_PKGIAS20142GET_USR_FLD_PRVYS_;YS_SRL_SCR_PKG;YS_SRL_SCR_PKGIAS20142GET_SYS_SQ,CREATE/SAVE;UPDATE;DELETE/VOID;POST;PRINT,FMX_STRING_EVIDENCE,oracle_forms/deep_catalog/form_field_trigger_catalog.jsonl
HRSEVLI002.fmx,HR,ONEX_HR_WINDOW_API,41,8,349,695,IAS_GEN_PKG;IAS_GEN_PKGIAS20142GET_PROMPTIAS;IAS_GET_ENC_PASS_FNC;IAS_GET_ENC_PASS_FNCIAS20142IAS_GET_ENC_PASS_FNC;IAS_USR_PKG;IAS_USR_PKGIAS20142CHK_USR_FRM_PRVIA;IAS_USR_PKGIAS20142GET_USR_APPRV;IAS_USR_PKGIAS20142GET_USR_NMIAS;YS_GEN_PKG;YS_GEN_PKGIAS20142GET_PROMPT;YS_GEN_PKGIAS20142GET_USR_FLD_PRVYS_;YS_SRL_SCR_PKG;YS_SRL_SCR_PKGIAS20142GET_SYS_SQ,CREATE/SAVE;UPDATE;DELETE/VOID;POST;PRINT,FMX_STRING_EVIDENCE,oracle_forms/deep_catalog/form_field_trigger_catalog.jsonl
HRSEVLR001.fmx,HR,ONEX_HR_WINDOW_API,25,2,192,542,IAS_CHECK_SYS_PKG;IAS_CHECK_SYS_PKGIAS20142CHECK_BT_DATEIA;IAS_CHECK_SYS_PKGIAS20142CHECK_BT_VALUEI;IAS_GET_ENC_PASS_FNC;IAS_GET_ENC_PASS_FNCIAS20142IAS_GET_ENC_PASS_FNC;IAS_USR_PKG;IAS_USR_PKGIAS20142GET_USR_NMIAS;YS_EMP_PKG;YS_EMP_PKGIAS20142GET_EMP_NM;YS_EMP_PKGIAS20142GET_HRCHY_NMYS;YS_GEN_PKG;YS_GEN_PKGIAS20142GET_FLG_NM,PRINT,FMX_STRING_EVIDENCE,oracle_forms/deep_catalog/form_field_trigger_catalog.jsonl
HRSEVLS001.fmx,HR,ONEX_HR_WINDOW_API,41,8,251,622,IAS_GEN_PKG;IAS_GEN_PKGIAS20142GET_FLD_VALUE;IAS_GET_ENC_PASS_FNC;IAS_GET_ENC_PASS_FNCIAS20142IAS_GET_ENC_PASS_FNC;IAS_USR_PKG;IAS_USR_PKGIAS20142CHK_USR_FRM_PRVIA;IAS_USR_PKGIAS20142GET_USR_APPRV;IAS_USR_PKGIAS20142GET_USR_NMIAS;YS_GEN_PKG;YS_GEN_PKGIAS20142GET_CURDATEYS_;YS_GEN_PKGIAS20142GET_FLG_NM;YS_GEN_PKGIAS20142GET_USR_FLD_PRVYS_;YS_SRL_SCR_PKG;YS_SRL_SCR_PKGIAS20142GET_SYS_SQ,CREATE/SAVE;UPDATE;DELETE/VOID;POST;PRINT,FMX_STRING_EVIDENCE,oracle_forms/deep_catalog/form_field_trigger_catalog.jsonl
HRSEVLT001.fmx,HR,ONEX_HR_WINDOW_API,58,8,429,813,IAS_CHECK_SYS_PKG;IAS_CHECK_SYS_PKGIAS20142CHECK_BT_DATEIA;IAS_GEN_PKG;IAS_GEN_PKGIAS20142GET_MSGIA;IAS_GEN_PKGIAS20142GET_PROMPTIAS;IAS_GET_ENC_PASS_FNC;IAS_GET_ENC_PASS_FNCIAS20142IAS_GET_ENC_PASS_FNC;IAS_USR_PKG;IAS_USR_PKGIAS20142CHK_USR_FRM_PRVIA;IAS_USR_PKGIAS20142GET_USR_APPRV;IAS_USR_PKGIAS20142GET_USR_NMIAS;YS_EMP_PKG;YS_EMP_PKGIAS20142CHK_EMPYS_;YS_EMP_PKGIAS20142GET_CODE_NMYS_;YS_EMP_PKGIAS20142GET_EMP_FLDYS_;YS_EMP_PKGIAS20142GET_EMP_FLD_VALYS_;YS_EMP_PKGIAS20142GET_EMP_NM;YS_GEN_PKG;YS_GEN_PKGIAS20142GET_CNTYS_;YS_GEN_PKGIAS20142GET_DELETE_DOC_PERIODY;YS_GEN_PKGIAS20142GET_SYSDATEYS_;YS_GEN_PKGIAS20142GET_UPDATE_DOC_PERIODY;YS_GEN_PKGIAS20142GET_USR_FLD_PRVYS_;YS_SRL_SCR_PKG;YS_SRL_SCR_PKGIAS20142GET_SYS_SQ,CREATE/SAVE;UPDATE;DELETE/VOID;POST;PRINT,FMX_STRING_EVIDENCE,oracle_forms/deep_catalog/form_field_trigger_catalog.jsonl
HRSI002.fmx,HR,ONEX_HR_WINDOW_API,35,8,271,572,IAS_GEN_PKG;IAS_GEN_PKGIAS20142GET_FLD_VALUE;IAS_GET_ENC_PASS_FNC;IAS_GET_ENC_PASS_FNCIAS20142IAS_GET_ENC_PASS_FNC;IAS_USR_PKG;IAS_USR_PKGIAS20142CHK_USR_FRM_PRVIA;IAS_USR_PKGIAS20142GET_USR_APPRV;IAS_USR_PKGIAS20142GET_USR_NMIAS;YS_GEN_PKG;YS_GEN_PKGIAS20142GET_SYSDATEYS_;YS_GEN_PKGIAS20142GET_USR_FLD_PRVYS_;YS_SRL_SCR_PKG;YS_SRL_SCR_PKGIAS20142GET_SYS_SQ,CREATE/SAVE;UPDATE;DELETE/VOID;POST;PRINT,FMX_STRING_EVIDENCE,oracle_forms/deep_catalog/form_field_trigger_catalog.jsonl
HRSI003.fmx,HR,ONEX_HR_WINDOW_API,35,8,357,571,IAS_GEN_PKG;IAS_GEN_PKGIAS20142GET_FLD_VALUE;IAS_GET_ENC_PASS_FNC;IAS_GET_ENC_PASS_FNCIAS20142IAS_GET_ENC_PASS_FNC;IAS_USR_PKG;IAS_USR_PKGIAS20142CHK_USR_FRM_PRVIA;IAS_USR_PKGIAS20142GET_USR_APPRV;IAS_USR_PKGIAS20142GET_USR_NMIAS;YS_GEN_PKG;YS_GEN_PKGIAS20142GET_USR_FLD_PRVYS_;YS_SRL_SCR_PKG;YS_SRL_SCR_PKGIAS20142GET_SYS_SQ,CREATE/SAVE;UPDATE;DELETE/VOID;POST;PRINT,FMX_STRING_EVIDENCE,oracle_forms/deep_catalog/form_field_trigger_catalog.jsonl
HRSI004.fmx,HR,ONEX_HR_WINDOW_API,49,8,267,631,IAS_ACODE_PKG;IAS_ACODE_PKGIAS20142CHK_AC_CODE;IAS_ACTV_PKG;IAS_ACTV_PKGIAS20142CHK_ACTV_NOI;IAS_CC_CODE_PKG;IAS_CC_CODE_PKGIAS20142CHK_CC_CODEIA;IAS_CHECK_SYS_PKG;IAS_CHECK_SYS_PKGIAS20142CHECK_BT_VALUEI;IAS_GET_ENC_PASS_FNC;IAS_GET_ENC_PASS_FNCIAS20142IAS_GET_ENC_PASS_FNC;IAS_PJ_PKG;IAS_PJ_PKGIAS20142CHK_PJ_NOI;IAS_USR_PKG;IAS_USR_PKGIAS20142CHK_USR_FRM_PRVIA;IAS_USR_PKGIAS20142GET_USR_APPRV;IAS_USR_PKGIAS20142GET_USR_NMIAS;YS_EMP_PKG;YS_EMP_PKGIAS20142CHK_EMPYS_;YS_EMP_PKGIAS20142GET_HRCHY_NMYS;YS_GEN_PKG;YS_GEN_PKGIAS20142CHK_LOCK_RCRDY;YS_GEN_PKGIAS20142GET_CURDATEYS_;YS_GEN_PKGIAS20142GET_USR_FLD_PRVYS_;YS_SRL_SCR_PKG;YS_SRL_SCR_PKGIAS20142GET_SYS_SQ,CREATE/SAVE;UPDATE;DELETE/VOID;POST;PRINT,FMX_STRING_EVIDENCE,oracle_forms/deep_catalog/form_field_trigger_catalog.jsonl
HRSI005.fmx,HR,ONEX_HR_WINDOW_API,37,8,289,643,IAS_CHECK_SYS_PKG;IAS_CHECK_SYS_PKGIAS20142CHECK_BT_DATEIA;IAS_GET_ENC_PASS_FNC;IAS_GET_ENC_PASS_FNCIAS20142IAS_GET_ENC_PASS_FNC;IAS_USR_PKG;IAS_USR_PKGIAS20142CHK_USR_FRM_PRVIA;IAS_USR_PKGIAS20142GET_USR_APPRV;IAS_USR_PKGIAS20142GET_USR_NMIAS;YS_GEN_PKG;YS_GEN_PKGIAS20142CHK_LOCK_RCRDY;YS_GEN_PKGIAS20142GET_SYSDATEYS_;YS_GEN_PKGIAS20142GET_USR_FLD_PRVYS_;YS_SRL_SCR_PKG;YS_SRL_SCR_PKGIAS20142GET_SYS_SQ,CREATE/SAVE;UPDATE;DELETE/VOID;POST;PRINT,FMX_STRING_EVIDENCE,oracle_forms/deep_catalog/form_field_trigger_catalog.jsonl
HRSI006.fmx,HR,ONEX_HR_WINDOW_API,52,8,351,737,IAS_CC_CODE_PKG;IAS_CC_CODE_PKGIAS20142GET_CC_NAMEIA;IAS_CHECK_SYS_PKG;IAS_CHECK_SYS_PKGIAS20142CHECK_BT_DATEIA;IAS_GET_ENC_PASS_FNC;IAS_GET_ENC_PASS_FNCIAS20142IAS_GET_ENC_PASS_FNC;IAS_USR_PKG;IAS_USR_PKGIAS20142CHK_USR_FRM_PRVIA;IAS_USR_PKGIAS20142GET_USR_APPRV;IAS_USR_PKGIAS20142GET_USR_NMIAS;YS_EMP_PKG;YS_EMP_PKGIAS20142CHK_EMPYS_;YS_EMP_PKGIAS20142GET_EMP_NM;YS_EMP_PKGIAS20142GET_HRCHY_NMYS;YS_GEN_PKG;YS_GEN_PKGIAS20142CHK_LOCK_RCRDY;YS_GEN_PKGIAS20142GET_CNTYS_;YS_GEN_PKGIAS20142GET_SYSDATEYS_;YS_GEN_PKGIAS20142GET_USR_FLD_PRVYS_;YS_SRL_SCR_PKG;YS_SRL_SCR_PKGIAS20142GET_SYS_SQ,CREATE/SAVE;UPDATE;DELETE/VOID;POST;PRINT,FMX_STRING_EVIDENCE,oracle_forms/deep_catalog/form_field_trigger_catalog.jsonl
HRSI007.fmx,HR,ONEX_HR_WINDOW_API,50,8,362,678,IAS_ACODE_PKG;IAS_ACODE_PKGIAS201650CHK_AC_CODEIAS;IAS_ACODE_PKGIAS201650GET_A_NAME;IAS_ACTV_PKG;IAS_ACTV_PKGIAS201650CHK_ACTV_NO;IAS_CC_CODE_PKG;IAS_CC_CODE_PKGIAS201650GET_CC_NAMEI;IAS_GET_ENC_PASS_FNC;IAS_PJ_PKG;IAS_PJ_PKGIAS201650CHK_PJ_NO;IAS_USR_PKG;IAS_USR_PKGIAS201650CHK_USR_FRM_PRVI;IAS_USR_PKGIAS201650GET_USR_APPRVIAS;IAS_USR_PKGIAS201650GET_USR_NMIA;YS_EMP_PKG;YS_EMP_PKGIAS201650CHK_EMPYS;YS_GEN_PKG;YS_GEN_PKGIAS201650CHK_LOCK_RCRD;YS_GEN_PKGIAS201650GET_CNTYS;YS_GEN_PKGIAS201650GET_USR_FLD_PRVYS;YS_SRL_SCR_PKG;YS_SRL_SCR_PKGIAS201650GET_SYS_SQYS_,CREATE/SAVE;UPDATE;DELETE/VOID;POST;PRINT,FMX_STRING_EVIDENCE,oracle_forms/deep_catalog/form_field_trigger_catalog.jsonl
HRSI012.fmx,HR,ONEX_HR_WINDOW_API,59,8,524,840,IAS_CHECK_SYS_PKG;IAS_CHECK_SYS_PKGIAS20142CHECK_BT_VALUEI;IAS_GEN_PKG;IAS_GEN_PKGIAS20142GET_SYSDATEIA;IAS_GET_ENC_PASS_FNC;IAS_GET_ENC_PASS_FNCIAS20142IAS_GET_ENC_PASS_FNC;IAS_USR_PKG;IAS_USR_PKGIAS20142CHK_USR_FRM_PRVIA;IAS_USR_PKGIAS20142GET_USR_APPRV;IAS_USR_PKGIAS20142GET_USR_NMIAS;YS_EMP_PKG;YS_EMP_PKGIAS20142CHK_EMPYS_;YS_EMP_PKGIAS20142GET_CODE_NMYS_;YS_EMP_PKGIAS20142GET_EMP_FLDYS_;YS_EMP_PKGIAS20142GET_HRCHY_NMYS;YS_GEN_PKG;YS_GEN_PKGIAS20142GET_FLG_NM;YS_GEN_PKGIAS20142GET_PROMPT;YS_GEN_PKGIAS20142GET_USR_FLD_PRVYS_;YS_SRL_SCR_PKG;YS_SRL_SCR_PKGIAS20142GET_SYS_SQ,CREATE/SAVE;UPDATE;DELETE/VOID;POST;PRINT,FMX_STRING_EVIDENCE,oracle_forms/deep_catalog/form_field_trigger_catalog.jsonl
HRSIMPXLS_ARTCL.fmx,HR,ONEX_HR_WINDOW_API,44,8,192,430,IAS_GET_ENC_PASS_FNC;IAS_GET_ENC_PASS_FNCIAS20142IAS_GET_ENC_PASS_FNC;IAS_USR_PKG;IAS_USR_PKGIAS20142CHK_USR_FRM_PRVIA;IAS_USR_PKGIAS20142GET_USR_APPRV;IAS_USR_PKGIAS20142GET_USR_NMIAS;YS_EMP_PKG;YS_EMP_PKGIAS20142CHK_EMPYS_;YS_GEN_PKG;YS_GEN_PKGIAS20142CHK_CUR_CODEYS;YS_GEN_PKGIAS20142CHK_LOCK_RCRDY;YS_GEN_PKGIAS20142GET_FLG_NM;YS_GEN_PKGIAS20142GET_SYSDATEYS_;YS_GEN_PKGIAS20142GET_USR_FLD_PRVYS_;YS_SRL_SCR_PKG;YS_SRL_SCR_PKGIAS20142GET_SYS_SQ,CREATE/SAVE;UPDATE;DELETE/VOID;POST;PRINT,FMX_STRING_EVIDENCE,oracle_forms/deep_catalog/form_field_trigger_catalog.jsonl
HRSIRCS001.fmx,HR,ONEX_HR_WINDOW_API,37,8,312,650,IAS_GEN_PKG;IAS_GEN_PKGIAS20142GET_USR_NMIAS;IAS_GET_ENC_PASS_FNC;IAS_GET_ENC_PASS_FNCIAS20142IAS_GET_ENC_PASS_FNC;IAS_USR_PKG;IAS_USR_PKGIAS20142CHK_USR_FRM_PRVIA;IAS_USR_PKGIAS20142GET_USR_APPRV;IAS_USR_PKGIAS20142GET_USR_NMIAS;YS_GEN_PKG;YS_GEN_PKGIAS20142CHK_LOCK_RCRDY;YS_GEN_PKGIAS20142GET_CURDATEYS_;YS_GEN_PKGIAS20142GET_USR_FLD_PRVYS_;YS_SRL_SCR_PKG;YS_SRL_SCR_PKGIAS20142GET_SYS_SQ,CREATE/SAVE;UPDATE;DELETE/VOID;POST;PRINT,FMX_STRING_EVIDENCE,oracle_forms/deep_catalog/form_field_trigger_catalog.jsonl
HRSIRCS002.fmx,HR,ONEX_HR_WINDOW_API,36,8,350,633,IAS_GET_ENC_PASS_FNC;IAS_GET_ENC_PASS_FNCIAS20142IAS_GET_ENC_PASS_FNC;IAS_USR_PKG;IAS_USR_PKGIAS20142CHK_USR_FRM_PRVIA;IAS_USR_PKGIAS20142GET_USR_APPRV;IAS_USR_PKGIAS20142GET_USR_NMIAS;YS_GEN_PKG;YS_GEN_PKGIAS20142CHK_LOCK_RCRDY;YS_GEN_PKGIAS20142GET_MSGYS_;YS_GEN_PKGIAS20142GET_PROMPT;YS_GEN_PKGIAS20142GET_USR_FLD_PRVYS_;YS_SRL_SCR_PKG;YS_SRL_SCR_PKGIAS20142GET_SYS_SQ,CREATE/SAVE;UPDATE;DELETE/VOID;POST;PRINT,FMX_STRING_EVIDENCE,oracle_forms/deep_catalog/form_field_trigger_catalog.jsonl
HRSIRCT007.fmx,HR,ONEX_HR_WINDOW_API,38,8,261,622,IAS_GEN_PKG;IAS_GEN_PKGIAS20142GET_PROMPTIAS;IAS_GET_DOC_DEL_FNC;IAS_GET_ENC_PASS_FNC;IAS_GET_ENC_PASS_FNCIAS20142IAS_GET_ENC_PASS_FNC;IAS_USR_PKG;IAS_USR_PKGIAS20142CHK_USR_FRM_PRVIA;IAS_USR_PKGIAS20142GET_USR_APPRV;IAS_USR_PKGIAS20142GET_USR_NMIAS;YS_GEN_PKG;YS_GEN_PKGIAS20142CHK_LOCK_RCRDY;YS_GEN_PKGIAS20142GET_SYSDATEYS_;YS_GEN_PKGIAS20142GET_USR_FLD_PRVYS_;YS_SRL_SCR_PKG;YS_SRL_SCR_PKGIAS20142GET_SYS_SQ,CREATE/SAVE;UPDATE;DELETE/VOID;POST;PRINT,FMX_STRING_EVIDENCE,oracle_forms/deep_catalog/form_field_trigger_catalog.jsonl
HRSMDCI001.fmx,HR,ONEX_HR_WINDOW_API,37,8,386,596,IAS_ACODE_PKG;IAS_ACODE_PKGIAS20142CHK_AC_CODE;IAS_GET_ENC_PASS_FNC;IAS_GET_ENC_PASS_FNCIAS20142IAS_GET_ENC_PASS_FNC;IAS_USR_PKG;IAS_USR_PKGIAS20142CHK_USR_FRM_PRVIA;IAS_USR_PKGIAS20142GET_USR_APPRV;IAS_USR_PKGIAS20142GET_USR_NMIAS;YS_AC_DTL_PKG;YS_AC_DTL_PKGIAS20142CHK_AC_DTLY;YS_GEN_PKG;YS_GEN_PKGIAS20142GET_CNTYS_;YS_GEN_PKGIAS20142GET_USR_FLD_PRVYS_;YS_SRL_SCR_PKG;YS_SRL_SCR_PKGIAS20142GET_SYS_SQ,CREATE/SAVE;UPDATE;DELETE/VOID;POST;PRINT,FMX_STRING_EVIDENCE,oracle_forms/deep_catalog/form_field_trigger_catalog.jsonl
HRSMDCR001.fmx,HR,ONEX_HR_WINDOW_API,32,2,185,636,IAS_CHECK_SYS_PKG;IAS_CHECK_SYS_PKGIAS20142CHECK_BT_DATEIA;IAS_CHECK_SYS_PKGIAS20142CHECK_BT_VALUEI;IAS_GET_ENC_PASS_FNC;IAS_GET_ENC_PASS_FNCIAS20142IAS_GET_ENC_PASS_FNC;IAS_USR_PKG;IAS_USR_PKGIAS20142GET_USR_NMIAS;YS_EMP_PKG;YS_EMP_PKGIAS20142GET_EMP_NM;YS_GEN_PKG;YS_GEN_PKGIAS20142GET_EXTRA_PRMTRSYS;YS_LOV_SLCT_PKG;YS_LOV_SLCT_PKGIAS20142DESLCT_DATAYS;YS_LOV_SLCT_PKGIAS20142FETCH_SLCT_DATAYS;YS_LOV_SLCT_PKGIAS20142SLCT_DATA,PRINT,FMX_STRING_EVIDENCE,oracle_forms/deep_catalog/form_field_trigger_catalog.jsonl
HRSMDCR002.fmx,HR,ONEX_HR_WINDOW_API,34,2,188,639,IAS_CHECK_SYS_PKG;IAS_CHECK_SYS_PKGIAS20142CHECK_BT_DATEIA;IAS_CHECK_SYS_PKGIAS20142CHECK_BT_VALUEI;IAS_DBS_SYS_PKG;IAS_DBS_SYS_PKGIAS20142CHECK_VALID_OBJECTIAS;IAS_GET_ENC_PASS_FNC;IAS_GET_ENC_PASS_FNCIAS20142IAS_GET_ENC_PASS_FNC;IAS_USR_PKG;IAS_USR_PKGIAS20142GET_USR_NMIAS;YS_EMP_PKG;YS_EMP_PKGIAS20142GET_EMP_NM;YS_GEN_PKG;YS_GEN_PKGIAS20142GET_EXTRA_PRMTRSYS;YS_LOV_SLCT_PKG;YS_LOV_SLCT_PKGIAS20142DESLCT_DATAYS;YS_LOV_SLCT_PKGIAS20142FETCH_SLCT_DATAYS;YS_LOV_SLCT_PKGIAS20142SLCT_DATA,PRINT,FMX_STRING_EVIDENCE,oracle_forms/deep_catalog/form_field_trigger_catalog.jsonl
HRSMDCR003.fmx,HR,ONEX_HR_WINDOW_API,32,2,323,776,IAS_CHECK_SYS_PKG;IAS_CHECK_SYS_PKGIAS20142CHECK_BT_DATEIA;IAS_CHECK_SYS_PKGIAS20142CHECK_BT_VALUEI;IAS_GET_ENC_PASS_FNC;IAS_GET_ENC_PASS_FNCIAS20142IAS_GET_ENC_PASS_FNC;IAS_USR_PKG;IAS_USR_PKGIAS20142GET_USR_NMIAS;YS_EMP_PKG;YS_EMP_PKGIAS20142GET_EMP_NM;YS_GEN_PKG;YS_GEN_PKGIAS20142GET_EXTRA_PRMTRSYS;YS_LOV_SLCT_PKG;YS_LOV_SLCT_PKGIAS20142DESLCT_DATAYS;YS_LOV_SLCT_PKGIAS20142FETCH_SLCT_DATAYS;YS_LOV_SLCT_PKGIAS20142SLCT_DATA,PRINT,FMX_STRING_EVIDENCE,oracle_forms/deep_catalog/form_field_trigger_catalog.jsonl
HRSMDCR004.fmx,HR,ONEX_HR_WINDOW_API,32,2,185,636,IAS_CHECK_SYS_PKG;IAS_CHECK_SYS_PKGIAS20142CHECK_BT_DATEIA;IAS_CHECK_SYS_PKGIAS20142CHECK_BT_VALUEI;IAS_GET_ENC_PASS_FNC;IAS_GET_ENC_PASS_FNCIAS20142IAS_GET_ENC_PASS_FNC;IAS_USR_PKG;IAS_USR_PKGIAS20142GET_USR_NMIAS;YS_EMP_PKG;YS_EMP_PKGIAS20142GET_EMP_NM;YS_GEN_PKG;YS_GEN_PKGIAS20142GET_EXTRA_PRMTRSYS;YS_LOV_SLCT_PKG;YS_LOV_SLCT_PKGIAS20142DESLCT_DATAYS;YS_LOV_SLCT_PKGIAS20142FETCH_SLCT_DATAYS;YS_LOV_SLCT_PKGIAS20142SLCT_DATA,PRINT,FMX_STRING_EVIDENCE,oracle_forms/deep_catalog/form_field_trigger_catalog.jsonl
HRSMDCS001.fmx,HR,ONEX_HR_WINDOW_API,36,8,353,538,IAS_GET_ENC_PASS_FNC;IAS_GET_ENC_PASS_FNCIAS20142IAS_GET_ENC_PASS_FNC;IAS_USR_PKG;IAS_USR_PKGIAS20142CHK_USR_FRM_PRVIA;IAS_USR_PKGIAS20142GET_USR_APPRV;IAS_USR_PKGIAS20142GET_USR_NMIAS;YS_GEN_PKG;YS_GEN_PKGIAS20142GET_CNTYS_;YS_GEN_PKGIAS20142GET_CURDATEYS_;YS_GEN_PKGIAS20142GET_USR_FLD_PRVYS_;YS_SRL_SCR_PKG;YS_SRL_SCR_PKGIAS20142GET_SYS_SQ,CREATE/SAVE;UPDATE;DELETE/VOID;POST;PRINT,FMX_STRING_EVIDENCE,oracle_forms/deep_catalog/form_field_trigger_catalog.jsonl
HRSMDCS002.fmx,HR,ONEX_HR_WINDOW_API,36,8,354,536,IAS_GET_ENC_PASS_FNC;IAS_GET_ENC_PASS_FNCIAS20142IAS_GET_ENC_PASS_FNC;IAS_USR_PKG;IAS_USR_PKGIAS20142CHK_USR_FRM_PRVIA;IAS_USR_PKGIAS20142GET_USR_APPRV;IAS_USR_PKGIAS20142GET_USR_NMIAS;YS_GEN_PKG;YS_GEN_PKGIAS20142GET_CNTYS_;YS_GEN_PKGIAS20142GET_CURDATEYS_;YS_GEN_PKGIAS20142GET_USR_FLD_PRVYS_;YS_SRL_SCR_PKG;YS_SRL_SCR_PKGIAS20142GET_SYS_SQ,CREATE/SAVE;UPDATE;DELETE/VOID;POST;PRINT,FMX_STRING_EVIDENCE,oracle_forms/deep_catalog/form_field_trigger_catalog.jsonl
HRSMDCS003.fmx,HR,ONEX_HR_WINDOW_API,44,8,380,652,IAS_GET_ENC_PASS_FNC;IAS_GET_ENC_PASS_FNCIAS20142IAS_GET_ENC_PASS_FNC;IAS_USR_PKG;IAS_USR_PKGIAS20142CHK_USR_FRM_PRVIA;IAS_USR_PKGIAS20142GET_USR_APPRV;IAS_USR_PKGIAS20142GET_USR_NMIAS;YS_EMP_PKG;YS_EMP_PKGIAS20142CHK_EMPYS_;YS_GEN_PKG;YS_GEN_PKGIAS20142CHK_CUR_CODEYS;YS_GEN_PKGIAS20142CHK_LOCK_RCRDY;YS_GEN_PKGIAS20142GET_CNTYS_;YS_GEN_PKGIAS20142GET_CURDATEYS_;YS_GEN_PKGIAS20142GET_FINAL_DAYY;YS_GEN_PKGIAS20142GET_FRST_DAYYS;YS_GEN_PKGIAS20142GET_USR_FLD_PRVYS_;YS_SRL_SCR_PKG;YS_SRL_SCR_PKGIAS20142GET_SYS_SQ,CREATE/SAVE;UPDATE;DELETE/VOID;POST;PRINT,FMX_STRING_EVIDENCE,oracle_forms/deep_catalog/form_field_trigger_catalog.jsonl
HRSMDCT001.fmx,HR,ONEX_HR_WINDOW_API,107,8,440,936,IAS_ACODE_PKG;IAS_ACODE_PKGIAS20142GET_A_NAMEI;IAS_ACTV_PKG;IAS_ACTV_PKGIAS20142CHK_ACTV_NOI;IAS_AUD_SYS_PKG;IAS_AUD_SYS_PKGIAS20142ADD_DOC_DELIA;IAS_CC_CODE_PKG;IAS_CC_CODE_PKGIAS20142CHK_CC_CODEIA;IAS_GEN_PKG;IAS_GEN_PKGIAS20142GET_CNTIA;IAS_GEN_PKGIAS20142GET_CURDATEIA;IAS_GET_DOC_DEL_FNC;IAS_GET_ENC_PASS_FNC;IAS_GET_ENC_PASS_FNCIAS20142IAS_GET_ENC_PASS_FNC;IAS_PJ_PKG;IAS_PJ_PKGIAS20142CHK_PJ_NOI;IAS_POSTING_PKG;IAS_POSTING_PKGIAS20142GET_ACODE_REP_TYPEIAS;IAS_USR_PKG;IAS_USR_PKGIAS20142CHK_USR_FRM_PRVIA;IAS_USR_PKGIAS20142GET_USR_APPRV;IAS_USR_PKGIAS20142GET_USR_NMIAS;YS_AC_DTL_PKG;YS_AC_DTL_PKGIAS20142CHK_AC_DTLY;YS_APPRVD_PKG;YS_APPRVD_PKGIAS20142DEL_APPRVD_LVLY;YS_APPRVD_PKGIAS20142INSRT_APPRVD_LVLYS_;YS_EMP_PKG;YS_EMP_PKGIAS20142CHK_EMPYS_;YS_EMP_PKGIAS20142GET_EMP_FLDYS_;YS_EMP_PKGIAS20142GET_EMP_FLD_VALYS_;YS_GEN_PKG;YS_GEN_PKGIAS20142CHK_CUR_RATEYS;YS_GEN_PKGIAS20142CHK_INACTV_SYSTEMY;YS_GEN_PKGIAS20142GET_CNTYS_;YS_GEN_PKGIAS20142GET_CUR_RATEYS;YS_GEN_PKGIAS20142GET_DELETE_DOC_PERIODY;YS_GEN_PKGIAS20142GET_FLD_VALUEY;YS_GEN_PKGIAS20142GET_PROMPT;YS_GEN_PKGIAS20142GET_SYSDATEYS_,CREATE/SAVE;UPDATE;DELETE/VOID;POST;PRINT,FMX_STRING_EVIDENCE,oracle_forms/deep_catalog/form_field_trigger_catalog.jsonl
HRSPST001.fmx,HR,ONEX_HR_WINDOW_API,55,8,472,739,IAS_CHECK_SYS_PKG;IAS_CHECK_SYS_PKGIAS20142CHECK_BT_VALUEI;IAS_GEN_PKG;IAS_GEN_PKGIAS20142GET_FRM_PRVIA;IAS_GET_ENC_PASS_FNC;IAS_GET_ENC_PASS_FNCIAS20142IAS_GET_ENC_PASS_FNC;IAS_USR_PKG;IAS_USR_PKGIAS20142GET_USR_APPRV;IAS_USR_PKGIAS20142GET_USR_NMIAS;YS_EMP_PKG;YS_EMP_PKGIAS20142CHK_EMPYS_;YS_EMP_PKGIAS20142GET_HRCHY_NMYS;YS_GEN_PKG;YS_GEN_PKGIAS20142CHK_LOCK_RCRDY;YS_GEN_PKGIAS20142GET_FLG_NM;YS_GEN_PKGIAS20142GET_LOCAL_CURY;YS_GEN_PKGIAS20142GET_PROMPT;YS_GEN_PKGIAS20142GET_USR_FLD_PRVYS_;YS_SCR_PKG;YS_SCR_PKGIAS20142GET_SCR_NM;YS_SRL_SCR_PKG;YS_SRL_SCR_PKGIAS20142GET_SYS_SQ,CREATE/SAVE;UPDATE;DELETE/VOID;POST;PRINT,FMX_STRING_EVIDENCE,oracle_forms/deep_catalog/form_field_trigger_catalog.jsonl
HRSR002.fmx,HR,ONEX_HR_WINDOW_API,37,2,199,596,IAS_ACTV_PKG;IAS_ACTV_PKGIAS20142CHK_ACTV;IAS_ACTV_PKGIAS20142GET_ACTV_NAMEIAS;IAS_CC_CODE_PKG;IAS_CC_CODE_PKGIAS20142GET_CC_NAMEIA;IAS_CHECK_SYS_PKG;IAS_CHECK_SYS_PKGIAS20142CHECK_BT_DATEIA;IAS_CHECK_SYS_PKGIAS20142CHECK_BT_VALUEI;IAS_DBS_SYS_PKG;IAS_DBS_SYS_PKGIAS20142CHECK_VALID_OBJECTIAS;IAS_GET_ENC_PASS_FNC;IAS_GET_ENC_PASS_FNCIAS20142IAS_GET_ENC_PASS_FNC;IAS_PJ_PKG;IAS_PJ_PKGIAS20142GET_PJ_NAMEIAS;IAS_USR_PKG;IAS_USR_PKGIAS20142GET_USR_NMIAS;YS_EMP_PKG;YS_EMP_PKGIAS20142GET_CODE_NMYS_;YS_EMP_PKGIAS20142GET_EMP_FLDYS_;YS_EMP_PKGIAS20142GET_EMP_NM;YS_GEN_PKG;YS_GEN_PKGIAS20142GET_EXTRA_PRMTRSYS;YS_GEN_PKGIAS20142GET_PROMPT,PRINT,FMX_STRING_EVIDENCE,oracle_forms/deep_catalog/form_field_trigger_catalog.jsonl
HRSR003.fmx,HR,ONEX_HR_WINDOW_API,18,2,194,560,IAS_GEN_PKG;IAS_GEN_PKGIAS20142GET_PROMPTIAS;IAS_GET_ENC_PASS_FNC;IAS_GET_ENC_PASS_FNCIAS20142IAS_GET_ENC_PASS_FNC;IAS_USR_PKG;IAS_USR_PKGIAS20142GET_USR_NMIAS;YS_GEN_PKG;YS_GEN_PKGIAS20142GET_FLG_NM,PRINT,FMX_STRING_EVIDENCE,oracle_forms/deep_catalog/form_field_trigger_catalog.jsonl
HRSR004.fmx,HR,ONEX_HR_WINDOW_API,40,2,257,651,IAS_ACTV_PKG;IAS_ACTV_PKGIAS20142CHK_ACTV;IAS_ACTV_PKGIAS20142GET_ACTV_NAMEIAS;IAS_CC_CODE_PKG;IAS_CC_CODE_PKGIAS20142GET_CC_NAMEIA;IAS_CHECK_SYS_PKG;IAS_CHECK_SYS_PKGIAS20142CHECK_BT_DATEIA;IAS_CHECK_SYS_PKGIAS20142CHECK_BT_VALUEI;IAS_DBS_SYS_PKG;IAS_DBS_SYS_PKGIAS20142CHECK_VALID_OBJECTIAS;IAS_GET_ENC_PASS_FNC;IAS_GET_ENC_PASS_FNCIAS20142IAS_GET_ENC_PASS_FNC;IAS_PJ_PKG;IAS_PJ_PKGIAS20142GET_PJ_NAMEIAS;IAS_USR_PKG;IAS_USR_PKGIAS20142GET_USR_NMIAS;YS_EMP_PKG;YS_EMP_PKGIAS20142GET_CODE_NMYS_;YS_EMP_PKGIAS20142GET_EMP_FLDYS_;YS_EMP_PKGIAS20142GET_EMP_NM;YS_GEN_PKG;YS_GEN_PKGIAS20142GET_EXTRA_PRMTRSYS;YS_GEN_PKGIAS20142GET_PROMPT;YS_LOV_SLCT_PKG;YS_LOV_SLCT_PKGIAS20142DESLCT_DATAYS;YS_LOV_SLCT_PKGIAS20142FETCH_SLCT_DATAYS;YS_LOV_SLCT_PKGIAS20142SLCT_DATA,PRINT,FMX_STRING_EVIDENCE,oracle_forms/deep_catalog/form_field_trigger_catalog.jsonl
HRSR005.fmx,HR,ONEX_HR_WINDOW_API,16,2,120,462,IAS_CHECK_SYS_PKG;IAS_CHECK_SYS_PKGIAS20142CHECK_BT_VALUEI;IAS_GET_ENC_PASS_FNC;IAS_GET_ENC_PASS_FNCIAS20142IAS_GET_ENC_PASS_FNC;IAS_USR_PKG;IAS_USR_PKGIAS20142GET_USR_NMIAS;YS_GEN_PKG;YS_GEN_PKGIAS20142GET_PROMPT,PRINT,FMX_STRING_EVIDENCE,oracle_forms/deep_catalog/form_field_trigger_catalog.jsonl
HRSR006.fmx,HR,ONEX_HR_WINDOW_API,16,2,184,455,IAS_CHECK_SYS_PKG;IAS_CHECK_SYS_PKGIAS20142CHECK_BT_VALUEI;IAS_GEN_PKG;IAS_GEN_PKGIAS20142GET_PROMPTIAS;IAS_GET_ENC_PASS_FNC;IAS_GET_ENC_PASS_FNCIAS20142IAS_GET_ENC_PASS_FNC;IAS_USR_PKG;IAS_USR_PKGIAS20142GET_USR_NMIAS,PRINT,FMX_STRING_EVIDENCE,oracle_forms/deep_catalog/form_field_trigger_catalog.jsonl
HRSR007.fmx,HR,ONEX_HR_WINDOW_API,29,2,358,787,IAS_CC_CODE_PKG;IAS_CC_CODE_PKGIAS20142GET_CC_NAMEIA;IAS_CHECK_SYS_PKG;IAS_CHECK_SYS_PKGIAS20142CHECK_BT_VALUEI;IAS_GET_ENC_PASS_FNC;IAS_GET_ENC_PASS_FNCIAS20142IAS_GET_ENC_PASS_FNC;IAS_USR_PKG;IAS_USR_PKGIAS20142GET_USR_NMIAS;YS_EMP_PKG;YS_EMP_PKGIAS20142GET_CODE_NMYS_;YS_EMP_PKGIAS20142GET_EMP_NM;YS_GEN_PKG;YS_GEN_PKGIAS20142GET_CURDATEYS_;YS_GEN_PKGIAS20142GET_EXTRA_PRMTRSYS;YS_GEN_PKGIAS20142GET_FLD_VALUEY;YS_GEN_PKGIAS20142GET_FLG_NM;YS_GEN_PKGIAS20142GET_PROMPT,PRINT,FMX_STRING_EVIDENCE,oracle_forms/deep_catalog/form_field_trigger_catalog.jsonl
HRSR008.fmx,HR,ONEX_HR_WINDOW_API,0,0,0,1,,READ/REVIEW,FMX_STRING_EVIDENCE,oracle_forms/deep_catalog/form_field_trigger_catalog.jsonl
HRSR009.fmx,HR,ONEX_HR_WINDOW_API,36,2,221,622,IAS_CHECK_SYS_PKG;IAS_CHECK_SYS_PKGIAS20142CHECK_BT_DATEIA;IAS_CHECK_SYS_PKGIAS20142CHECK_BT_VALUEI;IAS_DBS_SYS_PKG;IAS_DBS_SYS_PKGIAS20142CHECK_VALID_OBJECTIAS;IAS_GEN_PKG;IAS_GEN_PKGIAS20142GET_PROMPTIAS;IAS_GET_ENC_PASS_FNC;IAS_GET_ENC_PASS_FNCIAS20142IAS_GET_ENC_PASS_FNC;IAS_USR_PKG;IAS_USR_PKGIAS20142GET_USR_NMIAS;YS_EMP_PKG;YS_EMP_PKGIAS20142GET_CODE_NMYS_;YS_EMP_PKGIAS20142GET_EMP_NM;YS_EMP_PKGIAS20142GET_HRCHY_NMYS;YS_GEN_PKG;YS_GEN_PKGIAS20142GET_EXTRA_PRMTRSYS;YS_GEN_PKGIAS20142GET_FLD_VALUEY,PRINT,FMX_STRING_EVIDENCE,oracle_forms/deep_catalog/form_field_trigger_catalog.jsonl
HRSR010.fmx,HR,ONEX_HR_WINDOW_API,27,2,271,545,IAS_CHECK_SYS_PKG;IAS_CHECK_SYS_PKGIAS20142CHECK_BT_DATEIA;IAS_DBS_SYS_PKG;IAS_DBS_SYS_PKGIAS20142CHECK_VALID_OBJECTIAS;IAS_GET_ENC_PASS_FNC;IAS_GET_ENC_PASS_FNCIAS20142IAS_GET_ENC_PASS_FNC;IAS_USR_PKG;IAS_USR_PKGIAS20142GET_USR_NMIAS;YS_EMP_PKG;YS_EMP_PKGIAS20142GET_EMP_NM;YS_GEN_PKG;YS_GEN_PKGIAS20142GET_EXTRA_PRMTRSYS;YS_GEN_PKGIAS20142GET_FLD_VALUEY;YS_GEN_PKGIAS20142GET_PROMPT,PRINT,FMX_STRING_EVIDENCE,oracle_forms/deep_catalog/form_field_trigger_catalog.jsonl
HRSR011.fmx,HR,ONEX_HR_WINDOW_API,30,2,154,597,IAS_CHECK_SYS_PKG;IAS_CHECK_SYS_PKGIAS20142CHECK_BT_DATEIA;IAS_DBS_SYS_PKG;IAS_DBS_SYS_PKGIAS20142CHECK_VALID_OBJECTIAS;IAS_GEN_PKG;IAS_GEN_PKGIAS20142GET_PROMPTIAS;IAS_GET_ENC_PASS_FNC;IAS_GET_ENC_PASS_FNCIAS20142IAS_GET_ENC_PASS_FNC;IAS_USR_PKG;IAS_USR_PKGIAS20142GET_USR_NMIAS;YS_EMP_PKG;YS_EMP_PKGIAS20142GET_CODE_NMYS_;YS_EMP_PKGIAS20142GET_EMP_NM;YS_GEN_PKG;YS_GEN_PKGIAS20142GET_EXTRA_PRMTRSYS;YS_GEN_PKGIAS20142GET_FLD_VALUEY,PRINT,FMX_STRING_EVIDENCE,oracle_forms/deep_catalog/form_field_trigger_catalog.jsonl
HRSR012.fmx,HR,ONEX_HR_WINDOW_API,29,2,248,589,IAS_CHECK_SYS_PKG;IAS_CHECK_SYS_PKGIAS20142CHECK_BT_DATEIA;IAS_DBS_SYS_PKG;IAS_DBS_SYS_PKGIAS20142CHECK_VALID_OBJECTIAS;IAS_GEN_PKG;IAS_GEN_PKGIAS20142GET_PROMPTIAS;IAS_GET_ENC_PASS_FNC;IAS_GET_ENC_PASS_FNCIAS20142IAS_GET_ENC_PASS_FNC;IAS_USR_PKG;IAS_USR_PKGIAS20142GET_USR_NMIAS;YS_EMP_PKG;YS_EMP_PKGIAS20142GET_CODE_NMYS_;YS_EMP_PKGIAS20142GET_EMP_NM;YS_GEN_PKG;YS_GEN_PKGIAS20142GET_EXTRA_PRMTRSYS,PRINT,FMX_STRING_EVIDENCE,oracle_forms/deep_catalog/form_field_trigger_catalog.jsonl
HRSR013.fmx,HR,ONEX_HR_WINDOW_API,31,2,356,776,IAS_CHECK_SYS_PKG;IAS_CHECK_SYS_PKGIAS20142CHECK_BT_DATEIA;IAS_CHECK_SYS_PKGIAS20142CHECK_BT_VALUEI;IAS_DBS_SYS_PKG;IAS_DBS_SYS_PKGIAS20142CHECK_VALID_OBJECTIAS;IAS_GEN_PKG;IAS_GEN_PKGIAS20142GET_PROMPTIAS;IAS_GET_ENC_PASS_FNC;IAS_GET_ENC_PASS_FNCIAS20142IAS_GET_ENC_PASS_FNC;IAS_USR_PKG;IAS_USR_PKGIAS20142GET_USR_NMIAS;YS_EMP_PKG;YS_EMP_PKGIAS20142GET_CODE_NMYS_;YS_EMP_PKGIAS20142GET_EMP_NM;YS_GEN_PKG;YS_GEN_PKGIAS20142GET_EXTRA_PRMTRSYS;YS_GEN_PKGIAS20142GET_FLD_VALUEY,PRINT,FMX_STRING_EVIDENCE,oracle_forms/deep_catalog/form_field_trigger_catalog.jsonl
HRSR014.fmx,HR,ONEX_HR_WINDOW_API,30,2,408,835,IAS_CHECK_SYS_PKG;IAS_CHECK_SYS_PKGIAS20142CHECK_BT_DATEIA;IAS_CHECK_SYS_PKGIAS20142CHECK_BT_VALUEI;IAS_DBS_SYS_PKG;IAS_DBS_SYS_PKGIAS20142CHECK_VALID_OBJECTIAS;IAS_GEN_PKG;IAS_GEN_PKGIAS20142GET_PROMPTIAS;IAS_GET_ENC_PASS_FNC;IAS_GET_ENC_PASS_FNCIAS20142IAS_GET_ENC_PASS_FNC;IAS_USR_PKG;IAS_USR_PKGIAS20142GET_USR_NMIAS;YS_EMP_PKG;YS_EMP_PKGIAS20142GET_CODE_NMYS_;YS_EMP_PKGIAS20142GET_EMP_NM;YS_GEN_PKG;YS_GEN_PKGIAS20142GET_EXTRA_PRMTRSYS,PRINT,FMX_STRING_EVIDENCE,oracle_forms/deep_catalog/form_field_trigger_catalog.jsonl
HRSR014_NEW.fmx,HR,ONEX_HR_WINDOW_API,29,2,412,836,IAS_CHECK_SYS_PKG;IAS_CHECK_SYS_PKGIAS20142CHECK_BT_DATEIA;IAS_CHECK_SYS_PKGIAS20142CHECK_BT_VALUEI;IAS_DBS_SYS_PKG;IAS_DBS_SYS_PKGIAS20142CHECK_VALID_OBJECTIAS;IAS_GEN_PKG;IAS_GEN_PKGIAS20142GET_PROMPTIAS;IAS_GET_ENC_PASS_FNC;IAS_GET_ENC_PASS_FNCIAS20142IAS_GET_ENC_PASS_FNC;IAS_USR_PKG;IAS_USR_PKGIAS20142GET_USR_NMIAS;YS_EMP_PKG;YS_EMP_PKGIAS20142GET_CODE_NMYS_;YS_EMP_PKGIAS20142GET_EMP_NM;YS_GEN_PKG;YS_GEN_PKGIAS20142GET_EXTRA_PRMTRSYS,PRINT,FMX_STRING_EVIDENCE,oracle_forms/deep_catalog/form_field_trigger_catalog.jsonl
HRSR015.fmx,HR,ONEX_HR_WINDOW_API,26,2,277,539,IAS_CHECK_SYS_PKG;IAS_CHECK_SYS_PKGIAS20142CHECK_BT_DATEIA;IAS_DBS_SYS_PKG;IAS_DBS_SYS_PKGIAS20142CHECK_VALID_OBJECTIAS;IAS_GET_ENC_PASS_FNC;IAS_GET_ENC_PASS_FNCIAS20142IAS_GET_ENC_PASS_FNC;IAS_USR_PKG;IAS_USR_PKGIAS20142GET_USR_NMIAS;YS_EMP_PKG;YS_EMP_PKGIAS20142GET_EMP_NM;YS_GEN_PKG;YS_GEN_PKGIAS20142GET_EXTRA_PRMTRSYS;YS_GEN_PKGIAS20142GET_FLD_VALUEY;YS_GEN_PKGIAS20142GET_PROMPT,PRINT,FMX_STRING_EVIDENCE,oracle_forms/deep_catalog/form_field_trigger_catalog.jsonl
HRSR016.fmx,HR,ONEX_HR_WINDOW_API,19,2,212,543,IAS_GET_ENC_PASS_FNC;IAS_GET_ENC_PASS_FNCIAS20142IAS_GET_ENC_PASS_FNC;IAS_USR_PKG;IAS_USR_PKGIAS20142GET_USR_NMIAS;YS_EMP_PKG;YS_EMP_PKGIAS20142GET_EMP_NM;YS_GEN_PKG;YS_GEN_PKGIAS20142GET_FLD_VALUEY;YS_GEN_PKGIAS20142GET_PROMPT,PRINT,FMX_STRING_EVIDENCE,oracle_forms/deep_catalog/form_field_trigger_catalog.jsonl
HRSR017.fmx,HR,ONEX_HR_WINDOW_API,19,2,197,572,IAS_GET_ENC_PASS_FNC;IAS_GET_ENC_PASS_FNCIAS20142IAS_GET_ENC_PASS_FNC;IAS_USR_PKG;IAS_USR_PKGIAS20142GET_USR_NMIAS;YS_EMP_PKG;YS_EMP_PKGIAS20142GET_EMP_NM;YS_GEN_PKG;YS_GEN_PKGIAS20142GET_FLD_VALUEY;YS_GEN_PKGIAS20142GET_PROMPT,PRINT,FMX_STRING_EVIDENCE,oracle_forms/deep_catalog/form_field_trigger_catalog.jsonl
HRSR018.fmx,HR,ONEX_HR_WINDOW_API,19,2,189,539,IAS_GET_ENC_PASS_FNC;IAS_GET_ENC_PASS_FNCIAS20142IAS_GET_ENC_PASS_FNC;IAS_USR_PKG;IAS_USR_PKGIAS20142GET_USR_NMIAS;YS_EMP_PKG;YS_EMP_PKGIAS20142GET_EMP_NM;YS_GEN_PKG;YS_GEN_PKGIAS20142GET_FLD_VALUEY;YS_GEN_PKGIAS20142GET_PROMPT,PRINT,FMX_STRING_EVIDENCE,oracle_forms/deep_catalog/form_field_trigger_catalog.jsonl
HRSR019.fmx,HR,ONEX_HR_WINDOW_API,36,2,293,699,IAS_CHECK_SYS_PKG;IAS_CHECK_SYS_PKGIAS20142CHECK_BT_DATEIA;IAS_CHECK_SYS_PKGIAS20142CHECK_BT_VALUEI;IAS_DBS_SYS_PKG;IAS_DBS_SYS_PKGIAS20142CHECK_VALID_OBJECTIAS;IAS_GET_ENC_PASS_FNC;IAS_GET_ENC_PASS_FNCIAS20142IAS_GET_ENC_PASS_FNC;IAS_USR_PKG;IAS_USR_PKGIAS20142GET_USR_NMIAS;YS_EMP_PKG;YS_EMP_PKGIAS20142GET_EMP_NM;YS_GEN_PKG;YS_GEN_PKGIAS20142GET_EXTRA_PRMTRSYS;YS_GEN_PKGIAS20142GET_FLD_VALUEY;YS_GEN_PKGIAS20142GET_PROMPT;YS_LOV_SLCT_PKG;YS_LOV_SLCT_PKGIAS20142DESLCT_DATAYS;YS_LOV_SLCT_PKGIAS20142FETCH_SLCT_DATAYS;YS_LOV_SLCT_PKGIAS20142SLCT_DATA,PRINT,FMX_STRING_EVIDENCE,oracle_forms/deep_catalog/form_field_trigger_catalog.jsonl
HRSR020.fmx,HR,ONEX_HR_WINDOW_API,31,2,251,841,IAS_CHECK_SYS_PKG;IAS_CHECK_SYS_PKGIAS20142CHECK_BT_DATEIA;IAS_CHECK_SYS_PKGIAS20142CHECK_BT_VALUEI;IAS_GEN_PKG;IAS_GEN_PKGIAS20142GET_PROMPTIAS;IAS_GET_ENC_PASS_FNC;IAS_GET_ENC_PASS_FNCIAS20142IAS_GET_ENC_PASS_FNC;IAS_USR_PKG;IAS_USR_PKGIAS20142GET_USR_NMIAS;YS_EMP_PKG;YS_EMP_PKGIAS20142GET_CODE_NMYS_;YS_EMP_PKGIAS20142GET_EMP_NM;YS_GEN_PKG;YS_GEN_PKGIAS20142GET_EXTRA_PRMTRSYS;YS_GEN_PKGIAS20142GET_FLD_VALUEY;YS_LOV_SLCT_PKG;YS_LOV_SLCT_PKGIAS20142DESLCT_DATAYS;YS_LOV_SLCT_PKGIAS20142FETCH_SLCT_DATAYS;YS_LOV_SLCT_PKGIAS20142SLCT_DATA,PRINT,FMX_STRING_EVIDENCE,oracle_forms/deep_catalog/form_field_trigger_catalog.jsonl
HRSR021.fmx,HR,ONEX_HR_WINDOW_API,29,2,264,569,IAS_CHECK_SYS_PKG;IAS_CHECK_SYS_PKGIAS20142CHECK_BT_DATEIA;IAS_CHECK_SYS_PKGIAS20142CHECK_BT_VALUEI;IAS_DBS_SYS_PKG;IAS_DBS_SYS_PKGIAS20142CHECK_VALID_OBJECTIAS;IAS_GET_ENC_PASS_FNC;IAS_GET_ENC_PASS_FNCIAS20142IAS_GET_ENC_PASS_FNC;IAS_USR_PKG;IAS_USR_PKGIAS20142GET_USR_NMIAS;YS_EMP_PKG;YS_EMP_PKGIAS20142GET_EMP_NM;YS_GEN_PKG;YS_GEN_PKGIAS20142GET_EXTRA_PRMTRSYS;YS_GEN_PKGIAS20142GET_FLD_VALUEY;YS_GEN_PKGIAS20142GET_PROMPT,PRINT,FMX_STRING_EVIDENCE,oracle_forms/deep_catalog/form_field_trigger_catalog.jsonl
HRSR022.fmx,HR,ONEX_HR_WINDOW_API,25,2,245,588,IAS_DBS_SYS_PKG;IAS_DBS_SYS_PKGIAS20142CHECK_VALID_OBJECTIAS;IAS_GET_ENC_PASS_FNC;IAS_GET_ENC_PASS_FNCIAS20142IAS_GET_ENC_PASS_FNC;IAS_USR_PKG;IAS_USR_PKGIAS20142GET_USR_NMIAS;YS_EMP_PKG;YS_EMP_PKGIAS20142GET_EMP_NM;YS_GEN_PKG;YS_GEN_PKGIAS20142GET_FLD_VALUEY;YS_GEN_PKGIAS20142GET_PROMPT,PRINT,FMX_STRING_EVIDENCE,oracle_forms/deep_catalog/form_field_trigger_catalog.jsonl
HRSR023.fmx,HR,ONEX_HR_WINDOW_API,32,2,378,714,IAS_CHECK_SYS_PKG;IAS_CHECK_SYS_PKGIAS20142CHECK_BT_VALUEI;IAS_GEN_PKG;IAS_GEN_PKGIAS20142GET_PROMPTIAS;IAS_GET_ENC_PASS_FNC;IAS_GET_ENC_PASS_FNCIAS20142IAS_GET_ENC_PASS_FNC;IAS_PJ_PKG;IAS_PJ_PKGIAS20142GET_PJ_NAMEIAS;IAS_USR_PKG;IAS_USR_PKGIAS20142GET_USR_NMIAS;YS_EMP_PKG;YS_EMP_PKGIAS20142GET_EMP_NM;YS_EMP_PKGIAS20142GET_HRCHY_NMYS;YS_GEN_PKG;YS_GEN_PKGIAS20142GET_FLD_VALUEY,PRINT,FMX_STRING_EVIDENCE,oracle_forms/deep_catalog/form_field_trigger_catalog.jsonl
HRSR024.fmx,HR,ONEX_HR_WINDOW_API,23,2,225,504,IAS_CHECK_SYS_PKG;IAS_CHECK_SYS_PKGIAS20142CHECK_BT_VALUEI;IAS_GEN_PKG;IAS_GEN_PKGIAS20142GET_PROMPTIAS;IAS_GET_ENC_PASS_FNC;IAS_GET_ENC_PASS_FNCIAS20142IAS_GET_ENC_PASS_FNC;IAS_USR_PKG;IAS_USR_PKGIAS20142GET_USR_NMIAS;YS_EMP_PKG;YS_EMP_PKGIAS20142GET_EMP_NM;YS_EMP_PKGIAS20142GET_HRCHY_NMYS;YS_GEN_PKG;YS_GEN_PKGIAS20142GET_FLD_VALUEY,PRINT,FMX_STRING_EVIDENCE,oracle_forms/deep_catalog/form_field_trigger_catalog.jsonl
HRSR025.fmx,HR,ONEX_HR_WINDOW_API,29,2,405,732,IAS_CHECK_SYS_PKG;IAS_CHECK_SYS_PKGIAS20142CHECK_BT_DATEIA;IAS_DBS_SYS_PKG;IAS_DBS_SYS_PKGIAS20142CHECK_VALID_OBJECTIAS;IAS_GET_ENC_PASS_FNC;IAS_GET_ENC_PASS_FNCIAS20142IAS_GET_ENC_PASS_FNC;IAS_USR_PKG;IAS_USR_PKGIAS20142GET_USR_NMIAS;YS_EMP_PKG;YS_EMP_PKGIAS20142GET_CODE_NMYS_;YS_EMP_PKGIAS20142GET_EMP_NM;YS_GEN_PKG;YS_GEN_PKGIAS20142GET_EXTRA_PRMTRSYS;YS_GEN_PKGIAS20142GET_FLD_VALUEY;YS_GEN_PKGIAS20142GET_PROMPT,PRINT,FMX_STRING_EVIDENCE,oracle_forms/deep_catalog/form_field_trigger_catalog.jsonl
HRSR026.fmx,HR,ONEX_HR_WINDOW_API,17,1,190,541,IAS_GET_ENC_PASS_FNC;IAS_USR_PKG;IAS_USR_PKGIAS201410GET_USR_NMIA;YS_EMP_PKG;YS_EMP_PKGIAS201410GET_CODE_NMYS;YS_EMP_PKGIAS201410GET_EMP_FLDYS;YS_EMP_PKGIAS201410GET_EMP_NMYS_;YS_GEN_PKG;YS_GEN_PKGIAS201410GET_PROMPTYS_,PRINT,FMX_STRING_EVIDENCE,oracle_forms/deep_catalog/form_field_trigger_catalog.jsonl
HRSR027.fmx,HR,ONEX_HR_WINDOW_API,17,2,280,473,IAS_CHECK_SYS_PKG;IAS_CHECK_SYS_PKGIAS20142CHECK_BT_VALUEI;IAS_GEN_PKG;IAS_GEN_PKGIAS20142GET_PROMPTIAS;IAS_GET_ENC_PASS_FNC;IAS_GET_ENC_PASS_FNCIAS20142IAS_GET_ENC_PASS_FNC;IAS_USR_PKG;IAS_USR_PKGIAS20142GET_USR_NMIAS;YS_EMP_PKG;YS_GEN_PKG;YS_GEN_PKGIAS20142GET_PROMPT,PRINT,FMX_STRING_EVIDENCE,oracle_forms/deep_catalog/form_field_trigger_catalog.jsonl
HRSR028.fmx,HR,ONEX_HR_WINDOW_API,14,2,183,313,IAS_CHECK_SYS_PKG;IAS_CHECK_SYS_PKGIAS20142CHECK_BT_VALUEI;IAS_GET_ENC_PASS_FNC;IAS_GET_ENC_PASS_FNCIAS20142IAS_GET_ENC_PASS_FNC;IAS_USR_PKG;IAS_USR_PKGIAS20142GET_USR_NMIAS;YS_GEN_PKG;YS_GEN_PKGIAS20142GET_PROMPT,PRINT,FMX_STRING_EVIDENCE,oracle_forms/deep_catalog/form_field_trigger_catalog.jsonl
HRSR029.fmx,HR,ONEX_HR_WINDOW_API,14,2,256,335,IAS_CHECK_SYS_PKG;IAS_CHECK_SYS_PKGIAS20142CHECK_BT_VALUEI;IAS_GET_ENC_PASS_FNC;IAS_GET_ENC_PASS_FNCIAS20142IAS_GET_ENC_PASS_FNC;IAS_USR_PKG;IAS_USR_PKGIAS20142GET_USR_NMIAS;YS_GEN_PKG;YS_GEN_PKGIAS20142GET_PROMPT,PRINT,FMX_STRING_EVIDENCE,oracle_forms/deep_catalog/form_field_trigger_catalog.jsonl
HRSR030.fmx,HR,ONEX_HR_WINDOW_API,14,2,259,341,IAS_CHECK_SYS_PKG;IAS_CHECK_SYS_PKGIAS20142CHECK_BT_VALUEI;IAS_GET_ENC_PASS_FNC;IAS_GET_ENC_PASS_FNCIAS20142IAS_GET_ENC_PASS_FNC;IAS_USR_PKG;IAS_USR_PKGIAS20142GET_USR_NMIAS;YS_GEN_PKG;YS_GEN_PKGIAS20142GET_PROMPT,PRINT,FMX_STRING_EVIDENCE,oracle_forms/deep_catalog/form_field_trigger_catalog.jsonl
HRSR031.fmx,HR,ONEX_HR_WINDOW_API,14,2,219,320,IAS_CHECK_SYS_PKG;IAS_CHECK_SYS_PKGIAS20142CHECK_BT_VALUEI;IAS_GET_ENC_PASS_FNC;IAS_GET_ENC_PASS_FNCIAS20142IAS_GET_ENC_PASS_FNC;IAS_USR_PKG;IAS_USR_PKGIAS20142GET_USR_NMIAS;YS_GEN_PKG;YS_GEN_PKGIAS20142GET_PROMPT,PRINT,FMX_STRING_EVIDENCE,oracle_forms/deep_catalog/form_field_trigger_catalog.jsonl
HRSR032.fmx,HR,ONEX_HR_WINDOW_API,27,2,222,684,IAS_CC_CODE_PKG;IAS_CC_CODE_PKGIAS20142GET_CC_NAMEIA;IAS_CHECK_SYS_PKG;IAS_CHECK_SYS_PKGIAS20142CHECK_BT_VALUEI;IAS_GEN_PKG;IAS_GEN_PKGIAS20142GET_PROMPTIAS;IAS_GET_ENC_PASS_FNC;IAS_GET_ENC_PASS_FNCIAS20142IAS_GET_ENC_PASS_FNC;IAS_USR_PKG;IAS_USR_PKGIAS20142GET_USR_NMIAS;YS_EMP_PKG;YS_EMP_PKGIAS20142GET_CODE_NMYS_;YS_EMP_PKGIAS20142GET_EMP_NM;YS_GEN_PKG;YS_GEN_PKGIAS20142GET_FLG_NM,PRINT,FMX_STRING_EVIDENCE,oracle_forms/deep_catalog/form_field_trigger_catalog.jsonl
HRSR047.fmx,HR,ONEX_HR_WINDOW_API,27,2,257,673,IAS_CC_CODE_PKG;IAS_CC_CODE_PKGIAS20142GET_CC_NAMEIA;IAS_CHECK_SYS_PKG;IAS_CHECK_SYS_PKGIAS20142CHECK_BT_VALUEI;IAS_GEN_PKG;IAS_GEN_PKGIAS20142GET_PROMPTIAS;IAS_GET_ENC_PASS_FNC;IAS_GET_ENC_PASS_FNCIAS20142IAS_GET_ENC_PASS_FNC;IAS_USR_PKG;IAS_USR_PKGIAS20142GET_USR_NMIAS;YS_EMP_PKG;YS_EMP_PKGIAS20142GET_CODE_NMYS_;YS_EMP_PKGIAS20142GET_EMP_NM;YS_GEN_PKG;YS_GEN_PKGIAS20142GET_FLG_NM,PRINT,FMX_STRING_EVIDENCE,oracle_forms/deep_catalog/form_field_trigger_catalog.jsonl
HRSR048.fmx,HR,ONEX_HR_WINDOW_API,26,2,356,653,IAS_GET_ENC_PASS_FNC;IAS_GET_ENC_PASS_FNCIAS20142IAS_GET_ENC_PASS_FNC;IAS_USR_PKG;IAS_USR_PKGIAS20142GET_USR_NMIAS;YS_EMP_PKG;YS_EMP_PKGIAS20142GET_CODE_NMYS_;YS_EMP_PKGIAS20142GET_EMP_NM;YS_GEN_PKG;YS_GEN_PKGIAS20142GET_FLD_VALUEY;YS_LOV_SLCT_PKG;YS_LOV_SLCT_PKGIAS20142DESLCT_DATAYS;YS_LOV_SLCT_PKGIAS20142FETCH_SLCT_DATAYS;YS_LOV_SLCT_PKGIAS20142SLCT_DATA,PRINT,FMX_STRING_EVIDENCE,oracle_forms/deep_catalog/form_field_trigger_catalog.jsonl
HRSRCUI001.fmx,HR,ONEX_HR_WINDOW_API,42,8,250,658,IAS_GET_ENC_PASS_FNC;IAS_GET_ENC_PASS_FNCIAS20142IAS_GET_ENC_PASS_FNC;IAS_USR_PKG;IAS_USR_PKGIAS20142CHK_USR_FRM_PRVIA;IAS_USR_PKGIAS20142GET_USR_APPRV;IAS_USR_PKGIAS20142GET_USR_NMIAS;YS_EMP_PKG;YS_EMP_PKGIAS20142GET_CODE_NMYS_;YS_EMP_PKGIAS20142GET_HRCHY_NMYS;YS_GEN_PKG;YS_GEN_PKGIAS20142CHK_LOCK_RCRDY;YS_GEN_PKGIAS20142GET_SYSDATEYS_;YS_GEN_PKGIAS20142GET_USR_FLD_PRVYS_;YS_SRL_SCR_PKG;YS_SRL_SCR_PKGIAS20142GET_SYS_SQ,CREATE/SAVE;UPDATE;DELETE/VOID;POST;PRINT,FMX_STRING_EVIDENCE,oracle_forms/deep_catalog/form_field_trigger_catalog.jsonl
HRSRCUI002.fmx,HR,ONEX_HR_WINDOW_API,38,8,247,608,IAS_GEN_PKG;IAS_GEN_PKGIAS20142GET_CURDATEIA;IAS_GEN_PKGIAS20142GET_USR_NMIAS;IAS_GET_ENC_PASS_FNC;IAS_GET_ENC_PASS_FNCIAS20142IAS_GET_ENC_PASS_FNC;IAS_USR_PKG;IAS_USR_PKGIAS20142CHK_USR_FRM_PRVIA;IAS_USR_PKGIAS20142GET_USR_APPRV;IAS_USR_PKGIAS20142GET_USR_NMIAS;YS_GEN_PKG;YS_GEN_PKGIAS20142CHK_LOCK_RCRDY;YS_GEN_PKGIAS20142GET_USR_FLD_PRVYS_;YS_SRL_SCR_PKG;YS_SRL_SCR_PKGIAS20142GET_SYS_SQ,CREATE/SAVE;UPDATE;DELETE/VOID;POST;PRINT,FMX_STRING_EVIDENCE,oracle_forms/deep_catalog/form_field_trigger_catalog.jsonl
HRSRCUI003.fmx,HR,ONEX_HR_WINDOW_API,37,8,295,548,IAS_GEN_PKG;IAS_GEN_PKGIAS20142GET_CURDATEIA;IAS_GEN_PKGIAS20142GET_USR_NMIAS;IAS_GET_ENC_PASS_FNC;IAS_GET_ENC_PASS_FNCIAS20142IAS_GET_ENC_PASS_FNC;IAS_USR_PKG;IAS_USR_PKGIAS20142CHK_USR_FRM_PRVIA;IAS_USR_PKGIAS20142GET_USR_APPRV;IAS_USR_PKGIAS20142GET_USR_NMIAS;YS_EMP_PKG;YS_EMP_PKGIAS20142CHK_EMPYS_;YS_EMP_PKGIAS20142GET_EMP_NM;YS_GEN_PKG;YS_GEN_PKGIAS20142CHK_LOCK_RCRDY;YS_GEN_PKGIAS20142GET_USR_FLD_PRVYS_,CREATE/SAVE;UPDATE;DELETE/VOID;POST;PRINT,FMX_STRING_EVIDENCE,oracle_forms/deep_catalog/form_field_trigger_catalog.jsonl
HRSRCUR001.fmx,HR,ONEX_HR_WINDOW_API,18,2,194,554,IAS_GEN_PKG;IAS_GEN_PKGIAS20142GET_PROMPTIAS;IAS_GET_ENC_PASS_FNC;IAS_GET_ENC_PASS_FNCIAS20142IAS_GET_ENC_PASS_FNC;IAS_USR_PKG;IAS_USR_PKGIAS20142GET_USR_NMIAS;YS_EMP_PKG;YS_EMP_PKGIAS20142GET_CODE_NMYS_,PRINT,FMX_STRING_EVIDENCE,oracle_forms/deep_catalog/form_field_trigger_catalog.jsonl
HRSRCUR002.fmx,HR,ONEX_HR_WINDOW_API,18,2,194,554,IAS_GEN_PKG;IAS_GEN_PKGIAS20142GET_PROMPTIAS;IAS_GET_ENC_PASS_FNC;IAS_GET_ENC_PASS_FNCIAS20142IAS_GET_ENC_PASS_FNC;IAS_USR_PKG;IAS_USR_PKGIAS20142GET_USR_NMIAS;YS_EMP_PKG;YS_EMP_PKGIAS20142GET_CODE_NMYS_,PRINT,FMX_STRING_EVIDENCE,oracle_forms/deep_catalog/form_field_trigger_catalog.jsonl
HRSRCUR004.fmx,HR,ONEX_HR_WINDOW_API,16,2,198,574,IAS_GEN_PKG;IAS_GEN_PKGIAS20142GET_PROMPTIAS;IAS_GET_ENC_PASS_FNC;IAS_GET_ENC_PASS_FNCIAS20142IAS_GET_ENC_PASS_FNC;IAS_USR_PKG;IAS_USR_PKGIAS20142GET_USR_NMIAS;YS_EMP_PKG;YS_EMP_PKGIAS20142GET_CODE_NMYS_,PRINT,FMX_STRING_EVIDENCE,oracle_forms/deep_catalog/form_field_trigger_catalog.jsonl
HRSRCUR005.fmx,HR,ONEX_HR_WINDOW_API,19,2,185,573,IAS_GEN_PKG;IAS_GEN_PKGIAS20142GET_PROMPTIAS;IAS_GET_ENC_PASS_FNC;IAS_GET_ENC_PASS_FNCIAS20142IAS_GET_ENC_PASS_FNC;IAS_USR_PKG;IAS_USR_PKGIAS20142GET_USR_NMIAS;YS_EMP_PKG;YS_EMP_PKGIAS20142GET_CODE_NMYS_;YS_EMP_PKGIAS20142GET_EMP_NM,PRINT,FMX_STRING_EVIDENCE,oracle_forms/deep_catalog/form_field_trigger_catalog.jsonl
HRSRCUR006.fmx,HR,ONEX_HR_WINDOW_API,19,2,185,573,IAS_GEN_PKG;IAS_GEN_PKGIAS20142GET_PROMPTIAS;IAS_GET_ENC_PASS_FNC;IAS_GET_ENC_PASS_FNCIAS20142IAS_GET_ENC_PASS_FNC;IAS_USR_PKG;IAS_USR_PKGIAS20142GET_USR_NMIAS;YS_EMP_PKG;YS_EMP_PKGIAS20142GET_CODE_NMYS_;YS_EMP_PKGIAS20142GET_EMP_NM,PRINT,FMX_STRING_EVIDENCE,oracle_forms/deep_catalog/form_field_trigger_catalog.jsonl
HRSRCUR007.fmx,HR,ONEX_HR_WINDOW_API,17,2,185,574,IAS_GET_ENC_PASS_FNC;IAS_GET_ENC_PASS_FNCIAS20142IAS_GET_ENC_PASS_FNC;IAS_USR_PKG;IAS_USR_PKGIAS20142GET_USR_NMIAS;YS_EMP_PKG;YS_EMP_PKGIAS20142GET_CODE_NMYS_;YS_EMP_PKGIAS20142GET_EMP_NM,PRINT,FMX_STRING_EVIDENCE,oracle_forms/deep_catalog/form_field_trigger_catalog.jsonl
HRSRCUS002.fmx,HR,ONEX_HR_WINDOW_API,34,8,296,530,IAS_GEN_PKG;IAS_GEN_PKGIAS20142GET_CURDATEIA;IAS_GEN_PKGIAS20142GET_USR_NMIAS;IAS_GET_ENC_PASS_FNC;IAS_GET_ENC_PASS_FNCIAS20142IAS_GET_ENC_PASS_FNC;IAS_USR_PKG;IAS_USR_PKGIAS20142CHK_USR_FRM_PRVIA;IAS_USR_PKGIAS20142GET_USR_APPRV;IAS_USR_PKGIAS20142GET_USR_NMIAS;YS_GEN_PKG;YS_GEN_PKGIAS20142CHK_LOCK_RCRDY;YS_GEN_PKGIAS20142GET_USR_FLD_PRVYS_,CREATE/SAVE;UPDATE;DELETE/VOID;POST;PRINT,FMX_STRING_EVIDENCE,oracle_forms/deep_catalog/form_field_trigger_catalog.jsonl
HRSRCUS003.fmx,HR,ONEX_HR_WINDOW_API,36,8,350,637,IAS_GET_ENC_PASS_FNC;IAS_GET_ENC_PASS_FNCIAS20142IAS_GET_ENC_PASS_FNC;IAS_USR_PKG;IAS_USR_PKGIAS20142CHK_USR_FRM_PRVIA;IAS_USR_PKGIAS20142GET_USR_APPRV;IAS_USR_PKGIAS20142GET_USR_NMIAS;YS_GEN_PKG;YS_GEN_PKGIAS20142CHK_LOCK_RCRDY;YS_GEN_PKGIAS20142GET_MSGYS_;YS_GEN_PKGIAS20142GET_PROMPT;YS_GEN_PKGIAS20142GET_USR_FLD_PRVYS_;YS_SRL_SCR_PKG;YS_SRL_SCR_PKGIAS20142GET_SYS_SQ,CREATE/SAVE;UPDATE;DELETE/VOID;POST;PRINT,FMX_STRING_EVIDENCE,oracle_forms/deep_catalog/form_field_trigger_catalog.jsonl
HRSRCUS004.fmx,HR,ONEX_HR_WINDOW_API,38,8,179,806,IAS_GET_ENC_PASS_FNC;IAS_GET_ENC_PASS_FNCIAS20142IAS_GET_ENC_PASS_FNC;IAS_USR_PKG;IAS_USR_PKGIAS20142CHK_USR_FRM_PRVIA;IAS_USR_PKGIAS20142GET_USR_APPRV;IAS_USR_PKGIAS20142GET_USR_NMIAS;YS_EMP_PKG;YS_EMP_PKGIAS20142GET_CODE_NMYS_;YS_GEN_PKG;YS_GEN_PKGIAS20142CHK_LOCK_RCRDY;YS_GEN_PKGIAS20142GET_USR_FLD_PRVYS_;YS_SRL_SCR_PKG;YS_SRL_SCR_PKGIAS20142GET_SYS_SQ,CREATE/SAVE;UPDATE;DELETE/VOID;POST;PRINT,FMX_STRING_EVIDENCE,oracle_forms/deep_catalog/form_field_trigger_catalog.jsonl
HRSRCUT001.fmx,HR,ONEX_HR_WINDOW_API,42,8,351,601,IAS_GEN_PKG;IAS_GEN_PKGIAS20142GET_PROMPTIAS;IAS_GET_ENC_PASS_FNC;IAS_GET_ENC_PASS_FNCIAS20142IAS_GET_ENC_PASS_FNC;IAS_USR_PKG;IAS_USR_PKGIAS20142CHK_USR_FRM_PRVIA;IAS_USR_PKGIAS20142GET_USR_APPRV;IAS_USR_PKGIAS20142GET_USR_NMIAS;YS_APPRVD_PKG;YS_APPRVD_PKGIAS20142DEL_APPRVD_LVLY;YS_APPRVD_PKGIAS20142INSRT_APPRVD_LVLYS_;YS_EMP_PKG;YS_EMP_PKGIAS20142GET_CODE_NMYS_;YS_EMP_PKGIAS20142GET_HRCHY_NMYS;YS_GEN_PKG;YS_GEN_PKGIAS20142CHK_LOCK_RCRDY;YS_GEN_PKGIAS20142GET_USR_FLD_PRVYS_;YS_SRL_SCR_PKG;YS_SRL_SCR_PKGIAS20142GET_SYS_SQ,CREATE/SAVE;UPDATE;DELETE/VOID;POST;PRINT,FMX_STRING_EVIDENCE,oracle_forms/deep_catalog/form_field_trigger_catalog.jsonl
HRSRCUT002.fmx,HR,ONEX_HR_WINDOW_API,36,8,269,568,IAS_GET_ENC_PASS_FNC;IAS_GET_ENC_PASS_FNCIAS20142IAS_GET_ENC_PASS_FNC;IAS_USR_PKG;IAS_USR_PKGIAS20142CHK_USR_FRM_PRVIA;IAS_USR_PKGIAS20142GET_USR_APPRV;IAS_USR_PKGIAS20142GET_USR_NMIAS;YS_EMP_PKG;YS_EMP_PKGIAS20142GET_CODE_NMYS_;YS_EMP_PKGIAS20142GET_HRCHY_NMYS;YS_GEN_PKG;YS_GEN_PKGIAS20142CHK_LOCK_RCRDY;YS_GEN_PKGIAS20142GET_USR_FLD_PRVYS_;YS_SRL_SCR_PKG;YS_SRL_SCR_PKGIAS20142GET_SYS_SQ,CREATE/SAVE;UPDATE;DELETE/VOID;POST;PRINT,FMX_STRING_EVIDENCE,oracle_forms/deep_catalog/form_field_trigger_catalog.jsonl
HRSRCUT003.fmx,HR,ONEX_HR_WINDOW_API,37,8,164,413,IAS_GET_ENC_PASS_FNC;IAS_GET_ENC_PASS_FNCIAS20142IAS_GET_ENC_PASS_FNC;IAS_USR_PKG;IAS_USR_PKGIAS20142CHK_USR_FRM_PRVIA;IAS_USR_PKGIAS20142GET_USR_APPRV;IAS_USR_PKGIAS20142GET_USR_NMIAS;YS_EMP_PKG;YS_EMP_PKGIAS20142GET_CODE_NMYS_;YS_EMP_PKGIAS20142GET_HRCHY_NMYS;YS_GEN_PKG;YS_GEN_PKGIAS20142CHK_LOCK_RCRDY;YS_GEN_PKGIAS20142GET_USR_FLD_PRVYS_;YS_SRL_SCR_PKG;YS_SRL_SCR_PKGIAS20142GET_SYS_SQ,CREATE/SAVE;UPDATE;DELETE/VOID;POST;PRINT,FMX_STRING_EVIDENCE,oracle_forms/deep_catalog/form_field_trigger_catalog.jsonl
HRSRCUT004.fmx,HR,ONEX_HR_WINDOW_API,40,8,400,729,IAS_CHECK_SYS_PKG;IAS_CHECK_SYS_PKGIAS20142CHECK_BT_DATEIA;IAS_GEN_PKG;IAS_GEN_PKGIAS20142GET_PROMPTIAS;IAS_GET_ENC_PASS_FNC;IAS_GET_ENC_PASS_FNCIAS20142IAS_GET_ENC_PASS_FNC;IAS_USR_PKG;IAS_USR_PKGIAS20142CHK_USR_FRM_PRVIA;IAS_USR_PKGIAS20142GET_USR_APPRV;IAS_USR_PKGIAS20142GET_USR_NMIAS;YS_EMP_PKG;YS_EMP_PKGIAS20142GET_CODE_NMYS_;YS_GEN_PKG;YS_GEN_PKGIAS20142CHK_LOCK_RCRDY;YS_GEN_PKGIAS20142GET_SYSDATEYS_;YS_GEN_PKGIAS20142GET_USR_FLD_PRVYS_;YS_SRL_SCR_PKG;YS_SRL_SCR_PKGIAS20142GET_SYS_SQ,CREATE/SAVE;UPDATE;DELETE/VOID;POST;PRINT,FMX_STRING_EVIDENCE,oracle_forms/deep_catalog/form_field_trigger_catalog.jsonl
HRSRCUT005.fmx,HR,ONEX_HR_WINDOW_API,36,8,343,637,IAS_GET_ENC_PASS_FNC;IAS_GET_ENC_PASS_FNCIAS20142IAS_GET_ENC_PASS_FNC;IAS_USR_PKG;IAS_USR_PKGIAS20142CHK_USR_FRM_PRVIA;IAS_USR_PKGIAS20142GET_USR_APPRV;IAS_USR_PKGIAS20142GET_USR_NMIAS;YS_EMP_PKG;YS_EMP_PKGIAS20142GET_CODE_NMYS_;YS_GEN_PKG;YS_GEN_PKGIAS20142CHK_LOCK_RCRDY;YS_GEN_PKGIAS20142GET_USR_FLD_PRVYS_;YS_SRL_SCR_PKG;YS_SRL_SCR_PKGIAS20142GET_SYS_SQ,CREATE/SAVE;UPDATE;DELETE/VOID;POST;PRINT,FMX_STRING_EVIDENCE,oracle_forms/deep_catalog/form_field_trigger_catalog.jsonl
HRSRCUT006.fmx,HR,ONEX_HR_WINDOW_API,41,8,316,626,IAS_GEN_PKG;IAS_GEN_PKGIAS20142GET_PROMPTIAS;IAS_GEN_PKGIAS20142GET_SYSDATEIA;IAS_GET_ENC_PASS_FNC;IAS_GET_ENC_PASS_FNCIAS20142IAS_GET_ENC_PASS_FNC;IAS_PRMTR_PKG;IAS_PRMTR_PKGIAS20142GETPVAL;IAS_USR_PKG;IAS_USR_PKGIAS20142CHK_USR_FRM_PRVIA;IAS_USR_PKGIAS20142GET_USR_APPRV;IAS_USR_PKGIAS20142GET_USR_NMIAS;YS_EMP_PKG;YS_EMP_PKGIAS20142CHK_EMPYS_;YS_EMP_PKGIAS20142GET_CODE_NMYS_;YS_GEN_PKG;YS_GEN_PKGIAS20142CHK_LOCK_RCRDY;YS_GEN_PKGIAS20142GET_USR_FLD_PRVYS_,CREATE/SAVE;UPDATE;DELETE/VOID;POST;PRINT,FMX_STRING_EVIDENCE,oracle_forms/deep_catalog/form_field_trigger_catalog.jsonl
HRSRCUT007.fmx,HR,ONEX_HR_WINDOW_API,38,8,259,600,IAS_GEN_PKG;IAS_GEN_PKGIAS20142GET_SYSDATEIA;IAS_GET_ENC_PASS_FNC;IAS_GET_ENC_PASS_FNCIAS20142IAS_GET_ENC_PASS_FNC;IAS_PRMTR_PKG;IAS_PRMTR_PKGIAS20142GETPVAL;IAS_USR_PKG;IAS_USR_PKGIAS20142CHK_USR_FRM_PRVIA;IAS_USR_PKGIAS20142GET_USR_APPRV;IAS_USR_PKGIAS20142GET_USR_NMIAS;YS_EMP_PKG;YS_EMP_PKGIAS20142GET_CODE_NMYS_;YS_GEN_PKG;YS_GEN_PKGIAS20142CHK_LOCK_RCRDY;YS_GEN_PKGIAS20142GET_USR_FLD_PRVYS_,CREATE/SAVE;UPDATE;DELETE/VOID;POST;PRINT,FMX_STRING_EVIDENCE,oracle_forms/deep_catalog/form_field_trigger_catalog.jsonl
HRSRCUT008.fmx,HR,ONEX_HR_WINDOW_API,39,8,355,727,IAS_GET_ENC_PASS_FNC;IAS_GET_ENC_PASS_FNCIAS20142IAS_GET_ENC_PASS_FNC;IAS_USR_PKG;IAS_USR_PKGIAS20142CHK_USR_FRM_PRVIA;IAS_USR_PKGIAS20142GET_USR_APPRV;IAS_USR_PKGIAS20142GET_USR_NMIAS;YS_EMP_PKG;YS_GEN_PKG;YS_GEN_PKGIAS20142CHK_LOCK_RCRDY;YS_GEN_PKGIAS20142GET_SYSDATEYS_;YS_GEN_PKGIAS20142GET_USR_FLD_PRVYS_;YS_SRL_SCR_PKG;YS_SRL_SCR_PKGIAS20142GET_SYS_SQ,CREATE/SAVE;UPDATE;DELETE/VOID;POST;PRINT,FMX_STRING_EVIDENCE,oracle_forms/deep_catalog/form_field_trigger_catalog.jsonl
HRSRCUT009.fmx,HR,ONEX_HR_WINDOW_API,40,8,365,715,IAS_GET_ENC_PASS_FNC;IAS_GET_ENC_PASS_FNCIAS20142IAS_GET_ENC_PASS_FNC;IAS_USR_PKG;IAS_USR_PKGIAS20142CHK_USR_FRM_PRVIA;IAS_USR_PKGIAS20142GET_USR_APPRV;IAS_USR_PKGIAS20142GET_USR_NMIAS;YS_EMP_PKG;YS_GEN_PKG;YS_GEN_PKGIAS20142CHK_LOCK_RCRDY;YS_GEN_PKGIAS20142GET_SYSDATEYS_;YS_GEN_PKGIAS20142GET_USR_FLD_PRVYS_;YS_SRL_SCR_PKG;YS_SRL_SCR_PKGIAS20142GET_SYS_SQ,CREATE/SAVE;UPDATE;DELETE/VOID;POST;PRINT,FMX_STRING_EVIDENCE,oracle_forms/deep_catalog/form_field_trigger_catalog.jsonl
HRSRCUT010.fmx,HR,ONEX_HR_WINDOW_API,40,8,267,684,IAS_GET_ENC_PASS_FNC;IAS_GET_ENC_PASS_FNCIAS20142IAS_GET_ENC_PASS_FNC;IAS_USR_PKG;IAS_USR_PKGIAS20142CHK_USR_FRM_PRVIA;IAS_USR_PKGIAS20142GET_USR_APPRV;IAS_USR_PKGIAS20142GET_USR_NMIAS;YS_EMP_PKG;YS_EMP_PKGIAS20142GET_CODE_NMYS_;YS_GEN_PKG;YS_GEN_PKGIAS20142CHK_LOCK_RCRDY;YS_GEN_PKGIAS20142GET_SYSDATEYS_;YS_GEN_PKGIAS20142GET_USR_FLD_PRVYS_;YS_SRL_SCR_PKG;YS_SRL_SCR_PKGIAS20142GET_SYS_SQ,CREATE/SAVE;UPDATE;DELETE/VOID;POST;PRINT,FMX_STRING_EVIDENCE,oracle_forms/deep_catalog/form_field_trigger_catalog.jsonl
HRSRCUT011.fmx,HR,ONEX_HR_WINDOW_API,49,8,424,755,IAS_CHECK_SYS_PKG;IAS_CHECK_SYS_PKGIAS20142CHECK_BT_DATEIA;IAS_DBS_SYS_PKG;IAS_DBS_SYS_PKGIAS20142CHECK_OBJECTI;IAS_GEN_PKG;IAS_GEN_PKGIAS20142GET_PROMPTIAS;IAS_GEN_PKGIAS20142GET_SYSDATEIA;IAS_GET_ENC_PASS_FNC;IAS_GET_ENC_PASS_FNCIAS20142IAS_GET_ENC_PASS_FNC;IAS_USR_PKG;IAS_USR_PKGIAS20142CHK_USR_FRM_PRVIA;IAS_USR_PKGIAS20142GET_USR_APPRV;IAS_USR_PKGIAS20142GET_USR_NMIAS;YS_EMP_PKG;YS_EMP_PKGIAS20142CHK_EMPYS_;YS_EMP_PKGIAS20142GET_CODE_NMYS_;YS_EMP_PKGIAS20142GET_GRNTR_NMYS;YS_EMP_PKGIAS20142GET_HRCHY_NMYS;YS_EMP_PKGIAS20142GET_SPNSR_NMYS;YS_GEN_PKG;YS_GEN_PKGIAS20142CHK_DUP_FLD_FNCYS_;YS_GEN_PKGIAS20142CHK_LOCK_RCRDY;YS_GEN_PKGIAS20142GET_CNTYS_;YS_GEN_PKGIAS20142GET_MSGYS_;YS_GEN_PKGIAS20142GET_USR_FLD_PRVYS_;YS_SRL_SCR_PKG;YS_SRL_SCR_PKGIAS20142GET_SYS_SQ,CREATE/SAVE;UPDATE;DELETE/VOID;POST;PRINT,FMX_STRING_EVIDENCE,oracle_forms/deep_catalog/form_field_trigger_catalog.jsonl
HRSRCUT012.fmx,HR,ONEX_HR_WINDOW_API,68,8,394,858,IAS_CHECK_SYS_PKG;IAS_CHECK_SYS_PKGIAS20142CHECK_BT_DATEIA;IAS_DBS_SYS_PKG;IAS_DBS_SYS_PKGIAS20142CHECK_OBJECTI;IAS_GEN_PKG;IAS_GEN_PKGIAS20142GET_CNTIA;IAS_GEN_PKGIAS20142GET_PROMPTIAS;IAS_GEN_PKGIAS20142GET_SYSDATEIA;IAS_GET_ENC_PASS_FNC;IAS_GET_ENC_PASS_FNCIAS20142IAS_GET_ENC_PASS_FNC;IAS_USR_PKG;IAS_USR_PKGIAS20142CHK_USR_FRM_PRVIA;IAS_USR_PKGIAS20142GET_USR_APPRV;IAS_USR_PKGIAS20142GET_USR_NMIAS;YS_APPRVD_PKG;YS_APPRVD_PKGIAS20142INSRT_APPRVD_LVLYS_;YS_EMP_PKG;YS_EMP_PKGIAS20142CHK_EMPYS_;YS_EMP_PKGIAS20142GET_CODE_NMYS_;YS_EMP_PKGIAS20142GET_HRCHY_NMYS;YS_GEN_PKG;YS_GEN_PKGIAS20142CHK_LOCK_RCRDY;YS_GEN_PKGIAS20142GET_CNTYS_;YS_GEN_PKGIAS20142GET_FLG_NM;YS_GEN_PKGIAS20142GET_USR_FLD_PRVYS_,CREATE/SAVE;UPDATE;DELETE/VOID;POST;PRINT,FMX_STRING_EVIDENCE,oracle_forms/deep_catalog/form_field_trigger_catalog.jsonl
HRSRCUT015.fmx,HR,ONEX_HR_WINDOW_API,56,8,363,734,IAS_CHECK_SYS_PKG;IAS_CHECK_SYS_PKGIAS20142CHECK_BT_DATEIA;IAS_DBS_SYS_PKG;IAS_DBS_SYS_PKGIAS20142CHECK_OBJECTI;IAS_GEN_PKG;IAS_GEN_PKGIAS20142GET_CNTIA;IAS_GEN_PKGIAS20142GET_PROMPTIAS;IAS_GEN_PKGIAS20142GET_SYSDATEIA;IAS_GET_ENC_PASS_FNC;IAS_GET_ENC_PASS_FNCIAS20142IAS_GET_ENC_PASS_FNC;IAS_USR_PKG;IAS_USR_PKGIAS20142CHK_USR_FRM_PRVIA;IAS_USR_PKGIAS20142GET_USR_APPRV;IAS_USR_PKGIAS20142GET_USR_NMIAS;YS_EMP_PKG;YS_EMP_PKGIAS20142CHK_EMPYS_;YS_EMP_PKGIAS20142GET_EMP_NM;YS_EMP_PKGIAS20142GET_HRCHY_NMYS;YS_GEN_PKG;YS_GEN_PKGIAS20142CHK_LOCK_RCRDY;YS_GEN_PKGIAS20142GET_USR_FLD_PRVYS_,CREATE/SAVE;UPDATE;DELETE/VOID;POST;PRINT,FMX_STRING_EVIDENCE,oracle_forms/deep_catalog/form_field_trigger_catalog.jsonl
HRSS001.fmx,HR,ONEX_HR_WINDOW_API,35,8,301,439,IAS_GET_ENC_PASS_FNC;IAS_GET_ENC_PASS_FNCIAS20142IAS_GET_ENC_PASS_FNC;IAS_USR_PKG;IAS_USR_PKGIAS20142CHK_USR_FRM_PRVIA;IAS_USR_PKGIAS20142GET_USR_APPRV;IAS_USR_PKGIAS20142GET_USR_NMIAS;YS_GEN_PKG;YS_GEN_PKGIAS20142CHK_LOCK_RCRDY;YS_GEN_PKGIAS20142GET_CNTYS_;YS_GEN_PKGIAS20142GET_USR_FLD_PRVYS_;YS_SRL_SCR_PKG;YS_SRL_SCR_PKGIAS20142GET_SYS_SQ,CREATE/SAVE;UPDATE;DELETE/VOID;POST;PRINT,FMX_STRING_EVIDENCE,oracle_forms/deep_catalog/form_field_trigger_catalog.jsonl
HRSS002.fmx,HR,ONEX_HR_WINDOW_API,48,8,510,800,IAS_CHECK_SYS_PKG;IAS_CHECK_SYS_PKGIAS20142CHECK_BT_DATEIA;IAS_DBS_SYS_PKG;IAS_DBS_SYS_PKGIAS20142CHECK_OBJECTI;IAS_GEN_PKG;IAS_GEN_PKGIAS20142GET_PROMPTIAS;IAS_GET_ENC_PASS_FNC;IAS_GET_ENC_PASS_FNCIAS20142IAS_GET_ENC_PASS_FNC;IAS_USR_PKG;IAS_USR_PKGIAS20142CHK_USR_FRM_PRVIA;IAS_USR_PKGIAS20142GET_USR_APPRV;IAS_USR_PKGIAS20142GET_USR_NMIAS;YS_GEN_PKG;YS_GEN_PKGIAS20142CHK_INACTV_SYSTEMY;YS_GEN_PKGIAS20142GET_CNTYS_;YS_GEN_PKGIAS20142GET_PROMPT;YS_GEN_PKGIAS20142GET_SYSDATEYS_;YS_GEN_PKGIAS20142GET_USR_FLD_PRVYS_,CREATE/SAVE;UPDATE;DELETE/VOID;POST;PRINT,FMX_STRING_EVIDENCE,oracle_forms/deep_catalog/form_field_trigger_catalog.jsonl
HRSS004.fmx,HR,ONEX_HR_WINDOW_API,37,8,318,650,IAS_GEN_PKG;IAS_GEN_PKGIAS20142GET_FLD_VALUE;IAS_GET_ENC_PASS_FNC;IAS_GET_ENC_PASS_FNCIAS20142IAS_GET_ENC_PASS_FNC;IAS_USR_PKG;IAS_USR_PKGIAS20142CHK_USR_FRM_PRVIA;IAS_USR_PKGIAS20142GET_USR_APPRV;IAS_USR_PKGIAS20142GET_USR_NMIAS;YS_GEN_PKG;YS_GEN_PKGIAS20142GET_CNTYS_;YS_GEN_PKGIAS20142GET_USR_FLD_PRVYS_;YS_SRL_SCR_PKG;YS_SRL_SCR_PKGIAS20142GET_SYS_SQ,CREATE/SAVE;UPDATE;DELETE/VOID;POST;PRINT,FMX_STRING_EVIDENCE,oracle_forms/deep_catalog/form_field_trigger_catalog.jsonl
HRSS005.fmx,HR,ONEX_HR_WINDOW_API,46,8,471,752,IAS_GEN_PKG;IAS_GEN_PKGIAS20142GET_FLD_VALUE;IAS_GET_ENC_PASS_FNC;IAS_GET_ENC_PASS_FNCIAS20142IAS_GET_ENC_PASS_FNC;IAS_USR_PKG;IAS_USR_PKGIAS20142CHK_USR_FRM_PRVIA;IAS_USR_PKGIAS20142GET_USR_APPRV;IAS_USR_PKGIAS20142GET_USR_NMIAS;YS_GEN_PKG;YS_GEN_PKGIAS20142GET_CNTYS_;YS_GEN_PKGIAS20142GET_CURDATEYS_;YS_GEN_PKGIAS20142GET_FLG_NM;YS_GEN_PKGIAS20142GET_USR_FLD_PRVYS_;YS_SRL_SCR_PKG;YS_SRL_SCR_PKGIAS20142GET_SYS_SQ,CREATE/SAVE;UPDATE;DELETE/VOID;POST;PRINT,FMX_STRING_EVIDENCE,oracle_forms/deep_catalog/form_field_trigger_catalog.jsonl
HRSS006.fmx,HR,ONEX_HR_WINDOW_API,64,8,659,1050,IAS_ACODE_PKG;IAS_ACODE_PKGIAS20142GET_A_NAMEI;IAS_ACTV_PKG;IAS_ACTV_PKGIAS20142CHK_ACTV;IAS_ACTV_PKGIAS20142GET_ACTV_NAMEIAS;IAS_CC_CODE_PKG;IAS_CC_CODE_PKGIAS20142GET_CC_NAMEIA;IAS_GEN_PKG;IAS_GEN_PKGIAS20142GET_FLD_VALUE;IAS_GET_ENC_PASS_FNC;IAS_GET_ENC_PASS_FNCIAS20142IAS_GET_ENC_PASS_FNC;IAS_PJ_PKG;IAS_PJ_PKGIAS20142GET_PJ_NAMEIAS;IAS_USR_PKG;IAS_USR_PKGIAS20142CHK_USR_FRM_PRVIA;IAS_USR_PKGIAS20142GET_USR_APPRV;IAS_USR_PKGIAS20142GET_USR_NMIAS;YS_AC_DTL_PKG;YS_AC_DTL_PKGIAS20142CHK_AC_DTLY;YS_AC_DTL_PKGIAS20142GET_AC_DTL_TYPY;YS_GEN_PKG;YS_GEN_PKGIAS20142GET_CNTYS_;YS_GEN_PKGIAS20142GET_FLG_NM;YS_GEN_PKGIAS20142GET_LOCAL_CURY;YS_GEN_PKGIAS20142GET_PROMPT;YS_GEN_PKGIAS20142GET_USR_FLD_PRVYS_;YS_SRL_SCR_PKG;YS_SRL_SCR_PKGIAS20142GET_SYS_SQ,CREATE/SAVE;UPDATE;DELETE/VOID;POST;PRINT,FMX_STRING_EVIDENCE,oracle_forms/deep_catalog/form_field_trigger_catalog.jsonl
HRSS007.fmx,HR,ONEX_HR_WINDOW_API,39,8,294,649,IAS_GET_ENC_PASS_FNC;IAS_GET_ENC_PASS_FNCIAS20142IAS_GET_ENC_PASS_FNC;IAS_USR_PKG;IAS_USR_PKGIAS20142CHK_USR_FRM_PRVIA;IAS_USR_PKGIAS20142GET_USR_APPRV;IAS_USR_PKGIAS20142GET_USR_NMIAS;YS_GEN_PKG;YS_GEN_PKGIAS20142CHK_LOCK_RCRDY;YS_GEN_PKGIAS20142GET_CURDATEYS_;YS_GEN_PKGIAS20142GET_PROMPT;YS_GEN_PKGIAS20142GET_USR_FLD_PRVYS_;YS_SRL_SCR_PKG;YS_SRL_SCR_PKGIAS20142GET_SYS_SQ,CREATE/SAVE;UPDATE;DELETE/VOID;POST;PRINT,FMX_STRING_EVIDENCE,oracle_forms/deep_catalog/form_field_trigger_catalog.jsonl
HRSS008.fmx,HR,ONEX_HR_WINDOW_API,36,8,209,590,IAS_GET_ENC_PASS_FNC;IAS_GET_ENC_PASS_FNCIAS20142IAS_GET_ENC_PASS_FNC;IAS_USR_PKG;IAS_USR_PKGIAS20142CHK_USR_FRM_PRVIA;IAS_USR_PKGIAS20142GET_USR_APPRV;IAS_USR_PKGIAS20142GET_USR_NMIAS;YS_GEN_PKG;YS_GEN_PKGIAS20142CHK_LOCK_RCRDY;YS_GEN_PKGIAS20142GET_CNTYS_;YS_GEN_PKGIAS20142GET_CURDATEYS_;YS_GEN_PKGIAS20142GET_USR_FLD_PRVYS_;YS_SRL_SCR_PKG;YS_SRL_SCR_PKGIAS20142GET_SYS_SQ,CREATE/SAVE;UPDATE;DELETE/VOID;POST;PRINT,FMX_STRING_EVIDENCE,oracle_forms/deep_catalog/form_field_trigger_catalog.jsonl
HRSS009.fmx,HR,ONEX_HR_WINDOW_API,41,8,162,651,IAS_GET_ENC_PASS_FNC;IAS_USR_PKG;IAS_USR_PKGIAS201650CHK_USR_FRM_PRVI;IAS_USR_PKGIAS201650GET_USR_APPRVIAS;IAS_USR_PKGIAS201650GET_USR_NMIA;YS_GEN_PKG;YS_GEN_PKGIAS201650CHK_INACTV_SYSTEM;YS_GEN_PKGIAS201650GET_CNTYS;YS_GEN_PKGIAS201650GET_CURDATEYS;YS_GEN_PKGIAS201650GET_USR_FLD_PRVYS;YS_SRL_SCR_PKG;YS_SRL_SCR_PKGIAS201650GET_SYS_SQYS_,CREATE/SAVE;UPDATE;DELETE/VOID;POST;PRINT,FMX_STRING_EVIDENCE,oracle_forms/deep_catalog/form_field_trigger_catalog.jsonl
HRSS010.fmx,HR,ONEX_HR_WINDOW_API,41,8,399,578,IAS_ACODE_PKG;IAS_ACODE_PKGIAS20142CHK_AC_CODE;IAS_ACODE_PKGIAS20142GET_A_NAMEI;IAS_GEN_PKG;IAS_GEN_PKGIAS20142GET_FLD_VALUE;IAS_GET_ENC_PASS_FNC;IAS_GET_ENC_PASS_FNCIAS20142IAS_GET_ENC_PASS_FNC;IAS_USR_PKG;IAS_USR_PKGIAS20142CHK_USR_FRM_PRVIA;IAS_USR_PKGIAS20142GET_USR_APPRV;IAS_USR_PKGIAS20142GET_USR_NMIAS;YS_GEN_PKG;YS_GEN_PKGIAS20142GET_CNTYS_;YS_GEN_PKGIAS20142GET_USR_FLD_PRVYS_;YS_SRL_SCR_PKG;YS_SRL_SCR_PKGIAS20142GET_SYS_SQ,CREATE/SAVE;UPDATE;DELETE/VOID;POST;PRINT,FMX_STRING_EVIDENCE,oracle_forms/deep_catalog/form_field_trigger_catalog.jsonl
HRSS015.fmx,HR,ONEX_HR_WINDOW_API,49,8,400,848,IAS_GEN_PKG;IAS_GEN_PKGIAS20142GET_LOCAL_CUR;IAS_GET_ENC_PASS_FNC;IAS_GET_ENC_PASS_FNCIAS20142IAS_GET_ENC_PASS_FNC;IAS_USR_PKG;IAS_USR_PKGIAS20142CHK_USR_FRM_PRVIA;IAS_USR_PKGIAS20142GET_USR_APPRV;IAS_USR_PKGIAS20142GET_USR_NMIAS;YS_EMP_PKG;YS_EMP_PKGIAS20142GET_CODE_NMYS_;YS_GEN_PKG;YS_GEN_PKGIAS20142CHK_CUR_CODEYS;YS_GEN_PKGIAS20142GET_CURDATEYS_;YS_GEN_PKGIAS20142GET_FLG_NM;YS_GEN_PKGIAS20142GET_SYSDATEYS_;YS_GEN_PKGIAS20142GET_USR_FLD_PRVYS_;YS_SRL_SCR_PKG;YS_SRL_SCR_PKGIAS20142GET_SYS_SQ,CREATE/SAVE;UPDATE;DELETE/VOID;POST;PRINT,FMX_STRING_EVIDENCE,oracle_forms/deep_catalog/form_field_trigger_catalog.jsonl
HRSS016.fmx,HR,ONEX_HR_WINDOW_API,33,10,71,350,IAS_GET_ENC_PASS_FNC;IAS_GET_ENC_PASS_FNCIAS20142IAS_GET_ENC_PASS_FNC;IAS_USR_PKG;IAS_USR_PKGIAS20142CHK_USR_FRM_PRVIA;IAS_USR_PKGIAS20142GET_USR_APPRV;IAS_USR_PKGIAS20142GET_USR_NMIAS;YS_GEN_PKG;YS_GEN_PKGIAS20142CHK_LOCK_RCRDY;YS_GEN_PKGIAS20142GET_USR_FLD_PRVYS_;YS_SRL_SCR_PKG;YS_SRL_SCR_PKGIAS20142GET_SYS_SQ,CREATE/SAVE;UPDATE;DELETE/VOID;POST;PRINT,FMX_STRING_EVIDENCE,oracle_forms/deep_catalog/form_field_trigger_catalog.jsonl
HRSS017.fmx,HR,ONEX_HR_WINDOW_API,36,8,318,647,IAS_GET_ENC_PASS_FNC;IAS_GET_ENC_PASS_FNCIAS20142IAS_GET_ENC_PASS_FNC;IAS_USR_PKG;IAS_USR_PKGIAS20142CHK_USR_FRM_PRVIA;IAS_USR_PKGIAS20142GET_USR_APPRV;IAS_USR_PKGIAS20142GET_USR_NMIAS;YS_GEN_PKG;YS_GEN_PKGIAS20142CHK_LOCK_RCRDY;YS_GEN_PKGIAS20142GET_CNTYS_;YS_GEN_PKGIAS20142GET_CURDATEYS_;YS_GEN_PKGIAS20142GET_USR_FLD_PRVYS_;YS_SRL_SCR_PKG;YS_SRL_SCR_PKGIAS20142GET_SYS_SQ,CREATE/SAVE;UPDATE;DELETE/VOID;POST;PRINT,FMX_STRING_EVIDENCE,oracle_forms/deep_catalog/form_field_trigger_catalog.jsonl
HRSS018.fmx,HR,ONEX_HR_WINDOW_API,39,8,237,736,IAS_GET_ENC_PASS_FNC;IAS_GET_ENC_PASS_FNCIAS20142IAS_GET_ENC_PASS_FNC;IAS_USR_PKG;IAS_USR_PKGIAS20142CHK_USR_FRM_PRVIA;IAS_USR_PKGIAS20142GET_USR_APPRV;IAS_USR_PKGIAS20142GET_USR_NMIAS;YS_EMP_PKG;YS_EMP_PKGIAS20142GET_CODE_NMYS_;YS_GEN_PKG;YS_GEN_PKGIAS20142CHK_LOCK_RCRDY;YS_GEN_PKGIAS20142GET_CURDATEYS_;YS_GEN_PKGIAS20142GET_USR_FLD_PRVYS_;YS_SRL_SCR_PKG;YS_SRL_SCR_PKGIAS20142GET_SYS_SQ,CREATE/SAVE;UPDATE;DELETE/VOID;POST;PRINT,FMX_STRING_EVIDENCE,oracle_forms/deep_catalog/form_field_trigger_catalog.jsonl
HRSS019.fmx,HR,ONEX_HR_WINDOW_API,45,8,385,676,IAS_GET_ENC_PASS_FNC;IAS_GET_ENC_PASS_FNCIAS20142IAS_GET_ENC_PASS_FNC;IAS_USR_PKG;IAS_USR_PKGIAS20142CHK_USR_FRM_PRVIA;IAS_USR_PKGIAS20142GET_USR_APPRV;IAS_USR_PKGIAS20142GET_USR_NMIAS;YS_GEN_PKG;YS_GEN_PKGIAS20142CHK_LOCK_RCRDY;YS_GEN_PKGIAS20142GET_CURDATEYS_;YS_GEN_PKGIAS20142GET_FLG_NM;YS_GEN_PKGIAS20142GET_USR_FLD_PRVYS_;YS_SRL_SCR_PKG;YS_SRL_SCR_PKGIAS20142GET_SYS_SQ,CREATE/SAVE;UPDATE;DELETE/VOID;POST;PRINT,FMX_STRING_EVIDENCE,oracle_forms/deep_catalog/form_field_trigger_catalog.jsonl
HRSS021.fmx,HR,ONEX_HR_WINDOW_API,40,8,369,757,IAS_GET_ENC_PASS_FNC;IAS_GET_ENC_PASS_FNCIAS20142IAS_GET_ENC_PASS_FNC;IAS_USR_PKG;IAS_USR_PKGIAS20142CHK_USR_FRM_PRVIA;IAS_USR_PKGIAS20142GET_USR_APPRV;IAS_USR_PKGIAS20142GET_USR_NMIAS;YS_EMP_PKG;YS_EMP_PKGIAS20142GET_CODE_NMYS_;YS_GEN_PKG;YS_GEN_PKGIAS20142CHK_LOCK_RCRDY;YS_GEN_PKGIAS20142GET_CURDATEYS_;YS_GEN_PKGIAS20142GET_FLG_NM;YS_GEN_PKGIAS20142GET_USR_FLD_PRVYS_;YS_SRL_SCR_PKG;YS_SRL_SCR_PKGIAS20142GET_SYS_SQ,CREATE/SAVE;UPDATE;DELETE/VOID;POST;PRINT,FMX_STRING_EVIDENCE,oracle_forms/deep_catalog/form_field_trigger_catalog.jsonl
HRSS030.fmx,HR,ONEX_HR_WINDOW_API,38,8,297,679,IAS_GEN_PKG;IAS_GET_ENC_PASS_FNC;IAS_GET_ENC_PASS_FNCIAS20142IAS_GET_ENC_PASS_FNC;IAS_USR_PKG;IAS_USR_PKGIAS20142CHK_USR_FRM_PRVIA;IAS_USR_PKGIAS20142GET_USR_APPRV;IAS_USR_PKGIAS20142GET_USR_NMIAS;YS_GEN_PKG;YS_GEN_PKGIAS20142CHK_LOCK_RCRDY;YS_GEN_PKGIAS20142GET_USR_FLD_PRVYS_;YS_SRL_SCR_PKG;YS_SRL_SCR_PKGIAS20142GET_SYS_SQ,CREATE/SAVE;UPDATE;DELETE/VOID;POST;PRINT,FMX_STRING_EVIDENCE,oracle_forms/deep_catalog/form_field_trigger_catalog.jsonl
HRSS031.fmx,HR,ONEX_HR_WINDOW_API,40,8,392,756,IAS_GEN_PKG;IAS_GEN_PKGIAS20142GET_PROMPTIAS;IAS_GET_ENC_PASS_FNC;IAS_GET_ENC_PASS_FNCIAS20142IAS_GET_ENC_PASS_FNC;IAS_USR_PKG;IAS_USR_PKGIAS20142CHK_USR_FRM_PRVIA;IAS_USR_PKGIAS20142GET_USR_APPRV;IAS_USR_PKGIAS20142GET_USR_NMIAS;YS_GEN_PKG;YS_GEN_PKGIAS20142CHK_LOCK_RCRDY;YS_GEN_PKGIAS20142GET_USR_FLD_PRVYS_;YS_SRL_SCR_PKG;YS_SRL_SCR_PKGIAS20142GET_SYS_SQ,CREATE/SAVE;UPDATE;DELETE/VOID;POST;PRINT,FMX_STRING_EVIDENCE,oracle_forms/deep_catalog/form_field_trigger_catalog.jsonl
HRSS032.fmx,HR,ONEX_HR_WINDOW_API,33,8,199,553,IAS_GET_ENC_PASS_FNC;IAS_GET_ENC_PASS_FNCIAS20142IAS_GET_ENC_PASS_FNC;IAS_USR_PKG;IAS_USR_PKGIAS20142CHK_USR_FRM_PRVIA;IAS_USR_PKGIAS20142GET_USR_APPRV;IAS_USR_PKGIAS20142GET_USR_NMIAS;YS_GEN_PKG;YS_GEN_PKGIAS20142CHK_LOCK_RCRDY;YS_GEN_PKGIAS20142GET_USR_FLD_PRVYS_;YS_SRL_SCR_PKG;YS_SRL_SCR_PKGIAS20142GET_SYS_SQ,CREATE/SAVE;UPDATE;DELETE/VOID;POST;PRINT,FMX_STRING_EVIDENCE,oracle_forms/deep_catalog/form_field_trigger_catalog.jsonl
HRSSTPS001.fmx,HR,ONEX_HR_WINDOW_API,35,8,157,351,IAS_GET_ENC_PASS_FNC;IAS_GET_ENC_PASS_FNCIAS20142IAS_GET_ENC_PASS_FNC;IAS_USR_PKG;IAS_USR_PKGIAS20142CHK_USR_FRM_PRVIA;IAS_USR_PKGIAS20142GET_USR_APPRV;IAS_USR_PKGIAS20142GET_USR_NMIAS;YS_GEN_PKG;YS_GEN_PKGIAS20142CHK_LOCK_RCRDY;YS_GEN_PKGIAS20142GET_CNTYS_;YS_GEN_PKGIAS20142GET_USR_FLD_PRVYS_;YS_SRL_SCR_PKG;YS_SRL_SCR_PKGIAS20142GET_SYS_SQ,CREATE/SAVE;UPDATE;DELETE/VOID;POST;PRINT,FMX_STRING_EVIDENCE,oracle_forms/deep_catalog/form_field_trigger_catalog.jsonl
HRSSTPS002.fmx,HR,ONEX_HR_WINDOW_API,35,8,278,627,IAS_GET_ENC_PASS_FNC;IAS_GET_ENC_PASS_FNCIAS20142IAS_GET_ENC_PASS_FNC;IAS_USR_PKG;IAS_USR_PKGIAS20142CHK_USR_FRM_PRVIA;IAS_USR_PKGIAS20142GET_USR_APPRV;IAS_USR_PKGIAS20142GET_USR_NMIAS;YS_GEN_PKG;YS_GEN_PKGIAS20142GET_CNTYS_;YS_GEN_PKGIAS20142GET_USR_FLD_PRVYS_;YS_SRL_SCR_PKG;YS_SRL_SCR_PKGIAS20142GET_SYS_SQ,CREATE/SAVE;UPDATE;DELETE/VOID;POST;PRINT,FMX_STRING_EVIDENCE,oracle_forms/deep_catalog/form_field_trigger_catalog.jsonl
HRST001.fmx,HR,ONEX_HR_WINDOW_API,94,8,733,1126,IAS_ACODE_PKG;IAS_ACODE_PKGIAS20142GET_A_NAMEI;IAS_ACTV_PKG;IAS_ACTV_PKGIAS20142CHK_ACTV;IAS_ACTV_PKGIAS20142GET_ACTV_NAMEIAS;IAS_AUD_SYS_PKG;IAS_AUD_SYS_PKGIAS20142ADD_DOC_DELIA;IAS_CC_CODE_PKG;IAS_CC_CODE_PKGIAS20142GET_CC_NAMEIA;IAS_GEN_PKG;IAS_GEN_PKGIAS20142GET_CURDATEIA;IAS_GEN_PKGIAS20142GET_MSGIA;IAS_GEN_PKGIAS20142GET_PROMPTIAS;IAS_GET_DOC_DEL_FNC;IAS_GET_ENC_PASS_FNC;IAS_GET_ENC_PASS_FNCIAS20142IAS_GET_ENC_PASS_FNC;IAS_PJ_PKG;IAS_PJ_PKGIAS20142GET_PJ_NAMEIAS;IAS_USR_PKG;IAS_USR_PKGIAS20142CHK_USR_FRM_PRVIA;IAS_USR_PKGIAS20142GET_USR_APPRV;IAS_USR_PKGIAS20142GET_USR_NMIAS;YS_EMP_PKG;YS_EMP_PKGIAS20142CHK_EMPYS_;YS_EMP_PKGIAS20142GET_CODE_NMYS_;YS_EMP_PKGIAS20142GET_EMP_FLDYS_;YS_EMP_PKGIAS20142GET_EMP_FLD_VALYS_;YS_EMP_PKGIAS20142GET_EMP_NM;YS_GEN_PKG;YS_GEN_PKGIAS20142CHK_CUR_CODEYS;YS_GEN_PKGIAS20142GET_CNTYS_;YS_GEN_PKGIAS20142GET_FLG_NM;YS_GEN_PKGIAS20142GET_LOCAL_CURY;YS_GEN_PKGIAS20142GET_PROMPT;YS_GEN_PKGIAS20142GET_SYSDATEYS_;YS_GEN_PKGIAS20142GET_USR_FLD_PRVYS_;YS_SRL_SCR_PKG;YS_SRL_SCR_PKGIAS20142GET_SYS_SQ,CREATE/SAVE;UPDATE;DELETE/VOID;POST;PRINT,FMX_STRING_EVIDENCE,oracle_forms/deep_catalog/form_field_trigger_catalog.jsonl
HRST001_B.fmx,HR,ONEX_HR_WINDOW_API,93,8,732,1112,IAS_ACODE_PKG;IAS_ACODE_PKGIAS20142GET_A_NAMEI;IAS_ACTV_PKG;IAS_ACTV_PKGIAS20142CHK_ACTV;IAS_ACTV_PKGIAS20142GET_ACTV_NAMEIAS;IAS_AUD_SYS_PKG;IAS_AUD_SYS_PKGIAS20142ADD_DOC_DELIA;IAS_CC_CODE_PKG;IAS_CC_CODE_PKGIAS20142GET_CC_NAMEIA;IAS_GEN_PKG;IAS_GEN_PKGIAS20142GET_CURDATEIA;IAS_GEN_PKGIAS20142GET_PROMPTIAS;IAS_GET_DOC_DEL_FNC;IAS_GET_ENC_PASS_FNC;IAS_GET_ENC_PASS_FNCIAS20142IAS_GET_ENC_PASS_FNC;IAS_PJ_PKG;IAS_PJ_PKGIAS20142GET_PJ_NAMEIAS;IAS_USR_PKG;IAS_USR_PKGIAS20142CHK_USR_FRM_PRVIA;IAS_USR_PKGIAS20142GET_USR_APPRV;IAS_USR_PKGIAS20142GET_USR_NMIAS;YS_EMP_PKG;YS_EMP_PKGIAS20142CHK_EMPYS_;YS_EMP_PKGIAS20142GET_CODE_NMYS_;YS_EMP_PKGIAS20142GET_EMP_FLDYS_;YS_EMP_PKGIAS20142GET_EMP_FLD_VALYS_;YS_EMP_PKGIAS20142GET_EMP_NM;YS_GEN_PKG;YS_GEN_PKGIAS20142CHK_CUR_CODEYS;YS_GEN_PKGIAS20142GET_CNTYS_;YS_GEN_PKGIAS20142GET_FLG_NM;YS_GEN_PKGIAS20142GET_LOCAL_CURY;YS_GEN_PKGIAS20142GET_PROMPT;YS_GEN_PKGIAS20142GET_SYSDATEYS_;YS_GEN_PKGIAS20142GET_USR_FLD_PRVYS_;YS_SRL_SCR_PKG;YS_SRL_SCR_PKGIAS20142GET_SYS_SQ,CREATE/SAVE;UPDATE;DELETE/VOID;POST;PRINT,FMX_STRING_EVIDENCE,oracle_forms/deep_catalog/form_field_trigger_catalog.jsonl
HRST002.fmx,HR,ONEX_HR_WINDOW_API,96,8,634,1096,IAS_ACODE_PKG;IAS_ACODE_PKGIAS20142GET_A_NAMEI;IAS_ACTV_PKG;IAS_ACTV_PKGIAS20142CHK_ACTV;IAS_ACTV_PKGIAS20142GET_ACTV_NAMEIAS;IAS_AUD_SYS_PKG;IAS_AUD_SYS_PKGIAS20142ADD_DOC_DELIA;IAS_CC_CODE_PKG;IAS_CC_CODE_PKGIAS20142GET_CC_NAMEIA;IAS_CHECK_SYS_PKG;IAS_CHECK_SYS_PKGIAS20142CHECK_BT_DATEIA;IAS_GEN_PKG;IAS_GEN_PKGIAS20142GET_CURDATEIA;IAS_GEN_PKGIAS20142GET_MSGIA;IAS_GEN_PKGIAS20142GET_PROMPTIAS;IAS_GET_DOC_DEL_FNC;IAS_GET_ENC_PASS_FNC;IAS_GET_ENC_PASS_FNCIAS20142IAS_GET_ENC_PASS_FNC;IAS_PJ_PKG;IAS_PJ_PKGIAS20142GET_PJ_NAMEIAS;IAS_USR_PKG;IAS_USR_PKGIAS20142CHK_USR_FRM_PRVIA;IAS_USR_PKGIAS20142GET_USR_APPRV;IAS_USR_PKGIAS20142GET_USR_NMIAS;YS_EMP_PKG;YS_EMP_PKGIAS20142CHK_EMPYS_;YS_EMP_PKGIAS20142GET_CODE_NMYS_;YS_EMP_PKGIAS20142GET_EMP_FLDYS_;YS_EMP_PKGIAS20142GET_EMP_FLD_VALYS_;YS_EMP_PKGIAS20142GET_EMP_NM;YS_GEN_PKG;YS_GEN_PKGIAS20142CHK_CUR_CODEYS;YS_GEN_PKGIAS20142GET_CNTYS_;YS_GEN_PKGIAS20142GET_DELETE_DOC_PERIODY;YS_GEN_PKGIAS20142GET_FLG_NM;YS_GEN_PKGIAS20142GET_LOCAL_CURY;YS_GEN_PKGIAS20142GET_PROMPT;YS_GEN_PKGIAS20142GET_SYSDATEYS_;YS_GEN_PKGIAS20142GET_USR_FLD_PRVYS_;YS_SRL_SCR_PKG,CREATE/SAVE;UPDATE;DELETE/VOID;POST;PRINT,FMX_STRING_EVIDENCE,oracle_forms/deep_catalog/form_field_trigger_catalog.jsonl
HRST002S.fmx,HR,ONEX_HR_WINDOW_API,88,8,648,1066,IAS_ACODE_PKG;IAS_ACODE_PKGIAS201556GET_A_NAME;IAS_ACTV_PKG;IAS_ACTV_PKGIAS201556CHK_ACTVIAS;IAS_ACTV_PKGIAS201556GET_ACTV_NAMEIA;IAS_AUD_SYS_PKG;IAS_AUD_SYS_PKGIAS201556ADD_DOC_DELI;IAS_CC_CODE_PKG;IAS_CC_CODE_PKGIAS201556GET_CC_NAMEI;IAS_CHECK_SYS_PKG;IAS_CHECK_SYS_PKGIAS201556CHECK_BT_DATEI;IAS_GEN_PKG;IAS_GEN_PKGIAS201556GET_CURDATEI;IAS_GET_DOC_DEL_FNC;IAS_GET_ENC_PASS_FNC;IAS_PJ_PKG;IAS_PJ_PKGIAS201556GET_PJ_NAMEIA;IAS_USR_PKG;IAS_USR_PKGIAS201556CHK_USR_FRM_PRVI;IAS_USR_PKGIAS201556GET_USR_APPRVIAS;IAS_USR_PKGIAS201556GET_USR_NMIA;YS_EMP_PKG;YS_EMP_PKGIAS201556CHK_EMPYS;YS_EMP_PKGIAS201556GET_CODE_NMYS;YS_EMP_PKGIAS201556GET_EMP_FLDYS;YS_EMP_PKGIAS201556GET_EMP_FLD_VALYS;YS_EMP_PKGIAS201556GET_EMP_NMYS_;YS_GEN_PKG;YS_GEN_PKGIAS201556CHK_CUR_CODEY;YS_GEN_PKGIAS201556GET_DELETE_DOC_PERIOD;YS_GEN_PKGIAS201556GET_FLG_NMYS_;YS_GEN_PKGIAS201556GET_SYSDATEYS;YS_GEN_PKGIAS201556GET_USR_FLD_PRVYS;YS_SRL_SCR_PKG;YS_SRL_SCR_PKGIAS201556GET_SYS_SQYS_,CREATE/SAVE;UPDATE;DELETE/VOID;POST;PRINT,FMX_STRING_EVIDENCE,oracle_forms/deep_catalog/form_field_trigger_catalog.jsonl
HRST002S2.fmx,HR,ONEX_HR_WINDOW_API,89,8,639,1073,IAS_ACODE_PKG;IAS_ACODE_PKGIAS201556GET_A_NAME;IAS_ACTV_PKG;IAS_ACTV_PKGIAS201556CHK_ACTVIAS;IAS_ACTV_PKGIAS201556GET_ACTV_NAMEIA;IAS_AUD_SYS_PKG;IAS_AUD_SYS_PKGIAS201556ADD_DOC_DELI;IAS_CC_CODE_PKG;IAS_CC_CODE_PKGIAS201556GET_CC_NAMEI;IAS_CHECK_SYS_PKG;IAS_CHECK_SYS_PKGIAS201556CHECK_BT_DATEI;IAS_GEN_PKG;IAS_GEN_PKGIAS201556GET_CURDATEI;IAS_GET_DOC_DEL_FNC;IAS_GET_ENC_PASS_FNC;IAS_PJ_PKG;IAS_PJ_PKGIAS201556GET_PJ_NAMEIA;IAS_USR_PKG;IAS_USR_PKGIAS201556CHK_USR_FRM_PRVI;IAS_USR_PKGIAS201556GET_USR_APPRVIAS;IAS_USR_PKGIAS201556GET_USR_NMIA;YS_EMP_PKG;YS_EMP_PKGIAS201556CHK_EMPYS;YS_EMP_PKGIAS201556GET_CODE_NMYS;YS_EMP_PKGIAS201556GET_EMP_FLDYS;YS_EMP_PKGIAS201556GET_EMP_FLD_VALYS;YS_EMP_PKGIAS201556GET_EMP_NMYS_;YS_GEN_PKG;YS_GEN_PKGIAS201556CHK_CUR_CODEY;YS_GEN_PKGIAS201556GET_DELETE_DOC_PERIOD;YS_GEN_PKGIAS201556GET_FLG_NMYS_;YS_GEN_PKGIAS201556GET_LOCAL_CUR;YS_GEN_PKGIAS201556GET_SYSDATEYS;YS_GEN_PKGIAS201556GET_USR_FLD_PRVYS;YS_SRL_SCR_PKG;YS_SRL_SCR_PKGIAS201556GET_SYS_SQYS_,CREATE/SAVE;UPDATE;DELETE/VOID;POST;PRINT,FMX_STRING_EVIDENCE,oracle_forms/deep_catalog/form_field_trigger_catalog.jsonl
HRST002SS.fmx,HR,ONEX_HR_WINDOW_API,88,8,637,1066,IAS_ACODE_PKG;IAS_ACODE_PKGIAS201556GET_A_NAME;IAS_ACTV_PKG;IAS_ACTV_PKGIAS201556CHK_ACTVIAS;IAS_ACTV_PKGIAS201556GET_ACTV_NAMEIA;IAS_AUD_SYS_PKG;IAS_AUD_SYS_PKGIAS201556ADD_DOC_DELI;IAS_CC_CODE_PKG;IAS_CC_CODE_PKGIAS201556GET_CC_NAMEI;IAS_CHECK_SYS_PKG;IAS_CHECK_SYS_PKGIAS201556CHECK_BT_DATEI;IAS_GEN_PKG;IAS_GEN_PKGIAS201556GET_CURDATEI;IAS_GET_DOC_DEL_FNC;IAS_GET_ENC_PASS_FNC;IAS_PJ_PKG;IAS_PJ_PKGIAS201556GET_PJ_NAMEIA;IAS_USR_PKG;IAS_USR_PKGIAS201556CHK_USR_FRM_PRVI;IAS_USR_PKGIAS201556GET_USR_APPRVIAS;IAS_USR_PKGIAS201556GET_USR_NMIA;YS_EMP_PKG;YS_EMP_PKGIAS201556CHK_EMPYS;YS_EMP_PKGIAS201556GET_CODE_NMYS;YS_EMP_PKGIAS201556GET_EMP_FLDYS;YS_EMP_PKGIAS201556GET_EMP_FLD_VALYS;YS_EMP_PKGIAS201556GET_EMP_NMYS_;YS_GEN_PKG;YS_GEN_PKGIAS201556CHK_CUR_CODEY;YS_GEN_PKGIAS201556GET_DELETE_DOC_PERIOD;YS_GEN_PKGIAS201556GET_FLG_NMYS_;YS_GEN_PKGIAS201556GET_SYSDATEYS;YS_GEN_PKGIAS201556GET_USR_FLD_PRVYS;YS_SRL_SCR_PKG;YS_SRL_SCR_PKGIAS201556GET_SYS_SQYS_,CREATE/SAVE;UPDATE;DELETE/VOID;POST;PRINT,FMX_STRING_EVIDENCE,oracle_forms/deep_catalog/form_field_trigger_catalog.jsonl
HRST003.fmx,HR,ONEX_HR_WINDOW_API,88,8,502,941,IAS_ACODE_PKG;IAS_ACODE_PKGIAS20142GET_A_NAMEI;IAS_ACTV_PKG;IAS_ACTV_PKGIAS20142CHK_ACTV;IAS_ACTV_PKGIAS20142GET_ACTV_NAMEIAS;IAS_CC_CODE_PKG;IAS_CC_CODE_PKGIAS20142GET_CC_NAMEIA;IAS_CHECK_SYS_PKG;IAS_CHECK_SYS_PKGIAS20142CHECK_BT_DATEIA;IAS_GEN_PKG;IAS_GEN_PKGIAS20142GET_FRM_PRVIA;IAS_GEN_PKGIAS20142GET_MSGIA;IAS_GEN_PKGIAS20142GET_PROMPTIAS;IAS_GET_DOC_DEL_FNC;IAS_GET_ENC_PASS_FNC;IAS_GET_ENC_PASS_FNCIAS20142IAS_GET_ENC_PASS_FNC;IAS_PJ_PKG;IAS_PJ_PKGIAS20142GET_PJ_NAMEIAS;IAS_USR_PKG;IAS_USR_PKGIAS20142GET_USR_APPRV;IAS_USR_PKGIAS20142GET_USR_NMIAS;YS_APPRVD_PKG;YS_APPRVD_PKGIAS20142DEL_APPRVD_LVLY;YS_APPRVD_PKGIAS20142INSRT_APPRVD_LVLYS_;YS_EMP_PKG;YS_EMP_PKGIAS20142CHK_EMPYS_;YS_EMP_PKGIAS20142GET_CODE_NMYS_;YS_EMP_PKGIAS20142GET_EMP_FLDYS_;YS_EMP_PKGIAS20142GET_EMP_FLD_VALYS_;YS_EMP_PKGIAS20142GET_EMP_NM;YS_GEN_PKG;YS_GEN_PKGIAS20142CHK_CUR_CODEYS;YS_GEN_PKGIAS20142GET_CNTYS_;YS_GEN_PKGIAS20142GET_DELETE_DOC_PERIODY;YS_GEN_PKGIAS20142GET_FLG_NM;YS_GEN_PKGIAS20142GET_PROMPT;YS_GEN_PKGIAS20142GET_SYSDATEYS_;YS_GEN_PKGIAS20142GET_USR_FLD_PRVYS_;YS_SRL_SCR_PKG;YS_SRL_SCR_PKGIAS20142GET_SYS_SQ,CREATE/SAVE;UPDATE;DELETE/VOID;POST;PRINT,FMX_STRING_EVIDENCE,oracle_forms/deep_catalog/form_field_trigger_catalog.jsonl
HRST005.fmx,HR,ONEX_HR_WINDOW_API,64,8,484,784,IAS_AUD_SYS_PKG;IAS_AUD_SYS_PKGIAS20142ADD_DOC_DELIA;IAS_GEN_PKG;IAS_GEN_PKGIAS20142GET_CURDATEIA;IAS_GEN_PKGIAS20142GET_MSGIA;IAS_GEN_PKGIAS20142GET_PROMPTIAS;IAS_GET_DOC_DEL_FNC;IAS_GET_ENC_PASS_FNC;IAS_GET_ENC_PASS_FNCIAS20142IAS_GET_ENC_PASS_FNC;IAS_USR_PKG;IAS_USR_PKGIAS20142CHK_USR_FRM_PRVIA;IAS_USR_PKGIAS20142GET_USR_APPRV;IAS_USR_PKGIAS20142GET_USR_NMIAS;YS_EMP_PKG;YS_EMP_PKGIAS20142CHK_EMPYS_;YS_EMP_PKGIAS20142GET_EMP_BRNYS_;YS_EMP_PKGIAS20142GET_EMP_FLDYS_;YS_GEN_PKG;YS_GEN_PKGIAS20142GET_CNTYS_;YS_GEN_PKGIAS20142GET_DELETE_DOC_PERIODY;YS_GEN_PKGIAS20142GET_SYSDATEYS_;YS_GEN_PKGIAS20142GET_UPDATE_DOC_PERIODY;YS_GEN_PKGIAS20142GET_USR_FLD_PRVYS_;YS_SRL_SCR_PKG;YS_SRL_SCR_PKGIAS20142GET_SYS_SQ,CREATE/SAVE;UPDATE;DELETE/VOID;POST;PRINT,FMX_STRING_EVIDENCE,oracle_forms/deep_catalog/form_field_trigger_catalog.jsonl
HRST006.fmx,HR,ONEX_HR_WINDOW_API,33,10,76,350,IAS_GET_ENC_PASS_FNC;IAS_GET_ENC_PASS_FNCIAS20142IAS_GET_ENC_PASS_FNC;IAS_USR_PKG;IAS_USR_PKGIAS20142CHK_USR_FRM_PRVIA;IAS_USR_PKGIAS20142GET_USR_APPRV;IAS_USR_PKGIAS20142GET_USR_NMIAS;YS_GEN_PKG;YS_GEN_PKGIAS20142CHK_LOCK_RCRDY;YS_GEN_PKGIAS20142GET_USR_FLD_PRVYS_;YS_SRL_SCR_PKG;YS_SRL_SCR_PKGIAS20142GET_SYS_SQ,CREATE/SAVE;UPDATE;DELETE/VOID;POST;PRINT,FMX_STRING_EVIDENCE,oracle_forms/deep_catalog/form_field_trigger_catalog.jsonl
HRST007.fmx,HR,ONEX_HR_WINDOW_API,71,8,457,793,IAS_AUD_SYS_PKG;IAS_AUD_SYS_PKGIAS20142ADD_DOC_DELIA;IAS_GEN_PKG;IAS_GEN_PKGIAS20142GET_CURDATEIA;IAS_GEN_PKGIAS20142GET_MSGIA;IAS_GEN_PKGIAS20142GET_PROMPTIAS;IAS_GET_DOC_DEL_FNC;IAS_GET_ENC_PASS_FNC;IAS_GET_ENC_PASS_FNCIAS20142IAS_GET_ENC_PASS_FNC;IAS_USR_PKG;IAS_USR_PKGIAS20142CHK_USR_FRM_PRVIA;IAS_USR_PKGIAS20142GET_USR_APPRV;IAS_USR_PKGIAS20142GET_USR_NMIAS;YS_APPRVD_PKG;YS_APPRVD_PKGIAS20142DEL_APPRVD_LVLY;YS_APPRVD_PKGIAS20142INSRT_APPRVD_LVLYS_;YS_EMP_PKG;YS_EMP_PKGIAS20142CHK_EMPYS_;YS_EMP_PKGIAS20142GET_EMP_FLDYS_;YS_EMP_PKGIAS20142GET_EMP_NM;YS_GEN_PKG;YS_GEN_PKGIAS20142CHK_ACTV_SYSTEMYS_;YS_GEN_PKGIAS20142GET_CNTYS_;YS_GEN_PKGIAS20142GET_CURDATEYS_;YS_GEN_PKGIAS20142GET_DELETE_DOC_PERIODY;YS_GEN_PKGIAS20142GET_MSGYS_;YS_GEN_PKGIAS20142GET_SYSDATEYS_;YS_GEN_PKGIAS20142GET_UPDATE_DOC_PERIODY;YS_GEN_PKGIAS20142GET_USR_FLD_PRVYS_;YS_SRL_SCR_PKG;YS_SRL_SCR_PKGIAS20142GET_SYS_SQ,CREATE/SAVE;UPDATE;DELETE/VOID;POST;PRINT,FMX_STRING_EVIDENCE,oracle_forms/deep_catalog/form_field_trigger_catalog.jsonl
HRST008.fmx,HR,ONEX_HR_WINDOW_API,73,8,481,844,IAS_AUD_SYS_PKG;IAS_AUD_SYS_PKGIAS20142ADD_DOC_DELIA;IAS_GEN_PKG;IAS_GEN_PKGIAS20142GET_CURDATEIA;IAS_GEN_PKGIAS20142GET_MSGIA;IAS_GEN_PKGIAS20142GET_PROMPTIAS;IAS_GET_DOC_DEL_FNC;IAS_GET_ENC_PASS_FNC;IAS_GET_ENC_PASS_FNCIAS20142IAS_GET_ENC_PASS_FNC;IAS_USR_PKG;IAS_USR_PKGIAS20142CHK_USR_FRM_PRVIA;IAS_USR_PKGIAS20142GET_USR_APPRV;IAS_USR_PKGIAS20142GET_USR_NMIAS;YS_EMP_PKG;YS_EMP_PKGIAS20142CHK_EMPYS_;YS_EMP_PKGIAS20142GET_EMP_FLDYS_;YS_GEN_PKG;YS_GEN_PKGIAS20142CHK_ACTV_SYSTEMYS_;YS_GEN_PKGIAS20142GET_CNTYS_;YS_GEN_PKGIAS20142GET_DELETE_DOC_PERIODY;YS_GEN_PKGIAS20142GET_MSGYS_;YS_GEN_PKGIAS20142GET_SYSDATEYS_;YS_GEN_PKGIAS20142GET_UPDATE_DOC_PERIODY;YS_GEN_PKGIAS20142GET_USR_FLD_PRVYS_;YS_SRL_SCR_PKG;YS_SRL_SCR_PKGIAS20142GET_SYS_SQ,CREATE/SAVE;UPDATE;DELETE/VOID;POST;PRINT,FMX_STRING_EVIDENCE,oracle_forms/deep_catalog/form_field_trigger_catalog.jsonl
HRST009.fmx,HR,ONEX_HR_WINDOW_API,70,8,519,871,IAS_AUD_SYS_PKG;IAS_AUD_SYS_PKGIAS20142ADD_DOC_DELIA;IAS_GEN_PKG;IAS_GEN_PKGIAS20142GET_CURDATEIA;IAS_GET_DOC_DEL_FNC;IAS_GET_ENC_PASS_FNC;IAS_GET_ENC_PASS_FNCIAS20142IAS_GET_ENC_PASS_FNC;IAS_PRMTR_PKG;IAS_PRMTR_PKGIAS20142GETPVAL;IAS_USR_PKG;IAS_USR_PKGIAS20142CHK_USR_FRM_PRVIA;IAS_USR_PKGIAS20142GET_USR_APPRV;IAS_USR_PKGIAS20142GET_USR_NMIAS;YS_EMP_PKG;YS_EMP_PKGIAS20142CHK_EMPYS_;YS_EMP_PKGIAS20142GET_EMP_FLDYS_;YS_EMP_PKGIAS20142GET_EMP_NM;YS_EMP_PKGIAS20142GET_EMP_SLRY_CALCY;YS_GEN_PKG;YS_GEN_PKGIAS20142GET_CNTYS_;YS_GEN_PKGIAS20142GET_CURDATEYS_;YS_GEN_PKGIAS20142GET_DELETE_DOC_PERIODY;YS_GEN_PKGIAS20142GET_EXTRA_PRMTRSYS;YS_GEN_PKGIAS20142GET_SYSDATEYS_;YS_GEN_PKGIAS20142GET_UPDATE_DOC_PERIODY;YS_GEN_PKGIAS20142GET_USR_FLD_PRVYS_;YS_SRL_SCR_PKG;YS_SRL_SCR_PKGIAS20142GET_SYS_SQ,CREATE/SAVE;UPDATE;DELETE/VOID;POST;PRINT,FMX_STRING_EVIDENCE,oracle_forms/deep_catalog/form_field_trigger_catalog.jsonl
HRST00S2.fmx,HR,ONEX_HR_WINDOW_API,88,8,653,1066,IAS_ACODE_PKG;IAS_ACODE_PKGIAS201556GET_A_NAME;IAS_ACTV_PKG;IAS_ACTV_PKGIAS201556CHK_ACTVIAS;IAS_ACTV_PKGIAS201556GET_ACTV_NAMEIA;IAS_AUD_SYS_PKG;IAS_AUD_SYS_PKGIAS201556ADD_DOC_DELI;IAS_CC_CODE_PKG;IAS_CC_CODE_PKGIAS201556GET_CC_NAMEI;IAS_CHECK_SYS_PKG;IAS_CHECK_SYS_PKGIAS201556CHECK_BT_DATEI;IAS_GEN_PKG;IAS_GEN_PKGIAS201556GET_CURDATEI;IAS_GET_DOC_DEL_FNC;IAS_GET_ENC_PASS_FNC;IAS_PJ_PKG;IAS_PJ_PKGIAS201556GET_PJ_NAMEIA;IAS_USR_PKG;IAS_USR_PKGIAS201556CHK_USR_FRM_PRVI;IAS_USR_PKGIAS201556GET_USR_APPRVIAS;IAS_USR_PKGIAS201556GET_USR_NMIA;YS_EMP_PKG;YS_EMP_PKGIAS201556CHK_EMPYS;YS_EMP_PKGIAS201556GET_CODE_NMYS;YS_EMP_PKGIAS201556GET_EMP_FLDYS;YS_EMP_PKGIAS201556GET_EMP_FLD_VALYS;YS_EMP_PKGIAS201556GET_EMP_NMYS_;YS_GEN_PKG;YS_GEN_PKGIAS201556CHK_CUR_CODEY;YS_GEN_PKGIAS201556GET_DELETE_DOC_PERIOD;YS_GEN_PKGIAS201556GET_FLG_NMYS_;YS_GEN_PKGIAS201556GET_SYSDATEYS;YS_GEN_PKGIAS201556GET_USR_FLD_PRVYS;YS_SRL_SCR_PKG;YS_SRL_SCR_PKGIAS201556GET_SYS_SQYS_,CREATE/SAVE;UPDATE;DELETE/VOID;POST;PRINT,FMX_STRING_EVIDENCE,oracle_forms/deep_catalog/form_field_trigger_catalog.jsonl
HRST010.fmx,HR,ONEX_HR_WINDOW_API,83,8,492,886,IAS_CHECK_SYS_PKG;IAS_CHECK_SYS_PKGIAS20142CHECK_BT_DATEIA;IAS_GEN_PKG;IAS_GEN_PKGIAS20142GET_FRM_PRVIA;IAS_GEN_PKGIAS20142GET_MSGIA;IAS_GEN_PKGIAS20142GET_PROMPTIAS;IAS_GET_DOC_DEL_FNC;IAS_GET_ENC_PASS_FNC;IAS_GET_ENC_PASS_FNCIAS20142IAS_GET_ENC_PASS_FNC;IAS_USR_PKG;IAS_USR_PKGIAS20142CHK_USR_FRM_PRVIA;IAS_USR_PKGIAS20142GET_USR_APPRV;IAS_USR_PKGIAS20142GET_USR_NMIAS;YS_APPRVD_PKG;YS_APPRVD_PKGIAS20142DEL_APPRVD_LVLY;YS_APPRVD_PKGIAS20142INSRT_APPRVD_LVLYS_;YS_EMP_PKG;YS_EMP_PKGIAS20142CHK_EMPYS_;YS_EMP_PKGIAS20142GET_EMP_FLDYS_;YS_EMP_PKGIAS20142GET_EMP_SLRY_CALCY;YS_EMP_PKGIAS20142GET_EMP_WRK_HOURYS;YS_GEN_PKG;YS_GEN_PKGIAS20142CHK_ACTV_SYSTEMYS_;YS_GEN_PKGIAS20142GET_CNTYS_;YS_GEN_PKGIAS20142GET_CURDATEYS_;YS_GEN_PKGIAS20142GET_DELETE_DOC_PERIODY;YS_GEN_PKGIAS20142GET_MSGYS_;YS_GEN_PKGIAS20142GET_SYSDATEYS_;YS_GEN_PKGIAS20142GET_UPDATE_DOC_PERIODY;YS_GEN_PKGIAS20142GET_USR_FLD_PRVYS_;YS_SRL_SCR_PKG;YS_SRL_SCR_PKGIAS20142GET_SYS_SQ,CREATE/SAVE;UPDATE;DELETE/VOID;POST;PRINT,FMX_STRING_EVIDENCE,oracle_forms/deep_catalog/form_field_trigger_catalog.jsonl
HRST010_NEW.fmx,HR,ONEX_HR_WINDOW_API,75,8,459,813,IAS_CHECK_SYS_PKG;IAS_CHECK_SYS_PKGIAS201650CHECK_BT_DATEI;IAS_GEN_PKG;IAS_GEN_PKGIAS201650GET_FRM_PRVI;IAS_GET_DOC_DEL_FNC;IAS_GET_ENC_PASS_FNC;IAS_USR_PKG;IAS_USR_PKGIAS201650CHK_USR_FRM_PRVI;IAS_USR_PKGIAS201650GET_USR_APPRVIAS;IAS_USR_PKGIAS201650GET_USR_NMIA;YS_APPRVD_PKG;YS_APPRVD_PKGIAS201650DEL_APPRVD_LVL;YS_APPRVD_PKGIAS201650INSRT_APPRVD_LVLYS;YS_EMP_PKG;YS_EMP_PKGIAS201650CHK_EMPYS;YS_EMP_PKGIAS201650GET_EMP_FLDYS;YS_EMP_PKGIAS201650GET_EMP_SLRY_CALC;YS_EMP_PKGIAS201650GET_EMP_WRK_HOURY;YS_GEN_PKG;YS_GEN_PKGIAS201650CHK_ACTV_SYSTEMYS;YS_GEN_PKGIAS201650GET_CNTYS;YS_GEN_PKGIAS201650GET_CURDATEYS;YS_GEN_PKGIAS201650GET_DELETE_DOC_PERIOD;YS_GEN_PKGIAS201650GET_MSGYS;YS_GEN_PKGIAS201650GET_SYSDATEYS;YS_GEN_PKGIAS201650GET_UPDATE_DOC_PERIOD;YS_GEN_PKGIAS201650GET_USR_FLD_PRVYS;YS_SRL_SCR_PKG;YS_SRL_SCR_PKGIAS201650GET_SYS_SQYS_,CREATE/SAVE;UPDATE;DELETE/VOID;POST;PRINT,FMX_STRING_EVIDENCE,oracle_forms/deep_catalog/form_field_trigger_catalog.jsonl
HRST011.fmx,HR,ONEX_HR_WINDOW_API,106,8,707,1083,IAS_ACODE_PKG;IAS_ACODE_PKGIAS20142GET_A_NAMEI;IAS_ACTV_PKG;IAS_ACTV_PKGIAS20142CHK_ACTV;IAS_ACTV_PKGIAS20142GET_ACTV_NAMEIAS;IAS_AUD_SYS_PKG;IAS_AUD_SYS_PKGIAS20142ADD_DOC_DELIA;IAS_CC_CODE_PKG;IAS_CC_CODE_PKGIAS20142GET_CC_NAMEIA;IAS_CHECK_SYS_PKG;IAS_CHECK_SYS_PKGIAS20142CHECK_BT_DATEIA;IAS_GEN_PKG;IAS_GEN_PKGIAS20142GET_CURDATEIA;IAS_GEN_PKGIAS20142GET_MSGIA;IAS_GEN_PKGIAS20142GET_PROMPTIAS;IAS_GET_DOC_DEL_FNC;IAS_GET_ENC_PASS_FNC;IAS_GET_ENC_PASS_FNCIAS20142IAS_GET_ENC_PASS_FNC;IAS_PJ_PKG;IAS_PJ_PKGIAS20142GET_PJ_NAMEIAS;IAS_USR_PKG;IAS_USR_PKGIAS20142CHK_USR_FRM_PRVIA;IAS_USR_PKGIAS20142GET_USR_APPRV;IAS_USR_PKGIAS20142GET_USR_NMIAS;YS_EMP_PKG;YS_EMP_PKGIAS20142CHK_EMPYS_;YS_EMP_PKGIAS20142GET_EMP_FLDYS_;YS_EMP_PKGIAS20142GET_EMP_SLRY_CALCY;YS_GEN_PKG;YS_GEN_PKGIAS20142CHK_INACTV_SYSTEMY;YS_GEN_PKGIAS20142GET_CNTYS_;YS_GEN_PKGIAS20142GET_CURDATEYS_;YS_GEN_PKGIAS20142GET_DELETE_DOC_PERIODY;YS_GEN_PKGIAS20142GET_FLD_VALUEY;YS_GEN_PKGIAS20142GET_MSGYS_;YS_GEN_PKGIAS20142GET_PROMPT;YS_GEN_PKGIAS20142GET_SYSDATEYS_;YS_GEN_PKGIAS20142GET_UPDATE_DOC_PERIODY;YS_GEN_PKGIAS20142GET_USR_FLD_PRVYS_;YS_SRL_SCR_PKG,CREATE/SAVE;UPDATE;DELETE/VOID;POST;PRINT,FMX_STRING_EVIDENCE,oracle_forms/deep_catalog/form_field_trigger_catalog.jsonl
HRST012.fmx,HR,ONEX_HR_WINDOW_API,108,8,736,1153,IAS_ACODE_PKG;IAS_ACODE_PKGIAS20142GET_A_NAMEI;IAS_ACTV_PKG;IAS_ACTV_PKGIAS20142CHK_ACTV;IAS_ACTV_PKGIAS20142CHK_ACTV_NOI;IAS_ACTV_PKGIAS20142GET_ACTV_NAMEIAS;IAS_AUD_SYS_PKG;IAS_AUD_SYS_PKGIAS20142ADD_DOC_DELIA;IAS_CC_CODE_PKG;IAS_CC_CODE_PKGIAS20142GET_CC_NAMEIA;IAS_CHECK_SYS_PKG;IAS_CHECK_SYS_PKGIAS20142CHECK_BT_DATEIA;IAS_GEN_PKG;IAS_GEN_PKGIAS20142GET_CURDATEIA;IAS_GEN_PKGIAS20142GET_MSGIA;IAS_GEN_PKGIAS20142GET_PROMPTIAS;IAS_GET_DOC_DEL_FNC;IAS_GET_ENC_PASS_FNC;IAS_GET_ENC_PASS_FNCIAS20142IAS_GET_ENC_PASS_FNC;IAS_PJ_PKG;IAS_PJ_PKGIAS20142CHK_PJ_NOI;IAS_PJ_PKGIAS20142GET_PJ_NAMEIAS;IAS_USR_PKG;IAS_USR_PKGIAS20142CHK_USR_FRM_PRVIA;IAS_USR_PKGIAS20142GET_USR_APPRV;IAS_USR_PKGIAS20142GET_USR_NMIAS;YS_EMP_PKG;YS_EMP_PKGIAS20142CHK_EMPYS_;YS_EMP_PKGIAS20142GET_EMP_FLDYS_;YS_EMP_PKGIAS20142GET_EMP_NM;YS_EMP_PKGIAS20142GET_EMP_SLRY_CALCY;YS_GEN_PKG;YS_GEN_PKGIAS20142CHK_INACTV_SYSTEMY;YS_GEN_PKGIAS20142GET_CNTYS_;YS_GEN_PKGIAS20142GET_CURDATEYS_;YS_GEN_PKGIAS20142GET_DELETE_DOC_PERIODY;YS_GEN_PKGIAS20142GET_EXTRA_PRMTRSYS;YS_GEN_PKGIAS20142GET_FLD_VALUEY;YS_GEN_PKGIAS20142GET_MSGYS_;YS_GEN_PKGIAS20142GET_PROMPT,CREATE/SAVE;UPDATE;DELETE/VOID;POST;PRINT,FMX_STRING_EVIDENCE,oracle_forms/deep_catalog/form_field_trigger_catalog.jsonl
HRST013.fmx,HR,ONEX_HR_WINDOW_API,84,8,386,793,IAS_ACODE_PKG;IAS_ACODE_PKGIAS20142GET_A_NAMEI;IAS_ACTV_PKG;IAS_ACTV_PKGIAS20142CHK_ACTV;IAS_ACTV_PKGIAS20142GET_ACTV_NAMEIAS;IAS_AUD_SYS_PKG;IAS_AUD_SYS_PKGIAS20142ADD_DOC_DELIA;IAS_CC_CODE_PKG;IAS_CC_CODE_PKGIAS20142GET_CC_NAMEIA;IAS_CHECK_SYS_PKG;IAS_CHECK_SYS_PKGIAS20142CHECK_BT_DATEIA;IAS_GEN_PKG;IAS_GEN_PKGIAS20142GET_CURDATEIA;IAS_GEN_PKGIAS20142GET_MSGIA;IAS_GEN_PKGIAS20142GET_PROMPTIAS;IAS_GET_DOC_DEL_FNC;IAS_GET_ENC_PASS_FNC;IAS_GET_ENC_PASS_FNCIAS20142IAS_GET_ENC_PASS_FNC;IAS_PJ_PKG;IAS_PJ_PKGIAS20142GET_PJ_NAMEIAS;IAS_USR_PKG;IAS_USR_PKGIAS20142CHK_USR_FRM_PRVIA;IAS_USR_PKGIAS20142GET_USR_APPRV;IAS_USR_PKGIAS20142GET_USR_NMIAS;YS_EMP_PKG;YS_EMP_PKGIAS20142CHK_EMPYS_;YS_EMP_PKGIAS20142GET_EMP_FLDYS_;YS_EMP_PKGIAS20142GET_EMP_HLDY_BLNCY;YS_EMP_PKGIAS20142GET_EMP_WRK_HOURYS;YS_GEN_PKG;YS_GEN_PKGIAS20142GET_DELETE_DOC_PERIODY;YS_GEN_PKGIAS20142GET_FLD_VALUEY;YS_GEN_PKGIAS20142GET_SYSDATEYS_;YS_GEN_PKGIAS20142GET_UPDATE_DOC_PERIODY;YS_GEN_PKGIAS20142GET_USR_FLD_PRVYS_;YS_SRL_SCR_PKG;YS_SRL_SCR_PKGIAS20142GET_SYS_SQ,CREATE/SAVE;UPDATE;DELETE/VOID;POST;PRINT,FMX_STRING_EVIDENCE,oracle_forms/deep_catalog/form_field_trigger_catalog.jsonl
HRST014.fmx,HR,ONEX_HR_WINDOW_API,70,8,404,788,IAS_AUD_SYS_PKG;IAS_AUD_SYS_PKGIAS20142ADD_DOC_DELIA;IAS_CHECK_SYS_PKG;IAS_CHECK_SYS_PKGIAS20142CHECK_BT_DATEIA;IAS_GEN_PKG;IAS_GEN_PKGIAS20142GET_CURDATEIA;IAS_GEN_PKGIAS20142GET_MSGIA;IAS_GEN_PKGIAS20142GET_PROMPTIAS;IAS_GET_DOC_DEL_FNC;IAS_GET_ENC_PASS_FNC;IAS_GET_ENC_PASS_FNCIAS20142IAS_GET_ENC_PASS_FNC;IAS_USR_PKG;IAS_USR_PKGIAS20142CHK_USR_FRM_PRVIA;IAS_USR_PKGIAS20142GET_USR_APPRV;IAS_USR_PKGIAS20142GET_USR_NMIAS;YS_APPRVD_PKG;YS_APPRVD_PKGIAS20142INSRT_APPRVD_LVLYS_;YS_EMP_PKG;YS_EMP_PKGIAS20142CHK_EMPYS_;YS_EMP_PKGIAS20142GET_EMP_FLDYS_;YS_GEN_PKG;YS_GEN_PKGIAS20142GET_CNTYS_;YS_GEN_PKGIAS20142GET_DELETE_DOC_PERIODY;YS_GEN_PKGIAS20142GET_FLD_VALUEY;YS_GEN_PKGIAS20142GET_SYSDATEYS_;YS_GEN_PKGIAS20142GET_UPDATE_DOC_PERIODY;YS_GEN_PKGIAS20142GET_USR_FLD_PRVYS_;YS_SRL_SCR_PKG;YS_SRL_SCR_PKGIAS20142GET_SYS_SQ,CREATE/SAVE;UPDATE;DELETE/VOID;POST;PRINT,FMX_STRING_EVIDENCE,oracle_forms/deep_catalog/form_field_trigger_catalog.jsonl
HRST015.fmx,HR,ONEX_HR_WINDOW_API,96,8,512,858,IAS_ACODE_PKG;IAS_ACODE_PKGIAS20142CHECK_ACYIA;IAS_ACODE_PKGIAS20142CHK_AC_CODE;IAS_ACODE_PKGIAS20142GET_A_NAMEI;IAS_ACTV_PKG;IAS_ACTV_PKGIAS20142CHK_ACTV_NOI;IAS_ACTV_PKGIAS20142GET_ACTV_NAMEIAS;IAS_AUD_SYS_PKG;IAS_AUD_SYS_PKGIAS20142ADD_DOC_DELIA;IAS_CC_CODE_PKG;IAS_CC_CODE_PKGIAS20142CHK_CC_CODEIA;IAS_CC_CODE_PKGIAS20142GET_CC_NAMEIA;IAS_GEN_PKG;IAS_GEN_PKGIAS20142GET_CURDATEIA;IAS_GEN_PKGIAS20142GET_FRM_PRVIA;IAS_GEN_PKGIAS20142GET_MSGIA;IAS_GEN_PKGIAS20142GET_PROMPTIAS;IAS_GET_DOC_DEL_FNC;IAS_GET_ENC_PASS_FNC;IAS_GET_ENC_PASS_FNCIAS20142IAS_GET_ENC_PASS_FNC;IAS_PJ_PKG;IAS_PJ_PKGIAS20142CHK_PJ_NOI;IAS_PJ_PKGIAS20142GET_PJ_NAMEIAS;IAS_USR_PKG;IAS_USR_PKGIAS20142GET_USR_APPRV;IAS_USR_PKGIAS20142GET_USR_NMIAS;YS_AC_DTL_PKG;YS_AC_DTL_PKGIAS20142CHK_AC_DTLY;YS_AC_DTL_PKGIAS20142CHK_AC_DTL_ACYY;YS_APPRVD_PKG;YS_APPRVD_PKGIAS20142DEL_APPRVD_LVLY;YS_APPRVD_PKGIAS20142INSRT_APPRVD_LVLYS_;YS_EMP_PKG;YS_EMP_PKGIAS20142CHK_EMPYS_;YS_EMP_PKGIAS20142GET_EMP_FLDYS_;YS_EMP_PKGIAS20142GET_EMP_SLRY_CALCY;YS_GEN_PKG;YS_GEN_PKGIAS20142CHK_CUR_RATEYS;YS_GEN_PKGIAS20142CHK_INACTV_SYSTEMY;YS_GEN_PKGIAS20142GET_CNTYS_,CREATE/SAVE;UPDATE;DELETE/VOID;POST;PRINT,FMX_STRING_EVIDENCE,oracle_forms/deep_catalog/form_field_trigger_catalog.jsonl
HRST016.fmx,HR,ONEX_HR_WINDOW_API,63,8,381,680,IAS_AUD_SYS_PKG;IAS_AUD_SYS_PKGIAS20142ADD_DOC_DELIA;IAS_GEN_PKG;IAS_GEN_PKGIAS20142GET_CURDATEIA;IAS_GEN_PKGIAS20142GET_FRM_PRVIA;IAS_GEN_PKGIAS20142GET_MSGIA;IAS_GEN_PKGIAS20142GET_PROMPTIAS;IAS_GET_DOC_DEL_FNC;IAS_GET_ENC_PASS_FNC;IAS_GET_ENC_PASS_FNCIAS20142IAS_GET_ENC_PASS_FNC;IAS_USR_PKG;IAS_USR_PKGIAS20142CHK_USR_FRM_PRVIA;IAS_USR_PKGIAS20142GET_USR_APPRV;IAS_USR_PKGIAS20142GET_USR_NMIAS;YS_APPRVD_PKG;YS_APPRVD_PKGIAS20142DEL_APPRVD_LVLY;YS_APPRVD_PKGIAS20142INSRT_APPRVD_LVLYS_;YS_EMP_PKG;YS_EMP_PKGIAS20142CHK_EMPYS_;YS_EMP_PKGIAS20142GET_EMP_FLDYS_;YS_GEN_PKG;YS_GEN_PKGIAS20142CHK_CUR_RATEYS;YS_GEN_PKGIAS20142GET_CNTYS_;YS_GEN_PKGIAS20142GET_CURDATEYS_;YS_GEN_PKGIAS20142GET_CUR_RATEYS;YS_GEN_PKGIAS20142GET_DELETE_DOC_PERIODY;YS_GEN_PKGIAS20142GET_FLD_VALUEY;YS_GEN_PKGIAS20142GET_LOCAL_CURY;YS_GEN_PKGIAS20142GET_MSGYS_;YS_GEN_PKGIAS20142GET_SYSDATEYS_;YS_GEN_PKGIAS20142GET_UPDATE_DOC_PERIODY;YS_GEN_PKGIAS20142GET_USR_FLD_PRVYS_;YS_SRL_SCR_PKG;YS_SRL_SCR_PKGIAS20142GET_SYS_SQ,CREATE/SAVE;UPDATE;DELETE/VOID;POST;PRINT,FMX_STRING_EVIDENCE,oracle_forms/deep_catalog/form_field_trigger_catalog.jsonl
HRST017.fmx,HR,ONEX_HR_WINDOW_API,78,8,514,766,IAS_ACODE_PKG;IAS_ACODE_PKGIAS20142CHK_AC_CODE;IAS_ACTV_PKG;IAS_ACTV_PKGIAS20142CHK_ACTV_NOI;IAS_AUD_SYS_PKG;IAS_AUD_SYS_PKGIAS20142ADD_DOC_DELIA;IAS_CC_CODE_PKG;IAS_CC_CODE_PKGIAS20142GET_CC_NAMEIA;IAS_GEN_PKG;IAS_GEN_PKGIAS20142GET_CURDATEIA;IAS_GEN_PKGIAS20142GET_MSGIA;IAS_GEN_PKGIAS20142GET_PROMPTIAS;IAS_GET_DOC_DEL_FNC;IAS_GET_ENC_PASS_FNC;IAS_GET_ENC_PASS_FNCIAS20142IAS_GET_ENC_PASS_FNC;IAS_PJ_PKG;IAS_PJ_PKGIAS20142CHK_PJ_NOI;IAS_USR_PKG;IAS_USR_PKGIAS20142CHK_USR_FRM_PRVIA;IAS_USR_PKGIAS20142GET_USR_APPRV;IAS_USR_PKGIAS20142GET_USR_NMIAS;YS_EMP_PKG;YS_EMP_PKGIAS20142CHK_EMPYS_;YS_EMP_PKGIAS20142GET_EMP_FLDYS_;YS_GEN_PKG;YS_GEN_PKGIAS20142CHK_CUR_RATEYS;YS_GEN_PKGIAS20142CHK_INACTV_SYSTEMY;YS_GEN_PKGIAS20142GET_CNTYS_;YS_GEN_PKGIAS20142GET_CUR_RATEYS;YS_GEN_PKGIAS20142GET_DELETE_DOC_PERIODY;YS_GEN_PKGIAS20142GET_FLD_VALUEY;YS_GEN_PKGIAS20142GET_LOCAL_CURY;YS_GEN_PKGIAS20142GET_MSGYS_;YS_GEN_PKGIAS20142GET_SYSDATEYS_;YS_GEN_PKGIAS20142GET_UPDATE_DOC_PERIODY;YS_GEN_PKGIAS20142GET_USR_FLD_PRVYS_;YS_SRL_SCR_PKG;YS_SRL_SCR_PKGIAS20142GET_SYS_SQ,CREATE/SAVE;UPDATE;DELETE/VOID;POST;PRINT,FMX_STRING_EVIDENCE,oracle_forms/deep_catalog/form_field_trigger_catalog.jsonl
HRST018.fmx,HR,ONEX_HR_WINDOW_API,99,8,469,866,IAS_ACODE_PKG;IAS_ACODE_PKGIAS20142CHECK_ACYIA;IAS_ACODE_PKGIAS20142CHK_AC_CODE;IAS_ACODE_PKGIAS20142GET_A_NAMEI;IAS_ACTV_PKG;IAS_ACTV_PKGIAS20142CHK_ACTV_NOI;IAS_ACTV_PKGIAS20142GET_ACTV_NAMEIAS;IAS_AUD_SYS_PKG;IAS_AUD_SYS_PKGIAS20142ADD_DOC_DELIA;IAS_CC_CODE_PKG;IAS_CC_CODE_PKGIAS20142CHK_CC_CODEIA;IAS_CC_CODE_PKGIAS20142GET_CC_NAMEIA;IAS_GEN_PKG;IAS_GEN_PKGIAS20142GET_CNTIA;IAS_GEN_PKGIAS20142GET_CURDATEIA;IAS_GEN_PKGIAS20142GET_FRM_PRVIA;IAS_GEN_PKGIAS20142GET_MSGIA;IAS_GEN_PKGIAS20142GET_PROMPTIAS;IAS_GET_DOC_DEL_FNC;IAS_GET_ENC_PASS_FNC;IAS_GET_ENC_PASS_FNCIAS20142IAS_GET_ENC_PASS_FNC;IAS_PJ_PKG;IAS_PJ_PKGIAS20142CHK_PJ_NOI;IAS_PJ_PKGIAS20142GET_PJ_NAMEIAS;IAS_USR_PKG;IAS_USR_PKGIAS20142CHK_USR_FRM_PRVIA;IAS_USR_PKGIAS20142GET_USR_APPRV;IAS_USR_PKGIAS20142GET_USR_NMIAS;YS_AC_DTL_PKG;YS_AC_DTL_PKGIAS20142CHK_AC_DTLY;YS_AC_DTL_PKGIAS20142CHK_AC_DTL_ACYY;YS_EMP_PKG;YS_EMP_PKGIAS20142CHK_EMPYS_;YS_EMP_PKGIAS20142GET_EMP_FLDYS_;YS_EMP_PKGIAS20142GET_EMP_SLRY_CALCY;YS_GEN_PKG;YS_GEN_PKGIAS20142CHK_CUR_RATEYS;YS_GEN_PKGIAS20142CHK_INACTV_SYSTEMY;YS_GEN_PKGIAS20142GET_CNTYS_;YS_GEN_PKGIAS20142GET_CUR_RATEYS,CREATE/SAVE;UPDATE;DELETE/VOID;POST;PRINT,FMX_STRING_EVIDENCE,oracle_forms/deep_catalog/form_field_trigger_catalog.jsonl
HRST019.fmx,HR,ONEX_HR_WINDOW_API,66,8,486,864,IAS_CHECK_SYS_PKG;IAS_CHECK_SYS_PKGIAS20142CHECK_BT_DATEIA;IAS_GEN_PKG;IAS_GEN_PKGIAS20142GET_MSGIA;IAS_GEN_PKGIAS20142GET_PROMPTIAS;IAS_GET_DOC_DEL_FNC;IAS_GET_ENC_PASS_FNC;IAS_GET_ENC_PASS_FNCIAS20142IAS_GET_ENC_PASS_FNC;IAS_USR_PKG;IAS_USR_PKGIAS20142CHK_USR_FRM_PRVIA;IAS_USR_PKGIAS20142GET_USR_APPRV;IAS_USR_PKGIAS20142GET_USR_NMIAS;YS_APPRVD_PKG;YS_APPRVD_PKGIAS20142DEL_APPRVD_LVLY;YS_APPRVD_PKGIAS20142INSRT_APPRVD_LVLYS_;YS_EMP_PKG;YS_EMP_PKGIAS20142CHK_EMPYS_;YS_EMP_PKGIAS20142GET_EMP_FLDYS_;YS_EMP_PKGIAS20142GET_EMP_NM;YS_GEN_PKG;YS_GEN_PKGIAS20142GET_CNTYS_;YS_GEN_PKGIAS20142GET_DELETE_DOC_PERIODY;YS_GEN_PKGIAS20142GET_LOCAL_CURY;YS_GEN_PKGIAS20142GET_SYSDATEYS_;YS_GEN_PKGIAS20142GET_USR_FLD_PRVYS_;YS_LOV_SLCT_PKG;YS_LOV_SLCT_PKGIAS20142DESLCT_DATAYS;YS_LOV_SLCT_PKGIAS20142FETCH_SLCT_DATAYS;YS_LOV_SLCT_PKGIAS20142SLCT_DATA;YS_SRL_SCR_PKG;YS_SRL_SCR_PKGIAS20142GET_SYS_SQ,CREATE/SAVE;UPDATE;DELETE/VOID;POST;PRINT,FMX_STRING_EVIDENCE,oracle_forms/deep_catalog/form_field_trigger_catalog.jsonl
HRST025.fmx,HR,ONEX_HR_WINDOW_API,72,8,462,724,IAS_ACODE_PKG;IAS_ACODE_PKGIAS20142GET_A_NAMEI;IAS_AUD_SYS_PKG;IAS_AUD_SYS_PKGIAS20142ADD_DOC_DELIA;IAS_GEN_PKG;IAS_GEN_PKGIAS20142GET_CURDATEIA;IAS_GEN_PKGIAS20142GET_FRM_PRVIA;IAS_GEN_PKGIAS20142GET_MSGIA;IAS_GEN_PKGIAS20142GET_PROMPTIAS;IAS_GET_DOC_DEL_FNC;IAS_GET_ENC_PASS_FNC;IAS_GET_ENC_PASS_FNCIAS20142IAS_GET_ENC_PASS_FNC;IAS_USR_PKG;IAS_USR_PKGIAS20142CHK_USR_FRM_PRVIA;IAS_USR_PKGIAS20142GET_USR_APPRV;IAS_USR_PKGIAS20142GET_USR_NMIAS;YS_APPRVD_PKG;YS_APPRVD_PKGIAS20142DEL_APPRVD_LVLY;YS_APPRVD_PKGIAS20142INSRT_APPRVD_LVLYS_;YS_EMP_PKG;YS_EMP_PKGIAS20142CHK_EMPYS_;YS_EMP_PKGIAS20142GET_EMP_FLDYS_;YS_EMP_PKGIAS20142GET_EMP_FLD_VALYS_;YS_EMP_PKGIAS20142GET_EMP_NM;YS_GEN_PKG;YS_GEN_PKGIAS20142GET_CNTYS_;YS_GEN_PKGIAS20142GET_CURDATEYS_;YS_GEN_PKGIAS20142GET_DELETE_DOC_PERIODY;YS_GEN_PKGIAS20142GET_LOCAL_CURY;YS_GEN_PKGIAS20142GET_MSGYS_;YS_GEN_PKGIAS20142GET_SYSDATEYS_;YS_GEN_PKGIAS20142GET_UPDATE_DOC_PERIODY;YS_GEN_PKGIAS20142GET_USR_FLD_PRVYS_;YS_SRL_SCR_PKG;YS_SRL_SCR_PKGIAS20142GET_SYS_SQ,CREATE/SAVE;UPDATE;DELETE/VOID;POST;PRINT,FMX_STRING_EVIDENCE,oracle_forms/deep_catalog/form_field_trigger_catalog.jsonl
HRST026.fmx,HR,ONEX_HR_WINDOW_API,109,8,690,1016,IAS_ACODE_PKG;IAS_ACODE_PKGIAS20142GET_A_NAMEI;IAS_ACTV_PKG;IAS_ACTV_PKGIAS20142CHK_ACTV_NOI;IAS_ACTV_PKGIAS20142GET_ACTV_NAMEIAS;IAS_AUD_SYS_PKG;IAS_AUD_SYS_PKGIAS20142ADD_DOC_DELIA;IAS_CC_CODE_PKG;IAS_CC_CODE_PKGIAS20142CHK_CC_CODEIA;IAS_CC_CODE_PKGIAS20142GET_CC_NAMEIA;IAS_GEN_PKG;IAS_GEN_PKGIAS20142GET_CURDATEIA;IAS_GEN_PKGIAS20142GET_MSGIA;IAS_GEN_PKGIAS20142GET_PROMPTIAS;IAS_GET_DOC_DEL_FNC;IAS_GET_ENC_PASS_FNC;IAS_GET_ENC_PASS_FNCIAS20142IAS_GET_ENC_PASS_FNC;IAS_PJ_PKG;IAS_PJ_PKGIAS20142CHK_PJ_NOI;IAS_PJ_PKGIAS20142GET_PJ_NAMEIAS;IAS_POSTING_PKG;IAS_POSTING_PKGIAS20142GET_ACODE_REP_TYPEIAS;IAS_USR_PKG;IAS_USR_PKGIAS20142CHK_USR_FRM_PRVIA;IAS_USR_PKGIAS20142GET_USR_APPRV;IAS_USR_PKGIAS20142GET_USR_NMIAS;YS_EMP_PKG;YS_EMP_PKGIAS20142CHK_EMPYS_;YS_EMP_PKGIAS20142GET_EMP_BRNYS_;YS_EMP_PKGIAS20142GET_EMP_FLDYS_;YS_EMP_PKGIAS20142GET_EMP_FLD_VALYS_;YS_EMP_PKGIAS20142GET_EMP_NM;YS_GEN_PKG;YS_GEN_PKGIAS20142CHK_INACTV_SYSTEMY;YS_GEN_PKGIAS20142CHK_LOCK_RCRDY;YS_GEN_PKGIAS20142GET_CNTYS_;YS_GEN_PKGIAS20142GET_CURDATEYS_;YS_GEN_PKGIAS20142GET_CUR_RATEYS;YS_GEN_PKGIAS20142GET_DELETE_DOC_PERIODY;YS_GEN_PKGIAS20142GET_LOCAL_CURY,CREATE/SAVE;UPDATE;DELETE/VOID;POST;PRINT,FMX_STRING_EVIDENCE,oracle_forms/deep_catalog/form_field_trigger_catalog.jsonl
HRST027.fmx,HR,ONEX_HR_WINDOW_API,105,8,689,1059,IAS_ACODE_PKG;IAS_ACODE_PKGIAS20142GET_A_NAMEI;IAS_ACTV_PKG;IAS_ACTV_PKGIAS20142CHK_ACTV_NOI;IAS_AUD_SYS_PKG;IAS_AUD_SYS_PKGIAS20142ADD_DOC_DELIA;IAS_DBS_SYS_PKG;IAS_GEN_PKG;IAS_GEN_PKGIAS20142GET_CURDATEIA;IAS_GEN_PKGIAS20142GET_MSGIA;IAS_GEN_PKGIAS20142GET_PROMPTIAS;IAS_GET_DOC_DEL_FNC;IAS_GET_ENC_PASS_FNC;IAS_GET_ENC_PASS_FNCIAS20142IAS_GET_ENC_PASS_FNC;IAS_PJ_PKG;IAS_PJ_PKGIAS20142CHK_PJ_NOI;IAS_POSTING_PKG;IAS_POSTING_PKGIAS20142GET_ACODE_REP_TYPEIAS;IAS_USR_PKG;IAS_USR_PKGIAS20142CHK_USR_FRM_PRVIA;IAS_USR_PKGIAS20142GET_USR_APPRV;IAS_USR_PKGIAS20142GET_USR_NMIAS;YS_EMP_PKG;YS_EMP_PKGIAS20142CHK_EMPYS_;YS_EMP_PKGIAS20142GET_EMP_BRNYS_;YS_EMP_PKGIAS20142GET_EMP_FLDYS_;YS_EMP_PKGIAS20142GET_EMP_FLD_VALYS_;YS_EMP_PKGIAS20142GET_EMP_NM;YS_GEN_PKG;YS_GEN_PKGIAS20142CHK_INACTV_SYSTEMY;YS_GEN_PKGIAS20142GET_CNTYS_;YS_GEN_PKGIAS20142GET_CURDATEYS_;YS_GEN_PKGIAS20142GET_CUR_RATEYS;YS_GEN_PKGIAS20142GET_DELETE_DOC_PERIODY;YS_GEN_PKGIAS20142GET_EXTRA_PRMTRSYS;YS_GEN_PKGIAS20142GET_FLD_VALUEY;YS_GEN_PKGIAS20142GET_LOCAL_CURY;YS_GEN_PKGIAS20142GET_PROMPT;YS_GEN_PKGIAS20142GET_SYSDATEYS_;YS_GEN_PKGIAS20142GET_UPDATE_DOC_PERIODY,CREATE/SAVE;UPDATE;DELETE/VOID;POST;PRINT,FMX_STRING_EVIDENCE,oracle_forms/deep_catalog/form_field_trigger_catalog.jsonl
HRST028.fmx,HR,ONEX_HR_WINDOW_API,79,8,468,801,IAS_ACODE_PKG;IAS_ACODE_PKGIAS20142GET_A_NAMEI;IAS_ACTV_PKG;IAS_ACTV_PKGIAS20142GET_ACTV_NAMEIAS;IAS_AUD_SYS_PKG;IAS_AUD_SYS_PKGIAS20142ADD_DOC_DELIA;IAS_CC_CODE_PKG;IAS_CC_CODE_PKGIAS20142GET_CC_NAMEIA;IAS_GEN_PKG;IAS_GEN_PKGIAS20142GET_CURDATEIA;IAS_GEN_PKGIAS20142GET_MSGIA;IAS_GEN_PKGIAS20142GET_PROMPTIAS;IAS_GET_DOC_DEL_FNC;IAS_GET_ENC_PASS_FNC;IAS_GET_ENC_PASS_FNCIAS20142IAS_GET_ENC_PASS_FNC;IAS_PJ_PKG;IAS_PJ_PKGIAS20142GET_PJ_NAMEIAS;IAS_POSTING_PKG;IAS_POSTING_PKGIAS20142GET_ACODE_REP_TYPEIAS;IAS_USR_PKG;IAS_USR_PKGIAS20142CHK_USR_FRM_PRVIA;IAS_USR_PKGIAS20142GET_USR_APPRV;IAS_USR_PKGIAS20142GET_USR_NMIAS;YS_EMP_PKG;YS_EMP_PKGIAS20142CHK_EMPYS_;YS_EMP_PKGIAS20142GET_EMP_BRNYS_;YS_EMP_PKGIAS20142GET_EMP_FLDYS_;YS_GEN_PKG;YS_GEN_PKGIAS20142GET_CNTYS_;YS_GEN_PKGIAS20142GET_DELETE_DOC_PERIODY;YS_GEN_PKGIAS20142GET_LOCAL_CURY;YS_GEN_PKGIAS20142GET_SYSDATEYS_;YS_GEN_PKGIAS20142GET_UPDATE_DOC_PERIODY;YS_GEN_PKGIAS20142GET_USR_FLD_PRVYS_;YS_SRL_SCR_PKG;YS_SRL_SCR_PKGIAS20142GET_SYS_SQ,CREATE/SAVE;UPDATE;DELETE/VOID;POST;PRINT,FMX_STRING_EVIDENCE,oracle_forms/deep_catalog/form_field_trigger_catalog.jsonl
HRST029.fmx,HR,ONEX_HR_WINDOW_API,66,8,406,872,IAS_GEN_PKG;IAS_GEN_PKGIAS20142GET_MSGIA;IAS_GEN_PKGIAS20142GET_PROMPTIAS;IAS_GET_DOC_DEL_FNC;IAS_GET_ENC_PASS_FNC;IAS_GET_ENC_PASS_FNCIAS20142IAS_GET_ENC_PASS_FNC;IAS_POSTING_PKG;IAS_POSTING_PKGIAS20142GET_ACODE_REP_TYPEIAS;IAS_USR_PKG;IAS_USR_PKGIAS20142CHK_USR_FRM_PRVIA;IAS_USR_PKGIAS20142GET_USR_APPRV;IAS_USR_PKGIAS20142GET_USR_NMIAS;YS_EMP_PKG;YS_EMP_PKGIAS20142GET_EMP_BRNYS_;YS_EMP_PKGIAS20142GET_EMP_NM;YS_GEN_PKG;YS_GEN_PKGIAS20142CHK_INACTV_SYSTEMY;YS_GEN_PKGIAS20142GET_CNTYS_;YS_GEN_PKGIAS20142GET_CURDATEYS_;YS_GEN_PKGIAS20142GET_EXTRA_PRMTRSYS;YS_GEN_PKGIAS20142GET_FLD_VALUEY;YS_GEN_PKGIAS20142GET_LOCAL_CURY;YS_GEN_PKGIAS20142GET_PROMPT;YS_GEN_PKGIAS20142GET_SYSDATEYS_;YS_GEN_PKGIAS20142GET_USR_FLD_PRVYS_;YS_SRL_SCR_PKG;YS_SRL_SCR_PKGIAS20142GET_SYS_SQ,CREATE/SAVE;UPDATE;DELETE/VOID;POST;PRINT,FMX_STRING_EVIDENCE,oracle_forms/deep_catalog/form_field_trigger_catalog.jsonl
HRST031.fmx,HR,ONEX_HR_WINDOW_API,72,8,401,816,IAS_AUD_SYS_PKG;IAS_AUD_SYS_PKGIAS20142ADD_DOC_DELIA;IAS_GEN_PKG;IAS_GEN_PKGIAS20142GET_CURDATEIA;IAS_GEN_PKGIAS20142GET_MSGIA;IAS_GEN_PKGIAS20142GET_PROMPTIAS;IAS_GET_DOC_DEL_FNC;IAS_GET_ENC_PASS_FNC;IAS_GET_ENC_PASS_FNCIAS20142IAS_GET_ENC_PASS_FNC;IAS_USR_PKG;IAS_USR_PKGIAS20142CHK_USR_FRM_PRVIA;IAS_USR_PKGIAS20142GET_USR_APPRV;IAS_USR_PKGIAS20142GET_USR_NMIAS;YS_APPRVD_PKG;YS_APPRVD_PKGIAS20142DEL_APPRVD_LVLY;YS_APPRVD_PKGIAS20142INSRT_APPRVD_LVLYS_;YS_EMP_PKG;YS_EMP_PKGIAS20142CHK_EMPYS_;YS_EMP_PKGIAS20142GET_EMP_FLDYS_;YS_GEN_PKG;YS_GEN_PKGIAS20142CHK_ACTV_SYSTEMYS_;YS_GEN_PKGIAS20142CHK_INACTV_SYSTEMY;YS_GEN_PKGIAS20142GET_CNTYS_;YS_GEN_PKGIAS20142GET_CURDATEYS_;YS_GEN_PKGIAS20142GET_DELETE_DOC_PERIODY;YS_GEN_PKGIAS20142GET_PROMPT;YS_GEN_PKGIAS20142GET_SYSDATEYS_;YS_GEN_PKGIAS20142GET_UPDATE_DOC_PERIODY;YS_GEN_PKGIAS20142GET_USR_FLD_PRVYS_;YS_SRL_SCR_PKG;YS_SRL_SCR_PKGIAS20142GET_SYS_SQ,CREATE/SAVE;UPDATE;DELETE/VOID;POST;PRINT,FMX_STRING_EVIDENCE,oracle_forms/deep_catalog/form_field_trigger_catalog.jsonl
HRST032.fmx,HR,ONEX_HR_WINDOW_API,68,8,520,904,IAS_AUD_SYS_PKG;IAS_AUD_SYS_PKGIAS201610ADD_DOC_DELI;IAS_GEN_PKG;IAS_GEN_PKGIAS201610GET_CURDATEI;IAS_GEN_PKGIAS201610GET_MSGI;IAS_GEN_PKGIAS201610GET_PROMPTIA;IAS_GET_DOC_DEL_FNC;IAS_GET_ENC_PASS_FNC;IAS_USR_PKG;IAS_USR_PKGIAS201610CHK_USR_FRM_PRVI;IAS_USR_PKGIAS201610GET_USR_APPRVIAS;IAS_USR_PKGIAS201610GET_USR_NMIA;YS_EMP_PKG;YS_EMP_PKGIAS201610CHK_EMPYS;YS_EMP_PKGIAS201610GET_EMP_FLDYS;YS_GEN_PKG;YS_GEN_PKGIAS201610CHK_INACTV_SYSTEM;YS_GEN_PKGIAS201610GET_CNTYS;YS_GEN_PKGIAS201610GET_CURDATEYS;YS_GEN_PKGIAS201610GET_DELETE_DOC_PERIOD;YS_GEN_PKGIAS201610GET_PROMPTYS_;YS_GEN_PKGIAS201610GET_SYSDATEYS;YS_GEN_PKGIAS201610GET_UPDATE_DOC_PERIOD;YS_GEN_PKGIAS201610GET_USR_FLD_PRVYS;YS_SRL_SCR_PKG;YS_SRL_SCR_PKGIAS201610GET_SYS_SQYS_,CREATE/SAVE;UPDATE;DELETE/VOID;POST;PRINT,FMX_STRING_EVIDENCE,oracle_forms/deep_catalog/form_field_trigger_catalog.jsonl
HRST034.fmx,HR,ONEX_HR_WINDOW_API,67,8,514,900,IAS_AUD_SYS_PKG;IAS_AUD_SYS_PKGIAS20142ADD_DOC_DELIA;IAS_GEN_PKG;IAS_GEN_PKGIAS20142GET_CURDATEIA;IAS_GEN_PKGIAS20142GET_MSGIA;IAS_GEN_PKGIAS20142GET_PROMPTIAS;IAS_GET_DOC_DEL_FNC;IAS_GET_ENC_PASS_FNC;IAS_GET_ENC_PASS_FNCIAS20142IAS_GET_ENC_PASS_FNC;IAS_USR_PKG;IAS_USR_PKGIAS20142CHK_USR_FRM_PRVIA;IAS_USR_PKGIAS20142GET_USR_APPRV;IAS_USR_PKGIAS20142GET_USR_NMIAS;YS_EMP_PKG;YS_EMP_PKGIAS20142CHK_EMPYS_;YS_EMP_PKGIAS20142GET_EMP_FLDYS_;YS_GEN_PKG;YS_GEN_PKGIAS20142GET_CNTYS_;YS_GEN_PKGIAS20142GET_DELETE_DOC_PERIODY;YS_GEN_PKGIAS20142GET_PROMPT;YS_GEN_PKGIAS20142GET_SYSDATEYS_;YS_GEN_PKGIAS20142GET_UPDATE_DOC_PERIODY;YS_GEN_PKGIAS20142GET_USR_FLD_PRVYS_;YS_SRL_SCR_PKG;YS_SRL_SCR_PKGIAS20142GET_SYS_SQ,CREATE/SAVE;UPDATE;DELETE/VOID;POST;PRINT,FMX_STRING_EVIDENCE,oracle_forms/deep_catalog/form_field_trigger_catalog.jsonl
HRST040.fmx,HR,ONEX_HR_WINDOW_API,76,8,446,802,IAS_CHECK_SYS_PKG;IAS_CHECK_SYS_PKGIAS20142CHECK_BT_VALUEI;IAS_GEN_PKG;IAS_GEN_PKGIAS20142GET_FRM_PRVIA;IAS_GEN_PKGIAS20142GET_FRST_DAYI;IAS_GEN_PKGIAS20142GET_MSGIA;IAS_GEN_PKGIAS20142GET_PROMPTIAS;IAS_GET_ENC_PASS_FNC;IAS_GET_ENC_PASS_FNCIAS20142IAS_GET_ENC_PASS_FNC;IAS_USR_PKG;IAS_USR_PKGIAS20142GET_USR_APPRV;IAS_USR_PKGIAS20142GET_USR_NMIAS;YS_ALRT_SYS_PKG;YS_ALRT_SYS_PKGIAS20142CHK_ALRT_PRCY;YS_EMP_PKG;YS_EMP_PKGIAS20142GET_EMP_BRNYS_;YS_EMP_PKGIAS20142GET_EMP_NM;YS_EMP_PKGIAS20142GET_HRCHY_NMYS;YS_GEN_PKG;YS_GEN_PKGIAS20142CHK_INACTV_SYSTEMY;YS_GEN_PKGIAS20142CHK_LOCK_RCRDY;YS_GEN_PKGIAS20142GET_CNTYS_;YS_GEN_PKGIAS20142GET_LOCAL_CURY;YS_GEN_PKGIAS20142GET_MSGYS_;YS_GEN_PKGIAS20142GET_PROMPT;YS_GEN_PKGIAS20142GET_USR_FLD_PRVYS_;YS_SRL_SCR_PKG;YS_SRL_SCR_PKGIAS20142GET_SYS_SQ,CREATE/SAVE;UPDATE;DELETE/VOID;POST;PRINT,FMX_STRING_EVIDENCE,oracle_forms/deep_catalog/form_field_trigger_catalog.jsonl
HRST045.fmx,HR,ONEX_HR_WINDOW_API,82,8,582,909,IAS_AUD_SYS_PKG;IAS_AUD_SYS_PKGIAS20142ADD_DOC_DELIA;IAS_GEN_PKG;IAS_GEN_PKGIAS20142GET_CURDATEIA;IAS_GEN_PKGIAS20142GET_MSGIA;IAS_GEN_PKGIAS20142GET_PROMPTIAS;IAS_GET_DOC_DEL_FNC;IAS_GET_ENC_PASS_FNC;IAS_GET_ENC_PASS_FNCIAS20142IAS_GET_ENC_PASS_FNC;IAS_POSTING_PKG;IAS_POSTING_PKGIAS20142GET_ACODE_REP_TYPEIAS;IAS_USR_PKG;IAS_USR_PKGIAS20142CHK_USR_FRM_PRVIA;IAS_USR_PKGIAS20142GET_USR_APPRV;IAS_USR_PKGIAS20142GET_USR_NMIAS;YS_APPRVD_PKG;YS_APPRVD_PKGIAS20142DEL_APPRVD_LVLY;YS_APPRVD_PKGIAS20142INSRT_APPRVD_LVLYS_;YS_EMP_PKG;YS_EMP_PKGIAS20142CHK_EMPYS_;YS_EMP_PKGIAS20142GET_EMP_FLD_VALYS_;YS_EMP_PKGIAS20142GET_EMP_NM;YS_GEN_PKG;YS_GEN_PKGIAS20142GET_CNTYS_;YS_GEN_PKGIAS20142GET_DELETE_DOC_PERIODY;YS_GEN_PKGIAS20142GET_FLG_NM;YS_GEN_PKGIAS20142GET_LOCAL_CURY;YS_GEN_PKGIAS20142GET_PROMPT;YS_GEN_PKGIAS20142GET_SYSDATEYS_;YS_GEN_PKGIAS20142GET_UPDATE_DOC_PERIODY;YS_GEN_PKGIAS20142GET_USR_FLD_PRVYS_;YS_SRL_SCR_PKG;YS_SRL_SCR_PKGIAS20142GET_SYS_SQ,CREATE/SAVE;UPDATE;DELETE/VOID;POST;PRINT,FMX_STRING_EVIDENCE,oracle_forms/deep_catalog/form_field_trigger_catalog.jsonl
HRST046.fmx,HR,ONEX_HR_WINDOW_API,115,8,683,1227,IAS_ACODE_PKG;IAS_ACODE_PKGIAS20142CHK_AC_CODE;IAS_ACODE_PKGIAS20142GET_A_NAMEI;IAS_ACTV_PKG;IAS_ACTV_PKGIAS20142CHK_ACTV_NOI;IAS_AUD_SYS_PKG;IAS_AUD_SYS_PKGIAS20142ADD_DOC_DELIA;IAS_CC_CODE_PKG;IAS_CC_CODE_PKGIAS20142CHK_CC_CODEIA;IAS_GEN_PKG;IAS_GEN_PKGIAS20142GET_CNTIA;IAS_GEN_PKGIAS20142GET_CURDATEIA;IAS_GEN_PKGIAS20142GET_MSGIA;IAS_GEN_PKGIAS20142GET_PROMPTIAS;IAS_GET_DOC_DEL_FNC;IAS_GET_ENC_PASS_FNC;IAS_GET_ENC_PASS_FNCIAS20142IAS_GET_ENC_PASS_FNC;IAS_PJ_PKG;IAS_PJ_PKGIAS20142CHK_PJ_NOI;IAS_POSTING_PKG;IAS_POSTING_PKGIAS20142GET_ACODE_REP_TYPEIAS;IAS_POSTING_PKGIAS20142GET_INTRFC_CODEIA;IAS_USR_PKG;IAS_USR_PKGIAS20142CHK_USR_FRM_PRVIA;IAS_USR_PKGIAS20142GET_USR_APPRV;IAS_USR_PKGIAS20142GET_USR_NMIAS;YS_EMP_PKG;YS_EMP_PKGIAS20142CHK_EMPYS_;YS_EMP_PKGIAS20142GET_EMP_BRNYS_;YS_EMP_PKGIAS20142GET_EMP_FLD_VALYS_;YS_EMP_PKGIAS20142GET_EMP_NM;YS_GEN_PKG;YS_GEN_PKGIAS20142CHK_INACTV_SYSTEMY;YS_GEN_PKGIAS20142GET_CNTYS_;YS_GEN_PKGIAS20142GET_CUR_RATEYS;YS_GEN_PKGIAS20142GET_DELETE_DOC_PERIODY;YS_GEN_PKGIAS20142GET_FLG_NM;YS_GEN_PKGIAS20142GET_LOCAL_CURY;YS_GEN_PKGIAS20142GET_PROMPT;YS_GEN_PKGIAS20142GET_SYSDATEYS_,CREATE/SAVE;UPDATE;DELETE/VOID;POST;PRINT,FMX_STRING_EVIDENCE,oracle_forms/deep_catalog/form_field_trigger_catalog.jsonl
HRST046_NEW.fmx,HR,ONEX_HR_WINDOW_API,107,8,652,1161,IAS_ACTV_PKG;IAS_ACTV_PKGIAS201611CHK_ACTV_NO;IAS_AUD_SYS_PKG;IAS_AUD_SYS_PKGIAS201611ADD_DOC_DELI;IAS_CC_CODE_PKG;IAS_CC_CODE_PKGIAS201611CHK_CC_CODEI;IAS_GEN_PKG;IAS_GEN_PKGIAS201611GET_CNTI;IAS_GEN_PKGIAS201611GET_CURDATEI;IAS_GET_DOC_DEL_FNC;IAS_GET_ENC_PASS_FNC;IAS_PJ_PKG;IAS_PJ_PKGIAS201611CHK_PJ_NO;IAS_POSTING_PKG;IAS_POSTING_PKGIAS201611GET_ACODE_REP_TYPEIA;IAS_USR_PKG;IAS_USR_PKGIAS201611CHK_USR_FRM_PRVI;IAS_USR_PKGIAS201611GET_USR_APPRVIAS;IAS_USR_PKGIAS201611GET_USR_NMIA;YS_EMP_PKG;YS_EMP_PKGIAS201611CHK_EMPYS;YS_EMP_PKGIAS201611GET_EMP_BRNYS;YS_EMP_PKGIAS201611GET_EMP_FLD_VALYS;YS_EMP_PKGIAS201611GET_EMP_NMYS_;YS_GEN_PKG;YS_GEN_PKGIAS201611CHK_INACTV_SYSTEM;YS_GEN_PKGIAS201611GET_CNTYS;YS_GEN_PKGIAS201611GET_CUR_RATEY;YS_GEN_PKGIAS201611GET_DELETE_DOC_PERIOD;YS_GEN_PKGIAS201611GET_FLG_NMYS_;YS_GEN_PKGIAS201611GET_LOCAL_CUR;YS_GEN_PKGIAS201611GET_PROMPTYS_;YS_GEN_PKGIAS201611GET_SYSDATEYS;YS_GEN_PKGIAS201611GET_UPDATE_DOC_PERIOD;YS_GEN_PKGIAS201611GET_USR_FLD_PRVYS;YS_SRL_SCR_PKG;YS_SRL_SCR_PKGIAS201611GET_SYS_SQYS_,CREATE/SAVE;UPDATE;DELETE/VOID;POST;PRINT,FMX_STRING_EVIDENCE,oracle_forms/deep_catalog/form_field_trigger_catalog.jsonl
HRST047.fmx,HR,ONEX_HR_WINDOW_API,94,8,470,921,IAS_ACODE_PKG;IAS_ACODE_PKGIAS201650CHK_AC_CODEIAS;IAS_ACODE_PKGIAS201650GET_A_NAME;IAS_ACTV_PKG;IAS_ACTV_PKGIAS201650CHK_ACTV_NO;IAS_ACTV_PKGIAS201650GET_ACTV_NAMEIA;IAS_CC_CODE_PKG;IAS_CC_CODE_PKGIAS201650CHK_CC_CODEI;IAS_CC_CODE_PKGIAS201650GET_CC_NAMEI;IAS_GEN_PKG;IAS_GEN_PKGIAS201650GET_MSGI;IAS_GEN_PKGIAS201650GET_PROMPTIA;IAS_GET_DOC_DEL_FNC;IAS_GET_ENC_PASS_FNC;IAS_PJ_PKG;IAS_PJ_PKGIAS201650CHK_PJ_NO;IAS_PJ_PKGIAS201650GET_PJ_NAMEIA;IAS_POSTING_PKG;IAS_POSTING_PKGIAS201650GET_ACODE_REP_TYPEIA;IAS_USR_PKG;IAS_USR_PKGIAS201650CHK_USR_FRM_PRVI;IAS_USR_PKGIAS201650GET_USR_APPRVIAS;IAS_USR_PKGIAS201650GET_USR_NMIA;YS_AC_DTL_PKG;YS_AC_DTL_PKGIAS201650CHK_AC_DTL;YS_AC_DTL_PKGIAS201650GET_AC_DTL_TYP;YS_EMP_PKG;YS_EMP_PKGIAS201650CHK_EMPYS;YS_EMP_PKGIAS201650GET_EMP_FLD_VALYS;YS_EMP_PKGIAS201650GET_EMP_NMYS_;YS_GEN_PKG;YS_GEN_PKGIAS201650CHK_LOCK_RCRD;YS_GEN_PKGIAS201650GET_CNTYS;YS_GEN_PKGIAS201650GET_CUR_RATEY;YS_GEN_PKGIAS201650GET_DELETE_DOC_PERIOD;YS_GEN_PKGIAS201650GET_LOCAL_CUR;YS_GEN_PKGIAS201650GET_PROMPTYS_;YS_GEN_PKGIAS201650GET_SYSDATEYS;YS_GEN_PKGIAS201650GET_UPDATE_DOC_PERIOD;YS_GEN_PKGIAS201650GET_USR_FLD_PRVYS,CREATE/SAVE;UPDATE;DELETE/VOID;POST;PRINT,FMX_STRING_EVIDENCE,oracle_forms/deep_catalog/form_field_trigger_catalog.jsonl
HRST048.fmx,HR,ONEX_HR_WINDOW_API,61,8,317,705,IAS_GEN_PKG;IAS_GEN_PKGIAS20142GET_MSGIA;IAS_GEN_PKGIAS20142GET_PROMPTIAS;IAS_GET_DOC_DEL_FNC;IAS_GET_ENC_PASS_FNC;IAS_GET_ENC_PASS_FNCIAS20142IAS_GET_ENC_PASS_FNC;IAS_USR_PKG;IAS_USR_PKGIAS20142CHK_USR_FRM_PRVIA;IAS_USR_PKGIAS20142GET_USR_APPRV;IAS_USR_PKGIAS20142GET_USR_NMIAS;YS_APPRVD_PKG;YS_APPRVD_PKGIAS20142DEL_APPRVD_LVLY;YS_APPRVD_PKGIAS20142INSRT_APPRVD_LVLYS_;YS_EMP_PKG;YS_EMP_PKGIAS20142CHK_EMPYS_;YS_EMP_PKGIAS20142GET_CODE_NMYS_;YS_EMP_PKGIAS20142GET_EMP_FLDYS_;YS_GEN_PKG;YS_GEN_PKGIAS20142CHK_LOCK_RCRDY;YS_GEN_PKGIAS20142GET_CNTYS_;YS_GEN_PKGIAS20142GET_LOCAL_CURY;YS_GEN_PKGIAS20142GET_PROMPT;YS_GEN_PKGIAS20142GET_SYSDATEYS_;YS_GEN_PKGIAS20142GET_USR_FLD_PRVYS_;YS_SRL_SCR_PKG;YS_SRL_SCR_PKGIAS20142GET_SYS_SQ,CREATE/SAVE;UPDATE;DELETE/VOID;POST;PRINT,FMX_STRING_EVIDENCE,oracle_forms/deep_catalog/form_field_trigger_catalog.jsonl
HRST049.fmx,HR,ONEX_HR_WINDOW_API,63,8,379,729,IAS_CHECK_SYS_PKG;IAS_CHECK_SYS_PKGIAS20142CHECK_BT_DATEIA;IAS_GEN_PKG;IAS_GEN_PKGIAS20142GET_MSGIA;IAS_GEN_PKGIAS20142GET_PROMPTIAS;IAS_GET_DOC_DEL_FNC;IAS_GET_ENC_PASS_FNC;IAS_GET_ENC_PASS_FNCIAS20142IAS_GET_ENC_PASS_FNC;IAS_USR_PKG;IAS_USR_PKGIAS20142CHK_USR_FRM_PRVIA;IAS_USR_PKGIAS20142GET_USR_APPRV;IAS_USR_PKGIAS20142GET_USR_NMIAS;YS_APPRVD_PKG;YS_APPRVD_PKGIAS20142DEL_APPRVD_LVLY;YS_APPRVD_PKGIAS20142INSRT_APPRVD_LVLYS_;YS_EMP_PKG;YS_EMP_PKGIAS20142CHK_EMPYS_;YS_EMP_PKGIAS20142GET_EMP_FLDYS_;YS_GEN_PKG;YS_GEN_PKGIAS20142CHK_LOCK_RCRDY;YS_GEN_PKGIAS20142GET_CNTYS_;YS_GEN_PKGIAS20142GET_SYSDATEYS_;YS_GEN_PKGIAS20142GET_USR_FLD_PRVYS_;YS_LOV_SLCT_PKG;YS_LOV_SLCT_PKGIAS20142DESLCT_DATAYS;YS_LOV_SLCT_PKGIAS20142FETCH_SLCT_DATAYS;YS_LOV_SLCT_PKGIAS20142SLCT_DATA;YS_SRL_SCR_PKG;YS_SRL_SCR_PKGIAS20142GET_SYS_SQ,CREATE/SAVE;UPDATE;DELETE/VOID;POST;PRINT,FMX_STRING_EVIDENCE,oracle_forms/deep_catalog/form_field_trigger_catalog.jsonl
HRST050.fmx,HR,ONEX_HR_WINDOW_API,74,8,554,906,IAS_AUD_SYS_PKG;IAS_AUD_SYS_PKGIAS20142ADD_DOC_DELIA;IAS_GEN_PKG;IAS_GEN_PKGIAS20142GET_CURDATEIA;IAS_GEN_PKGIAS20142GET_MSGIA;IAS_GEN_PKGIAS20142GET_PROMPTIAS;IAS_GET_DOC_DEL_FNC;IAS_GET_ENC_PASS_FNC;IAS_GET_ENC_PASS_FNCIAS20142IAS_GET_ENC_PASS_FNC;IAS_USR_PKG;IAS_USR_PKGIAS20142CHK_USR_FRM_PRVIA;IAS_USR_PKGIAS20142GET_USR_APPRV;IAS_USR_PKGIAS20142GET_USR_NMIAS;YS_APPRVD_PKG;YS_APPRVD_PKGIAS20142INSRT_APPRVD_LVLYS_;YS_EMP_PKG;YS_EMP_PKGIAS20142CHK_EMPYS_;YS_EMP_PKGIAS20142GET_EMP_FLDYS_;YS_GEN_PKG;YS_GEN_PKGIAS20142CHK_LOCK_RCRDY;YS_GEN_PKGIAS20142GET_CNTYS_;YS_GEN_PKGIAS20142GET_FLG_NM;YS_GEN_PKGIAS20142GET_LOCAL_CURY;YS_GEN_PKGIAS20142GET_SYSDATEYS_;YS_GEN_PKGIAS20142GET_USR_FLD_PRVYS_;YS_SRL_SCR_PKG;YS_SRL_SCR_PKGIAS20142GET_SYS_SQ,CREATE/SAVE;UPDATE;DELETE/VOID;POST;PRINT,FMX_STRING_EVIDENCE,oracle_forms/deep_catalog/form_field_trigger_catalog.jsonl
HRST051.fmx,HR,ONEX_HR_WINDOW_API,43,8,308,680,IAS_GET_DOC_DEL_FNC;IAS_GET_ENC_PASS_FNC;IAS_GET_ENC_PASS_FNCIAS20142IAS_GET_ENC_PASS_FNC;IAS_USR_PKG;IAS_USR_PKGIAS20142CHK_USR_FRM_PRVIA;IAS_USR_PKGIAS20142GET_USR_APPRV;IAS_USR_PKGIAS20142GET_USR_NMIAS;YS_EMP_PKG;YS_EMP_PKGIAS20142CHK_EMPYS_;YS_EMP_PKGIAS20142GET_CODE_NMYS_;YS_EMP_PKGIAS20142GET_EMP_FLDYS_;YS_GEN_PKG;YS_GEN_PKGIAS20142GET_CNTYS_;YS_GEN_PKGIAS20142GET_SYSDATEYS_;YS_GEN_PKGIAS20142GET_USR_FLD_PRVYS_;YS_SRL_SCR_PKG;YS_SRL_SCR_PKGIAS20142GET_SYS_SQ,CREATE/SAVE;UPDATE;DELETE/VOID;POST;PRINT,FMX_STRING_EVIDENCE,oracle_forms/deep_catalog/form_field_trigger_catalog.jsonl
HRST052.fmx,HR,ONEX_HR_WINDOW_API,81,8,451,912,IAS_ACTV_PKG;IAS_ACTV_PKGIAS20142CHK_ACTV;IAS_ACTV_PKGIAS20142GET_ACTV_NAMEIAS;IAS_BRN_PKG;IAS_BRN_PKGIAS20142GET_BR_NM;IAS_CC_CODE_PKG;IAS_CC_CODE_PKGIAS20142GET_CC_NAMEIA;IAS_GET_DOC_DEL_FNC;IAS_GET_ENC_PASS_FNC;IAS_GET_ENC_PASS_FNCIAS20142IAS_GET_ENC_PASS_FNC;IAS_PJ_PKG;IAS_PJ_PKGIAS20142GET_PJ_NAMEIAS;IAS_USR_PKG;IAS_USR_PKGIAS20142CHK_USR_FRM_PRVIA;IAS_USR_PKGIAS20142GET_USR_APPRV;IAS_USR_PKGIAS20142GET_USR_NMIAS;YS_EMP_PKG;YS_EMP_PKGIAS20142CHK_EMPYS_;YS_EMP_PKGIAS20142GET_CODE_NMYS_;YS_EMP_PKGIAS20142GET_EMP_FLDYS_;YS_EMP_PKGIAS20142GET_EMP_FLD_VALYS_;YS_EMP_PKGIAS20142GET_EMP_NM;YS_EMP_PKGIAS20142GET_HRCHY_NMYS;YS_GEN_PKG;YS_GEN_PKGIAS20142CHK_CUR_CODEYS;YS_GEN_PKGIAS20142GET_DELETE_DOC_PERIODY;YS_GEN_PKGIAS20142GET_FLD_VALUEY;YS_GEN_PKGIAS20142GET_FLG_NM;YS_GEN_PKGIAS20142GET_SYSDATEYS_;YS_GEN_PKGIAS20142GET_UPDATE_DOC_PERIODY;YS_GEN_PKGIAS20142GET_USR_FLD_PRVYS_;YS_SRL_SCR_PKG;YS_SRL_SCR_PKGIAS20142GET_SYS_SQ,CREATE/SAVE;UPDATE;DELETE/VOID;POST;PRINT,FMX_STRING_EVIDENCE,oracle_forms/deep_catalog/form_field_trigger_catalog.jsonl
HRST053.fmx,HR,ONEX_HR_WINDOW_API,76,8,496,902,IAS_ACTV_PKG;IAS_ACTV_PKGIAS20142CHK_ACTV;IAS_CC_CODE_PKG;IAS_CC_CODE_PKGIAS20142GET_CC_NAMEIA;IAS_GET_DOC_DEL_FNC;IAS_GET_ENC_PASS_FNC;IAS_GET_ENC_PASS_FNCIAS20142IAS_GET_ENC_PASS_FNC;IAS_PJ_PKG;IAS_PJ_PKGIAS20142GET_PJ_NAMEIAS;IAS_USR_PKG;IAS_USR_PKGIAS20142CHK_USR_FRM_PRVIA;IAS_USR_PKGIAS20142GET_USR_APPRV;IAS_USR_PKGIAS20142GET_USR_NMIAS;YS_EMP_PKG;YS_EMP_PKGIAS20142CHK_EMPYS_;YS_EMP_PKGIAS20142GET_CODE_NMYS_;YS_EMP_PKGIAS20142GET_EMP_FLDYS_;YS_EMP_PKGIAS20142GET_EMP_FLD_VALYS_;YS_EMP_PKGIAS20142GET_HRCHY_NMYS;YS_GEN_PKG;YS_GEN_PKGIAS20142CHK_CUR_CODEYS;YS_GEN_PKGIAS20142GET_DELETE_DOC_PERIODY;YS_GEN_PKGIAS20142GET_FLG_NM;YS_GEN_PKGIAS20142GET_SYSDATEYS_;YS_GEN_PKGIAS20142GET_UPDATE_DOC_PERIODY;YS_GEN_PKGIAS20142GET_USR_FLD_PRVYS_;YS_SRL_SCR_PKG;YS_SRL_SCR_PKGIAS20142GET_SYS_SQ,CREATE/SAVE;UPDATE;DELETE/VOID;POST;PRINT,FMX_STRING_EVIDENCE,oracle_forms/deep_catalog/form_field_trigger_catalog.jsonl
HRST054.fmx,HR,ONEX_HR_WINDOW_API,40,8,226,548,IAS_GET_ENC_PASS_FNC;IAS_GET_ENC_PASS_FNCIAS20142IAS_GET_ENC_PASS_FNC;IAS_PRMTR_PKG;IAS_PRMTR_PKGIAS20142GETPVAL;IAS_USR_PKG;IAS_USR_PKGIAS20142CHK_USR_FRM_PRVIA;IAS_USR_PKGIAS20142GET_USR_APPRV;IAS_USR_PKGIAS20142GET_USR_NMIAS;YS_EMP_PKG;YS_EMP_PKGIAS20142GET_EMP_NM;YS_GEN_PKG;YS_GEN_PKGIAS20142CHK_LOCK_RCRDY;YS_GEN_PKGIAS20142GET_PROMPT;YS_GEN_PKGIAS20142GET_USR_FLD_PRVYS_;YS_SRL_SCR_PKG;YS_SRL_SCR_PKGIAS20142GET_SYS_SQ,CREATE/SAVE;UPDATE;DELETE/VOID;POST;PRINT,FMX_STRING_EVIDENCE,oracle_forms/deep_catalog/form_field_trigger_catalog.jsonl
HRST055.fmx,HR,ONEX_HR_WINDOW_API,60,8,401,668,IAS_AUD_SYS_PKG;IAS_AUD_SYS_PKGIAS20142ADD_DOC_DELIA;IAS_GEN_PKG;IAS_GEN_PKGIAS20142GET_CURDATEIA;IAS_GEN_PKGIAS20142GET_FRM_PRVIA;IAS_GEN_PKGIAS20142GET_MSGIA;IAS_GEN_PKGIAS20142GET_PROMPTIAS;IAS_GET_DOC_DEL_FNC;IAS_GET_ENC_PASS_FNC;IAS_GET_ENC_PASS_FNCIAS20142IAS_GET_ENC_PASS_FNC;IAS_USR_PKG;IAS_USR_PKGIAS20142GET_USR_APPRV;IAS_USR_PKGIAS20142GET_USR_NMIAS;YS_APPRVD_PKG;YS_APPRVD_PKGIAS20142DEL_APPRVD_LVLY;YS_APPRVD_PKGIAS20142INSRT_APPRVD_LVLYS_;YS_EMP_PKG;YS_EMP_PKGIAS20142CHK_EMPYS_;YS_EMP_PKGIAS20142GET_EMP_FLDYS_;YS_GEN_PKG;YS_GEN_PKGIAS20142GET_DELETE_DOC_PERIODY;YS_GEN_PKGIAS20142GET_LOCAL_CURY;YS_GEN_PKGIAS20142GET_SYSDATEYS_;YS_GEN_PKGIAS20142GET_UPDATE_DOC_PERIODY;YS_GEN_PKGIAS20142GET_USR_FLD_PRVYS_;YS_SRL_SCR_PKG;YS_SRL_SCR_PKGIAS20142GET_SYS_SQ,CREATE/SAVE;UPDATE;DELETE/VOID;POST;PRINT,FMX_STRING_EVIDENCE,oracle_forms/deep_catalog/form_field_trigger_catalog.jsonl
HRST060.fmx,HR,ONEX_HR_WINDOW_API,39,8,384,779,IAS_GET_ENC_PASS_FNC;IAS_GET_ENC_PASS_FNCIAS20142IAS_GET_ENC_PASS_FNC;IAS_USR_PKG;IAS_USR_PKGIAS20142CHK_USR_FRM_PRVIA;IAS_USR_PKGIAS20142GET_USR_APPRV;IAS_USR_PKGIAS20142GET_USR_NMIAS;YS_EMP_PKG;YS_EMP_PKGIAS20142GET_EMP_NO_MCHNYS_;YS_GEN_PKG;YS_GEN_PKGIAS20142CHK_LOCK_RCRDY;YS_GEN_PKGIAS20142GET_USR_FLD_PRVYS_,CREATE/SAVE;UPDATE;DELETE/VOID;POST;PRINT,FMX_STRING_EVIDENCE,oracle_forms/deep_catalog/form_field_trigger_catalog.jsonl
HRSTDD012.fmx,HR,ONEX_HR_WINDOW_API,104,8,751,1134,IAS_ACODE_PKG;IAS_ACODE_PKGIAS20142GET_A_NAMEI;IAS_ACTV_PKG;IAS_ACTV_PKGIAS20142CHK_ACTV;IAS_ACTV_PKGIAS20142CHK_ACTV_NOI;IAS_ACTV_PKGIAS20142GET_ACTV_NAMEIAS;IAS_AUD_SYS_PKG;IAS_AUD_SYS_PKGIAS20142ADD_DOC_DELIA;IAS_CC_CODE_PKG;IAS_CC_CODE_PKGIAS20142GET_CC_NAMEIA;IAS_CHECK_SYS_PKG;IAS_CHECK_SYS_PKGIAS20142CHECK_BT_DATEIA;IAS_GEN_PKG;IAS_GEN_PKGIAS20142GET_CURDATEIA;IAS_GEN_PKGIAS20142GET_PROMPTIAS;IAS_GET_DOC_DEL_FNC;IAS_GET_ENC_PASS_FNC;IAS_GET_ENC_PASS_FNCIAS20142IAS_GET_ENC_PASS_FNC;IAS_PJ_PKG;IAS_PJ_PKGIAS20142CHK_PJ_NOI;IAS_PJ_PKGIAS20142GET_PJ_NAMEIAS;IAS_USR_PKG;IAS_USR_PKGIAS20142CHK_USR_FRM_PRVIA;IAS_USR_PKGIAS20142GET_USR_APPRV;IAS_USR_PKGIAS20142GET_USR_NMIAS;YS_EMP_PKG;YS_EMP_PKGIAS20142CHK_EMPYS_;YS_EMP_PKGIAS20142GET_EMP_FLDYS_;YS_EMP_PKGIAS20142GET_EMP_NM;YS_EMP_PKGIAS20142GET_EMP_SLRY_CALCY;YS_GEN_PKG;YS_GEN_PKGIAS20142CHK_INACTV_SYSTEMY;YS_GEN_PKGIAS20142GET_CNTYS_;YS_GEN_PKGIAS20142GET_CURDATEYS_;YS_GEN_PKGIAS20142GET_DELETE_DOC_PERIODY;YS_GEN_PKGIAS20142GET_EXTRA_PRMTRSYS;YS_GEN_PKGIAS20142GET_FLD_VALUEY;YS_GEN_PKGIAS20142GET_MSGYS_;YS_GEN_PKGIAS20142GET_PROMPT;YS_GEN_PKGIAS20142GET_SYSDATEYS_,CREATE/SAVE;UPDATE;DELETE/VOID;POST;PRINT,FMX_STRING_EVIDENCE,oracle_forms/deep_catalog/form_field_trigger_catalog.jsonl
HRSTRNI003.fmx,HR,ONEX_HR_WINDOW_API,35,8,298,599,IAS_GEN_PKG;IAS_GEN_PKGIAS20142GET_FLD_VALUE;IAS_GET_ENC_PASS_FNC;IAS_GET_ENC_PASS_FNCIAS20142IAS_GET_ENC_PASS_FNC;IAS_USR_PKG;IAS_USR_PKGIAS20142CHK_USR_FRM_PRVIA;IAS_USR_PKGIAS20142GET_USR_APPRV;IAS_USR_PKGIAS20142GET_USR_NMIAS;YS_GEN_PKG;YS_GEN_PKGIAS20142GET_CURDATEYS_;YS_GEN_PKGIAS20142GET_USR_FLD_PRVYS_;YS_SRL_SCR_PKG;YS_SRL_SCR_PKGIAS20142GET_SYS_SQ,CREATE/SAVE;UPDATE;DELETE/VOID;POST;PRINT,FMX_STRING_EVIDENCE,oracle_forms/deep_catalog/form_field_trigger_catalog.jsonl
HRSTRNI005.fmx,HR,ONEX_HR_WINDOW_API,35,8,207,536,IAS_GEN_PKG;IAS_GEN_PKGIAS20142GET_FLD_VALUE;IAS_GET_ENC_PASS_FNC;IAS_GET_ENC_PASS_FNCIAS20142IAS_GET_ENC_PASS_FNC;IAS_USR_PKG;IAS_USR_PKGIAS20142CHK_USR_FRM_PRVIA;IAS_USR_PKGIAS20142GET_USR_APPRV;IAS_USR_PKGIAS20142GET_USR_NMIAS;YS_GEN_PKG;YS_GEN_PKGIAS20142GET_CURDATEYS_;YS_GEN_PKGIAS20142GET_USR_FLD_PRVYS_;YS_SRL_SCR_PKG;YS_SRL_SCR_PKGIAS20142GET_SYS_SQ,CREATE/SAVE;UPDATE;DELETE/VOID;POST;PRINT,FMX_STRING_EVIDENCE,oracle_forms/deep_catalog/form_field_trigger_catalog.jsonl
HRSTRNI007.fmx,HR,ONEX_HR_WINDOW_API,37,8,259,544,IAS_GEN_PKG;IAS_GEN_PKGIAS20142GET_FLD_VALUE;IAS_GET_ENC_PASS_FNC;IAS_GET_ENC_PASS_FNCIAS20142IAS_GET_ENC_PASS_FNC;IAS_USR_PKG;IAS_USR_PKGIAS20142CHK_USR_FRM_PRVIA;IAS_USR_PKGIAS20142GET_USR_APPRV;IAS_USR_PKGIAS20142GET_USR_NMIAS;YS_GEN_PKG;YS_GEN_PKGIAS20142GET_CURDATEYS_;YS_GEN_PKGIAS20142GET_USR_FLD_PRVYS_;YS_SRL_SCR_PKG;YS_SRL_SCR_PKGIAS20142GET_SYS_SQ,CREATE/SAVE;UPDATE;DELETE/VOID;POST;PRINT,FMX_STRING_EVIDENCE,oracle_forms/deep_catalog/form_field_trigger_catalog.jsonl
HRSTRNI009.fmx,HR,ONEX_HR_WINDOW_API,33,8,267,561,IAS_GET_ENC_PASS_FNC;IAS_GET_ENC_PASS_FNCIAS20142IAS_GET_ENC_PASS_FNC;IAS_USR_PKG;IAS_USR_PKGIAS20142CHK_USR_FRM_PRVIA;IAS_USR_PKGIAS20142GET_USR_APPRV;IAS_USR_PKGIAS20142GET_USR_NMIAS;YS_GEN_PKG;YS_GEN_PKGIAS20142GET_CURDATEYS_;YS_GEN_PKGIAS20142GET_USR_FLD_PRVYS_;YS_SRL_SCR_PKG;YS_SRL_SCR_PKGIAS20142GET_SYS_SQ,CREATE/SAVE;UPDATE;DELETE/VOID;POST;PRINT,FMX_STRING_EVIDENCE,oracle_forms/deep_catalog/form_field_trigger_catalog.jsonl
HRSTRNI011.fmx,HR,ONEX_HR_WINDOW_API,45,8,313,624,IAS_CHECK_SYS_PKG;IAS_CHECK_SYS_PKGIAS20142CHECK_BT_DATEIA;IAS_GET_ENC_PASS_FNC;IAS_GET_ENC_PASS_FNCIAS20142IAS_GET_ENC_PASS_FNC;IAS_USR_PKG;IAS_USR_PKGIAS20142CHK_USR_FRM_PRVIA;IAS_USR_PKGIAS20142GET_USR_APPRV;IAS_USR_PKGIAS20142GET_USR_NMIAS;YS_EMP_PKG;YS_EMP_PKGIAS20142GET_HRCHY_NMYS;YS_GEN_PKG;YS_GEN_PKGIAS20142CHK_LOCK_RCRDY;YS_GEN_PKGIAS20142GET_LOCAL_CURY;YS_GEN_PKGIAS20142GET_SYSDATEYS_;YS_GEN_PKGIAS20142GET_USR_FLD_PRVYS_;YS_SRL_SCR_PKG;YS_SRL_SCR_PKGIAS20142GET_SYS_SQ,CREATE/SAVE;UPDATE;DELETE/VOID;POST;PRINT,FMX_STRING_EVIDENCE,oracle_forms/deep_catalog/form_field_trigger_catalog.jsonl
HRSTRNR005.fmx,HR,ONEX_HR_WINDOW_API,19,2,199,523,IAS_CHECK_SYS_PKG;IAS_CHECK_SYS_PKGIAS20142CHECK_BT_VALUEI;IAS_GET_ENC_PASS_FNC;IAS_GET_ENC_PASS_FNCIAS20142IAS_GET_ENC_PASS_FNC;IAS_USR_PKG;IAS_USR_PKGIAS20142GET_USR_NMIAS;YS_EMP_PKG;YS_EMP_PKGIAS20142GET_HRCHY_NMYS,PRINT,FMX_STRING_EVIDENCE,oracle_forms/deep_catalog/form_field_trigger_catalog.jsonl
HRSTRNR010.fmx,HR,ONEX_HR_WINDOW_API,23,2,160,558,IAS_CHECK_SYS_PKG;IAS_CHECK_SYS_PKGIAS20142CHECK_BT_VALUEI;IAS_GET_ENC_PASS_FNC;IAS_GET_ENC_PASS_FNCIAS20142IAS_GET_ENC_PASS_FNC;IAS_USR_PKG;IAS_USR_PKGIAS20142GET_USR_NMIAS;YS_EMP_PKG;YS_EMP_PKGIAS20142GET_EMP_NM;YS_EMP_PKGIAS20142GET_HRCHY_NMYS;YS_GEN_PKG;YS_GEN_PKGIAS20142GET_EXTRA_PRMTRSYS,PRINT,FMX_STRING_EVIDENCE,oracle_forms/deep_catalog/form_field_trigger_catalog.jsonl
HRSTRNT003.fmx,HR,ONEX_HR_WINDOW_API,54,8,318,670,IAS_CHECK_SYS_PKG;IAS_CHECK_SYS_PKGIAS20142CHECK_BT_DATEIA;IAS_GEN_PKG;IAS_GEN_PKGIAS20142GET_MSGIA;IAS_GEN_PKGIAS20142GET_PROMPTIAS;IAS_GET_DOC_DEL_FNC;IAS_GET_ENC_PASS_FNC;IAS_GET_ENC_PASS_FNCIAS20142IAS_GET_ENC_PASS_FNC;IAS_USR_PKG;IAS_USR_PKGIAS20142CHK_USR_FRM_PRVIA;IAS_USR_PKGIAS20142GET_USR_APPRV;IAS_USR_PKGIAS20142GET_USR_NMIAS;YS_EMP_PKG;YS_EMP_PKGIAS20142CHK_EMPYS_;YS_GEN_PKG;YS_GEN_PKGIAS20142GET_CNTYS_;YS_GEN_PKGIAS20142GET_CURDATEYS_;YS_GEN_PKGIAS20142GET_SYSDATEYS_;YS_GEN_PKGIAS20142GET_USR_FLD_PRVYS_;YS_SRL_SCR_PKG;YS_SRL_SCR_PKGIAS20142GET_SYS_SQ,CREATE/SAVE;UPDATE;DELETE/VOID;POST;PRINT,FMX_STRING_EVIDENCE,oracle_forms/deep_catalog/form_field_trigger_catalog.jsonl
HRSTRNT005.fmx,HR,ONEX_HR_WINDOW_API,51,8,558,783,IAS_CHECK_SYS_PKG;IAS_CHECK_SYS_PKGIAS20142CHECK_BT_DATEIA;IAS_GEN_PKG;IAS_GEN_PKGIAS20142GET_MSGIA;IAS_GEN_PKGIAS20142GET_PROMPTIAS;IAS_GET_ENC_PASS_FNC;IAS_GET_ENC_PASS_FNCIAS20142IAS_GET_ENC_PASS_FNC;IAS_USR_PKG;IAS_USR_PKGIAS20142CHK_USR_FRM_PRVIA;IAS_USR_PKGIAS20142GET_USR_APPRV;IAS_USR_PKGIAS20142GET_USR_NMIAS;YS_EMP_PKG;YS_EMP_PKGIAS20142CHK_EMPYS_;YS_EMP_PKGIAS20142GET_EMP_FLDYS_;YS_GEN_PKG;YS_GEN_PKGIAS20142GET_CNTYS_;YS_GEN_PKGIAS20142GET_LOCAL_CURY;YS_GEN_PKGIAS20142GET_SYSDATEYS_;YS_GEN_PKGIAS20142GET_USR_FLD_PRVYS_;YS_SRL_SCR_PKG;YS_SRL_SCR_PKGIAS20142GET_SYS_SQ,CREATE/SAVE;UPDATE;DELETE/VOID;POST;PRINT,FMX_STRING_EVIDENCE,oracle_forms/deep_catalog/form_field_trigger_catalog.jsonl
HRSTRNT006.fmx,HR,ONEX_HR_WINDOW_API,48,8,397,690,IAS_GEN_PKG;IAS_GEN_PKGIAS20142GET_MSGIA;IAS_GEN_PKGIAS20142GET_PROMPTIAS;IAS_GET_ENC_PASS_FNC;IAS_GET_ENC_PASS_FNCIAS20142IAS_GET_ENC_PASS_FNC;IAS_USR_PKG;IAS_USR_PKGIAS20142CHK_USR_FRM_PRVIA;IAS_USR_PKGIAS20142GET_USR_APPRV;IAS_USR_PKGIAS20142GET_USR_NMIAS;YS_EMP_PKG;YS_EMP_PKGIAS20142CHK_EMPYS_;YS_EMP_PKGIAS20142GET_EMP_FLDYS_;YS_GEN_PKG;YS_GEN_PKGIAS20142GET_SYSDATEYS_;YS_GEN_PKGIAS20142GET_USR_FLD_PRVYS_;YS_SRL_SCR_PKG;YS_SRL_SCR_PKGIAS20142GET_SYS_SQ,CREATE/SAVE;UPDATE;DELETE/VOID;POST;PRINT,FMX_STRING_EVIDENCE,oracle_forms/deep_catalog/form_field_trigger_catalog.jsonl
HRSTRNT008.fmx,HR,ONEX_HR_WINDOW_API,48,8,413,707,IAS_GEN_PKG;IAS_GEN_PKGIAS20142GET_MSGIA;IAS_GEN_PKGIAS20142GET_PROMPTIAS;IAS_GET_ENC_PASS_FNC;IAS_GET_ENC_PASS_FNCIAS20142IAS_GET_ENC_PASS_FNC;IAS_USR_PKG;IAS_USR_PKGIAS20142CHK_USR_FRM_PRVIA;IAS_USR_PKGIAS20142GET_USR_APPRV;IAS_USR_PKGIAS20142GET_USR_NMIAS;YS_EMP_PKG;YS_EMP_PKGIAS20142CHK_EMPYS_;YS_GEN_PKG;YS_GEN_PKGIAS20142CHK_LOCK_RCRDY;YS_GEN_PKGIAS20142GET_SYSDATEYS_;YS_GEN_PKGIAS20142GET_USR_FLD_PRVYS_;YS_SRL_SCR_PKG;YS_SRL_SCR_PKGIAS20142GET_SYS_SQ,CREATE/SAVE;UPDATE;DELETE/VOID;POST;PRINT,FMX_STRING_EVIDENCE,oracle_forms/deep_catalog/form_field_trigger_catalog.jsonl
HRSTRNT010.fmx,HR,ONEX_HR_WINDOW_API,48,8,499,715,IAS_GEN_PKG;IAS_GEN_PKGIAS20142GET_MSGIA;IAS_GEN_PKGIAS20142GET_PROMPTIAS;IAS_GET_ENC_PASS_FNC;IAS_GET_ENC_PASS_FNCIAS20142IAS_GET_ENC_PASS_FNC;IAS_USR_PKG;IAS_USR_PKGIAS20142CHK_USR_FRM_PRVIA;IAS_USR_PKGIAS20142GET_USR_APPRV;IAS_USR_PKGIAS20142GET_USR_NMIAS;YS_EMP_PKG;YS_EMP_PKGIAS20142CHK_EMPYS_;YS_GEN_PKG;YS_GEN_PKGIAS20142CHK_LOCK_RCRDY;YS_GEN_PKGIAS20142GET_SYSDATEYS_;YS_GEN_PKGIAS20142GET_USR_FLD_PRVYS_;YS_SRL_SCR_PKG;YS_SRL_SCR_PKGIAS20142GET_SYS_SQ,CREATE/SAVE;UPDATE;DELETE/VOID;POST;PRINT,FMX_STRING_EVIDENCE,oracle_forms/deep_catalog/form_field_trigger_catalog.jsonl
HRSTRVLR001.fmx,HR,ONEX_HR_WINDOW_API,24,2,167,576,IAS_CHECK_SYS_PKG;IAS_CHECK_SYS_PKGIAS20142CHECK_BT_DATEIA;IAS_CHECK_SYS_PKGIAS20142CHECK_BT_VALUEI;IAS_GEN_PKG;IAS_GEN_PKGIAS20142GET_CODE_NMIA;IAS_GET_ENC_PASS_FNC;IAS_GET_ENC_PASS_FNCIAS20142IAS_GET_ENC_PASS_FNC;IAS_USR_PKG;IAS_USR_PKGIAS20142GET_USR_NMIAS;YS_EMP_PKG;YS_EMP_PKGIAS20142GET_EMP_NM;YS_EMP_PKGIAS20142GET_HRCHY_NMYS;YS_GEN_PKG;YS_GEN_PKGIAS20142GET_FLG_NM,PRINT,FMX_STRING_EVIDENCE,oracle_forms/deep_catalog/form_field_trigger_catalog.jsonl
HRSTRVLR002.fmx,HR,ONEX_HR_WINDOW_API,29,2,183,570,IAS_ACODE_PKG;IAS_ACODE_PKGIAS20142GET_A_NAMEI;IAS_ACTV_PKG;IAS_ACTV_PKGIAS20142CHK_ACTV;IAS_ACTV_PKGIAS20142GET_ACTV_NAMEIAS;IAS_CC_CODE_PKG;IAS_CC_CODE_PKGIAS20142GET_CC_NAMEIA;IAS_CHECK_SYS_PKG;IAS_CHECK_SYS_PKGIAS20142CHECK_BT_DATEIA;IAS_CHECK_SYS_PKGIAS20142CHECK_BT_VALUEI;IAS_GET_ENC_PASS_FNC;IAS_GET_ENC_PASS_FNCIAS20142IAS_GET_ENC_PASS_FNC;IAS_PJ_PKG;IAS_PJ_PKGIAS20142GET_PJ_NAMEIAS;IAS_USR_PKG;IAS_USR_PKGIAS20142GET_USR_NMIAS;YS_EMP_PKG;YS_EMP_PKGIAS20142GET_EMP_NM;YS_EMP_PKGIAS20142GET_HRCHY_NMYS,PRINT,FMX_STRING_EVIDENCE,oracle_forms/deep_catalog/form_field_trigger_catalog.jsonl
HRSTRVLS001.fmx,HR,ONEX_HR_WINDOW_API,47,8,348,757,IAS_GEN_PKG;IAS_GEN_PKGIAS20142GET_LOCAL_CUR;IAS_GET_ENC_PASS_FNC;IAS_GET_ENC_PASS_FNCIAS20142IAS_GET_ENC_PASS_FNC;IAS_USR_PKG;IAS_USR_PKGIAS20142CHK_USR_FRM_PRVIA;IAS_USR_PKGIAS20142GET_USR_APPRV;IAS_USR_PKGIAS20142GET_USR_NMIAS;YS_EMP_PKG;YS_EMP_PKGIAS20142GET_CODE_NMYS_;YS_GEN_PKG;YS_GEN_PKGIAS20142CHK_CUR_CODEYS;YS_GEN_PKGIAS20142GET_CURDATEYS_;YS_GEN_PKGIAS20142GET_FLG_NM;YS_GEN_PKGIAS20142GET_USR_FLD_PRVYS_;YS_SRL_SCR_PKG;YS_SRL_SCR_PKGIAS20142GET_SYS_SQ,CREATE/SAVE;UPDATE;DELETE/VOID;POST;PRINT,FMX_STRING_EVIDENCE,oracle_forms/deep_catalog/form_field_trigger_catalog.jsonl
HRSTRVLS002.fmx,HR,ONEX_HR_WINDOW_API,39,8,345,592,IAS_ACODE_PKG;IAS_ACODE_PKGIAS20142CHK_AC_CODE;IAS_ACODE_PKGIAS20142GET_A_NAMEI;IAS_GEN_PKG;IAS_GEN_PKGIAS20142GET_FLD_VALUE;IAS_GET_ENC_PASS_FNC;IAS_GET_ENC_PASS_FNCIAS20142IAS_GET_ENC_PASS_FNC;IAS_USR_PKG;IAS_USR_PKGIAS20142CHK_USR_FRM_PRVIA;IAS_USR_PKGIAS20142GET_USR_APPRV;IAS_USR_PKGIAS20142GET_USR_NMIAS;YS_GEN_PKG;YS_GEN_PKGIAS20142CHK_LOCK_RCRDY;YS_GEN_PKGIAS20142GET_USR_FLD_PRVYS_;YS_SRL_SCR_PKG;YS_SRL_SCR_PKGIAS20142GET_SYS_SQ,CREATE/SAVE;UPDATE;DELETE/VOID;POST;PRINT,FMX_STRING_EVIDENCE,oracle_forms/deep_catalog/form_field_trigger_catalog.jsonl
HRSTRVLS003.fmx,HR,ONEX_HR_WINDOW_API,36,8,344,601,IAS_GEN_PKG;IAS_GEN_PKGIAS20142GET_FLD_VALUE;IAS_GET_ENC_PASS_FNC;IAS_GET_ENC_PASS_FNCIAS20142IAS_GET_ENC_PASS_FNC;IAS_USR_PKG;IAS_USR_PKGIAS20142CHK_USR_FRM_PRVIA;IAS_USR_PKGIAS20142GET_USR_APPRV;IAS_USR_PKGIAS20142GET_USR_NMIAS;YS_GEN_PKG;YS_GEN_PKGIAS20142GET_CURDATEYS_;YS_GEN_PKGIAS20142GET_USR_FLD_PRVYS_;YS_SRL_SCR_PKG;YS_SRL_SCR_PKGIAS20142GET_SYS_SQ,CREATE/SAVE;UPDATE;DELETE/VOID;POST;PRINT,FMX_STRING_EVIDENCE,oracle_forms/deep_catalog/form_field_trigger_catalog.jsonl
HRSTRVLT001.fmx,HR,ONEX_HR_WINDOW_API,77,8,418,795,IAS_ACODE_PKG;IAS_ACODE_PKGIAS20142GET_A_NAMEI;IAS_ACTV_PKG;IAS_ACTV_PKGIAS20142CHK_ACTV;IAS_ACTV_PKGIAS20142GET_ACTV_NAMEIAS;IAS_CC_CODE_PKG;IAS_CC_CODE_PKGIAS20142GET_CC_NAMEIA;IAS_CHECK_SYS_PKG;IAS_CHECK_SYS_PKGIAS20142CHECK_BT_DATEIA;IAS_GEN_PKG;IAS_GEN_PKGIAS20142GET_LOCAL_CUR;IAS_GEN_PKGIAS20142GET_MSGIA;IAS_GEN_PKGIAS20142GET_PROMPTIAS;IAS_GET_ENC_PASS_FNC;IAS_GET_ENC_PASS_FNCIAS20142IAS_GET_ENC_PASS_FNC;IAS_PJ_PKG;IAS_PJ_PKGIAS20142GET_PJ_NAMEIAS;IAS_USR_PKG;IAS_USR_PKGIAS20142CHK_USR_FRM_PRVIA;IAS_USR_PKGIAS20142GET_USR_APPRV;IAS_USR_PKGIAS20142GET_USR_NMIAS;YS_EMP_PKG;YS_EMP_PKGIAS20142CHK_EMPYS_;YS_EMP_PKGIAS20142GET_CODE_NMYS_;YS_EMP_PKGIAS20142GET_EMP_FLDYS_;YS_EMP_PKGIAS20142GET_EMP_SLRY_CALCY;YS_GEN_PKG;YS_GEN_PKGIAS20142GET_CNTYS_;YS_GEN_PKGIAS20142GET_LOCAL_CURY;YS_GEN_PKGIAS20142GET_PROMPT;YS_GEN_PKGIAS20142GET_SYSDATEYS_;YS_GEN_PKGIAS20142GET_USR_FLD_PRVYS_;YS_SRL_SCR_PKG;YS_SRL_SCR_PKGIAS20142GET_SYS_SQ,CREATE/SAVE;UPDATE;DELETE/VOID;POST;PRINT,FMX_STRING_EVIDENCE,oracle_forms/deep_catalog/form_field_trigger_catalog.jsonl
HRSTRVLT002.fmx,HR,ONEX_HR_WINDOW_API,60,8,529,883,IAS_CHECK_SYS_PKG;IAS_CHECK_SYS_PKGIAS20142CHECK_BT_DATEIA;IAS_GEN_PKG;IAS_GEN_PKGIAS20142GET_MSGIA;IAS_GEN_PKGIAS20142GET_PROMPTIAS;IAS_GET_DOC_DEL_FNC;IAS_GET_ENC_PASS_FNC;IAS_GET_ENC_PASS_FNCIAS20142IAS_GET_ENC_PASS_FNC;IAS_USR_PKG;IAS_USR_PKGIAS20142CHK_USR_FRM_PRVIA;IAS_USR_PKGIAS20142GET_USR_APPRV;IAS_USR_PKGIAS20142GET_USR_NMIAS;YS_EMP_PKG;YS_EMP_PKGIAS20142CHK_EMPYS_;YS_EMP_PKGIAS20142GET_CODE_NMYS_;YS_EMP_PKGIAS20142GET_EMP_FLDYS_;YS_EMP_PKGIAS20142GET_EMP_SLRY_CALCY;YS_GEN_PKG;YS_GEN_PKGIAS20142CHK_CUR_CODEYS;YS_GEN_PKGIAS20142GET_CNTYS_;YS_GEN_PKGIAS20142GET_DELETE_DOC_PERIODY;YS_GEN_PKGIAS20142GET_LOCAL_CURY;YS_GEN_PKGIAS20142GET_SYSDATEYS_;YS_GEN_PKGIAS20142GET_USR_FLD_PRVYS_;YS_SRL_SCR_PKG;YS_SRL_SCR_PKGIAS20142GET_SYS_SQ,CREATE/SAVE;UPDATE;DELETE/VOID;POST;PRINT,FMX_STRING_EVIDENCE,oracle_forms/deep_catalog/form_field_trigger_catalog.jsonl
HRSTRVLT002_OLD.fmx,HR,ONEX_HR_WINDOW_API,60,8,557,883,IAS_CHECK_SYS_PKG;IAS_CHECK_SYS_PKGIAS20142CHECK_BT_DATEIA;IAS_GEN_PKG;IAS_GEN_PKGIAS20142GET_MSGIA;IAS_GEN_PKGIAS20142GET_PROMPTIAS;IAS_GET_DOC_DEL_FNC;IAS_GET_ENC_PASS_FNC;IAS_GET_ENC_PASS_FNCIAS20142IAS_GET_ENC_PASS_FNC;IAS_USR_PKG;IAS_USR_PKGIAS20142CHK_USR_FRM_PRVIA;IAS_USR_PKGIAS20142GET_USR_APPRV;IAS_USR_PKGIAS20142GET_USR_NMIAS;YS_EMP_PKG;YS_EMP_PKGIAS20142CHK_EMPYS_;YS_EMP_PKGIAS20142GET_CODE_NMYS_;YS_EMP_PKGIAS20142GET_EMP_FLDYS_;YS_EMP_PKGIAS20142GET_EMP_SLRY_CALCY;YS_GEN_PKG;YS_GEN_PKGIAS20142CHK_CUR_CODEYS;YS_GEN_PKGIAS20142GET_CNTYS_;YS_GEN_PKGIAS20142GET_DELETE_DOC_PERIODY;YS_GEN_PKGIAS20142GET_LOCAL_CURY;YS_GEN_PKGIAS20142GET_SYSDATEYS_;YS_GEN_PKGIAS20142GET_USR_FLD_PRVYS_;YS_SRL_SCR_PKG;YS_SRL_SCR_PKGIAS20142GET_SYS_SQ,CREATE/SAVE;UPDATE;DELETE/VOID;POST;PRINT,FMX_STRING_EVIDENCE,oracle_forms/deep_catalog/form_field_trigger_catalog.jsonl
HRSTS002.fmx,HR,ONEX_HR_WINDOW_API,88,8,654,1066,IAS_ACODE_PKG;IAS_ACODE_PKGIAS201556GET_A_NAME;IAS_ACTV_PKG;IAS_ACTV_PKGIAS201556CHK_ACTVIAS;IAS_ACTV_PKGIAS201556GET_ACTV_NAMEIA;IAS_AUD_SYS_PKG;IAS_AUD_SYS_PKGIAS201556ADD_DOC_DELI;IAS_CC_CODE_PKG;IAS_CC_CODE_PKGIAS201556GET_CC_NAMEI;IAS_CHECK_SYS_PKG;IAS_CHECK_SYS_PKGIAS201556CHECK_BT_DATEI;IAS_GEN_PKG;IAS_GEN_PKGIAS201556GET_CURDATEI;IAS_GET_DOC_DEL_FNC;IAS_GET_ENC_PASS_FNC;IAS_PJ_PKG;IAS_PJ_PKGIAS201556GET_PJ_NAMEIA;IAS_USR_PKG;IAS_USR_PKGIAS201556CHK_USR_FRM_PRVI;IAS_USR_PKGIAS201556GET_USR_APPRVIAS;IAS_USR_PKGIAS201556GET_USR_NMIA;YS_EMP_PKG;YS_EMP_PKGIAS201556CHK_EMPYS;YS_EMP_PKGIAS201556GET_CODE_NMYS;YS_EMP_PKGIAS201556GET_EMP_FLDYS;YS_EMP_PKGIAS201556GET_EMP_FLD_VALYS;YS_EMP_PKGIAS201556GET_EMP_NMYS_;YS_GEN_PKG;YS_GEN_PKGIAS201556CHK_CUR_CODEY;YS_GEN_PKGIAS201556GET_DELETE_DOC_PERIOD;YS_GEN_PKGIAS201556GET_FLG_NMYS_;YS_GEN_PKGIAS201556GET_SYSDATEYS;YS_GEN_PKGIAS201556GET_USR_FLD_PRVYS;YS_SRL_SCR_PKG;YS_SRL_SCR_PKGIAS201556GET_SYS_SQYS_,CREATE/SAVE;UPDATE;DELETE/VOID;POST;PRINT,FMX_STRING_EVIDENCE,oracle_forms/deep_catalog/form_field_trigger_catalog.jsonl
HRSTS008.fmx,HR,ONEX_HR_WINDOW_API,64,8,502,777,IAS_AUD_SYS_PKG;IAS_AUD_SYS_PKGIAS201556ADD_DOC_DELI;IAS_GEN_PKG;IAS_GEN_PKGIAS201556GET_CURDATEI;IAS_GET_DOC_DEL_FNC;IAS_GET_ENC_PASS_FNC;IAS_USR_PKG;IAS_USR_PKGIAS201556CHK_USR_FRM_PRVI;IAS_USR_PKGIAS201556GET_USR_APPRVIAS;IAS_USR_PKGIAS201556GET_USR_NMIA;YS_EMP_PKG;YS_EMP_PKGIAS201556CHK_EMPYS;YS_EMP_PKGIAS201556GET_EMP_FLDYS;YS_EMP_PKGIAS201556GET_EMP_NMYS_;YS_GEN_PKG;YS_GEN_PKGIAS201556CHK_ACTV_SYSTEMYS;YS_GEN_PKGIAS201556GET_CNTYS;YS_GEN_PKGIAS201556GET_DELETE_DOC_PERIOD;YS_GEN_PKGIAS201556GET_MSGYS;YS_GEN_PKGIAS201556GET_SYSDATEYS;YS_GEN_PKGIAS201556GET_UPDATE_DOC_PERIOD;YS_GEN_PKGIAS201556GET_USR_FLD_PRVYS;YS_SRL_SCR_PKG;YS_SRL_SCR_PKGIAS201556GET_SYS_SQYS_,CREATE/SAVE;UPDATE;DELETE/VOID;POST;PRINT,FMX_STRING_EVIDENCE,oracle_forms/deep_catalog/form_field_trigger_catalog.jsonl
HRST_010.fmx,HR,ONEX_HR_WINDOW_API,77,8,490,859,IAS_CHECK_SYS_PKG;IAS_CHECK_SYS_PKGIAS201556CHECK_BT_DATEI;IAS_GEN_PKG;IAS_GEN_PKGIAS201556GET_FRM_PRVI;IAS_GET_DOC_DEL_FNC;IAS_GET_ENC_PASS_FNC;IAS_USR_PKG;IAS_USR_PKGIAS201556CHK_USR_FRM_PRVI;IAS_USR_PKGIAS201556GET_USR_APPRVIAS;IAS_USR_PKGIAS201556GET_USR_NMIA;YS_APPRVD_PKG;YS_APPRVD_PKGIAS201556DEL_APPRVD_LVL;YS_APPRVD_PKGIAS201556INSRT_APPRVD_LVLYS;YS_EMP_PKG;YS_EMP_PKGIAS201556CHK_EMPYS;YS_EMP_PKGIAS201556GET_EMP_FLDYS;YS_EMP_PKGIAS201556GET_EMP_SLRY_CALC;YS_EMP_PKGIAS201556GET_EMP_WRK_HOURY;YS_GEN_PKG;YS_GEN_PKGIAS201556CHK_ACTV_SYSTEMYS;YS_GEN_PKGIAS201556GET_CNTYS;YS_GEN_PKGIAS201556GET_CURDATEYS;YS_GEN_PKGIAS201556GET_DELETE_DOC_PERIOD;YS_GEN_PKGIAS201556GET_MSGYS;YS_GEN_PKGIAS201556GET_SYSDATEYS;YS_GEN_PKGIAS201556GET_UPDATE_DOC_PERIOD;YS_GEN_PKGIAS201556GET_USR_FLD_PRVYS;YS_SRL_SCR_PKG;YS_SRL_SCR_PKGIAS201556GET_SYS_SQYS_,CREATE/SAVE;UPDATE;DELETE/VOID;POST;PRINT,FMX_STRING_EVIDENCE,oracle_forms/deep_catalog/form_field_trigger_catalog.jsonl
HRSVLNR001.fmx,HR,ONEX_HR_WINDOW_API,27,2,258,543,IAS_CHECK_SYS_PKG;IAS_CHECK_SYS_PKGIAS20142CHECK_BT_DATEIA;IAS_CHECK_SYS_PKGIAS20142CHECK_BT_VALUEI;IAS_GEN_PKG;IAS_GEN_PKGIAS20142GET_PROMPTIAS;IAS_GET_ENC_PASS_FNC;IAS_GET_ENC_PASS_FNCIAS20142IAS_GET_ENC_PASS_FNC;IAS_USR_PKG;IAS_USR_PKGIAS20142GET_USR_NMIAS;YS_EMP_PKG;YS_EMP_PKGIAS20142GET_EMP_NM;YS_EMP_PKGIAS20142GET_HRCHY_NMYS;YS_GEN_PKG;YS_GEN_PKGIAS20142GET_EXTRA_PRMTRSYS,PRINT,FMX_STRING_EVIDENCE,oracle_forms/deep_catalog/form_field_trigger_catalog.jsonl
HRSVLNR002.fmx,HR,ONEX_HR_WINDOW_API,24,2,143,465,IAS_CHECK_SYS_PKG;IAS_CHECK_SYS_PKGIAS20142CHECK_BT_VALUEI;IAS_GET_ENC_PASS_FNC;IAS_GET_ENC_PASS_FNCIAS20142IAS_GET_ENC_PASS_FNC;IAS_USR_PKG;IAS_USR_PKGIAS20142GET_USR_NMIAS;YS_EMP_PKG;YS_EMP_PKGIAS20142GET_EMP_NM;YS_EMP_PKGIAS20142GET_HRCHY_NMYS;YS_GEN_PKG;YS_GEN_PKGIAS20142GET_PROMPT,PRINT,FMX_STRING_EVIDENCE,oracle_forms/deep_catalog/form_field_trigger_catalog.jsonl
HRSVLNS001.fmx,HR,ONEX_HR_WINDOW_API,35,8,295,584,IAS_GET_ENC_PASS_FNC;IAS_GET_ENC_PASS_FNCIAS20142IAS_GET_ENC_PASS_FNC;IAS_USR_PKG;IAS_USR_PKGIAS20142CHK_USR_FRM_PRVIA;IAS_USR_PKGIAS20142GET_USR_APPRV;IAS_USR_PKGIAS20142GET_USR_NMIAS;YS_GEN_PKG;YS_GEN_PKGIAS20142CHK_LOCK_RCRDY;YS_GEN_PKGIAS20142GET_CNTYS_;YS_GEN_PKGIAS20142GET_USR_FLD_PRVYS_;YS_SRL_SCR_PKG;YS_SRL_SCR_PKGIAS20142GET_SYS_SQ,CREATE/SAVE;UPDATE;DELETE/VOID;POST;PRINT,FMX_STRING_EVIDENCE,oracle_forms/deep_catalog/form_field_trigger_catalog.jsonl
HRSVLNS002.fmx,HR,ONEX_HR_WINDOW_API,37,8,356,618,IAS_GET_ENC_PASS_FNC;IAS_GET_ENC_PASS_FNCIAS20142IAS_GET_ENC_PASS_FNC;IAS_USR_PKG;IAS_USR_PKGIAS20142CHK_USR_FRM_PRVIA;IAS_USR_PKGIAS20142GET_USR_APPRV;IAS_USR_PKGIAS20142GET_USR_NMIAS;YS_GEN_PKG;YS_GEN_PKGIAS20142CHK_LOCK_RCRDY;YS_GEN_PKGIAS20142GET_CNTYS_;YS_GEN_PKGIAS20142GET_USR_FLD_PRVYS_;YS_SRL_SCR_PKG;YS_SRL_SCR_PKGIAS20142GET_SYS_SQ,CREATE/SAVE;UPDATE;DELETE/VOID;POST;PRINT,FMX_STRING_EVIDENCE,oracle_forms/deep_catalog/form_field_trigger_catalog.jsonl
HRSVLNS003.fmx,HR,ONEX_HR_WINDOW_API,42,8,326,665,IAS_GET_ENC_PASS_FNC;IAS_GET_ENC_PASS_FNCIAS20142IAS_GET_ENC_PASS_FNC;IAS_USR_PKG;IAS_USR_PKGIAS20142CHK_USR_FRM_PRVIA;IAS_USR_PKGIAS20142GET_USR_APPRV;IAS_USR_PKGIAS20142GET_USR_NMIAS;YS_GEN_PKG;YS_GEN_PKGIAS20142CHK_LOCK_RCRDY;YS_GEN_PKGIAS20142GET_CNTYS_;YS_GEN_PKGIAS20142GET_CURDATEYS_;YS_GEN_PKGIAS20142GET_USR_FLD_PRVYS_;YS_SRL_SCR_PKG;YS_SRL_SCR_PKGIAS20142GET_SYS_SQ,CREATE/SAVE;UPDATE;DELETE/VOID;POST;PRINT,FMX_STRING_EVIDENCE,oracle_forms/deep_catalog/form_field_trigger_catalog.jsonl
HRSVLNT001.fmx,HR,ONEX_HR_WINDOW_API,80,8,536,861,IAS_GEN_PKG;IAS_GEN_PKGIAS20142GET_MSGIA;IAS_GEN_PKGIAS20142GET_PROMPTIAS;IAS_GET_ENC_PASS_FNC;IAS_GET_ENC_PASS_FNCIAS20142IAS_GET_ENC_PASS_FNC;IAS_USR_PKG;IAS_USR_PKGIAS20142CHK_USR_FRM_PRVIA;IAS_USR_PKGIAS20142GET_USR_APPRV;IAS_USR_PKGIAS20142GET_USR_NMIAS;YS_EMP_PKG;YS_EMP_PKGIAS20142CHK_EMPYS_;YS_EMP_PKGIAS20142GET_CODE_NMYS_;YS_EMP_PKGIAS20142GET_EMP_FLDYS_;YS_EMP_PKGIAS20142GET_EMP_FLD_VALYS_;YS_EMP_PKGIAS20142GET_EMP_NM;YS_GEN_PKG;YS_GEN_PKGIAS20142CHK_LOCK_RCRDY;YS_GEN_PKGIAS20142GET_CNTYS_;YS_GEN_PKGIAS20142GET_DELETE_DOC_PERIODY;YS_GEN_PKGIAS20142GET_EXTRA_PRMTRSYS;YS_GEN_PKGIAS20142GET_LOCAL_CURY;YS_GEN_PKGIAS20142GET_SYSDATEYS_;YS_GEN_PKGIAS20142GET_UPDATE_DOC_PERIODY;YS_GEN_PKGIAS20142GET_USR_FLD_PRVYS_;YS_SRL_SCR_PKG;YS_SRL_SCR_PKGIAS20142GET_SYS_SQ,CREATE/SAVE;UPDATE;DELETE/VOID;POST;PRINT,FMX_STRING_EVIDENCE,oracle_forms/deep_catalog/form_field_trigger_catalog.jsonl
HRSVLNT002.fmx,HR,ONEX_HR_WINDOW_API,63,8,432,746,IAS_GEN_PKG;IAS_GEN_PKGIAS20142GET_MSGIA;IAS_GEN_PKGIAS20142GET_PROMPTIAS;IAS_GET_ENC_PASS_FNC;IAS_GET_ENC_PASS_FNCIAS20142IAS_GET_ENC_PASS_FNC;IAS_PRMTR_PKG;IAS_PRMTR_PKGIAS20142GETPVAL;IAS_USR_PKG;IAS_USR_PKGIAS20142CHK_USR_FRM_PRVIA;IAS_USR_PKGIAS20142GET_USR_APPRV;IAS_USR_PKGIAS20142GET_USR_NMIAS;YS_EMP_PKG;YS_EMP_PKGIAS20142CHK_EMPYS_;YS_EMP_PKGIAS20142GET_CODE_NMYS_;YS_EMP_PKGIAS20142GET_EMP_FLDYS_;YS_EMP_PKGIAS20142GET_EMP_FLD_VALYS_;YS_GEN_PKG;YS_GEN_PKGIAS20142CHK_LOCK_RCRDY;YS_GEN_PKGIAS20142GET_FLG_NM;YS_GEN_PKGIAS20142GET_LOCAL_CURY;YS_GEN_PKGIAS20142GET_SYSDATEYS_;YS_GEN_PKGIAS20142GET_USR_FLD_PRVYS_;YS_SRL_SCR_PKG;YS_SRL_SCR_PKGIAS20142GET_SYS_SQ,CREATE/SAVE;UPDATE;DELETE/VOID;POST;PRINT,FMX_STRING_EVIDENCE,oracle_forms/deep_catalog/form_field_trigger_catalog.jsonl
HRSVSAR001.fmx,HR,ONEX_HR_WINDOW_API,20,2,212,593,IAS_GET_ENC_PASS_FNC;IAS_GET_ENC_PASS_FNCIAS20142IAS_GET_ENC_PASS_FNC;IAS_USR_PKG;IAS_USR_PKGIAS20142GET_USR_NMIAS;YS_EMP_PKG;YS_EMP_PKGIAS20142GET_CODE_NMYS_;YS_GEN_PKG;YS_GEN_PKGIAS20142GET_PROMPT;YS_LOV_SLCT_PKG;YS_LOV_SLCT_PKGIAS20142DESLCT_DATAYS;YS_LOV_SLCT_PKGIAS20142FETCH_SLCT_DATAYS;YS_LOV_SLCT_PKGIAS20142SLCT_DATA,PRINT,FMX_STRING_EVIDENCE,oracle_forms/deep_catalog/form_field_trigger_catalog.jsonl
HRSVSAR002.fmx,HR,ONEX_HR_WINDOW_API,22,2,206,517,IAS_CHECK_SYS_PKG;IAS_CHECK_SYS_PKGIAS20142CHECK_BT_VALUEI;IAS_GET_ENC_PASS_FNC;IAS_GET_ENC_PASS_FNCIAS20142IAS_GET_ENC_PASS_FNC;IAS_USR_PKG;IAS_USR_PKGIAS20142GET_USR_NMIAS;YS_EMP_PKG;YS_EMP_PKGIAS20142GET_CODE_NMYS_;YS_GEN_PKG;YS_GEN_PKGIAS20142GET_PROMPT,PRINT,FMX_STRING_EVIDENCE,oracle_forms/deep_catalog/form_field_trigger_catalog.jsonl
HRSVSAS001.fmx,HR,ONEX_HR_WINDOW_API,39,8,300,653,IAS_GET_ENC_PASS_FNC;IAS_GET_ENC_PASS_FNCIAS20142IAS_GET_ENC_PASS_FNC;IAS_USR_PKG;IAS_USR_PKGIAS20142CHK_USR_FRM_PRVIA;IAS_USR_PKGIAS20142GET_USR_APPRV;IAS_USR_PKGIAS20142GET_USR_NMIAS;YS_GEN_PKG;YS_GEN_PKGIAS20142CHK_LOCK_RCRDY;YS_GEN_PKGIAS20142GET_CNTYS_;YS_GEN_PKGIAS20142GET_USR_FLD_PRVYS_;YS_LOV_SLCT_PKG;YS_LOV_SLCT_PKGIAS20142DESLCT_DATAYS;YS_LOV_SLCT_PKGIAS20142FETCH_SLCT_DATAYS;YS_LOV_SLCT_PKGIAS20142SLCT_DATA;YS_SRL_SCR_PKG;YS_SRL_SCR_PKGIAS20142GET_SYS_SQ,CREATE/SAVE;UPDATE;DELETE/VOID;POST;PRINT,FMX_STRING_EVIDENCE,oracle_forms/deep_catalog/form_field_trigger_catalog.jsonl
HRSVSAS002.fmx,HR,ONEX_HR_WINDOW_API,41,8,243,662,IAS_GET_ENC_PASS_FNC;IAS_GET_ENC_PASS_FNCIAS20142IAS_GET_ENC_PASS_FNC;IAS_USR_PKG;IAS_USR_PKGIAS20142CHK_USR_FRM_PRVIA;IAS_USR_PKGIAS20142GET_USR_APPRV;IAS_USR_PKGIAS20142GET_USR_NMIAS;YS_EMP_PKG;YS_EMP_PKGIAS20142GET_CODE_NMYS_;YS_GEN_PKG;YS_GEN_PKGIAS20142CHK_LOCK_RCRDY;YS_GEN_PKGIAS20142GET_CNTYS_;YS_GEN_PKGIAS20142GET_USR_FLD_PRVYS_;YS_LOV_SLCT_PKG;YS_LOV_SLCT_PKGIAS20142DESLCT_DATAYS;YS_LOV_SLCT_PKGIAS20142FETCH_SLCT_DATAYS;YS_LOV_SLCT_PKGIAS20142SLCT_DATA;YS_SRL_SCR_PKG;YS_SRL_SCR_PKGIAS20142GET_SYS_SQ,CREATE/SAVE;UPDATE;DELETE/VOID;POST;PRINT,FMX_STRING_EVIDENCE,oracle_forms/deep_catalog/form_field_trigger_catalog.jsonl
HRSVSAT001.fmx,HR,ONEX_HR_WINDOW_API,48,8,449,750,IAS_GET_DOC_DEL_FNC;IAS_GET_ENC_PASS_FNC;IAS_GET_ENC_PASS_FNCIAS20142IAS_GET_ENC_PASS_FNC;IAS_USR_PKG;IAS_USR_PKGIAS20142CHK_USR_FRM_PRVIA;IAS_USR_PKGIAS20142GET_USR_APPRV;IAS_USR_PKGIAS20142GET_USR_NMIAS;YS_APPRVD_PKG;YS_APPRVD_PKGIAS20142INSRT_APPRVD_LVLYS_;YS_EMP_PKG;YS_EMP_PKGIAS20142GET_CODE_NMYS_;YS_GEN_PKG;YS_GEN_PKGIAS20142GET_CNTYS_;YS_GEN_PKGIAS20142GET_DELETE_DOC_PERIODY;YS_GEN_PKGIAS20142GET_SYSDATEYS_;YS_GEN_PKGIAS20142GET_USR_FLD_PRVYS_;YS_LOV_SLCT_PKG;YS_LOV_SLCT_PKGIAS20142DESLCT_DATAYS;YS_LOV_SLCT_PKGIAS20142FETCH_SLCT_DATAYS;YS_LOV_SLCT_PKGIAS20142SLCT_DATA;YS_SRL_SCR_PKG;YS_SRL_SCR_PKGIAS20142GET_SYS_SQ,CREATE/SAVE;UPDATE;DELETE/VOID;POST;PRINT,FMX_STRING_EVIDENCE,oracle_forms/deep_catalog/form_field_trigger_catalog.jsonl
HRSVSAT002.fmx,HR,ONEX_HR_WINDOW_API,59,8,427,810,IAS_AUD_SYS_PKG;IAS_AUD_SYS_PKGIAS20142ADD_DOC_DELIA;IAS_GEN_PKG;IAS_GEN_PKGIAS20142GET_CURDATEIA;IAS_GET_DOC_DEL_FNC;IAS_GET_ENC_PASS_FNC;IAS_GET_ENC_PASS_FNCIAS20142IAS_GET_ENC_PASS_FNC;IAS_USR_PKG;IAS_USR_PKGIAS20142CHK_USR_FRM_PRVIA;IAS_USR_PKGIAS20142GET_USR_APPRV;IAS_USR_PKGIAS20142GET_USR_NMIAS;YS_APPRVD_PKG;YS_APPRVD_PKGIAS20142INSRT_APPRVD_LVLYS_;YS_EMP_PKG;YS_EMP_PKGIAS20142GET_CODE_NMYS_;YS_GEN_PKG;YS_GEN_PKGIAS20142GET_CNTYS_;YS_GEN_PKGIAS20142GET_DELETE_DOC_PERIODY;YS_GEN_PKGIAS20142GET_SYSDATEYS_;YS_GEN_PKGIAS20142GET_USR_FLD_PRVYS_;YS_LOV_SLCT_PKG;YS_LOV_SLCT_PKGIAS20142DESLCT_DATAYS;YS_LOV_SLCT_PKGIAS20142FETCH_SLCT_DATAYS;YS_LOV_SLCT_PKGIAS20142SLCT_DATA;YS_SRL_SCR_PKG;YS_SRL_SCR_PKGIAS20142GET_SYS_SQ,CREATE/SAVE;UPDATE;DELETE/VOID;POST;PRINT,FMX_STRING_EVIDENCE,oracle_forms/deep_catalog/form_field_trigger_catalog.jsonl
HRSVSAT003.fmx,HR,ONEX_HR_WINDOW_API,52,8,474,821,IAS_GET_DOC_DEL_FNC;IAS_GET_ENC_PASS_FNC;IAS_GET_ENC_PASS_FNCIAS20142IAS_GET_ENC_PASS_FNC;IAS_USR_PKG;IAS_USR_PKGIAS20142CHK_USR_FRM_PRVIA;IAS_USR_PKGIAS20142GET_USR_APPRV;IAS_USR_PKGIAS20142GET_USR_NMIAS;YS_APPRVD_PKG;YS_APPRVD_PKGIAS20142INSRT_APPRVD_LVLYS_;YS_EMP_PKG;YS_EMP_PKGIAS20142GET_CODE_NMYS_;YS_GEN_PKG;YS_GEN_PKGIAS20142GET_DELETE_DOC_PERIODY;YS_GEN_PKGIAS20142GET_SYSDATEYS_;YS_GEN_PKGIAS20142GET_USR_FLD_PRVYS_;YS_LOV_SLCT_PKG;YS_LOV_SLCT_PKGIAS20142DESLCT_DATAYS;YS_LOV_SLCT_PKGIAS20142FETCH_SLCT_DATAYS;YS_LOV_SLCT_PKGIAS20142SLCT_DATA;YS_SRL_SCR_PKG;YS_SRL_SCR_PKGIAS20142GET_SYS_SQ,CREATE/SAVE;UPDATE;DELETE/VOID;POST;PRINT,FMX_STRING_EVIDENCE,oracle_forms/deep_catalog/form_field_trigger_catalog.jsonl
HRS_IMPXLS_LOAN.fmx,HR,ONEX_HR_WINDOW_API,38,8,259,466,IAS_DBS_SYS_PKG;IAS_GET_ENC_PASS_FNC;IAS_GET_ENC_PASS_FNCIAS20142IAS_GET_ENC_PASS_FNC;IAS_USR_PKG;IAS_USR_PKGIAS20142CHK_USR_FRM_PRVIA;IAS_USR_PKGIAS20142GET_USR_APPRV;IAS_USR_PKGIAS20142GET_USR_NMIAS;YS_GEN_PKG;YS_GEN_PKGIAS20142CHK_LOCK_RCRDY;YS_GEN_PKGIAS20142GET_MSGYS_;YS_GEN_PKGIAS20142GET_USR_FLD_PRVYS_;YS_SCR_PKG;YS_SCR_PKGIAS20142GET_SCR_NM;YS_SRL_SCR_PKG;YS_SRL_SCR_PKGIAS20142GET_SYS_SQ,CREATE/SAVE;UPDATE;DELETE/VOID;POST;PRINT,FMX_STRING_EVIDENCE,oracle_forms/deep_catalog/form_field_trigger_catalog.jsonl
HRS_RPRT_EMP.fmx,HR,ONEX_HR_WINDOW_API,35,8,560,1012,IAS_GEN_PKG;IAS_GET_ENC_PASS_FNC;IAS_GET_ENC_PASS_FNCIAS20142IAS_GET_ENC_PASS_FNC;IAS_USR_PKG;IAS_USR_PKGIAS20142CHK_USR_FRM_PRVIA;IAS_USR_PKGIAS20142GET_USR_APPRV;IAS_USR_PKGIAS20142GET_USR_NMIAS;YS_EMP_PKG;YS_EMP_PKGIAS20142GET_EMP_NM;YS_GEN_PKG;YS_GEN_PKGIAS20142GET_USR_FLD_PRVYS_;YS_SRL_SCR_PKG;YS_SRL_SCR_PKGIAS20142GET_SYS_SQ,CREATE/SAVE;UPDATE;DELETE/VOID;POST;PRINT,FMX_STRING_EVIDENCE,oracle_forms/deep_catalog/form_field_trigger_catalog.jsonl
IASAPT004.fmx,ADMIN,ONEX_ADMIN_WINDOW_API,64,2,1174,1336,IAS_AP_DOC_SERIAL_PKG;IAS_AP_DOC_SERIAL_PKGIAS201310GRN_SERIAL;IAS_ATTACH_ITM_PKG;IAS_ATTACH_ITM_PKGIAS201310GET_ATTACH_ICODE_AVLQTYIA;IAS_ATTACH_ITM_PKGIAS201310GET_ATTACH_ICODE_OUTI;IAS_ATTACH_ITM_PKGIAS201310GET_ATTACH_NAMEIA;IAS_AUDIT_OTHR_PKG;IAS_AUDIT_OTHR_PKGIAS201310AUDIT_OTHR_PRCIAS;IAS_AUD_SYS_PKG;IAS_AUD_SYS_PKGIAS201310ADD_DOC_DELI;IAS_CC_CODE_PKG;IAS_CC_CODE_PKGIAS201310GET_CC_SERIA;IAS_CHECK_DBS_PKG;IAS_CHECK_DBS_PKGIAS201310CHECK_ITM_WCODEIAS;IAS_CHK_BRN_UP_DEL_FNC;IAS_CST_PKG;IAS_CST_PKGIAS201310GET_ACODEIAS;IAS_GEN_PKG;IAS_GEN_PKGIAS201310GET_CNTI;IAS_GEN_PKGIAS201310GET_CURDATEI;IAS_GEN_PKGIAS201310GET_DELETE_DOC_PERIODIAS;IAS_GEN_PKGIAS201310GET_FLD_VALUEIAS;IAS_GEN_PKGIAS201310GET_LEV_PRVI;IAS_GEN_PKGIAS201310GET_MSGI;IAS_GEN_PKGIAS201310GET_PROMPTIA;IAS_GEN_PKGIAS201310GET_SYSDATEI;IAS_GEN_PKGIAS201310GET_UPDATE_DOC_PERIODIAS;IAS_GEN_PKGIAS201310GET_USR_NMIA;IAS_GET_DOC_DEL_FNC;IAS_ITM_PKG;IAS_ITM_PKGIAS201310GET_GRAND_PARENT;IAS_ITM_PKGIAS201310GET_GRAND_SIZEIA;IAS_ITM_PKGIAS201310GET_I_CODEIA;IAS_USR_PKG;IAS_USR_PKGIAS201310CHK_USR_FRM_PRVI;IAS_USR_PKGIAS201310GET_USR_DEF_REPI;IAS_VNDR_PKG;IAS_VNDR_PKGIAS201310GET_ACODEIA;IAS_WCODE_PKG;IAS_WCODE_PKGIAS201310GET_WC_BRN,CREATE/SAVE;UPDATE;DELETE/VOID;PRINT,FMX_STRING_EVIDENCE,oracle_forms/deep_catalog/form_field_trigger_catalog.jsonl
IBSI001.fmx,ADMIN,ONEX_ADMIN_WINDOW_API,36,8,242,685,IAS_GEN_PKG;IAS_GEN_PKGIAS20142GET_PROMPTIAS;IAS_GET_ENC_PASS_FNC;IAS_GET_ENC_PASS_FNCIAS20142IAS_GET_ENC_PASS_FNC;IAS_USR_PKG;IAS_USR_PKGIAS20142CHK_USR_FRM_PRVIA;IAS_USR_PKGIAS20142GET_USR_APPRV;IAS_USR_PKGIAS20142GET_USR_NMIAS;YS_GEN_PKG;YS_GEN_PKGIAS20142CHK_LOCK_RCRDY;YS_GEN_PKGIAS20142GET_USR_FLD_PRVYS_;YS_SRL_SCR_PKG;YS_SRL_SCR_PKGIAS20142GET_SYS_SQ,CREATE/SAVE;UPDATE;DELETE/VOID;POST;PRINT,FMX_STRING_EVIDENCE,oracle_forms/deep_catalog/form_field_trigger_catalog.jsonl
IBSI002.fmx,ADMIN,ONEX_ADMIN_WINDOW_API,36,8,250,466,IAS_GEN_PKG;IAS_GEN_PKGIAS20142GET_PROMPTIAS;IAS_GET_ENC_PASS_FNC;IAS_GET_ENC_PASS_FNCIAS20142IAS_GET_ENC_PASS_FNC;IAS_USR_PKG;IAS_USR_PKGIAS20142CHK_USR_FRM_PRVIA;IAS_USR_PKGIAS20142GET_USR_APPRV;IAS_USR_PKGIAS20142GET_USR_NMIAS;YS_GEN_PKG;YS_GEN_PKGIAS20142CHK_LOCK_RCRDY;YS_GEN_PKGIAS20142GET_USR_FLD_PRVYS_;YS_SRL_SCR_PKG;YS_SRL_SCR_PKGIAS20142GET_SYS_SQ,CREATE/SAVE;UPDATE;DELETE/VOID;POST;PRINT,FMX_STRING_EVIDENCE,oracle_forms/deep_catalog/form_field_trigger_catalog.jsonl
IBSI003.fmx,ADMIN,ONEX_ADMIN_WINDOW_API,37,8,250,600,IAS_GEN_PKG;IAS_GEN_PKGIAS20142GET_FLG_NMIAS;IAS_GET_ENC_PASS_FNC;IAS_GET_ENC_PASS_FNCIAS20142IAS_GET_ENC_PASS_FNC;IAS_USR_PKG;IAS_USR_PKGIAS20142CHK_USR_FRM_PRVIA;IAS_USR_PKGIAS20142GET_USR_APPRV;IAS_USR_PKGIAS20142GET_USR_NMIAS;YS_GEN_PKG;YS_GEN_PKGIAS20142CHK_LOCK_RCRDY;YS_GEN_PKGIAS20142GET_SYSDATEYS_;YS_GEN_PKGIAS20142GET_USR_FLD_PRVYS_;YS_SRL_SCR_PKG;YS_SRL_SCR_PKGIAS20142GET_SYS_SQ,CREATE/SAVE;UPDATE;DELETE/VOID;POST;PRINT,FMX_STRING_EVIDENCE,oracle_forms/deep_catalog/form_field_trigger_catalog.jsonl
IBSR001.fmx,ADMIN,ONEX_ADMIN_WINDOW_API,14,2,149,504,IAS_GET_ENC_PASS_FNC;IAS_GET_ENC_PASS_FNCIAS20142IAS_GET_ENC_PASS_FNC;IAS_USR_PKG;IAS_USR_PKGIAS20142GET_USR_NMIAS;YS_GEN_PKG;YS_GEN_PKGIAS20142GET_PROMPT,PRINT,FMX_STRING_EVIDENCE,oracle_forms/deep_catalog/form_field_trigger_catalog.jsonl
IBSR002.fmx,ADMIN,ONEX_ADMIN_WINDOW_API,14,2,150,508,IAS_GET_ENC_PASS_FNC;IAS_GET_ENC_PASS_FNCIAS20142IAS_GET_ENC_PASS_FNC;IAS_USR_PKG;IAS_USR_PKGIAS20142GET_USR_NMIAS;YS_GEN_PKG;YS_GEN_PKGIAS20142GET_PROMPT,PRINT,FMX_STRING_EVIDENCE,oracle_forms/deep_catalog/form_field_trigger_catalog.jsonl
IBSR003.fmx,ADMIN,ONEX_ADMIN_WINDOW_API,14,2,152,508,IAS_GET_ENC_PASS_FNC;IAS_GET_ENC_PASS_FNCIAS20142IAS_GET_ENC_PASS_FNC;IAS_USR_PKG;IAS_USR_PKGIAS20142GET_USR_NMIAS;YS_GEN_PKG;YS_GEN_PKGIAS20142GET_PROMPT,PRINT,FMX_STRING_EVIDENCE,oracle_forms/deep_catalog/form_field_trigger_catalog.jsonl
IBSR004.fmx,ADMIN,ONEX_ADMIN_WINDOW_API,14,2,151,507,IAS_GET_ENC_PASS_FNC;IAS_GET_ENC_PASS_FNCIAS20142IAS_GET_ENC_PASS_FNC;IAS_USR_PKG;IAS_USR_PKGIAS20142GET_USR_NMIAS;YS_GEN_PKG;YS_GEN_PKGIAS20142GET_PROMPT,PRINT,FMX_STRING_EVIDENCE,oracle_forms/deep_catalog/form_field_trigger_catalog.jsonl
IBSR005.fmx,ADMIN,ONEX_ADMIN_WINDOW_API,14,2,153,508,IAS_GET_ENC_PASS_FNC;IAS_GET_ENC_PASS_FNCIAS20142IAS_GET_ENC_PASS_FNC;IAS_USR_PKG;IAS_USR_PKGIAS20142GET_USR_NMIAS;YS_GEN_PKG;YS_GEN_PKGIAS20142GET_PROMPT,PRINT,FMX_STRING_EVIDENCE,oracle_forms/deep_catalog/form_field_trigger_catalog.jsonl
IBSR006.fmx,ADMIN,ONEX_ADMIN_WINDOW_API,14,2,153,508,IAS_GET_ENC_PASS_FNC;IAS_GET_ENC_PASS_FNCIAS20142IAS_GET_ENC_PASS_FNC;IAS_USR_PKG;IAS_USR_PKGIAS20142GET_USR_NMIAS;YS_GEN_PKG;YS_GEN_PKGIAS20142GET_PROMPT,PRINT,FMX_STRING_EVIDENCE,oracle_forms/deep_catalog/form_field_trigger_catalog.jsonl
IBSR007.fmx,ADMIN,ONEX_ADMIN_WINDOW_API,14,2,152,508,IAS_GET_ENC_PASS_FNC;IAS_GET_ENC_PASS_FNCIAS20142IAS_GET_ENC_PASS_FNC;IAS_USR_PKG;IAS_USR_PKGIAS20142GET_USR_NMIAS;YS_GEN_PKG;YS_GEN_PKGIAS20142GET_PROMPT,PRINT,FMX_STRING_EVIDENCE,oracle_forms/deep_catalog/form_field_trigger_catalog.jsonl
IBSR008.fmx,ADMIN,ONEX_ADMIN_WINDOW_API,14,2,151,507,IAS_GET_ENC_PASS_FNC;IAS_GET_ENC_PASS_FNCIAS20142IAS_GET_ENC_PASS_FNC;IAS_USR_PKG;IAS_USR_PKGIAS20142GET_USR_NMIAS;YS_GEN_PKG;YS_GEN_PKGIAS20142GET_PROMPT,PRINT,FMX_STRING_EVIDENCE,oracle_forms/deep_catalog/form_field_trigger_catalog.jsonl
IBSR009.fmx,ADMIN,ONEX_ADMIN_WINDOW_API,14,2,166,507,IAS_GET_ENC_PASS_FNC;IAS_GET_ENC_PASS_FNCIAS20142IAS_GET_ENC_PASS_FNC;IAS_USR_PKG;IAS_USR_PKGIAS20142GET_USR_NMIAS;YS_GEN_PKG;YS_GEN_PKGIAS20142GET_PROMPT,PRINT,FMX_STRING_EVIDENCE,oracle_forms/deep_catalog/form_field_trigger_catalog.jsonl
IBSS001.fmx,ADMIN,ONEX_ADMIN_WINDOW_API,36,8,261,530,IAS_GEN_PKG;IAS_GEN_PKGIAS20142GET_PROMPTIAS;IAS_GET_ENC_PASS_FNC;IAS_GET_ENC_PASS_FNCIAS20142IAS_GET_ENC_PASS_FNC;IAS_USR_PKG;IAS_USR_PKGIAS20142CHK_USR_FRM_PRVIA;IAS_USR_PKGIAS20142GET_USR_APPRV;IAS_USR_PKGIAS20142GET_USR_NMIAS;YS_GEN_PKG;YS_GEN_PKGIAS20142CHK_LOCK_RCRDY;YS_GEN_PKGIAS20142GET_USR_FLD_PRVYS_;YS_SRL_SCR_PKG;YS_SRL_SCR_PKGIAS20142GET_SYS_SQ,CREATE/SAVE;UPDATE;DELETE/VOID;POST;PRINT,FMX_STRING_EVIDENCE,oracle_forms/deep_catalog/form_field_trigger_catalog.jsonl
IBST001.fmx,ADMIN,ONEX_ADMIN_WINDOW_API,37,8,429,766,IAS_GEN_PKG;IAS_GEN_PKGIAS20142GET_LOCAL_CUR;IAS_GET_DOC_DEL_FNC;IAS_GET_ENC_PASS_FNC;IAS_GET_ENC_PASS_FNCIAS20142IAS_GET_ENC_PASS_FNC;IAS_USR_PKG;IAS_USR_PKGIAS20142CHK_USR_FRM_PRVIA;IAS_USR_PKGIAS20142GET_USR_APPRV;IAS_USR_PKGIAS20142GET_USR_NMIAS;YS_GEN_PKG;YS_GEN_PKGIAS20142CHK_LOCK_RCRDY;YS_GEN_PKGIAS20142GET_SYSDATEYS_;YS_GEN_PKGIAS20142GET_USR_FLD_PRVYS_;YS_SRL_SCR_PKG;YS_SRL_SCR_PKGIAS20142GET_SYS_SQ,CREATE/SAVE;UPDATE;DELETE/VOID;POST;PRINT,FMX_STRING_EVIDENCE,oracle_forms/deep_catalog/form_field_trigger_catalog.jsonl
IBS_INSTAL.fmx,ADMIN,ONEX_ADMIN_WINDOW_API,44,8,123,452,IAS_GET_ENC_PASS_FNC;IAS_GET_ENC_PASS_FNCIAS20142IAS_GET_ENC_PASS_FNC;IAS_USR_PKG;IAS_USR_PKGIAS20142CHK_USR_FRM_PRVIA;IAS_USR_PKGIAS20142GET_USR_APPRV;IAS_USR_PKGIAS20142GET_USR_NMIAS;YS_GEN_PKG;YS_GEN_PKGIAS20142CHK_LOCK_RCRDY;YS_GEN_PKGIAS20142GET_USR_FLD_PRVYS_,CREATE/SAVE;UPDATE;DELETE/VOID;POST;PRINT,FMX_STRING_EVIDENCE,oracle_forms/deep_catalog/form_field_trigger_catalog.jsonl
IMPOUT001.fmx,ADMIN,ONEX_ADMIN_WINDOW_API,3,1,542,710,,READ/REVIEW,FMX_STRING_EVIDENCE,oracle_forms/deep_catalog/form_field_trigger_catalog.jsonl
INVI001.fmx,INVENTORY,ONEX_INVENTORY_WINDOW_API,31,8,262,378,IAS_GEN_PKG;IAS_GEN_PKGIAS20142GET_CNTIA;IAS_GEN_PKGIAS20142GET_FLD_VALUE;IAS_GEN_PKGIAS20142GET_PROMPTIAS;IAS_GET_ENC_PASS_FNC;IAS_GET_ENC_PASS_FNCIAS20142IAS_GET_ENC_PASS_FNC;IAS_USR_PKG;IAS_USR_PKGIAS20142CHK_USR_FRM_PRVIA;IAS_USR_PKGIAS20142GET_USR_APPRV;IAS_USR_PKGIAS20142GET_USR_NMIAS;YS_GEN_PKG;YS_GEN_PKGIAS20142GET_USR_FLD_PRVYS_,CREATE/SAVE;UPDATE;DELETE/VOID;POST;PRINT,FMX_STRING_EVIDENCE,oracle_forms/deep_catalog/form_field_trigger_catalog.jsonl
INVI002.fmx,INVENTORY,ONEX_INVENTORY_WINDOW_API,32,8,394,445,IAS_GEN_PKG;IAS_GEN_PKGIAS20142GET_CNTIA;IAS_GEN_PKGIAS20142GET_FLD_VALUE;IAS_GEN_PKGIAS20142GET_PROMPTIAS;IAS_GET_ENC_PASS_FNC;IAS_GET_ENC_PASS_FNCIAS20142IAS_GET_ENC_PASS_FNC;IAS_USR_PKG;IAS_USR_PKGIAS20142CHK_USR_FRM_PRVIA;IAS_USR_PKGIAS20142GET_USR_APPRV;IAS_USR_PKGIAS20142GET_USR_NMIAS;YS_GEN_PKG;YS_GEN_PKGIAS20142GET_USR_FLD_PRVYS_,CREATE/SAVE;UPDATE;DELETE/VOID;POST;PRINT,FMX_STRING_EVIDENCE,oracle_forms/deep_catalog/form_field_trigger_catalog.jsonl
INVI003.fmx,INVENTORY,ONEX_INVENTORY_WINDOW_API,31,8,405,468,IAS_GEN_PKG;IAS_GEN_PKGIAS20142GET_FLD_VALUE;IAS_GEN_PKGIAS20142GET_PROMPTIAS;IAS_GET_ENC_PASS_FNC;IAS_GET_ENC_PASS_FNCIAS20142IAS_GET_ENC_PASS_FNC;IAS_USR_PKG;IAS_USR_PKGIAS20142CHK_USR_FRM_PRVIA;IAS_USR_PKGIAS20142GET_USR_APPRV;IAS_USR_PKGIAS20142GET_USR_NMIAS;YS_GEN_PKG;YS_GEN_PKGIAS20142GET_USR_FLD_PRVYS_,CREATE/SAVE;UPDATE;DELETE/VOID;POST;PRINT,FMX_STRING_EVIDENCE,oracle_forms/deep_catalog/form_field_trigger_catalog.jsonl
INVI004.fmx,INVENTORY,ONEX_INVENTORY_WINDOW_API,31,8,220,333,IAS_GEN_PKG;IAS_GEN_PKGIAS20142GET_FLD_VALUE;IAS_GEN_PKGIAS20142GET_PROMPTIAS;IAS_GET_ENC_PASS_FNC;IAS_GET_ENC_PASS_FNCIAS20142IAS_GET_ENC_PASS_FNC;IAS_USR_PKG;IAS_USR_PKGIAS20142CHK_USR_FRM_PRVIA;IAS_USR_PKGIAS20142GET_USR_APPRV;IAS_USR_PKGIAS20142GET_USR_NMIAS;YS_GEN_PKG;YS_GEN_PKGIAS20142GET_USR_FLD_PRVYS_,CREATE/SAVE;UPDATE;DELETE/VOID;POST;PRINT,FMX_STRING_EVIDENCE,oracle_forms/deep_catalog/form_field_trigger_catalog.jsonl
INVI005.fmx,INVENTORY,ONEX_INVENTORY_WINDOW_API,32,8,387,436,IAS_GEN_PKG;IAS_GEN_PKGIAS20142GET_CNTIA;IAS_GEN_PKGIAS20142GET_FLD_VALUE;IAS_GEN_PKGIAS20142GET_PROMPTIAS;IAS_GET_ENC_PASS_FNC;IAS_GET_ENC_PASS_FNCIAS20142IAS_GET_ENC_PASS_FNC;IAS_USR_PKG;IAS_USR_PKGIAS20142CHK_USR_FRM_PRVIA;IAS_USR_PKGIAS20142GET_USR_APPRV;IAS_USR_PKGIAS20142GET_USR_NMIAS;YS_GEN_PKG;YS_GEN_PKGIAS20142GET_USR_FLD_PRVYS_,CREATE/SAVE;UPDATE;DELETE/VOID;POST;PRINT,FMX_STRING_EVIDENCE,oracle_forms/deep_catalog/form_field_trigger_catalog.jsonl
INVI006.fmx,INVENTORY,ONEX_INVENTORY_WINDOW_API,36,8,402,531,IAS_ACODE_PKG;IAS_ACODE_PKGIAS20142GET_AC_TYPE;IAS_CSHBNK_PKG;IAS_CSHBNK_PKGIAS20142CHK_AC_CSH_BNK;IAS_GEN_PKG;IAS_GEN_PKGIAS20142GET_CNTIA;IAS_GEN_PKGIAS20142GET_FLD_VALUE;IAS_GEN_PKGIAS20142GET_PROMPTIAS;IAS_GET_ENC_PASS_FNC;IAS_GET_ENC_PASS_FNCIAS20142IAS_GET_ENC_PASS_FNC;IAS_USR_PKG;IAS_USR_PKGIAS20142CHK_USR_FRM_PRVIA;IAS_USR_PKGIAS20142GET_USR_APPRV;IAS_USR_PKGIAS20142GET_USR_NMIAS;YS_GEN_PKG;YS_GEN_PKGIAS20142GET_USR_FLD_PRVYS_,CREATE/SAVE;UPDATE;DELETE/VOID;POST;PRINT,FMX_STRING_EVIDENCE,oracle_forms/deep_catalog/form_field_trigger_catalog.jsonl
INVI007.fmx,INVENTORY,ONEX_INVENTORY_WINDOW_API,33,8,227,348,IAS_GEN_PKG;IAS_GEN_PKGIAS20142GET_FLD_VALUE;IAS_GEN_PKGIAS20142GET_PROMPTIAS;IAS_GET_ENC_PASS_FNC;IAS_GET_ENC_PASS_FNCIAS20142IAS_GET_ENC_PASS_FNC;IAS_USR_PKG;IAS_USR_PKGIAS20142CHK_USR_FRM_PRVIA;IAS_USR_PKGIAS20142GET_USR_APPRV;IAS_USR_PKGIAS20142GET_USR_NMIAS;YS_GEN_PKG;YS_GEN_PKGIAS20142GET_USR_FLD_PRVYS_;YS_SRL_SCR_PKG;YS_SRL_SCR_PKGIAS20142GET_SYS_SQ,CREATE/SAVE;UPDATE;DELETE/VOID;POST;PRINT,FMX_STRING_EVIDENCE,oracle_forms/deep_catalog/form_field_trigger_catalog.jsonl
INVI008.fmx,INVENTORY,ONEX_INVENTORY_WINDOW_API,70,10,1347,2015,IAS_BRN_PKG;IAS_BRN_PKGIAS20142GET_BR_NM;IAS_CST_PKG;IAS_CST_PKGIAS20142GET_C_NAMEIAS;IAS_DBS_SYS_PKG;IAS_DBS_SYS_PKGIAS20142CHECK_OBJECTI;IAS_GEN_PKG;IAS_GEN_PKGIAS20142GET_CNTIA;IAS_GEN_PKGIAS20142GET_CODE_NMIA;IAS_GEN_PKGIAS20142GET_CURDATEIA;IAS_GEN_PKGIAS20142GET_CUR_RATEI;IAS_GEN_PKGIAS20142GET_FINAL_DAY;IAS_GEN_PKGIAS20142GET_FLD_VALUE;IAS_GEN_PKGIAS20142GET_FRM_PRVIA;IAS_GEN_PKGIAS20142GET_FRST_DAYI;IAS_GEN_PKGIAS20142GET_LOCAL_CUR;IAS_GEN_PKGIAS20142GET_PROMPTIAS;IAS_GEN_PKGIAS20142GET_STK_CURIA;IAS_GET_ENC_PASS_FNC;IAS_GET_ENC_PASS_FNCIAS20142IAS_GET_ENC_PASS_FNC;IAS_INV_MNGMNT_PKG;IAS_INV_MNGMNT_PKGIAS20142GET_FIRST_DATE;IAS_ITM_PKG;IAS_ITM_PKGIAS20142CHK_ICODE_UNITIAS;IAS_ITM_PKGIAS20142GET_GRAND_WTAVGIA;IAS_ITM_PKGIAS20142GET_ICODE_MIN_UNITIAS;IAS_ITM_PKGIAS20142GET_ICODE_ONE_UNITIAS;IAS_ITM_PKGIAS20142GET_ICODE_SIZE_UNITIA;IAS_ITM_PKGIAS20142GET_ICODE_UNIT_BY_LVL;IAS_USR_PKG;IAS_USR_PKGIAS20142CHK_USR_BRN_PRVIA;IAS_USR_PKGIAS20142CHK_USR_FRM_PRVIA;IAS_USR_PKGIAS20142GET_USR_APPRV;IAS_USR_PKGIAS20142GET_USR_NMIAS;IAS_VNDR_PKG;IAS_VNDR_PKGIAS20142GET_ONE_ACY_VNDI;IAS_VNDR_PKGIAS20142GET_V_NAMEIA;IAS_WCODE_PKG;IAS_WCODE_PKGIAS20142GET_WC_NMIA;YS_GEN_PKG,CREATE/SAVE;UPDATE;DELETE/VOID;POST;PRINT,FMX_STRING_EVIDENCE,oracle_forms/deep_catalog/form_field_trigger_catalog.jsonl
INVI009.fmx,INVENTORY,ONEX_INVENTORY_WINDOW_API,38,8,389,483,IAS_GEN_PKG;IAS_GEN_PKGIAS20142GET_PROMPTIAS;IAS_GET_ENC_PASS_FNC;IAS_GET_ENC_PASS_FNCIAS20142IAS_GET_ENC_PASS_FNC;IAS_ITM_PKG;IAS_ITM_PKGIAS20142CHECK_SRV_ITM;IAS_ITM_PKGIAS20142CHK_ICODE_UNITIAS;IAS_ITM_PKGIAS20142GET_ICODE_SIZE_UNITIA;IAS_ITM_PKGIAS20142GET_ICODE_UNIT_BY_LVL;IAS_ITM_PKGIAS20142GET_ICODE_VNDRIAS;IAS_ITM_PKGIAS20142GET_I_CODEIAS;IAS_USR_PKG;IAS_USR_PKGIAS20142CHK_USR_FRM_PRVIA;IAS_USR_PKGIAS20142GET_USR_APPRV;IAS_USR_PKGIAS20142GET_USR_NMIAS;YS_GEN_PKG;YS_GEN_PKGIAS20142GET_CNTYS_;YS_GEN_PKGIAS20142GET_USR_FLD_PRVYS_,CREATE/SAVE;UPDATE;DELETE/VOID;POST;PRINT,FMX_STRING_EVIDENCE,oracle_forms/deep_catalog/form_field_trigger_catalog.jsonl
INVI010.fmx,INVENTORY,ONEX_INVENTORY_WINDOW_API,52,8,890,1024,IAS_GEN_PKG;IAS_GEN_PKGIAS20171GET_CNTIA;IAS_GEN_PKGIAS20171GET_CUR_RATEI;IAS_GEN_PKGIAS20171GET_FLD_VALUE;IAS_GEN_PKGIAS20171GET_LEV_PRVIA;IAS_GEN_PKGIAS20171GET_PROMPTIAS;IAS_GEN_PKGIAS20171GET_STK_CURIA;IAS_GEN_PKGIAS20171GET_USR_NMIAS;IAS_GET_ENC_PASS_FNC;IAS_GET_ENC_PASS_FNCIAS20171IAS_GET_ENC_PASS_FNC;IAS_ITM_PKG;IAS_ITM_PKGIAS20171CHECK_SRV_ITM;IAS_ITM_PKGIAS20171CHK_ICODE_UNITIAS;IAS_ITM_PKGIAS20171GET_GRAND_WTAVGIA;IAS_ITM_PKGIAS20171GET_ICODE_MIN_UNITIAS;IAS_ITM_PKGIAS20171GET_ICODE_ONE_UNITIAS;IAS_ITM_PKGIAS20171GET_ICODE_SIZE_UNITIA;IAS_ITM_PKGIAS20171GET_ICODE_UNIT_BY_LVL;IAS_ITM_PKGIAS20171GET_ICODE_VNDRIAS;IAS_ITM_PKGIAS20171GET_I_CODEIAS;IAS_USR_PKG;IAS_USR_PKGIAS20171CHK_USR_BRN_PRVIA;IAS_USR_PKGIAS20171CHK_USR_FRM_PRVIA;IAS_USR_PKGIAS20171GET_USR_APPRV;IAS_USR_PKGIAS20171GET_USR_NMIAS;IAS_VNDR_PKG;IAS_VNDR_PKGIAS20171GET_V_NAMEIA;YS_GEN_PKG;YS_GEN_PKGIAS20171GET_USR_FLD_PRVYS_,CREATE/SAVE;UPDATE;DELETE/VOID;POST;PRINT,FMX_STRING_EVIDENCE,oracle_forms/deep_catalog/form_field_trigger_catalog.jsonl
INVI011.fmx,INVENTORY,ONEX_INVENTORY_WINDOW_API,83,9,835,1140,IAS_ATTACH_ITM_PKG;IAS_ATTACH_ITM_PKGIAS20142GET_ATTACH_ICODE_AVLQTYIAS;IAS_ATTACH_ITM_PKGIAS20142GET_ATTACH_NAMEIAS;IAS_BRN_PKG;IAS_BRN_PKGIAS20142GET_BR_CMPIAS;IAS_CHECK_SYS_PKG;IAS_CHECK_SYS_PKGIAS20142CHECK_INV_CLOSE;IAS_GEN_PKG;IAS_GEN_PKGIAS20142GET_CNTIA;IAS_GEN_PKGIAS20142GET_CURDATEIA;IAS_GEN_PKGIAS20142GET_FLD_VALUE;IAS_GEN_PKGIAS20142GET_MSGIA;IAS_GEN_PKGIAS20142GET_PROMPTIAS;IAS_GET_ENC_PASS_FNC;IAS_GET_ENC_PASS_FNCIAS20142IAS_GET_ENC_PASS_FNC;IAS_ITM_INV_PKG;IAS_ITM_INV_PKGIAS20142INSRT_GR_DTLI;IAS_ITM_INV_PKGIAS20142INSRT_GR_MSTI;IAS_ITM_INV_PKGIAS20142INSRT_IAS_ITM_WCODEIA;IAS_ITM_INV_PKGIAS20142INSRT_ITEM_MOVEIA;IAS_ITM_PKG;IAS_ITM_PKGIAS20142CHECK_SRV_ITM;IAS_ITM_PKGIAS20142CHK_ICODE_UNITIAS;IAS_ITM_PKGIAS20142GET_GRAND_WTAVGIA;IAS_ITM_PKGIAS20142GET_ICODE_MIN_UNITIAS;IAS_ITM_PKGIAS20142GET_ICODE_ONE_UNITIAS;IAS_ITM_PKGIAS20142GET_ICODE_SALES_UNITI;IAS_ITM_PKGIAS20142GET_ICODE_SIZE_UNITIA;IAS_ITM_PKGIAS20142GET_ICODE_UNIT_BY_LVL;IAS_ITM_PKGIAS20142GET_ICODE_VNDRIAS;IAS_ITM_PKGIAS20142GET_ITM_ACTIVITYI;IAS_ITM_PKGIAS20142GET_ITM_ACTIVITY_WCODE_INFOIA;IAS_ITM_PKGIAS20142GET_I_CODEIAS;IAS_USR_PKG;IAS_USR_PKGIAS20142CHK_USR_FRM_PRVIA;IAS_USR_PKGIAS20142GET_USR_APPRV;IAS_USR_PKGIAS20142GET_USR_NMIAS;IAS_VNDR_PKG;IAS_VNDR_PKGIAS20142GET_VNDR_FOR_ITM;IAS_VNDR_PKGIAS20142GET_V_NAMEIA,CREATE/SAVE;UPDATE;DELETE/VOID;POST;PRINT,FMX_STRING_EVIDENCE,oracle_forms/deep_catalog/form_field_trigger_catalog.jsonl
INVI012.fmx,INVENTORY,ONEX_INVENTORY_WINDOW_API,31,8,227,410,IAS_GEN_PKG;IAS_GEN_PKGIAS20142GET_PROMPTIAS;IAS_GET_ENC_PASS_FNC;IAS_GET_ENC_PASS_FNCIAS20142IAS_GET_ENC_PASS_FNC;IAS_ITM_PKG;IAS_USR_PKG;IAS_USR_PKGIAS20142CHK_USR_FRM_PRVIA;IAS_USR_PKGIAS20142GET_USR_APPRV;IAS_USR_PKGIAS20142GET_USR_NMIAS;YS_GEN_PKG;YS_GEN_PKGIAS20142GET_USR_FLD_PRVYS_,CREATE/SAVE;UPDATE;DELETE/VOID;POST;PRINT,FMX_STRING_EVIDENCE,oracle_forms/deep_catalog/form_field_trigger_catalog.jsonl
INVI013.fmx,INVENTORY,ONEX_INVENTORY_WINDOW_API,33,8,369,511,IAS_GEN_PKG;IAS_GEN_PKGIAS20142GET_CNTIA;IAS_GEN_PKGIAS20142GET_PROMPTIAS;IAS_GET_ENC_PASS_FNC;IAS_GET_ENC_PASS_FNCIAS20142IAS_GET_ENC_PASS_FNC;IAS_USR_PKG;IAS_USR_PKGIAS20142CHK_USR_FRM_PRVIA;IAS_USR_PKGIAS20142GET_USR_APPRV;IAS_USR_PKGIAS20142GET_USR_NMIAS;YS_GEN_PKG;YS_GEN_PKGIAS20142GET_USR_FLD_PRVYS_;YS_SRL_SCR_PKG;YS_SRL_SCR_PKGIAS20142GET_SYS_SQ,CREATE/SAVE;UPDATE;DELETE/VOID;POST;PRINT,FMX_STRING_EVIDENCE,oracle_forms/deep_catalog/form_field_trigger_catalog.jsonl
INVI014.fmx,INVENTORY,ONEX_INVENTORY_WINDOW_API,37,8,332,556,IAS_AUD_SYS_PKG;IAS_AUD_SYS_PKGIAS20142SET_PARAI;IAS_GEN_PKG;IAS_GEN_PKGIAS20142GET_FLD_VALUE;IAS_GEN_PKGIAS20142GET_PROMPTIAS;IAS_GET_ENC_PASS_FNC;IAS_GET_ENC_PASS_FNCIAS20142IAS_GET_ENC_PASS_FNC;IAS_USR_PKG;IAS_USR_PKGIAS20142CHK_USR_FRM_PRVIA;IAS_USR_PKGIAS20142GET_USR_APPRV;IAS_USR_PKGIAS20142GET_USR_NMIAS;YS_GEN_PKG;YS_GEN_PKGIAS20142CHK_LOCK_RCRDY;YS_GEN_PKGIAS20142GET_USR_FLD_PRVYS_;YS_SRL_SCR_PKG;YS_SRL_SCR_PKGIAS20142GET_SYS_SQ,CREATE/SAVE;UPDATE;DELETE/VOID;POST;PRINT,FMX_STRING_EVIDENCE,oracle_forms/deep_catalog/form_field_trigger_catalog.jsonl
INVI015.fmx,INVENTORY,ONEX_INVENTORY_WINDOW_API,34,8,426,489,IAS_GEN_PKG;IAS_GEN_PKGIAS20142GET_CNTIA;IAS_GEN_PKGIAS20142GET_FLD_VALUE;IAS_GEN_PKGIAS20142GET_PROMPTIAS;IAS_GET_ENC_PASS_FNC;IAS_GET_ENC_PASS_FNCIAS20142IAS_GET_ENC_PASS_FNC;IAS_ITM_PKG;IAS_ITM_PKGIAS20142GET_I_CODEIAS;IAS_USR_PKG;IAS_USR_PKGIAS20142CHK_USR_FRM_PRVIA;IAS_USR_PKGIAS20142GET_USR_APPRV;IAS_USR_PKGIAS20142GET_USR_NMIAS;YS_GEN_PKG;YS_GEN_PKGIAS20142GET_USR_FLD_PRVYS_,CREATE/SAVE;UPDATE;DELETE/VOID;POST;PRINT,FMX_STRING_EVIDENCE,oracle_forms/deep_catalog/form_field_trigger_catalog.jsonl
INVI016.fmx,INVENTORY,ONEX_INVENTORY_WINDOW_API,33,8,441,504,IAS_GEN_PKG;IAS_GEN_PKGIAS20142GET_CNTIA;IAS_GEN_PKGIAS20142GET_FLD_VALUE;IAS_GET_ENC_PASS_FNC;IAS_GET_ENC_PASS_FNCIAS20142IAS_GET_ENC_PASS_FNC;IAS_USR_PKG;IAS_USR_PKGIAS20142CHK_USR_FRM_PRVIA;IAS_USR_PKGIAS20142GET_USR_APPRV;IAS_USR_PKGIAS20142GET_USR_NMIAS;YS_GEN_PKG;YS_GEN_PKGIAS20142GET_USR_FLD_PRVYS_,CREATE/SAVE;UPDATE;DELETE/VOID;POST;PRINT,FMX_STRING_EVIDENCE,oracle_forms/deep_catalog/form_field_trigger_catalog.jsonl
INVI018.fmx,INVENTORY,ONEX_INVENTORY_WINDOW_API,36,8,238,498,IAS_ACODE_PKG;IAS_ACODE_PKGIAS20142GET_A_NAMEI;IAS_CSHBNK_PKG;IAS_CSHBNK_PKGIAS20142CHK_AC_CSH_BNK;IAS_GEN_PKG;IAS_GEN_PKGIAS20142GET_CNTIA;IAS_GET_ENC_PASS_FNC;IAS_GET_ENC_PASS_FNCIAS20142IAS_GET_ENC_PASS_FNC;IAS_USR_PKG;IAS_USR_PKGIAS20142CHK_USR_FRM_PRVIA;IAS_USR_PKGIAS20142GET_USR_APPRV;IAS_USR_PKGIAS20142GET_USR_NMIAS;YS_GEN_PKG;YS_GEN_PKGIAS20142GET_USR_FLD_PRVYS_,CREATE/SAVE;UPDATE;DELETE/VOID;POST;PRINT,FMX_STRING_EVIDENCE,oracle_forms/deep_catalog/form_field_trigger_catalog.jsonl
INVI019.fmx,INVENTORY,ONEX_INVENTORY_WINDOW_API,40,8,474,569,IAS_CHECK_SYS_PKG;IAS_CHECK_SYS_PKGIAS20142CHECK_BT_DATEIA;IAS_CHECK_SYS_PKGIAS20142CHECK_BT_VALUEI;IAS_GEN_PKG;IAS_GEN_PKGIAS20142GET_CNTIA;IAS_GEN_PKGIAS20142GET_CURDATEIA;IAS_GEN_PKGIAS20142GET_FRST_DAYI;IAS_GEN_PKGIAS20142GET_SYSDATEIA;IAS_GET_ENC_PASS_FNC;IAS_GET_ENC_PASS_FNCIAS20142IAS_GET_ENC_PASS_FNC;IAS_ITM_PKG;IAS_ITM_PKGIAS20142GET_ICODE_MIN_UNITIAS;IAS_USR_PKG;IAS_USR_PKGIAS20142CHK_USR_FRM_PRVIA;IAS_USR_PKGIAS20142GET_USR_APPRV;IAS_USR_PKGIAS20142GET_USR_NMIAS;YS_GEN_PKG;YS_GEN_PKGIAS20142GET_USR_FLD_PRVYS_,CREATE/SAVE;UPDATE;DELETE/VOID;POST;PRINT,FMX_STRING_EVIDENCE,oracle_forms/deep_catalog/form_field_trigger_catalog.jsonl
INVI020.fmx,INVENTORY,ONEX_INVENTORY_WINDOW_API,34,8,297,414,IAS_GEN_PKG;IAS_GEN_PKGIAS20142GET_CNTIA;IAS_GEN_PKGIAS20142GET_FLD_VALUE;IAS_GET_ENC_PASS_FNC;IAS_GET_ENC_PASS_FNCIAS20142IAS_GET_ENC_PASS_FNC;IAS_USR_PKG;IAS_USR_PKGIAS20142CHK_USR_FRM_PRVIA;IAS_USR_PKGIAS20142GET_USR_APPRV;IAS_USR_PKGIAS20142GET_USR_NMIAS;YS_GEN_PKG;YS_GEN_PKGIAS20142GET_USR_FLD_PRVYS_,CREATE/SAVE;UPDATE;DELETE/VOID;POST;PRINT,FMX_STRING_EVIDENCE,oracle_forms/deep_catalog/form_field_trigger_catalog.jsonl
INVI021.fmx,INVENTORY,ONEX_INVENTORY_WINDOW_API,55,8,484,648,IAS_ACTV_PKG;IAS_ACTV_PKGIAS20142CHK_ACTV;IAS_ACTV_PKGIAS20142CHK_PRIV_ACTVIAS;IAS_CHECK_SYS_PKG;IAS_CHECK_SYS_PKGIAS20142CHECK_BT_DATEIA;IAS_CHECK_SYS_PKGIAS20142CHECK_BT_VALUEI;IAS_GEN_PKG;IAS_GEN_PKGIAS20142GET_CNTIA;IAS_GEN_PKGIAS20142GET_FINAL_DAY;IAS_GEN_PKGIAS20142GET_FLD_VALUE;IAS_GEN_PKGIAS20142GET_FRST_DAYI;IAS_GEN_PKGIAS20142GET_PROMPTIAS;IAS_GET_ENC_PASS_FNC;IAS_GET_ENC_PASS_FNCIAS20142IAS_GET_ENC_PASS_FNC;IAS_ITM_PKG;IAS_ITM_PKGIAS20142CHECK_SRV_ITM;IAS_ITM_PKGIAS20142CHK_ICODE_UNITIAS;IAS_ITM_PKGIAS20142GET_ICODE_ONE_UNITIAS;IAS_ITM_PKGIAS20142GET_ICODE_SIZE_UNITIA;IAS_ITM_PKGIAS20142GET_ICODE_UNIT_BY_LVL;IAS_ITM_PKGIAS20142GET_ICODE_VNDRIAS;IAS_ITM_PKGIAS20142GET_ITM_UNT_LVLIA;IAS_ITM_PKGIAS20142GET_I_CODEIAS;IAS_ITM_PKGIAS20142GET_MAX_LVL_UNTIA;IAS_USR_PKG;IAS_USR_PKGIAS20142CHK_USR_FRM_PRVIA;IAS_USR_PKGIAS20142GET_USR_APPRV;IAS_USR_PKGIAS20142GET_USR_NMIAS;IAS_WCODE_PKG;IAS_WCODE_PKGIAS20142GET_WC_NMIA;YS_GEN_PKG;YS_GEN_PKGIAS20142GET_USR_FLD_PRVYS_,CREATE/SAVE;UPDATE;DELETE/VOID;POST;PRINT,FMX_STRING_EVIDENCE,oracle_forms/deep_catalog/form_field_trigger_catalog.jsonl
INVI022.fmx,INVENTORY,ONEX_INVENTORY_WINDOW_API,56,8,454,561,IAS_AUD_SYS_PKG;IAS_AUD_SYS_PKGIAS20142ADD_DOC_DELIA;IAS_BRN_PKG;IAS_BRN_PKGIAS20142GET_BR_CMPIAS;IAS_BRN_PKGIAS20142GET_BR_NM;IAS_CHK_BRN_UP_DEL_FNC;IAS_CHK_BRN_UP_DEL_FNCIAS20142IAS_CHK_BRN_UP_DEL_FNC;IAS_GEN_PKG;IAS_GEN_PKGIAS20142GET_CURDATEIA;IAS_GEN_PKGIAS20142GET_DELETE_DOC_PERIOD;IAS_GEN_PKGIAS20142GET_FLD_VALUE;IAS_GEN_PKGIAS20142GET_LEV_PRVIA;IAS_GEN_PKGIAS20142GET_SYSDATEIA;IAS_GEN_PKGIAS20142GET_UPDATE_DOC_PERIOD;IAS_GEN_PKGIAS20142GET_USR_NMIAS;IAS_GET_DOC_DEL_FNC;IAS_GET_ENC_PASS_FNC;IAS_GET_ENC_PASS_FNCIAS20142IAS_GET_ENC_PASS_FNC;IAS_ITM_PKG;IAS_ITM_PKGIAS20142CHK_ICODE_UNITIAS;IAS_ITM_PKGIAS20142GET_ICODE_ONE_UNITIAS;IAS_ITM_PKGIAS20142GET_ICODE_SIZE_UNITIA;IAS_ITM_PKGIAS20142GET_ICODE_UNIT_BY_LVL;IAS_ITM_PKGIAS20142GET_ICODE_VNDRIAS;IAS_ITM_PKGIAS20142GET_I_CODEIAS;IAS_USR_PKG;IAS_USR_PKGIAS20142CHK_USR_BRN_PRVIA;IAS_USR_PKGIAS20142CHK_USR_FRM_PRVIA;IAS_USR_PKGIAS20142GET_USR_APPRV;IAS_USR_PKGIAS20142GET_USR_NMIAS;YS_GEN_PKG;YS_GEN_PKGIAS20142GET_USR_FLD_PRVYS_,CREATE/SAVE;UPDATE;DELETE/VOID;POST;PRINT,FMX_STRING_EVIDENCE,oracle_forms/deep_catalog/form_field_trigger_catalog.jsonl
INVI023.fmx,INVENTORY,ONEX_INVENTORY_WINDOW_API,52,8,647,995,IAS_DBS_SYS_PKG;IAS_DBS_SYS_PKGIAS20142CHECK_OBJECTI;IAS_GEN_PKG;IAS_GEN_PKGIAS20142GET_CNTIA;IAS_GEN_PKGIAS20142GET_CODE_NMIA;IAS_GEN_PKGIAS20142GET_CURDATEIA;IAS_GEN_PKGIAS20142GET_FLD_VALUE;IAS_GEN_PKGIAS20142GET_FRM_PRVIA;IAS_GEN_PKGIAS20142GET_PROMPTIAS;IAS_GET_ENC_PASS_FNC;IAS_GET_ENC_PASS_FNCIAS20142IAS_GET_ENC_PASS_FNC;IAS_ITM_PKG;IAS_ITM_PKGIAS20142GET_ICODE_MIN_UNITIAS;IAS_ITM_PKGIAS20142GET_I_CODEIAS;IAS_USR_PKG;IAS_USR_PKGIAS20142CHK_USR_FRM_PRVIA;IAS_USR_PKGIAS20142GET_USR_APPRV;IAS_USR_PKGIAS20142GET_USR_NMIAS;IAS_VNDR_PKG;IAS_VNDR_PKGIAS20142GET_V_NAMEIA;YS_GEN_PKG;YS_GEN_PKGIAS20142GET_USR_FLD_PRVYS_,CREATE/SAVE;UPDATE;DELETE/VOID;POST;PRINT,FMX_STRING_EVIDENCE,oracle_forms/deep_catalog/form_field_trigger_catalog.jsonl
INVR001.fmx,INVENTORY,ONEX_INVENTORY_WINDOW_API,12,2,160,288,IAS_GEN_PKG;IAS_GEN_PKGIAS20142GET_FLG_NMIAS;IAS_GET_ENC_PASS_FNC;IAS_GET_ENC_PASS_FNCIAS20142IAS_GET_ENC_PASS_FNC;IAS_USR_PKG;IAS_USR_PKGIAS20142GET_USR_NMIAS,PRINT,FMX_STRING_EVIDENCE,oracle_forms/deep_catalog/form_field_trigger_catalog.jsonl
INVR002.fmx,INVENTORY,ONEX_INVENTORY_WINDOW_API,19,2,376,452,IAS_CHECK_SYS_PKG;IAS_CHECK_SYS_PKGIAS20142CHECK_BT_DATEIA;IAS_GEN_PKG;IAS_GEN_PKGIAS20142GET_FLG_NMIAS;IAS_GEN_PKGIAS20142GET_FRST_DAYI;IAS_GEN_PKGIAS20142GET_PROMPTIAS;IAS_GEN_PKGIAS20142GET_SYSDATEIA;IAS_GET_ENC_PASS_FNC;IAS_GET_ENC_PASS_FNCIAS20142IAS_GET_ENC_PASS_FNC;IAS_REPORT_PKG;IAS_REPORT_PKGIAS20142GET_CLMN_LABLI;IAS_USR_PKG;IAS_USR_PKGIAS20142GET_USR_NMIAS,PRINT,FMX_STRING_EVIDENCE,oracle_forms/deep_catalog/form_field_trigger_catalog.jsonl
INVR003.fmx,INVENTORY,ONEX_INVENTORY_WINDOW_API,12,2,252,346,IAS_GEN_PKG;IAS_GEN_PKGIAS20142GET_PROMPTIAS;IAS_GET_ENC_PASS_FNC;IAS_GET_ENC_PASS_FNCIAS20142IAS_GET_ENC_PASS_FNC;IAS_USR_PKG;IAS_USR_PKGIAS20142GET_USR_NMIAS,PRINT,FMX_STRING_EVIDENCE,oracle_forms/deep_catalog/form_field_trigger_catalog.jsonl
INVR004.fmx,INVENTORY,ONEX_INVENTORY_WINDOW_API,19,2,223,382,IAS_GEN_PKG;IAS_GEN_PKGIAS20142GET_FLG_NMIAS;IAS_GEN_PKGIAS20142GET_FRST_DAYI;IAS_GEN_PKGIAS20142GET_PROMPTIAS;IAS_GEN_PKGIAS20142GET_SYSDATEIA;IAS_GET_ENC_PASS_FNC;IAS_GET_ENC_PASS_FNCIAS20142IAS_GET_ENC_PASS_FNC;IAS_ITM_PRC_SUM;IAS_ITM_PRC_SUM_CST;IAS_Itm_Prc_Sum_Wcode;IAS_USR_PKG;IAS_USR_PKGIAS20142GET_USR_NMIAS,PRINT,FMX_STRING_EVIDENCE,oracle_forms/deep_catalog/form_field_trigger_catalog.jsonl
INVR005.fmx,INVENTORY,ONEX_INVENTORY_WINDOW_API,13,2,235,335,IAS_GEN_PKG;IAS_GEN_PKGIAS20142GET_FLG_NMIAS;IAS_GEN_PKGIAS20142GET_PROMPTIAS;IAS_GET_ENC_PASS_FNC;IAS_GET_ENC_PASS_FNCIAS20142IAS_GET_ENC_PASS_FNC;IAS_USR_PKG;IAS_USR_PKGIAS20142GET_USR_NMIAS,PRINT,FMX_STRING_EVIDENCE,oracle_forms/deep_catalog/form_field_trigger_catalog.jsonl
INVR006.fmx,INVENTORY,ONEX_INVENTORY_WINDOW_API,15,2,274,408,IAS_GEN_PKG;IAS_GEN_PKGIAS20142GET_FLG_NMIAS;IAS_GEN_PKGIAS20142GET_FRST_DAYI;IAS_GEN_PKGIAS20142GET_PROMPTIAS;IAS_GEN_PKGIAS20142GET_SYSDATEIA;IAS_GET_ENC_PASS_FNC;IAS_GET_ENC_PASS_FNCIAS20142IAS_GET_ENC_PASS_FNC;IAS_USR_PKG;IAS_USR_PKGIAS20142GET_USR_NMIAS,PRINT,FMX_STRING_EVIDENCE,oracle_forms/deep_catalog/form_field_trigger_catalog.jsonl
INVR007.fmx,INVENTORY,ONEX_INVENTORY_WINDOW_API,17,2,409,454,IAS_GEN_PKG;IAS_GEN_PKGIAS20142GET_CNTIA;IAS_GEN_PKGIAS20142GET_FINAL_DAY;IAS_GEN_PKGIAS20142GET_FLG_NMIAS;IAS_GEN_PKGIAS20142GET_FRST_DAYI;IAS_GEN_PKGIAS20142GET_PROMPTIAS;IAS_GEN_PKGIAS20142GET_SYSDATEIA;IAS_GET_ENC_PASS_FNC;IAS_GET_ENC_PASS_FNCIAS20142IAS_GET_ENC_PASS_FNC;IAS_USR_PKG;IAS_USR_PKGIAS20142GET_USR_NMIAS,PRINT,FMX_STRING_EVIDENCE,oracle_forms/deep_catalog/form_field_trigger_catalog.jsonl
INVR008.fmx,INVENTORY,ONEX_INVENTORY_WINDOW_API,17,2,350,463,IAS_GEN_PKG;IAS_GEN_PKGIAS20142GET_CNTIA;IAS_GEN_PKGIAS20142GET_FINAL_DAY;IAS_GEN_PKGIAS20142GET_FLG_NMIAS;IAS_GEN_PKGIAS20142GET_FRST_DAYI;IAS_GEN_PKGIAS20142GET_PROMPTIAS;IAS_GEN_PKGIAS20142GET_SYSDATEIA;IAS_GET_ENC_PASS_FNC;IAS_GET_ENC_PASS_FNCIAS20142IAS_GET_ENC_PASS_FNC;IAS_USR_PKG;IAS_USR_PKGIAS20142GET_USR_NMIAS,PRINT,FMX_STRING_EVIDENCE,oracle_forms/deep_catalog/form_field_trigger_catalog.jsonl
INVR009.fmx,INVENTORY,ONEX_INVENTORY_WINDOW_API,19,2,487,520,IAS_CHECK_SYS_PKG;IAS_CHECK_SYS_PKGIAS20142CHECK_BT_VALUEI;IAS_GEN_PKG;IAS_GEN_PKGIAS20142GET_CNTIA;IAS_GEN_PKGIAS20142GET_FINAL_DAY;IAS_GEN_PKGIAS20142GET_FLG_NMIAS;IAS_GEN_PKGIAS20142GET_FRST_DAYI;IAS_GEN_PKGIAS20142GET_PROMPTIAS;IAS_GEN_PKGIAS20142GET_SYSDATEIA;IAS_GET_ENC_PASS_FNC;IAS_GET_ENC_PASS_FNCIAS20142IAS_GET_ENC_PASS_FNC;IAS_USR_PKG;IAS_USR_PKGIAS20142GET_USR_NMIAS,PRINT,FMX_STRING_EVIDENCE,oracle_forms/deep_catalog/form_field_trigger_catalog.jsonl
INVR010.fmx,INVENTORY,ONEX_INVENTORY_WINDOW_API,18,2,266,435,IAS_CHECK_SYS_PKG;IAS_CHECK_SYS_PKGIAS20142CHECK_BT_VALUEI;IAS_GEN_PKG;IAS_GEN_PKGIAS20142GET_CNTIA;IAS_GEN_PKGIAS20142GET_FLG_NMIAS;IAS_GEN_PKGIAS20142GET_FRST_DAYI;IAS_GEN_PKGIAS20142GET_PROMPTIAS;IAS_GEN_PKGIAS20142GET_SYSDATEIA;IAS_GET_ENC_PASS_FNC;IAS_GET_ENC_PASS_FNCIAS20142IAS_GET_ENC_PASS_FNC;IAS_USR_PKG;IAS_USR_PKGIAS20142GET_USR_NMIAS,PRINT,FMX_STRING_EVIDENCE,oracle_forms/deep_catalog/form_field_trigger_catalog.jsonl
INVR011.fmx,INVENTORY,ONEX_INVENTORY_WINDOW_API,25,2,552,760,IAS_CHECK_SYS_PKG;IAS_CHECK_SYS_PKGIAS20142CHECK_BT_VALUEI;IAS_GEN_PKG;IAS_GEN_PKGIAS20142GET_FLG_NMIAS;IAS_GEN_PKGIAS20142GET_FRST_DAYI;IAS_GEN_PKGIAS20142GET_PROMPTIAS;IAS_GEN_PKGIAS20142GET_SYSDATEIA;IAS_GET_ENC_PASS_FNC;IAS_GET_ENC_PASS_FNCIAS20142IAS_GET_ENC_PASS_FNC;IAS_USR_PKG;IAS_USR_PKGIAS20142GET_USR_NMIAS;YS_GEN_PKG;YS_GEN_PKGIAS20142CHK_INACTV_SYSTEMY;YS_LOV_SLCT_PKG;YS_LOV_SLCT_PKGIAS20142DESLCT_DATAYS;YS_LOV_SLCT_PKGIAS20142FETCH_SLCT_DATAYS;YS_LOV_SLCT_PKGIAS20142SLCT_DATA,PRINT,FMX_STRING_EVIDENCE,oracle_forms/deep_catalog/form_field_trigger_catalog.jsonl
INVR012.fmx,INVENTORY,ONEX_INVENTORY_WINDOW_API,23,2,649,698,IAS_CHECK_SYS_PKG;IAS_CHECK_SYS_PKGIAS20142CHECK_BT_VALUEI;IAS_DBS_SYS_PKG;IAS_DBS_SYS_PKGIAS20142CHECK_OBJECTI;IAS_GEN_PKG;IAS_GEN_PKGIAS20142GET_CURDATEIA;IAS_GEN_PKGIAS20142GET_FINAL_DAY;IAS_GEN_PKGIAS20142GET_FLG_NMIAS;IAS_GEN_PKGIAS20142GET_FRST_DAYI;IAS_GEN_PKGIAS20142GET_PROMPTIAS;IAS_GEN_PKGIAS20142GET_SYSDATEIA;IAS_GET_ENC_PASS_FNC;IAS_GET_ENC_PASS_FNCIAS20142IAS_GET_ENC_PASS_FNC;IAS_USR_PKG;IAS_USR_PKGIAS20142GET_USR_NMIAS;IAS_VNDR_PKG;IAS_VNDR_PKGIAS20142GET_V_NAMEIA,PRINT,FMX_STRING_EVIDENCE,oracle_forms/deep_catalog/form_field_trigger_catalog.jsonl
INVR013.fmx,INVENTORY,ONEX_INVENTORY_WINDOW_API,18,2,393,435,IAS_CHECK_SYS_PKG;IAS_CHECK_SYS_PKGIAS20142CHECK_BT_VALUEI;IAS_GEN_PKG;IAS_GEN_PKGIAS20142GET_FLG_NMIAS;IAS_GEN_PKGIAS20142GET_FRST_DAYI;IAS_GEN_PKGIAS20142GET_PROMPTIAS;IAS_GEN_PKGIAS20142GET_SYSDATEIA;IAS_GET_ENC_PASS_FNC;IAS_GET_ENC_PASS_FNCIAS20142IAS_GET_ENC_PASS_FNC;IAS_USR_PKG;IAS_USR_PKGIAS20142GET_USR_NMIAS,PRINT,FMX_STRING_EVIDENCE,oracle_forms/deep_catalog/form_field_trigger_catalog.jsonl
INVR014.fmx,INVENTORY,ONEX_INVENTORY_WINDOW_API,14,2,285,356,IAS_GEN_PKG;IAS_GEN_PKGIAS20142GET_FRST_DAYI;IAS_GEN_PKGIAS20142GET_PROMPTIAS;IAS_GEN_PKGIAS20142GET_SYSDATEIA;IAS_GET_ENC_PASS_FNC;IAS_GET_ENC_PASS_FNCIAS20142IAS_GET_ENC_PASS_FNC;IAS_USR_PKG;IAS_USR_PKGIAS20142GET_USR_NMIAS,PRINT,FMX_STRING_EVIDENCE,oracle_forms/deep_catalog/form_field_trigger_catalog.jsonl
INVR015.fmx,INVENTORY,ONEX_INVENTORY_WINDOW_API,15,2,506,502,IAS_DBS_SYS_PKG;IAS_DBS_SYS_PKGIAS20142CHECK_OBJECTI;IAS_GEN_PKG;IAS_GEN_PKGIAS20142GET_FLG_NMIAS;IAS_GEN_PKGIAS20142GET_PROMPTIAS;IAS_GET_ENC_PASS_FNC;IAS_GET_ENC_PASS_FNCIAS20142IAS_GET_ENC_PASS_FNC;IAS_USR_PKG;IAS_USR_PKGIAS20142GET_USR_NMIAS,PRINT,FMX_STRING_EVIDENCE,oracle_forms/deep_catalog/form_field_trigger_catalog.jsonl
INVR016.fmx,INVENTORY,ONEX_INVENTORY_WINDOW_API,15,2,213,266,IAS_GEN_PKG;IAS_GEN_PKGIAS20142GET_FLG_NMIAS;IAS_GEN_PKGIAS20142GET_FRST_DAYI;IAS_GEN_PKGIAS20142GET_PROMPTIAS;IAS_GEN_PKGIAS20142GET_SYSDATEIA;IAS_GET_ENC_PASS_FNC;IAS_GET_ENC_PASS_FNCIAS20142IAS_GET_ENC_PASS_FNC;IAS_USR_PKG;IAS_USR_PKGIAS20142GET_USR_NMIAS,PRINT,FMX_STRING_EVIDENCE,oracle_forms/deep_catalog/form_field_trigger_catalog.jsonl
INVR017.fmx,INVENTORY,ONEX_INVENTORY_WINDOW_API,15,2,215,267,IAS_GEN_PKG;IAS_GEN_PKGIAS20142GET_FLG_NMIAS;IAS_GEN_PKGIAS20142GET_FRST_DAYI;IAS_GEN_PKGIAS20142GET_PROMPTIAS;IAS_GEN_PKGIAS20142GET_SYSDATEIA;IAS_GET_ENC_PASS_FNC;IAS_GET_ENC_PASS_FNCIAS20142IAS_GET_ENC_PASS_FNC;IAS_USR_PKG;IAS_USR_PKGIAS20142GET_USR_NMIAS,PRINT,FMX_STRING_EVIDENCE,oracle_forms/deep_catalog/form_field_trigger_catalog.jsonl
INVR018.fmx,INVENTORY,ONEX_INVENTORY_WINDOW_API,15,2,201,305,IAS_GEN_PKG;IAS_GEN_PKGIAS20142GET_FLG_NMIAS;IAS_GEN_PKGIAS20142GET_FRST_DAYI;IAS_GEN_PKGIAS20142GET_PROMPTIAS;IAS_GEN_PKGIAS20142GET_SYSDATEIA;IAS_GET_ENC_PASS_FNC;IAS_GET_ENC_PASS_FNCIAS20142IAS_GET_ENC_PASS_FNC;IAS_USR_PKG;IAS_USR_PKGIAS20142GET_USR_NMIAS,PRINT,FMX_STRING_EVIDENCE,oracle_forms/deep_catalog/form_field_trigger_catalog.jsonl
INVR019.fmx,INVENTORY,ONEX_INVENTORY_WINDOW_API,10,2,221,277,IAS_GET_ENC_PASS_FNC;IAS_GET_ENC_PASS_FNCIAS20142IAS_GET_ENC_PASS_FNC;IAS_USR_PKG;IAS_USR_PKGIAS20142GET_USR_NMIAS,PRINT,FMX_STRING_EVIDENCE,oracle_forms/deep_catalog/form_field_trigger_catalog.jsonl
INVR020.fmx,INVENTORY,ONEX_INVENTORY_WINDOW_API,15,2,252,344,IAS_GEN_PKG;IAS_GEN_PKGIAS20142GET_FLG_NMIAS;IAS_GEN_PKGIAS20142GET_FRST_DAYI;IAS_GEN_PKGIAS20142GET_PROMPTIAS;IAS_GEN_PKGIAS20142GET_SYSDATEIA;IAS_GET_ENC_PASS_FNC;IAS_GET_ENC_PASS_FNCIAS20142IAS_GET_ENC_PASS_FNC;IAS_USR_PKG;IAS_USR_PKGIAS20142GET_USR_NMIAS,PRINT,FMX_STRING_EVIDENCE,oracle_forms/deep_catalog/form_field_trigger_catalog.jsonl
INVR021.fmx,INVENTORY,ONEX_INVENTORY_WINDOW_API,15,2,223,356,IAS_GEN_PKG;IAS_GEN_PKGIAS20142GET_FLG_NMIAS;IAS_GEN_PKGIAS20142GET_FRST_DAYI;IAS_GEN_PKGIAS20142GET_PROMPTIAS;IAS_GEN_PKGIAS20142GET_SYSDATEIA;IAS_GET_ENC_PASS_FNC;IAS_GET_ENC_PASS_FNCIAS20142IAS_GET_ENC_PASS_FNC;IAS_USR_PKG;IAS_USR_PKGIAS20142GET_USR_NMIAS,PRINT,FMX_STRING_EVIDENCE,oracle_forms/deep_catalog/form_field_trigger_catalog.jsonl
INVR023.fmx,INVENTORY,ONEX_INVENTORY_WINDOW_API,15,2,208,286,IAS_GEN_PKG;IAS_GEN_PKGIAS20142GET_FLG_NMIAS;IAS_GEN_PKGIAS20142GET_FRST_DAYI;IAS_GEN_PKGIAS20142GET_PROMPTIAS;IAS_GEN_PKGIAS20142GET_SYSDATEIA;IAS_GET_ENC_PASS_FNC;IAS_GET_ENC_PASS_FNCIAS20142IAS_GET_ENC_PASS_FNC;IAS_USR_PKG;IAS_USR_PKGIAS20142GET_USR_NMIAS,PRINT,FMX_STRING_EVIDENCE,oracle_forms/deep_catalog/form_field_trigger_catalog.jsonl
INVR024.fmx,INVENTORY,ONEX_INVENTORY_WINDOW_API,15,2,207,285,IAS_GEN_PKG;IAS_GEN_PKGIAS20142GET_FLG_NMIAS;IAS_GEN_PKGIAS20142GET_FRST_DAYI;IAS_GEN_PKGIAS20142GET_PROMPTIAS;IAS_GEN_PKGIAS20142GET_SYSDATEIA;IAS_GET_ENC_PASS_FNC;IAS_GET_ENC_PASS_FNCIAS20142IAS_GET_ENC_PASS_FNC;IAS_USR_PKG;IAS_USR_PKGIAS20142GET_USR_NMIAS,PRINT,FMX_STRING_EVIDENCE,oracle_forms/deep_catalog/form_field_trigger_catalog.jsonl
INVR025.fmx,INVENTORY,ONEX_INVENTORY_WINDOW_API,13,2,307,388,IAS_GEN_PKG;IAS_GEN_PKGIAS20142GET_FLG_NMIAS;IAS_GEN_PKGIAS20142GET_PROMPTIAS;IAS_GET_ENC_PASS_FNC;IAS_GET_ENC_PASS_FNCIAS20142IAS_GET_ENC_PASS_FNC;IAS_USR_PKG;IAS_USR_PKGIAS20142GET_USR_NMIAS,PRINT,FMX_STRING_EVIDENCE,oracle_forms/deep_catalog/form_field_trigger_catalog.jsonl
INVR026.fmx,INVENTORY,ONEX_INVENTORY_WINDOW_API,14,2,346,461,IAS_CHECK_SYS_PKG;IAS_CHECK_SYS_PKGIAS20142CHECK_BT_VALUEI;IAS_GEN_PKG;IAS_GEN_PKGIAS20142GET_FLG_NMIAS;IAS_GET_ENC_PASS_FNC;IAS_GET_ENC_PASS_FNCIAS20142IAS_GET_ENC_PASS_FNC;IAS_USR_PKG;IAS_USR_PKGIAS20142GET_USR_NMIAS,PRINT,FMX_STRING_EVIDENCE,oracle_forms/deep_catalog/form_field_trigger_catalog.jsonl
INVR027.fmx,INVENTORY,ONEX_INVENTORY_WINDOW_API,23,2,281,450,IAS_CHECK_SYS_PKG;IAS_CHECK_SYS_PKGIAS20142CHECK_BT_VALUEI;IAS_DBS_SYS_PKG;IAS_DBS_SYS_PKGIAS20142CHECK_OBJECTI;IAS_DBS_SYS_PKGIAS20142CHECK_ST_OBJI;IAS_GEN_PKG;IAS_GEN_PKGIAS20142GET_PROMPTIAS;IAS_GEN_PKGIAS20142GET_SYSDATEIA;IAS_GET_ENC_PASS_FNC;IAS_GET_ENC_PASS_FNCIAS20142IAS_GET_ENC_PASS_FNC;IAS_ITM_PKG;IAS_ITM_PKGIAS20142GET_ITM_NAMEI;IAS_USR_PKG;IAS_USR_PKGIAS20142GET_USR_NMIAS,PRINT,FMX_STRING_EVIDENCE,oracle_forms/deep_catalog/form_field_trigger_catalog.jsonl
INVR028.fmx,INVENTORY,ONEX_INVENTORY_WINDOW_API,16,2,331,402,IAS_GEN_PKG;IAS_GEN_PKGIAS20142GET_FINAL_DAY;IAS_GEN_PKGIAS20142GET_FLG_NMIAS;IAS_GEN_PKGIAS20142GET_FRST_DAYI;IAS_GEN_PKGIAS20142GET_PROMPTIAS;IAS_GET_ENC_PASS_FNC;IAS_GET_ENC_PASS_FNCIAS20142IAS_GET_ENC_PASS_FNC;IAS_USR_PKG;IAS_USR_PKGIAS20142GET_USR_NMIAS;YS_GEN_PKG,PRINT,FMX_STRING_EVIDENCE,oracle_forms/deep_catalog/form_field_trigger_catalog.jsonl
INVR029.fmx,INVENTORY,ONEX_INVENTORY_WINDOW_API,13,2,248,347,IAS_GEN_PKG;IAS_GEN_PKGIAS20142GET_FLG_NMIAS;IAS_GEN_PKGIAS20142GET_PROMPTIAS;IAS_GET_ENC_PASS_FNC;IAS_GET_ENC_PASS_FNCIAS20142IAS_GET_ENC_PASS_FNC;IAS_USR_PKG;IAS_USR_PKGIAS20142GET_USR_NMIAS,PRINT,FMX_STRING_EVIDENCE,oracle_forms/deep_catalog/form_field_trigger_catalog.jsonl
INVR030.fmx,INVENTORY,ONEX_INVENTORY_WINDOW_API,35,2,689,762,IAS_BRN_PKG;IAS_BRN_PKGIAS20142GET_CMP_NMIAS;IAS_GEN_PKG;IAS_GEN_PKGIAS20142GET_CURDATEIA;IAS_GEN_PKGIAS20142GET_CUR_RATEI;IAS_GEN_PKGIAS20142GET_LOCAL_CUR;IAS_GEN_PKGIAS20142GET_PROMPTIAS;IAS_GET_ENC_PASS_FNC;IAS_GET_ENC_PASS_FNCIAS20142IAS_GET_ENC_PASS_FNC;IAS_GET_SALESDISC_PRC;IAS_GET_SALESDISC_PRCIAS20142IAS_GET_SALESDISC_PRCIA;IAS_ITM_PKG;IAS_ITM_PKGIAS20142CHK_ICODE_UNITIAS;IAS_ITM_PKGIAS20142GET_ICODE_ONE_UNITIAS;IAS_ITM_PKGIAS20142GET_ICODE_SIZE_UNITIA;IAS_ITM_PKGIAS20142GET_ICODE_UNIT_BY_LVL;IAS_ITM_PKGIAS20142GET_ITM_NAMEI;IAS_ITM_PKGIAS20142GET_I_CODEIAS;IAS_USR_PKG;IAS_USR_PKGIAS20142CHK_USR_FRM_PRVIA;IAS_USR_PKGIAS20142GET_USR_APPRV;IAS_USR_PKGIAS20142GET_USR_NMIAS;IAS_WCODE_PKG;YS_GEN_PKG;YS_GEN_PKGIAS20142GET_USR_FLD_PRVYS_,PRINT,FMX_STRING_EVIDENCE,oracle_forms/deep_catalog/form_field_trigger_catalog.jsonl
INVR031.fmx,INVENTORY,ONEX_INVENTORY_WINDOW_API,30,2,770,972,IAS_AUD_SYS_PKG;IAS_AUD_SYS_PKGIAS20142SET_PARAI;IAS_GEN_PKG;IAS_GEN_PKGIAS20142GET_CURDATEIA;IAS_GEN_PKGIAS20142GET_FRM_PRVIA;IAS_GEN_PKGIAS20142GET_FRST_DAYI;IAS_GEN_PKGIAS20142GET_PROMPTIAS;IAS_GEN_PKGIAS20142GET_USR_NMIAS;IAS_GET_ENC_PASS_FNC;IAS_GET_ENC_PASS_FNCIAS20142IAS_GET_ENC_PASS_FNC;IAS_INV_MNGMNT_PKG;IAS_INV_MNGMNT_PKGIAS20142GET_FIRST_DATE;IAS_INV_MNGMNT_PKGIAS20142GET_INCOM_SALE_QTY;IAS_INV_MNGMNT_PKGIAS20142GET_OUT_BILL_QTYIA;IAS_INV_MNGMNT_PKGIAS20142GET_WHTRNS_QTY_NOT_REC;IAS_ITM_PKG;IAS_USR_PKG;IAS_USR_PKGIAS20142GET_USR_NMIAS;YS_GEN_PKG,DELETE/VOID;PRINT,FMX_STRING_EVIDENCE,oracle_forms/deep_catalog/form_field_trigger_catalog.jsonl
INVR032.fmx,INVENTORY,ONEX_INVENTORY_WINDOW_API,14,2,347,393,IAS_GEN_PKG;IAS_GEN_PKGIAS20142GET_FRST_DAYI;IAS_GEN_PKGIAS20142GET_PROMPTIAS;IAS_GEN_PKGIAS20142GET_SYSDATEIA;IAS_GET_ENC_PASS_FNC;IAS_GET_ENC_PASS_FNCIAS20142IAS_GET_ENC_PASS_FNC;IAS_USR_PKG;IAS_USR_PKGIAS20142GET_USR_NMIAS,PRINT,FMX_STRING_EVIDENCE,oracle_forms/deep_catalog/form_field_trigger_catalog.jsonl
INVR033.fmx,INVENTORY,ONEX_INVENTORY_WINDOW_API,13,2,187,291,IAS_CHECK_SYS_PKG;IAS_CHECK_SYS_PKGIAS20142CHECK_BT_DATEIA;IAS_CHECK_SYS_PKGIAS20142CHECK_BT_VALUEI;IAS_GET_ENC_PASS_FNC;IAS_GET_ENC_PASS_FNCIAS20142IAS_GET_ENC_PASS_FNC;IAS_USR_PKG;IAS_USR_PKGIAS20142GET_USR_NMIAS,PRINT,FMX_STRING_EVIDENCE,oracle_forms/deep_catalog/form_field_trigger_catalog.jsonl
INVS001.fmx,INVENTORY,ONEX_INVENTORY_WINDOW_API,40,8,333,681,IAS_DBS_SYS_PKG;IAS_DBS_SYS_PKGIAS20142GET_CONS_NAME;IAS_GEN_PKG;IAS_GEN_PKGIAS20142GET_CNTIA;IAS_GEN_PKGIAS20142GET_PROMPTIAS;IAS_GET_ENC_PASS_FNC;IAS_GET_ENC_PASS_FNCIAS20142IAS_GET_ENC_PASS_FNC;IAS_USR_PKG;IAS_USR_PKGIAS20142CHK_USR_FRM_PRVIA;IAS_USR_PKGIAS20142GET_USR_APPRV;IAS_USR_PKGIAS20142GET_USR_NMIAS;YS_GEN_PKG;YS_GEN_PKGIAS20142CHK_ACTV_SYSTEMYS_;YS_GEN_PKGIAS20142CHK_LOCK_RCRDY;YS_GEN_PKGIAS20142GET_USR_FLD_PRVYS_;YS_SRL_SCR_PKG;YS_SRL_SCR_PKGIAS20142GET_SYS_SQ,CREATE/SAVE;UPDATE;DELETE/VOID;POST;PRINT,FMX_STRING_EVIDENCE,oracle_forms/deep_catalog/form_field_trigger_catalog.jsonl
INVS002.fmx,INVENTORY,ONEX_INVENTORY_WINDOW_API,33,8,257,366,IAS_GEN_PKG;IAS_GEN_PKGIAS20142GET_CNTIA;IAS_GEN_PKGIAS20142GET_FLD_VALUE;IAS_GET_ENC_PASS_FNC;IAS_GET_ENC_PASS_FNCIAS20142IAS_GET_ENC_PASS_FNC;IAS_USR_PKG;IAS_USR_PKGIAS20142CHK_USR_FRM_PRVIA;IAS_USR_PKGIAS20142GET_USR_APPRV;IAS_USR_PKGIAS20142GET_USR_NMIAS;YS_GEN_PKG;YS_GEN_PKGIAS20142GET_USR_FLD_PRVYS_,CREATE/SAVE;UPDATE;DELETE/VOID;POST;PRINT,FMX_STRING_EVIDENCE,oracle_forms/deep_catalog/form_field_trigger_catalog.jsonl
INVS003.fmx,INVENTORY,ONEX_INVENTORY_WINDOW_API,33,8,362,412,IAS_GEN_PKG;IAS_GEN_PKGIAS20142GET_CNTIA;IAS_GEN_PKGIAS20142GET_FLD_VALUE;IAS_GET_ENC_PASS_FNC;IAS_GET_ENC_PASS_FNCIAS20142IAS_GET_ENC_PASS_FNC;IAS_USR_PKG;IAS_USR_PKGIAS20142CHK_USR_FRM_PRVIA;IAS_USR_PKGIAS20142GET_USR_APPRV;IAS_USR_PKGIAS20142GET_USR_NMIAS;YS_GEN_PKG;YS_GEN_PKGIAS20142GET_USR_FLD_PRVYS_,CREATE/SAVE;UPDATE;DELETE/VOID;POST;PRINT,FMX_STRING_EVIDENCE,oracle_forms/deep_catalog/form_field_trigger_catalog.jsonl
INVS004.fmx,INVENTORY,ONEX_INVENTORY_WINDOW_API,36,8,317,419,IAS_GEN_PKG;IAS_GEN_PKGIAS20142GET_CNTIA;IAS_GEN_PKGIAS20142GET_CURDATEIA;IAS_GEN_PKGIAS20142GET_FLD_VALUE;IAS_GET_ENC_PASS_FNC;IAS_GET_ENC_PASS_FNCIAS20142IAS_GET_ENC_PASS_FNC;IAS_USR_PKG;IAS_USR_PKGIAS20142CHK_USR_FRM_PRVIA;IAS_USR_PKGIAS20142GET_USR_APPRV;IAS_USR_PKGIAS20142GET_USR_NMIAS;YS_GEN_PKG;YS_GEN_PKGIAS20142GET_USR_FLD_PRVYS_;YS_SRL_SCR_PKG;YS_SRL_SCR_PKGIAS20142GET_SYS_SQ,CREATE/SAVE;UPDATE;DELETE/VOID;POST;PRINT,FMX_STRING_EVIDENCE,oracle_forms/deep_catalog/form_field_trigger_catalog.jsonl
INVS005.fmx,INVENTORY,ONEX_INVENTORY_WINDOW_API,33,8,257,361,IAS_GEN_PKG;IAS_GEN_PKGIAS20142GET_CNTIA;IAS_GEN_PKGIAS20142GET_FLD_VALUE;IAS_GET_ENC_PASS_FNC;IAS_GET_ENC_PASS_FNCIAS20142IAS_GET_ENC_PASS_FNC;IAS_USR_PKG;IAS_USR_PKGIAS20142CHK_USR_FRM_PRVIA;IAS_USR_PKGIAS20142GET_USR_APPRV;IAS_USR_PKGIAS20142GET_USR_NMIAS;YS_GEN_PKG;YS_GEN_PKGIAS20142GET_USR_FLD_PRVYS_,CREATE/SAVE;UPDATE;DELETE/VOID;POST;PRINT,FMX_STRING_EVIDENCE,oracle_forms/deep_catalog/form_field_trigger_catalog.jsonl
INVS006.fmx,INVENTORY,ONEX_INVENTORY_WINDOW_API,33,8,250,364,IAS_GEN_PKG;IAS_GEN_PKGIAS20142GET_CNTIA;IAS_GEN_PKGIAS20142GET_FLD_VALUE;IAS_GET_ENC_PASS_FNC;IAS_GET_ENC_PASS_FNCIAS20142IAS_GET_ENC_PASS_FNC;IAS_USR_PKG;IAS_USR_PKGIAS20142CHK_USR_FRM_PRVIA;IAS_USR_PKGIAS20142GET_USR_APPRV;IAS_USR_PKGIAS20142GET_USR_NMIAS;YS_GEN_PKG;YS_GEN_PKGIAS20142GET_USR_FLD_PRVYS_,CREATE/SAVE;UPDATE;DELETE/VOID;POST;PRINT,FMX_STRING_EVIDENCE,oracle_forms/deep_catalog/form_field_trigger_catalog.jsonl
INVS007.fmx,INVENTORY,ONEX_INVENTORY_WINDOW_API,33,8,254,366,IAS_GEN_PKG;IAS_GEN_PKGIAS20142GET_CNTIA;IAS_GEN_PKGIAS20142GET_FLD_VALUE;IAS_GET_ENC_PASS_FNC;IAS_GET_ENC_PASS_FNCIAS20142IAS_GET_ENC_PASS_FNC;IAS_USR_PKG;IAS_USR_PKGIAS20142CHK_USR_FRM_PRVIA;IAS_USR_PKGIAS20142GET_USR_APPRV;IAS_USR_PKGIAS20142GET_USR_NMIAS;YS_GEN_PKG;YS_GEN_PKGIAS20142GET_USR_FLD_PRVYS_,CREATE/SAVE;UPDATE;DELETE/VOID;POST;PRINT,FMX_STRING_EVIDENCE,oracle_forms/deep_catalog/form_field_trigger_catalog.jsonl
INVS008.fmx,INVENTORY,ONEX_INVENTORY_WINDOW_API,33,8,238,359,IAS_GEN_PKG;IAS_GEN_PKGIAS20142GET_CNTIA;IAS_GEN_PKGIAS20142GET_FLD_VALUE;IAS_GET_ENC_PASS_FNC;IAS_GET_ENC_PASS_FNCIAS20142IAS_GET_ENC_PASS_FNC;IAS_USR_PKG;IAS_USR_PKGIAS20142CHK_USR_FRM_PRVIA;IAS_USR_PKGIAS20142GET_USR_APPRV;IAS_USR_PKGIAS20142GET_USR_NMIAS;YS_GEN_PKG;YS_GEN_PKGIAS20142GET_USR_FLD_PRVYS_,CREATE/SAVE;UPDATE;DELETE/VOID;POST;PRINT,FMX_STRING_EVIDENCE,oracle_forms/deep_catalog/form_field_trigger_catalog.jsonl
INVS009.fmx,INVENTORY,ONEX_INVENTORY_WINDOW_API,38,8,288,439,IAS_BRN_PKG;IAS_BRN_PKGIAS20142GET_BR_NM;IAS_GEN_PKG;IAS_GEN_PKGIAS20142GET_CNTIA;IAS_GEN_PKGIAS20142GET_FLD_VALUE;IAS_GEN_PKGIAS20142GET_PROMPTIAS;IAS_GET_ENC_PASS_FNC;IAS_GET_ENC_PASS_FNCIAS20142IAS_GET_ENC_PASS_FNC;IAS_USR_PKG;IAS_USR_PKGIAS20142CHK_USR_FRM_PRVIA;IAS_USR_PKGIAS20142GET_USR_APPRV;IAS_USR_PKGIAS20142GET_USR_NMIAS;IAS_WCODE_PKG;IAS_WCODE_PKGIAS20142GET_WC_NMIA;YS_GEN_PKG;YS_GEN_PKGIAS20142GET_USR_FLD_PRVYS_,CREATE/SAVE;UPDATE;DELETE/VOID;POST;PRINT,FMX_STRING_EVIDENCE,oracle_forms/deep_catalog/form_field_trigger_catalog.jsonl
INVS010.fmx,INVENTORY,ONEX_INVENTORY_WINDOW_API,34,8,222,357,IAS_GEN_PKG;IAS_GEN_PKGIAS20142GET_CNTIA;IAS_GEN_PKGIAS20142GET_FLD_VALUE;IAS_GEN_PKGIAS20142GET_PROMPTIAS;IAS_GET_ENC_PASS_FNC;IAS_GET_ENC_PASS_FNCIAS20142IAS_GET_ENC_PASS_FNC;IAS_USR_PKG;IAS_USR_PKGIAS20142CHK_USR_FRM_PRVIA;IAS_USR_PKGIAS20142GET_USR_APPRV;IAS_USR_PKGIAS20142GET_USR_NMIAS;YS_GEN_PKG;YS_GEN_PKGIAS20142GET_USR_FLD_PRVYS_,CREATE/SAVE;UPDATE;DELETE/VOID;POST;PRINT,FMX_STRING_EVIDENCE,oracle_forms/deep_catalog/form_field_trigger_catalog.jsonl
INVS011.fmx,INVENTORY,ONEX_INVENTORY_WINDOW_API,34,8,231,367,IAS_GEN_PKG;IAS_GEN_PKGIAS20142GET_CNTIA;IAS_GEN_PKGIAS20142GET_FLD_VALUE;IAS_GEN_PKGIAS20142GET_PROMPTIAS;IAS_GET_ENC_PASS_FNC;IAS_GET_ENC_PASS_FNCIAS20142IAS_GET_ENC_PASS_FNC;IAS_USR_PKG;IAS_USR_PKGIAS20142CHK_USR_FRM_PRVIA;IAS_USR_PKGIAS20142GET_USR_APPRV;IAS_USR_PKGIAS20142GET_USR_NMIAS;YS_GEN_PKG;YS_GEN_PKGIAS20142GET_USR_FLD_PRVYS_,CREATE/SAVE;UPDATE;DELETE/VOID;POST;PRINT,FMX_STRING_EVIDENCE,oracle_forms/deep_catalog/form_field_trigger_catalog.jsonl
INVS012.fmx,INVENTORY,ONEX_INVENTORY_WINDOW_API,43,8,304,445,IAS_ACTV_PKG;IAS_ACTV_PKGIAS20142CHK_ACTV;IAS_ACTV_PKGIAS20142CHK_PRIV_ACTVIAS;IAS_ACTV_PKGIAS20142GET_ACTV_NAMEIAS;IAS_CC_CODE_PKG;IAS_CC_CODE_PKGIAS20142GET_CC_NAMEIA;IAS_GEN_PKG;IAS_GEN_PKGIAS20142GET_CNTIA;IAS_GEN_PKGIAS20142GET_FLD_VALUE;IAS_GET_ENC_PASS_FNC;IAS_GET_ENC_PASS_FNCIAS20142IAS_GET_ENC_PASS_FNC;IAS_PJ_PKG;IAS_PJ_PKGIAS20142GET_PJ_NAMEIAS;IAS_USR_PKG;IAS_USR_PKGIAS20142CHK_USR_FRM_PRVIA;IAS_USR_PKGIAS20142GET_USR_APPRV;IAS_USR_PKGIAS20142GET_USR_NMIAS;IAS_WCODE_PKG;IAS_WCODE_PKGIAS20142GET_WC_NMIA;YS_GEN_PKG;YS_GEN_PKGIAS20142GET_USR_FLD_PRVYS_,CREATE/SAVE;UPDATE;DELETE/VOID;POST;PRINT,FMX_STRING_EVIDENCE,oracle_forms/deep_catalog/form_field_trigger_catalog.jsonl
INVS013.fmx,INVENTORY,ONEX_INVENTORY_WINDOW_API,33,8,253,359,IAS_GEN_PKG;IAS_GEN_PKGIAS20142GET_CNTIA;IAS_GEN_PKGIAS20142GET_FLD_VALUE;IAS_GET_ENC_PASS_FNC;IAS_GET_ENC_PASS_FNCIAS20142IAS_GET_ENC_PASS_FNC;IAS_USR_PKG;IAS_USR_PKGIAS20142CHK_USR_FRM_PRVIA;IAS_USR_PKGIAS20142GET_USR_APPRV;IAS_USR_PKGIAS20142GET_USR_NMIAS;YS_GEN_PKG;YS_GEN_PKGIAS20142GET_USR_FLD_PRVYS_,CREATE/SAVE;UPDATE;DELETE/VOID;POST;PRINT,FMX_STRING_EVIDENCE,oracle_forms/deep_catalog/form_field_trigger_catalog.jsonl
INVS014.fmx,INVENTORY,ONEX_INVENTORY_WINDOW_API,33,8,63,336,IAS_GET_ENC_PASS_FNC;IAS_GET_ENC_PASS_FNCIAS20142IAS_GET_ENC_PASS_FNC;IAS_USR_PKG;IAS_USR_PKGIAS20142CHK_USR_FRM_PRVIA;IAS_USR_PKGIAS20142GET_USR_APPRV;IAS_USR_PKGIAS20142GET_USR_NMIAS;YS_GEN_PKG;YS_GEN_PKGIAS20142CHK_LOCK_RCRDY;YS_GEN_PKGIAS20142GET_USR_FLD_PRVYS_;YS_SRL_SCR_PKG;YS_SRL_SCR_PKGIAS20142GET_SYS_SQ,CREATE/SAVE;UPDATE;DELETE/VOID;POST;PRINT,FMX_STRING_EVIDENCE,oracle_forms/deep_catalog/form_field_trigger_catalog.jsonl
INVS015.fmx,INVENTORY,ONEX_INVENTORY_WINDOW_API,36,8,267,409,IAS_ACODE_PKG;IAS_ACODE_PKGIAS20142GET_AC_TYPE;IAS_GEN_PKG;IAS_GEN_PKGIAS20142GET_CNTIA;IAS_GET_ENC_PASS_FNC;IAS_GET_ENC_PASS_FNCIAS20142IAS_GET_ENC_PASS_FNC;IAS_USR_PKG;IAS_USR_PKGIAS20142CHK_USR_FRM_PRVIA;IAS_USR_PKGIAS20142GET_USR_APPRV;IAS_USR_PKGIAS20142GET_USR_NMIAS;YS_AC_DTL_PKG;YS_AC_DTL_PKGIAS20142GET_AC_DTL_TYPY;YS_GEN_PKG;YS_GEN_PKGIAS20142GET_USR_FLD_PRVYS_,CREATE/SAVE;UPDATE;DELETE/VOID;POST;PRINT,FMX_STRING_EVIDENCE,oracle_forms/deep_catalog/form_field_trigger_catalog.jsonl
INVS016.fmx,INVENTORY,ONEX_INVENTORY_WINDOW_API,12,2,251,323,IAS_GEN_PKG;IAS_GEN_PKGIAS20142GET_CURDATEIA;IAS_GEN_PKGIAS20142GET_PROMPTIAS;IAS_GEN_PKGIAS20142GET_USR_NMIAS,CREATE/SAVE;UPDATE;DELETE/VOID;PRINT,FMX_STRING_EVIDENCE,oracle_forms/deep_catalog/form_field_trigger_catalog.jsonl
INVS017.fmx,INVENTORY,ONEX_INVENTORY_WINDOW_API,33,8,251,359,IAS_GEN_PKG;IAS_GEN_PKGIAS20142GET_CNTIA;IAS_GEN_PKGIAS20142GET_FLD_VALUE;IAS_GET_ENC_PASS_FNC;IAS_GET_ENC_PASS_FNCIAS20142IAS_GET_ENC_PASS_FNC;IAS_USR_PKG;IAS_USR_PKGIAS20142CHK_USR_FRM_PRVIA;IAS_USR_PKGIAS20142GET_USR_APPRV;IAS_USR_PKGIAS20142GET_USR_NMIAS;YS_GEN_PKG;YS_GEN_PKGIAS20142GET_USR_FLD_PRVYS_,CREATE/SAVE;UPDATE;DELETE/VOID;POST;PRINT,FMX_STRING_EVIDENCE,oracle_forms/deep_catalog/form_field_trigger_catalog.jsonl
INVS018.fmx,INVENTORY,ONEX_INVENTORY_WINDOW_API,34,8,181,353,IAS_GEN_PKG;IAS_GEN_PKGIAS20142GET_CNTIA;IAS_GEN_PKGIAS20142GET_FLD_VALUE;IAS_GEN_PKGIAS20142GET_PROMPTIAS;IAS_GET_ENC_PASS_FNC;IAS_GET_ENC_PASS_FNCIAS20142IAS_GET_ENC_PASS_FNC;IAS_USR_PKG;IAS_USR_PKGIAS20142CHK_USR_FRM_PRVIA;IAS_USR_PKGIAS20142GET_USR_APPRV;IAS_USR_PKGIAS20142GET_USR_NMIAS;YS_GEN_PKG;YS_GEN_PKGIAS20142GET_USR_FLD_PRVYS_,CREATE/SAVE;UPDATE;DELETE/VOID;POST;PRINT,FMX_STRING_EVIDENCE,oracle_forms/deep_catalog/form_field_trigger_catalog.jsonl
INVS020.fmx,INVENTORY,ONEX_INVENTORY_WINDOW_API,32,8,254,381,IAS_GEN_PKG;IAS_GEN_PKGIAS20142GET_PROMPTIAS;IAS_GET_ENC_PASS_FNC;IAS_GET_ENC_PASS_FNCIAS20142IAS_GET_ENC_PASS_FNC;IAS_USR_PKG;IAS_USR_PKGIAS20142CHK_USR_FRM_PRVIA;IAS_USR_PKGIAS20142GET_USR_APPRV;IAS_USR_PKGIAS20142GET_USR_NMIAS;YS_GEN_PKG;YS_GEN_PKGIAS20142GET_USR_FLD_PRVYS_,CREATE/SAVE;UPDATE;DELETE/VOID;POST;PRINT,FMX_STRING_EVIDENCE,oracle_forms/deep_catalog/form_field_trigger_catalog.jsonl
INVS021.fmx,INVENTORY,ONEX_INVENTORY_WINDOW_API,34,8,218,370,IAS_GEN_PKG;IAS_GEN_PKGIAS20142GET_CNTIA;IAS_GEN_PKGIAS20142GET_FLD_VALUE;IAS_GEN_PKGIAS20142GET_PROMPTIAS;IAS_GET_ENC_PASS_FNC;IAS_GET_ENC_PASS_FNCIAS20142IAS_GET_ENC_PASS_FNC;IAS_USR_PKG;IAS_USR_PKGIAS20142CHK_USR_FRM_PRVIA;IAS_USR_PKGIAS20142GET_USR_APPRV;IAS_USR_PKGIAS20142GET_USR_NMIAS;YS_GEN_PKG;YS_GEN_PKGIAS20142GET_USR_FLD_PRVYS_,CREATE/SAVE;UPDATE;DELETE/VOID;POST;PRINT,FMX_STRING_EVIDENCE,oracle_forms/deep_catalog/form_field_trigger_catalog.jsonl
INVT001.fmx,INVENTORY,ONEX_INVENTORY_WINDOW_API,90,7,1116,1514,IAS_ACTV_PKG;IAS_ACTV_PKGIAS20142CHK_ACTV;IAS_ACTV_PKGIAS20142CHK_PRIV_ACTVIAS;IAS_ATTACH_ITM_PKG;IAS_ATTACH_ITM_PKGIAS20142GET_ATTACH_ICODE_AVLQTYIAS;IAS_ATTACH_ITM_PKGIAS20142GET_ATTACH_NAMEIAS;IAS_AUDIT_OTHR_PKG;IAS_AUDIT_OTHR_PKGIAS20142AUDIT_OTHR_PRC;IAS_AUD_SYS_PKG;IAS_AUD_SYS_PKGIAS20142ADD_DOC_DELIA;IAS_CHECK_SYS_PKG;IAS_CHECK_SYS_PKGIAS20142CHECK_INV_CLOSE;IAS_DOC_SERIAL_PKG;IAS_DOC_SERIAL_PKGIAS20142REQUEST_OUT_TRNSFR_SERIALI;IAS_GEN_PKG;IAS_GEN_PKGIAS20142GET_;IAS_GEN_PKGIAS20142GET_CNTIA;IAS_GEN_PKGIAS20142GET_CURDATEIA;IAS_GEN_PKGIAS20142GET_DELETE_DOC_PERIOD;IAS_GEN_PKGIAS20142GET_FINAL_DAY;IAS_GEN_PKGIAS20142GET_FLD_VALUE;IAS_GEN_PKGIAS20142GET_FRST_DAYI;IAS_GEN_PKGIAS20142GET_LEV_PRVIA;IAS_GEN_PKGIAS20142GET_MSGIA;IAS_GEN_PKGIAS20142GET_PROMPTIAS;IAS_GEN_PKGIAS20142GET_SYSDATEIA;IAS_GEN_PKGIAS20142GET_UPDATE_DOC_PERIOD;IAS_GEN_PKGIAS20142GET_USR_NMIAS;IAS_GET_DOC_DEL_FNC;IAS_GET_ENC_PASS_FNC;IAS_GET_ENC_PASS_FNCIAS20142IAS_GET_ENC_PASS_FNC;IAS_ITM_PKG;IAS_ITM_PKGIAS20142CHECK_SRV_ITM;IAS_ITM_PKGIAS20142CHK_ICODE_UNITIAS;IAS_ITM_PKGIAS20142GET_ICODE_ONE_UNITIAS;IAS_ITM_PKGIAS20142GET_ICODE_SIZE_UNITIA;IAS_ITM_PKGIAS20142GET_ICODE_UNIT_BY_LVL;IAS_ITM_PKGIAS20142GET_ICODE_VNDRIAS;IAS_ITM_PKGIAS20142GET_ITM_UNT_LVLIA;IAS_ITM_PKGIAS20142GET_I_CODEIAS,CREATE/SAVE;UPDATE;DELETE/VOID;POST;PRINT,FMX_STRING_EVIDENCE,oracle_forms/deep_catalog/form_field_trigger_catalog.jsonl
INVT002.fmx,INVENTORY,ONEX_INVENTORY_WINDOW_API,89,7,837,1195,IAS_ACTV_PKG;IAS_ACTV_PKGIAS20142CHK_ACTV;IAS_ACTV_PKGIAS20142CHK_PRIV_ACTVIAS;IAS_ATTACH_ITM_PKG;IAS_ATTACH_ITM_PKGIAS20142GET_ATTACH_ICODE_AVLQTYIAS;IAS_ATTACH_ITM_PKGIAS20142GET_ATTACH_NAMEIAS;IAS_AUDIT_OTHR_PKG;IAS_AUDIT_OTHR_PKGIAS20142AUDIT_OTHR_PRC;IAS_AUD_SYS_PKG;IAS_AUD_SYS_PKGIAS20142ADD_DOC_DELIA;IAS_CC_CODE_PKG;IAS_CC_CODE_PKGIAS20142GET_CC_NAMEIA;IAS_CHECK_SYS_PKG;IAS_CHECK_SYS_PKGIAS20142CHECK_INV_CLOSE;IAS_DOC_SERIAL_PKG;IAS_DOC_SERIAL_PKGIAS20142GR_INCOMING_SERIAL;IAS_GEN_PKG;IAS_GEN_PKGIAS20142GET_;IAS_GEN_PKGIAS20142GET_CNTIA;IAS_GEN_PKGIAS20142GET_CURDATEIA;IAS_GEN_PKGIAS20142GET_DELETE_DOC_PERIOD;IAS_GEN_PKGIAS20142GET_FLD_VALUE;IAS_GEN_PKGIAS20142GET_LEV_PRVIA;IAS_GEN_PKGIAS20142GET_MSGIA;IAS_GEN_PKGIAS20142GET_PROMPTIAS;IAS_GEN_PKGIAS20142GET_SYSDATEIA;IAS_GEN_PKGIAS20142GET_UPDATE_DOC_PERIOD;IAS_GEN_PKGIAS20142GET_USR_NMIAS;IAS_GET_DOC_DEL_FNC;IAS_GET_ENC_PASS_FNC;IAS_GET_ENC_PASS_FNCIAS20142IAS_GET_ENC_PASS_FNC;IAS_ITM_PKG;IAS_ITM_PKGIAS20142CHECK_SRV_ITM;IAS_ITM_PKGIAS20142CHK_ICODE_UNITIAS;IAS_ITM_PKGIAS20142GET_ICODE_ONE_UNITIAS;IAS_ITM_PKGIAS20142GET_ICODE_SIZE_UNITIA;IAS_ITM_PKGIAS20142GET_ICODE_UNIT_BY_LVL;IAS_ITM_PKGIAS20142GET_ICODE_VNDRIAS;IAS_ITM_PKGIAS20142GET_ITM_UNT_LVLIA;IAS_ITM_PKGIAS20142GET_I_CODEIAS,CREATE/SAVE;UPDATE;DELETE/VOID;POST;PRINT,FMX_STRING_EVIDENCE,oracle_forms/deep_catalog/form_field_trigger_catalog.jsonl
INVT003.fmx,INVENTORY,ONEX_INVENTORY_WINDOW_API,160,8,1702,2469,IAS_ACODE_PKG;IAS_ACODE_PKGIAS20142CHECK_ACYIA;IAS_ACODE_PKGIAS20142CHK_AC_CODE;IAS_ACODE_PKGIAS20142GET_AC_TYPE;IAS_ACODE_PKGIAS20142GET_CNT_ACY;IAS_ACODE_PKGIAS20142GET_ONE_ACY_ACI;IAS_ACTV_PKG;IAS_ACTV_PKGIAS20142CHK_ACTV;IAS_ACTV_PKGIAS20142CHK_PRIV_ACTVIAS;IAS_ATTACH_ITM_PKG;IAS_ATTACH_ITM_PKGIAS20142GET_ATTACH_ICODE_AVLQTYIAS;IAS_ATTACH_ITM_PKGIAS20142GET_ATTACH_ICODE_OUTIA;IAS_ATTACH_ITM_PKGIAS20142GET_ATTACH_NAMEIAS;IAS_AUDIT_PKG;IAS_AUDIT_PKGIAS20142AUDIT_PRCIA;IAS_AUD_SYS_PKG;IAS_AUD_SYS_PKGIAS20142ADD_DOC_DELIA;IAS_BRN_PKG;IAS_BRN_PKGIAS20142GET_CST_BRN_CONNI;IAS_BRN_PKGIAS20142GET_VND_BRN_CONNI;IAS_CC_CODE_PKG;IAS_CC_CODE_PKGIAS20142CHECK_CC_PJIA;IAS_CHECK_LIGHT_TRANS_FNC;IAS_CHECK_SYS_PKG;IAS_CHECK_SYS_PKGIAS20142CHECK_AC_ACY_INCTVI;IAS_CHECK_SYS_PKGIAS20142CHECK_AC_CC;IAS_CHECK_SYS_PKGIAS20142CHECK_CUR_RATEI;IAS_CHECK_SYS_PKGIAS20142CHECK_INV_CLOSE;IAS_CHECK_SYS_PKGIAS20142CHECK_LMT_COST_ITMI;IAS_CHECK_SYS_PKGIAS20142CHECK_USE_CCIAS;IAS_CHK_LGHT_BRN_FNC;IAS_CHK_LGHT_BRN_FNCIAS20142IAS_CHK_LGHT_BRN_FNC;IAS_CSHBNK_PKG;IAS_CSHBNK_PKGIAS20142CHECK_ACYI;IAS_CSHBNK_PKGIAS20142CHK_AC_CSH_BNK;IAS_CSHBNK_PKGIAS20142CHK_CB_BRN;IAS_CSHBNK_PKGIAS20142GET_CB_NOI;IAS_CST_PKG;IAS_CST_PKGIAS20142CHECK_ACY;IAS_CST_PKGIAS20142GET_C_CODEIAS,CREATE/SAVE;UPDATE;DELETE/VOID;POST;PRINT,FMX_STRING_EVIDENCE,oracle_forms/deep_catalog/form_field_trigger_catalog.jsonl
INVT004.fmx,INVENTORY,ONEX_INVENTORY_WINDOW_API,165,8,1601,2261,IAS_ACODE_PKG;IAS_ACODE_PKGIAS20142CHECK_ACYIA;IAS_ACODE_PKGIAS20142CHK_AC_CODE;IAS_ACODE_PKGIAS20142GET_AC_TYPE;IAS_ACODE_PKGIAS20142GET_CNT_ACY;IAS_ACODE_PKGIAS20142GET_ONE_ACY_ACI;IAS_ACTV_PKG;IAS_ACTV_PKGIAS20142CHK_ACTV;IAS_ACTV_PKGIAS20142CHK_PRIV_ACTVIAS;IAS_ATTACH_ITM_PKG;IAS_ATTACH_ITM_PKGIAS20142GET_ATTACH_ICODE_AVLQTYIAS;IAS_ATTACH_ITM_PKGIAS20142GET_ATTACH_ICODE_OUTIA;IAS_ATTACH_ITM_PKGIAS20142GET_ATTACH_NAMEIAS;IAS_ATTACH_ITM_PKGIAS20142IAS_GET_ICODE_ATTCH_RSRV_QTYIA;IAS_AUDIT_PKG;IAS_AUDIT_PKGIAS20142AUDIT_PRCIA;IAS_AUD_SYS_PKG;IAS_AUD_SYS_PKGIAS20142ADD_DOC_DELIA;IAS_BRN_PKG;IAS_BRN_PKGIAS20142GET_CST_BRN_CONNI;IAS_BRN_PKGIAS20142GET_VND_BRN_CONNI;IAS_CC_CODE_PKG;IAS_CC_CODE_PKGIAS20142CHECK_CC_PJIA;IAS_CHECK_LIGHT_TRANS_FNC;IAS_CHECK_SYS_PKG;IAS_CHECK_SYS_PKGIAS20142CHECK_AC_ACY_INCTVI;IAS_CHECK_SYS_PKGIAS20142CHECK_AC_CC;IAS_CHECK_SYS_PKGIAS20142CHECK_CUR_RATEI;IAS_CHECK_SYS_PKGIAS20142CHECK_INV_CLOSE;IAS_CHECK_SYS_PKGIAS20142CHECK_USE_CCIAS;IAS_CHK_LGHT_BRN_FNC;IAS_CHK_LGHT_BRN_FNCIAS20142IAS_CHK_LGHT_BRN_FNC;IAS_CSHBNK_PKG;IAS_CSHBNK_PKGIAS20142CHECK_ACYI;IAS_CSHBNK_PKGIAS20142CHK_AC_CSH_BNK;IAS_CSHBNK_PKGIAS20142CHK_CB_BRN;IAS_CSHBNK_PKGIAS20142GET_CB_NOI;IAS_CST_PKG;IAS_CST_PKGIAS20142CHECK_ACY;IAS_CST_PKGIAS20142GET_CREDIT_LMTIAS,CREATE/SAVE;UPDATE;DELETE/VOID;POST;PRINT,FMX_STRING_EVIDENCE,oracle_forms/deep_catalog/form_field_trigger_catalog.jsonl
INVT005.fmx,INVENTORY,ONEX_INVENTORY_WINDOW_API,139,8,1554,2153,IAS_ACODE_PKG;IAS_ACODE_PKGIAS20142GET_AC_TYPE;IAS_ACODE_PKGIAS20142GET_A_NAMEI;IAS_ACTV_PKG;IAS_ACTV_PKGIAS20142CHK_ACTV;IAS_ACTV_PKGIAS20142CHK_PRIV_ACTVIAS;IAS_ATTACH_ITM_PKG;IAS_ATTACH_ITM_PKGIAS20142GET_ATTACH_ICODE_AVLQTYIAS;IAS_ATTACH_ITM_PKGIAS20142GET_ATTACH_ICODE_OUTIA;IAS_ATTACH_ITM_PKGIAS20142GET_ATTACH_NAMEIAS;IAS_ATTACH_ITM_PKGIAS20142IAS_GET_ICODE_ATTCH_RSRV_QTYIA;IAS_AUDIT_PKG;IAS_AUDIT_PKGIAS20142AUDIT_PRCIA;IAS_AUD_SYS_PKG;IAS_AUD_SYS_PKGIAS20142ADD_DOC_DELIA;IAS_BRN_PKG;IAS_BRN_PKGIAS20142GET_BR_CMPIAS;IAS_CHECK_LIGHT_TRANS_FNC;IAS_CHECK_SYS_PKG;IAS_CHECK_SYS_PKGIAS20142CHECK_AC_CC;IAS_CHECK_SYS_PKGIAS20142CHECK_CUR_RATEI;IAS_CHECK_SYS_PKGIAS20142CHECK_INV_CLOSE;IAS_CHECK_SYS_PKGIAS20142CHECK_USE_CCIAS;IAS_CHK_LGHT_BRN_FNC;IAS_CHK_LGHT_BRN_FNCIAS20142IAS_CHK_LGHT_BRN_FNC;IAS_CSHBNK_PKG;IAS_CSHBNK_PKGIAS20142CHK_AC_CSH_BNK;IAS_DBS_SYS_PKG;IAS_DBS_SYS_PKGIAS20142CHECK_OBJECTI;IAS_DOC_SERIAL_PKG;IAS_DOC_SERIAL_PKGIAS20142TRANSFER_IN_SERIAL;IAS_DOC_SERIAL_PKGIAS20142TRANSFER_OUT_SERIALIAS;IAS_GEN_PKG;IAS_GEN_PKGIAS20142GET_;IAS_GEN_PKGIAS20142GET_CNTIA;IAS_GEN_PKGIAS20142GET_CURDATEIA;IAS_GEN_PKGIAS20142GET_CUR_RATEI;IAS_GEN_PKGIAS20142GET_DELETE_DOC_PERIOD;IAS_GEN_PKGIAS20142GET_FLD_VALUE;IAS_GEN_PKGIAS20142GET_HIGH_PRICEIAS,CREATE/SAVE;UPDATE;DELETE/VOID;POST;PRINT,FMX_STRING_EVIDENCE,oracle_forms/deep_catalog/form_field_trigger_catalog.jsonl
INVT006.fmx,INVENTORY,ONEX_INVENTORY_WINDOW_API,132,8,1288,2019,IAS_ACODE_PKG;IAS_ACODE_PKGIAS20142GET_AC_TYPE;IAS_ACODE_PKGIAS20142GET_A_NAMEI;IAS_ACTV_PKG;IAS_ACTV_PKGIAS20142CHK_ACTV;IAS_ACTV_PKGIAS20142CHK_PRIV_ACTVIAS;IAS_ATTACH_ITM_PKG;IAS_ATTACH_ITM_PKGIAS20142GET_ATTACH_ICODE_AVLQTYIAS;IAS_ATTACH_ITM_PKGIAS20142GET_ATTACH_ICODE_OUTIA;IAS_ATTACH_ITM_PKGIAS20142GET_ATTACH_NAMEIAS;IAS_AUDIT_PKG;IAS_AUDIT_PKGIAS20142AUDIT_PRCIA;IAS_AUD_SYS_PKG;IAS_AUD_SYS_PKGIAS20142ADD_DOC_DELIA;IAS_CHECK_LIGHT_TRANS_FNC;IAS_CHECK_SYS_PKG;IAS_CHECK_SYS_PKGIAS20142CHECK_AC_CC;IAS_CHECK_SYS_PKGIAS20142CHECK_CUR_RATEI;IAS_CHECK_SYS_PKGIAS20142CHECK_INV_CLOSE;IAS_CHECK_SYS_PKGIAS20142CHECK_USE_CCIAS;IAS_CHK_LGHT_BRN_FNC;IAS_CHK_LGHT_BRN_FNCIAS20142IAS_CHK_LGHT_BRN_FNC;IAS_CSHBNK_PKG;IAS_CSHBNK_PKGIAS20142CHK_AC_CSH_BNK;IAS_DOC_SERIAL_PKG;IAS_DOC_SERIAL_PKGIAS20142TRANSFER_IN_SERIAL;IAS_GEN_PKG;IAS_GEN_PKGIAS20142GET_;IAS_GEN_PKGIAS20142GET_CNTIA;IAS_GEN_PKGIAS20142GET_CURDATEIA;IAS_GEN_PKGIAS20142GET_CUR_RATEI;IAS_GEN_PKGIAS20142GET_DELETE_DOC_PERIOD;IAS_GEN_PKGIAS20142GET_FINAL_DAY;IAS_GEN_PKGIAS20142GET_FLD_VALUE;IAS_GEN_PKGIAS20142GET_FRST_DAYI;IAS_GEN_PKGIAS20142GET_LEV_PRVIA;IAS_GEN_PKGIAS20142GET_LOCAL_CUR;IAS_GEN_PKGIAS20142GET_MSGIA;IAS_GEN_PKGIAS20142GET_PROMPTIAS;IAS_GEN_PKGIAS20142GET_STK_CURIA,CREATE/SAVE;UPDATE;DELETE/VOID;POST;PRINT,FMX_STRING_EVIDENCE,oracle_forms/deep_catalog/form_field_trigger_catalog.jsonl
INVT007.fmx,INVENTORY,ONEX_INVENTORY_WINDOW_API,121,8,1250,1592,IAS_ACODE_PKG;IAS_ACODE_PKGIAS20142GET_AC_TYPE;IAS_ACODE_PKGIAS20142GET_A_NAMEI;IAS_ACTV_PKG;IAS_ACTV_PKGIAS20142CHK_ACTV;IAS_ACTV_PKGIAS20142CHK_PRIV_ACTVIAS;IAS_AUDIT_PKG;IAS_AUDIT_PKGIAS20142AUDIT_PRCIA;IAS_AUD_SYS_PKG;IAS_AUD_SYS_PKGIAS20142ADD_DOC_DELIA;IAS_BRN_PKG;IAS_BRN_PKGIAS20142GET_BR_CMPIAS;IAS_BRN_PKGIAS20142GET_VND_BRN_CONNI;IAS_CHECK_LIGHT_TRANS_FNC;IAS_CHECK_SYS_PKG;IAS_CHECK_SYS_PKGIAS20142CHECK_AC_ACY_INCTVI;IAS_CHECK_SYS_PKGIAS20142CHECK_AC_CC;IAS_CHECK_SYS_PKGIAS20142CHECK_INV_CLOSE;IAS_CHECK_SYS_PKGIAS20142CHECK_LMT_COST_ITMI;IAS_CHECK_SYS_PKGIAS20142CHECK_USE_CCIAS;IAS_CSHBNK_PKG;IAS_CSHBNK_PKGIAS20142CHK_AC_CSH_BNK;IAS_DBS_SYS_PKG;IAS_DBS_SYS_PKGIAS20142CHECK_OBJECTI;IAS_DOC_SERIAL_PKG;IAS_DOC_SERIAL_PKGIAS20142STK_ADJ_SERIAL;IAS_GEN_PKG;IAS_GEN_PKGIAS20142GET_;IAS_GEN_PKGIAS20142GET_CNTIA;IAS_GEN_PKGIAS20142GET_CURDATEIA;IAS_GEN_PKGIAS20142GET_CUR_RATEI;IAS_GEN_PKGIAS20142GET_DELETE_DOC_PERIOD;IAS_GEN_PKGIAS20142GET_FINAL_DAY;IAS_GEN_PKGIAS20142GET_FLD_VALUE;IAS_GEN_PKGIAS20142GET_FLG_NMIAS;IAS_GEN_PKGIAS20142GET_FRST_DAYI;IAS_GEN_PKGIAS20142GET_LEV_PRVIA;IAS_GEN_PKGIAS20142GET_MSGIA;IAS_GEN_PKGIAS20142GET_PROMPTIAS;IAS_GEN_PKGIAS20142GET_SYSDATEIA,CREATE/SAVE;UPDATE;DELETE/VOID;POST;PRINT,FMX_STRING_EVIDENCE,oracle_forms/deep_catalog/form_field_trigger_catalog.jsonl
INVT008.fmx,INVENTORY,ONEX_INVENTORY_WINDOW_API,76,8,1053,1266,IAS_AUD_SYS_PKG;IAS_AUD_SYS_PKGIAS20142ADD_DOC_DELIA;IAS_BRN_PKG;IAS_BRN_PKGIAS20142GET_BR_CMPIAS;IAS_CHECK_SYS_PKG;IAS_CHECK_SYS_PKGIAS20142CHECK_INV_CLOSE;IAS_DBS_SYS_PKG;IAS_DBS_SYS_PKGIAS20142CHECK_OBJECTI;IAS_DBS_SYS_PKGIAS20142GET_CONS_NAME;IAS_DOC_SERIAL_PKG;IAS_DOC_SERIAL_PKGIAS20142MAN_INV_SERIAL;IAS_GEN_PKG;IAS_GEN_PKGIAS20142GET_CNTIA;IAS_GEN_PKGIAS20142GET_CURDATEIA;IAS_GEN_PKGIAS20142GET_DELETE_DOC_PERIOD;IAS_GEN_PKGIAS20142GET_FLD_VALUE;IAS_GEN_PKGIAS20142GET_LEV_PRVIA;IAS_GEN_PKGIAS20142GET_MSGIA;IAS_GEN_PKGIAS20142GET_ONE_WCODE;IAS_GEN_PKGIAS20142GET_PROMPTIAS;IAS_GEN_PKGIAS20142GET_SYSDATEIA;IAS_GEN_PKGIAS20142GET_UPDATE_DOC_PERIOD;IAS_GET_DOC_DEL_FNC;IAS_GET_ENC_PASS_FNC;IAS_GET_ENC_PASS_FNCIAS20142IAS_GET_ENC_PASS_FNC;IAS_ITM_PKG;IAS_ITM_PKGIAS20142CHECK_SRV_ITM;IAS_ITM_PKGIAS20142CHK_ICODE_UNITIAS;IAS_ITM_PKGIAS20142GET_ICODE_MAN_INV_UNITIAS;IAS_ITM_PKGIAS20142GET_ICODE_MIN_UNITIAS;IAS_ITM_PKGIAS20142GET_ICODE_ONE_UNITIAS;IAS_ITM_PKGIAS20142GET_ICODE_SIZE_UNITIA;IAS_ITM_PKGIAS20142GET_ICODE_UNIT_BY_LVL;IAS_ITM_PKGIAS20142GET_ICODE_VNDRIAS;IAS_ITM_PKGIAS20142GET_I_CODEIAS;IAS_USR_PKG;IAS_USR_PKGIAS20142CHK_USR_FRM_PRVIA;IAS_USR_PKGIAS20142GET_USR_APPRV;IAS_USR_PKGIAS20142GET_USR_NMIAS;IAS_WCODE_PKG,CREATE/SAVE;UPDATE;DELETE/VOID;POST;PRINT,FMX_STRING_EVIDENCE,oracle_forms/deep_catalog/form_field_trigger_catalog.jsonl
INVT009.fmx,INVENTORY,ONEX_INVENTORY_WINDOW_API,50,8,353,523,IAS_AUD_SYS_PKG;IAS_AUD_SYS_PKGIAS20142ADD_DOC_DELIA;IAS_CHK_BRN_UP_DEL_FNC;IAS_CHK_BRN_UP_DEL_FNCIAS20142IAS_CHK_BRN_UP_DEL_FNC;IAS_GEN_PKG;IAS_GEN_PKGIAS20142GET_CURDATEIA;IAS_GEN_PKGIAS20142GET_DELETE_DOC_PERIOD;IAS_GEN_PKGIAS20142GET_FLD_VALUE;IAS_GEN_PKGIAS20142GET_SYSDATEIA;IAS_GEN_PKGIAS20142GET_UPDATE_DOC_PERIOD;IAS_GET_DOC_DEL_FNC;IAS_GET_ENC_PASS_FNC;IAS_GET_ENC_PASS_FNCIAS20142IAS_GET_ENC_PASS_FNC;IAS_ITM_PKG;IAS_ITM_PKGIAS20142CHECK_SRV_ITM;IAS_ITM_PKGIAS20142CHK_ICODE_UNITIAS;IAS_ITM_PKGIAS20142GET_ICODE_ONE_UNITIAS;IAS_ITM_PKGIAS20142GET_ICODE_SIZE_UNITIA;IAS_ITM_PKGIAS20142GET_ICODE_UNIT_BY_LVL;IAS_ITM_PKGIAS20142GET_ICODE_VNDRIAS;IAS_ITM_PKGIAS20142GET_I_CODEIAS;IAS_USR_PKG;IAS_USR_PKGIAS20142CHK_USR_FRM_PRVIA;IAS_USR_PKGIAS20142GET_USR_APPRV;IAS_USR_PKGIAS20142GET_USR_NMIAS;YS_GEN_PKG;YS_GEN_PKGIAS20142GET_USR_FLD_PRVYS_,CREATE/SAVE;UPDATE;DELETE/VOID;POST;PRINT,FMX_STRING_EVIDENCE,oracle_forms/deep_catalog/form_field_trigger_catalog.jsonl
INVT010.fmx,INVENTORY,ONEX_INVENTORY_WINDOW_API,52,8,410,547,IAS_AUD_SYS_PKG;IAS_AUD_SYS_PKGIAS20142ADD_DOC_DELIA;IAS_CHK_BRN_UP_DEL_FNC;IAS_CHK_BRN_UP_DEL_FNCIAS20142IAS_CHK_BRN_UP_DEL_FNC;IAS_GEN_PKG;IAS_GEN_PKGIAS20142GET_CURDATEIA;IAS_GEN_PKGIAS20142GET_DELETE_DOC_PERIOD;IAS_GEN_PKGIAS20142GET_FLD_VALUE;IAS_GEN_PKGIAS20142GET_PROMPTIAS;IAS_GEN_PKGIAS20142GET_SYSDATEIA;IAS_GEN_PKGIAS20142GET_UPDATE_DOC_PERIOD;IAS_GEN_PKGIAS20142GET_USR_NMIAS;IAS_GET_DOC_DEL_FNC;IAS_GET_ENC_PASS_FNC;IAS_GET_ENC_PASS_FNCIAS20142IAS_GET_ENC_PASS_FNC;IAS_ITM_PKG;IAS_ITM_PKGIAS20142CHECK_SRV_ITM;IAS_ITM_PKGIAS20142CHK_ICODE_UNITIAS;IAS_ITM_PKGIAS20142GET_ICODE_ONE_UNITIAS;IAS_ITM_PKGIAS20142GET_ICODE_SIZE_UNITIA;IAS_ITM_PKGIAS20142GET_ICODE_UNIT_BY_LVL;IAS_ITM_PKGIAS20142GET_ICODE_VNDRIAS;IAS_ITM_PKGIAS20142GET_I_CODEIAS;IAS_USR_PKG;IAS_USR_PKGIAS20142CHK_USR_FRM_PRVIA;IAS_USR_PKGIAS20142GET_USR_APPRV;IAS_USR_PKGIAS20142GET_USR_NMIAS;YS_GEN_PKG;YS_GEN_PKGIAS20142GET_USR_FLD_PRVYS_,CREATE/SAVE;UPDATE;DELETE/VOID;POST;PRINT,FMX_STRING_EVIDENCE,oracle_forms/deep_catalog/form_field_trigger_catalog.jsonl
INVT011.fmx,INVENTORY,ONEX_INVENTORY_WINDOW_API,106,8,698,960,IAS_ACODE_PKG;IAS_ACODE_PKGIAS20142CHK_AC_CODE;IAS_ACODE_PKGIAS20142GET_AC_TYPE;IAS_ACODE_PKGIAS20142GET_A_NAMEI;IAS_ACODE_PKGIAS20142GET_CNT_ACY;IAS_ACODE_PKGIAS20142GET_ONE_ACY_ACI;IAS_ACTV_PKG;IAS_ACTV_PKGIAS20142CHK_ACTV;IAS_ACTV_PKGIAS20142CHK_PRIV_ACTVIAS;IAS_ACTV_PKGIAS20142GET_ACTV_NAMEIAS;IAS_AUDIT_PKG;IAS_AUDIT_PKGIAS20142AUDIT_PRCIA;IAS_AUD_SYS_PKG;IAS_AUD_SYS_PKGIAS20142ADD_DOC_DELIA;IAS_CC_CODE_PKG;IAS_CC_CODE_PKGIAS20142GET_CC_NAMEIA;IAS_CHECK_SYS_PKG;IAS_CHECK_SYS_PKGIAS20142CHECK_INV_CLOSE;IAS_CSHBNK_PKG;IAS_CSHBNK_PKGIAS20142CHECK_ACYI;IAS_CSHBNK_PKGIAS20142CHK_AC_CSH_BNK;IAS_CSHBNK_PKGIAS20142GET_CB_NAMEIAS;IAS_GEN_PKG;IAS_GEN_PKGIAS20142GET_CNTIA;IAS_GEN_PKGIAS20142GET_CURDATEIA;IAS_GEN_PKGIAS20142GET_CUR_RATEI;IAS_GEN_PKGIAS20142GET_DELETE_DOC_PERIOD;IAS_GEN_PKGIAS20142GET_FLD_VALUE;IAS_GEN_PKGIAS20142GET_PROMPTIAS;IAS_GEN_PKGIAS20142GET_STK_CURIA;IAS_GEN_PKGIAS20142GET_SYSDATEIA;IAS_GEN_PKGIAS20142GET_USR_NMIAS;IAS_GET_DOC_DEL_FNC;IAS_GET_ENC_PASS_FNC;IAS_GET_ENC_PASS_FNCIAS20142IAS_GET_ENC_PASS_FNC;IAS_ITM_INV_PKG;IAS_ITM_INV_PKGIAS20142GET_ITM_COSTI;IAS_ITM_INV_PKGIAS20142INSRT_GR_DTLI;IAS_ITM_INV_PKGIAS20142INSRT_GR_MSTI;IAS_ITM_INV_PKGIAS20142INSRT_IAS_ITM_WCODEIA,CREATE/SAVE;UPDATE;DELETE/VOID;POST;PRINT,FMX_STRING_EVIDENCE,oracle_forms/deep_catalog/form_field_trigger_catalog.jsonl
INVT012.fmx,INVENTORY,ONEX_INVENTORY_WINDOW_API,80,8,622,809,IAS_ACTV_PKG;IAS_ACTV_PKGIAS20142CHK_ACTV;IAS_ACTV_PKGIAS20142CHK_PRIV_ACTVIAS;IAS_ACTV_PKGIAS20142GET_ACTV_NAMEIAS;IAS_AUD_SYS_PKG;IAS_AUD_SYS_PKGIAS20142ADD_DOC_DELIA;IAS_CC_CODE_PKG;IAS_CC_CODE_PKGIAS20142GET_CC_NAMEIA;IAS_CHECK_SYS_PKG;IAS_CHECK_SYS_PKGIAS20142CHECK_INV_CLOSE;IAS_GEN_PKG;IAS_GEN_PKGIAS20142GET_CNTIA;IAS_GEN_PKGIAS20142GET_CURDATEIA;IAS_GEN_PKGIAS20142GET_CUR_RATEI;IAS_GEN_PKGIAS20142GET_FLD_VALUE;IAS_GEN_PKGIAS20142GET_PROMPTIAS;IAS_GEN_PKGIAS20142GET_SYSDATEIA;IAS_GEN_PKGIAS20142GET_USR_NMIAS;IAS_GET_DOC_DEL_FNC;IAS_GET_ENC_PASS_FNC;IAS_GET_ENC_PASS_FNCIAS20142IAS_GET_ENC_PASS_FNC;IAS_ITM_INV_PKG;IAS_ITM_INV_PKGIAS20142GET_ITM_COSTI;IAS_ITM_INV_PKGIAS20142INSRT_GR_DTLI;IAS_ITM_INV_PKGIAS20142INSRT_GR_MSTI;IAS_ITM_INV_PKGIAS20142INSRT_IAS_ITM_WCODEIA;IAS_ITM_INV_PKGIAS20142INSRT_ITEM_MOVEIA;IAS_ITM_INV_PKGIAS20142INSRT_SALE_COSTIA;IAS_ITM_PKG;IAS_ITM_PKGIAS20142CHECK_KIT_ITM;IAS_ITM_PKGIAS20142CHECK_SRV_ITM;IAS_ITM_PKGIAS20142CHK_ICODE_UNITIAS;IAS_ITM_PKGIAS20142GET_GRAND_WTAVGIA;IAS_ITM_PKGIAS20142GET_ICODE_MIN_UNITIAS;IAS_ITM_PKGIAS20142GET_ICODE_ONE_UNITIAS;IAS_ITM_PKGIAS20142GET_ICODE_SALES_UNITI;IAS_ITM_PKGIAS20142GET_ICODE_SIZE_UNITIA;IAS_ITM_PKGIAS20142GET_ICODE_UNIT_BY_LVL;IAS_ITM_PKGIAS20142GET_ICODE_VNDRIAS;IAS_ITM_PKGIAS20142GET_I_CODEIAS,CREATE/SAVE;UPDATE;DELETE/VOID;POST;PRINT,FMX_STRING_EVIDENCE,oracle_forms/deep_catalog/form_field_trigger_catalog.jsonl
INVT013.fmx,INVENTORY,ONEX_INVENTORY_WINDOW_API,50,8,388,542,IAS_AUD_SYS_PKG;IAS_AUD_SYS_PKGIAS20142ADD_DOC_DELIA;IAS_CHK_BRN_UP_DEL_FNC;IAS_CHK_BRN_UP_DEL_FNCIAS20142IAS_CHK_BRN_UP_DEL_FNC;IAS_GEN_PKG;IAS_GEN_PKGIAS20142GET_CURDATEIA;IAS_GEN_PKGIAS20142GET_DELETE_DOC_PERIOD;IAS_GEN_PKGIAS20142GET_FLD_VALUE;IAS_GEN_PKGIAS20142GET_SYSDATEIA;IAS_GEN_PKGIAS20142GET_UPDATE_DOC_PERIOD;IAS_GET_DOC_DEL_FNC;IAS_GET_ENC_PASS_FNC;IAS_GET_ENC_PASS_FNCIAS20142IAS_GET_ENC_PASS_FNC;IAS_ITM_PKG;IAS_ITM_PKGIAS20142CHECK_SRV_ITM;IAS_ITM_PKGIAS20142CHK_ICODE_UNITIAS;IAS_ITM_PKGIAS20142GET_ICODE_ONE_UNITIAS;IAS_ITM_PKGIAS20142GET_ICODE_SIZE_UNITIA;IAS_ITM_PKGIAS20142GET_ICODE_UNIT_BY_LVL;IAS_ITM_PKGIAS20142GET_ICODE_VNDRIAS;IAS_ITM_PKGIAS20142GET_I_CODEIAS;IAS_USR_PKG;IAS_USR_PKGIAS20142CHK_USR_FRM_PRVIA;IAS_USR_PKGIAS20142GET_USR_APPRV;IAS_USR_PKGIAS20142GET_USR_NMIAS;YS_GEN_PKG;YS_GEN_PKGIAS20142GET_USR_FLD_PRVYS_,CREATE/SAVE;UPDATE;DELETE/VOID;POST;PRINT,FMX_STRING_EVIDENCE,oracle_forms/deep_catalog/form_field_trigger_catalog.jsonl
INVT014.fmx,INVENTORY,ONEX_INVENTORY_WINDOW_API,49,8,373,561,IAS_AUD_SYS_PKG;IAS_AUD_SYS_PKGIAS20142ADD_DOC_DELIA;IAS_CHK_BRN_UP_DEL_FNC;IAS_CHK_BRN_UP_DEL_FNCIAS20142IAS_CHK_BRN_UP_DEL_FNC;IAS_GEN_PKG;IAS_GEN_PKGIAS20142GET_CURDATEIA;IAS_GEN_PKGIAS20142GET_DELETE_DOC_PERIOD;IAS_GEN_PKGIAS20142GET_FLD_VALUE;IAS_GEN_PKGIAS20142GET_SYSDATEIA;IAS_GET_DOC_DEL_FNC;IAS_GET_ENC_PASS_FNC;IAS_GET_ENC_PASS_FNCIAS20142IAS_GET_ENC_PASS_FNC;IAS_ITM_PKG;IAS_ITM_PKGIAS20142CHECK_SRV_ITM;IAS_ITM_PKGIAS20142CHK_ICODE_UNITIAS;IAS_ITM_PKGIAS20142GET_ICODE_ONE_UNITIAS;IAS_ITM_PKGIAS20142GET_ICODE_SIZE_UNITIA;IAS_ITM_PKGIAS20142GET_ICODE_UNIT_BY_LVL;IAS_ITM_PKGIAS20142GET_ICODE_VNDRIAS;IAS_ITM_PKGIAS20142GET_I_CODEIAS;IAS_USR_PKG;IAS_USR_PKGIAS20142CHK_USR_FRM_PRVIA;IAS_USR_PKGIAS20142GET_USR_APPRV;IAS_USR_PKGIAS20142GET_USR_NMIAS;YS_GEN_PKG;YS_GEN_PKGIAS20142GET_USR_FLD_PRVYS_,CREATE/SAVE;UPDATE;DELETE/VOID;POST;PRINT,FMX_STRING_EVIDENCE,oracle_forms/deep_catalog/form_field_trigger_catalog.jsonl
INVT015.fmx,INVENTORY,ONEX_INVENTORY_WINDOW_API,53,8,494,719,IAS_AUD_SYS_PKG;IAS_AUD_SYS_PKGIAS20142ADD_DOC_DELIA;IAS_CHECK_SYS_PKG;IAS_CHECK_SYS_PKGIAS20142CHECK_INV_CLOSE;IAS_GEN_PKG;IAS_GEN_PKGIAS20142GET_CURDATEIA;IAS_GEN_PKGIAS20142GET_FLD_VALUE;IAS_GEN_PKGIAS20142GET_LEV_PRVIA;IAS_GEN_PKGIAS20142GET_PROMPTIAS;IAS_GEN_PKGIAS20142GET_USR_NMIAS;IAS_GET_DOC_DEL_FNC;IAS_GET_ENC_PASS_FNC;IAS_GET_ENC_PASS_FNCIAS20142IAS_GET_ENC_PASS_FNC;IAS_ITM_PKG;IAS_ITM_PKGIAS20142CHECK_ITM_WCODE_INACTVIAS;IAS_ITM_PKGIAS20142CHECK_SRV_ITM;IAS_ITM_PKGIAS20142CHK_ICODE_UNITIAS;IAS_ITM_PKGIAS20142GET_ICODE_ONE_UNITIAS;IAS_ITM_PKGIAS20142GET_ICODE_SIZE_UNITIA;IAS_ITM_PKGIAS20142GET_ICODE_UNIT_BY_LVL;IAS_ITM_PKGIAS20142GET_ICODE_VNDRIAS;IAS_ITM_PKGIAS20142GET_I_CODEIAS;IAS_USR_PKG;IAS_USR_PKGIAS20142CHK_USR_FRM_PRVIA;IAS_USR_PKGIAS20142GET_USR_APPRV;IAS_USR_PKGIAS20142GET_USR_NMIAS;IAS_WCODE_PKG;IAS_WCODE_PKGIAS20142GET_WC_BRNI;YS_GEN_PKG;YS_GEN_PKGIAS20142GET_USR_FLD_PRVYS_,CREATE/SAVE;UPDATE;DELETE/VOID;POST;PRINT,FMX_STRING_EVIDENCE,oracle_forms/deep_catalog/form_field_trigger_catalog.jsonl
INVT016.fmx,INVENTORY,ONEX_INVENTORY_WINDOW_API,76,9,781,906,IAS_CHECKDATA_AP_PRC;IAS_CHECKDATA_AP_PRCIAS20142IAS_CHECKDATA_AP_PRC;IAS_CHECKDATA_AR_PRC;IAS_CHECKDATA_AR_PRCIAS20142IAS_CHECKDATA_AR_PRC;IAS_CHECKDATA_INV_PRC;IAS_CHECKDATA_INV_PRCIAS20142IAS_CHECKDATA_INV_PRCIA;IAS_CHECK_DBS_PKG;IAS_CHECK_DBS_PKGIAS20142CHECK_CMP_DATAI;IAS_CHECK_DBS_PKGIAS20142CHECK_POSTING1I;IAS_CHECK_SYS_PKG;IAS_CHECK_SYS_PKGIAS20142CHECK_BT_DATEIA;IAS_CHECK_SYS_PKGIAS20142CHECK_BT_VALUEI;IAS_DBS_SYS_PKG;IAS_DBS_SYS_PKGIAS20142GET_CONS_NAME;IAS_ENCDEC_PKG;IAS_ENCDEC_PKGIAS_SYS;IAS_ENCDEC_PKGIAS_SYSIAS_GET_DEC_DATAIAS;IAS_ENCDEC_PKGIAS_SYSIAS_RAW_DEC;IAS_GEN_PKG;IAS_GEN_PKGIAS20142GET_CNTIA;IAS_GEN_PKGIAS20142GET_FRM_PRVIA;IAS_GEN_PKGIAS20142GET_MSGIA;IAS_GEN_PKGIAS20142GET_PROMPTIAS;IAS_GEN_PKGIAS20142GET_SYSDATEIA;IAS_GET_ENC_PASS_FNC;IAS_GET_ENC_PASS_FNCIAS20142IAS_GET_ENC_PASS_FNC;IAS_MND_CSTTRNS_PKG;IAS_MND_CSTTRNS_PKGIAS20142CHK_CSTCODE_PRCIA;IAS_MND_CSTTRNS_PKGIAS20142CHK_CSTTRNS_PRCIA;IAS_MND_CSTTRNS_PKGIAS20142CHK_C_CODE_NULLIA;IAS_MND_VNDTRNS_PKG;IAS_MND_VNDTRNS_PKGIAS20142CHK_VNDTRNS_PRCIA;IAS_POSTING_GL_PKG;IAS_POSTING_GL_PKGIAS20142GET_PARAIA;IAS_POSTING_PKG;IAS_POSTING_PKGIAS20142GET_PARAI;IAS_REPORT_PKG;IAS_REPORT_PKGIAS20142GET_CLMN_NAMEI;IAS_UNPOSTTRNS_PRC;IAS_UNPOSTTRNS_PRCIAS20142IAS_UNPOSTTRNS_PRC,CREATE/SAVE;UPDATE;DELETE/VOID;POST;PRINT,FMX_STRING_EVIDENCE,oracle_forms/deep_catalog/form_field_trigger_catalog.jsonl
INVT017.fmx,INVENTORY,ONEX_INVENTORY_WINDOW_API,86,8,1076,1364,IAS_ACTV_PKG;IAS_ACTV_PKGIAS20142CHK_ACTV;IAS_ACTV_PKGIAS20142CHK_PRIV_ACTVIAS;IAS_BRN_PKG;IAS_BRN_PKGIAS20142GET_BR_CMPIAS;IAS_CHECK_LIGHT_TRANS_FNC;IAS_CHECK_SYS_PKG;IAS_CHECK_SYS_PKGIAS20142CHECK_INV_CLOSE;IAS_GEN_PKG;IAS_GEN_PKGIAS20142GET_CNTIA;IAS_GEN_PKGIAS20142GET_CUR_RATEI;IAS_GEN_PKGIAS20142GET_DELETE_DOC_PERIOD;IAS_GEN_PKGIAS20142GET_FINAL_DAY;IAS_GEN_PKGIAS20142GET_FLD_VALUE;IAS_GEN_PKGIAS20142GET_FRST_DAYI;IAS_GEN_PKGIAS20142GET_LEV_PRVIA;IAS_GEN_PKGIAS20142GET_LOCAL_CUR;IAS_GEN_PKGIAS20142GET_MSGIA;IAS_GEN_PKGIAS20142GET_PROMPTIAS;IAS_GEN_PKGIAS20142GET_STK_CURIA;IAS_GEN_PKGIAS20142GET_SYSDATEIA;IAS_GEN_PKGIAS20142GET_UPDATE_DOC_PERIOD;IAS_GET_ENC_PASS_FNC;IAS_GET_ENC_PASS_FNCIAS20142IAS_GET_ENC_PASS_FNC;IAS_ITM_INV_PKG;IAS_ITM_INV_PKGIAS20142GET_ITM_COSTI;IAS_ITM_INV_PKGIAS20142INSRT_SALE_COSTIA;IAS_ITM_PKG;IAS_ITM_PKGIAS20142CHECK_ITM_WCODE_INACTVIAS;IAS_ITM_PKGIAS20142CHECK_SRV_ITM;IAS_ITM_PKGIAS20142CHK_ICODE_UNITIAS;IAS_ITM_PKGIAS20142GET_ICODE_ONE_UNITIAS;IAS_ITM_PKGIAS20142GET_ICODE_SALES_UNITI;IAS_ITM_PKGIAS20142GET_ICODE_SIZE_UNITIA;IAS_ITM_PKGIAS20142GET_ICODE_UNIT_BY_LVL;IAS_ITM_PKGIAS20142GET_ICODE_VNDRIAS;IAS_ITM_PKGIAS20142GET_ITM_ACTIVITYI;IAS_ITM_PKGIAS20142GET_ITM_ACTIVITY_WCODE_INFOIA;IAS_ITM_PKGIAS20142GET_I_CODEIAS;IAS_POST_IN_SAV_PKG,CREATE/SAVE;UPDATE;DELETE/VOID;POST;PRINT,FMX_STRING_EVIDENCE,oracle_forms/deep_catalog/form_field_trigger_catalog.jsonl
INVT018.fmx,INVENTORY,ONEX_INVENTORY_WINDOW_API,76,8,930,1216,IAS_AUD_SYS_PKG;IAS_AUD_SYS_PKGIAS20142ADD_DOC_DELIA;IAS_BRN_PKG;IAS_BRN_PKGIAS20142GET_BR_CMPIAS;IAS_CHECK_SYS_PKG;IAS_CHECK_SYS_PKGIAS20142CHECK_INV_CLOSE;IAS_DBS_SYS_PKG;IAS_DBS_SYS_PKGIAS20142CHECK_OBJECTI;IAS_DBS_SYS_PKGIAS20142GET_CONS_NAME;IAS_DOC_SERIAL_PKG;IAS_DOC_SERIAL_PKGIAS20142MACHINE_MAN_INV_SERIAL;IAS_GEN_PKG;IAS_GEN_PKGIAS20142GET_CNTIA;IAS_GEN_PKGIAS20142GET_CURDATEIA;IAS_GEN_PKGIAS20142GET_DELETE_DOC_PERIOD;IAS_GEN_PKGIAS20142GET_FLD_VALUE;IAS_GEN_PKGIAS20142GET_LEV_PRVIA;IAS_GEN_PKGIAS20142GET_MSGIA;IAS_GEN_PKGIAS20142GET_ONE_WCODE;IAS_GEN_PKGIAS20142GET_PROMPTIAS;IAS_GEN_PKGIAS20142GET_SYSDATEIA;IAS_GEN_PKGIAS20142GET_UPDATE_DOC_PERIOD;IAS_GET_DOC_DEL_FNC;IAS_GET_ENC_PASS_FNC;IAS_GET_ENC_PASS_FNCIAS20142IAS_GET_ENC_PASS_FNC;IAS_ITM_PKG;IAS_ITM_PKGIAS20142CHECK_SRV_ITM;IAS_ITM_PKGIAS20142CHK_ICODE_UNITIAS;IAS_ITM_PKGIAS20142GET_ICODE_MAN_INV_UNITIAS;IAS_ITM_PKGIAS20142GET_ICODE_MIN_UNITIAS;IAS_ITM_PKGIAS20142GET_ICODE_ONE_UNITIAS;IAS_ITM_PKGIAS20142GET_ICODE_SIZE_UNITIA;IAS_ITM_PKGIAS20142GET_ICODE_UNIT_BY_LVL;IAS_ITM_PKGIAS20142GET_ICODE_VNDRIAS;IAS_ITM_PKGIAS20142GET_I_CODEIAS;IAS_USR_PKG;IAS_USR_PKGIAS20142CHK_USR_FRM_PRVIA;IAS_USR_PKGIAS20142GET_USR_APPRV;IAS_USR_PKGIAS20142GET_USR_NMIAS;IAS_WCODE_PKG,CREATE/SAVE;UPDATE;DELETE/VOID;POST;PRINT,FMX_STRING_EVIDENCE,oracle_forms/deep_catalog/form_field_trigger_catalog.jsonl
INVT019.fmx,INVENTORY,ONEX_INVENTORY_WINDOW_API,46,8,213,446,IAS_CHECK_DBS_PKG;IAS_CHECK_DBS_PKGIAS20142CHECK_POSTING1I;IAS_CHECK_DBS_PKGIAS20142CHECK_POSTING2I;IAS_DBS_SYS_PKG;IAS_DBS_SYS_PKGIAS20142CHECK_OBJECTI;IAS_GEN_PKG;IAS_GEN_PKGIAS20142GET_PROMPTIAS;IAS_GET_ENC_PASS_FNC;IAS_GET_ENC_PASS_FNCIAS20142IAS_GET_ENC_PASS_FNC;IAS_INV_CLOSE_PKG;IAS_INV_CLOSE_PKGIAS20142CREATE_INV_G_CODE_JOURNALIA;IAS_INV_CLOSE_PKGIAS20142INSRT_TO_PERIODIC_TABLE;IAS_INV_CLOSE_PKGIAS20142UPDATE_OTHR_TABLEIA;IAS_ITM_PKG;IAS_USR_PKG;IAS_USR_PKGIAS20142CHK_USR_FRM_PRVIA;IAS_USR_PKGIAS20142GET_USR_APPRV;IAS_USR_PKGIAS20142GET_USR_NMIAS;YS_GEN_PKG;YS_GEN_PKGIAS20142CHK_LOCK_RCRDY;YS_GEN_PKGIAS20142GET_USR_FLD_PRVYS_;YS_SRL_SCR_PKG;YS_SRL_SCR_PKGIAS20142GET_SYS_SQ,CREATE/SAVE;UPDATE;DELETE/VOID;POST;PRINT,FMX_STRING_EVIDENCE,oracle_forms/deep_catalog/form_field_trigger_catalog.jsonl
INVT020.fmx,INVENTORY,ONEX_INVENTORY_WINDOW_API,36,8,152,337,IAS_GET_ENC_PASS_FNC;IAS_GET_ENC_PASS_FNCIAS20142IAS_GET_ENC_PASS_FNC;IAS_INV_CLOSE_PKG;IAS_INV_CLOSE_PKGIAS20142UNCLOSE_INV;IAS_USR_PKG;IAS_USR_PKGIAS20142CHK_USR_FRM_PRVIA;IAS_USR_PKGIAS20142GET_USR_APPRV;IAS_USR_PKGIAS20142GET_USR_NMIAS;YS_GEN_PKG;YS_GEN_PKGIAS20142CHK_ACTV_SYSTEMYS_;YS_GEN_PKGIAS20142CHK_LOCK_RCRDY;YS_GEN_PKGIAS20142GET_USR_FLD_PRVYS_;YS_SRL_SCR_PKG;YS_SRL_SCR_PKGIAS20142GET_SYS_SQ,CREATE/SAVE;UPDATE;DELETE/VOID;POST;PRINT,FMX_STRING_EVIDENCE,oracle_forms/deep_catalog/form_field_trigger_catalog.jsonl
INVT022.fmx,INVENTORY,ONEX_INVENTORY_WINDOW_API,66,8,571,830,IAS_ACODE_PKG;IAS_ACODE_PKGIAS20142GET_A_NAMEI;IAS_AUD_SYS_PKG;IAS_AUD_SYS_PKGIAS20142ADD_DOC_DELIA;IAS_CHECK_SYS_PKG;IAS_CHECK_SYS_PKGIAS20142CHECK_INV_CLOSE;IAS_CSHBNK_PKG;IAS_CSHBNK_PKGIAS20142CHK_AC_CSH_BNK;IAS_GEN_PKG;IAS_GEN_PKGIAS20142GET_CNTIA;IAS_GEN_PKGIAS20142GET_CURDATEIA;IAS_GEN_PKGIAS20142GET_CUR_RATEI;IAS_GEN_PKGIAS20142GET_FLD_VALUE;IAS_GEN_PKGIAS20142GET_MSGIA;IAS_GEN_PKGIAS20142GET_PROMPTIAS;IAS_GEN_PKGIAS20142GET_SYSDATEIA;IAS_GET_DOC_DEL_FNC;IAS_GET_ENC_PASS_FNC;IAS_GET_ENC_PASS_FNCIAS20142IAS_GET_ENC_PASS_FNC;IAS_ITM_PKG;IAS_ITM_PKGIAS20142CHECK_SRV_ITM;IAS_ITM_PKGIAS20142CHK_ICODE_UNITIAS;IAS_ITM_PKGIAS20142GET_ICODE_ONE_UNITIAS;IAS_ITM_PKGIAS20142GET_ICODE_SIZE_UNITIA;IAS_ITM_PKGIAS20142GET_ICODE_UNIT_BY_LVL;IAS_ITM_PKGIAS20142GET_ICODE_VNDRIAS;IAS_ITM_PKGIAS20142GET_I_CODEIAS;IAS_USR_PKG;IAS_USR_PKGIAS20142CHK_USR_FRM_PRVIA;IAS_USR_PKGIAS20142GET_USR_APPRV;IAS_USR_PKGIAS20142GET_USR_NMIAS;IAS_WEIGHT_SYS_PKG;IAS_WEIGHT_SYS_PKGIAS20142CALC_AREA_SIZE_PRC;IAS_WEIGHT_SYS_PKGIAS20142GET_ARGMNT_NOI;IAS_WEIGHT_SYS_PKGIAS20142GET_ARG_UNTIAS;IAS_WEIGHT_SYS_PKGIAS20142GET_MIN_UNTIAS;IAS_WEIGHT_SYS_PKGIAS20142GET_USE_FRCT_QTY_UNTIA;IAS_WEIGHT_SYS_PKGIAS20142IS_ARGMNT_NO_UPDIA;IAS_WT_PKG;YS_GEN_PKG,CREATE/SAVE;UPDATE;DELETE/VOID;POST;PRINT,FMX_STRING_EVIDENCE,oracle_forms/deep_catalog/form_field_trigger_catalog.jsonl
INVT023.fmx,INVENTORY,ONEX_INVENTORY_WINDOW_API,44,8,474,568,IAS_GEN_PKG;IAS_GEN_PKGIAS20142GET_DELETE_DOC_PERIOD;IAS_GEN_PKGIAS20142GET_FLD_VALUE;IAS_GEN_PKGIAS20142GET_PROMPTIAS;IAS_GEN_PKGIAS20142GET_SYSDATEIA;IAS_GEN_PKGIAS20142GET_UPDATE_DOC_PERIOD;IAS_GET_DOC_DEL_FNC;IAS_GET_ENC_PASS_FNC;IAS_GET_ENC_PASS_FNCIAS20142IAS_GET_ENC_PASS_FNC;IAS_ITM_PKG;IAS_ITM_PKGIAS20142CHECK_SRV_ITM;IAS_ITM_PKGIAS20142CHK_ICODE_UNITIAS;IAS_ITM_PKGIAS20142GET_ICODE_SIZE_UNITIA;IAS_ITM_PKGIAS20142GET_ICODE_UNIT_BY_LVL;IAS_ITM_PKGIAS20142GET_ICODE_VNDRIAS;IAS_ITM_PKGIAS20142GET_I_CODEIAS;IAS_USR_PKG;IAS_USR_PKGIAS20142CHK_USR_FRM_PRVIA;IAS_USR_PKGIAS20142GET_USR_APPRV;IAS_USR_PKGIAS20142GET_USR_NMIAS;YS_GEN_PKG;YS_GEN_PKGIAS20142GET_USR_FLD_PRVYS_,CREATE/SAVE;UPDATE;DELETE/VOID;POST;PRINT,FMX_STRING_EVIDENCE,oracle_forms/deep_catalog/form_field_trigger_catalog.jsonl
INV_IMPXLS_AVLQTY.fmx,INVENTORY,ONEX_INVENTORY_WINDOW_API,46,8,299,525,IAS_GEN_PKG;IAS_GEN_PKGIAS20142GET_CURDATEIA;IAS_GEN_PKGIAS20142GET_CUR_RATEI;IAS_GEN_PKGIAS20142GET_PROMPTIAS;IAS_GET_ENC_PASS_FNC;IAS_GET_ENC_PASS_FNCIAS20142IAS_GET_ENC_PASS_FNC;IAS_GET_SALESDISC_PRC;IAS_GET_SALESDISC_PRCIAS20142IAS_GET_SALESDISC_PRCIA;IAS_ITM_PKG;IAS_ITM_PKGIAS20142GET_GRAND_WTAVGIA;IAS_ITM_PKGIAS20142GET_ICODE_MIN_UNITIAS;IAS_ITM_PKGIAS20142GET_ICODE_ONE_UNITIAS;IAS_ITM_PKGIAS20142GET_ICODE_SIZE_UNITIA;IAS_ITM_PKGIAS20142GET_I_CODEIAS;IAS_USR_PKG;IAS_USR_PKGIAS20142CHK_USR_FRM_PRVIA;IAS_USR_PKGIAS20142GET_USR_APPRV;IAS_USR_PKGIAS20142GET_USR_NMIAS;YS_GEN_PKG;YS_GEN_PKGIAS20142CHK_LOCK_RCRDY;YS_GEN_PKGIAS20142GET_USR_FLD_PRVYS_;YS_SRL_SCR_PKG;YS_SRL_SCR_PKGIAS20142GET_SYS_SQ,CREATE/SAVE;UPDATE;DELETE/VOID;POST;PRINT,FMX_STRING_EVIDENCE,oracle_forms/deep_catalog/form_field_trigger_catalog.jsonl
INV_IMPXLS_BARCODE.fmx,INVENTORY,ONEX_INVENTORY_WINDOW_API,36,8,222,407,IAS_GEN_PKG;IAS_GEN_PKGIAS20142GET_PROMPTIAS;IAS_GET_ENC_PASS_FNC;IAS_GET_ENC_PASS_FNCIAS20142IAS_GET_ENC_PASS_FNC;IAS_ITM_PKG;IAS_USR_PKG;IAS_USR_PKGIAS20142CHK_USR_FRM_PRVIA;IAS_USR_PKGIAS20142GET_USR_APPRV;IAS_USR_PKGIAS20142GET_USR_NMIAS;YS_GEN_PKG;YS_GEN_PKGIAS20142CHK_LOCK_RCRDY;YS_GEN_PKGIAS20142GET_USR_FLD_PRVYS_;YS_SRL_SCR_PKG;YS_SRL_SCR_PKGIAS20142GET_SYS_SQ,CREATE/SAVE;UPDATE;DELETE/VOID;POST;PRINT,FMX_STRING_EVIDENCE,oracle_forms/deep_catalog/form_field_trigger_catalog.jsonl
INV_IMPXLS_BATCH.fmx,INVENTORY,ONEX_INVENTORY_WINDOW_API,35,8,214,381,IAS_GEN_PKG;IAS_GEN_PKGIAS20142GET_PROMPTIAS;IAS_GET_ENC_PASS_FNC;IAS_GET_ENC_PASS_FNCIAS20142IAS_GET_ENC_PASS_FNC;IAS_USR_PKG;IAS_USR_PKGIAS20142CHK_USR_FRM_PRVIA;IAS_USR_PKGIAS20142GET_USR_APPRV;IAS_USR_PKGIAS20142GET_USR_NMIAS;YS_GEN_PKG;YS_GEN_PKGIAS20142CHK_LOCK_RCRDY;YS_GEN_PKGIAS20142GET_USR_FLD_PRVYS_;YS_SRL_SCR_PKG;YS_SRL_SCR_PKGIAS20142GET_SYS_SQ,CREATE/SAVE;UPDATE;DELETE/VOID;POST;PRINT,FMX_STRING_EVIDENCE,oracle_forms/deep_catalog/form_field_trigger_catalog.jsonl
INV_IMPXLS_ITEM.fmx,INVENTORY,ONEX_INVENTORY_WINDOW_API,37,8,396,670,IAS_DBS_SYS_PKG;IAS_GEN_PKG;IAS_GEN_PKGIAS20142GET_PROMPTIAS;IAS_GET_ENC_PASS_FNC;IAS_GET_ENC_PASS_FNCIAS20142IAS_GET_ENC_PASS_FNC;IAS_USR_PKG;IAS_USR_PKGIAS20142CHK_USR_FRM_PRVIA;IAS_USR_PKGIAS20142GET_USR_APPRV;IAS_USR_PKGIAS20142GET_USR_NMIAS;YS_GEN_PKG;YS_GEN_PKGIAS20142CHK_LOCK_RCRDY;YS_GEN_PKGIAS20142GET_MSGYS_;YS_GEN_PKGIAS20142GET_USR_FLD_PRVYS_;YS_SRL_SCR_PKG;YS_SRL_SCR_PKGIAS20142GET_SYS_SQ,CREATE/SAVE;UPDATE;DELETE/VOID;POST;PRINT,FMX_STRING_EVIDENCE,oracle_forms/deep_catalog/form_field_trigger_catalog.jsonl
INV_IMPXLS_PRICE.fmx,INVENTORY,ONEX_INVENTORY_WINDOW_API,39,8,250,460,IAS_GEN_PKG;IAS_GEN_PKGIAS20142GET_PROMPTIAS;IAS_GET_ENC_PASS_FNC;IAS_GET_ENC_PASS_FNCIAS20142IAS_GET_ENC_PASS_FNC;IAS_ITM_PKG;IAS_ITM_PKGIAS20142GET_GRAND_WTAVGIA;IAS_ITM_PKGIAS20142GET_ICODE_SIZE_UNITIA;IAS_ITM_PKGIAS20142GET_I_CODEIAS;IAS_USR_PKG;IAS_USR_PKGIAS20142CHK_USR_FRM_PRVIA;IAS_USR_PKGIAS20142GET_USR_APPRV;IAS_USR_PKGIAS20142GET_USR_NMIAS;YS_GEN_PKG;YS_GEN_PKGIAS20142CHK_LOCK_RCRDY;YS_GEN_PKGIAS20142GET_USR_FLD_PRVYS_;YS_SRL_SCR_PKG;YS_SRL_SCR_PKGIAS20142GET_SYS_SQ,CREATE/SAVE;UPDATE;DELETE/VOID;POST;PRINT,FMX_STRING_EVIDENCE,oracle_forms/deep_catalog/form_field_trigger_catalog.jsonl
INV_ITM_TRNS.fmx,INVENTORY,ONEX_INVENTORY_WINDOW_API,53,8,436,678,IAS_CST_PKG;IAS_CST_PKGIAS20142GET_C_NAMEIAS;IAS_GEN_PKG;IAS_GEN_PKGIAS20142GET_FINAL_DAY;IAS_GEN_PKGIAS20142GET_FRM_PRVIA;IAS_GEN_PKGIAS20142GET_FRST_DAYI;IAS_GEN_PKGIAS20142GET_PROMPTIAS;IAS_GET_ENC_PASS_FNC;IAS_GET_ENC_PASS_FNCIAS20142IAS_GET_ENC_PASS_FNC;IAS_ITM_PKG;IAS_ITM_PKGIAS20142GET_GRAND_WTAVGIA;IAS_ITM_PKGIAS20142GET_ICODE_MIN_UNITIAS;IAS_ITM_PKGIAS20142GET_ICODE_SIZE_UNITIA;IAS_USR_PKG;IAS_USR_PKGIAS20142CHK_USR_FRM_PRVIA;IAS_USR_PKGIAS20142GET_USR_APPRV;IAS_USR_PKGIAS20142GET_USR_NMIAS;IAS_VNDR_PKG;IAS_VNDR_PKGIAS20142GET_V_NAMEIA;YS_GEN_PKG;YS_GEN_PKGIAS20142CHK_LOCK_RCRDY;YS_GEN_PKGIAS20142GET_FLD_VALUEY;YS_GEN_PKGIAS20142GET_FRST_DAYYS;YS_GEN_PKGIAS20142GET_PROMPT;YS_GEN_PKGIAS20142GET_USR_FLD_PRVYS_;YS_SCR_PKG;YS_SCR_PKGIAS20142GET_SCR_DOC_TYPYS_;YS_SCR_PKGIAS20142GET_SCR_SYS_NO;YS_SRL_SCR_PKG;YS_SRL_SCR_PKGIAS20142GET_SYS_SQ,CREATE/SAVE;UPDATE;DELETE/VOID;POST;PRINT,FMX_STRING_EVIDENCE,oracle_forms/deep_catalog/form_field_trigger_catalog.jsonl
INV_Reevaluation.fmx,INVENTORY,ONEX_INVENTORY_WINDOW_API,22,2,794,773,IAS_DBS_SYS_PKG;IAS_DBS_SYS_PKGIAS20142CHECK_OBJECTI;IAS_GEN_PKG;IAS_GEN_PKGIAS20142GET_PROMPTIAS;IAS_GEN_PKGIAS20142GET_SYSDATEIA;IAS_GET_ENC_PASS_FNC;IAS_GET_ENC_PASS_FNCIAS20142IAS_GET_ENC_PASS_FNC;IAS_ITM_PKG;IAS_REEVALUTION_PKG;IAS_REEVALUTION_PKGIAS20142INSRT_TO_SALE_COSTIAS;IAS_USR_PKG;IAS_USR_PKGIAS20142GET_USR_NMIAS;IAS_WCODE_PKG,CREATE/SAVE;PRINT,FMX_STRING_EVIDENCE,oracle_forms/deep_catalog/form_field_trigger_catalog.jsonl
JRSI001.fmx,ADMIN,ONEX_ADMIN_WINDOW_API,51,8,396,556,IAS_ACODE_PKG;IAS_ACODE_PKGIAS20142GET_A_NAMEI;IAS_ACTV_PKG;IAS_ACTV_PKGIAS20142GET_ACTV_NAMEIAS;IAS_BRN_PKG;IAS_BRN_PKGIAS20142GET_BR_NM;IAS_CC_CODE_PKG;IAS_CC_CODE_PKGIAS20142GET_CC_NAMEIA;IAS_CSHBNK_PKG;IAS_CSHBNK_PKGIAS20142GET_CB_NAMEIAS;IAS_CST_PKG;IAS_CST_PKGIAS20142GET_C_NAMEIAS;IAS_GEN_PKG;IAS_GEN_PKGIAS20142GET_CNTIA;IAS_GEN_PKGIAS20142GET_PROMPTIAS;IAS_GET_ENC_PASS_FNC;IAS_GET_ENC_PASS_FNCIAS20142IAS_GET_ENC_PASS_FNC;IAS_PJ_PKG;IAS_PJ_PKGIAS20142GET_PJ_NAMEIAS;IAS_USR_PKG;IAS_USR_PKGIAS20142CHK_USR_FRM_PRVIA;IAS_USR_PKGIAS20142GET_USR_APPRV;IAS_USR_PKGIAS20142GET_USR_NMIAS;IAS_VNDR_PKG;IAS_VNDR_PKGIAS20142GET_V_NAMEIA;YS_GEN_PKG;YS_GEN_PKGIAS20142GET_USR_FLD_PRVYS_,CREATE/SAVE;UPDATE;DELETE/VOID;POST;PRINT,FMX_STRING_EVIDENCE,oracle_forms/deep_catalog/form_field_trigger_catalog.jsonl
JRSI002.fmx,ADMIN,ONEX_ADMIN_WINDOW_API,51,8,295,457,IAS_ACODE_PKG;IAS_ACODE_PKGIAS20142CHK_AC_CODE;IAS_ACODE_PKGIAS20142GET_AC_TYPE;IAS_ACODE_PKGIAS20142GET_A_NAMEI;IAS_CSHBNK_PKG;IAS_CSHBNK_PKGIAS20142CHECK_MEDIATOR_BNK;IAS_CSHBNK_PKGIAS20142CHK_CB_BRN;IAS_CSHBNK_PKGIAS20142GET_CB_NAMEIAS;IAS_CST_PKG;IAS_CST_PKGIAS20142GET_C_NAMEIAS;IAS_GEN_PKG;IAS_GEN_PKGIAS20142GET_CNTIA;IAS_GEN_PKGIAS20142GET_PROMPTIAS;IAS_GEN_PKGIAS20142GET_SYSDATEIA;IAS_GET_ENC_PASS_FNC;IAS_GET_ENC_PASS_FNCIAS20142IAS_GET_ENC_PASS_FNC;IAS_USR_PKG;IAS_USR_PKGIAS20142CHK_USR_FRM_PRVIA;IAS_USR_PKGIAS20142GET_USR_APPRV;IAS_USR_PKGIAS20142GET_USR_NMIAS;IAS_VNDR_PKG;IAS_VNDR_PKGIAS20142GET_V_NAMEIA;YS_AC_DTL_PKG;YS_AC_DTL_PKGIAS20142CHK_AC_DTLY;YS_EMP_PKG;YS_EMP_PKGIAS20142GET_EMP_NM;YS_GEN_PKG;YS_GEN_PKGIAS20142GET_USR_FLD_PRVYS_,CREATE/SAVE;UPDATE;DELETE/VOID;POST;PRINT,FMX_STRING_EVIDENCE,oracle_forms/deep_catalog/form_field_trigger_catalog.jsonl
JRSR001.fmx,ADMIN,ONEX_ADMIN_WINDOW_API,19,2,317,394,IAS_ACTV_PKG;IAS_ACTV_PKGIAS20142CHK_ACTV;IAS_CHECK_SYS_PKG;IAS_CHECK_SYS_PKGIAS20142CHECK_BT_DATEIA;IAS_GEN_PKG;IAS_GEN_PKGIAS20142GET_FLD_VALUE;IAS_GEN_PKGIAS20142GET_FRST_DAYI;IAS_GEN_PKGIAS20142GET_PROMPTIAS;IAS_GEN_PKGIAS20142GET_SYSDATEIA;IAS_GET_ENC_PASS_FNC;IAS_GET_ENC_PASS_FNCIAS20142IAS_GET_ENC_PASS_FNC;IAS_USR_PKG;IAS_USR_PKGIAS20142GET_USR_NMIAS,PRINT,FMX_STRING_EVIDENCE,oracle_forms/deep_catalog/form_field_trigger_catalog.jsonl
JRSS001.fmx,ADMIN,ONEX_ADMIN_WINDOW_API,33,8,218,535,IAS_GEN_PKG;IAS_GEN_PKGIAS20142GET_FRM_PRVIA;IAS_GET_ENC_PASS_FNC;IAS_GET_ENC_PASS_FNCIAS20142IAS_GET_ENC_PASS_FNC;IAS_USR_PKG;IAS_USR_PKGIAS20142GET_USR_NMIAS;YS_GEN_PKG;YS_GEN_PKGIAS20142GET_USR_FLD_PRVYS_;YS_SRL_SCR_PKG;YS_SRL_SCR_PKGIAS20142GET_SYS_SQ,CREATE/SAVE;UPDATE;DELETE/VOID;POST;PRINT,FMX_STRING_EVIDENCE,oracle_forms/deep_catalog/form_field_trigger_catalog.jsonl
JRSS002.fmx,ADMIN,ONEX_ADMIN_WINDOW_API,33,8,229,393,IAS_GEN_PKG;IAS_GEN_PKGIAS20142GET_CNTIA;IAS_GEN_PKGIAS20142GET_FLD_VALUE;IAS_GET_ENC_PASS_FNC;IAS_GET_ENC_PASS_FNCIAS20142IAS_GET_ENC_PASS_FNC;IAS_USR_PKG;IAS_USR_PKGIAS20142CHK_USR_FRM_PRVIA;IAS_USR_PKGIAS20142GET_USR_APPRV;IAS_USR_PKGIAS20142GET_USR_NMIAS;YS_GEN_PKG;YS_GEN_PKGIAS20142GET_USR_FLD_PRVYS_,CREATE/SAVE;UPDATE;DELETE/VOID;POST;PRINT,FMX_STRING_EVIDENCE,oracle_forms/deep_catalog/form_field_trigger_catalog.jsonl
JRSS003.fmx,ADMIN,ONEX_ADMIN_WINDOW_API,33,8,327,438,IAS_GEN_PKG;IAS_GEN_PKGIAS20142GET_CNTIA;IAS_GEN_PKGIAS20142GET_CURDATEIA;IAS_GET_ENC_PASS_FNC;IAS_GET_ENC_PASS_FNCIAS20142IAS_GET_ENC_PASS_FNC;IAS_USR_PKG;IAS_USR_PKGIAS20142CHK_USR_FRM_PRVIA;IAS_USR_PKGIAS20142GET_USR_APPRV;IAS_USR_PKGIAS20142GET_USR_NMIAS;YS_GEN_PKG;YS_GEN_PKGIAS20142GET_USR_FLD_PRVYS_,CREATE/SAVE;UPDATE;DELETE/VOID;POST;PRINT,FMX_STRING_EVIDENCE,oracle_forms/deep_catalog/form_field_trigger_catalog.jsonl
JRST001.fmx,ADMIN,ONEX_ADMIN_WINDOW_API,125,8,1170,1567,IAS_ACODE_PKG;IAS_ACODE_PKGIAS20142CHECK_ACYIA;IAS_ACODE_PKGIAS20142CHK_AC_CODE;IAS_ACODE_PKGIAS20142GET_AC_TYPE;IAS_ACODE_PKGIAS20142GET_A_NAMEI;IAS_ACODE_PKGIAS20142GET_CNT_ACY;IAS_ACODE_PKGIAS20142GET_ONE_ACY_ACI;IAS_ACTV_PKG;IAS_ACTV_PKGIAS20142CHK_ACTV;IAS_ACTV_PKGIAS20142GET_ACTV_NAMEIAS;IAS_AUDIT_PKG;IAS_AUDIT_PKGIAS20142AUDIT_PRCIA;IAS_BRN_PKG;IAS_BRN_PKGIAS20142GET_BRN_CMP_SERIA;IAS_BRN_PKGIAS20142GET_CST_BRN_CONNI;IAS_BRN_PKGIAS20142GET_VND_BRN_CONNI;IAS_CC_CODE_PKG;IAS_CC_CODE_PKGIAS20142CHECK_CC_PJIA;IAS_CC_CODE_PKGIAS20142CHECK_USE_PJI;IAS_CC_CODE_PKGIAS20142GET_CC_NAMEIA;IAS_CC_CODE_PKGIAS20142GET_ONE_CC_PJ;IAS_CHECK_SYS_PKG;IAS_CHECK_SYS_PKGIAS20142CHECK_AC_ACY_INCTVI;IAS_CHECK_SYS_PKGIAS20142CHECK_AC_CC;IAS_CHECK_SYS_PKGIAS20142CHECK_BT_VALUEI;IAS_CHECK_SYS_PKGIAS20142CHECK_CUR_RATEI;IAS_CHECK_SYS_PKGIAS20142CHECK_USE_CCIAS;IAS_CHK_BRN_UP_DEL_FNC;IAS_CHK_BRN_UP_DEL_FNCIAS20142IAS_CHK_BRN_UP_DEL_FNC;IAS_CSHBNK_PKG;IAS_CSHBNK_PKGIAS20142CHECK_ACYI;IAS_CSHBNK_PKGIAS20142CHECK_MEDIATOR_BNK;IAS_CSHBNK_PKGIAS20142CHK_AC_CSH_BNK;IAS_CSHBNK_PKGIAS20142CHK_CB_BRN;IAS_CSHBNK_PKGIAS20142GET_CB_NAMEIAS;IAS_CSHBNK_PKGIAS20142GET_CB_NOI;IAS_CST_PKG;IAS_CST_PKGIAS20142CHECK_ACY;IAS_CST_PKGIAS20142GET_ACODE;IAS_CST_PKGIAS20142GET_C_CODEIAS,CREATE/SAVE;UPDATE;DELETE/VOID;POST;PRINT,FMX_STRING_EVIDENCE,oracle_forms/deep_catalog/form_field_trigger_catalog.jsonl
JRST002.fmx,ADMIN,ONEX_ADMIN_WINDOW_API,126,8,1198,1608,IAS_ACODE_PKG;IAS_ACODE_PKGIAS20142CHECK_ACYIA;IAS_ACODE_PKGIAS20142CHK_AC_CODE;IAS_ACODE_PKGIAS20142GET_AC_TYPE;IAS_ACODE_PKGIAS20142GET_A_NAMEI;IAS_ACODE_PKGIAS20142GET_CNT_ACY;IAS_ACODE_PKGIAS20142GET_ONE_ACY_ACI;IAS_ACTV_PKG;IAS_ACTV_PKGIAS20142CHK_ACTV;IAS_ACTV_PKGIAS20142GET_ACTV_NAMEIAS;IAS_AUDIT_PKG;IAS_AUDIT_PKGIAS20142AUDIT_PRCIA;IAS_BRN_PKG;IAS_BRN_PKGIAS20142GET_BRN_CMP_SERIA;IAS_BRN_PKGIAS20142GET_CST_BRN_CONNI;IAS_BRN_PKGIAS20142GET_VND_BRN_CONNI;IAS_CC_CODE_PKG;IAS_CC_CODE_PKGIAS20142CHECK_CC_PJIA;IAS_CC_CODE_PKGIAS20142CHECK_USE_PJI;IAS_CC_CODE_PKGIAS20142GET_CC_NAMEIA;IAS_CC_CODE_PKGIAS20142GET_ONE_CC_PJ;IAS_CHECK_SYS_PKG;IAS_CHECK_SYS_PKGIAS20142CHECK_AC_ACY_INCTVI;IAS_CHECK_SYS_PKGIAS20142CHECK_AC_CC;IAS_CHECK_SYS_PKGIAS20142CHECK_BT_VALUEI;IAS_CHECK_SYS_PKGIAS20142CHECK_CUR_RATEI;IAS_CHECK_SYS_PKGIAS20142CHECK_USE_CCIAS;IAS_CHK_BRN_UP_DEL_FNC;IAS_CHK_BRN_UP_DEL_FNCIAS20142IAS_CHK_BRN_UP_DEL_FNC;IAS_CSHBNK_PKG;IAS_CSHBNK_PKGIAS20142CHECK_ACYI;IAS_CSHBNK_PKGIAS20142CHECK_MEDIATOR_BNK;IAS_CSHBNK_PKGIAS20142CHK_AC_CSH_BNK;IAS_CSHBNK_PKGIAS20142CHK_CB_BRN;IAS_CSHBNK_PKGIAS20142GET_CB_NAMEIAS;IAS_CSHBNK_PKGIAS20142GET_CB_NOI;IAS_CST_PKG;IAS_CST_PKGIAS20142CHECK_ACY;IAS_CST_PKGIAS20142GET_ACODE;IAS_CST_PKGIAS20142GET_C_CODEIAS,CREATE/SAVE;UPDATE;DELETE/VOID;POST;PRINT,FMX_STRING_EVIDENCE,oracle_forms/deep_catalog/form_field_trigger_catalog.jsonl
JRST0021.fmx,ADMIN,ONEX_ADMIN_WINDOW_API,126,8,1170,1615,IAS_ACODE_PKG;IAS_ACODE_PKGIAS20142CHECK_ACYIA;IAS_ACODE_PKGIAS20142CHK_AC_CODE;IAS_ACODE_PKGIAS20142GET_AC_TYPE;IAS_ACODE_PKGIAS20142GET_A_NAMEI;IAS_ACODE_PKGIAS20142GET_CNT_ACY;IAS_ACODE_PKGIAS20142GET_ONE_ACY_ACI;IAS_ACTV_PKG;IAS_ACTV_PKGIAS20142CHK_ACTV;IAS_ACTV_PKGIAS20142GET_ACTV_NAMEIAS;IAS_AUDIT_PKG;IAS_AUDIT_PKGIAS20142AUDIT_PRCIA;IAS_BRN_PKG;IAS_BRN_PKGIAS20142GET_BRN_CMP_SERIA;IAS_BRN_PKGIAS20142GET_CST_BRN_CONNI;IAS_BRN_PKGIAS20142GET_VND_BRN_CONNI;IAS_CC_CODE_PKG;IAS_CC_CODE_PKGIAS20142CHECK_CC_PJIA;IAS_CC_CODE_PKGIAS20142CHECK_USE_PJI;IAS_CC_CODE_PKGIAS20142GET_CC_NAMEIA;IAS_CC_CODE_PKGIAS20142GET_ONE_CC_PJ;IAS_CHECK_SYS_PKG;IAS_CHECK_SYS_PKGIAS20142CHECK_AC_ACY_INCTVI;IAS_CHECK_SYS_PKGIAS20142CHECK_AC_CC;IAS_CHECK_SYS_PKGIAS20142CHECK_BT_VALUEI;IAS_CHECK_SYS_PKGIAS20142CHECK_CUR_RATEI;IAS_CHECK_SYS_PKGIAS20142CHECK_USE_CCIAS;IAS_CHK_BRN_UP_DEL_FNC;IAS_CHK_BRN_UP_DEL_FNCIAS20142IAS_CHK_BRN_UP_DEL_FNC;IAS_CSHBNK_PKG;IAS_CSHBNK_PKGIAS20142CHECK_ACYI;IAS_CSHBNK_PKGIAS20142CHECK_MEDIATOR_BNK;IAS_CSHBNK_PKGIAS20142CHK_AC_CSH_BNK;IAS_CSHBNK_PKGIAS20142CHK_CB_BRN;IAS_CSHBNK_PKGIAS20142GET_CB_NAMEIAS;IAS_CSHBNK_PKGIAS20142GET_CB_NOI;IAS_CST_PKG;IAS_CST_PKGIAS20142CHECK_ACY;IAS_CST_PKGIAS20142GET_ACODE;IAS_CST_PKGIAS20142GET_C_CODEIAS,CREATE/SAVE;UPDATE;DELETE/VOID;POST;PRINT,FMX_STRING_EVIDENCE,oracle_forms/deep_catalog/form_field_trigger_catalog.jsonl
LGHTADM002.fmx,ADMIN,ONEX_ADMIN_WINDOW_API,49,9,992,1182,IAS_DBS_SYS_PKG;IAS_DBS_SYS_PKGIAS20142CHECK_OBJECTI;IAS_DBS_SYS_PKGIAS20142GET_CONS_NAME;IAS_GEN_PKG;IAS_GEN_PKGIAS20142GET_CNTIA;IAS_GEN_PKGIAS20142GET_CURDATEIA;IAS_GEN_PKGIAS20142GET_FRST_DAYI;IAS_GEN_PKGIAS20142GET_MSGIA;IAS_GEN_PKGIAS20142GET_PROMPTIAS;IAS_GET_ENC_PASS_FNC;IAS_GET_ENC_PASS_FNCIAS20142IAS_GET_ENC_PASS_FNC;IAS_REPLICA_DATA_PKG;IAS_REPLICA_DATA_PKGIAS20142IAS_CALL_BRN;IAS_REPLICA_DATA_PKGIAS20142IAS_INSRT_DATA_BRIAS;IAS_REPLICA_DATA_PKGIAS20142IAS_UPDATE_EXTRNL_POST_BRIAS;IAS_USR_PKG;IAS_USR_PKGIAS20142CHK_USR_FRM_PRVIA;IAS_USR_PKGIAS20142GET_USR_APPRV;IAS_USR_PKGIAS20142GET_USR_NMIAS;YS_GEN_PKG;YS_GEN_PKGIAS20142CHK_LOCK_RCRDY;YS_GEN_PKGIAS20142GET_USR_FLD_PRVYS_;YS_SRL_SCR_PKG;YS_SRL_SCR_PKGIAS20142GET_SYS_SQ,CREATE/SAVE;UPDATE;DELETE/VOID;POST;PRINT,FMX_STRING_EVIDENCE,oracle_forms/deep_catalog/form_field_trigger_catalog.jsonl
LGHTADM003.fmx,ADMIN,ONEX_ADMIN_WINDOW_API,47,8,356,622,IAS_DBS_SYS_PKG;IAS_DBS_SYS_PKGIAS20142CHECK_OBJECTI;IAS_DBS_SYS_PKGIAS20142GET_CONS_NAME;IAS_GEN_PKG;IAS_GEN_PKGIAS20142GET_CNTIA;IAS_GEN_PKGIAS20142GET_CURDATEIA;IAS_GEN_PKGIAS20142GET_FRST_DAYI;IAS_GEN_PKGIAS20142GET_MSGIA;IAS_GEN_PKGIAS20142GET_PROMPTIAS;IAS_GET_ENC_PASS_FNC;IAS_GET_ENC_PASS_FNCIAS20142IAS_GET_ENC_PASS_FNC;IAS_REPLICA_DATA_PKG;IAS_REPLICA_DATA_PKGIAS20142IAS_CALL_BRN;IAS_REPLICA_DATA_PKGIAS20142IAS_DELETE_MV_BR;IAS_REPLICA_DATA_PKGIAS20142IAS_INSRT_DATAIA;IAS_REPLICA_DATA_PKGIAS20142IAS_UPDATE_EXTRNL_POST_BRIAS;IAS_USR_PKG;IAS_USR_PKGIAS20142CHK_USR_FRM_PRVIA;IAS_USR_PKGIAS20142GET_USR_APPRV;IAS_USR_PKGIAS20142GET_USR_NMIAS;YS_GEN_PKG;YS_GEN_PKGIAS20142CHK_LOCK_RCRDY;YS_GEN_PKGIAS20142GET_USR_FLD_PRVYS_;YS_SRL_SCR_PKG;YS_SRL_SCR_PKGIAS20142GET_SYS_SQ,CREATE/SAVE;UPDATE;DELETE/VOID;POST;PRINT,FMX_STRING_EVIDENCE,oracle_forms/deep_catalog/form_field_trigger_catalog.jsonl
LGHTR002.fmx,ADMIN,ONEX_ADMIN_WINDOW_API,18,2,257,306,IAS_CHECK_SYS_PKG;IAS_CHECK_SYS_PKGIAS20142CHECK_BT_DATEIA;IAS_GEN_PKG;IAS_GEN_PKGIAS20142GET_FRST_DAYI;IAS_GEN_PKGIAS20142GET_PROMPTIAS;IAS_GEN_PKGIAS20142GET_SYSDATEIA;IAS_GET_ENC_PASS_FNC;IAS_GET_ENC_PASS_FNCIAS20142IAS_GET_ENC_PASS_FNC;IAS_USR_PKG;IAS_USR_PKGIAS20142GET_USR_NMIAS;YS_GEN_PKG;YS_GEN_PKGIAS20142GET_PROMPT,PRINT,FMX_STRING_EVIDENCE,oracle_forms/deep_catalog/form_field_trigger_catalog.jsonl
LGHTT001.fmx,ADMIN,ONEX_ADMIN_WINDOW_API,68,8,875,1090,IAS_ATTACH_ITM_PKG;IAS_ATTACH_ITM_PKGIAS20142GET_ATTACH_NAMEIAS;IAS_CC_CODE_PKG;IAS_CC_CODE_PKGIAS20142GET_CC_NO;IAS_CC_CODE_PKGIAS20142GET_CC_SERIAS;IAS_CHECK_SYS_PKG;IAS_CHECK_SYS_PKGIAS20142CHECK_BT_DATEIA;IAS_CHECK_SYS_PKGIAS20142CHECK_BT_VALUEI;IAS_GEN_PKG;IAS_GEN_PKGIAS20142GET_CNTIA;IAS_GEN_PKGIAS20142GET_CURDATEIA;IAS_GEN_PKGIAS20142GET_CUR_RATEI;IAS_GEN_PKGIAS20142GET_MSGIA;IAS_GEN_PKGIAS20142GET_PROMPTIAS;IAS_GEN_PKGIAS20142GET_STK_CURIA;IAS_GET_ENC_PASS_FNC;IAS_GET_ENC_PASS_FNCIAS20142IAS_GET_ENC_PASS_FNC;IAS_INSRT_OUT_BILLS_PKG;IAS_INSRT_OUT_BILLS_PKGIAS20142GET_OUT_NOIAS;IAS_INSRT_OUT_BILLS_PKGIAS20142GET_OUT_SERIA;IAS_INSRT_OUT_BILLS_PKGIAS20142GET_RET_NOIAS;IAS_INSRT_OUT_BILLS_PKGIAS20142GET_RET_SERIA;IAS_INSRT_OUT_BILLS_PKGIAS20142INSRT_OUT_BILLSIA;IAS_INSRT_OUT_BILLS_PKGIAS20142INSRT_RET_BILLSIA;IAS_ITM_INV_PKG;IAS_ITM_INV_PKGIAS20142GET_ITM_COSTI;IAS_ITM_INV_PKGIAS20142INSRT_GR_DTLI;IAS_ITM_INV_PKGIAS20142INSRT_GR_MSTI;IAS_ITM_INV_PKGIAS20142INSRT_IAS_ITM_WCODEIA;IAS_ITM_INV_PKGIAS20142INSRT_ITEM_MOVEIA;IAS_ITM_INV_PKGIAS20142INSRT_SALE_COSTIA;IAS_ITM_PKG;IAS_ITM_PKGIAS20142GET_GRAND_WTAVGIA;IAS_ITM_PKGIAS20142GET_ICODE_MIN_UNITIAS;IAS_POST_IN_SAV_PKG;IAS_POST_IN_SAV_PKGIAS20142POST_DOC_IN_SAVIA;IAS_USR_PKG;IAS_USR_PKGIAS20142CHK_USR_FRM_PRVIA;IAS_USR_PKGIAS20142GET_USR_APPRV;IAS_USR_PKGIAS20142GET_USR_NMIAS,CREATE/SAVE;UPDATE;DELETE/VOID;POST;REVERSE/RETURN;PRINT,FMX_STRING_EVIDENCE,oracle_forms/deep_catalog/form_field_trigger_catalog.jsonl
LGHTT002.fmx,ADMIN,ONEX_ADMIN_WINDOW_API,37,8,294,399,IAS_GEN_PKG;IAS_GEN_PKGIAS20142GET_CURDATEIA;IAS_GEN_PKGIAS20142GET_PROMPTIAS;IAS_GEN_PKGIAS20142GET_USR_NMIAS;IAS_GET_ENC_PASS_FNC;IAS_GET_ENC_PASS_FNCIAS20142IAS_GET_ENC_PASS_FNC;IAS_USR_PKG;IAS_USR_PKGIAS20142CHK_USR_FRM_PRVIA;IAS_USR_PKGIAS20142GET_USR_APPRV;IAS_USR_PKGIAS20142GET_USR_NMIAS;YS_GEN_PKG;YS_GEN_PKGIAS20142CHK_LOCK_RCRDY;YS_GEN_PKGIAS20142GET_USR_FLD_PRVYS_;YS_SRL_SCR_PKG;YS_SRL_SCR_PKGIAS20142GET_SYS_SQ,CREATE/SAVE;UPDATE;DELETE/VOID;POST;PRINT,FMX_STRING_EVIDENCE,oracle_forms/deep_catalog/form_field_trigger_catalog.jsonl
LGHTT003.fmx,ADMIN,ONEX_ADMIN_WINDOW_API,34,8,244,439,IAS_GEN_PKG;IAS_GEN_PKGIAS20142GET_CURDATEIA;IAS_GEN_PKGIAS20142GET_PROMPTIAS;IAS_GEN_PKGIAS20142GET_USR_NMIAS;IAS_GET_ENC_PASS_FNC;IAS_GET_ENC_PASS_FNCIAS20142IAS_GET_ENC_PASS_FNC;IAS_USR_PKG;IAS_USR_PKGIAS20142CHK_USR_FRM_PRVIA;IAS_USR_PKGIAS20142GET_USR_APPRV;IAS_USR_PKGIAS20142GET_USR_NMIAS;YS_GEN_PKG;YS_GEN_PKGIAS20142GET_USR_FLD_PRVYS_;YS_SRL_SCR_PKG;YS_SRL_SCR_PKGIAS20142GET_SYS_SQ,CREATE/SAVE;UPDATE;DELETE/VOID;POST;PRINT,FMX_STRING_EVIDENCE,oracle_forms/deep_catalog/form_field_trigger_catalog.jsonl
MNT0025.fmx,ADMIN,ONEX_ADMIN_WINDOW_API,0,0,343,509,,READ/REVIEW,FMX_STRING_EVIDENCE,oracle_forms/deep_catalog/form_field_trigger_catalog.jsonl
MNT021.fmx,ADMIN,ONEX_ADMIN_WINDOW_API,36,8,250,635,IAS_GEN_PKG;IAS_GEN_PKGIAS20142GET_CUR_RATEI;IAS_GEN_PKGIAS20142GET_ITM_PRICE_DOCACYI;IAS_GEN_PKGIAS20142GET_LEV_PRVIA;IAS_GET_ENC_PASS_FNC;IAS_GET_ENC_PASS_FNCIAS20142IAS_GET_ENC_PASS_FNC;IAS_ITM_PKG;IAS_ITM_PKGIAS20142GET_ITM_NAMEI;IAS_USR_PKG;IAS_USR_PKGIAS20142CHK_USR_FRM_PRVIA;IAS_USR_PKGIAS20142GET_USR_APPRV;YS_GEN_PKG;YS_GEN_PKGIAS20142GET_USR_FLD_PRVYS_;YS_SRL_SCR_PKG;YS_SRL_SCR_PKGIAS20142GET_SYS_SQ,CREATE/SAVE;UPDATE;DELETE/VOID;POST;PRINT,FMX_STRING_EVIDENCE,oracle_forms/deep_catalog/form_field_trigger_catalog.jsonl
MNT025.fmx,ADMIN,ONEX_ADMIN_WINDOW_API,0,0,379,543,,READ/REVIEW,FMX_STRING_EVIDENCE,oracle_forms/deep_catalog/form_field_trigger_catalog.jsonl
MNT0T25.fmx,ADMIN,ONEX_ADMIN_WINDOW_API,0,0,341,511,,READ/REVIEW,FMX_STRING_EVIDENCE,oracle_forms/deep_catalog/form_field_trigger_catalog.jsonl
MNTI001.fmx,ADMIN,ONEX_ADMIN_WINDOW_API,44,8,465,632,IAS_ACTV_PKG;IAS_ACTV_PKGIAS20142GET_ACTV_NAMEIAS;IAS_CC_CODE_PKG;IAS_CC_CODE_PKGIAS20142GET_CC_NAMEIA;IAS_GEN_PKG;IAS_GEN_PKGIAS20142GET_CNTIA;IAS_GEN_PKGIAS20142GET_CURDATEIA;IAS_GEN_PKGIAS20142GET_FLD_VALUE;IAS_GEN_PKGIAS20142GET_USR_NMIAS;IAS_GET_ENC_PASS_FNC;IAS_GET_ENC_PASS_FNCIAS20142IAS_GET_ENC_PASS_FNC;IAS_PJ_PKG;IAS_PJ_PKGIAS20142GET_PJ_NAMEIAS;IAS_PRIVILEGE_PKG;IAS_PRIVILEGE_PKGIAS20142INSRT_USR_PRV_PRCIA;IAS_USR_PKG;IAS_USR_PKGIAS20142CHK_USR_BRN_PRVIA;IAS_USR_PKGIAS20142CHK_USR_FRM_PRVIA;IAS_USR_PKGIAS20142GET_USR_APPRV;IAS_USR_PKGIAS20142GET_USR_NMIAS;YS_GEN_PKG;YS_GEN_PKGIAS20142GET_USR_FLD_PRVYS_,CREATE/SAVE;UPDATE;DELETE/VOID;POST;PRINT,FMX_STRING_EVIDENCE,oracle_forms/deep_catalog/form_field_trigger_catalog.jsonl
MNTI002.fmx,ADMIN,ONEX_ADMIN_WINDOW_API,35,8,190,358,IAS_GET_ENC_PASS_FNC;IAS_GET_ENC_PASS_FNCIAS20142IAS_GET_ENC_PASS_FNC;IAS_USR_PKG;IAS_USR_PKGIAS20142CHK_USR_FRM_PRVIA;IAS_USR_PKGIAS20142GET_USR_APPRV;IAS_USR_PKGIAS20142GET_USR_NMIAS;YS_GEN_PKG;YS_GEN_PKGIAS20142CHK_LOCK_RCRDY;YS_GEN_PKGIAS20142GET_USR_FLD_PRVYS_;YS_SRL_SCR_PKG;YS_SRL_SCR_PKGIAS20142GET_SYS_SQ,CREATE/SAVE;UPDATE;DELETE/VOID;POST;PRINT,FMX_STRING_EVIDENCE,oracle_forms/deep_catalog/form_field_trigger_catalog.jsonl
MNTI003.fmx,ADMIN,ONEX_ADMIN_WINDOW_API,35,8,214,373,IAS_GET_ENC_PASS_FNC;IAS_GET_ENC_PASS_FNCIAS20142IAS_GET_ENC_PASS_FNC;IAS_USR_PKG;IAS_USR_PKGIAS20142CHK_USR_FRM_PRVIA;IAS_USR_PKGIAS20142GET_USR_APPRV;IAS_USR_PKGIAS20142GET_USR_NMIAS;YS_GEN_PKG;YS_GEN_PKGIAS20142CHK_LOCK_RCRDY;YS_GEN_PKGIAS20142GET_USR_FLD_PRVYS_;YS_SRL_SCR_PKG;YS_SRL_SCR_PKGIAS20142GET_SYS_SQ,CREATE/SAVE;UPDATE;DELETE/VOID;POST;PRINT,FMX_STRING_EVIDENCE,oracle_forms/deep_catalog/form_field_trigger_catalog.jsonl
MNTI004.fmx,ADMIN,ONEX_ADMIN_WINDOW_API,35,8,231,410,IAS_GET_ENC_PASS_FNC;IAS_GET_ENC_PASS_FNCIAS20142IAS_GET_ENC_PASS_FNC;IAS_USR_PKG;IAS_USR_PKGIAS20142CHK_USR_FRM_PRVIA;IAS_USR_PKGIAS20142GET_USR_APPRV;IAS_USR_PKGIAS20142GET_USR_NMIAS;YS_GEN_PKG;YS_GEN_PKGIAS20142CHK_LOCK_RCRDY;YS_GEN_PKGIAS20142GET_USR_FLD_PRVYS_;YS_SRL_SCR_PKG;YS_SRL_SCR_PKGIAS20142GET_SYS_SQ,CREATE/SAVE;UPDATE;DELETE/VOID;POST;PRINT,FMX_STRING_EVIDENCE,oracle_forms/deep_catalog/form_field_trigger_catalog.jsonl
MNTI005.fmx,ADMIN,ONEX_ADMIN_WINDOW_API,35,8,197,416,IAS_GET_ENC_PASS_FNC;IAS_GET_ENC_PASS_FNCIAS20142IAS_GET_ENC_PASS_FNC;IAS_USR_PKG;IAS_USR_PKGIAS20142CHK_USR_FRM_PRVIA;IAS_USR_PKGIAS20142GET_USR_APPRV;IAS_USR_PKGIAS20142GET_USR_NMIAS;YS_GEN_PKG;YS_GEN_PKGIAS20142CHK_LOCK_RCRDY;YS_GEN_PKGIAS20142GET_USR_FLD_PRVYS_;YS_SRL_SCR_PKG;YS_SRL_SCR_PKGIAS20142GET_SYS_SQ,CREATE/SAVE;UPDATE;DELETE/VOID;POST;PRINT,FMX_STRING_EVIDENCE,oracle_forms/deep_catalog/form_field_trigger_catalog.jsonl
MNTI006.fmx,ADMIN,ONEX_ADMIN_WINDOW_API,36,8,212,695,IAS_GET_ENC_PASS_FNC;IAS_GET_ENC_PASS_FNCIAS20142IAS_GET_ENC_PASS_FNC;IAS_USR_PKG;IAS_USR_PKGIAS20142CHK_USR_FRM_PRVIA;IAS_USR_PKGIAS20142GET_USR_APPRV;IAS_USR_PKGIAS20142GET_USR_NMIAS;YS_GEN_PKG;YS_GEN_PKGIAS20142CHK_LOCK_RCRDY;YS_GEN_PKGIAS20142GET_USR_FLD_PRVYS_;YS_SRL_SCR_PKG;YS_SRL_SCR_PKGIAS20142GET_SYS_SQ,CREATE/SAVE;UPDATE;DELETE/VOID;POST;PRINT,FMX_STRING_EVIDENCE,oracle_forms/deep_catalog/form_field_trigger_catalog.jsonl
MNTI007.fmx,ADMIN,ONEX_ADMIN_WINDOW_API,42,8,241,724,IAS_GET_ENC_PASS_FNC;IAS_GET_ENC_PASS_FNCIAS20142IAS_GET_ENC_PASS_FNC;IAS_USR_PKG;IAS_USR_PKGIAS20142CHK_USR_FRM_PRVIA;IAS_USR_PKGIAS20142GET_USR_APPRV;IAS_USR_PKGIAS20142GET_USR_NMIAS;YS_EMP_PKG;YS_EMP_PKGIAS20142GET_EMP_NM;YS_GEN_PKG;YS_GEN_PKGIAS20142CHK_LOCK_RCRDY;YS_GEN_PKGIAS20142GET_USR_FLD_PRVYS_;YS_SRL_SCR_PKG;YS_SRL_SCR_PKGIAS20142GET_SYS_SQ,CREATE/SAVE;UPDATE;DELETE/VOID;POST;PRINT,FMX_STRING_EVIDENCE,oracle_forms/deep_catalog/form_field_trigger_catalog.jsonl
MNTI008.fmx,ADMIN,ONEX_ADMIN_WINDOW_API,33,8,279,561,IAS_GEN_PKG;IAS_GEN_PKGIAS20142GET_PROMPTIAS;IAS_GET_ENC_PASS_FNC;IAS_GET_ENC_PASS_FNCIAS20142IAS_GET_ENC_PASS_FNC;IAS_USR_PKG;IAS_USR_PKGIAS20142CHK_USR_FRM_PRVIA;IAS_USR_PKGIAS20142GET_USR_NMIAS;YS_GEN_PKG;YS_GEN_PKGIAS20142CHK_ACTV_SYSTEMYS_;YS_GEN_PKGIAS20142CHK_LOCK_RCRDY;YS_GEN_PKGIAS20142GET_USR_FLD_PRVYS_;YS_SRL_SCR_PKG;YS_SRL_SCR_PKGIAS20142GET_SYS_SQ,CREATE/SAVE;UPDATE;DELETE/VOID;POST;PRINT,FMX_STRING_EVIDENCE,oracle_forms/deep_catalog/form_field_trigger_catalog.jsonl
MNTR001.fmx,ADMIN,ONEX_ADMIN_WINDOW_API,19,2,234,372,IAS_CHECK_SYS_PKG;IAS_CHECK_SYS_PKGIAS20142CHECK_BT_DATEIA;IAS_CHECK_SYS_PKGIAS20142CHECK_BT_VALUEI;IAS_GEN_PKG;IAS_GEN_PKGIAS20142GET_CNTIA;IAS_GEN_PKGIAS20142GET_FLG_NMIAS;IAS_GEN_PKGIAS20142GET_FRST_DAYI;IAS_GEN_PKGIAS20142GET_PROMPTIAS;IAS_GEN_PKGIAS20142GET_SYSDATEIA;IAS_GET_ENC_PASS_FNC;IAS_GET_ENC_PASS_FNCIAS20142IAS_GET_ENC_PASS_FNC;IAS_USR_PKG;IAS_USR_PKGIAS20142GET_USR_NMIAS,PRINT,FMX_STRING_EVIDENCE,oracle_forms/deep_catalog/form_field_trigger_catalog.jsonl
MNTR005.fmx,ADMIN,ONEX_ADMIN_WINDOW_API,19,2,236,375,IAS_CHECK_SYS_PKG;IAS_CHECK_SYS_PKGIAS20142CHECK_BT_DATEIA;IAS_CHECK_SYS_PKGIAS20142CHECK_BT_VALUEI;IAS_GEN_PKG;IAS_GEN_PKGIAS20142GET_CNTIA;IAS_GEN_PKGIAS20142GET_FLG_NMIAS;IAS_GEN_PKGIAS20142GET_FRST_DAYI;IAS_GEN_PKGIAS20142GET_PROMPTIAS;IAS_GEN_PKGIAS20142GET_SYSDATEIA;IAS_GET_ENC_PASS_FNC;IAS_GET_ENC_PASS_FNCIAS20142IAS_GET_ENC_PASS_FNC;IAS_USR_PKG;IAS_USR_PKGIAS20142GET_USR_NMIAS,PRINT,FMX_STRING_EVIDENCE,oracle_forms/deep_catalog/form_field_trigger_catalog.jsonl
MNTS001.fmx,ADMIN,ONEX_ADMIN_WINDOW_API,31,8,173,384,IAS_GEN_PKG;IAS_GEN_PKGIAS20142GET_PROMPTIAS;IAS_GET_ENC_PASS_FNC;IAS_GET_ENC_PASS_FNCIAS20142IAS_GET_ENC_PASS_FNC;IAS_USR_PKG;IAS_USR_PKGIAS20142CHK_USR_FRM_PRVIA;IAS_USR_PKGIAS20142GET_USR_NMIAS;YS_GEN_PKG;YS_GEN_PKGIAS20142CHK_ACTV_SYSTEMYS_;YS_GEN_PKGIAS20142CHK_LOCK_RCRDY;YS_GEN_PKGIAS20142GET_USR_FLD_PRVYS_;YS_SRL_SCR_PKG;YS_SRL_SCR_PKGIAS20142GET_SYS_SQ,CREATE/SAVE;UPDATE;DELETE/VOID;POST;PRINT,FMX_STRING_EVIDENCE,oracle_forms/deep_catalog/form_field_trigger_catalog.jsonl
MNTS002.fmx,ADMIN,ONEX_ADMIN_WINDOW_API,35,8,248,365,IAS_GET_ENC_PASS_FNC;IAS_GET_ENC_PASS_FNCIAS20142IAS_GET_ENC_PASS_FNC;IAS_USR_PKG;IAS_USR_PKGIAS20142CHK_USR_FRM_PRVIA;IAS_USR_PKGIAS20142GET_USR_APPRV;IAS_USR_PKGIAS20142GET_USR_NMIAS;YS_GEN_PKG;YS_GEN_PKGIAS20142CHK_LOCK_RCRDY;YS_GEN_PKGIAS20142GET_USR_FLD_PRVYS_;YS_SRL_SCR_PKG;YS_SRL_SCR_PKGIAS20142GET_SYS_SQ,CREATE/SAVE;UPDATE;DELETE/VOID;POST;PRINT,FMX_STRING_EVIDENCE,oracle_forms/deep_catalog/form_field_trigger_catalog.jsonl
MNTS003.fmx,ADMIN,ONEX_ADMIN_WINDOW_API,33,8,256,565,IAS_GEN_PKG;IAS_GEN_PKGIAS20142GET_CURDATEIA;IAS_GEN_PKGIAS20142GET_LOCAL_CUR;IAS_GEN_PKGIAS20142GET_PROMPTIAS;IAS_GET_ENC_PASS_FNC;IAS_GET_ENC_PASS_FNCIAS20142IAS_GET_ENC_PASS_FNC;IAS_USR_PKG;IAS_USR_PKGIAS20142CHK_USR_FRM_PRVIA;IAS_USR_PKGIAS20142GET_USR_APPRV;IAS_USR_PKGIAS20142GET_USR_NMIAS;YS_GEN_PKG;YS_GEN_PKGIAS20142GET_USR_FLD_PRVYS_,CREATE/SAVE;UPDATE;DELETE/VOID;POST,FMX_STRING_EVIDENCE,oracle_forms/deep_catalog/form_field_trigger_catalog.jsonl
MNTS004.fmx,ADMIN,ONEX_ADMIN_WINDOW_API,35,8,301,585,IAS_GET_ENC_PASS_FNC;IAS_GET_ENC_PASS_FNCIAS20142IAS_GET_ENC_PASS_FNC;IAS_PRMTR_PKG;IAS_PRMTR_PKGIAS20142GETPVAL;IAS_USR_PKG;IAS_USR_PKGIAS20142CHK_USR_FRM_PRVIA;IAS_USR_PKGIAS20142GET_USR_APPRV;IAS_USR_PKGIAS20142GET_USR_NMIAS;YS_GEN_PKG;YS_GEN_PKGIAS20142CHK_LOCK_RCRDY;YS_GEN_PKGIAS20142GET_CNTYS_;YS_GEN_PKGIAS20142GET_USR_FLD_PRVYS_,CREATE/SAVE;UPDATE;DELETE/VOID;POST;PRINT,FMX_STRING_EVIDENCE,oracle_forms/deep_catalog/form_field_trigger_catalog.jsonl
MNTS005.fmx,ADMIN,ONEX_ADMIN_WINDOW_API,35,8,128,379,IAS_GET_ENC_PASS_FNC;IAS_GET_ENC_PASS_FNCIAS20142IAS_GET_ENC_PASS_FNC;IAS_USR_PKG;IAS_USR_PKGIAS20142CHK_USR_FRM_PRVIA;IAS_USR_PKGIAS20142GET_USR_APPRV;IAS_USR_PKGIAS20142GET_USR_NMIAS;YS_GEN_PKG;YS_GEN_PKGIAS20142CHK_LOCK_RCRDY;YS_GEN_PKGIAS20142GET_USR_FLD_PRVYS_;YS_SRL_SCR_PKG;YS_SRL_SCR_PKGIAS20142GET_SYS_SQ,CREATE/SAVE;UPDATE;DELETE/VOID;POST;PRINT,FMX_STRING_EVIDENCE,oracle_forms/deep_catalog/form_field_trigger_catalog.jsonl
MNTS006.fmx,ADMIN,ONEX_ADMIN_WINDOW_API,33,8,379,544,IAS_GEN_PKG;IAS_GEN_PKGIAS20142GET_CNTIA;IAS_GEN_PKGIAS20142GET_FLD_VALUE;IAS_GET_ENC_PASS_FNC;IAS_GET_ENC_PASS_FNCIAS20142IAS_GET_ENC_PASS_FNC;IAS_USR_PKG;IAS_USR_PKGIAS20142CHK_USR_FRM_PRVIA;IAS_USR_PKGIAS20142GET_USR_APPRV;IAS_USR_PKGIAS20142GET_USR_NMIAS;YS_GEN_PKG;YS_GEN_PKGIAS20142GET_USR_FLD_PRVYS_,CREATE/SAVE;UPDATE;DELETE/VOID;POST;PRINT,FMX_STRING_EVIDENCE,oracle_forms/deep_catalog/form_field_trigger_catalog.jsonl
MNTS007.fmx,ADMIN,ONEX_ADMIN_WINDOW_API,37,8,287,540,IAS_GEN_PKG;IAS_GEN_PKGIAS20142GET_CNTIA;IAS_GEN_PKGIAS20142GET_FLD_VALUE;IAS_GEN_PKGIAS20142GET_USR_NMIAS;IAS_GET_ENC_PASS_FNC;IAS_GET_ENC_PASS_FNCIAS20142IAS_GET_ENC_PASS_FNC;IAS_PRIVILEGE_PKG;IAS_PRIVILEGE_PKGIAS20142INSRT_USR_PRV_PRCIA;IAS_USR_PKG;IAS_USR_PKGIAS20142CHK_USR_BRN_PRVIA;IAS_USR_PKGIAS20142CHK_USR_FRM_PRVIA;IAS_USR_PKGIAS20142GET_USR_APPRV;IAS_USR_PKGIAS20142GET_USR_NMIAS;YS_GEN_PKG;YS_GEN_PKGIAS20142GET_USR_FLD_PRVYS_,CREATE/SAVE;UPDATE;DELETE/VOID;POST;PRINT,FMX_STRING_EVIDENCE,oracle_forms/deep_catalog/form_field_trigger_catalog.jsonl
MNTS025.fmx,ADMIN,ONEX_ADMIN_WINDOW_API,0,0,328,536,,READ/REVIEW,FMX_STRING_EVIDENCE,oracle_forms/deep_catalog/form_field_trigger_catalog.jsonl
MNTT001.fmx,ADMIN,ONEX_ADMIN_WINDOW_API,53,8,547,1093,IAS_AUDIT_OTHR_PKG;IAS_AUDIT_OTHR_PKGIAS20142AUDIT_OTHR_PRC;IAS_AUD_SYS_PKG;IAS_AUD_SYS_PKGIAS20142ADD_DOC_DELIA;IAS_CHK_BRN_UP_DEL_FNC;IAS_CHK_BRN_UP_DEL_FNCIAS20142IAS_CHK_BRN_UP_DEL_FNC;IAS_CST_PKG;IAS_CST_PKGIAS20142GET_ACODE;IAS_GEN_PKG;IAS_GEN_PKGIAS20142GET_CNTIA;IAS_GEN_PKGIAS20142GET_CURDATEIA;IAS_GEN_PKGIAS20142GET_SYSDATEIA;IAS_GET_DOC_DEL_FNC;IAS_GET_ENC_PASS_FNC;IAS_GET_ENC_PASS_FNCIAS20142IAS_GET_ENC_PASS_FNC;IAS_ITM_PKG;IAS_ITM_PKGIAS20142CHK_ICODE_UNITIAS;IAS_ITM_PKGIAS20142GET_ICODE_UNIT_BY_LVL;IAS_USR_PKG;IAS_USR_PKGIAS20142CHK_USR_FRM_PRVIA;IAS_USR_PKGIAS20142GET_USR_NMIAS;YS_GEN_PKG;YS_GEN_PKGIAS20142GET_USR_FLD_PRVYS_;YS_SRL_SCR_PKG;YS_SRL_SCR_PKGIAS20142GET_SYS_SQ,CREATE/SAVE;UPDATE;DELETE/VOID;POST;PRINT,FMX_STRING_EVIDENCE,oracle_forms/deep_catalog/form_field_trigger_catalog.jsonl
MNTT002.fmx,ADMIN,ONEX_ADMIN_WINDOW_API,33,8,312,631,IAS_GET_ENC_PASS_FNC;IAS_GET_ENC_PASS_FNCIAS20142IAS_GET_ENC_PASS_FNC;IAS_ITM_PKG;IAS_ITM_PKGIAS20142GET_ITM_NAMEI;IAS_USR_PKG;IAS_USR_PKGIAS20142CHK_USR_FRM_PRVIA;IAS_USR_PKGIAS20142GET_USR_APPRV;YS_GEN_PKG;YS_GEN_PKGIAS20142GET_CURDATEYS_;YS_GEN_PKGIAS20142GET_USR_FLD_PRVYS_;YS_SRL_SCR_PKG;YS_SRL_SCR_PKGIAS20142GET_SYS_SQ,CREATE/SAVE;UPDATE;DELETE/VOID;POST;PRINT,FMX_STRING_EVIDENCE,oracle_forms/deep_catalog/form_field_trigger_catalog.jsonl
MNTT003.fmx,ADMIN,ONEX_ADMIN_WINDOW_API,61,8,616,938,IAS_AUDIT_OTHR_PKG;IAS_AUDIT_OTHR_PKGIAS20142AUDIT_OTHR_PRC;IAS_CHECK_SYS_PKG;IAS_CHECK_SYS_PKGIAS20142CHECK_AC_ACY_INCTVI;IAS_CHECK_SYS_PKGIAS20142CHECK_AC_CC;IAS_CHECK_SYS_PKGIAS20142CHECK_USE_CCIAS;IAS_CHK_BRN_UP_DEL_FNC;IAS_CHK_BRN_UP_DEL_FNCIAS20142IAS_CHK_BRN_UP_DEL_FNC;IAS_CST_PKG;IAS_CST_PKGIAS20142GET_ACODE;IAS_CST_PKGIAS20142GET_C_NAMEIAS;IAS_GEN_PKG;IAS_GEN_PKGIAS20142GET_CNTIA;IAS_GEN_PKGIAS20142GET_CURDATEIA;IAS_GEN_PKGIAS20142GET_CUR_RATEI;IAS_GEN_PKGIAS20142GET_FLD_VALUE;IAS_GEN_PKGIAS20142GET_LEV_PRVIA;IAS_GEN_PKGIAS20142GET_LOW_PRICE;IAS_GEN_PKGIAS20142GET_MSGIA;IAS_GEN_PKGIAS20142GET_PROMPTIAS;IAS_GEN_PKGIAS20142GET_SYSDATEIA;IAS_GET_DOC_DEL_FNC;IAS_GET_ENC_PASS_FNC;IAS_GET_ENC_PASS_FNCIAS20142IAS_GET_ENC_PASS_FNC;IAS_ITM_PKG;IAS_ITM_PKGIAS20142CHK_ICODE_UNITIAS;IAS_ITM_PKGIAS20142GET_GRAND_AVLQTYI;IAS_ITM_PKGIAS20142GET_GRAND_WTAVGIA;IAS_ITM_PKGIAS20142GET_ICODE_ONE_UNITIAS;IAS_USR_PKG;IAS_USR_PKGIAS20142CHK_USR_FRM_PRVIA;IAS_USR_PKGIAS20142GET_USR_DEF_REPIA;IAS_USR_PKGIAS20142GET_USR_NMIAS;IAS_WT_PKG;YS_GEN_PKG;YS_GEN_PKGIAS20142GET_USR_FLD_PRVYS_,CREATE/SAVE;UPDATE;DELETE/VOID;POST;PRINT,FMX_STRING_EVIDENCE,oracle_forms/deep_catalog/form_field_trigger_catalog.jsonl
MNTT004.fmx,ADMIN,ONEX_ADMIN_WINDOW_API,37,8,335,693,IAS_GET_ENC_PASS_FNC;IAS_GET_ENC_PASS_FNCIAS20142IAS_GET_ENC_PASS_FNC;IAS_USR_PKG;IAS_USR_PKGIAS20142CHK_USR_FRM_PRVIA;IAS_USR_PKGIAS20142GET_USR_APPRV;IAS_USR_PKGIAS20142GET_USR_NMIAS;YS_GEN_PKG;YS_GEN_PKGIAS20142CHK_LOCK_RCRDY;YS_GEN_PKGIAS20142GET_USR_FLD_PRVYS_;YS_SRL_SCR_PKG;YS_SRL_SCR_PKGIAS20142GET_SYS_SQ,CREATE/SAVE;UPDATE;DELETE/VOID;POST;PRINT,FMX_STRING_EVIDENCE,oracle_forms/deep_catalog/form_field_trigger_catalog.jsonl
MNTT005.fmx,ADMIN,ONEX_ADMIN_WINDOW_API,46,8,998,1465,IAS_GEN_PKG;IAS_GEN_PKGIAS20142GET_CNTIA;IAS_GEN_PKGIAS20142GET_CUR_RATEI;IAS_GEN_PKGIAS20142GET_FLG_NMIAS;IAS_GEN_PKGIAS20142GET_ITM_PRICE_DOCACYI;IAS_GEN_PKGIAS20142GET_LEV_PRVIA;IAS_GEN_PKGIAS20142GET_MSGIA;IAS_GEN_PKGIAS20142GET_PROMPTIAS;IAS_GEN_PKGIAS20142GET_SYSDATEIA;IAS_GET_ENC_PASS_FNC;IAS_GET_ENC_PASS_FNCIAS20142IAS_GET_ENC_PASS_FNC;IAS_ITM_PKG;IAS_ITM_PKGIAS20142GET_ITM_NAMEI;IAS_USR_PKG;IAS_USR_PKGIAS20142CHK_USR_FRM_PRVIA;IAS_USR_PKGIAS20142GET_USR_NMIAS;YS_GEN_PKG;YS_GEN_PKGIAS20142CHK_LOCK_RCRDY;YS_GEN_PKGIAS20142GET_USR_FLD_PRVYS_,CREATE/SAVE;UPDATE;DELETE/VOID;POST;PRINT,FMX_STRING_EVIDENCE,oracle_forms/deep_catalog/form_field_trigger_catalog.jsonl
MNTT006.fmx,ADMIN,ONEX_ADMIN_WINDOW_API,34,8,360,663,IAS_GEN_PKG;IAS_GEN_PKGIAS20142GET_CURDATEIA;IAS_GET_ENC_PASS_FNC;IAS_GET_ENC_PASS_FNCIAS20142IAS_GET_ENC_PASS_FNC;IAS_ITM_PKG;IAS_ITM_PKGIAS20142GET_ITM_NAMEI;IAS_USR_PKG;IAS_USR_PKGIAS20142CHK_USR_FRM_PRVIA;IAS_USR_PKGIAS20142GET_USR_APPRV;YS_GEN_PKG;YS_GEN_PKGIAS20142GET_USR_FLD_PRVYS_;YS_SRL_SCR_PKG;YS_SRL_SCR_PKGIAS20142GET_SYS_SQ,CREATE/SAVE;UPDATE;DELETE/VOID;POST;PRINT,FMX_STRING_EVIDENCE,oracle_forms/deep_catalog/form_field_trigger_catalog.jsonl
MNTT007.fmx,ADMIN,ONEX_ADMIN_WINDOW_API,32,8,290,622,IAS_GET_ENC_PASS_FNC;IAS_GET_ENC_PASS_FNCIAS20142IAS_GET_ENC_PASS_FNC;IAS_ITM_PKG;IAS_ITM_PKGIAS20142GET_ITM_NAMEI;IAS_USR_PKG;IAS_USR_PKGIAS20142CHK_USR_FRM_PRVIA;IAS_USR_PKGIAS20142GET_USR_APPRV;YS_GEN_PKG;YS_GEN_PKGIAS20142GET_USR_FLD_PRVYS_;YS_SRL_SCR_PKG;YS_SRL_SCR_PKGIAS20142GET_SYS_SQ,CREATE/SAVE;UPDATE;DELETE/VOID;POST;PRINT,FMX_STRING_EVIDENCE,oracle_forms/deep_catalog/form_field_trigger_catalog.jsonl
MNTT010.fmx,ADMIN,ONEX_ADMIN_WINDOW_API,56,8,558,856,IAS_AUDIT_OTHR_PKG;IAS_AUDIT_OTHR_PKGIAS20142AUDIT_OTHR_PRC;IAS_CHECK_SYS_PKG;IAS_CHECK_SYS_PKGIAS20142CHECK_USE_CCIAS;IAS_CHK_BRN_UP_DEL_FNC;IAS_CHK_BRN_UP_DEL_FNCIAS20142IAS_CHK_BRN_UP_DEL_FNC;IAS_CST_PKG;IAS_CST_PKGIAS20142GET_ACODE;IAS_CST_PKGIAS20142GET_C_NAMEIAS;IAS_GEN_PKG;IAS_GEN_PKGIAS20142GET_CNTIA;IAS_GEN_PKGIAS20142GET_CURDATEIA;IAS_GEN_PKGIAS20142GET_FLD_VALUE;IAS_GEN_PKGIAS20142GET_LEV_PRVIA;IAS_GEN_PKGIAS20142GET_MSGIA;IAS_GEN_PKGIAS20142GET_PROMPTIAS;IAS_GEN_PKGIAS20142GET_SYSDATEIA;IAS_GET_DOC_DEL_FNC;IAS_GET_ENC_PASS_FNC;IAS_GET_ENC_PASS_FNCIAS20142IAS_GET_ENC_PASS_FNC;IAS_ITM_PKG;IAS_ITM_PKGIAS20142GET_ICODE_ONE_UNITIAS;IAS_ITM_PKGIAS20142GET_ICODE_VNDRIAS;IAS_ITM_PKGIAS20142GET_I_CODEIAS;IAS_USR_PKG;IAS_USR_PKGIAS20142CHK_USR_FRM_PRVIA;IAS_USR_PKGIAS20142GET_USR_DEF_REPIA;IAS_USR_PKGIAS20142GET_USR_NMIAS;IAS_WT_PKG;YS_GEN_PKG;YS_GEN_PKGIAS20142GET_USR_FLD_PRVYS_,CREATE/SAVE;UPDATE;DELETE/VOID;POST;PRINT,FMX_STRING_EVIDENCE,oracle_forms/deep_catalog/form_field_trigger_catalog.jsonl
MNTT011.fmx,ADMIN,ONEX_ADMIN_WINDOW_API,33,7,290,602,IAS_GET_ENC_PASS_FNC;IAS_GET_ENC_PASS_FNCIAS20142IAS_GET_ENC_PASS_FNC;IAS_USR_PKG;IAS_USR_PKGIAS20142CHK_USR_FRM_PRVIA;IAS_USR_PKGIAS20142GET_USR_APPRV;IAS_USR_PKGIAS20142GET_USR_NMIAS;YS_GEN_PKG;YS_GEN_PKGIAS20142CHK_LOCK_RCRDY;YS_GEN_PKGIAS20142GET_USR_FLD_PRVYS_;YS_SRL_SCR_PKG;YS_SRL_SCR_PKGIAS20142GET_SYS_SQ,CREATE/SAVE;UPDATE;DELETE/VOID;POST;PRINT,FMX_STRING_EVIDENCE,oracle_forms/deep_catalog/form_field_trigger_catalog.jsonl
MNTT012.fmx,ADMIN,ONEX_ADMIN_WINDOW_API,42,8,226,424,IAS_CST_PKG;IAS_CST_PKGIAS20142GET_ACODE;IAS_GEN_PKG;IAS_GEN_PKGIAS20142GET_CURDATEIA;IAS_GEN_PKGIAS20142GET_USR_NMIAS;IAS_GET_ENC_PASS_FNC;IAS_GET_ENC_PASS_FNCIAS20142IAS_GET_ENC_PASS_FNC;IAS_USR_PKG;IAS_USR_PKGIAS20142CHK_USR_FRM_PRVIA;IAS_USR_PKGIAS20142GET_USR_APPRV;IAS_USR_PKGIAS20142GET_USR_NMIAS;YS_GEN_PKG;YS_GEN_PKGIAS20142CHK_LOCK_RCRDY;YS_GEN_PKGIAS20142GET_USR_FLD_PRVYS_;YS_SRL_SCR_PKG;YS_SRL_SCR_PKGIAS20142GET_SYS_SQ,CREATE/SAVE;UPDATE;DELETE/VOID;POST;PRINT,FMX_STRING_EVIDENCE,oracle_forms/deep_catalog/form_field_trigger_catalog.jsonl
MNTT013.fmx,ADMIN,ONEX_ADMIN_WINDOW_API,35,7,333,589,IAS_CC_CODE_PKG;IAS_CC_CODE_PKGIAS20142GET_CC_NAMEIA;IAS_GEN_PKG;IAS_GEN_PKGIAS20142GET_CNTIA;IAS_GEN_PKGIAS20142GET_FLD_VALUE;IAS_GEN_PKGIAS20142GET_SYSDATEIA;IAS_GET_ENC_PASS_FNC;IAS_GET_ENC_PASS_FNCIAS20142IAS_GET_ENC_PASS_FNC;IAS_USR_PKG;IAS_USR_PKGIAS20142CHK_USR_FRM_PRVIA;IAS_USR_PKGIAS20142GET_USR_APPRV;IAS_USR_PKGIAS20142GET_USR_NMIAS;YS_GEN_PKG;YS_GEN_PKGIAS20142GET_USR_FLD_PRVYS_,CREATE/SAVE;UPDATE;DELETE/VOID;POST;PRINT,FMX_STRING_EVIDENCE,oracle_forms/deep_catalog/form_field_trigger_catalog.jsonl
MNTT020.fmx,ADMIN,ONEX_ADMIN_WINDOW_API,30,8,262,592,IAS_GET_ENC_PASS_FNC;IAS_GET_ENC_PASS_FNCIAS20142IAS_GET_ENC_PASS_FNC;IAS_USR_PKG;IAS_USR_PKGIAS20142CHK_USR_FRM_PRVIA;IAS_USR_PKGIAS20142GET_USR_APPRV;YS_GEN_PKG;YS_GEN_PKGIAS20142GET_USR_FLD_PRVYS_;YS_SRL_SCR_PKG;YS_SRL_SCR_PKGIAS20142GET_SYS_SQ,CREATE/SAVE;UPDATE;DELETE/VOID;POST;PRINT,FMX_STRING_EVIDENCE,oracle_forms/deep_catalog/form_field_trigger_catalog.jsonl
MNTT021.fmx,ADMIN,ONEX_ADMIN_WINDOW_API,32,8,235,608,IAS_GET_ENC_PASS_FNC;IAS_GET_ENC_PASS_FNCIAS20142IAS_GET_ENC_PASS_FNC;IAS_ITM_PKG;IAS_ITM_PKGIAS20142GET_ITM_NAMEI;IAS_USR_PKG;IAS_USR_PKGIAS20142CHK_USR_FRM_PRVIA;IAS_USR_PKGIAS20142GET_USR_APPRV;YS_GEN_PKG;YS_GEN_PKGIAS20142GET_USR_FLD_PRVYS_;YS_SRL_SCR_PKG;YS_SRL_SCR_PKGIAS20142GET_SYS_SQ,CREATE/SAVE;UPDATE;DELETE/VOID;POST;PRINT,FMX_STRING_EVIDENCE,oracle_forms/deep_catalog/form_field_trigger_catalog.jsonl
MNTT022.fmx,ADMIN,ONEX_ADMIN_WINDOW_API,32,8,297,597,IAS_GET_ENC_PASS_FNC;IAS_GET_ENC_PASS_FNCIAS20142IAS_GET_ENC_PASS_FNC;IAS_ITM_PKG;IAS_ITM_PKGIAS20142GET_ITM_NAMEI;IAS_USR_PKG;IAS_USR_PKGIAS20142CHK_USR_FRM_PRVIA;IAS_USR_PKGIAS20142GET_USR_APPRV;YS_GEN_PKG;YS_GEN_PKGIAS20142GET_USR_FLD_PRVYS_;YS_SRL_SCR_PKG;YS_SRL_SCR_PKGIAS20142GET_SYS_SQ,CREATE/SAVE;UPDATE;DELETE/VOID;POST;PRINT,FMX_STRING_EVIDENCE,oracle_forms/deep_catalog/form_field_trigger_catalog.jsonl
MNTT025.fmx,ADMIN,ONEX_ADMIN_WINDOW_API,0,0,327,508,,READ/REVIEW,FMX_STRING_EVIDENCE,oracle_forms/deep_catalog/form_field_trigger_catalog.jsonl
MNTT050.fmx,ADMIN,ONEX_ADMIN_WINDOW_API,56,8,558,856,IAS_AUDIT_OTHR_PKG;IAS_AUDIT_OTHR_PKGIAS20142AUDIT_OTHR_PRC;IAS_CHECK_SYS_PKG;IAS_CHECK_SYS_PKGIAS20142CHECK_USE_CCIAS;IAS_CHK_BRN_UP_DEL_FNC;IAS_CHK_BRN_UP_DEL_FNCIAS20142IAS_CHK_BRN_UP_DEL_FNC;IAS_CST_PKG;IAS_CST_PKGIAS20142GET_ACODE;IAS_CST_PKGIAS20142GET_C_NAMEIAS;IAS_GEN_PKG;IAS_GEN_PKGIAS20142GET_CNTIA;IAS_GEN_PKGIAS20142GET_CURDATEIA;IAS_GEN_PKGIAS20142GET_FLD_VALUE;IAS_GEN_PKGIAS20142GET_LEV_PRVIA;IAS_GEN_PKGIAS20142GET_MSGIA;IAS_GEN_PKGIAS20142GET_PROMPTIAS;IAS_GEN_PKGIAS20142GET_SYSDATEIA;IAS_GET_DOC_DEL_FNC;IAS_GET_ENC_PASS_FNC;IAS_GET_ENC_PASS_FNCIAS20142IAS_GET_ENC_PASS_FNC;IAS_ITM_PKG;IAS_ITM_PKGIAS20142GET_ICODE_ONE_UNITIAS;IAS_ITM_PKGIAS20142GET_ICODE_VNDRIAS;IAS_ITM_PKGIAS20142GET_I_CODEIAS;IAS_USR_PKG;IAS_USR_PKGIAS20142CHK_USR_FRM_PRVIA;IAS_USR_PKGIAS20142GET_USR_DEF_REPIA;IAS_USR_PKGIAS20142GET_USR_NMIAS;IAS_WT_PKG;YS_GEN_PKG;YS_GEN_PKGIAS20142GET_USR_FLD_PRVYS_,CREATE/SAVE;UPDATE;DELETE/VOID;POST;PRINT,FMX_STRING_EVIDENCE,oracle_forms/deep_catalog/form_field_trigger_catalog.jsonl
MRPACS001.fmx,MRP,ONEX_MRP_WINDOW_API,6,1,315,590,,READ/REVIEW,FMX_STRING_EVIDENCE,oracle_forms/deep_catalog/form_field_trigger_catalog.jsonl
MRPACS004.fmx,MRP,ONEX_MRP_WINDOW_API,40,1,6310,5912,,READ/REVIEW,FMX_STRING_EVIDENCE,oracle_forms/deep_catalog/form_field_trigger_catalog.jsonl
MRPBOM005.fmx,MRP,ONEX_MRP_WINDOW_API,7,1,276,328,,DELETE/VOID,FMX_STRING_EVIDENCE,oracle_forms/deep_catalog/form_field_trigger_catalog.jsonl
MRPBOM01.fmx,MRP,ONEX_MRP_WINDOW_API,1,1,0,166,,READ/REVIEW,FMX_STRING_EVIDENCE,oracle_forms/deep_catalog/form_field_trigger_catalog.jsonl
MRPBOM010.fmx,MRP,ONEX_MRP_WINDOW_API,11,1,381,449,,DELETE/VOID,FMX_STRING_EVIDENCE,oracle_forms/deep_catalog/form_field_trigger_catalog.jsonl
MRPBOM03.fmx,MRP,ONEX_MRP_WINDOW_API,7,0,265,303,,READ/REVIEW,FMX_STRING_EVIDENCE,oracle_forms/deep_catalog/form_field_trigger_catalog.jsonl
MRPCRP001.fmx,MRP,ONEX_MRP_WINDOW_API,6,1,46,218,YS_GEN_PKG;YS_GEN_PKGIAS201519GET_CNTYS,READ/REVIEW,FMX_STRING_EVIDENCE,oracle_forms/deep_catalog/form_field_trigger_catalog.jsonl
MRPCRP003.fmx,MRP,ONEX_MRP_WINDOW_API,18,2,432,599,YS_GEN_PKG;YS_GEN_PKGIAS201519GET_CNTYS,READ/REVIEW,FMX_STRING_EVIDENCE,oracle_forms/deep_catalog/form_field_trigger_catalog.jsonl
MRPCRP005.fmx,MRP,ONEX_MRP_WINDOW_API,5,1,117,242,,READ/REVIEW,FMX_STRING_EVIDENCE,oracle_forms/deep_catalog/form_field_trigger_catalog.jsonl
MRPCRP030.fmx,MRP,ONEX_MRP_WINDOW_API,1,0,250,349,,READ/REVIEW,FMX_STRING_EVIDENCE,oracle_forms/deep_catalog/form_field_trigger_catalog.jsonl
MRPCRP060.fmx,MRP,ONEX_MRP_WINDOW_API,10,1,183,340,,DELETE/VOID,FMX_STRING_EVIDENCE,oracle_forms/deep_catalog/form_field_trigger_catalog.jsonl
MRPCRP07.fmx,MRP,ONEX_MRP_WINDOW_API,1,1,79,180,,READ/REVIEW,FMX_STRING_EVIDENCE,oracle_forms/deep_catalog/form_field_trigger_catalog.jsonl
MRPCRP100.fmx,MRP,ONEX_MRP_WINDOW_API,3,1,77,177,YS_GEN_PKG;YS_GEN_PKGIAS20142GET_CNTYS_,READ/REVIEW,FMX_STRING_EVIDENCE,oracle_forms/deep_catalog/form_field_trigger_catalog.jsonl
MRPCRP20.fmx,MRP,ONEX_MRP_WINDOW_API,3,0,158,295,YS_GEN_PKG;YS_GEN_PKGIAS20142GET_CNTYS_,READ/REVIEW,FMX_STRING_EVIDENCE,oracle_forms/deep_catalog/form_field_trigger_catalog.jsonl
MRPCRP23.fmx,MRP,ONEX_MRP_WINDOW_API,12,1,343,622,IAS_GEN_PKG;IAS_GEN_PKGIAS201519GET_CNTI,READ/REVIEW,FMX_STRING_EVIDENCE,oracle_forms/deep_catalog/form_field_trigger_catalog.jsonl
MRPCRP24.fmx,MRP,ONEX_MRP_WINDOW_API,5,1,64,190,,READ/REVIEW,FMX_STRING_EVIDENCE,oracle_forms/deep_catalog/form_field_trigger_catalog.jsonl
MRPCRP26.fmx,MRP,ONEX_MRP_WINDOW_API,3,1,83,187,,READ/REVIEW,FMX_STRING_EVIDENCE,oracle_forms/deep_catalog/form_field_trigger_catalog.jsonl
MRPCRP50.fmx,MRP,ONEX_MRP_WINDOW_API,3,1,88,271,,READ/REVIEW,FMX_STRING_EVIDENCE,oracle_forms/deep_catalog/form_field_trigger_catalog.jsonl
MRPDBA.fmx,MRP,ONEX_MRP_WINDOW_API,14,0,71,121,YS_GEN_PKG;YS_GEN_PKGIAS201519CHK_ACTV_SYSTEMYS,CREATE/SAVE,FMX_STRING_EVIDENCE,oracle_forms/deep_catalog/form_field_trigger_catalog.jsonl
MRPIMPXLS.fmx,MRP,ONEX_MRP_WINDOW_API,9,1,236,292,,PRINT,FMX_STRING_EVIDENCE,oracle_forms/deep_catalog/form_field_trigger_catalog.jsonl
MRPIMP_ITEMS_XLS.fmx,MRP,ONEX_MRP_WINDOW_API,2,1,140,231,,PRINT,FMX_STRING_EVIDENCE,oracle_forms/deep_catalog/form_field_trigger_catalog.jsonl
MRPMMS010.fmx,MRP,ONEX_MRP_WINDOW_API,1,0,191,308,,READ/REVIEW,FMX_STRING_EVIDENCE,oracle_forms/deep_catalog/form_field_trigger_catalog.jsonl
MRPMMS011.fmx,MRP,ONEX_MRP_WINDOW_API,1,0,294,374,,READ/REVIEW,FMX_STRING_EVIDENCE,oracle_forms/deep_catalog/form_field_trigger_catalog.jsonl
MRPMMS012.fmx,MRP,ONEX_MRP_WINDOW_API,1,0,233,326,,READ/REVIEW,FMX_STRING_EVIDENCE,oracle_forms/deep_catalog/form_field_trigger_catalog.jsonl
MRPMMS013.fmx,MRP,ONEX_MRP_WINDOW_API,1,0,290,342,,READ/REVIEW,FMX_STRING_EVIDENCE,oracle_forms/deep_catalog/form_field_trigger_catalog.jsonl
MRPMMS014.fmx,MRP,ONEX_MRP_WINDOW_API,1,0,155,223,,READ/REVIEW,FMX_STRING_EVIDENCE,oracle_forms/deep_catalog/form_field_trigger_catalog.jsonl
MRPMPS010.fmx,MRP,ONEX_MRP_WINDOW_API,31,0,831,985,,READ/REVIEW,FMX_STRING_EVIDENCE,oracle_forms/deep_catalog/form_field_trigger_catalog.jsonl
MRPMPS02.fmx,MRP,ONEX_MRP_WINDOW_API,12,1,410,565,,READ/REVIEW,FMX_STRING_EVIDENCE,oracle_forms/deep_catalog/form_field_trigger_catalog.jsonl
MRPMPS032.fmx,MRP,ONEX_MRP_WINDOW_API,2,0,332,459,,READ/REVIEW,FMX_STRING_EVIDENCE,oracle_forms/deep_catalog/form_field_trigger_catalog.jsonl
MRPMPS045.fmx,MRP,ONEX_MRP_WINDOW_API,10,0,354,349,,READ/REVIEW,FMX_STRING_EVIDENCE,oracle_forms/deep_catalog/form_field_trigger_catalog.jsonl
MRPMPS048.fmx,MRP,ONEX_MRP_WINDOW_API,2,0,103,221,,READ/REVIEW,FMX_STRING_EVIDENCE,oracle_forms/deep_catalog/form_field_trigger_catalog.jsonl
MRPMPS06.fmx,MRP,ONEX_MRP_WINDOW_API,4,1,146,276,,READ/REVIEW,FMX_STRING_EVIDENCE,oracle_forms/deep_catalog/form_field_trigger_catalog.jsonl
MRPMPS07.fmx,MRP,ONEX_MRP_WINDOW_API,5,1,390,494,,READ/REVIEW,FMX_STRING_EVIDENCE,oracle_forms/deep_catalog/form_field_trigger_catalog.jsonl
MRPMPS09.fmx,MRP,ONEX_MRP_WINDOW_API,6,1,122,317,,READ/REVIEW,FMX_STRING_EVIDENCE,oracle_forms/deep_catalog/form_field_trigger_catalog.jsonl
MRPMRP004.fmx,MRP,ONEX_MRP_WINDOW_API,19,1,349,677,,DELETE/VOID,FMX_STRING_EVIDENCE,oracle_forms/deep_catalog/form_field_trigger_catalog.jsonl
MRPMRP005.fmx,MRP,ONEX_MRP_WINDOW_API,9,1,146,294,,DELETE/VOID,FMX_STRING_EVIDENCE,oracle_forms/deep_catalog/form_field_trigger_catalog.jsonl
MRPMRP006.fmx,MRP,ONEX_MRP_WINDOW_API,10,1,313,436,,DELETE/VOID,FMX_STRING_EVIDENCE,oracle_forms/deep_catalog/form_field_trigger_catalog.jsonl
MRPMRP007.fmx,MRP,ONEX_MRP_WINDOW_API,12,1,339,494,,DELETE/VOID,FMX_STRING_EVIDENCE,oracle_forms/deep_catalog/form_field_trigger_catalog.jsonl
MRPPCM003.fmx,MRP,ONEX_MRP_WINDOW_API,3,0,368,506,,READ/REVIEW,FMX_STRING_EVIDENCE,oracle_forms/deep_catalog/form_field_trigger_catalog.jsonl
MRPPCM006.fmx,MRP,ONEX_MRP_WINDOW_API,1,0,246,326,,READ/REVIEW,FMX_STRING_EVIDENCE,oracle_forms/deep_catalog/form_field_trigger_catalog.jsonl
MRPPCM009.fmx,MRP,ONEX_MRP_WINDOW_API,1,8,117,299,,READ/REVIEW,FMX_STRING_EVIDENCE,oracle_forms/deep_catalog/form_field_trigger_catalog.jsonl
MRPPCM010.fmx,MRP,ONEX_MRP_WINDOW_API,3,0,218,345,,READ/REVIEW,FMX_STRING_EVIDENCE,oracle_forms/deep_catalog/form_field_trigger_catalog.jsonl
MRPPCM011.fmx,MRP,ONEX_MRP_WINDOW_API,7,1,432,490,,READ/REVIEW,FMX_STRING_EVIDENCE,oracle_forms/deep_catalog/form_field_trigger_catalog.jsonl
MRPPCM012.fmx,MRP,ONEX_MRP_WINDOW_API,5,1,267,398,,READ/REVIEW,FMX_STRING_EVIDENCE,oracle_forms/deep_catalog/form_field_trigger_catalog.jsonl
MRPPCM013.fmx,MRP,ONEX_MRP_WINDOW_API,5,1,302,397,,READ/REVIEW,FMX_STRING_EVIDENCE,oracle_forms/deep_catalog/form_field_trigger_catalog.jsonl
MRPPCM014.fmx,MRP,ONEX_MRP_WINDOW_API,4,0,296,335,,READ/REVIEW,FMX_STRING_EVIDENCE,oracle_forms/deep_catalog/form_field_trigger_catalog.jsonl
MRPPCM019.fmx,MRP,ONEX_MRP_WINDOW_API,1,0,212,308,,READ/REVIEW,FMX_STRING_EVIDENCE,oracle_forms/deep_catalog/form_field_trigger_catalog.jsonl
MRPPCM021.fmx,MRP,ONEX_MRP_WINDOW_API,1,0,213,254,,READ/REVIEW,FMX_STRING_EVIDENCE,oracle_forms/deep_catalog/form_field_trigger_catalog.jsonl
MRPPCM022.fmx,MRP,ONEX_MRP_WINDOW_API,1,1,252,300,,READ/REVIEW,FMX_STRING_EVIDENCE,oracle_forms/deep_catalog/form_field_trigger_catalog.jsonl
MRPPCM028.fmx,MRP,ONEX_MRP_WINDOW_API,8,8,558,761,,READ/REVIEW,FMX_STRING_EVIDENCE,oracle_forms/deep_catalog/form_field_trigger_catalog.jsonl
MRPPCM030.fmx,MRP,ONEX_MRP_WINDOW_API,18,1,255,383,,READ/REVIEW,FMX_STRING_EVIDENCE,oracle_forms/deep_catalog/form_field_trigger_catalog.jsonl
MRPPCM042.fmx,MRP,ONEX_MRP_WINDOW_API,1,0,188,252,,READ/REVIEW,FMX_STRING_EVIDENCE,oracle_forms/deep_catalog/form_field_trigger_catalog.jsonl
MRPPCM043.fmx,MRP,ONEX_MRP_WINDOW_API,4,8,203,377,,READ/REVIEW,FMX_STRING_EVIDENCE,oracle_forms/deep_catalog/form_field_trigger_catalog.jsonl
MRPPCM060.fmx,MRP,ONEX_MRP_WINDOW_API,1,0,199,218,,READ/REVIEW,FMX_STRING_EVIDENCE,oracle_forms/deep_catalog/form_field_trigger_catalog.jsonl
MRPPCM510.fmx,MRP,ONEX_MRP_WINDOW_API,1,0,99,167,,READ/REVIEW,FMX_STRING_EVIDENCE,oracle_forms/deep_catalog/form_field_trigger_catalog.jsonl
MRPPCM511.fmx,MRP,ONEX_MRP_WINDOW_API,1,0,105,177,,READ/REVIEW,FMX_STRING_EVIDENCE,oracle_forms/deep_catalog/form_field_trigger_catalog.jsonl
MRPPQC002.fmx,MRP,ONEX_MRP_WINDOW_API,1,1,74,186,,READ/REVIEW,FMX_STRING_EVIDENCE,oracle_forms/deep_catalog/form_field_trigger_catalog.jsonl
MRPPQC004.fmx,MRP,ONEX_MRP_WINDOW_API,1,1,106,184,,READ/REVIEW,FMX_STRING_EVIDENCE,oracle_forms/deep_catalog/form_field_trigger_catalog.jsonl
MRPPQC005.fmx,MRP,ONEX_MRP_WINDOW_API,1,1,66,216,,READ/REVIEW,FMX_STRING_EVIDENCE,oracle_forms/deep_catalog/form_field_trigger_catalog.jsonl
MRPPQC007.fmx,MRP,ONEX_MRP_WINDOW_API,3,1,56,212,,READ/REVIEW,FMX_STRING_EVIDENCE,oracle_forms/deep_catalog/form_field_trigger_catalog.jsonl
MRPPQC009.fmx,MRP,ONEX_MRP_WINDOW_API,1,1,93,186,,READ/REVIEW,FMX_STRING_EVIDENCE,oracle_forms/deep_catalog/form_field_trigger_catalog.jsonl
MRPPQC010.fmx,MRP,ONEX_MRP_WINDOW_API,1,1,102,251,,READ/REVIEW,FMX_STRING_EVIDENCE,oracle_forms/deep_catalog/form_field_trigger_catalog.jsonl
MRPPQC0111.fmx,MRP,ONEX_MRP_WINDOW_API,1,1,85,173,,READ/REVIEW,FMX_STRING_EVIDENCE,oracle_forms/deep_catalog/form_field_trigger_catalog.jsonl
MRPPQC012.fmx,MRP,ONEX_MRP_WINDOW_API,4,1,290,425,,READ/REVIEW,FMX_STRING_EVIDENCE,oracle_forms/deep_catalog/form_field_trigger_catalog.jsonl
MRPPQC015.fmx,MRP,ONEX_MRP_WINDOW_API,1,0,417,498,,READ/REVIEW,FMX_STRING_EVIDENCE,oracle_forms/deep_catalog/form_field_trigger_catalog.jsonl
MRPPQC019.fmx,MRP,ONEX_MRP_WINDOW_API,1,1,86,170,,READ/REVIEW,FMX_STRING_EVIDENCE,oracle_forms/deep_catalog/form_field_trigger_catalog.jsonl
MRPPQC020.fmx,MRP,ONEX_MRP_WINDOW_API,4,1,107,246,,READ/REVIEW,FMX_STRING_EVIDENCE,oracle_forms/deep_catalog/form_field_trigger_catalog.jsonl
MRPREPBOM002.fmx,MRP,ONEX_MRP_WINDOW_API,5,1,115,282,,READ/REVIEW,FMX_STRING_EVIDENCE,oracle_forms/deep_catalog/form_field_trigger_catalog.jsonl
MRPREPBOM005.fmx,MRP,ONEX_MRP_WINDOW_API,12,1,151,315,,DELETE/VOID,FMX_STRING_EVIDENCE,oracle_forms/deep_catalog/form_field_trigger_catalog.jsonl
MRPREPCRP007.fmx,MRP,ONEX_MRP_WINDOW_API,3,1,75,201,,READ/REVIEW,FMX_STRING_EVIDENCE,oracle_forms/deep_catalog/form_field_trigger_catalog.jsonl
MRPREPCRP020.fmx,MRP,ONEX_MRP_WINDOW_API,4,0,115,216,,READ/REVIEW,FMX_STRING_EVIDENCE,oracle_forms/deep_catalog/form_field_trigger_catalog.jsonl
MRPREPCRP022.fmx,MRP,ONEX_MRP_WINDOW_API,3,1,70,201,,READ/REVIEW,FMX_STRING_EVIDENCE,oracle_forms/deep_catalog/form_field_trigger_catalog.jsonl
MRPREPCRP024.fmx,MRP,ONEX_MRP_WINDOW_API,3,1,65,198,,READ/REVIEW,FMX_STRING_EVIDENCE,oracle_forms/deep_catalog/form_field_trigger_catalog.jsonl
MRPREPCRP026.fmx,MRP,ONEX_MRP_WINDOW_API,3,1,66,202,,READ/REVIEW,FMX_STRING_EVIDENCE,oracle_forms/deep_catalog/form_field_trigger_catalog.jsonl
MRPREPCRP028.fmx,MRP,ONEX_MRP_WINDOW_API,1,1,0,179,,READ/REVIEW,FMX_STRING_EVIDENCE,oracle_forms/deep_catalog/form_field_trigger_catalog.jsonl
MRPREPCRP031.fmx,MRP,ONEX_MRP_WINDOW_API,1,1,59,232,,READ/REVIEW,FMX_STRING_EVIDENCE,oracle_forms/deep_catalog/form_field_trigger_catalog.jsonl
MRPREPCRP100.fmx,MRP,ONEX_MRP_WINDOW_API,3,1,70,201,,READ/REVIEW,FMX_STRING_EVIDENCE,oracle_forms/deep_catalog/form_field_trigger_catalog.jsonl
MRPREPMPS002.fmx,MRP,ONEX_MRP_WINDOW_API,1,1,223,290,,READ/REVIEW,FMX_STRING_EVIDENCE,oracle_forms/deep_catalog/form_field_trigger_catalog.jsonl
MRPREPMPS003.fmx,MRP,ONEX_MRP_WINDOW_API,1,1,186,358,,READ/REVIEW,FMX_STRING_EVIDENCE,oracle_forms/deep_catalog/form_field_trigger_catalog.jsonl
MRPREPMPS0061.fmx,MRP,ONEX_MRP_WINDOW_API,1,1,284,391,,READ/REVIEW,FMX_STRING_EVIDENCE,oracle_forms/deep_catalog/form_field_trigger_catalog.jsonl
MRPREPMPS0063.fmx,MRP,ONEX_MRP_WINDOW_API,1,0,208,311,,READ/REVIEW,FMX_STRING_EVIDENCE,oracle_forms/deep_catalog/form_field_trigger_catalog.jsonl
MRPREPMPS008.fmx,MRP,ONEX_MRP_WINDOW_API,3,1,174,337,,READ/REVIEW,FMX_STRING_EVIDENCE,oracle_forms/deep_catalog/form_field_trigger_catalog.jsonl
MRPREPMPS009.fmx,MRP,ONEX_MRP_WINDOW_API,1,0,231,295,,READ/REVIEW,FMX_STRING_EVIDENCE,oracle_forms/deep_catalog/form_field_trigger_catalog.jsonl
MRPREPPCM003.fmx,MRP,ONEX_MRP_WINDOW_API,1,0,124,282,,READ/REVIEW,FMX_STRING_EVIDENCE,oracle_forms/deep_catalog/form_field_trigger_catalog.jsonl
MRPREPPCM006.fmx,MRP,ONEX_MRP_WINDOW_API,1,0,126,281,,READ/REVIEW,FMX_STRING_EVIDENCE,oracle_forms/deep_catalog/form_field_trigger_catalog.jsonl
MRPREPPCM011.fmx,MRP,ONEX_MRP_WINDOW_API,3,0,254,348,,READ/REVIEW,FMX_STRING_EVIDENCE,oracle_forms/deep_catalog/form_field_trigger_catalog.jsonl
MRPREPPCM014.fmx,MRP,ONEX_MRP_WINDOW_API,1,0,118,298,,READ/REVIEW,FMX_STRING_EVIDENCE,oracle_forms/deep_catalog/form_field_trigger_catalog.jsonl
MRPREPPCM015.fmx,MRP,ONEX_MRP_WINDOW_API,3,0,222,344,,READ/REVIEW,FMX_STRING_EVIDENCE,oracle_forms/deep_catalog/form_field_trigger_catalog.jsonl
MRPREPPCM017.fmx,MRP,ONEX_MRP_WINDOW_API,1,0,206,355,,READ/REVIEW,FMX_STRING_EVIDENCE,oracle_forms/deep_catalog/form_field_trigger_catalog.jsonl
MRPREPPCM021.fmx,MRP,ONEX_MRP_WINDOW_API,1,0,79,281,,READ/REVIEW,FMX_STRING_EVIDENCE,oracle_forms/deep_catalog/form_field_trigger_catalog.jsonl
MRPREPPCM022.fmx,MRP,ONEX_MRP_WINDOW_API,1,0,71,266,,READ/REVIEW,FMX_STRING_EVIDENCE,oracle_forms/deep_catalog/form_field_trigger_catalog.jsonl
MRPREPPCM028.fmx,MRP,ONEX_MRP_WINDOW_API,9,0,232,474,,READ/REVIEW,FMX_STRING_EVIDENCE,oracle_forms/deep_catalog/form_field_trigger_catalog.jsonl
MRPREPPCM029.fmx,MRP,ONEX_MRP_WINDOW_API,9,0,276,432,,READ/REVIEW,FMX_STRING_EVIDENCE,oracle_forms/deep_catalog/form_field_trigger_catalog.jsonl
MRPREPPCM030.fmx,MRP,ONEX_MRP_WINDOW_API,4,0,295,438,,READ/REVIEW,FMX_STRING_EVIDENCE,oracle_forms/deep_catalog/form_field_trigger_catalog.jsonl
MRPREPPCM031.fmx,MRP,ONEX_MRP_WINDOW_API,1,0,113,242,,READ/REVIEW,FMX_STRING_EVIDENCE,oracle_forms/deep_catalog/form_field_trigger_catalog.jsonl
MRPREPPCM035.fmx,MRP,ONEX_MRP_WINDOW_API,3,0,288,343,,READ/REVIEW,FMX_STRING_EVIDENCE,oracle_forms/deep_catalog/form_field_trigger_catalog.jsonl
MRPREPPCM036.fmx,MRP,ONEX_MRP_WINDOW_API,1,0,277,345,,READ/REVIEW,FMX_STRING_EVIDENCE,oracle_forms/deep_catalog/form_field_trigger_catalog.jsonl
MRPREPPCM041.fmx,MRP,ONEX_MRP_WINDOW_API,1,8,328,447,,READ/REVIEW,FMX_STRING_EVIDENCE,oracle_forms/deep_catalog/form_field_trigger_catalog.jsonl
MRPREPPCM050.fmx,MRP,ONEX_MRP_WINDOW_API,4,0,322,437,,READ/REVIEW,FMX_STRING_EVIDENCE,oracle_forms/deep_catalog/form_field_trigger_catalog.jsonl
MRPREPPCM052.fmx,MRP,ONEX_MRP_WINDOW_API,6,0,233,387,,READ/REVIEW,FMX_STRING_EVIDENCE,oracle_forms/deep_catalog/form_field_trigger_catalog.jsonl
MRPREPPCM062.fmx,MRP,ONEX_MRP_WINDOW_API,1,0,68,281,,READ/REVIEW,FMX_STRING_EVIDENCE,oracle_forms/deep_catalog/form_field_trigger_catalog.jsonl
MRPREPPQC002.fmx,MRP,ONEX_MRP_WINDOW_API,4,1,50,230,,READ/REVIEW,FMX_STRING_EVIDENCE,oracle_forms/deep_catalog/form_field_trigger_catalog.jsonl
MRPREPPQC004.fmx,MRP,ONEX_MRP_WINDOW_API,1,0,97,251,,READ/REVIEW,FMX_STRING_EVIDENCE,oracle_forms/deep_catalog/form_field_trigger_catalog.jsonl
MRPREPPQC005.fmx,MRP,ONEX_MRP_WINDOW_API,1,0,119,253,,READ/REVIEW,FMX_STRING_EVIDENCE,oracle_forms/deep_catalog/form_field_trigger_catalog.jsonl
MRPREPPQC007.fmx,MRP,ONEX_MRP_WINDOW_API,1,0,73,273,,READ/REVIEW,FMX_STRING_EVIDENCE,oracle_forms/deep_catalog/form_field_trigger_catalog.jsonl
MRPREPPQC009.fmx,MRP,ONEX_MRP_WINDOW_API,1,0,48,242,,READ/REVIEW,FMX_STRING_EVIDENCE,oracle_forms/deep_catalog/form_field_trigger_catalog.jsonl
MRPREPPQC010.fmx,MRP,ONEX_MRP_WINDOW_API,1,0,220,290,,READ/REVIEW,FMX_STRING_EVIDENCE,oracle_forms/deep_catalog/form_field_trigger_catalog.jsonl
MRPREPPQC012.fmx,MRP,ONEX_MRP_WINDOW_API,1,0,196,349,,READ/REVIEW,FMX_STRING_EVIDENCE,oracle_forms/deep_catalog/form_field_trigger_catalog.jsonl
MRPREPPQC015.fmx,MRP,ONEX_MRP_WINDOW_API,1,0,121,378,,READ/REVIEW,FMX_STRING_EVIDENCE,oracle_forms/deep_catalog/form_field_trigger_catalog.jsonl
MRPREPPQC018.fmx,MRP,ONEX_MRP_WINDOW_API,1,0,217,381,,READ/REVIEW,FMX_STRING_EVIDENCE,oracle_forms/deep_catalog/form_field_trigger_catalog.jsonl
MRPREPPQC111.fmx,MRP,ONEX_MRP_WINDOW_API,1,0,51,235,,READ/REVIEW,FMX_STRING_EVIDENCE,oracle_forms/deep_catalog/form_field_trigger_catalog.jsonl
MRPREPSFC001.fmx,MRP,ONEX_MRP_WINDOW_API,1,0,138,263,,READ/REVIEW,FMX_STRING_EVIDENCE,oracle_forms/deep_catalog/form_field_trigger_catalog.jsonl
MRPREPSFC010.fmx,MRP,ONEX_MRP_WINDOW_API,9,1,255,384,,READ/REVIEW,FMX_STRING_EVIDENCE,oracle_forms/deep_catalog/form_field_trigger_catalog.jsonl
MRPREPSFC021.fmx,MRP,ONEX_MRP_WINDOW_API,1,1,103,266,,READ/REVIEW,FMX_STRING_EVIDENCE,oracle_forms/deep_catalog/form_field_trigger_catalog.jsonl
MRPREPSFC025.fmx,MRP,ONEX_MRP_WINDOW_API,4,1,131,262,,READ/REVIEW,FMX_STRING_EVIDENCE,oracle_forms/deep_catalog/form_field_trigger_catalog.jsonl
MRPREPSFC029.fmx,MRP,ONEX_MRP_WINDOW_API,1,1,193,297,,READ/REVIEW,FMX_STRING_EVIDENCE,oracle_forms/deep_catalog/form_field_trigger_catalog.jsonl
MRPREPSFC046.fmx,MRP,ONEX_MRP_WINDOW_API,1,0,201,288,,READ/REVIEW,FMX_STRING_EVIDENCE,oracle_forms/deep_catalog/form_field_trigger_catalog.jsonl
MRPREPSFC050.fmx,MRP,ONEX_MRP_WINDOW_API,1,1,209,303,,READ/REVIEW,FMX_STRING_EVIDENCE,oracle_forms/deep_catalog/form_field_trigger_catalog.jsonl
MRPREPSFC051.fmx,MRP,ONEX_MRP_WINDOW_API,3,1,185,296,,READ/REVIEW,FMX_STRING_EVIDENCE,oracle_forms/deep_catalog/form_field_trigger_catalog.jsonl
MRPREPSFC052.fmx,MRP,ONEX_MRP_WINDOW_API,1,1,236,317,,READ/REVIEW,FMX_STRING_EVIDENCE,oracle_forms/deep_catalog/form_field_trigger_catalog.jsonl
MRPREPSGS001.fmx,MRP,ONEX_MRP_WINDOW_API,4,0,50,206,,READ/REVIEW,FMX_STRING_EVIDENCE,oracle_forms/deep_catalog/form_field_trigger_catalog.jsonl
MRPREPSGS004.fmx,MRP,ONEX_MRP_WINDOW_API,4,0,146,201,,READ/REVIEW,FMX_STRING_EVIDENCE,oracle_forms/deep_catalog/form_field_trigger_catalog.jsonl
MRPREPSGS005.fmx,MRP,ONEX_MRP_WINDOW_API,4,0,103,206,,READ/REVIEW,FMX_STRING_EVIDENCE,oracle_forms/deep_catalog/form_field_trigger_catalog.jsonl
MRPREPSGS006.fmx,MRP,ONEX_MRP_WINDOW_API,4,0,95,227,,READ/REVIEW,FMX_STRING_EVIDENCE,oracle_forms/deep_catalog/form_field_trigger_catalog.jsonl
MRPREPSGS012.fmx,MRP,ONEX_MRP_WINDOW_API,4,0,138,199,,READ/REVIEW,FMX_STRING_EVIDENCE,oracle_forms/deep_catalog/form_field_trigger_catalog.jsonl
MRPSFC006.fmx,MRP,ONEX_MRP_WINDOW_API,15,1,355,437,,READ/REVIEW,FMX_STRING_EVIDENCE,oracle_forms/deep_catalog/form_field_trigger_catalog.jsonl
MRPSFC023.fmx,MRP,ONEX_MRP_WINDOW_API,27,1,448,635,,READ/REVIEW,FMX_STRING_EVIDENCE,oracle_forms/deep_catalog/form_field_trigger_catalog.jsonl
MRPSFC025.fmx,MRP,ONEX_MRP_WINDOW_API,50,2,968,1165,,DELETE/VOID,FMX_STRING_EVIDENCE,oracle_forms/deep_catalog/form_field_trigger_catalog.jsonl
MRPSFC026.fmx,MRP,ONEX_MRP_WINDOW_API,18,0,401,531,,READ/REVIEW,FMX_STRING_EVIDENCE,oracle_forms/deep_catalog/form_field_trigger_catalog.jsonl
MRPSFC027.fmx,MRP,ONEX_MRP_WINDOW_API,20,1,347,512,,READ/REVIEW,FMX_STRING_EVIDENCE,oracle_forms/deep_catalog/form_field_trigger_catalog.jsonl
MRPSFC028.fmx,MRP,ONEX_MRP_WINDOW_API,19,0,319,460,,READ/REVIEW,FMX_STRING_EVIDENCE,oracle_forms/deep_catalog/form_field_trigger_catalog.jsonl
MRPSFC029.fmx,MRP,ONEX_MRP_WINDOW_API,20,1,512,652,,READ/REVIEW,FMX_STRING_EVIDENCE,oracle_forms/deep_catalog/form_field_trigger_catalog.jsonl
MRPSFC030.fmx,MRP,ONEX_MRP_WINDOW_API,25,0,463,625,,READ/REVIEW,FMX_STRING_EVIDENCE,oracle_forms/deep_catalog/form_field_trigger_catalog.jsonl
MRPSFC031.fmx,MRP,ONEX_MRP_WINDOW_API,19,1,408,601,,READ/REVIEW,FMX_STRING_EVIDENCE,oracle_forms/deep_catalog/form_field_trigger_catalog.jsonl
MRPSFC032.fmx,MRP,ONEX_MRP_WINDOW_API,13,0,194,332,,UPDATE,FMX_STRING_EVIDENCE,oracle_forms/deep_catalog/form_field_trigger_catalog.jsonl
MRPSFC033.fmx,MRP,ONEX_MRP_WINDOW_API,11,1,199,341,,READ/REVIEW,FMX_STRING_EVIDENCE,oracle_forms/deep_catalog/form_field_trigger_catalog.jsonl
MRPSFC043.fmx,MRP,ONEX_MRP_WINDOW_API,3,0,139,261,,READ/REVIEW,FMX_STRING_EVIDENCE,oracle_forms/deep_catalog/form_field_trigger_catalog.jsonl
MRPSFC045.fmx,MRP,ONEX_MRP_WINDOW_API,1,0,148,241,,READ/REVIEW,FMX_STRING_EVIDENCE,oracle_forms/deep_catalog/form_field_trigger_catalog.jsonl
MRPSFC046.fmx,MRP,ONEX_MRP_WINDOW_API,13,0,281,512,,READ/REVIEW,FMX_STRING_EVIDENCE,oracle_forms/deep_catalog/form_field_trigger_catalog.jsonl
MRPSFC047.fmx,MRP,ONEX_MRP_WINDOW_API,26,0,406,678,,READ/REVIEW,FMX_STRING_EVIDENCE,oracle_forms/deep_catalog/form_field_trigger_catalog.jsonl
MRPSFC048.fmx,MRP,ONEX_MRP_WINDOW_API,4,0,191,309,,READ/REVIEW,FMX_STRING_EVIDENCE,oracle_forms/deep_catalog/form_field_trigger_catalog.jsonl
MRPSFC07.fmx,MRP,ONEX_MRP_WINDOW_API,2,1,123,300,,READ/REVIEW,FMX_STRING_EVIDENCE,oracle_forms/deep_catalog/form_field_trigger_catalog.jsonl
MRPSGS04.fmx,MRP,ONEX_MRP_WINDOW_API,3,0,145,221,YS_GEN_PKG;YS_GEN_PKGIAS20155GET_CNTYS_,READ/REVIEW,FMX_STRING_EVIDENCE,oracle_forms/deep_catalog/form_field_trigger_catalog.jsonl
MRPSGS06.fmx,MRP,ONEX_MRP_WINDOW_API,2,0,283,359,,READ/REVIEW,FMX_STRING_EVIDENCE,oracle_forms/deep_catalog/form_field_trigger_catalog.jsonl
MRPSGS08.fmx,MRP,ONEX_MRP_WINDOW_API,3,0,221,297,,READ/REVIEW,FMX_STRING_EVIDENCE,oracle_forms/deep_catalog/form_field_trigger_catalog.jsonl
MRPSGS13.fmx,MRP,ONEX_MRP_WINDOW_API,1,0,217,300,,READ/REVIEW,FMX_STRING_EVIDENCE,oracle_forms/deep_catalog/form_field_trigger_catalog.jsonl
MRPUPGRADE.fmx,MRP,ONEX_MRP_WINDOW_API,4,0,129,141,YS_GEN_PKG;YS_GEN_PKGIAS201519GET_CNTYS,CREATE/SAVE,FMX_STRING_EVIDENCE,oracle_forms/deep_catalog/form_field_trigger_catalog.jsonl
MTXAGNT01.fmx,INVENTORY,ONEX_INVENTORY_WINDOW_API,1,0,82,205,,READ/REVIEW,FMX_STRING_EVIDENCE,oracle_forms/deep_catalog/form_field_trigger_catalog.jsonl
MTXBCK001.fmx,INVENTORY,ONEX_INVENTORY_WINDOW_API,1,1,155,214,,READ/REVIEW,FMX_STRING_EVIDENCE,oracle_forms/deep_catalog/form_field_trigger_catalog.jsonl
MTXBCK002.fmx,INVENTORY,ONEX_INVENTORY_WINDOW_API,1,1,157,218,,READ/REVIEW,FMX_STRING_EVIDENCE,oracle_forms/deep_catalog/form_field_trigger_catalog.jsonl
MTXBILR01.fmx,INVENTORY,ONEX_INVENTORY_WINDOW_API,1,1,173,252,,READ/REVIEW,FMX_STRING_EVIDENCE,oracle_forms/deep_catalog/form_field_trigger_catalog.jsonl
MTXBLL001.fmx,INVENTORY,ONEX_INVENTORY_WINDOW_API,1,0,0,148,,READ/REVIEW,FMX_STRING_EVIDENCE,oracle_forms/deep_catalog/form_field_trigger_catalog.jsonl
MTXBLR002.fmx,INVENTORY,ONEX_INVENTORY_WINDOW_API,1,1,68,215,,READ/REVIEW,FMX_STRING_EVIDENCE,oracle_forms/deep_catalog/form_field_trigger_catalog.jsonl
MTXBNK001.fmx,INVENTORY,ONEX_INVENTORY_WINDOW_API,1,1,82,202,,READ/REVIEW,FMX_STRING_EVIDENCE,oracle_forms/deep_catalog/form_field_trigger_catalog.jsonl
MTXCAT001.fmx,INVENTORY,ONEX_INVENTORY_WINDOW_API,14,1,508,830,IAS_ACODE_PKG;IAS_ACODE_PKGIAS201717CHK_AC_CODEIAS;IAS_CST_PKG;IAS_CST_PKGIAS201717GET_CREDIT_LMTIA;IAS_CST_PKGIAS201717GET_C_NAMEIA;IAS_GEN_PKG;IAS_GEN_PKGIAS201717GET_LOCAL_CURIAS;IAS_GEN_PKGIAS201717GET_MSGI;IAS_GEN_PKGIAS201717GET_PROMPTIA,READ/REVIEW,FMX_STRING_EVIDENCE,oracle_forms/deep_catalog/form_field_trigger_catalog.jsonl
MTXCATR01.fmx,INVENTORY,ONEX_INVENTORY_WINDOW_API,11,1,484,828,IAS_CST_PKG;IAS_CST_PKGIAS201717GET_CREDIT_LMTIA;IAS_GEN_PKG;IAS_GEN_PKGIAS201717GET_LOCAL_CURIAS;IAS_GEN_PKGIAS201717GET_MSGI;IAS_GEN_PKGIAS201717GET_PROMPTIA,READ/REVIEW,FMX_STRING_EVIDENCE,oracle_forms/deep_catalog/form_field_trigger_catalog.jsonl
MTXCCK001.fmx,INVENTORY,ONEX_INVENTORY_WINDOW_API,1,1,207,407,,READ/REVIEW,FMX_STRING_EVIDENCE,oracle_forms/deep_catalog/form_field_trigger_catalog.jsonl
MTXCHKR001.fmx,INVENTORY,ONEX_INVENTORY_WINDOW_API,1,4,70,225,,READ/REVIEW,FMX_STRING_EVIDENCE,oracle_forms/deep_catalog/form_field_trigger_catalog.jsonl
MTXCHKR03.fmx,INVENTORY,ONEX_INVENTORY_WINDOW_API,1,0,95,185,,READ/REVIEW,FMX_STRING_EVIDENCE,oracle_forms/deep_catalog/form_field_trigger_catalog.jsonl
MTXCOD006.fmx,INVENTORY,ONEX_INVENTORY_WINDOW_API,1,0,0,146,,READ/REVIEW,FMX_STRING_EVIDENCE,oracle_forms/deep_catalog/form_field_trigger_catalog.jsonl
MTXCOD007.fmx,INVENTORY,ONEX_INVENTORY_WINDOW_API,1,0,0,142,,READ/REVIEW,FMX_STRING_EVIDENCE,oracle_forms/deep_catalog/form_field_trigger_catalog.jsonl
MTXCOD008.fmx,INVENTORY,ONEX_INVENTORY_WINDOW_API,1,0,0,142,,READ/REVIEW,FMX_STRING_EVIDENCE,oracle_forms/deep_catalog/form_field_trigger_catalog.jsonl
MTXCOD009.fmx,INVENTORY,ONEX_INVENTORY_WINDOW_API,1,0,9,157,,READ/REVIEW,FMX_STRING_EVIDENCE,oracle_forms/deep_catalog/form_field_trigger_catalog.jsonl
MTXCOD010.fmx,INVENTORY,ONEX_INVENTORY_WINDOW_API,1,0,0,143,,READ/REVIEW,FMX_STRING_EVIDENCE,oracle_forms/deep_catalog/form_field_trigger_catalog.jsonl
MTXCOD011.fmx,INVENTORY,ONEX_INVENTORY_WINDOW_API,1,0,8,158,,READ/REVIEW,FMX_STRING_EVIDENCE,oracle_forms/deep_catalog/form_field_trigger_catalog.jsonl
MTXCOD021.fmx,INVENTORY,ONEX_INVENTORY_WINDOW_API,1,0,0,144,,READ/REVIEW,FMX_STRING_EVIDENCE,oracle_forms/deep_catalog/form_field_trigger_catalog.jsonl
MTXCOM001.fmx,INVENTORY,ONEX_INVENTORY_WINDOW_API,1,1,87,182,,READ/REVIEW,FMX_STRING_EVIDENCE,oracle_forms/deep_catalog/form_field_trigger_catalog.jsonl
MTXCOM002.fmx,INVENTORY,ONEX_INVENTORY_WINDOW_API,1,1,74,212,,READ/REVIEW,FMX_STRING_EVIDENCE,oracle_forms/deep_catalog/form_field_trigger_catalog.jsonl
MTXCOM003.fmx,INVENTORY,ONEX_INVENTORY_WINDOW_API,1,1,279,418,,READ/REVIEW,FMX_STRING_EVIDENCE,oracle_forms/deep_catalog/form_field_trigger_catalog.jsonl
MTXCOM004.fmx,INVENTORY,ONEX_INVENTORY_WINDOW_API,1,1,268,396,,READ/REVIEW,FMX_STRING_EVIDENCE,oracle_forms/deep_catalog/form_field_trigger_catalog.jsonl
MTXCRP003.fmx,INVENTORY,ONEX_INVENTORY_WINDOW_API,1,0,157,183,,READ/REVIEW,FMX_STRING_EVIDENCE,oracle_forms/deep_catalog/form_field_trigger_catalog.jsonl
MTXCRP004.fmx,INVENTORY,ONEX_INVENTORY_WINDOW_API,1,0,147,187,,READ/REVIEW,FMX_STRING_EVIDENCE,oracle_forms/deep_catalog/form_field_trigger_catalog.jsonl
MTXCRP005.fmx,INVENTORY,ONEX_INVENTORY_WINDOW_API,1,0,137,196,,READ/REVIEW,FMX_STRING_EVIDENCE,oracle_forms/deep_catalog/form_field_trigger_catalog.jsonl
MTXCSHR02.fmx,INVENTORY,ONEX_INVENTORY_WINDOW_API,1,0,223,220,,READ/REVIEW,FMX_STRING_EVIDENCE,oracle_forms/deep_catalog/form_field_trigger_catalog.jsonl
MTXCSHR03.fmx,INVENTORY,ONEX_INVENTORY_WINDOW_API,1,0,231,225,,READ/REVIEW,FMX_STRING_EVIDENCE,oracle_forms/deep_catalog/form_field_trigger_catalog.jsonl
MTXCSTR01.fmx,INVENTORY,ONEX_INVENTORY_WINDOW_API,1,1,138,322,,READ/REVIEW,FMX_STRING_EVIDENCE,oracle_forms/deep_catalog/form_field_trigger_catalog.jsonl
MTXFEE005.fmx,INVENTORY,ONEX_INVENTORY_WINDOW_API,1,0,79,207,,READ/REVIEW,FMX_STRING_EVIDENCE,oracle_forms/deep_catalog/form_field_trigger_catalog.jsonl
MTXGLD004.fmx,INVENTORY,ONEX_INVENTORY_WINDOW_API,3,1,247,494,,READ/REVIEW,FMX_STRING_EVIDENCE,oracle_forms/deep_catalog/form_field_trigger_catalog.jsonl
MTXGLD008.fmx,INVENTORY,ONEX_INVENTORY_WINDOW_API,4,2,786,1872,IAS_GEN_PKG;IAS_GEN_PKGIAS201717GET_CNTI,READ/REVIEW,FMX_STRING_EVIDENCE,oracle_forms/deep_catalog/form_field_trigger_catalog.jsonl
MTXGLD018.fmx,INVENTORY,ONEX_INVENTORY_WINDOW_API,11,1,531,869,IAS_CST_PKG;IAS_CST_PKGIAS201717GET_CREDIT_LMTIA;IAS_GEN_PKG;IAS_GEN_PKGIAS201717GET_LOCAL_CURIAS;IAS_GEN_PKGIAS201717GET_MSGI;IAS_GEN_PKGIAS201717GET_PROMPTIA,READ/REVIEW,FMX_STRING_EVIDENCE,oracle_forms/deep_catalog/form_field_trigger_catalog.jsonl
MTXGLD019.fmx,INVENTORY,ONEX_INVENTORY_WINDOW_API,11,1,524,781,IAS_CST_PKG;IAS_CST_PKGIAS201717GET_CREDIT_LMTIA;IAS_GEN_PKG;IAS_GEN_PKGIAS201717GET_LOCAL_CURIAS;IAS_GEN_PKGIAS201717GET_MSGI;IAS_GEN_PKGIAS201717GET_PROMPTIA,READ/REVIEW,FMX_STRING_EVIDENCE,oracle_forms/deep_catalog/form_field_trigger_catalog.jsonl
MTXGLD021.fmx,INVENTORY,ONEX_INVENTORY_WINDOW_API,10,1,588,1204,IAS_CST_PKG;IAS_CST_PKGIAS201717GET_CREDIT_LMTIA;IAS_GEN_PKG;IAS_GEN_PKGIAS201717GET_LOCAL_CURIAS;IAS_GEN_PKGIAS201717GET_MSGI;IAS_GEN_PKGIAS201717GET_PROMPTIA,READ/REVIEW,FMX_STRING_EVIDENCE,oracle_forms/deep_catalog/form_field_trigger_catalog.jsonl
MTXGLR018.fmx,INVENTORY,ONEX_INVENTORY_WINDOW_API,11,1,584,829,IAS_CST_PKG;IAS_CST_PKGIAS201717GET_CREDIT_LMTIA;IAS_GEN_PKG;IAS_GEN_PKGIAS201717GET_LOCAL_CURIAS;IAS_GEN_PKGIAS201717GET_MSGI;IAS_GEN_PKGIAS201717GET_PROMPTIA,READ/REVIEW,FMX_STRING_EVIDENCE,oracle_forms/deep_catalog/form_field_trigger_catalog.jsonl
MTXGLR019.fmx,INVENTORY,ONEX_INVENTORY_WINDOW_API,11,1,474,825,IAS_CST_PKG;IAS_CST_PKGIAS201717GET_CREDIT_LMTIA;IAS_GEN_PKG;IAS_GEN_PKGIAS201717GET_LOCAL_CURIAS;IAS_GEN_PKGIAS201717GET_MSGI;IAS_GEN_PKGIAS201717GET_PROMPTIA,READ/REVIEW,FMX_STRING_EVIDENCE,oracle_forms/deep_catalog/form_field_trigger_catalog.jsonl
MTXGRP009.fmx,INVENTORY,ONEX_INVENTORY_WINDOW_API,1,0,213,218,,READ/REVIEW,FMX_STRING_EVIDENCE,oracle_forms/deep_catalog/form_field_trigger_catalog.jsonl
MTXIAMD01.fmx,INVENTORY,ONEX_INVENTORY_WINDOW_API,1,1,136,254,,READ/REVIEW,FMX_STRING_EVIDENCE,oracle_forms/deep_catalog/form_field_trigger_catalog.jsonl
MTXINR001.fmx,INVENTORY,ONEX_INVENTORY_WINDOW_API,1,0,84,174,,READ/REVIEW,FMX_STRING_EVIDENCE,oracle_forms/deep_catalog/form_field_trigger_catalog.jsonl
MTXINR002.fmx,INVENTORY,ONEX_INVENTORY_WINDOW_API,1,1,87,250,,READ/REVIEW,FMX_STRING_EVIDENCE,oracle_forms/deep_catalog/form_field_trigger_catalog.jsonl
MTXINR003.fmx,INVENTORY,ONEX_INVENTORY_WINDOW_API,1,1,120,254,,READ/REVIEW,FMX_STRING_EVIDENCE,oracle_forms/deep_catalog/form_field_trigger_catalog.jsonl
MTXINR018.fmx,INVENTORY,ONEX_INVENTORY_WINDOW_API,1,1,55,213,,READ/REVIEW,FMX_STRING_EVIDENCE,oracle_forms/deep_catalog/form_field_trigger_catalog.jsonl
MTXINR021.fmx,INVENTORY,ONEX_INVENTORY_WINDOW_API,1,1,121,314,,READ/REVIEW,FMX_STRING_EVIDENCE,oracle_forms/deep_catalog/form_field_trigger_catalog.jsonl
MTXINW002.fmx,INVENTORY,ONEX_INVENTORY_WINDOW_API,1,1,677,1252,,READ/REVIEW,FMX_STRING_EVIDENCE,oracle_forms/deep_catalog/form_field_trigger_catalog.jsonl
MTXINW003.fmx,INVENTORY,ONEX_INVENTORY_WINDOW_API,1,2,486,1012,,READ/REVIEW,FMX_STRING_EVIDENCE,oracle_forms/deep_catalog/form_field_trigger_catalog.jsonl
MTXINW006.fmx,INVENTORY,ONEX_INVENTORY_WINDOW_API,1,2,85,433,,READ/REVIEW,FMX_STRING_EVIDENCE,oracle_forms/deep_catalog/form_field_trigger_catalog.jsonl
MTXINW007.fmx,INVENTORY,ONEX_INVENTORY_WINDOW_API,1,0,190,240,,READ/REVIEW,FMX_STRING_EVIDENCE,oracle_forms/deep_catalog/form_field_trigger_catalog.jsonl
MTXINW008.fmx,INVENTORY,ONEX_INVENTORY_WINDOW_API,1,2,209,488,,READ/REVIEW,FMX_STRING_EVIDENCE,oracle_forms/deep_catalog/form_field_trigger_catalog.jsonl
MTXINW009.fmx,INVENTORY,ONEX_INVENTORY_WINDOW_API,1,2,278,442,,READ/REVIEW,FMX_STRING_EVIDENCE,oracle_forms/deep_catalog/form_field_trigger_catalog.jsonl
MTXINW010.fmx,INVENTORY,ONEX_INVENTORY_WINDOW_API,1,2,161,563,,READ/REVIEW,FMX_STRING_EVIDENCE,oracle_forms/deep_catalog/form_field_trigger_catalog.jsonl
MTXMNT001.fmx,INVENTORY,ONEX_INVENTORY_WINDOW_API,1,1,212,325,,READ/REVIEW,FMX_STRING_EVIDENCE,oracle_forms/deep_catalog/form_field_trigger_catalog.jsonl
MTXMNT003.fmx,INVENTORY,ONEX_INVENTORY_WINDOW_API,3,1,508,703,IAS_ACODE_PKG;IAS_ACODE_PKGIAS201717GET_A_NAME,READ/REVIEW,FMX_STRING_EVIDENCE,oracle_forms/deep_catalog/form_field_trigger_catalog.jsonl
MTXMNT007.fmx,INVENTORY,ONEX_INVENTORY_WINDOW_API,6,0,239,813,IAS_ACODE_PKG;IAS_ACODE_PKGIAS201717GET_A_NAME;IAS_CST_PKG;IAS_CST_PKGIAS201717GET_ACODEIAS;IAS_CST_PKGIAS201717GET_C_NAMEIA,READ/REVIEW,FMX_STRING_EVIDENCE,oracle_forms/deep_catalog/form_field_trigger_catalog.jsonl
MTXMNT010.fmx,INVENTORY,ONEX_INVENTORY_WINDOW_API,1,1,109,200,,READ/REVIEW,FMX_STRING_EVIDENCE,oracle_forms/deep_catalog/form_field_trigger_catalog.jsonl
MTXOAMD01.fmx,INVENTORY,ONEX_INVENTORY_WINDOW_API,1,1,186,216,,READ/REVIEW,FMX_STRING_EVIDENCE,oracle_forms/deep_catalog/form_field_trigger_catalog.jsonl
MTXOCKR001.fmx,INVENTORY,ONEX_INVENTORY_WINDOW_API,1,0,90,179,,READ/REVIEW,FMX_STRING_EVIDENCE,oracle_forms/deep_catalog/form_field_trigger_catalog.jsonl
MTXOCKR002.fmx,INVENTORY,ONEX_INVENTORY_WINDOW_API,1,0,97,175,,READ/REVIEW,FMX_STRING_EVIDENCE,oracle_forms/deep_catalog/form_field_trigger_catalog.jsonl
MTXOCKR003.fmx,INVENTORY,ONEX_INVENTORY_WINDOW_API,1,0,97,174,,READ/REVIEW,FMX_STRING_EVIDENCE,oracle_forms/deep_catalog/form_field_trigger_catalog.jsonl
MTXOCKR004.fmx,INVENTORY,ONEX_INVENTORY_WINDOW_API,1,0,97,174,,READ/REVIEW,FMX_STRING_EVIDENCE,oracle_forms/deep_catalog/form_field_trigger_catalog.jsonl
MTXOCKR005.fmx,INVENTORY,ONEX_INVENTORY_WINDOW_API,1,0,97,174,,READ/REVIEW,FMX_STRING_EVIDENCE,oracle_forms/deep_catalog/form_field_trigger_catalog.jsonl
MTXOCKR006.fmx,INVENTORY,ONEX_INVENTORY_WINDOW_API,1,0,138,209,,READ/REVIEW,FMX_STRING_EVIDENCE,oracle_forms/deep_catalog/form_field_trigger_catalog.jsonl
MTXOUT001.fmx,INVENTORY,ONEX_INVENTORY_WINDOW_API,9,1,720,1366,IAS_GEN_PKG;IAS_GEN_PKGIAS201717GET_CNTI,READ/REVIEW,FMX_STRING_EVIDENCE,oracle_forms/deep_catalog/form_field_trigger_catalog.jsonl
MTXOUT002.fmx,INVENTORY,ONEX_INVENTORY_WINDOW_API,1,0,210,326,,READ/REVIEW,FMX_STRING_EVIDENCE,oracle_forms/deep_catalog/form_field_trigger_catalog.jsonl
MTXOUT003.fmx,INVENTORY,ONEX_INVENTORY_WINDOW_API,1,1,186,381,,READ/REVIEW,FMX_STRING_EVIDENCE,oracle_forms/deep_catalog/form_field_trigger_catalog.jsonl
MTXOUT004.fmx,INVENTORY,ONEX_INVENTORY_WINDOW_API,3,1,773,1597,,READ/REVIEW,FMX_STRING_EVIDENCE,oracle_forms/deep_catalog/form_field_trigger_catalog.jsonl
MTXOUT005.fmx,INVENTORY,ONEX_INVENTORY_WINDOW_API,1,1,343,680,,READ/REVIEW,FMX_STRING_EVIDENCE,oracle_forms/deep_catalog/form_field_trigger_catalog.jsonl
MTXOUT010.fmx,INVENTORY,ONEX_INVENTORY_WINDOW_API,1,0,279,394,,READ/REVIEW,FMX_STRING_EVIDENCE,oracle_forms/deep_catalog/form_field_trigger_catalog.jsonl
MTXOUT014.fmx,INVENTORY,ONEX_INVENTORY_WINDOW_API,1,0,216,287,,READ/REVIEW,FMX_STRING_EVIDENCE,oracle_forms/deep_catalog/form_field_trigger_catalog.jsonl
MTXOUT015.fmx,INVENTORY,ONEX_INVENTORY_WINDOW_API,1,0,146,261,,READ/REVIEW,FMX_STRING_EVIDENCE,oracle_forms/deep_catalog/form_field_trigger_catalog.jsonl
MTXOUT016.fmx,INVENTORY,ONEX_INVENTORY_WINDOW_API,1,0,160,204,,READ/REVIEW,FMX_STRING_EVIDENCE,oracle_forms/deep_catalog/form_field_trigger_catalog.jsonl
MTXOUT017.fmx,INVENTORY,ONEX_INVENTORY_WINDOW_API,1,1,144,452,,READ/REVIEW,FMX_STRING_EVIDENCE,oracle_forms/deep_catalog/form_field_trigger_catalog.jsonl
MTXOUT018.fmx,INVENTORY,ONEX_INVENTORY_WINDOW_API,3,1,180,388,,READ/REVIEW,FMX_STRING_EVIDENCE,oracle_forms/deep_catalog/form_field_trigger_catalog.jsonl
MTXOUT019.fmx,INVENTORY,ONEX_INVENTORY_WINDOW_API,1,1,81,328,,READ/REVIEW,FMX_STRING_EVIDENCE,oracle_forms/deep_catalog/form_field_trigger_catalog.jsonl
MTXOUTR001.fmx,INVENTORY,ONEX_INVENTORY_WINDOW_API,1,0,97,174,,READ/REVIEW,FMX_STRING_EVIDENCE,oracle_forms/deep_catalog/form_field_trigger_catalog.jsonl
MTXOUTR008.fmx,INVENTORY,ONEX_INVENTORY_WINDOW_API,1,1,134,229,,READ/REVIEW,FMX_STRING_EVIDENCE,oracle_forms/deep_catalog/form_field_trigger_catalog.jsonl
MTXOUTR010.fmx,INVENTORY,ONEX_INVENTORY_WINDOW_API,1,1,133,233,,READ/REVIEW,FMX_STRING_EVIDENCE,oracle_forms/deep_catalog/form_field_trigger_catalog.jsonl
MTXOUTR011.fmx,INVENTORY,ONEX_INVENTORY_WINDOW_API,1,1,152,252,,READ/REVIEW,FMX_STRING_EVIDENCE,oracle_forms/deep_catalog/form_field_trigger_catalog.jsonl
MTXOUTR09.fmx,INVENTORY,ONEX_INVENTORY_WINDOW_API,1,1,182,261,,READ/REVIEW,FMX_STRING_EVIDENCE,oracle_forms/deep_catalog/form_field_trigger_catalog.jsonl
MTXRESBKUP.fmx,INVENTORY,ONEX_INVENTORY_WINDOW_API,0,1,90,145,,READ/REVIEW,FMX_STRING_EVIDENCE,oracle_forms/deep_catalog/form_field_trigger_catalog.jsonl
MTXROP002.fmx,INVENTORY,ONEX_INVENTORY_WINDOW_API,1,0,107,199,,READ/REVIEW,FMX_STRING_EVIDENCE,oracle_forms/deep_catalog/form_field_trigger_catalog.jsonl
MTXRP39.fmx,INVENTORY,ONEX_INVENTORY_WINDOW_API,1,1,173,258,,READ/REVIEW,FMX_STRING_EVIDENCE,oracle_forms/deep_catalog/form_field_trigger_catalog.jsonl
MTXSTP001.fmx,INVENTORY,ONEX_INVENTORY_WINDOW_API,3,1,297,500,IAS_ACODE_PKG;IAS_ACODE_PKGIAS201717GET_A_NAME,READ/REVIEW,FMX_STRING_EVIDENCE,oracle_forms/deep_catalog/form_field_trigger_catalog.jsonl
MTXSTP002.fmx,INVENTORY,ONEX_INVENTORY_WINDOW_API,1,1,58,258,,READ/REVIEW,FMX_STRING_EVIDENCE,oracle_forms/deep_catalog/form_field_trigger_catalog.jsonl
MTXSTP006.fmx,INVENTORY,ONEX_INVENTORY_WINDOW_API,1,0,75,227,,READ/REVIEW,FMX_STRING_EVIDENCE,oracle_forms/deep_catalog/form_field_trigger_catalog.jsonl
MTXSTP007.fmx,INVENTORY,ONEX_INVENTORY_WINDOW_API,1,0,0,181,,READ/REVIEW,FMX_STRING_EVIDENCE,oracle_forms/deep_catalog/form_field_trigger_catalog.jsonl
MTXSTP009.fmx,INVENTORY,ONEX_INVENTORY_WINDOW_API,1,1,17,193,,READ/REVIEW,FMX_STRING_EVIDENCE,oracle_forms/deep_catalog/form_field_trigger_catalog.jsonl
MTXSTP010.fmx,INVENTORY,ONEX_INVENTORY_WINDOW_API,3,1,173,345,,READ/REVIEW,FMX_STRING_EVIDENCE,oracle_forms/deep_catalog/form_field_trigger_catalog.jsonl
MTXSTP011.fmx,INVENTORY,ONEX_INVENTORY_WINDOW_API,1,0,101,223,,READ/REVIEW,FMX_STRING_EVIDENCE,oracle_forms/deep_catalog/form_field_trigger_catalog.jsonl
MTXSTP012.fmx,INVENTORY,ONEX_INVENTORY_WINDOW_API,1,0,106,215,,READ/REVIEW,FMX_STRING_EVIDENCE,oracle_forms/deep_catalog/form_field_trigger_catalog.jsonl
MTXSTP022.fmx,INVENTORY,ONEX_INVENTORY_WINDOW_API,3,1,69,427,IAS_ACODE_PKG;IAS_ACODE_PKGIAS201717GET_A_NAME,READ/REVIEW,FMX_STRING_EVIDENCE,oracle_forms/deep_catalog/form_field_trigger_catalog.jsonl
MTXSTP024.fmx,INVENTORY,ONEX_INVENTORY_WINDOW_API,1,1,196,263,,READ/REVIEW,FMX_STRING_EVIDENCE,oracle_forms/deep_catalog/form_field_trigger_catalog.jsonl
MTXSTP026.fmx,INVENTORY,ONEX_INVENTORY_WINDOW_API,1,1,96,224,,READ/REVIEW,FMX_STRING_EVIDENCE,oracle_forms/deep_catalog/form_field_trigger_catalog.jsonl
MTXSTP036.fmx,INVENTORY,ONEX_INVENTORY_WINDOW_API,1,1,106,184,,READ/REVIEW,FMX_STRING_EVIDENCE,oracle_forms/deep_catalog/form_field_trigger_catalog.jsonl
MTXSTP040.fmx,INVENTORY,ONEX_INVENTORY_WINDOW_API,1,1,149,237,,READ/REVIEW,FMX_STRING_EVIDENCE,oracle_forms/deep_catalog/form_field_trigger_catalog.jsonl
MTXSTP042.fmx,INVENTORY,ONEX_INVENTORY_WINDOW_API,3,1,137,266,,READ/REVIEW,FMX_STRING_EVIDENCE,oracle_forms/deep_catalog/form_field_trigger_catalog.jsonl
MTXSTP043.fmx,INVENTORY,ONEX_INVENTORY_WINDOW_API,6,1,199,396,,READ/REVIEW,FMX_STRING_EVIDENCE,oracle_forms/deep_catalog/form_field_trigger_catalog.jsonl
MTXTRS001.fmx,INVENTORY,ONEX_INVENTORY_WINDOW_API,4,1,358,672,YS_AC_DTL_PKG;YS_AC_DTL_PKGIAS201717GET_AC_DTL_NMY,READ/REVIEW,FMX_STRING_EVIDENCE,oracle_forms/deep_catalog/form_field_trigger_catalog.jsonl
MTXTRS002.fmx,INVENTORY,ONEX_INVENTORY_WINDOW_API,2,1,372,725,,READ/REVIEW,FMX_STRING_EVIDENCE,oracle_forms/deep_catalog/form_field_trigger_catalog.jsonl
MTXTRSR01.fmx,INVENTORY,ONEX_INVENTORY_WINDOW_API,1,0,226,297,,READ/REVIEW,FMX_STRING_EVIDENCE,oracle_forms/deep_catalog/form_field_trigger_catalog.jsonl
MTXTRSR02.fmx,INVENTORY,ONEX_INVENTORY_WINDOW_API,1,1,155,299,,READ/REVIEW,FMX_STRING_EVIDENCE,oracle_forms/deep_catalog/form_field_trigger_catalog.jsonl
MTXTRSR03.fmx,INVENTORY,ONEX_INVENTORY_WINDOW_API,1,1,151,303,,READ/REVIEW,FMX_STRING_EVIDENCE,oracle_forms/deep_catalog/form_field_trigger_catalog.jsonl
MTXTRV002.fmx,INVENTORY,ONEX_INVENTORY_WINDOW_API,1,0,131,208,,READ/REVIEW,FMX_STRING_EVIDENCE,oracle_forms/deep_catalog/form_field_trigger_catalog.jsonl
MTXTRV004.fmx,INVENTORY,ONEX_INVENTORY_WINDOW_API,1,0,143,257,,READ/REVIEW,FMX_STRING_EVIDENCE,oracle_forms/deep_catalog/form_field_trigger_catalog.jsonl
MTXWST002.fmx,INVENTORY,ONEX_INVENTORY_WINDOW_API,3,1,256,516,,POST,FMX_STRING_EVIDENCE,oracle_forms/deep_catalog/form_field_trigger_catalog.jsonl
MTXWST003.fmx,INVENTORY,ONEX_INVENTORY_WINDOW_API,1,1,183,248,,READ/REVIEW,FMX_STRING_EVIDENCE,oracle_forms/deep_catalog/form_field_trigger_catalog.jsonl
MTXXCH009.fmx,INVENTORY,ONEX_INVENTORY_WINDOW_API,1,1,326,609,,READ/REVIEW,FMX_STRING_EVIDENCE,oracle_forms/deep_catalog/form_field_trigger_catalog.jsonl
MTXXCH011.fmx,INVENTORY,ONEX_INVENTORY_WINDOW_API,1,1,115,418,,READ/REVIEW,FMX_STRING_EVIDENCE,oracle_forms/deep_catalog/form_field_trigger_catalog.jsonl
MTX_ERP_DBA.fmx,INVENTORY,ONEX_INVENTORY_WINDOW_API,14,0,72,120,,CREATE/SAVE,FMX_STRING_EVIDENCE,oracle_forms/deep_catalog/form_field_trigger_catalog.jsonl
MtxXrp001.fmx,INVENTORY,ONEX_INVENTORY_WINDOW_API,1,0,134,190,,READ/REVIEW,FMX_STRING_EVIDENCE,oracle_forms/deep_catalog/form_field_trigger_catalog.jsonl
MtxXrp002.fmx,INVENTORY,ONEX_INVENTORY_WINDOW_API,1,0,260,337,,READ/REVIEW,FMX_STRING_EVIDENCE,oracle_forms/deep_catalog/form_field_trigger_catalog.jsonl
MtxXrp003.fmx,INVENTORY,ONEX_INVENTORY_WINDOW_API,1,0,186,301,,READ/REVIEW,FMX_STRING_EVIDENCE,oracle_forms/deep_catalog/form_field_trigger_catalog.jsonl
MtxXrp004.fmx,INVENTORY,ONEX_INVENTORY_WINDOW_API,1,0,187,301,,READ/REVIEW,FMX_STRING_EVIDENCE,oracle_forms/deep_catalog/form_field_trigger_catalog.jsonl
MtxXrp022.fmx,INVENTORY,ONEX_INVENTORY_WINDOW_API,1,1,269,356,,READ/REVIEW,FMX_STRING_EVIDENCE,oracle_forms/deep_catalog/form_field_trigger_catalog.jsonl
Mtxblr001.fmx,INVENTORY,ONEX_INVENTORY_WINDOW_API,1,0,79,194,,READ/REVIEW,FMX_STRING_EVIDENCE,oracle_forms/deep_catalog/form_field_trigger_catalog.jsonl
Mtxcrp001.fmx,INVENTORY,ONEX_INVENTORY_WINDOW_API,1,0,95,184,,READ/REVIEW,FMX_STRING_EVIDENCE,oracle_forms/deep_catalog/form_field_trigger_catalog.jsonl
Mtxcrp002.fmx,INVENTORY,ONEX_INVENTORY_WINDOW_API,1,0,88,177,,READ/REVIEW,FMX_STRING_EVIDENCE,oracle_forms/deep_catalog/form_field_trigger_catalog.jsonl
Mtxcrp006.fmx,INVENTORY,ONEX_INVENTORY_WINDOW_API,1,0,88,177,,READ/REVIEW,FMX_STRING_EVIDENCE,oracle_forms/deep_catalog/form_field_trigger_catalog.jsonl
Mtxcrp007.fmx,INVENTORY,ONEX_INVENTORY_WINDOW_API,1,0,89,178,,READ/REVIEW,FMX_STRING_EVIDENCE,oracle_forms/deep_catalog/form_field_trigger_catalog.jsonl
Mtxcrp008.fmx,INVENTORY,ONEX_INVENTORY_WINDOW_API,1,0,89,178,,READ/REVIEW,FMX_STRING_EVIDENCE,oracle_forms/deep_catalog/form_field_trigger_catalog.jsonl
Mtxcrp009.fmx,INVENTORY,ONEX_INVENTORY_WINDOW_API,1,0,89,178,,READ/REVIEW,FMX_STRING_EVIDENCE,oracle_forms/deep_catalog/form_field_trigger_catalog.jsonl
Mtxcrp010.fmx,INVENTORY,ONEX_INVENTORY_WINDOW_API,1,0,89,178,,READ/REVIEW,FMX_STRING_EVIDENCE,oracle_forms/deep_catalog/form_field_trigger_catalog.jsonl
Mtxcrp011.fmx,INVENTORY,ONEX_INVENTORY_WINDOW_API,1,0,151,190,,READ/REVIEW,FMX_STRING_EVIDENCE,oracle_forms/deep_catalog/form_field_trigger_catalog.jsonl
Mtxusr001.fmx,INVENTORY,ONEX_INVENTORY_WINDOW_API,1,1,91,220,,READ/REVIEW,FMX_STRING_EVIDENCE,oracle_forms/deep_catalog/form_field_trigger_catalog.jsonl
Mtxxrp005.fmx,INVENTORY,ONEX_INVENTORY_WINDOW_API,1,0,226,214,,READ/REVIEW,FMX_STRING_EVIDENCE,oracle_forms/deep_catalog/form_field_trigger_catalog.jsonl
Mtxxrp006.fmx,INVENTORY,ONEX_INVENTORY_WINDOW_API,1,0,147,189,,READ/REVIEW,FMX_STRING_EVIDENCE,oracle_forms/deep_catalog/form_field_trigger_catalog.jsonl
Mtxxrp007.fmx,INVENTORY,ONEX_INVENTORY_WINDOW_API,1,0,215,203,,READ/REVIEW,FMX_STRING_EVIDENCE,oracle_forms/deep_catalog/form_field_trigger_catalog.jsonl
Mtxxrp008.fmx,INVENTORY,ONEX_INVENTORY_WINDOW_API,1,0,90,183,,READ/REVIEW,FMX_STRING_EVIDENCE,oracle_forms/deep_catalog/form_field_trigger_catalog.jsonl
Mtxxrp009.fmx,INVENTORY,ONEX_INVENTORY_WINDOW_API,1,0,88,195,,READ/REVIEW,FMX_STRING_EVIDENCE,oracle_forms/deep_catalog/form_field_trigger_catalog.jsonl
Mtxxrp011.fmx,INVENTORY,ONEX_INVENTORY_WINDOW_API,1,0,96,180,,READ/REVIEW,FMX_STRING_EVIDENCE,oracle_forms/deep_catalog/form_field_trigger_catalog.jsonl
Mtxxrp024.fmx,INVENTORY,ONEX_INVENTORY_WINDOW_API,1,0,147,188,,READ/REVIEW,FMX_STRING_EVIDENCE,oracle_forms/deep_catalog/form_field_trigger_catalog.jsonl
OTHR001.fmx,ADMIN,ONEX_ADMIN_WINDOW_API,36,8,132,361,IAS_GEN_PKG;IAS_GEN_PKGIAS20142GET_PROMPTIAS;IAS_GET_ENC_PASS_FNC;IAS_GET_ENC_PASS_FNCIAS20142IAS_GET_ENC_PASS_FNC;IAS_USR_PKG;IAS_USR_PKGIAS20142CHK_USR_FRM_PRVIA;IAS_USR_PKGIAS20142GET_USR_APPRV;IAS_USR_PKGIAS20142GET_USR_NMIAS;YS_GEN_PKG;YS_GEN_PKGIAS20142CHK_LOCK_RCRDY;YS_GEN_PKGIAS20142GET_USR_FLD_PRVYS_;YS_SRL_SCR_PKG;YS_SRL_SCR_PKGIAS20142GET_SYS_SQ,CREATE/SAVE;UPDATE;DELETE/VOID;POST;PRINT,FMX_STRING_EVIDENCE,oracle_forms/deep_catalog/form_field_trigger_catalog.jsonl
OTHR002.fmx,ADMIN,ONEX_ADMIN_WINDOW_API,36,8,303,365,IAS_GEN_PKG;IAS_GEN_PKGIAS20142GET_PROMPTIAS;IAS_GET_ENC_PASS_FNC;IAS_GET_ENC_PASS_FNCIAS20142IAS_GET_ENC_PASS_FNC;IAS_USR_PKG;IAS_USR_PKGIAS20142CHK_USR_FRM_PRVIA;IAS_USR_PKGIAS20142GET_USR_APPRV;IAS_USR_PKGIAS20142GET_USR_NMIAS;YS_GEN_PKG;YS_GEN_PKGIAS20142GET_USR_FLD_PRVYS_;YS_SRL_SCR_PKG;YS_SRL_SCR_PKGIAS20142GET_SYS_SQ,CREATE/SAVE;UPDATE;DELETE/VOID;POST;PRINT,FMX_STRING_EVIDENCE,oracle_forms/deep_catalog/form_field_trigger_catalog.jsonl
OTHR004.fmx,ADMIN,ONEX_ADMIN_WINDOW_API,32,8,228,359,IAS_GET_ENC_PASS_FNC;IAS_GET_ENC_PASS_FNCIAS20142IAS_GET_ENC_PASS_FNC;IAS_USR_PKG;IAS_USR_PKGIAS20142CHK_USR_FRM_PRVIA;IAS_USR_PKGIAS20142GET_USR_APPRV;IAS_USR_PKGIAS20142GET_USR_NMIAS;YS_GEN_PKG;YS_GEN_PKGIAS20142GET_USR_FLD_PRVYS_;YS_SRL_SCR_PKG;YS_SRL_SCR_PKGIAS20142GET_SYS_SQ,CREATE/SAVE;UPDATE;DELETE/VOID;POST;PRINT,FMX_STRING_EVIDENCE,oracle_forms/deep_catalog/form_field_trigger_catalog.jsonl
OTHR005.fmx,ADMIN,ONEX_ADMIN_WINDOW_API,33,8,190,352,IAS_GEN_PKG;IAS_GEN_PKGIAS20142GET_SYSDATEIA;IAS_GET_ENC_PASS_FNC;IAS_GET_ENC_PASS_FNCIAS20142IAS_GET_ENC_PASS_FNC;IAS_USR_PKG;IAS_USR_PKGIAS20142CHK_USR_FRM_PRVIA;IAS_USR_PKGIAS20142GET_USR_APPRV;IAS_USR_PKGIAS20142GET_USR_NMIAS;YS_GEN_PKG;YS_GEN_PKGIAS20142GET_USR_FLD_PRVYS_;YS_SRL_SCR_PKG;YS_SRL_SCR_PKGIAS20142GET_SYS_SQ,CREATE/SAVE;UPDATE;DELETE/VOID;POST;PRINT,FMX_STRING_EVIDENCE,oracle_forms/deep_catalog/form_field_trigger_catalog.jsonl
PMSI022.fmx,ADMIN,ONEX_ADMIN_WINDOW_API,44,8,348,649,IAS_GEN_PKG;IAS_GEN_PKGIAS2015101GET_CURDATE;IAS_GEN_PKGIAS2015101GET_FLD_VALUEIA;IAS_GET_ENC_PASS_FNC;IAS_USR_PKG;IAS_USR_PKGIAS2015101CHK_USR_FRM_PRV;IAS_USR_PKGIAS2015101GET_USR_APPRVIA;IAS_USR_PKGIAS2015101GET_USR_NMI;YS_GEN_PKG;YS_GEN_PKGIAS2015101CHK_LOCK_RCRDYS_;YS_GEN_PKGIAS2015101GET_USR_FLD_PRVY;YS_SRL_SCR_PKG;YS_SRL_SCR_PKGIAS2015101GET_SYS_SQYS,CREATE/SAVE;UPDATE;DELETE/VOID;POST;PRINT,FMX_STRING_EVIDENCE,oracle_forms/deep_catalog/form_field_trigger_catalog.jsonl
PMSI023.fmx,ADMIN,ONEX_ADMIN_WINDOW_API,42,8,333,656,IAS_GEN_PKG;IAS_GEN_PKGIAS2015101GET_CURDATE;IAS_GEN_PKGIAS2015101GET_FLD_VALUEIA;IAS_GET_ENC_PASS_FNC;IAS_USR_PKG;IAS_USR_PKGIAS2015101CHK_USR_FRM_PRV;IAS_USR_PKGIAS2015101GET_USR_APPRVIA;IAS_USR_PKGIAS2015101GET_USR_NMI;YS_GEN_PKG;YS_GEN_PKGIAS2015101CHK_LOCK_RCRDYS_;YS_GEN_PKGIAS2015101GET_USR_FLD_PRVY;YS_SRL_SCR_PKG;YS_SRL_SCR_PKGIAS2015101GET_SYS_SQYS,CREATE/SAVE;UPDATE;DELETE/VOID;POST;PRINT,FMX_STRING_EVIDENCE,oracle_forms/deep_catalog/form_field_trigger_catalog.jsonl
PMSI024.fmx,ADMIN,ONEX_ADMIN_WINDOW_API,55,8,607,962,IAS_ACODE_PKG;IAS_ACODE_PKGIAS2015101CHK_AC_CODEIA;IAS_ACTV_PKG;IAS_ACTV_PKGIAS2015101CHK_ACTV_NOIAS;IAS_GEN_PKG;IAS_GEN_PKGIAS2015101GET_CURDATE;IAS_GEN_PKGIAS2015101GET_FLD_VALUEIA;IAS_GET_ENC_PASS_FNC;IAS_USR_PKG;IAS_USR_PKGIAS2015101CHK_USR_FRM_PRV;IAS_USR_PKGIAS2015101GET_USR_APPRVIA;IAS_USR_PKGIAS2015101GET_USR_NMI;YS_GEN_PKG;YS_GEN_PKGIAS2015101CHK_LOCK_RCRDYS_;YS_GEN_PKGIAS2015101GET_USR_FLD_PRVY;YS_SRL_SCR_PKG;YS_SRL_SCR_PKGIAS2015101GET_SYS_SQYS,CREATE/SAVE;UPDATE;DELETE/VOID;POST;PRINT,FMX_STRING_EVIDENCE,oracle_forms/deep_catalog/form_field_trigger_catalog.jsonl
PMSI026.fmx,ADMIN,ONEX_ADMIN_WINDOW_API,42,8,320,586,IAS_ACODE_PKG;IAS_ACODE_PKGIAS2015101CHK_AC_CODEIA;IAS_GEN_PKG;IAS_GEN_PKGIAS2015101GET_CURDATE;IAS_GET_ENC_PASS_FNC;IAS_USR_PKG;IAS_USR_PKGIAS2015101CHK_USR_FRM_PRV;IAS_USR_PKGIAS2015101GET_USR_APPRVIA;IAS_USR_PKGIAS2015101GET_USR_NMI;YS_GEN_PKG;YS_GEN_PKGIAS2015101CHK_LOCK_RCRDYS_;YS_GEN_PKGIAS2015101GET_USR_FLD_PRVY;YS_SRL_SCR_PKG;YS_SRL_SCR_PKGIAS2015101GET_SYS_SQYS,CREATE/SAVE;UPDATE;DELETE/VOID;POST;PRINT,FMX_STRING_EVIDENCE,oracle_forms/deep_catalog/form_field_trigger_catalog.jsonl
PMSR001.fmx,ADMIN,ONEX_ADMIN_WINDOW_API,12,2,152,380,IAS_GET_ENC_PASS_FNC;IAS_USR_PKG;IAS_USR_PKGIAS2015101GET_USR_NMI;YS_GEN_PKG;YS_GEN_PKGIAS2015101GET_PROMPTYS,PRINT,FMX_STRING_EVIDENCE,oracle_forms/deep_catalog/form_field_trigger_catalog.jsonl
PMSR002.fmx,ADMIN,ONEX_ADMIN_WINDOW_API,12,2,152,381,IAS_GET_ENC_PASS_FNC;IAS_USR_PKG;IAS_USR_PKGIAS2015101GET_USR_NMI;YS_GEN_PKG;YS_GEN_PKGIAS2015101GET_PROMPTYS,PRINT,FMX_STRING_EVIDENCE,oracle_forms/deep_catalog/form_field_trigger_catalog.jsonl
PMSR003.fmx,ADMIN,ONEX_ADMIN_WINDOW_API,13,2,222,476,IAS_GET_ENC_PASS_FNC;IAS_USR_PKG;IAS_USR_PKGIAS2015101GET_USR_NMI;YS_GEN_PKG;YS_GEN_PKGIAS2015101GET_PROMPTYS,PRINT,FMX_STRING_EVIDENCE,oracle_forms/deep_catalog/form_field_trigger_catalog.jsonl
PMSR004.fmx,ADMIN,ONEX_ADMIN_WINDOW_API,13,2,268,477,IAS_GET_ENC_PASS_FNC;IAS_USR_PKG;IAS_USR_PKGIAS2015101GET_USR_NMI;YS_GEN_PKG;YS_GEN_PKGIAS2015101GET_PROMPTYS,PRINT,FMX_STRING_EVIDENCE,oracle_forms/deep_catalog/form_field_trigger_catalog.jsonl
PMSR005.fmx,ADMIN,ONEX_ADMIN_WINDOW_API,20,2,270,490,IAS_DBS_SYS_PKG;IAS_DBS_SYS_PKGIAS2015101CHECK_OBJECTIAS;IAS_GEN_PKG;IAS_GEN_PKGIAS2015101GET_FRST_DAYIAS;IAS_GET_ENC_PASS_FNC;IAS_USR_PKG;IAS_USR_PKGIAS2015101GET_USR_NMI;YS_GEN_PKG;YS_GEN_PKGIAS2015101GET_PROMPTYS,PRINT,FMX_STRING_EVIDENCE,oracle_forms/deep_catalog/form_field_trigger_catalog.jsonl
PMSR006.fmx,ADMIN,ONEX_ADMIN_WINDOW_API,17,2,254,488,IAS_DBS_SYS_PKG;IAS_DBS_SYS_PKGIAS2015101CHECK_OBJECTIAS;IAS_GEN_PKG;IAS_GEN_PKGIAS2015101GET_FRST_DAYIAS;IAS_GET_ENC_PASS_FNC;IAS_USR_PKG;IAS_USR_PKGIAS2015101GET_USR_NMI;YS_GEN_PKG;YS_GEN_PKGIAS2015101GET_PROMPTYS,PRINT,FMX_STRING_EVIDENCE,oracle_forms/deep_catalog/form_field_trigger_catalog.jsonl
PMSR007.fmx,ADMIN,ONEX_ADMIN_WINDOW_API,17,2,256,495,IAS_DBS_SYS_PKG;IAS_DBS_SYS_PKGIAS2015101CHECK_OBJECTIAS;IAS_GEN_PKG;IAS_GEN_PKGIAS2015101GET_FRST_DAYIAS;IAS_GET_ENC_PASS_FNC;IAS_USR_PKG;IAS_USR_PKGIAS2015101GET_USR_NMI;YS_GEN_PKG;YS_GEN_PKGIAS2015101GET_PROMPTYS,PRINT,FMX_STRING_EVIDENCE,oracle_forms/deep_catalog/form_field_trigger_catalog.jsonl
PMSR008.fmx,ADMIN,ONEX_ADMIN_WINDOW_API,17,2,261,488,IAS_DBS_SYS_PKG;IAS_DBS_SYS_PKGIAS2015101CHECK_OBJECTIAS;IAS_GEN_PKG;IAS_GEN_PKGIAS2015101GET_FRST_DAYIAS;IAS_GET_ENC_PASS_FNC;IAS_USR_PKG;IAS_USR_PKGIAS2015101GET_USR_NMI;YS_GEN_PKG;YS_GEN_PKGIAS2015101GET_PROMPTYS,PRINT,FMX_STRING_EVIDENCE,oracle_forms/deep_catalog/form_field_trigger_catalog.jsonl
PMSR009.fmx,ADMIN,ONEX_ADMIN_WINDOW_API,17,2,259,488,IAS_DBS_SYS_PKG;IAS_DBS_SYS_PKGIAS2015101CHECK_OBJECTIAS;IAS_GEN_PKG;IAS_GEN_PKGIAS2015101GET_FRST_DAYIAS;IAS_GET_ENC_PASS_FNC;IAS_USR_PKG;IAS_USR_PKGIAS2015101GET_USR_NMI;YS_GEN_PKG;YS_GEN_PKGIAS2015101GET_PROMPTYS,PRINT,FMX_STRING_EVIDENCE,oracle_forms/deep_catalog/form_field_trigger_catalog.jsonl
PMSR010.fmx,ADMIN,ONEX_ADMIN_WINDOW_API,17,2,264,488,IAS_DBS_SYS_PKG;IAS_DBS_SYS_PKGIAS2015101CHECK_OBJECTIAS;IAS_GEN_PKG;IAS_GEN_PKGIAS2015101GET_FRST_DAYIAS;IAS_GET_ENC_PASS_FNC;IAS_USR_PKG;IAS_USR_PKGIAS2015101GET_USR_NMI;YS_GEN_PKG;YS_GEN_PKGIAS2015101GET_PROMPTYS,PRINT,FMX_STRING_EVIDENCE,oracle_forms/deep_catalog/form_field_trigger_catalog.jsonl
PMSR011.fmx,ADMIN,ONEX_ADMIN_WINDOW_API,17,2,260,488,IAS_DBS_SYS_PKG;IAS_DBS_SYS_PKGIAS2015101CHECK_OBJECTIAS;IAS_GEN_PKG;IAS_GEN_PKGIAS2015101GET_FRST_DAYIAS;IAS_GET_ENC_PASS_FNC;IAS_USR_PKG;IAS_USR_PKGIAS2015101GET_USR_NMI;YS_GEN_PKG;YS_GEN_PKGIAS2015101GET_PROMPTYS,PRINT,FMX_STRING_EVIDENCE,oracle_forms/deep_catalog/form_field_trigger_catalog.jsonl
PMSR012.fmx,ADMIN,ONEX_ADMIN_WINDOW_API,17,2,262,489,IAS_DBS_SYS_PKG;IAS_DBS_SYS_PKGIAS2015101CHECK_OBJECTIAS;IAS_GEN_PKG;IAS_GEN_PKGIAS2015101GET_FRST_DAYIAS;IAS_GET_ENC_PASS_FNC;IAS_USR_PKG;IAS_USR_PKGIAS2015101GET_USR_NMI;YS_GEN_PKG;YS_GEN_PKGIAS2015101GET_PROMPTYS,PRINT,FMX_STRING_EVIDENCE,oracle_forms/deep_catalog/form_field_trigger_catalog.jsonl
PMSR013.fmx,ADMIN,ONEX_ADMIN_WINDOW_API,20,2,255,491,IAS_DBS_SYS_PKG;IAS_DBS_SYS_PKGIAS2015101CHECK_OBJECTIAS;IAS_GEN_PKG;IAS_GEN_PKGIAS2015101GET_FRST_DAYIAS;IAS_GET_ENC_PASS_FNC;IAS_USR_PKG;IAS_USR_PKGIAS2015101GET_USR_NMI;YS_GEN_PKG;YS_GEN_PKGIAS2015101GET_PROMPTYS,PRINT,FMX_STRING_EVIDENCE,oracle_forms/deep_catalog/form_field_trigger_catalog.jsonl
PMSR014.fmx,ADMIN,ONEX_ADMIN_WINDOW_API,17,2,257,489,IAS_DBS_SYS_PKG;IAS_DBS_SYS_PKGIAS2015101CHECK_OBJECTIAS;IAS_GEN_PKG;IAS_GEN_PKGIAS2015101GET_FRST_DAYIAS;IAS_GET_ENC_PASS_FNC;IAS_USR_PKG;IAS_USR_PKGIAS2015101GET_USR_NMI;YS_GEN_PKG;YS_GEN_PKGIAS2015101GET_PROMPTYS,PRINT,FMX_STRING_EVIDENCE,oracle_forms/deep_catalog/form_field_trigger_catalog.jsonl
PMSR015.fmx,ADMIN,ONEX_ADMIN_WINDOW_API,17,2,263,488,IAS_DBS_SYS_PKG;IAS_DBS_SYS_PKGIAS2015101CHECK_OBJECTIAS;IAS_GEN_PKG;IAS_GEN_PKGIAS2015101GET_FRST_DAYIAS;IAS_GET_ENC_PASS_FNC;IAS_USR_PKG;IAS_USR_PKGIAS2015101GET_USR_NMI;YS_GEN_PKG;YS_GEN_PKGIAS2015101GET_PROMPTYS,PRINT,FMX_STRING_EVIDENCE,oracle_forms/deep_catalog/form_field_trigger_catalog.jsonl
PMSR016.fmx,ADMIN,ONEX_ADMIN_WINDOW_API,17,2,262,489,IAS_DBS_SYS_PKG;IAS_DBS_SYS_PKGIAS2015101CHECK_OBJECTIAS;IAS_GEN_PKG;IAS_GEN_PKGIAS2015101GET_FRST_DAYIAS;IAS_GET_ENC_PASS_FNC;IAS_USR_PKG;IAS_USR_PKGIAS2015101GET_USR_NMI;YS_GEN_PKG;YS_GEN_PKGIAS2015101GET_PROMPTYS,PRINT,FMX_STRING_EVIDENCE,oracle_forms/deep_catalog/form_field_trigger_catalog.jsonl
PMSR017.fmx,ADMIN,ONEX_ADMIN_WINDOW_API,17,2,257,491,IAS_DBS_SYS_PKG;IAS_DBS_SYS_PKGIAS2015101CHECK_OBJECTIAS;IAS_GEN_PKG;IAS_GEN_PKGIAS2015101GET_FRST_DAYIAS;IAS_GET_ENC_PASS_FNC;IAS_USR_PKG;IAS_USR_PKGIAS2015101GET_USR_NMI;YS_GEN_PKG;YS_GEN_PKGIAS2015101GET_PROMPTYS,PRINT,FMX_STRING_EVIDENCE,oracle_forms/deep_catalog/form_field_trigger_catalog.jsonl
PMSR018.fmx,ADMIN,ONEX_ADMIN_WINDOW_API,17,2,281,491,IAS_DBS_SYS_PKG;IAS_DBS_SYS_PKGIAS2015101CHECK_OBJECTIAS;IAS_GEN_PKG;IAS_GEN_PKGIAS2015101GET_FRST_DAYIAS;IAS_GET_ENC_PASS_FNC;IAS_USR_PKG;IAS_USR_PKGIAS2015101GET_USR_NMI;YS_GEN_PKG;YS_GEN_PKGIAS2015101GET_PROMPTYS,PRINT,FMX_STRING_EVIDENCE,oracle_forms/deep_catalog/form_field_trigger_catalog.jsonl
PMSR019.fmx,ADMIN,ONEX_ADMIN_WINDOW_API,13,2,273,477,IAS_GET_ENC_PASS_FNC;IAS_USR_PKG;IAS_USR_PKGIAS2015101GET_USR_NMI;YS_GEN_PKG;YS_GEN_PKGIAS2015101GET_PROMPTYS,PRINT,FMX_STRING_EVIDENCE,oracle_forms/deep_catalog/form_field_trigger_catalog.jsonl
PMSR020.fmx,ADMIN,ONEX_ADMIN_WINDOW_API,13,2,272,477,IAS_GET_ENC_PASS_FNC;IAS_USR_PKG;IAS_USR_PKGIAS2015101GET_USR_NMI;YS_GEN_PKG;YS_GEN_PKGIAS2015101GET_PROMPTYS,PRINT,FMX_STRING_EVIDENCE,oracle_forms/deep_catalog/form_field_trigger_catalog.jsonl
PMSR021.fmx,ADMIN,ONEX_ADMIN_WINDOW_API,18,2,253,496,IAS_DBS_SYS_PKG;IAS_DBS_SYS_PKGIAS2015101CHECK_OBJECTIAS;IAS_GEN_PKG;IAS_GEN_PKGIAS2015101GET_FRST_DAYIAS;IAS_GET_ENC_PASS_FNC;IAS_USR_PKG;IAS_USR_PKGIAS2015101GET_USR_NMI;YS_GEN_PKG;YS_GEN_PKGIAS2015101GET_PROMPTYS,PRINT,FMX_STRING_EVIDENCE,oracle_forms/deep_catalog/form_field_trigger_catalog.jsonl
PMSR022.fmx,ADMIN,ONEX_ADMIN_WINDOW_API,20,2,254,491,IAS_DBS_SYS_PKG;IAS_DBS_SYS_PKGIAS2015101CHECK_OBJECTIAS;IAS_GEN_PKG;IAS_GEN_PKGIAS2015101GET_FRST_DAYIAS;IAS_GET_ENC_PASS_FNC;IAS_USR_PKG;IAS_USR_PKGIAS2015101GET_USR_NMI;YS_GEN_PKG;YS_GEN_PKGIAS2015101GET_PROMPTYS,PRINT,FMX_STRING_EVIDENCE,oracle_forms/deep_catalog/form_field_trigger_catalog.jsonl
PMSR023.fmx,ADMIN,ONEX_ADMIN_WINDOW_API,18,2,253,496,IAS_DBS_SYS_PKG;IAS_DBS_SYS_PKGIAS2015101CHECK_OBJECTIAS;IAS_GEN_PKG;IAS_GEN_PKGIAS2015101GET_FRST_DAYIAS;IAS_GET_ENC_PASS_FNC;IAS_USR_PKG;IAS_USR_PKGIAS2015101GET_USR_NMI;YS_GEN_PKG;YS_GEN_PKGIAS2015101GET_PROMPTYS,PRINT,FMX_STRING_EVIDENCE,oracle_forms/deep_catalog/form_field_trigger_catalog.jsonl
PMSS004.fmx,ADMIN,ONEX_ADMIN_WINDOW_API,35,8,273,544,IAS_GEN_PKG;IAS_GEN_PKGIAS2015101GET_CURDATE;IAS_GET_ENC_PASS_FNC;IAS_USR_PKG;IAS_USR_PKGIAS2015101CHK_USR_FRM_PRV;IAS_USR_PKGIAS2015101GET_USR_APPRVIA;IAS_USR_PKGIAS2015101GET_USR_NMI;YS_GEN_PKG;YS_GEN_PKGIAS2015101CHK_LOCK_RCRDYS_;YS_GEN_PKGIAS2015101GET_USR_FLD_PRVY;YS_SRL_SCR_PKG;YS_SRL_SCR_PKGIAS2015101GET_SYS_SQYS,CREATE/SAVE;UPDATE;DELETE/VOID;POST;PRINT,FMX_STRING_EVIDENCE,oracle_forms/deep_catalog/form_field_trigger_catalog.jsonl
PMSS005.fmx,ADMIN,ONEX_ADMIN_WINDOW_API,39,8,317,671,IAS_ACODE_PKG;IAS_ACODE_PKGIAS2015101CHK_AC_CODEIA;IAS_GEN_PKG;IAS_GEN_PKGIAS2015101GET_CURDATE;IAS_GET_ENC_PASS_FNC;IAS_USR_PKG;IAS_USR_PKGIAS2015101CHK_USR_FRM_PRV;IAS_USR_PKGIAS2015101GET_USR_APPRVIA;IAS_USR_PKGIAS2015101GET_USR_NMI;YS_GEN_PKG;YS_GEN_PKGIAS2015101CHK_LOCK_RCRDYS_;YS_GEN_PKGIAS2015101GET_USR_FLD_PRVY;YS_SRL_SCR_PKG;YS_SRL_SCR_PKGIAS2015101GET_SYS_SQYS,CREATE/SAVE;UPDATE;DELETE/VOID;POST;PRINT,FMX_STRING_EVIDENCE,oracle_forms/deep_catalog/form_field_trigger_catalog.jsonl
PMSS007.fmx,ADMIN,ONEX_ADMIN_WINDOW_API,35,8,204,420,IAS_GEN_PKG;IAS_GEN_PKGIAS2015101GET_CURDATE;IAS_GET_ENC_PASS_FNC;IAS_USR_PKG;IAS_USR_PKGIAS2015101CHK_USR_FRM_PRV;IAS_USR_PKGIAS2015101GET_USR_APPRVIA;IAS_USR_PKGIAS2015101GET_USR_NMI;YS_GEN_PKG;YS_GEN_PKGIAS2015101CHK_LOCK_RCRDYS_;YS_GEN_PKGIAS2015101GET_USR_FLD_PRVY;YS_SRL_SCR_PKG;YS_SRL_SCR_PKGIAS2015101GET_SYS_SQYS,CREATE/SAVE;UPDATE;DELETE/VOID;POST;PRINT,FMX_STRING_EVIDENCE,oracle_forms/deep_catalog/form_field_trigger_catalog.jsonl
PMSS008.fmx,ADMIN,ONEX_ADMIN_WINDOW_API,35,8,133,368,IAS_GEN_PKG;IAS_GEN_PKGIAS2015101GET_CURDATE;IAS_GET_ENC_PASS_FNC;IAS_USR_PKG;IAS_USR_PKGIAS2015101CHK_USR_FRM_PRV;IAS_USR_PKGIAS2015101GET_USR_APPRVIA;IAS_USR_PKGIAS2015101GET_USR_NMI;YS_GEN_PKG;YS_GEN_PKGIAS2015101CHK_LOCK_RCRDYS_;YS_GEN_PKGIAS2015101GET_USR_FLD_PRVY;YS_SRL_SCR_PKG;YS_SRL_SCR_PKGIAS2015101GET_SYS_SQYS,CREATE/SAVE;UPDATE;DELETE/VOID;POST;PRINT,FMX_STRING_EVIDENCE,oracle_forms/deep_catalog/form_field_trigger_catalog.jsonl
PMST062.fmx,ADMIN,ONEX_ADMIN_WINDOW_API,63,8,493,917,IAS_ACODE_PKG;IAS_ACODE_PKGIAS2015101CHK_AC_CODEIA;IAS_ACODE_PKGIAS2015101GET_AC_TYPEIA;IAS_ACODE_PKGIAS2015101GET_A_NAMEIAS;IAS_CHECK_SYS_PKG;IAS_CHECK_SYS_PKGIAS2015101CHECK_CUR_RATEIAS;IAS_CSHBNK_PKG;IAS_CSHBNK_PKGIAS2015101CHECK_ACYIAS;IAS_CSHBNK_PKGIAS2015101GET_CB_NAMEI;IAS_GEN_PKG;IAS_GEN_PKGIAS2015101GET_CURDATE;IAS_GEN_PKGIAS2015101GET_CUR_RATEIAS;IAS_GET_ENC_PASS_FNC;IAS_USR_PKG;IAS_USR_PKGIAS2015101CHK_USR_FRM_PRV;IAS_USR_PKGIAS2015101GET_USR_APPRVIA;IAS_USR_PKGIAS2015101GET_USR_NMI;YS_GEN_PKG;YS_GEN_PKGIAS2015101CHK_LOCK_RCRDYS_;YS_GEN_PKGIAS2015101GET_USR_FLD_PRVY;YS_SRL_SCR_PKG;YS_SRL_SCR_PKGIAS2015101GET_SYS_SQYS,CREATE/SAVE;UPDATE;DELETE/VOID;POST;PRINT,FMX_STRING_EVIDENCE,oracle_forms/deep_catalog/form_field_trigger_catalog.jsonl
PMST063.fmx,ADMIN,ONEX_ADMIN_WINDOW_API,64,8,597,885,IAS_ACODE_PKG;IAS_ACODE_PKGIAS2015101CHK_AC_CODEIA;IAS_ACODE_PKGIAS2015101GET_AC_TYPEIA;IAS_ACODE_PKGIAS2015101GET_A_NAMEIAS;IAS_CHECK_SYS_PKG;IAS_CHECK_SYS_PKGIAS2015101CHECK_CUR_RATEIAS;IAS_CSHBNK_PKG;IAS_CSHBNK_PKGIAS2015101CHECK_ACYIAS;IAS_CSHBNK_PKGIAS2015101GET_CB_NAMEI;IAS_GEN_PKG;IAS_GEN_PKGIAS2015101GET_CURDATE;IAS_GEN_PKGIAS2015101GET_CUR_RATEIAS;IAS_GET_ENC_PASS_FNC;IAS_USR_PKG;IAS_USR_PKGIAS2015101CHK_USR_FRM_PRV;IAS_USR_PKGIAS2015101GET_USR_APPRVIA;IAS_USR_PKGIAS2015101GET_USR_NMI;YS_GEN_PKG;YS_GEN_PKGIAS2015101CHK_LOCK_RCRDYS_;YS_GEN_PKGIAS2015101GET_USR_FLD_PRVY;YS_SRL_SCR_PKG;YS_SRL_SCR_PKGIAS2015101GET_SYS_SQYS,CREATE/SAVE;UPDATE;DELETE/VOID;POST;PRINT,FMX_STRING_EVIDENCE,oracle_forms/deep_catalog/form_field_trigger_catalog.jsonl
PMST068.fmx,ADMIN,ONEX_ADMIN_WINDOW_API,48,8,593,833,IAS_GEN_PKG;IAS_GEN_PKGIAS2015101GET_CURDATE;IAS_GET_ENC_PASS_FNC;IAS_USR_PKG;IAS_USR_PKGIAS2015101CHK_USR_FRM_PRV;IAS_USR_PKGIAS2015101GET_USR_APPRVIA;IAS_USR_PKGIAS2015101GET_USR_NMI;YS_GEN_PKG;YS_GEN_PKGIAS2015101CHK_LOCK_RCRDYS_;YS_GEN_PKGIAS2015101GET_USR_FLD_PRVY;YS_SRL_SCR_PKG;YS_SRL_SCR_PKGIAS2015101GET_SYS_SQYS,CREATE/SAVE;UPDATE;DELETE/VOID;POST;PRINT,FMX_STRING_EVIDENCE,oracle_forms/deep_catalog/form_field_trigger_catalog.jsonl
PMST069.fmx,ADMIN,ONEX_ADMIN_WINDOW_API,47,8,529,844,IAS_GEN_PKG;IAS_GEN_PKGIAS2015101GET_CURDATE;IAS_GET_ENC_PASS_FNC;IAS_USR_PKG;IAS_USR_PKGIAS2015101CHK_USR_FRM_PRV;IAS_USR_PKGIAS2015101GET_USR_APPRVIA;IAS_USR_PKGIAS2015101GET_USR_NMI;YS_GEN_PKG;YS_GEN_PKGIAS2015101CHK_LOCK_RCRDYS_;YS_GEN_PKGIAS2015101GET_USR_FLD_PRVY;YS_SRL_SCR_PKG;YS_SRL_SCR_PKGIAS2015101GET_SYS_SQYS,CREATE/SAVE;UPDATE;DELETE/VOID;POST;PRINT,FMX_STRING_EVIDENCE,oracle_forms/deep_catalog/form_field_trigger_catalog.jsonl
PMST070.fmx,ADMIN,ONEX_ADMIN_WINDOW_API,48,8,552,782,IAS_GEN_PKG;IAS_GEN_PKGIAS2015101GET_CURDATE;IAS_GET_ENC_PASS_FNC;IAS_USR_PKG;IAS_USR_PKGIAS2015101CHK_USR_FRM_PRV;IAS_USR_PKGIAS2015101GET_USR_APPRVIA;IAS_USR_PKGIAS2015101GET_USR_NMI;YS_GEN_PKG;YS_GEN_PKGIAS2015101CHK_LOCK_RCRDYS_;YS_GEN_PKGIAS2015101GET_USR_FLD_PRVY;YS_SRL_SCR_PKG;YS_SRL_SCR_PKGIAS2015101GET_SYS_SQYS,CREATE/SAVE;UPDATE;DELETE/VOID;POST;PRINT,FMX_STRING_EVIDENCE,oracle_forms/deep_catalog/form_field_trigger_catalog.jsonl
PMST071.fmx,ADMIN,ONEX_ADMIN_WINDOW_API,45,8,498,762,IAS_GEN_PKG;IAS_GEN_PKGIAS2015101GET_CURDATE;IAS_GET_ENC_PASS_FNC;IAS_USR_PKG;IAS_USR_PKGIAS2015101CHK_USR_FRM_PRV;IAS_USR_PKGIAS2015101GET_USR_APPRVIA;IAS_USR_PKGIAS2015101GET_USR_NMI;YS_GEN_PKG;YS_GEN_PKGIAS2015101CHK_LOCK_RCRDYS_;YS_GEN_PKGIAS2015101GET_USR_FLD_PRVY;YS_SRL_SCR_PKG;YS_SRL_SCR_PKGIAS2015101GET_SYS_SQYS,CREATE/SAVE;UPDATE;DELETE/VOID;POST;PRINT,FMX_STRING_EVIDENCE,oracle_forms/deep_catalog/form_field_trigger_catalog.jsonl
PMST080.fmx,ADMIN,ONEX_ADMIN_WINDOW_API,41,8,283,610,IAS_GEN_PKG;IAS_GEN_PKGIAS2015101GET_CURDATE;IAS_GET_ENC_PASS_FNC;IAS_USR_PKG;IAS_USR_PKGIAS2015101CHK_USR_FRM_PRV;IAS_USR_PKGIAS2015101GET_USR_APPRVIA;IAS_USR_PKGIAS2015101GET_USR_NMI;YS_GEN_PKG;YS_GEN_PKGIAS2015101CHK_LOCK_RCRDYS_;YS_GEN_PKGIAS2015101GET_USR_FLD_PRVY;YS_SRL_SCR_PKG;YS_SRL_SCR_PKGIAS2015101GET_SYS_SQYS,CREATE/SAVE;UPDATE;DELETE/VOID;POST;PRINT,FMX_STRING_EVIDENCE,oracle_forms/deep_catalog/form_field_trigger_catalog.jsonl
PMST081.fmx,ADMIN,ONEX_ADMIN_WINDOW_API,41,8,335,614,IAS_GEN_PKG;IAS_GEN_PKGIAS2015101GET_CURDATE;IAS_GET_ENC_PASS_FNC;IAS_USR_PKG;IAS_USR_PKGIAS2015101CHK_USR_FRM_PRV;IAS_USR_PKGIAS2015101GET_USR_APPRVIA;IAS_USR_PKGIAS2015101GET_USR_NMI;YS_GEN_PKG;YS_GEN_PKGIAS2015101CHK_LOCK_RCRDYS_;YS_GEN_PKGIAS2015101GET_USR_FLD_PRVY;YS_SRL_SCR_PKG;YS_SRL_SCR_PKGIAS2015101GET_SYS_SQYS,CREATE/SAVE;UPDATE;DELETE/VOID;POST;PRINT,FMX_STRING_EVIDENCE,oracle_forms/deep_catalog/form_field_trigger_catalog.jsonl
PMST082.fmx,ADMIN,ONEX_ADMIN_WINDOW_API,42,8,411,744,IAS_GEN_PKG;IAS_GEN_PKGIAS2015101GET_CURDATE;IAS_GET_ENC_PASS_FNC;IAS_USR_PKG;IAS_USR_PKGIAS2015101CHK_USR_FRM_PRV;IAS_USR_PKGIAS2015101GET_USR_APPRVIA;IAS_USR_PKGIAS2015101GET_USR_NMI;YS_GEN_PKG;YS_GEN_PKGIAS2015101CHK_LOCK_RCRDYS_;YS_GEN_PKGIAS2015101GET_USR_FLD_PRVY;YS_SRL_SCR_PKG;YS_SRL_SCR_PKGIAS2015101GET_SYS_SQYS,CREATE/SAVE;UPDATE;DELETE/VOID;POST;PRINT,FMX_STRING_EVIDENCE,oracle_forms/deep_catalog/form_field_trigger_catalog.jsonl
PMST083.fmx,ADMIN,ONEX_ADMIN_WINDOW_API,40,8,312,616,IAS_GEN_PKG;IAS_GEN_PKGIAS2015101GET_CURDATE;IAS_GET_ENC_PASS_FNC;IAS_USR_PKG;IAS_USR_PKGIAS2015101CHK_USR_FRM_PRV;IAS_USR_PKGIAS2015101GET_USR_APPRVIA;IAS_USR_PKGIAS2015101GET_USR_NMI;YS_GEN_PKG;YS_GEN_PKGIAS2015101CHK_LOCK_RCRDYS_;YS_GEN_PKGIAS2015101GET_USR_FLD_PRVY;YS_SRL_SCR_PKG;YS_SRL_SCR_PKGIAS2015101GET_SYS_SQYS,CREATE/SAVE;UPDATE;DELETE/VOID;POST;PRINT,FMX_STRING_EVIDENCE,oracle_forms/deep_catalog/form_field_trigger_catalog.jsonl
PMST090.fmx,ADMIN,ONEX_ADMIN_WINDOW_API,32,10,92,412,IAS_GET_ENC_PASS_FNC;IAS_USR_PKG;IAS_USR_PKGIAS2015101CHK_USR_FRM_PRV;IAS_USR_PKGIAS2015101GET_USR_APPRVIA;IAS_USR_PKGIAS2015101GET_USR_NMI;YS_GEN_PKG;YS_GEN_PKGIAS2015101CHK_LOCK_RCRDYS_;YS_GEN_PKGIAS2015101GET_USR_FLD_PRVY;YS_SRL_SCR_PKG;YS_SRL_SCR_PKGIAS2015101GET_SYS_SQYS,CREATE/SAVE;UPDATE;DELETE/VOID;POST;PRINT,FMX_STRING_EVIDENCE,oracle_forms/deep_catalog/form_field_trigger_catalog.jsonl
PMST091.fmx,ADMIN,ONEX_ADMIN_WINDOW_API,46,8,472,776,IAS_GEN_PKG;IAS_GEN_PKGIAS2015101GET_CURDATE;IAS_GET_ENC_PASS_FNC;IAS_USR_PKG;IAS_USR_PKGIAS2015101CHK_USR_FRM_PRV;IAS_USR_PKGIAS2015101GET_USR_APPRVIA;IAS_USR_PKGIAS2015101GET_USR_NMI;YS_GEN_PKG;YS_GEN_PKGIAS2015101CHK_LOCK_RCRDYS_;YS_GEN_PKGIAS2015101GET_USR_FLD_PRVY;YS_SRL_SCR_PKG;YS_SRL_SCR_PKGIAS2015101GET_SYS_SQYS,CREATE/SAVE;UPDATE;DELETE/VOID;POST;PRINT,FMX_STRING_EVIDENCE,oracle_forms/deep_catalog/form_field_trigger_catalog.jsonl
PMS_IMPXLS_1.fmx,ADMIN,ONEX_ADMIN_WINDOW_API,47,8,293,488,IAS_ACODE_PKG;IAS_ACODE_PKGIAS2015101CHK_AC_CODEIA;IAS_ACTV_PKG;IAS_ACTV_PKGIAS2015101CHK_ACTV_NOIAS;IAS_DBS_SYS_PKG;IAS_GEN_PKG;IAS_GEN_PKGIAS2015101GET_PROMPTI;IAS_GET_ENC_PASS_FNC;IAS_USR_PKG;IAS_USR_PKGIAS2015101CHK_USR_FRM_PRV;IAS_USR_PKGIAS2015101GET_USR_APPRVIA;IAS_USR_PKGIAS2015101GET_USR_NMI;YS_GEN_PKG;YS_GEN_PKGIAS2015101CHK_LOCK_RCRDYS_;YS_GEN_PKGIAS2015101GET_USR_FLD_PRVY;YS_SRL_SCR_PKG;YS_SRL_SCR_PKGIAS2015101GET_SYS_SQYS,CREATE/SAVE;UPDATE;DELETE/VOID;POST;PRINT,FMX_STRING_EVIDENCE,oracle_forms/deep_catalog/form_field_trigger_catalog.jsonl
POSADVS.fmx,POS,ONEX_POS_WINDOW_API,5,0,131,168,IAS_ITM_PKG;IAS_ITM_PKGYSPOS2GET_ITM_NAMEIAS;IAS_USR_PKG;IAS_USR_PKGYSPOS2GET_USR_NMI,READ/REVIEW,FMX_STRING_EVIDENCE,oracle_forms/deep_catalog/form_field_trigger_catalog.jsonl
POSI001.fmx,POS,ONEX_POS_WINDOW_API,28,8,344,512,IAS_GEN_PKG;IAS_GET_ENC_PASS_FNC;IAS_USR_PKG;IAS_USR_PKGYSPOS2CHK_USR_FRM_PRV;IAS_USR_PKGYSPOS2GET_USR_NMI;YS_GEN_PKG;YS_GEN_PKGYSPOS2GET_USR_FLD_PRVY,CREATE/SAVE;UPDATE;DELETE/VOID;POST;PRINT,FMX_STRING_EVIDENCE,oracle_forms/deep_catalog/form_field_trigger_catalog.jsonl
POSI002.fmx,POS,ONEX_POS_WINDOW_API,29,8,239,333,IAS_GEN_PKG;IAS_GEN_PKGYSPOS2GET_CURDATE;IAS_GET_ENC_PASS_FNC;IAS_USR_PKG;IAS_USR_PKGYSPOS2CHK_USR_FRM_PRV;IAS_USR_PKGYSPOS2GET_USR_NMI;YS_GEN_PKG;YS_GEN_PKGYSPOS2GET_USR_FLD_PRVY,CREATE/SAVE;UPDATE;DELETE/VOID;POST;PRINT,FMX_STRING_EVIDENCE,oracle_forms/deep_catalog/form_field_trigger_catalog.jsonl
POSI003.fmx,POS,ONEX_POS_WINDOW_API,29,8,221,439,IAS_GET_ENC_PASS_FNC;IAS_ITM_PKG;IAS_ITM_PKGYSPOS2GET_ICODE_MIN_UNITI;IAS_USR_PKG;IAS_USR_PKGYSPOS2CHK_USR_FRM_PRV;IAS_USR_PKGYSPOS2GET_USR_NMI;YS_GEN_PKG;YS_GEN_PKGYSPOS2GET_USR_FLD_PRVY,CREATE/SAVE;UPDATE;DELETE/VOID;POST;PRINT,FMX_STRING_EVIDENCE,oracle_forms/deep_catalog/form_field_trigger_catalog.jsonl
POSI004.fmx,POS,ONEX_POS_WINDOW_API,27,8,94,319,IAS_GET_ENC_PASS_FNC;IAS_USR_PKG;IAS_USR_PKGYSPOS2CHK_USR_FRM_PRV;IAS_USR_PKGYSPOS2GET_USR_NMI;YS_GEN_PKG;YS_GEN_PKGYSPOS2GET_USR_FLD_PRVY,CREATE/SAVE;UPDATE;DELETE/VOID;POST;PRINT,FMX_STRING_EVIDENCE,oracle_forms/deep_catalog/form_field_trigger_catalog.jsonl
POSI005.fmx,POS,ONEX_POS_WINDOW_API,27,8,230,336,IAS_GET_ENC_PASS_FNC;IAS_USR_PKG;IAS_USR_PKGYSPOS2CHK_USR_FRM_PRV;IAS_USR_PKGYSPOS2GET_USR_NMI;YS_GEN_PKG;YS_GEN_PKGYSPOS2GET_USR_FLD_PRVY,CREATE/SAVE;UPDATE;DELETE/VOID;POST;PRINT,FMX_STRING_EVIDENCE,oracle_forms/deep_catalog/form_field_trigger_catalog.jsonl
POSI006.fmx,POS,ONEX_POS_WINDOW_API,29,8,185,344,IAS_GET_ENC_PASS_FNC;IAS_ITM_PKG;IAS_ITM_PKGYSPOS2GET_ICODE_MIN_UNITI;IAS_USR_PKG;IAS_USR_PKGYSPOS2CHK_USR_FRM_PRV;IAS_USR_PKGYSPOS2GET_USR_NMI;YS_GEN_PKG;YS_GEN_PKGYSPOS2GET_USR_FLD_PRVY,CREATE/SAVE;UPDATE;DELETE/VOID;POST;PRINT,FMX_STRING_EVIDENCE,oracle_forms/deep_catalog/form_field_trigger_catalog.jsonl
POSI007.fmx,POS,ONEX_POS_WINDOW_API,30,8,280,400,IAS_GEN_PKG;IAS_GEN_PKGYSPOS2GET_CNT;IAS_GEN_PKGYSPOS2GET_PROMPTI;IAS_GET_ENC_PASS_FNC;IAS_USR_PKG;IAS_USR_PKGYSPOS2CHK_USR_FRM_PRV;IAS_USR_PKGYSPOS2GET_USR_NMI;YS_GEN_PKG;YS_GEN_PKGYSPOS2GET_USR_FLD_PRVY,CREATE/SAVE;UPDATE;DELETE/VOID;POST;PRINT,FMX_STRING_EVIDENCE,oracle_forms/deep_catalog/form_field_trigger_catalog.jsonl
POSI008.fmx,POS,ONEX_POS_WINDOW_API,31,8,239,406,IAS_GEN_PKG;IAS_GEN_PKGYSPOS2GET_CNT;IAS_GEN_PKGYSPOS2GET_CURDATE;IAS_GEN_PKGYSPOS2GET_PROMPTI;IAS_GET_ENC_PASS_FNC;IAS_USR_PKG;IAS_USR_PKGYSPOS2CHK_USR_FRM_PRV;IAS_USR_PKGYSPOS2GET_USR_NMI;YS_GEN_PKG;YS_GEN_PKGYSPOS2GET_USR_FLD_PRVY,CREATE/SAVE;UPDATE;DELETE/VOID;POST;PRINT,FMX_STRING_EVIDENCE,oracle_forms/deep_catalog/form_field_trigger_catalog.jsonl
POSI009.fmx,POS,ONEX_POS_WINDOW_API,30,8,206,360,IAS_GEN_PKG;IAS_GEN_PKGYSPOS2GET_CNT;IAS_GEN_PKGYSPOS2GET_FLD_VALUEIA;IAS_GET_ENC_PASS_FNC;IAS_USR_PKG;IAS_USR_PKGYSPOS2CHK_USR_FRM_PRV;IAS_USR_PKGYSPOS2GET_USR_NMI;YS_GEN_PKG;YS_GEN_PKGYSPOS2GET_USR_FLD_PRVY,CREATE/SAVE;UPDATE;DELETE/VOID;POST;PRINT,FMX_STRING_EVIDENCE,oracle_forms/deep_catalog/form_field_trigger_catalog.jsonl
POSI010.fmx,POS,ONEX_POS_WINDOW_API,33,8,361,452,IAS_GEN_PKG;IAS_GEN_PKGYSPOS2GET_CURDATE;IAS_GEN_PKGYSPOS2GET_PROMPTI;IAS_GET_ENC_PASS_FNC;IAS_USR_PKG;IAS_USR_PKGYSPOS2CHK_USR_FRM_PRV;IAS_USR_PKGYSPOS2GET_USR_NMI;YS_GEN_PKG;YS_GEN_PKGYSPOS2GET_CNTY;YS_GEN_PKGYSPOS2GET_USR_FLD_PRVY,CREATE/SAVE;UPDATE;DELETE/VOID;POST;PRINT,FMX_STRING_EVIDENCE,oracle_forms/deep_catalog/form_field_trigger_catalog.jsonl
POSI011.fmx,POS,ONEX_POS_WINDOW_API,31,8,218,369,IAS_GEN_PKG;IAS_GEN_PKGYSPOS2GET_CURDATE;IAS_GET_ENC_PASS_FNC;IAS_USR_PKG;IAS_USR_PKGYSPOS2CHK_USR_FRM_PRV;IAS_USR_PKGYSPOS2GET_USR_NMI;YS_GEN_PKG;YS_GEN_PKGYSPOS2GET_USR_FLD_PRVY,CREATE/SAVE;UPDATE;DELETE/VOID;POST;PRINT,FMX_STRING_EVIDENCE,oracle_forms/deep_catalog/form_field_trigger_catalog.jsonl
POSI012.fmx,POS,ONEX_POS_WINDOW_API,33,8,243,429,IAS_GEN_PKG;IAS_GEN_PKGYSPOS2GET_PROMPTI;IAS_GET_ENC_PASS_FNC;IAS_USR_PKG;IAS_USR_PKGYSPOS2CHK_USR_FRM_PRV;IAS_USR_PKGYSPOS2GET_USR_NMI;YS_GEN_PKG;YS_GEN_PKGYSPOS2GET_USR_FLD_PRVY,CREATE/SAVE;UPDATE;DELETE/VOID;POST;PRINT,FMX_STRING_EVIDENCE,oracle_forms/deep_catalog/form_field_trigger_catalog.jsonl
POSI014.fmx,POS,ONEX_POS_WINDOW_API,33,8,280,377,IAS_GET_ENC_PASS_FNC;IAS_USR_PKG;IAS_USR_PKGYSPOS2GET_USR_NMI,CREATE/SAVE;UPDATE;DELETE/VOID;POST;PRINT,FMX_STRING_EVIDENCE,oracle_forms/deep_catalog/form_field_trigger_catalog.jsonl
POSLGN.fmx,POS,ONEX_POS_WINDOW_API,23,1,582,950,IAS_DBS_SYS_PKG;IAS_DBS_SYS_PKGYSPOS2ALTR_DBSIAS;IAS_DBS_SYS_PKGYSPOS2CHECK_OBJECTIAS;IAS_DBS_SYS_PKGYSPOS2CHECK_ST_OBJIAS;IAS_ENCDEC_PKG;IAS_ENCDEC_PKGIAS_SYS;IAS_ENCDEC_PKGIAS_SYSIAS_CALL_ENC_DATAIA;IAS_ENCDEC_PKGIAS_SYSIAS_GET_DEC_DATAIAS;IAS_ENCDEC_PKGIAS_SYSIAS_RAW_DEC;IAS_GEN_PKG;IAS_GEN_PKGYSPOS2GET_CURDATE;IAS_GEN_PKGYSPOS2GET_MSG;IAS_GEN_PKGYSPOS2GET_PROMPTI;IAS_USR_PKG;IAS_USR_PKGYSPOS2GET_USR_NMI;YS_GEN_PKG;YS_GEN_PKGYSPOS2CHK_ACTV_SYSTEMY,CREATE/SAVE,FMX_STRING_EVIDENCE,oracle_forms/deep_catalog/form_field_trigger_catalog.jsonl
POSR001.fmx,POS,ONEX_POS_WINDOW_API,14,2,253,387,IAS_GEN_PKG;IAS_GEN_PKGYSPOS2GET_FRST_DAYIAS;IAS_GEN_PKGYSPOS2GET_PROMPTI;IAS_GEN_PKGYSPOS2GET_SYSDATE;IAS_GET_ENC_PASS_FNC;IAS_USR_PKG;IAS_USR_PKGYSPOS2GET_USR_NMI,PRINT,FMX_STRING_EVIDENCE,oracle_forms/deep_catalog/form_field_trigger_catalog.jsonl
POSR002.fmx,POS,ONEX_POS_WINDOW_API,13,2,385,548,IAS_GEN_PKG;IAS_GEN_PKGYSPOS2GET_FRST_DAYIAS;IAS_GEN_PKGYSPOS2GET_PROMPTI;IAS_GEN_PKGYSPOS2GET_SYSDATE;IAS_GET_ENC_PASS_FNC;IAS_USR_PKG;IAS_USR_PKGYSPOS2GET_USR_NMI,PRINT,FMX_STRING_EVIDENCE,oracle_forms/deep_catalog/form_field_trigger_catalog.jsonl
POSR003.fmx,POS,ONEX_POS_WINDOW_API,11,2,140,252,IAS_GEN_PKG;IAS_GEN_PKGYSPOS2GET_CURDATE;IAS_GET_ENC_PASS_FNC;IAS_USR_PKG;IAS_USR_PKGYSPOS2GET_USR_NMI,PRINT,FMX_STRING_EVIDENCE,oracle_forms/deep_catalog/form_field_trigger_catalog.jsonl
POSR004.fmx,POS,ONEX_POS_WINDOW_API,14,2,205,313,IAS_GEN_PKG;IAS_GEN_PKGYSPOS2GET_FLG_NMI;IAS_GEN_PKGYSPOS2GET_FRST_DAYIAS;IAS_GEN_PKGYSPOS2GET_PROMPTI;IAS_GEN_PKGYSPOS2GET_SYSDATE;IAS_GET_ENC_PASS_FNC;IAS_USR_PKG;IAS_USR_PKGYSPOS2GET_USR_NMI,PRINT,FMX_STRING_EVIDENCE,oracle_forms/deep_catalog/form_field_trigger_catalog.jsonl
POSR005.fmx,POS,ONEX_POS_WINDOW_API,13,2,252,302,IAS_GEN_PKG;IAS_GEN_PKGYSPOS2GET_FRST_DAYIAS;IAS_GEN_PKGYSPOS2GET_PROMPTI;IAS_GEN_PKGYSPOS2GET_SYSDATE;IAS_GET_ENC_PASS_FNC;IAS_USR_PKG;IAS_USR_PKGYSPOS2GET_USR_NMI,PRINT,FMX_STRING_EVIDENCE,oracle_forms/deep_catalog/form_field_trigger_catalog.jsonl
POSR006.fmx,POS,ONEX_POS_WINDOW_API,12,2,242,299,IAS_GEN_PKG;IAS_GEN_PKGYSPOS2GET_CURDATE;IAS_GEN_PKGYSPOS2GET_FRST_DAYIAS;IAS_GET_ENC_PASS_FNC;IAS_USR_PKG;IAS_USR_PKGYSPOS2GET_USR_NMI,PRINT,FMX_STRING_EVIDENCE,oracle_forms/deep_catalog/form_field_trigger_catalog.jsonl
POSR007.fmx,POS,ONEX_POS_WINDOW_API,12,2,270,419,IAS_GEN_PKG;IAS_GEN_PKGYSPOS2GET_FRST_DAYIAS;IAS_GEN_PKGYSPOS2GET_SYSDATE;IAS_GET_ENC_PASS_FNC;IAS_USR_PKG;IAS_USR_PKGYSPOS2GET_USR_NMI,PRINT,FMX_STRING_EVIDENCE,oracle_forms/deep_catalog/form_field_trigger_catalog.jsonl
POSR008.fmx,POS,ONEX_POS_WINDOW_API,9,2,191,251,IAS_GET_ENC_PASS_FNC;IAS_USR_PKG;IAS_USR_PKGYSPOS2GET_USR_NMI,PRINT,FMX_STRING_EVIDENCE,oracle_forms/deep_catalog/form_field_trigger_catalog.jsonl
POSR009.fmx,POS,ONEX_POS_WINDOW_API,12,2,112,258,IAS_GEN_PKG;IAS_GEN_PKGYSPOS2GET_PROMPTI;IAS_GEN_PKGYSPOS2GET_SYSDATE;IAS_GET_ENC_PASS_FNC;IAS_USR_PKG;IAS_USR_PKGYSPOS2GET_USR_NMI,PRINT,FMX_STRING_EVIDENCE,oracle_forms/deep_catalog/form_field_trigger_catalog.jsonl
POSR010.fmx,POS,ONEX_POS_WINDOW_API,13,2,239,322,IAS_GEN_PKG;IAS_GEN_PKGYSPOS2GET_FRST_DAYIAS;IAS_GEN_PKGYSPOS2GET_PROMPTI;IAS_GEN_PKGYSPOS2GET_SYSDATE;IAS_GET_ENC_PASS_FNC;IAS_USR_PKG;IAS_USR_PKGYSPOS2GET_USR_NMI,PRINT,FMX_STRING_EVIDENCE,oracle_forms/deep_catalog/form_field_trigger_catalog.jsonl
POSR011.fmx,POS,ONEX_POS_WINDOW_API,14,2,272,367,IAS_GEN_PKG;IAS_GEN_PKGYSPOS2GET_FLG_NMI;IAS_GEN_PKGYSPOS2GET_FRST_DAYIAS;IAS_GEN_PKGYSPOS2GET_PROMPTI;IAS_GEN_PKGYSPOS2GET_SYSDATE;IAS_GET_ENC_PASS_FNC;IAS_USR_PKG;IAS_USR_PKGYSPOS2GET_USR_NMI,PRINT,FMX_STRING_EVIDENCE,oracle_forms/deep_catalog/form_field_trigger_catalog.jsonl
POSS001.fmx,POS,ONEX_POS_WINDOW_API,36,8,412,524,IAS_ACODE_PKG;IAS_ACODE_PKGYSPOS2GET_A_NAMEIAS;IAS_BRN_PKG;IAS_BRN_PKGYSPOS2GET_BR_NMIA;IAS_CSHBNK_PKG;IAS_CSHBNK_PKGYSPOS2GET_A_CODEIA;IAS_GEN_PKG;IAS_GEN_PKGYSPOS2GET_CURDATE;IAS_GEN_PKGYSPOS2GET_PROMPTI;IAS_GET_ENC_PASS_FNC;IAS_USR_PKG;IAS_USR_PKGYSPOS2CHK_USR_FRM_PRV;IAS_USR_PKGYSPOS2GET_USR_NMI;YS_GEN_PKG;YS_GEN_PKGYSPOS2GET_USR_FLD_PRVY,CREATE/SAVE;UPDATE;DELETE/VOID;POST;PRINT,FMX_STRING_EVIDENCE,oracle_forms/deep_catalog/form_field_trigger_catalog.jsonl
POSS002.fmx,POS,ONEX_POS_WINDOW_API,30,8,378,457,IAS_GEN_PKG;IAS_GEN_PKGYSPOS2GET_FLD_VALUEIA;IAS_GEN_PKGYSPOS2GET_PROMPTI;IAS_GET_ENC_PASS_FNC;IAS_USR_PKG;IAS_USR_PKGYSPOS2CHK_USR_FRM_PRV;IAS_USR_PKGYSPOS2GET_USR_NMI;YS_GEN_PKG;YS_GEN_PKGYSPOS2GET_USR_FLD_PRVY,CREATE/SAVE;UPDATE;DELETE/VOID;POST;PRINT,FMX_STRING_EVIDENCE,oracle_forms/deep_catalog/form_field_trigger_catalog.jsonl
POSS003.fmx,POS,ONEX_POS_WINDOW_API,30,8,154,370,IAS_GEN_PKG;IAS_GEN_PKGYSPOS2GET_PROMPTI;IAS_GET_ENC_PASS_FNC;IAS_USR_PKG;IAS_USR_PKGYSPOS2CHK_USR_FRM_PRV;IAS_USR_PKGYSPOS2GET_USR_NMI;YS_GEN_PKG;YS_GEN_PKGYSPOS2GET_FLD_VALUEYS_;YS_GEN_PKGYSPOS2GET_USR_FLD_PRVY,CREATE/SAVE;UPDATE;DELETE/VOID;POST;PRINT,FMX_STRING_EVIDENCE,oracle_forms/deep_catalog/form_field_trigger_catalog.jsonl
POST001.fmx,POS,ONEX_POS_WINDOW_API,87,8,1377,1830,IAS_BRN_PKG;IAS_BRN_PKGYSPOS2GET_CMP_NMI;IAS_CST_PKG;IAS_CST_PKGYSPOS2GET_ACODEIA;IAS_CST_PKGYSPOS2GET_CREDIT_LMTI;IAS_GEN_PKG;IAS_GEN_PKGYSPOS2GET_CNT;IAS_GEN_PKGYSPOS2GET_CURDATE;IAS_GEN_PKGYSPOS2GET_CUR_RATEIAS;IAS_GEN_PKGYSPOS2GET_HIGH_PRICEI;IAS_GEN_PKGYSPOS2GET_LOW_PRICEIA;IAS_GEN_PKGYSPOS2GET_MSG;IAS_GEN_PKGYSPOS2GET_PROMPTI;IAS_GET_ENC_PASS_FNC;IAS_GET_SALESDISC_PRC;IAS_GET_SALESDISC_PRCYSPOS2IAS_GET_SALESDISC_PRC;IAS_ITM_PKG;IAS_ITM_PKGYSPOS2CHECK_NOSALE_ITMIAS;IAS_ITM_PKGYSPOS2CHK_ICODE_UNITI;IAS_ITM_PKGYSPOS2GET_GRAND_WTAVG;IAS_ITM_PKGYSPOS2GET_ICODE_MIN_UNITI;IAS_ITM_PKGYSPOS2GET_ICODE_SALES_UNITIAS;IAS_ITM_PKGYSPOS2GET_ICODE_SIZE_UNIT;IAS_ITM_PKGYSPOS2GET_ICODE_UNIT_BY_LVLIA;IAS_ITM_PKGYSPOS2GET_I_CODEI;IAS_POS_DISTIBUTED_DB_PKG;IAS_POS_DISTIBUTED_DB_PKGYSPOS2GET_CHR_TOW_VALUE;IAS_POS_DISTIBUTED_DB_PKGYSPOS2GET_DATEI;IAS_POS_DISTIBUTED_DB_PKGYSPOS2UPDATE_CARD_IN_DB_LINKIAS;IAS_POS_DISTIBUTED_DB_PKGYSPOS2UPDATE_RTBILL_PAYED_IN_DB_LINKIAS;IAS_QT_PRM_PKG;IAS_QT_PRM_PKGYSPOS2IAS_GET_QT_PRMIA;IAS_QT_PRM_PKGYSPOS2IAS_GET_QT_PRM_METHODIAS;IAS_QT_PRM_SCR_PKG;IAS_SMS_MAIL_PKG;IAS_SMS_MAIL_PKGYSPOS2GET_MSG_TXT_FNCIAS;IAS_SMS_MAIL_PKGYSPOS2INSRT_MSG_ALRT_PRC;IAS_USR_PKG;IAS_USR_PKGYSPOS2CHK_USR_FRM_PRV;IAS_USR_PKGYSPOS2GET_USR_NMI,CREATE/SAVE;UPDATE;DELETE/VOID;POST;PRINT,FMX_STRING_EVIDENCE,oracle_forms/deep_catalog/form_field_trigger_catalog.jsonl
POST002.fmx,POS,ONEX_POS_WINDOW_API,65,8,917,1334,IAS_BRN_PKG;IAS_BRN_PKGYSPOS2GET_CMP_NMI;IAS_GEN_PKG;IAS_GEN_PKGYSPOS2GET_CNT;IAS_GEN_PKGYSPOS2GET_CURDATE;IAS_GEN_PKGYSPOS2GET_CUR_RATEIAS;IAS_GEN_PKGYSPOS2GET_MSG;IAS_GEN_PKGYSPOS2GET_PROMPTI;IAS_GET_ENC_PASS_FNC;IAS_GET_SALESDISC_PRC;IAS_GET_SALESDISC_PRCYSPOS2IAS_GET_SALESDISC_PRC;IAS_ITM_PKG;IAS_ITM_PKGYSPOS2CHK_ICODE_UNITI;IAS_ITM_PKGYSPOS2GET_ICODE_MIN_UNITI;IAS_ITM_PKGYSPOS2GET_ICODE_SALES_UNITIAS;IAS_ITM_PKGYSPOS2GET_ICODE_SIZE_UNIT;IAS_ITM_PKGYSPOS2GET_ICODE_UNIT_BY_LVLIA;IAS_ITM_PKGYSPOS2GET_I_CODEI;IAS_POS_DISTIBUTED_DB_PKG;IAS_POS_DISTIBUTED_DB_PKGYSPOS2GET_CHR_TOW_VALUE;IAS_POS_DISTIBUTED_DB_PKGYSPOS2GET_PRICE_FROM_BILLIA;IAS_QT_PRM_PKG;IAS_QT_PRM_PKGYSPOS2IAS_GET_QT_PRMIA;IAS_QT_PRM_PKGYSPOS2IAS_GET_QT_PRM_METHODIAS;IAS_QT_PRM_PKGYSPOS2IAS_GET_QT_PRM_TYPEI;IAS_QT_PRM_SCR_PKG;IAS_SMS_MAIL_PKG;IAS_SMS_MAIL_PKGYSPOS2GET_MSG_TXT_FNCIAS;IAS_SMS_MAIL_PKGYSPOS2INSRT_MSG_ALRT_PRC;IAS_USR_PKG;IAS_USR_PKGYSPOS2CHK_USR_FRM_PRV;IAS_USR_PKGYSPOS2GET_USR_NMI;IAS_WCODE_PKG;IAS_WCODE_PKGYSPOS2GET_WC_BRNIAS;YS_GEN_PKG;YS_GEN_PKGYSPOS2GET_PROMPTYS;YS_GEN_PKGYSPOS2GET_USR_FLD_PRVY,CREATE/SAVE;UPDATE;DELETE/VOID;POST;PRINT,FMX_STRING_EVIDENCE,oracle_forms/deep_catalog/form_field_trigger_catalog.jsonl
POST003.fmx,POS,ONEX_POS_WINDOW_API,38,8,491,736,IAS_GEN_PKG;IAS_GEN_PKGYSPOS2GET_PROMPTI;IAS_GEN_PKGYSPOS2GET_SYSDATE;IAS_GET_ENC_PASS_FNC;IAS_GET_QUT_PRM_PRICE_PRC;IAS_GET_QUT_PRM_PRICE_PRCYSPOS2IAS_GET_QUT_PRM_PRICE_PRC;IAS_ITM_PKG;IAS_ITM_PKGYSPOS2CHK_ICODE_UNITI;IAS_ITM_PKGYSPOS2GET_ICODE_UNIT_BY_LVLIA;IAS_ITM_PKGYSPOS2GET_I_CODEI;IAS_USR_PKG;IAS_USR_PKGYSPOS2CHK_USR_FRM_PRV;IAS_USR_PKGYSPOS2GET_USR_NMI;YS_GEN_PKG;YS_GEN_PKGYSPOS2GET_PROMPTYS;YS_GEN_PKGYSPOS2GET_USR_FLD_PRVY,CREATE/SAVE;UPDATE;DELETE/VOID;POST;PRINT,FMX_STRING_EVIDENCE,oracle_forms/deep_catalog/form_field_trigger_catalog.jsonl
POST004.fmx,POS,ONEX_POS_WINDOW_API,63,8,695,887,IAS_CC_CODE_PKG;IAS_CC_CODE_PKGIAS20142GET_CC_NO;IAS_CC_CODE_PKGIAS20142GET_CC_SERIAS;IAS_CHECK_DBS_PKG;IAS_CHECK_DBS_PKGIAS20142UPDATE_CPQTYIAS;IAS_CHECK_SYS_PKG;IAS_CHECK_SYS_PKGIAS20142CHECK_INV_CLOSE;IAS_DBS_SYS_PKG;IAS_DBS_SYS_PKGIAS20142CHECK_OBJECTI;IAS_GEN_PKG;IAS_GEN_PKGIAS20142GET_CNTIA;IAS_GEN_PKGIAS20142GET_CUR_RATEI;IAS_GEN_PKGIAS20142GET_FINAL_DAY;IAS_GEN_PKGIAS20142GET_MSGIA;IAS_GEN_PKGIAS20142GET_PROMPTIAS;IAS_GET_ENC_PASS_FNC;IAS_GET_ENC_PASS_FNCIAS20142IAS_GET_ENC_PASS_FNC;IAS_INSRT_OUT_BILLS_PKG;IAS_INSRT_OUT_BILLS_PKGIAS20142GET_OUT_NOIAS;IAS_INSRT_OUT_BILLS_PKGIAS20142GET_OUT_SERIA;IAS_INSRT_OUT_BILLS_PKGIAS20142INSRT_OUT_BILLSIA;IAS_ITM_INV_PKG;IAS_ITM_INV_PKGIAS20142INSRT_SALE_COSTIA;IAS_ITM_PKG;IAS_ITM_PKGIAS20142GET_ITM_ACTIVITYI;IAS_ITM_PKGIAS20142GET_ITM_ACTIVITY_WCODE_INFOIA;IAS_POST_IN_SAV_PKG;IAS_POST_IN_SAV_PKGIAS20142POST_DOC_IN_SAVIA;IAS_TRNS_PKG;IAS_TRNS_PKGIAS20142CALC_CHRGITM_SI_PRCI;IAS_TRNS_PKGIAS20142UPDATE_OTHR_CHRG;IAS_USR_PKG;IAS_USR_PKGIAS20142CHK_USR_FRM_PRVIA;IAS_USR_PKGIAS20142GET_USR_NMIAS;IAS_WCODE_PKG;IAS_WCODE_PKGIAS20142GET_WC_SERI;YS_GEN_PKG;YS_GEN_PKGIAS20142CHECK_DATE;YS_GEN_PKGIAS20142GET_USR_FLD_PRVYS_,CREATE/SAVE;UPDATE;DELETE/VOID;POST;PRINT,FMX_STRING_EVIDENCE,oracle_forms/deep_catalog/form_field_trigger_catalog.jsonl
POST005.fmx,POS,ONEX_POS_WINDOW_API,67,8,671,882,IAS_CC_CODE_PKG;IAS_CC_CODE_PKGIAS20142GET_CC_NO;IAS_CC_CODE_PKGIAS20142GET_CC_SERIAS;IAS_CHECK_SYS_PKG;IAS_CHECK_SYS_PKGIAS20142CHECK_INV_CLOSE;IAS_DBS_SYS_PKG;IAS_DBS_SYS_PKGIAS20142CHECK_OBJECTI;IAS_GEN_PKG;IAS_GEN_PKGIAS20142GET_CNTIA;IAS_GEN_PKGIAS20142GET_CUR_RATEI;IAS_GEN_PKGIAS20142GET_FINAL_DAY;IAS_GEN_PKGIAS20142GET_MSGIA;IAS_GEN_PKGIAS20142GET_PROMPTIAS;IAS_GET_ENC_PASS_FNC;IAS_GET_ENC_PASS_FNCIAS20142IAS_GET_ENC_PASS_FNC;IAS_INSRT_OUT_BILLS_PKG;IAS_INSRT_OUT_BILLS_PKGIAS20142GET_RET_NOIAS;IAS_INSRT_OUT_BILLS_PKGIAS20142GET_RET_SERIA;IAS_INSRT_OUT_BILLS_PKGIAS20142INSRT_RET_BILLSIA;IAS_ITM_INV_PKG;IAS_ITM_INV_PKGIAS20142INSRT_GR_DTLI;IAS_ITM_INV_PKGIAS20142INSRT_GR_MSTI;IAS_ITM_INV_PKGIAS20142INSRT_IAS_ITM_WCODEIA;IAS_ITM_INV_PKGIAS20142INSRT_ITEM_MOVEIA;IAS_ITM_PKG;IAS_ITM_PKGIAS20142GET_GRAND_WTAVGIA;IAS_ITM_PKGIAS20142GET_ICODE;IAS_ITM_PKGIAS20142GET_ICODE_MIN_UNITIAS;IAS_ITM_PKGIAS20142GET_ITM_ACTIVITYI;IAS_POST_IN_SAV_PKG;IAS_POST_IN_SAV_PKGIAS20142POST_DOC_IN_SAVIA;IAS_TRNS_PKG;IAS_TRNS_PKGIAS20142CALC_CHRGITM_SR_PRCI;IAS_USR_PKG;IAS_USR_PKGIAS20142CHK_USR_FRM_PRVIA;IAS_USR_PKGIAS20142GET_USR_APPRV;IAS_USR_PKGIAS20142GET_USR_NMIAS;IAS_WCODE_PKG;IAS_WCODE_PKGIAS20142GET_WC_SERI;YS_GEN_PKG,CREATE/SAVE;UPDATE;DELETE/VOID;POST;REVERSE/RETURN;PRINT,FMX_STRING_EVIDENCE,oracle_forms/deep_catalog/form_field_trigger_catalog.jsonl
POST006.fmx,POS,ONEX_POS_WINDOW_API,36,8,287,422,IAS_GEN_PKG;IAS_GEN_PKGYSPOS2GET_CURDATE;IAS_GEN_PKGYSPOS2GET_MSG;IAS_GEN_PKGYSPOS2GET_PROMPTI;IAS_GEN_PKGYSPOS2GET_USR_NMI;IAS_GET_ENC_PASS_FNC;IAS_POS_DISTIBUTED_DB_PKG;IAS_POS_DISTIBUTED_DB_PKGYSPOS2GET_PAYCASH_BILLNO_INFOIA;IAS_POS_DISTIBUTED_DB_PKGYSPOS2GET_PAYCASH_RTBILLNO_INFO;IAS_USR_PKG;IAS_USR_PKGYSPOS2CHK_USR_FRM_PRV;IAS_USR_PKGYSPOS2GET_USR_NMI;YS_GEN_PKG;YS_GEN_PKGYSPOS2GET_USR_FLD_PRVY,CREATE/SAVE;UPDATE;DELETE/VOID;POST;PRINT,FMX_STRING_EVIDENCE,oracle_forms/deep_catalog/form_field_trigger_catalog.jsonl
POST008.fmx,POS,ONEX_POS_WINDOW_API,57,9,680,883,IAS_GEN_PKG;IAS_GEN_PKGYSPOS2GET_CNT;IAS_GEN_PKGYSPOS2GET_CURDATE;IAS_GEN_PKGYSPOS2GET_FRST_DAYIAS;IAS_GEN_PKGYSPOS2GET_MSG;IAS_GEN_PKGYSPOS2GET_PROMPTI;IAS_GET_ENC_PASS_FNC;IAS_POS_DISTIBUTED_DB_PKG;IAS_POS_DISTIBUTED_DB_PKGYSPOS2UPDATE_CARD_IN_DB_LINKIAS;IAS_POS_INV_PKG;IAS_POS_INV_PKGYSPOS2INSRT_DETAIL_INV_SUB_TO_MAINIAS;IAS_POS_INV_PKGYSPOS2INSRT_MACHINE_DTL_SUB_TO_MAINIA;IAS_POS_PKG;IAS_POS_PKGYSPOS2CHK_POS_BILL_DTL_DIFFIA;IAS_POS_PKGYSPOS2CHK_POS_BILL_MST_DIFFIA;IAS_POS_PKGYSPOS2CHK_POS_RT_BILL_DTL_DIFFIAS;IAS_POS_PKGYSPOS2CHK_POS_RT_BILL_MST_DIFFIAS;IAS_POS_PKGYSPOS2INSERT_CASH_CUSTMRI;IAS_POS_PKGYSPOS2INSERT_POS_BILLSIAS;IAS_POS_PKGYSPOS2INSERT_POS_BILL_DTL_DIFFIAS;IAS_POS_PKGYSPOS2INSERT_POS_BILL_MST_DIFFIAS;IAS_POS_PKGYSPOS2INSERT_POS_MACHINEI;IAS_POS_PKGYSPOS2INSERT_POS_RT_BILLS;IAS_POS_PKGYSPOS2INSERT_POS_RT_BILL_DTL_DIFF;IAS_POS_PKGYSPOS2INSERT_POS_RT_BILL_MST_DIFF;IAS_POS_PKGYSPOS2MOVE_CASHIER_DEPOSITIAS;IAS_POS_PKGYSPOS2MOVE_RT_BILL_PAY_CASHIA;IAS_POS_PKGYSPOS2UPD_MACHINE_INFO_MAIN_TO_SUBIAS;IAS_POS_REQUEST_PKG;IAS_POS_REQUEST_PKGYSPOS2INSRT_OUT_REQUEST_SUB_TO_MAINIA;IAS_USR_PKG;IAS_USR_PKGYSPOS2CHK_USR_FRM_PRV;IAS_USR_PKGYSPOS2GET_USR_NMI,CREATE/SAVE;UPDATE;DELETE/VOID;POST;PRINT,FMX_STRING_EVIDENCE,oracle_forms/deep_catalog/form_field_trigger_catalog.jsonl
POST009.fmx,POS,ONEX_POS_WINDOW_API,32,8,131,408,IAS_GEN_PKG;IAS_GEN_PKGYSPOS2GET_CURDATE;IAS_GEN_PKGYSPOS2GET_FINAL_DAYIA;IAS_GEN_PKGYSPOS2GET_FRST_DAYIAS;IAS_GET_ENC_PASS_FNC;IAS_USR_PKG;IAS_USR_PKGYSPOS2CHK_USR_FRM_PRV;IAS_USR_PKGYSPOS2GET_USR_NMI;YS_GEN_PKG;YS_GEN_PKGYSPOS2GET_USR_FLD_PRVY,CREATE/SAVE;UPDATE;DELETE/VOID;POST;PRINT,FMX_STRING_EVIDENCE,oracle_forms/deep_catalog/form_field_trigger_catalog.jsonl
POST010.fmx,POS,ONEX_POS_WINDOW_API,34,8,251,489,IAS_GEN_PKG;IAS_GEN_PKGYSPOS2GET_CURDATE;IAS_GEN_PKGYSPOS2GET_USR_NMI;IAS_GET_ENC_PASS_FNC;IAS_ITM_PKG;IAS_ITM_PKGYSPOS2CHK_ICODE_UNITI;IAS_ITM_PKGYSPOS2GET_ICODE_UNIT_BY_LVLIA;IAS_USR_PKG;IAS_USR_PKGYSPOS2CHK_USR_FRM_PRV;IAS_USR_PKGYSPOS2GET_USR_NMI;YS_GEN_PKG;YS_GEN_PKGYSPOS2GET_USR_FLD_PRVY,CREATE/SAVE;UPDATE;DELETE/VOID;POST;PRINT,FMX_STRING_EVIDENCE,oracle_forms/deep_catalog/form_field_trigger_catalog.jsonl
POST011.fmx,POS,ONEX_POS_WINDOW_API,48,8,297,505,IAS_DBS_SYS_PKG;IAS_DBS_SYS_PKGIAS20142CHECK_OBJECTI;IAS_GEN_PKG;IAS_GEN_PKGIAS20142GET_FINAL_DAY;IAS_GEN_PKGIAS20142GET_FRST_DAYI;IAS_GEN_PKGIAS20142GET_MSGIA;IAS_GEN_PKGIAS20142GET_PROMPTIAS;IAS_GEN_PKGIAS20142GET_SYSDATEIA;IAS_GET_ENC_PASS_FNC;IAS_GET_ENC_PASS_FNCIAS20142IAS_GET_ENC_PASS_FNC;IAS_POSTING_PKG;IAS_POSTING_PKGIAS20142CHECK_ACODEIA;IAS_POSTING_PKGIAS20142INSRT_POST_DTLIAS;IAS_POSTING_PKGIAS20142INSRT_POST_MSTIAS;IAS_USR_PKG;IAS_USR_PKGIAS20142CHK_USR_FRM_PRVIA;IAS_USR_PKGIAS20142GET_USR_APPRV;IAS_USR_PKGIAS20142GET_USR_NMIAS;YS_GEN_PKG;YS_GEN_PKGIAS20142CHECK_DATE;YS_GEN_PKGIAS20142CHK_LOCK_RCRDY;YS_GEN_PKGIAS20142GET_USR_FLD_PRVYS_;YS_SRL_SCR_PKG;YS_SRL_SCR_PKGIAS20142GET_SYS_SQ,CREATE/SAVE;UPDATE;DELETE/VOID;POST;PRINT,FMX_STRING_EVIDENCE,oracle_forms/deep_catalog/form_field_trigger_catalog.jsonl
POST012.fmx,POS,ONEX_POS_WINDOW_API,31,8,232,451,IAS_GEN_PKG;IAS_GEN_PKGYSPOS2GET_LOCAL_CURIA;IAS_GEN_PKGYSPOS2GET_PROMPTI;IAS_GEN_PKGYSPOS2GET_SYSDATE;IAS_GET_ENC_PASS_FNC;IAS_USR_PKG;IAS_USR_PKGYSPOS2CHK_USR_FRM_PRV;IAS_USR_PKGYSPOS2GET_USR_NMI;YS_GEN_PKG;YS_GEN_PKGYSPOS2GET_USR_FLD_PRVY,CREATE/SAVE;UPDATE;DELETE/VOID;POST;PRINT,FMX_STRING_EVIDENCE,oracle_forms/deep_catalog/form_field_trigger_catalog.jsonl
POST013.fmx,POS,ONEX_POS_WINDOW_API,41,9,413,662,IAS_BRN_PKG;IAS_BRN_PKGYSPOS2GET_BR_CMPI;IAS_GEN_PKG;IAS_GEN_PKGYSPOS2GET_CURDATE;IAS_GEN_PKGYSPOS2GET_CUR_RATEIAS;IAS_GEN_PKGYSPOS2GET_DELETE_DOC_PERIODIA;IAS_GEN_PKGYSPOS2GET_FLD_VALUEIA;IAS_GEN_PKGYSPOS2GET_LOCAL_CURIA;IAS_GEN_PKGYSPOS2GET_MSG;IAS_GEN_PKGYSPOS2GET_PROMPTI;IAS_GEN_PKGYSPOS2GET_UPDATE_DOC_PERIODIA;IAS_GET_ENC_PASS_FNC;IAS_USR_PKG;IAS_USR_PKGYSPOS2CHK_USR_FRM_PRV;IAS_USR_PKGYSPOS2GET_USR_NMI;YS_GEN_PKG;YS_GEN_PKGYSPOS2GET_USR_FLD_PRVY,CREATE/SAVE;UPDATE;DELETE/VOID;POST;PRINT,FMX_STRING_EVIDENCE,oracle_forms/deep_catalog/form_field_trigger_catalog.jsonl
POST014.fmx,POS,ONEX_POS_WINDOW_API,27,8,164,347,IAS_GET_ENC_PASS_FNC;IAS_USR_PKG;IAS_USR_PKGYSPOS2CHK_USR_FRM_PRV;IAS_USR_PKGYSPOS2GET_USR_NMI;YS_GEN_PKG;YS_GEN_PKGYSPOS2GET_USR_FLD_PRVY,CREATE/SAVE;UPDATE;DELETE/VOID;POST;PRINT,FMX_STRING_EVIDENCE,oracle_forms/deep_catalog/form_field_trigger_catalog.jsonl
POST015.fmx,POS,ONEX_POS_WINDOW_API,43,8,365,521,IAS_ACODE_PKG;IAS_ACODE_PKGYSPOS2GET_AC_DTL_TYPIAS;IAS_ACODE_PKGYSPOS2GET_A_NAMEIAS;IAS_CHK_BRN_UP_DEL_FNC;IAS_CSHBNK_PKG;IAS_CSHBNK_PKGYSPOS2CHK_AC_CSH_BNKIA;IAS_CSHBNK_PKGYSPOS2GET_CB_NAMEI;IAS_CST_PKG;IAS_CST_PKGYSPOS2GET_C_NAMEI;IAS_GEN_PKG;IAS_GEN_PKGYSPOS2GET_CURDATE;IAS_GEN_PKGYSPOS2GET_DELETE_DOC_PERIODIA;IAS_GEN_PKGYSPOS2GET_MSG;IAS_GEN_PKGYSPOS2GET_PROMPTI;IAS_GEN_PKGYSPOS2GET_SYSDATE;IAS_GEN_PKGYSPOS2GET_USR_NMI;IAS_GET_ENC_PASS_FNC;IAS_USR_PKG;IAS_USR_PKGYSPOS2CHK_USR_FRM_PRV;IAS_USR_PKGYSPOS2GET_USR_NMI;YS_GEN_PKG;YS_GEN_PKGYSPOS2GET_USR_FLD_PRVY,CREATE/SAVE;UPDATE;DELETE/VOID;POST;PRINT,FMX_STRING_EVIDENCE,oracle_forms/deep_catalog/form_field_trigger_catalog.jsonl
POST016.fmx,POS,ONEX_POS_WINDOW_API,31,8,150,432,IAS_GET_ENC_PASS_FNC;IAS_ITM_PKG;IAS_ITM_PKGYSPOS2CHECK_NOSALE_ITMIAS;IAS_ITM_PKGYSPOS2GET_I_CODEI;IAS_USR_PKG;IAS_USR_PKGYSPOS2CHK_USR_FRM_PRV;IAS_USR_PKGYSPOS2GET_USR_NMI;YS_GEN_PKG;YS_GEN_PKGYSPOS2GET_USR_FLD_PRVY,CREATE/SAVE;UPDATE;DELETE/VOID;POST;PRINT,FMX_STRING_EVIDENCE,oracle_forms/deep_catalog/form_field_trigger_catalog.jsonl
POST017.fmx,POS,ONEX_POS_WINDOW_API,32,8,353,570,IAS_DBS_SYS_PKG;IAS_DBS_SYS_PKGYSPOS2CHECK_OBJECTIAS;IAS_GEN_PKG;IAS_GEN_PKGYSPOS2GET_PROMPTI;IAS_GET_ENC_PASS_FNC;IAS_USR_PKG;IAS_USR_PKGYSPOS2CHK_USR_FRM_PRV;IAS_USR_PKGYSPOS2GET_USR_NMI;YS_GEN_PKG;YS_GEN_PKGYSPOS2GET_USR_FLD_PRVY,CREATE/SAVE;UPDATE;DELETE/VOID;POST;PRINT,FMX_STRING_EVIDENCE,oracle_forms/deep_catalog/form_field_trigger_catalog.jsonl
POST018.fmx,POS,ONEX_POS_WINDOW_API,63,8,780,1088,IAS_AUD_SYS_PKG;IAS_AUD_SYS_PKGYSPOS2ADD_DOC_DEL;IAS_BRN_PKG;IAS_BRN_PKGYSPOS2GET_BR_CMPI;IAS_CHECK_SYS_PKG;IAS_CHECK_SYS_PKGYSPOS2CHECK_INV_CLOSEIA;IAS_DBS_SYS_PKG;IAS_DBS_SYS_PKGYSPOS2CHECK_OBJECTIAS;IAS_DBS_SYS_PKGYSPOS2GET_CONS_NAMEIA;IAS_DOC_SERIAL_PKG;IAS_DOC_SERIAL_PKGYSPOS2MACHINE_MAN_INV_SERIALIA;IAS_GEN_PKG;IAS_GEN_PKGYSPOS2GET_CNT;IAS_GEN_PKGYSPOS2GET_CURDATE;IAS_GEN_PKGYSPOS2GET_DELETE_DOC_PERIODIA;IAS_GEN_PKGYSPOS2GET_FLD_VALUEIA;IAS_GEN_PKGYSPOS2GET_LEV_PRV;IAS_GEN_PKGYSPOS2GET_ONE_WCODEIA;IAS_GEN_PKGYSPOS2GET_PROMPTI;IAS_GEN_PKGYSPOS2GET_SYSDATE;IAS_GEN_PKGYSPOS2GET_UPDATE_DOC_PERIODIA;IAS_GET_DOC_DEL_FNC;IAS_GET_DOC_DEL_FNCYSPOS2IAS_GET_DOC_DEL_FNC;IAS_GET_ENC_PASS_FNC;IAS_ITM_PKG;IAS_ITM_PKGYSPOS2CHECK_SRV_ITMIA;IAS_ITM_PKGYSPOS2CHK_ICODE_UNITI;IAS_ITM_PKGYSPOS2GET_ICODE_MIN_UNITI;IAS_ITM_PKGYSPOS2GET_ICODE_ONE_UNITI;IAS_ITM_PKGYSPOS2GET_ICODE_SIZE_UNIT;IAS_ITM_PKGYSPOS2GET_ICODE_UNIT_BY_LVLIA;IAS_ITM_PKGYSPOS2GET_I_CODEI;IAS_USR_PKG;IAS_USR_PKGYSPOS2CHK_USR_FRM_PRV;IAS_USR_PKGYSPOS2GET_USR_NMI;IAS_WCODE_PKG;IAS_WCODE_PKGYSPOS2GET_WC_BRNIAS;IAS_WT_PKG;YS_GEN_PKG;YS_GEN_PKGYSPOS2GET_USR_FLD_PRVY,CREATE/SAVE;UPDATE;DELETE/VOID;POST;PRINT,FMX_STRING_EVIDENCE,oracle_forms/deep_catalog/form_field_trigger_catalog.jsonl
POST019.fmx,POS,ONEX_POS_WINDOW_API,59,7,688,1069,IAS_AUD_SYS_PKG;IAS_AUD_SYS_PKGYSPOS2ADD_DOC_DEL;IAS_CHECK_SYS_PKG;IAS_CHECK_SYS_PKGYSPOS2CHECK_INV_CLOSEIA;IAS_DOC_SERIAL_PKG;IAS_DOC_SERIAL_PKGYSPOS2REQUEST_OUT_TRNSFR_SERIALIAS;IAS_GEN_PKG;IAS_GEN_PKGYSPOS2GET_CURDATE;IAS_GEN_PKGYSPOS2GET_DELETE_DOC_PERIODIA;IAS_GEN_PKGYSPOS2GET_FLD_VALUEIA;IAS_GEN_PKGYSPOS2GET_LEV_PRV;IAS_GEN_PKGYSPOS2GET_PROMPTI;IAS_GEN_PKGYSPOS2GET_SYSDATE;IAS_GEN_PKGYSPOS2GET_UPDATE_DOC_PERIODIA;IAS_GEN_PKGYSPOS2GET_USR_APPRVIA;IAS_GEN_PKGYSPOS2GET_USR_NMI;IAS_GET_DOC_DEL_FNC;IAS_GET_DOC_DEL_FNCYSPOS2IAS_GET_DOC_DEL_FNC;IAS_GET_ENC_PASS_FNC;IAS_ITM_PKG;IAS_ITM_PKGYSPOS2CHECK_SRV_ITMIA;IAS_ITM_PKGYSPOS2CHK_ICODE_UNITI;IAS_ITM_PKGYSPOS2GET_ICODE_ONE_UNITI;IAS_ITM_PKGYSPOS2GET_ICODE_SIZE_UNIT;IAS_ITM_PKGYSPOS2GET_ICODE_UNIT_BY_LVLIA;IAS_ITM_PKGYSPOS2GET_I_CODEI;IAS_USR_PKG;IAS_USR_PKGYSPOS2CHK_USR_FRM_PRV;IAS_USR_PKGYSPOS2GET_USR_NMI;IAS_WCODE_PKG;IAS_WCODE_PKGYSPOS2GET_WC_BRNIAS;IAS_WT_PKG;YS_APPRVD_PKG;YS_APPRVD_PKGYSPOS2DEL_APPRVD_LVLYS_;YS_APPRVD_PKGYSPOS2INSRT_APPRVD_LVLY;YS_GEN_PKG;YS_GEN_PKGYSPOS2GET_USR_FLD_PRVY,CREATE/SAVE;UPDATE;DELETE/VOID;POST;PRINT,FMX_STRING_EVIDENCE,oracle_forms/deep_catalog/form_field_trigger_catalog.jsonl
POST020.fmx,POS,ONEX_POS_WINDOW_API,39,8,408,673,IAS_GEN_PKG;IAS_GEN_PKGYSPOS2GET_MSG;IAS_GET_ENC_PASS_FNC;IAS_GET_QUT_PRM_PRICE_PRC;IAS_GET_QUT_PRM_PRICE_PRCYSPOS2IAS_GET_QUT_PRM_PRICE_PRC;IAS_ITM_PKG;IAS_ITM_PKGYSPOS2CHK_ICODE_UNITI;IAS_ITM_PKGYSPOS2GET_ICODE_UNIT_BY_LVLIA;IAS_USR_PKG;IAS_USR_PKGYSPOS2CHK_USR_FRM_PRV;IAS_USR_PKGYSPOS2GET_USR_NMI;YS_GEN_PKG;YS_GEN_PKGYSPOS2GET_USR_FLD_PRVY,CREATE/SAVE;UPDATE;DELETE/VOID;POST;PRINT,FMX_STRING_EVIDENCE,oracle_forms/deep_catalog/form_field_trigger_catalog.jsonl
POST021.fmx,POS,ONEX_POS_WINDOW_API,31,8,274,403,IAS_GEN_PKG;IAS_GET_ENC_PASS_FNC;IAS_USR_PKG;IAS_USR_PKGYSPOS2CHK_USR_FRM_PRV;IAS_USR_PKGYSPOS2GET_USR_NMI;YS_GEN_PKG;YS_GEN_PKGYSPOS2GET_CURDATEY;YS_GEN_PKGYSPOS2GET_FINAL_DAYYS_;YS_GEN_PKGYSPOS2GET_USR_FLD_PRVY,CREATE/SAVE;UPDATE;DELETE/VOID;POST;PRINT,FMX_STRING_EVIDENCE,oracle_forms/deep_catalog/form_field_trigger_catalog.jsonl
POST022.fmx,POS,ONEX_POS_WINDOW_API,39,8,385,595,IAS_CHK_BRN_UP_DEL_FNC;IAS_GEN_PKG;IAS_GEN_PKGYSPOS2GET_CNT;IAS_GEN_PKGYSPOS2GET_CURDATE;IAS_GEN_PKGYSPOS2GET_DELETE_DOC_PERIODIA;IAS_GEN_PKGYSPOS2GET_SYSDATE;IAS_GEN_PKGYSPOS2GET_UPDATE_DOC_PERIODIA;IAS_GET_ENC_PASS_FNC;IAS_ITM_PKG;IAS_ITM_PKGYSPOS2CHK_ICODE_UNITI;IAS_ITM_PKGYSPOS2GET_ICODE_SALES_UNITIAS;IAS_ITM_PKGYSPOS2GET_ICODE_SIZE_UNIT;IAS_ITM_PKGYSPOS2GET_I_CODEI;IAS_USR_PKG;IAS_USR_PKGYSPOS2GET_USR_NMI;IAS_WCODE_PKG;IAS_WCODE_PKGYSPOS2GET_WC_BRNIAS,CREATE/SAVE;UPDATE;DELETE/VOID;POST;PRINT,FMX_STRING_EVIDENCE,oracle_forms/deep_catalog/form_field_trigger_catalog.jsonl
POST_WST.fmx,POS,ONEX_POS_WINDOW_API,0,0,0,16,,READ/REVIEW,FMX_STRING_EVIDENCE,oracle_forms/deep_catalog/form_field_trigger_catalog.jsonl
POS_INSTALL.fmx,POS,ONEX_POS_WINDOW_API,47,2,1418,1747,IAS_DBS_SYS_PKG;IAS_DBS_SYS_PKGYSPOS2ALTR_DBSIAS;IAS_DBS_SYS_PKGYSPOS2CHECK_OBJECTIAS;IAS_DBS_SYS_PKGYSPOS2CHECK_ST_OBJIAS;IAS_GEN_PKG;IAS_GEN_PKGYSPOS2GET_CNT;IAS_GEN_PKGYSPOS2GET_FIELDSI;IAS_GEN_PKGYSPOS2GET_USR_ADM;IAS_GET_ALL_FLD_TBL_FNC;IAS_INSRT_S_MSG_PRC;IAS_INSRT_S_MSG_PRCIAS_SYS;IAS_INSRT_S_MSG_PRCIAS_SYSIAS_INSRT_S_MSG_PRCIAS;IAS_POS_PKG;IAS_POS_PKGYSPOS2INSERT_POS_MACHINEI;YS_GEN_PKG;YS_GEN_PKGYSPOS2CHK_ACTV_SYSTEMY,CREATE/SAVE;UPDATE,FMX_STRING_EVIDENCE,oracle_forms/deep_catalog/form_field_trigger_catalog.jsonl
REMI001.fmx,ADMIN,ONEX_ADMIN_WINDOW_API,46,8,701,946,IAS_ACODE_PKG;IAS_ACODE_PKGIAS20142GET_A_NAMEI;IAS_GEN_PKG;IAS_GEN_PKGIAS20142GET_CURDATEIA;IAS_GEN_PKGIAS20142GET_FRM_PRVIA;IAS_GEN_PKGIAS20142GET_FRST_DAYI;IAS_GEN_PKGIAS20142GET_PROMPTIAS;IAS_GET_ENC_PASS_FNC;IAS_GET_ENC_PASS_FNCIAS20142IAS_GET_ENC_PASS_FNC;IAS_PRMTR_PKG;IAS_PRMTR_PKGIAS20142GETPVAL;IAS_USR_PKG;IAS_USR_PKGIAS20142CHK_USR_FRM_PRVIA;IAS_USR_PKGIAS20142GET_USR_APPRV;IAS_USR_PKGIAS20142GET_USR_NMIAS;YS_GEN_PKG;YS_GEN_PKGIAS20142CHK_LOCK_RCRDY;YS_GEN_PKGIAS20142GET_CNTYS_;YS_GEN_PKGIAS20142GET_USR_FLD_PRVYS_;YS_SRL_SCR_PKG;YS_SRL_SCR_PKGIAS20142GET_SYS_SQ,CREATE/SAVE;UPDATE;DELETE/VOID;POST;PRINT,FMX_STRING_EVIDENCE,oracle_forms/deep_catalog/form_field_trigger_catalog.jsonl
REMI003.fmx,ADMIN,ONEX_ADMIN_WINDOW_API,38,8,353,648,IAS_ACODE_PKG;IAS_ACODE_PKGIAS20142GET_A_NAMEI;IAS_CC_CODE_PKG;IAS_CC_CODE_PKGIAS20142GET_CC_NAMEIA;IAS_GET_ENC_PASS_FNC;IAS_GET_ENC_PASS_FNCIAS20142IAS_GET_ENC_PASS_FNC;IAS_USR_PKG;IAS_USR_PKGIAS20142CHK_USR_FRM_PRVIA;IAS_USR_PKGIAS20142GET_USR_APPRV;IAS_USR_PKGIAS20142GET_USR_NMIAS;YS_GEN_PKG;YS_GEN_PKGIAS20142CHK_LOCK_RCRDY;YS_GEN_PKGIAS20142GET_CNTYS_;YS_GEN_PKGIAS20142GET_USR_FLD_PRVYS_;YS_SRL_SCR_PKG;YS_SRL_SCR_PKGIAS20142GET_SYS_SQ,CREATE/SAVE;UPDATE;DELETE/VOID;POST;PRINT,FMX_STRING_EVIDENCE,oracle_forms/deep_catalog/form_field_trigger_catalog.jsonl
REMI010.fmx,ADMIN,ONEX_ADMIN_WINDOW_API,54,8,923,1086,IAS_CHECK_SYS_PKG;IAS_CHECK_SYS_PKGIAS20142CHECK_BT_DATEIA;IAS_CSHBNK_PKG;IAS_CSHBNK_PKGIAS20142CHK_AC_CSH_BNK;IAS_DBS_SYS_PKG;IAS_DBS_SYS_PKGIAS20142CHECK_OBJECTI;IAS_GEN_PKG;IAS_GEN_PKGIAS20142GET_CNTIA;IAS_GEN_PKGIAS20142GET_CODE_NMIA;IAS_GEN_PKGIAS20142GET_CURDATEIA;IAS_GEN_PKGIAS20142GET_FLD_VALUE;IAS_GEN_PKGIAS20142GET_FLG_NMIAS;IAS_GEN_PKGIAS20142GET_FRM_PRVIA;IAS_GEN_PKGIAS20142GET_FRST_DAYI;IAS_GEN_PKGIAS20142GET_MSGIA;IAS_GEN_PKGIAS20142GET_PROMPTIAS;IAS_GEN_PKGIAS20142GET_USR_NMIAS;IAS_GET_ENC_PASS_FNC;IAS_GET_ENC_PASS_FNCIAS20142IAS_GET_ENC_PASS_FNC;IAS_PRIVILEGE_PKG;IAS_PRIVILEGE_PKGIAS20142INSRT_USR_PRV_PRCIA;IAS_USR_PKG;IAS_USR_PKGIAS20142CHK_USR_CST_PRVIA;IAS_USR_PKGIAS20142CHK_USR_FRM_PRVIA;IAS_USR_PKGIAS20142GET_USR_APPRV;IAS_USR_PKGIAS20142GET_USR_NMIAS;YS_AC_DTL_PKG;YS_AC_DTL_PKGIAS20142GET_AC_DTL_TYPY;YS_GEN_PKG;YS_GEN_PKGIAS20142GET_PROMPT;YS_GEN_PKGIAS20142GET_USR_FLD_PRVYS_,CREATE/SAVE;UPDATE;DELETE/VOID;POST;PRINT,FMX_STRING_EVIDENCE,oracle_forms/deep_catalog/form_field_trigger_catalog.jsonl
REMIMPXLS_REAL.fmx,ADMIN,ONEX_ADMIN_WINDOW_API,35,8,212,415,IAS_GEN_PKG;IAS_GEN_PKGIAS20142GET_PROMPTIAS;IAS_GET_ENC_PASS_FNC;IAS_GET_ENC_PASS_FNCIAS20142IAS_GET_ENC_PASS_FNC;IAS_USR_PKG;IAS_USR_PKGIAS20142CHK_USR_FRM_PRVIA;IAS_USR_PKGIAS20142GET_USR_APPRV;IAS_USR_PKGIAS20142GET_USR_NMIAS;YS_GEN_PKG;YS_GEN_PKGIAS20142CHK_LOCK_RCRDY;YS_GEN_PKGIAS20142GET_USR_FLD_PRVYS_;YS_SRL_SCR_PKG;YS_SRL_SCR_PKGIAS20142GET_SYS_SQ,CREATE/SAVE;UPDATE;DELETE/VOID;POST;PRINT,FMX_STRING_EVIDENCE,oracle_forms/deep_catalog/form_field_trigger_catalog.jsonl
REMR003.fmx,ADMIN,ONEX_ADMIN_WINDOW_API,11,2,279,452,IAS_GET_ENC_PASS_FNC;IAS_GET_ENC_PASS_FNCIAS20142IAS_GET_ENC_PASS_FNC;IAS_USR_PKG;IAS_USR_PKGIAS20142GET_USR_NMIAS,PRINT,FMX_STRING_EVIDENCE,oracle_forms/deep_catalog/form_field_trigger_catalog.jsonl
REMR005.fmx,ADMIN,ONEX_ADMIN_WINDOW_API,17,2,208,284,IAS_CC_CODE_PKG;IAS_CC_CODE_PKGIAS20142GET_CC_NAMEIA;IAS_GEN_PKG;IAS_GEN_PKGIAS20142GET_PROMPTIAS;IAS_GET_ENC_PASS_FNC;IAS_GET_ENC_PASS_FNCIAS20142IAS_GET_ENC_PASS_FNC;IAS_USR_PKG;IAS_USR_PKGIAS20142GET_USR_NMIAS;YS_GEN_PKG;YS_GEN_PKGIAS20142GET_FINAL_DAYY;YS_GEN_PKGIAS20142GET_FRST_DAYYS,PRINT,FMX_STRING_EVIDENCE,oracle_forms/deep_catalog/form_field_trigger_catalog.jsonl
REMR006.fmx,ADMIN,ONEX_ADMIN_WINDOW_API,14,2,183,270,IAS_CHECK_SYS_PKG;IAS_CHECK_SYS_PKGIAS20142CHECK_BT_VALUEI;IAS_GET_ENC_PASS_FNC;IAS_GET_ENC_PASS_FNCIAS20142IAS_GET_ENC_PASS_FNC;IAS_USR_PKG;IAS_USR_PKGIAS20142GET_USR_NMIAS,PRINT,FMX_STRING_EVIDENCE,oracle_forms/deep_catalog/form_field_trigger_catalog.jsonl
REMR008.fmx,ADMIN,ONEX_ADMIN_WINDOW_API,14,2,180,279,IAS_CHECK_SYS_PKG;IAS_CHECK_SYS_PKGIAS20142CHECK_BT_VALUEI;IAS_GET_ENC_PASS_FNC;IAS_GET_ENC_PASS_FNCIAS20142IAS_GET_ENC_PASS_FNC;IAS_USR_PKG;IAS_USR_PKGIAS20142GET_USR_NMIAS,PRINT,FMX_STRING_EVIDENCE,oracle_forms/deep_catalog/form_field_trigger_catalog.jsonl
REMR009.fmx,ADMIN,ONEX_ADMIN_WINDOW_API,14,2,176,275,IAS_CHECK_SYS_PKG;IAS_CHECK_SYS_PKGIAS20142CHECK_BT_VALUEI;IAS_GET_ENC_PASS_FNC;IAS_GET_ENC_PASS_FNCIAS20142IAS_GET_ENC_PASS_FNC;IAS_USR_PKG;IAS_USR_PKGIAS20142GET_USR_NMIAS,PRINT,FMX_STRING_EVIDENCE,oracle_forms/deep_catalog/form_field_trigger_catalog.jsonl
REMR010.fmx,ADMIN,ONEX_ADMIN_WINDOW_API,14,2,183,275,IAS_CHECK_SYS_PKG;IAS_CHECK_SYS_PKGIAS20142CHECK_BT_VALUEI;IAS_GET_ENC_PASS_FNC;IAS_GET_ENC_PASS_FNCIAS20142IAS_GET_ENC_PASS_FNC;IAS_USR_PKG;IAS_USR_PKGIAS20142GET_USR_NMIAS,PRINT,FMX_STRING_EVIDENCE,oracle_forms/deep_catalog/form_field_trigger_catalog.jsonl
REMR012.fmx,ADMIN,ONEX_ADMIN_WINDOW_API,14,2,134,276,IAS_CHECK_SYS_PKG;IAS_CHECK_SYS_PKGIAS20142CHECK_BT_VALUEI;IAS_GET_ENC_PASS_FNC;IAS_GET_ENC_PASS_FNCIAS20142IAS_GET_ENC_PASS_FNC;IAS_USR_PKG;IAS_USR_PKGIAS20142GET_USR_NMIAS,PRINT,FMX_STRING_EVIDENCE,oracle_forms/deep_catalog/form_field_trigger_catalog.jsonl
REMR014.fmx,ADMIN,ONEX_ADMIN_WINDOW_API,14,2,178,265,IAS_CHECK_SYS_PKG;IAS_CHECK_SYS_PKGIAS20142CHECK_BT_VALUEI;IAS_GET_ENC_PASS_FNC;IAS_GET_ENC_PASS_FNCIAS20142IAS_GET_ENC_PASS_FNC;IAS_USR_PKG;IAS_USR_PKGIAS20142GET_USR_NMIAS,PRINT,FMX_STRING_EVIDENCE,oracle_forms/deep_catalog/form_field_trigger_catalog.jsonl
REMR020.fmx,ADMIN,ONEX_ADMIN_WINDOW_API,14,2,181,266,IAS_CHECK_SYS_PKG;IAS_CHECK_SYS_PKGIAS20142CHECK_BT_VALUEI;IAS_GET_ENC_PASS_FNC;IAS_GET_ENC_PASS_FNCIAS20142IAS_GET_ENC_PASS_FNC;IAS_USR_PKG;IAS_USR_PKGIAS20142GET_USR_NMIAS,PRINT,FMX_STRING_EVIDENCE,oracle_forms/deep_catalog/form_field_trigger_catalog.jsonl
REMR022.fmx,ADMIN,ONEX_ADMIN_WINDOW_API,12,2,159,271,IAS_GET_ENC_PASS_FNC;IAS_GET_ENC_PASS_FNCIAS20142IAS_GET_ENC_PASS_FNC;IAS_USR_PKG;IAS_USR_PKGIAS20142GET_USR_NMIAS,PRINT,FMX_STRING_EVIDENCE,oracle_forms/deep_catalog/form_field_trigger_catalog.jsonl
REMR030.fmx,ADMIN,ONEX_ADMIN_WINDOW_API,14,2,189,300,IAS_CHECK_SYS_PKG;IAS_CHECK_SYS_PKGIAS20142CHECK_BT_VALUEI;IAS_GET_ENC_PASS_FNC;IAS_GET_ENC_PASS_FNCIAS20142IAS_GET_ENC_PASS_FNC;IAS_USR_PKG;IAS_USR_PKGIAS20142GET_USR_NMIAS,PRINT,FMX_STRING_EVIDENCE,oracle_forms/deep_catalog/form_field_trigger_catalog.jsonl
REMR031.fmx,ADMIN,ONEX_ADMIN_WINDOW_API,15,2,252,437,IAS_CHECK_SYS_PKG;IAS_CHECK_SYS_PKGIAS20142CHECK_BT_VALUEI;IAS_GET_ENC_PASS_FNC;IAS_GET_ENC_PASS_FNCIAS20142IAS_GET_ENC_PASS_FNC;IAS_USR_PKG;IAS_USR_PKGIAS20142GET_USR_NMIAS,PRINT,FMX_STRING_EVIDENCE,oracle_forms/deep_catalog/form_field_trigger_catalog.jsonl
REMR032.fmx,ADMIN,ONEX_ADMIN_WINDOW_API,13,2,306,453,IAS_CHECK_SYS_PKG;IAS_CHECK_SYS_PKGIAS20142CHECK_BT_VALUEI;IAS_GET_ENC_PASS_FNC;IAS_GET_ENC_PASS_FNCIAS20142IAS_GET_ENC_PASS_FNC;IAS_USR_PKG;IAS_USR_PKGIAS20142GET_USR_NMIAS,PRINT,FMX_STRING_EVIDENCE,oracle_forms/deep_catalog/form_field_trigger_catalog.jsonl
REMR033.fmx,ADMIN,ONEX_ADMIN_WINDOW_API,13,2,203,427,IAS_CHECK_SYS_PKG;IAS_CHECK_SYS_PKGIAS20142CHECK_BT_VALUEI;IAS_GET_ENC_PASS_FNC;IAS_GET_ENC_PASS_FNCIAS20142IAS_GET_ENC_PASS_FNC;IAS_USR_PKG;IAS_USR_PKGIAS20142GET_USR_NMIAS,PRINT,FMX_STRING_EVIDENCE,oracle_forms/deep_catalog/form_field_trigger_catalog.jsonl
REMS001.fmx,ADMIN,ONEX_ADMIN_WINDOW_API,35,8,183,394,IAS_DBS_SYS_PKG;IAS_DBS_SYS_PKGIAS20142GET_CONS_NAME;IAS_GET_ENC_PASS_FNC;IAS_GET_ENC_PASS_FNCIAS20142IAS_GET_ENC_PASS_FNC;IAS_USR_PKG;IAS_USR_PKGIAS20142CHK_USR_FRM_PRVIA;IAS_USR_PKGIAS20142GET_USR_APPRV;IAS_USR_PKGIAS20142GET_USR_NMIAS;YS_GEN_PKG;YS_GEN_PKGIAS20142CHK_LOCK_RCRDY;YS_GEN_PKGIAS20142GET_USR_FLD_PRVYS_;YS_SRL_SCR_PKG;YS_SRL_SCR_PKGIAS20142GET_SYS_SQ,CREATE/SAVE;UPDATE;DELETE/VOID;POST;PRINT,FMX_STRING_EVIDENCE,oracle_forms/deep_catalog/form_field_trigger_catalog.jsonl
REMS004.fmx,ADMIN,ONEX_ADMIN_WINDOW_API,35,8,237,566,IAS_GET_ENC_PASS_FNC;IAS_GET_ENC_PASS_FNCIAS20142IAS_GET_ENC_PASS_FNC;IAS_USR_PKG;IAS_USR_PKGIAS20142CHK_USR_FRM_PRVIA;IAS_USR_PKGIAS20142GET_USR_APPRV;IAS_USR_PKGIAS20142GET_USR_NMIAS;YS_GEN_PKG;YS_GEN_PKGIAS20142CHK_LOCK_RCRDY;YS_GEN_PKGIAS20142GET_CNTYS_;YS_GEN_PKGIAS20142GET_USR_FLD_PRVYS_;YS_SRL_SCR_PKG;YS_SRL_SCR_PKGIAS20142GET_SYS_SQ,CREATE/SAVE;UPDATE;DELETE/VOID;POST;PRINT,FMX_STRING_EVIDENCE,oracle_forms/deep_catalog/form_field_trigger_catalog.jsonl
REMS006.fmx,ADMIN,ONEX_ADMIN_WINDOW_API,36,8,321,571,IAS_GET_ENC_PASS_FNC;IAS_GET_ENC_PASS_FNCIAS20142IAS_GET_ENC_PASS_FNC;IAS_PRMTR_PKG;IAS_PRMTR_PKGIAS20142GETPVAL;IAS_USR_PKG;IAS_USR_PKGIAS20142CHK_USR_FRM_PRVIA;IAS_USR_PKGIAS20142GET_USR_APPRV;IAS_USR_PKGIAS20142GET_USR_NMIAS;YS_GEN_PKG;YS_GEN_PKGIAS20142CHK_LOCK_RCRDY;YS_GEN_PKGIAS20142GET_CNTYS_;YS_GEN_PKGIAS20142GET_USR_FLD_PRVYS_;YS_SRL_SCR_PKG;YS_SRL_SCR_PKGIAS20142GET_SYS_SQ,CREATE/SAVE;UPDATE;DELETE/VOID;POST;PRINT,FMX_STRING_EVIDENCE,oracle_forms/deep_catalog/form_field_trigger_catalog.jsonl
REMS008.fmx,ADMIN,ONEX_ADMIN_WINDOW_API,34,8,304,401,IAS_ACODE_PKG;IAS_ACODE_PKGIAS20142GET_A_NAMEI;IAS_GEN_PKG;IAS_GEN_PKGIAS20142GET_LOCAL_CUR;IAS_GET_ENC_PASS_FNC;IAS_GET_ENC_PASS_FNCIAS20142IAS_GET_ENC_PASS_FNC;IAS_USR_PKG;IAS_USR_PKGIAS20142CHK_USR_FRM_PRVIA;IAS_USR_PKGIAS20142GET_USR_APPRV;IAS_USR_PKGIAS20142GET_USR_NMIAS;YS_GEN_PKG;YS_GEN_PKGIAS20142CHK_LOCK_RCRDY;YS_GEN_PKGIAS20142GET_CNTYS_;YS_GEN_PKGIAS20142GET_USR_FLD_PRVYS_,CREATE/SAVE;UPDATE;DELETE/VOID;POST;PRINT,FMX_STRING_EVIDENCE,oracle_forms/deep_catalog/form_field_trigger_catalog.jsonl
REMS010.fmx,ADMIN,ONEX_ADMIN_WINDOW_API,33,10,71,352,IAS_GET_ENC_PASS_FNC;IAS_GET_ENC_PASS_FNCIAS20142IAS_GET_ENC_PASS_FNC;IAS_USR_PKG;IAS_USR_PKGIAS20142CHK_USR_FRM_PRVIA;IAS_USR_PKGIAS20142GET_USR_APPRV;IAS_USR_PKGIAS20142GET_USR_NMIAS;YS_GEN_PKG;YS_GEN_PKGIAS20142CHK_LOCK_RCRDY;YS_GEN_PKGIAS20142GET_USR_FLD_PRVYS_;YS_SRL_SCR_PKG;YS_SRL_SCR_PKGIAS20142GET_SYS_SQ,CREATE/SAVE;UPDATE;DELETE/VOID;POST;PRINT,FMX_STRING_EVIDENCE,oracle_forms/deep_catalog/form_field_trigger_catalog.jsonl
REMS011.fmx,ADMIN,ONEX_ADMIN_WINDOW_API,33,8,336,412,IAS_GET_ENC_PASS_FNC;IAS_GET_ENC_PASS_FNCIAS20142IAS_GET_ENC_PASS_FNC;IAS_USR_PKG;IAS_USR_PKGIAS20142CHK_USR_FRM_PRVIA;IAS_USR_PKGIAS20142GET_USR_APPRV;IAS_USR_PKGIAS20142GET_USR_NMIAS;YS_GEN_PKG;YS_GEN_PKGIAS20142CHK_LOCK_RCRDY;YS_GEN_PKGIAS20142GET_USR_FLD_PRVYS_;YS_SRL_SCR_PKG;YS_SRL_SCR_PKGIAS20142GET_SYS_SQ,CREATE/SAVE;UPDATE;DELETE/VOID;POST;PRINT,FMX_STRING_EVIDENCE,oracle_forms/deep_catalog/form_field_trigger_catalog.jsonl
REMT001.fmx,ADMIN,ONEX_ADMIN_WINDOW_API,59,8,769,1252,IAS_ACODE_PKG;IAS_ACTV_PKG;IAS_ACTV_PKGIAS20142CHK_ACTV;IAS_ACTV_PKGIAS20142CHK_PRIV_ACTVIAS;IAS_AUD_SYS_PKG;IAS_AUD_SYS_PKGIAS20142ADD_DOC_DELIA;IAS_CHECK_SYS_PKG;IAS_CHECK_SYS_PKGIAS20142CHECK_CUR_RATEI;IAS_GEN_PKG;IAS_GEN_PKGIAS20142GET_CURDATEIA;IAS_GEN_PKGIAS20142GET_CUR_RATEI;IAS_GEN_PKGIAS20142GET_DELETE_DOC_PERIOD;IAS_GEN_PKGIAS20142GET_FRM_PRVIA;IAS_GEN_PKGIAS20142GET_FRST_DAYI;IAS_GEN_PKGIAS20142GET_PROMPTIAS;IAS_GEN_PKGIAS20142GET_USR_NMIAS;IAS_GET_DOC_DEL_FNC;IAS_GET_ENC_PASS_FNC;IAS_GET_ENC_PASS_FNCIAS20142IAS_GET_ENC_PASS_FNC;IAS_USR_PKG;IAS_USR_PKGIAS20142CHK_USR_FRM_PRVIA;IAS_USR_PKGIAS20142GET_USR_APPRV;IAS_USR_PKGIAS20142GET_USR_NMIAS;YS_GEN_PKG;YS_GEN_PKGIAS20142GET_CNTYS_;YS_GEN_PKGIAS20142GET_FINAL_DAYY;YS_GEN_PKGIAS20142GET_UPDATE_DOC_PERIODY;YS_GEN_PKGIAS20142GET_USR_FLD_PRVYS_;YS_SRL_SCR_PKG;YS_SRL_SCR_PKGIAS20142GET_SYS_SQ,CREATE/SAVE;UPDATE;DELETE/VOID;POST;PRINT,FMX_STRING_EVIDENCE,oracle_forms/deep_catalog/form_field_trigger_catalog.jsonl
REMT003.fmx,ADMIN,ONEX_ADMIN_WINDOW_API,56,8,642,927,IAS_ACODE_PKG;IAS_ACTV_PKG;IAS_ACTV_PKGIAS20142CHK_ACTV;IAS_ACTV_PKGIAS20142CHK_PRIV_ACTVIAS;IAS_AUD_SYS_PKG;IAS_AUD_SYS_PKGIAS20142ADD_DOC_DELIA;IAS_CHECK_SYS_PKG;IAS_CHECK_SYS_PKGIAS20142CHECK_CUR_RATEI;IAS_GEN_PKG;IAS_GEN_PKGIAS20142GET_CURDATEIA;IAS_GEN_PKGIAS20142GET_CUR_RATEI;IAS_GEN_PKGIAS20142GET_DELETE_DOC_PERIOD;IAS_GEN_PKGIAS20142GET_FRST_DAYI;IAS_GEN_PKGIAS20142GET_PROMPTIAS;IAS_GET_DOC_DEL_FNC;IAS_GET_ENC_PASS_FNC;IAS_GET_ENC_PASS_FNCIAS20142IAS_GET_ENC_PASS_FNC;IAS_USR_PKG;IAS_USR_PKGIAS20142CHK_USR_FRM_PRVIA;IAS_USR_PKGIAS20142GET_USR_APPRV;IAS_USR_PKGIAS20142GET_USR_NMIAS;YS_GEN_PKG;YS_GEN_PKGIAS20142GET_CNTYS_;YS_GEN_PKGIAS20142GET_UPDATE_DOC_PERIODY;YS_GEN_PKGIAS20142GET_USR_FLD_PRVYS_;YS_SRL_SCR_PKG;YS_SRL_SCR_PKGIAS20142GET_SYS_SQ,CREATE/SAVE;UPDATE;DELETE/VOID;POST;PRINT,FMX_STRING_EVIDENCE,oracle_forms/deep_catalog/form_field_trigger_catalog.jsonl
REMT004.fmx,ADMIN,ONEX_ADMIN_WINDOW_API,47,8,561,815,IAS_CHECK_SYS_PKG;IAS_CHECK_SYS_PKGIAS20142CHECK_CUR_RATEI;IAS_GEN_PKG;IAS_GEN_PKGIAS20142GET_CUR_RATEI;IAS_GEN_PKGIAS20142GET_DELETE_DOC_PERIOD;IAS_GEN_PKGIAS20142GET_PROMPTIAS;IAS_GET_DOC_DEL_FNC;IAS_GET_ENC_PASS_FNC;IAS_GET_ENC_PASS_FNCIAS20142IAS_GET_ENC_PASS_FNC;IAS_USR_PKG;IAS_USR_PKGIAS20142CHK_USR_FRM_PRVIA;IAS_USR_PKGIAS20142GET_USR_APPRV;IAS_USR_PKGIAS20142GET_USR_NMIAS;YS_GEN_PKG;YS_GEN_PKGIAS20142CHK_LOCK_RCRDY;YS_GEN_PKGIAS20142GET_UPDATE_DOC_PERIODY;YS_GEN_PKGIAS20142GET_USR_FLD_PRVYS_;YS_SRL_SCR_PKG;YS_SRL_SCR_PKGIAS20142GET_SYS_SQ,CREATE/SAVE;UPDATE;DELETE/VOID;POST;PRINT,FMX_STRING_EVIDENCE,oracle_forms/deep_catalog/form_field_trigger_catalog.jsonl
REMT005.fmx,ADMIN,ONEX_ADMIN_WINDOW_API,49,8,457,734,IAS_AUD_SYS_PKG;IAS_AUD_SYS_PKGIAS20142ADD_DOC_DELIA;IAS_GEN_PKG;IAS_GEN_PKGIAS20142GET_CURDATEIA;IAS_GEN_PKGIAS20142GET_DELETE_DOC_PERIOD;IAS_GET_DOC_DEL_FNC;IAS_GET_ENC_PASS_FNC;IAS_GET_ENC_PASS_FNCIAS20142IAS_GET_ENC_PASS_FNC;IAS_USR_PKG;IAS_USR_PKGIAS20142CHK_USR_FRM_PRVIA;IAS_USR_PKGIAS20142GET_USR_APPRV;IAS_USR_PKGIAS20142GET_USR_NMIAS;YS_GEN_PKG;YS_GEN_PKGIAS20142GET_CNTYS_;YS_GEN_PKGIAS20142GET_UPDATE_DOC_PERIODY;YS_GEN_PKGIAS20142GET_USR_FLD_PRVYS_;YS_SRL_SCR_PKG;YS_SRL_SCR_PKGIAS20142GET_SYS_SQ,CREATE/SAVE;UPDATE;DELETE/VOID;POST;PRINT,FMX_STRING_EVIDENCE,oracle_forms/deep_catalog/form_field_trigger_catalog.jsonl
REMT006.fmx,ADMIN,ONEX_ADMIN_WINDOW_API,46,8,504,656,IAS_AUD_SYS_PKG;IAS_AUD_SYS_PKGIAS20142ADD_DOC_DELIA;IAS_CHECK_SYS_PKG;IAS_CHECK_SYS_PKGIAS20142CHECK_CUR_RATEI;IAS_GEN_PKG;IAS_GEN_PKGIAS20142GET_CURDATEIA;IAS_GEN_PKGIAS20142GET_CUR_RATEI;IAS_GET_ENC_PASS_FNC;IAS_GET_ENC_PASS_FNCIAS20142IAS_GET_ENC_PASS_FNC;IAS_USR_PKG;IAS_USR_PKGIAS20142CHK_USR_FRM_PRVIA;IAS_USR_PKGIAS20142GET_USR_APPRV;IAS_USR_PKGIAS20142GET_USR_NMIAS;YS_APPRVD_PKG;YS_APPRVD_PKGIAS20142DEL_APPRVD_LVLY;YS_APPRVD_PKGIAS20142INSRT_APPRVD_LVLYS_;YS_GEN_PKG;YS_GEN_PKGIAS20142CHK_LOCK_RCRDY;YS_GEN_PKGIAS20142GET_USR_FLD_PRVYS_;YS_SRL_SCR_PKG;YS_SRL_SCR_PKGIAS20142GET_SYS_SQ,CREATE/SAVE;UPDATE;DELETE/VOID;POST;PRINT,FMX_STRING_EVIDENCE,oracle_forms/deep_catalog/form_field_trigger_catalog.jsonl
REMT010.fmx,ADMIN,ONEX_ADMIN_WINDOW_API,52,8,606,785,IAS_ACODE_PKG;IAS_ACODE_PKGIAS20142GET_A_NAMEI;IAS_AUD_SYS_PKG;IAS_AUD_SYS_PKGIAS20142ADD_DOC_DELIA;IAS_GEN_PKG;IAS_GEN_PKGIAS20142GET_CURDATEIA;IAS_GEN_PKGIAS20142GET_DELETE_DOC_PERIOD;IAS_GEN_PKGIAS20142GET_UPDATE_DOC_PERIOD;IAS_GET_DOC_DEL_FNC;IAS_GET_ENC_PASS_FNC;IAS_GET_ENC_PASS_FNCIAS20142IAS_GET_ENC_PASS_FNC;IAS_USR_PKG;IAS_USR_PKGIAS20142CHK_USR_FRM_PRVIA;IAS_USR_PKGIAS20142GET_USR_APPRV;IAS_USR_PKGIAS20142GET_USR_NMIAS;YS_GEN_PKG;YS_GEN_PKGIAS20142GET_CNTYS_;YS_GEN_PKGIAS20142GET_UPDATE_DOC_PERIODY;YS_GEN_PKGIAS20142GET_USR_FLD_PRVYS_;YS_SRL_SCR_PKG;YS_SRL_SCR_PKGIAS20142GET_SYS_SQ,CREATE/SAVE;UPDATE;DELETE/VOID;POST;PRINT,FMX_STRING_EVIDENCE,oracle_forms/deep_catalog/form_field_trigger_catalog.jsonl
REMT011.fmx,ADMIN,ONEX_ADMIN_WINDOW_API,47,8,529,828,IAS_CHECK_SYS_PKG;IAS_CHECK_SYS_PKGIAS20142CHECK_CUR_RATEI;IAS_GEN_PKG;IAS_GEN_PKGIAS20142GET_CUR_RATEI;IAS_GEN_PKGIAS20142GET_DELETE_DOC_PERIOD;IAS_GEN_PKGIAS20142GET_PROMPTIAS;IAS_GET_DOC_DEL_FNC;IAS_GET_ENC_PASS_FNC;IAS_GET_ENC_PASS_FNCIAS20142IAS_GET_ENC_PASS_FNC;IAS_USR_PKG;IAS_USR_PKGIAS20142CHK_USR_FRM_PRVIA;IAS_USR_PKGIAS20142GET_USR_APPRV;IAS_USR_PKGIAS20142GET_USR_NMIAS;YS_GEN_PKG;YS_GEN_PKGIAS20142CHK_LOCK_RCRDY;YS_GEN_PKGIAS20142GET_UPDATE_DOC_PERIODY;YS_GEN_PKGIAS20142GET_USR_FLD_PRVYS_;YS_SRL_SCR_PKG;YS_SRL_SCR_PKGIAS20142GET_SYS_SQ,CREATE/SAVE;UPDATE;DELETE/VOID;POST;PRINT,FMX_STRING_EVIDENCE,oracle_forms/deep_catalog/form_field_trigger_catalog.jsonl
REMT012.fmx,ADMIN,ONEX_ADMIN_WINDOW_API,38,8,310,651,IAS_GEN_PKG;IAS_GEN_PKGIAS20142GET_PROMPTIAS;IAS_GET_ENC_PASS_FNC;IAS_GET_ENC_PASS_FNCIAS20142IAS_GET_ENC_PASS_FNC;IAS_USR_PKG;IAS_USR_PKGIAS20142CHK_USR_FRM_PRVIA;IAS_USR_PKGIAS20142GET_USR_APPRV;IAS_USR_PKGIAS20142GET_USR_NMIAS;YS_GEN_PKG;YS_GEN_PKGIAS20142CHK_LOCK_RCRDY;YS_GEN_PKGIAS20142GET_USR_FLD_PRVYS_;YS_SRL_SCR_PKG;YS_SRL_SCR_PKGIAS20142GET_SYS_SQ,CREATE/SAVE;UPDATE;DELETE/VOID;POST;PRINT,FMX_STRING_EVIDENCE,oracle_forms/deep_catalog/form_field_trigger_catalog.jsonl
REMT014.fmx,ADMIN,ONEX_ADMIN_WINDOW_API,46,8,346,610,IAS_AUD_SYS_PKG;IAS_AUD_SYS_PKGIAS20142ADD_DOC_DELIA;IAS_GEN_PKG;IAS_GEN_PKGIAS20142GET_CURDATEIA;IAS_GEN_PKGIAS20142GET_DELETE_DOC_PERIOD;IAS_GET_DOC_DEL_FNC;IAS_GET_ENC_PASS_FNC;IAS_GET_ENC_PASS_FNCIAS20142IAS_GET_ENC_PASS_FNC;IAS_USR_PKG;IAS_USR_PKGIAS20142CHK_USR_FRM_PRVIA;IAS_USR_PKGIAS20142GET_USR_APPRV;IAS_USR_PKGIAS20142GET_USR_NMIAS;YS_GEN_PKG;YS_GEN_PKGIAS20142GET_CNTYS_;YS_GEN_PKGIAS20142GET_USR_FLD_PRVYS_;YS_SRL_SCR_PKG;YS_SRL_SCR_PKGIAS20142GET_SYS_SQ,CREATE/SAVE;UPDATE;DELETE/VOID;POST;PRINT,FMX_STRING_EVIDENCE,oracle_forms/deep_catalog/form_field_trigger_catalog.jsonl
REMT015.fmx,ADMIN,ONEX_ADMIN_WINDOW_API,38,8,320,591,IAS_GEN_PKG;IAS_GEN_PKGIAS20142GET_FRM_PRVIA;IAS_GET_ENC_PASS_FNC;IAS_GET_ENC_PASS_FNCIAS20142IAS_GET_ENC_PASS_FNC;IAS_USR_PKG;IAS_USR_PKGIAS20142CHK_USR_FRM_PRVIA;IAS_USR_PKGIAS20142GET_USR_APPRV;IAS_USR_PKGIAS20142GET_USR_NMIAS;YS_GEN_PKG;YS_GEN_PKGIAS20142CHK_LOCK_RCRDY;YS_GEN_PKGIAS20142GET_USR_FLD_PRVYS_;YS_SRL_SCR_PKG;YS_SRL_SCR_PKGIAS20142GET_SYS_SQ,CREATE/SAVE;UPDATE;DELETE/VOID;POST;PRINT,FMX_STRING_EVIDENCE,oracle_forms/deep_catalog/form_field_trigger_catalog.jsonl
REMT020.fmx,ADMIN,ONEX_ADMIN_WINDOW_API,49,8,483,725,IAS_AUD_SYS_PKG;IAS_AUD_SYS_PKGIAS20142ADD_DOC_DELIA;IAS_CHECK_SYS_PKG;IAS_CHECK_SYS_PKGIAS20142CHECK_CUR_RATEI;IAS_GEN_PKG;IAS_GEN_PKGIAS20142GET_CURDATEIA;IAS_GEN_PKGIAS20142GET_CUR_RATEI;IAS_GEN_PKGIAS20142GET_DELETE_DOC_PERIOD;IAS_GEN_PKGIAS20142GET_SYSDATEIA;IAS_GEN_PKGIAS20142GET_UPDATE_DOC_PERIOD;IAS_GET_DOC_DEL_FNC;IAS_GET_ENC_PASS_FNC;IAS_GET_ENC_PASS_FNCIAS20142IAS_GET_ENC_PASS_FNC;IAS_USR_PKG;IAS_USR_PKGIAS20142CHK_USR_FRM_PRVIA;IAS_USR_PKGIAS20142GET_USR_APPRV;IAS_USR_PKGIAS20142GET_USR_NMIAS;YS_GEN_PKG;YS_GEN_PKGIAS20142GET_USR_FLD_PRVYS_;YS_SRL_SCR_PKG;YS_SRL_SCR_PKGIAS20142GET_SYS_SQ,CREATE/SAVE;UPDATE;DELETE/VOID;POST;PRINT,FMX_STRING_EVIDENCE,oracle_forms/deep_catalog/form_field_trigger_catalog.jsonl
REMT022.fmx,ADMIN,ONEX_ADMIN_WINDOW_API,52,8,342,654,IAS_ACODE_PKG;IAS_ACODE_PKGIAS20142CHK_AC_CODE;IAS_ACODE_PKGIAS20142GET_CNT_ACY;IAS_ACODE_PKGIAS20142GET_ONE_ACY_ACI;IAS_AUD_SYS_PKG;IAS_AUD_SYS_PKGIAS20142ADD_DOC_DELIA;IAS_CHECK_SYS_PKG;IAS_CHECK_SYS_PKGIAS20142CHECK_CUR_RATEI;IAS_GEN_PKG;IAS_GEN_PKGIAS20142GET_CURDATEIA;IAS_GEN_PKGIAS20142GET_CUR_RATEI;IAS_GET_DOC_DEL_FNC;IAS_GET_ENC_PASS_FNC;IAS_GET_ENC_PASS_FNCIAS20142IAS_GET_ENC_PASS_FNC;IAS_USR_PKG;IAS_USR_PKGIAS20142CHK_USR_FRM_PRVIA;IAS_USR_PKGIAS20142GET_USR_APPRV;IAS_USR_PKGIAS20142GET_USR_NMIAS;YS_AC_DTL_PKG;YS_AC_DTL_PKGIAS20142CHK_AC_DTLY;YS_AC_DTL_PKGIAS20142GET_AC_DTL_TYPY;YS_APPRVD_PKG;YS_APPRVD_PKGIAS20142DEL_APPRVD_LVLY;YS_APPRVD_PKGIAS20142INSRT_APPRVD_LVLYS_;YS_GEN_PKG;YS_GEN_PKGIAS20142GET_USR_FLD_PRVYS_;YS_SRL_SCR_PKG;YS_SRL_SCR_PKGIAS20142GET_SYS_SQ,CREATE/SAVE;UPDATE;DELETE/VOID;POST;PRINT,FMX_STRING_EVIDENCE,oracle_forms/deep_catalog/form_field_trigger_catalog.jsonl
REMT024.fmx,ADMIN,ONEX_ADMIN_WINDOW_API,37,8,266,612,IAS_GET_ENC_PASS_FNC;IAS_GET_ENC_PASS_FNCIAS20142IAS_GET_ENC_PASS_FNC;IAS_USR_PKG;IAS_USR_PKGIAS20142CHK_USR_FRM_PRVIA;IAS_USR_PKGIAS20142GET_USR_APPRV;IAS_USR_PKGIAS20142GET_USR_NMIAS;YS_GEN_PKG;YS_GEN_PKGIAS20142CHK_LOCK_RCRDY;YS_GEN_PKGIAS20142GET_USR_FLD_PRVYS_;YS_SRL_SCR_PKG;YS_SRL_SCR_PKGIAS20142GET_SYS_SQ,CREATE/SAVE;UPDATE;DELETE/VOID;POST;PRINT,FMX_STRING_EVIDENCE,oracle_forms/deep_catalog/form_field_trigger_catalog.jsonl
REMT025.fmx,ADMIN,ONEX_ADMIN_WINDOW_API,36,8,290,594,IAS_GET_ENC_PASS_FNC;IAS_GET_ENC_PASS_FNCIAS20142IAS_GET_ENC_PASS_FNC;IAS_USR_PKG;IAS_USR_PKGIAS20142CHK_USR_FRM_PRVIA;IAS_USR_PKGIAS20142GET_USR_APPRV;IAS_USR_PKGIAS20142GET_USR_NMIAS;YS_GEN_PKG;YS_GEN_PKGIAS20142CHK_LOCK_RCRDY;YS_GEN_PKGIAS20142GET_USR_FLD_PRVYS_;YS_SRL_SCR_PKG;YS_SRL_SCR_PKGIAS20142GET_SYS_SQ,CREATE/SAVE;UPDATE;DELETE/VOID;POST;PRINT,FMX_STRING_EVIDENCE,oracle_forms/deep_catalog/form_field_trigger_catalog.jsonl
REMT030.fmx,ADMIN,ONEX_ADMIN_WINDOW_API,35,8,200,496,IAS_GEN_PKG;IAS_GEN_PKGIAS20142GET_FLG_NMIAS;IAS_GET_ENC_PASS_FNC;IAS_GET_ENC_PASS_FNCIAS20142IAS_GET_ENC_PASS_FNC;IAS_USR_PKG;IAS_USR_PKGIAS20142CHK_USR_FRM_PRVIA;IAS_USR_PKGIAS20142GET_USR_APPRV;IAS_USR_PKGIAS20142GET_USR_NMIAS;YS_GEN_PKG;YS_GEN_PKGIAS20142CHK_LOCK_RCRDY;YS_GEN_PKGIAS20142GET_USR_FLD_PRVYS_;YS_SRL_SCR_PKG;YS_SRL_SCR_PKGIAS20142GET_SYS_SQ,CREATE/SAVE;UPDATE;DELETE/VOID;POST;PRINT,FMX_STRING_EVIDENCE,oracle_forms/deep_catalog/form_field_trigger_catalog.jsonl
REM_ALRTS001.fmx,ADMIN,ONEX_ADMIN_WINDOW_API,33,8,68,367,IAS_GET_ENC_PASS_FNC;IAS_GET_ENC_PASS_FNCIAS20142IAS_GET_ENC_PASS_FNC;IAS_USR_PKG;IAS_USR_PKGIAS20142CHK_USR_FRM_PRVIA;IAS_USR_PKGIAS20142GET_USR_APPRV;IAS_USR_PKGIAS20142GET_USR_NMIAS;YS_GEN_PKG;YS_GEN_PKGIAS20142CHK_LOCK_RCRDY;YS_GEN_PKGIAS20142GET_USR_FLD_PRVYS_;YS_SRL_SCR_PKG;YS_SRL_SCR_PKGIAS20142GET_SYS_SQ,CREATE/SAVE;UPDATE;DELETE/VOID;POST;PRINT,FMX_STRING_EVIDENCE,oracle_forms/deep_catalog/form_field_trigger_catalog.jsonl
REQFRMWEB.fmx,ADMIN,ONEX_ADMIN_WINDOW_API,3,1,123,265,,READ/REVIEW,FMX_STRING_EVIDENCE,oracle_forms/deep_catalog/form_field_trigger_catalog.jsonl
REST001.fmx,ADMIN,ONEX_ADMIN_WINDOW_API,74,8,905,1175,IAS_ATTACH_ITM_PKG;IAS_ATTACH_ITM_PKGIAS20142GET_ATTACH_NAMEIAS;IAS_CC_CODE_PKG;IAS_CC_CODE_PKGIAS20142GET_CC_NO;IAS_CC_CODE_PKGIAS20142GET_CC_SERIAS;IAS_CHECK_SYS_PKG;IAS_CHECK_SYS_PKGIAS20142CHECK_BT_DATEIA;IAS_CHECK_SYS_PKGIAS20142CHECK_BT_VALUEI;IAS_CST_PKG;IAS_DOC_SERIAL_PKG;IAS_DOC_SERIAL_PKGIAS20142TRANSFER_OUT_SERIALIAS;IAS_GEN_PKG;IAS_GEN_PKGIAS20142GET_CNTIA;IAS_GEN_PKGIAS20142GET_CURDATEIA;IAS_GEN_PKGIAS20142GET_CUR_RATEI;IAS_GEN_PKGIAS20142GET_FRST_DAYI;IAS_GEN_PKGIAS20142GET_MSGIA;IAS_GEN_PKGIAS20142GET_PROMPTIAS;IAS_GEN_PKGIAS20142GET_STK_CURIA;IAS_GET_ENC_PASS_FNC;IAS_GET_ENC_PASS_FNCIAS20142IAS_GET_ENC_PASS_FNC;IAS_INSRT_OUT_BILLS_PKG;IAS_INSRT_OUT_BILLS_PKGIAS20142GET_OUT_NOIAS;IAS_INSRT_OUT_BILLS_PKGIAS20142GET_OUT_SERIA;IAS_INSRT_OUT_BILLS_PKGIAS20142GET_RET_NOIAS;IAS_INSRT_OUT_BILLS_PKGIAS20142GET_RET_SERIA;IAS_INSRT_OUT_BILLS_PKGIAS20142INSRT_OUT_BILLSIA;IAS_INSRT_OUT_BILLS_PKGIAS20142INSRT_RET_BILLSIA;IAS_ITM_INV_PKG;IAS_ITM_INV_PKGIAS20142GET_ITM_COSTI;IAS_ITM_INV_PKGIAS20142INSRT_GR_DTLI;IAS_ITM_INV_PKGIAS20142INSRT_GR_MSTI;IAS_ITM_INV_PKGIAS20142INSRT_IAS_ITM_WCODEIA;IAS_ITM_INV_PKGIAS20142INSRT_ITEM_MOVEIA;IAS_ITM_INV_PKGIAS20142INSRT_SALE_COSTIA;IAS_ITM_PKG;IAS_ITM_PKGIAS20142GET_GRAND_WTAVGIA;IAS_ITM_PKGIAS20142GET_ICODE_MIN_UNITIAS;IAS_POSTING_PKG;IAS_POSTING_PKGIAS20142GET_INTRFC_CODEIA,CREATE/SAVE;UPDATE;DELETE/VOID;POST;REVERSE/RETURN;PRINT,FMX_STRING_EVIDENCE,oracle_forms/deep_catalog/form_field_trigger_catalog.jsonl
SEC001.fmx,ADMIN,ONEX_ADMIN_WINDOW_API,33,8,174,337,IAS_GET_ENC_PASS_FNC;IAS_GET_ENC_PASS_FNCIAS20142IAS_GET_ENC_PASS_FNC;IAS_USR_PKG;IAS_USR_PKGIAS20142CHK_USR_FRM_PRVIA;IAS_USR_PKGIAS20142GET_USR_APPRV;IAS_USR_PKGIAS20142GET_USR_NMIAS;YS_GEN_PKG;YS_GEN_PKGIAS20142CHK_LOCK_RCRDY;YS_GEN_PKGIAS20142GET_USR_FLD_PRVYS_;YS_SRL_SCR_PKG;YS_SRL_SCR_PKGIAS20142GET_SYS_SQ,CREATE/SAVE;UPDATE;DELETE/VOID;POST;PRINT,FMX_STRING_EVIDENCE,oracle_forms/deep_catalog/form_field_trigger_catalog.jsonl
SEC002.fmx,ADMIN,ONEX_ADMIN_WINDOW_API,32,8,199,331,IAS_GET_ENC_PASS_FNC;IAS_GET_ENC_PASS_FNCIAS20142IAS_GET_ENC_PASS_FNC;IAS_USR_PKG;IAS_USR_PKGIAS20142CHK_USR_FRM_PRVIA;IAS_USR_PKGIAS20142GET_USR_APPRV;IAS_USR_PKGIAS20142GET_USR_NMIAS;YS_GEN_PKG;YS_GEN_PKGIAS20142GET_USR_FLD_PRVYS_;YS_SRL_SCR_PKG;YS_SRL_SCR_PKGIAS20142GET_SYS_SQ,CREATE/SAVE;UPDATE;DELETE/VOID;POST;PRINT,FMX_STRING_EVIDENCE,oracle_forms/deep_catalog/form_field_trigger_catalog.jsonl
SEC003.fmx,ADMIN,ONEX_ADMIN_WINDOW_API,33,8,95,331,IAS_GET_ENC_PASS_FNC;IAS_GET_ENC_PASS_FNCIAS20142IAS_GET_ENC_PASS_FNC;IAS_USR_PKG;IAS_USR_PKGIAS20142CHK_USR_FRM_PRVIA;IAS_USR_PKGIAS20142GET_USR_APPRV;IAS_USR_PKGIAS20142GET_USR_NMIAS;YS_GEN_PKG;YS_GEN_PKGIAS20142CHK_LOCK_RCRDY;YS_GEN_PKGIAS20142GET_USR_FLD_PRVYS_;YS_SRL_SCR_PKG;YS_SRL_SCR_PKGIAS20142GET_SYS_SQ,CREATE/SAVE;UPDATE;DELETE/VOID;POST;PRINT,FMX_STRING_EVIDENCE,oracle_forms/deep_catalog/form_field_trigger_catalog.jsonl
SEC004.fmx,ADMIN,ONEX_ADMIN_WINDOW_API,35,8,180,415,IAS_GEN_PKG;IAS_GEN_PKGIAS20142GET_PROMPTIAS;IAS_GET_ENC_PASS_FNC;IAS_GET_ENC_PASS_FNCIAS20142IAS_GET_ENC_PASS_FNC;IAS_USR_PKG;IAS_USR_PKGIAS20142CHK_USR_FRM_PRVIA;IAS_USR_PKGIAS20142GET_USR_APPRV;IAS_USR_PKGIAS20142GET_USR_NMIAS;YS_GEN_PKG;YS_GEN_PKGIAS20142CHK_LOCK_RCRDY;YS_GEN_PKGIAS20142GET_USR_FLD_PRVYS_;YS_SRL_SCR_PKG;YS_SRL_SCR_PKGIAS20142GET_SYS_SQ,CREATE/SAVE;UPDATE;DELETE/VOID;POST;PRINT,FMX_STRING_EVIDENCE,oracle_forms/deep_catalog/form_field_trigger_catalog.jsonl
SEC005.fmx,ADMIN,ONEX_ADMIN_WINDOW_API,33,8,96,338,IAS_GET_ENC_PASS_FNC;IAS_GET_ENC_PASS_FNCIAS20142IAS_GET_ENC_PASS_FNC;IAS_USR_PKG;IAS_USR_PKGIAS20142CHK_USR_FRM_PRVIA;IAS_USR_PKGIAS20142GET_USR_APPRV;IAS_USR_PKGIAS20142GET_USR_NMIAS;YS_GEN_PKG;YS_GEN_PKGIAS20142CHK_LOCK_RCRDY;YS_GEN_PKGIAS20142GET_USR_FLD_PRVYS_;YS_SRL_SCR_PKG;YS_SRL_SCR_PKGIAS20142GET_SYS_SQ,CREATE/SAVE;UPDATE;DELETE/VOID;POST;PRINT,FMX_STRING_EVIDENCE,oracle_forms/deep_catalog/form_field_trigger_catalog.jsonl
SECFM10.fmx,ADMIN,ONEX_ADMIN_WINDOW_API,1,0,79,195,,READ/REVIEW,FMX_STRING_EVIDENCE,oracle_forms/deep_catalog/form_field_trigger_catalog.jsonl
SHLI001.fmx,ADMIN,ONEX_ADMIN_WINDOW_API,37,8,492,685,IAS_GET_ENC_PASS_FNC;IAS_GET_ENC_PASS_FNCIAS20142IAS_GET_ENC_PASS_FNC;IAS_USR_PKG;IAS_USR_PKGIAS20142CHK_USR_FRM_PRVIA;IAS_USR_PKGIAS20142GET_USR_APPRV;IAS_USR_PKGIAS20142GET_USR_NMIAS;YS_GEN_PKG;YS_GEN_PKGIAS20142GET_USR_FLD_PRVYS_;YS_SRL_SCR_PKG;YS_SRL_SCR_PKGIAS20142GET_SYS_SQ,CREATE/SAVE;UPDATE;DELETE/VOID;POST;PRINT,FMX_STRING_EVIDENCE,oracle_forms/deep_catalog/form_field_trigger_catalog.jsonl
SHLI002.fmx,ADMIN,ONEX_ADMIN_WINDOW_API,37,8,225,532,IAS_GET_ENC_PASS_FNC;IAS_GET_ENC_PASS_FNCIAS20142IAS_GET_ENC_PASS_FNC;IAS_USR_PKG;IAS_USR_PKGIAS20142CHK_USR_FRM_PRVIA;IAS_USR_PKGIAS20142GET_USR_APPRV;IAS_USR_PKGIAS20142GET_USR_NMIAS;YS_GEN_PKG;YS_GEN_PKGIAS20142CHK_LOCK_RCRDY;YS_GEN_PKGIAS20142GET_USR_FLD_PRVYS_;YS_SRL_SCR_PKG;YS_SRL_SCR_PKGIAS20142GET_SYS_SQ,CREATE/SAVE;UPDATE;DELETE/VOID;POST;PRINT,FMX_STRING_EVIDENCE,oracle_forms/deep_catalog/form_field_trigger_catalog.jsonl
SHLI003.fmx,ADMIN,ONEX_ADMIN_WINDOW_API,38,8,204,560,IAS_GEN_PKG;IAS_GEN_PKGIAS20142GET_FLG_NMIAS;IAS_GET_ENC_PASS_FNC;IAS_GET_ENC_PASS_FNCIAS20142IAS_GET_ENC_PASS_FNC;IAS_USR_PKG;IAS_USR_PKGIAS20142CHK_USR_FRM_PRVIA;IAS_USR_PKGIAS20142GET_USR_APPRV;IAS_USR_PKGIAS20142GET_USR_NMIAS;YS_GEN_PKG;YS_GEN_PKGIAS20142CHK_LOCK_RCRDY;YS_GEN_PKGIAS20142GET_SYSDATEYS_;YS_GEN_PKGIAS20142GET_USR_FLD_PRVYS_;YS_SRL_SCR_PKG;YS_SRL_SCR_PKGIAS20142GET_SYS_SQ,CREATE/SAVE;UPDATE;DELETE/VOID;POST;PRINT,FMX_STRING_EVIDENCE,oracle_forms/deep_catalog/form_field_trigger_catalog.jsonl
SHLR001.fmx,ADMIN,ONEX_ADMIN_WINDOW_API,14,2,115,460,IAS_GET_ENC_PASS_FNC;IAS_GET_ENC_PASS_FNCIAS20142IAS_GET_ENC_PASS_FNC;IAS_USR_PKG;IAS_USR_PKGIAS20142GET_USR_NMIAS;YS_GEN_PKG;YS_GEN_PKGIAS20142GET_PROMPT,PRINT,FMX_STRING_EVIDENCE,oracle_forms/deep_catalog/form_field_trigger_catalog.jsonl
SHLR002.fmx,ADMIN,ONEX_ADMIN_WINDOW_API,14,2,115,464,IAS_GET_ENC_PASS_FNC;IAS_GET_ENC_PASS_FNCIAS20142IAS_GET_ENC_PASS_FNC;IAS_USR_PKG;IAS_USR_PKGIAS20142GET_USR_NMIAS;YS_GEN_PKG;YS_GEN_PKGIAS20142GET_PROMPT,PRINT,FMX_STRING_EVIDENCE,oracle_forms/deep_catalog/form_field_trigger_catalog.jsonl
SHLR003.fmx,ADMIN,ONEX_ADMIN_WINDOW_API,14,2,115,463,IAS_GET_ENC_PASS_FNC;IAS_GET_ENC_PASS_FNCIAS20142IAS_GET_ENC_PASS_FNC;IAS_USR_PKG;IAS_USR_PKGIAS20142GET_USR_NMIAS;YS_GEN_PKG;YS_GEN_PKGIAS20142GET_PROMPT,PRINT,FMX_STRING_EVIDENCE,oracle_forms/deep_catalog/form_field_trigger_catalog.jsonl
SHLR004.fmx,ADMIN,ONEX_ADMIN_WINDOW_API,14,2,114,455,IAS_GET_ENC_PASS_FNC;IAS_GET_ENC_PASS_FNCIAS20142IAS_GET_ENC_PASS_FNC;IAS_USR_PKG;IAS_USR_PKGIAS20142GET_USR_NMIAS;YS_GEN_PKG;YS_GEN_PKGIAS20142GET_PROMPT,PRINT,FMX_STRING_EVIDENCE,oracle_forms/deep_catalog/form_field_trigger_catalog.jsonl
SHLR005.fmx,ADMIN,ONEX_ADMIN_WINDOW_API,14,2,115,461,IAS_GET_ENC_PASS_FNC;IAS_GET_ENC_PASS_FNCIAS20142IAS_GET_ENC_PASS_FNC;IAS_USR_PKG;IAS_USR_PKGIAS20142GET_USR_NMIAS;YS_GEN_PKG;YS_GEN_PKGIAS20142GET_PROMPT,PRINT,FMX_STRING_EVIDENCE,oracle_forms/deep_catalog/form_field_trigger_catalog.jsonl
SHLR006.fmx,ADMIN,ONEX_ADMIN_WINDOW_API,14,2,115,464,IAS_GET_ENC_PASS_FNC;IAS_GET_ENC_PASS_FNCIAS20142IAS_GET_ENC_PASS_FNC;IAS_USR_PKG;IAS_USR_PKGIAS20142GET_USR_NMIAS;YS_GEN_PKG;YS_GEN_PKGIAS20142GET_PROMPT,PRINT,FMX_STRING_EVIDENCE,oracle_forms/deep_catalog/form_field_trigger_catalog.jsonl
SHLR007.fmx,ADMIN,ONEX_ADMIN_WINDOW_API,14,2,115,464,IAS_GET_ENC_PASS_FNC;IAS_GET_ENC_PASS_FNCIAS20142IAS_GET_ENC_PASS_FNC;IAS_USR_PKG;IAS_USR_PKGIAS20142GET_USR_NMIAS;YS_GEN_PKG;YS_GEN_PKGIAS20142GET_PROMPT,PRINT,FMX_STRING_EVIDENCE,oracle_forms/deep_catalog/form_field_trigger_catalog.jsonl
SHLR008.fmx,ADMIN,ONEX_ADMIN_WINDOW_API,14,2,115,458,IAS_GET_ENC_PASS_FNC;IAS_GET_ENC_PASS_FNCIAS20142IAS_GET_ENC_PASS_FNC;IAS_USR_PKG;IAS_USR_PKGIAS20142GET_USR_NMIAS;YS_GEN_PKG;YS_GEN_PKGIAS20142GET_PROMPT,PRINT,FMX_STRING_EVIDENCE,oracle_forms/deep_catalog/form_field_trigger_catalog.jsonl
SHLR009.fmx,ADMIN,ONEX_ADMIN_WINDOW_API,14,2,114,455,IAS_GET_ENC_PASS_FNC;IAS_GET_ENC_PASS_FNCIAS20142IAS_GET_ENC_PASS_FNC;IAS_USR_PKG;IAS_USR_PKGIAS20142GET_USR_NMIAS;YS_GEN_PKG;YS_GEN_PKGIAS20142GET_PROMPT,PRINT,FMX_STRING_EVIDENCE,oracle_forms/deep_catalog/form_field_trigger_catalog.jsonl
SHLR010.fmx,ADMIN,ONEX_ADMIN_WINDOW_API,16,2,119,481,IAS_CHECK_SYS_PKG;IAS_CHECK_SYS_PKGIAS20142CHECK_BT_VALUEI;IAS_GET_ENC_PASS_FNC;IAS_GET_ENC_PASS_FNCIAS20142IAS_GET_ENC_PASS_FNC;IAS_USR_PKG;IAS_USR_PKGIAS20142GET_USR_NMIAS;YS_GEN_PKG;YS_GEN_PKGIAS20142GET_PROMPT,PRINT,FMX_STRING_EVIDENCE,oracle_forms/deep_catalog/form_field_trigger_catalog.jsonl
SHLR011.fmx,ADMIN,ONEX_ADMIN_WINDOW_API,14,2,115,456,IAS_GET_ENC_PASS_FNC;IAS_GET_ENC_PASS_FNCIAS20142IAS_GET_ENC_PASS_FNC;IAS_USR_PKG;IAS_USR_PKGIAS20142GET_USR_NMIAS;YS_GEN_PKG;YS_GEN_PKGIAS20142GET_PROMPT,PRINT,FMX_STRING_EVIDENCE,oracle_forms/deep_catalog/form_field_trigger_catalog.jsonl
SHLR012.fmx,ADMIN,ONEX_ADMIN_WINDOW_API,16,2,115,477,IAS_CHECK_SYS_PKG;IAS_CHECK_SYS_PKGIAS20142CHECK_BT_VALUEI;IAS_GET_ENC_PASS_FNC;IAS_GET_ENC_PASS_FNCIAS20142IAS_GET_ENC_PASS_FNC;IAS_USR_PKG;IAS_USR_PKGIAS20142GET_USR_NMIAS;YS_GEN_PKG;YS_GEN_PKGIAS20142GET_PROMPT,PRINT,FMX_STRING_EVIDENCE,oracle_forms/deep_catalog/form_field_trigger_catalog.jsonl
SHLR013.fmx,ADMIN,ONEX_ADMIN_WINDOW_API,16,2,119,470,IAS_CHECK_SYS_PKG;IAS_CHECK_SYS_PKGIAS20142CHECK_BT_VALUEI;IAS_GET_ENC_PASS_FNC;IAS_GET_ENC_PASS_FNCIAS20142IAS_GET_ENC_PASS_FNC;IAS_USR_PKG;IAS_USR_PKGIAS20142GET_USR_NMIAS;YS_GEN_PKG;YS_GEN_PKGIAS20142GET_PROMPT,PRINT,FMX_STRING_EVIDENCE,oracle_forms/deep_catalog/form_field_trigger_catalog.jsonl
SHLS001.fmx,ADMIN,ONEX_ADMIN_WINDOW_API,33,8,127,340,IAS_GET_ENC_PASS_FNC;IAS_GET_ENC_PASS_FNCIAS20142IAS_GET_ENC_PASS_FNC;IAS_USR_PKG;IAS_USR_PKGIAS20142CHK_USR_FRM_PRVIA;IAS_USR_PKGIAS20142GET_USR_APPRV;IAS_USR_PKGIAS20142GET_USR_NMIAS;YS_GEN_PKG;YS_GEN_PKGIAS20142CHK_LOCK_RCRDY;YS_GEN_PKGIAS20142GET_USR_FLD_PRVYS_;YS_SRL_SCR_PKG;YS_SRL_SCR_PKGIAS20142GET_SYS_SQ,CREATE/SAVE;UPDATE;DELETE/VOID;POST;PRINT,FMX_STRING_EVIDENCE,oracle_forms/deep_catalog/form_field_trigger_catalog.jsonl
SHLS002.fmx,ADMIN,ONEX_ADMIN_WINDOW_API,34,8,211,575,IAS_GET_ENC_PASS_FNC;IAS_GET_ENC_PASS_FNCIAS20142IAS_GET_ENC_PASS_FNC;IAS_USR_PKG;IAS_USR_PKGIAS20142CHK_USR_FRM_PRVIA;IAS_USR_PKGIAS20142GET_USR_APPRV;IAS_USR_PKGIAS20142GET_USR_NMIAS;YS_GEN_PKG;YS_GEN_PKGIAS20142GET_CNTYS_;YS_GEN_PKGIAS20142GET_USR_FLD_PRVYS_;YS_SRL_SCR_PKG;YS_SRL_SCR_PKGIAS20142GET_SYS_SQ,CREATE/SAVE;UPDATE;DELETE/VOID;POST;PRINT,FMX_STRING_EVIDENCE,oracle_forms/deep_catalog/form_field_trigger_catalog.jsonl
SHLS003.fmx,ADMIN,ONEX_ADMIN_WINDOW_API,36,8,269,367,IAS_GET_ENC_PASS_FNC;IAS_GET_ENC_PASS_FNCIAS20142IAS_GET_ENC_PASS_FNC;IAS_USR_PKG;IAS_USR_PKGIAS20142CHK_USR_FRM_PRVIA;IAS_USR_PKGIAS20142GET_USR_APPRV;IAS_USR_PKGIAS20142GET_USR_NMIAS;YS_GEN_PKG;YS_GEN_PKGIAS20142CHK_LOCK_RCRDY;YS_GEN_PKGIAS20142GET_CNTYS_;YS_GEN_PKGIAS20142GET_USR_FLD_PRVYS_;YS_SRL_SCR_PKG;YS_SRL_SCR_PKGIAS20142GET_SYS_SQ,CREATE/SAVE;UPDATE;DELETE/VOID;POST;PRINT,FMX_STRING_EVIDENCE,oracle_forms/deep_catalog/form_field_trigger_catalog.jsonl
SHLS004.fmx,ADMIN,ONEX_ADMIN_WINDOW_API,37,8,265,417,IAS_GEN_PKG;IAS_GEN_PKGIAS20142GET_SYSDATEIA;IAS_GET_ENC_PASS_FNC;IAS_GET_ENC_PASS_FNCIAS20142IAS_GET_ENC_PASS_FNC;IAS_USR_PKG;IAS_USR_PKGIAS20142CHK_USR_FRM_PRVIA;IAS_USR_PKGIAS20142GET_USR_APPRV;IAS_USR_PKGIAS20142GET_USR_NMIAS;YS_GEN_PKG;YS_GEN_PKGIAS20142GET_SYSDATEYS_;YS_GEN_PKGIAS20142GET_USR_FLD_PRVYS_;YS_SRL_SCR_PKG;YS_SRL_SCR_PKGIAS20142GET_SYS_SQ,CREATE/SAVE;UPDATE;DELETE/VOID;POST;PRINT,FMX_STRING_EVIDENCE,oracle_forms/deep_catalog/form_field_trigger_catalog.jsonl
SHLT001.fmx,ADMIN,ONEX_ADMIN_WINDOW_API,45,8,301,643,IAS_GET_DOC_DEL_FNC;IAS_GET_ENC_PASS_FNC;IAS_GET_ENC_PASS_FNCIAS20142IAS_GET_ENC_PASS_FNC;IAS_USR_PKG;IAS_USR_PKGIAS20142CHK_USR_FRM_PRVIA;IAS_USR_PKGIAS20142GET_USR_APPRV;IAS_USR_PKGIAS20142GET_USR_NMIAS;YS_GEN_PKG;YS_GEN_PKGIAS20142CHK_LOCK_RCRDY;YS_GEN_PKGIAS20142GET_SYSDATEYS_;YS_GEN_PKGIAS20142GET_USR_FLD_PRVYS_;YS_SRL_SCR_PKG;YS_SRL_SCR_PKGIAS20142GET_SYS_SQ,CREATE/SAVE;UPDATE;DELETE/VOID;POST;PRINT,FMX_STRING_EVIDENCE,oracle_forms/deep_catalog/form_field_trigger_catalog.jsonl
SHLT002.fmx,ADMIN,ONEX_ADMIN_WINDOW_API,42,8,301,601,IAS_GET_DOC_DEL_FNC;IAS_GET_ENC_PASS_FNC;IAS_GET_ENC_PASS_FNCIAS20142IAS_GET_ENC_PASS_FNC;IAS_USR_PKG;IAS_USR_PKGIAS20142CHK_USR_FRM_PRVIA;IAS_USR_PKGIAS20142GET_USR_APPRV;IAS_USR_PKGIAS20142GET_USR_NMIAS;YS_GEN_PKG;YS_GEN_PKGIAS20142CHK_LOCK_RCRDY;YS_GEN_PKGIAS20142GET_SYSDATEYS_;YS_GEN_PKGIAS20142GET_USR_FLD_PRVYS_;YS_SRL_SCR_PKG;YS_SRL_SCR_PKGIAS20142GET_SYS_SQ,CREATE/SAVE;UPDATE;DELETE/VOID;POST;PRINT,FMX_STRING_EVIDENCE,oracle_forms/deep_catalog/form_field_trigger_catalog.jsonl
SHLT003.fmx,ADMIN,ONEX_ADMIN_WINDOW_API,39,8,275,556,IAS_GET_DOC_DEL_FNC;IAS_GET_ENC_PASS_FNC;IAS_GET_ENC_PASS_FNCIAS20142IAS_GET_ENC_PASS_FNC;IAS_USR_PKG;IAS_USR_PKGIAS20142CHK_USR_FRM_PRVIA;IAS_USR_PKGIAS20142GET_USR_APPRV;IAS_USR_PKGIAS20142GET_USR_NMIAS;YS_GEN_PKG;YS_GEN_PKGIAS20142CHK_LOCK_RCRDY;YS_GEN_PKGIAS20142GET_SYSDATEYS_;YS_GEN_PKGIAS20142GET_USR_FLD_PRVYS_;YS_SRL_SCR_PKG;YS_SRL_SCR_PKGIAS20142GET_SYS_SQ,CREATE/SAVE;UPDATE;DELETE/VOID;POST;PRINT,FMX_STRING_EVIDENCE,oracle_forms/deep_catalog/form_field_trigger_catalog.jsonl
SHLT004.fmx,ADMIN,ONEX_ADMIN_WINDOW_API,46,8,272,595,IAS_GET_DOC_DEL_FNC;IAS_GET_ENC_PASS_FNC;IAS_GET_ENC_PASS_FNCIAS20142IAS_GET_ENC_PASS_FNC;IAS_USR_PKG;IAS_USR_PKGIAS20142CHK_USR_FRM_PRVIA;IAS_USR_PKGIAS20142GET_USR_APPRV;IAS_USR_PKGIAS20142GET_USR_NMIAS;YS_GEN_PKG;YS_GEN_PKGIAS20142CHK_LOCK_RCRDY;YS_GEN_PKGIAS20142GET_SYSDATEYS_;YS_GEN_PKGIAS20142GET_USR_FLD_PRVYS_;YS_SRL_SCR_PKG;YS_SRL_SCR_PKGIAS20142GET_SYS_SQ,CREATE/SAVE;UPDATE;DELETE/VOID;POST;PRINT,FMX_STRING_EVIDENCE,oracle_forms/deep_catalog/form_field_trigger_catalog.jsonl
SHLT005.fmx,ADMIN,ONEX_ADMIN_WINDOW_API,41,8,321,623,IAS_GET_DOC_DEL_FNC;IAS_GET_ENC_PASS_FNC;IAS_GET_ENC_PASS_FNCIAS20142IAS_GET_ENC_PASS_FNC;IAS_USR_PKG;IAS_USR_PKGIAS20142CHK_USR_FRM_PRVIA;IAS_USR_PKGIAS20142GET_USR_APPRV;IAS_USR_PKGIAS20142GET_USR_NMIAS;YS_GEN_PKG;YS_GEN_PKGIAS20142CHK_LOCK_RCRDY;YS_GEN_PKGIAS20142GET_SYSDATEYS_;YS_GEN_PKGIAS20142GET_USR_FLD_PRVYS_;YS_SRL_SCR_PKG;YS_SRL_SCR_PKGIAS20142GET_SYS_SQ,CREATE/SAVE;UPDATE;DELETE/VOID;POST;PRINT,FMX_STRING_EVIDENCE,oracle_forms/deep_catalog/form_field_trigger_catalog.jsonl
SHLT006.fmx,ADMIN,ONEX_ADMIN_WINDOW_API,41,8,311,625,IAS_GET_DOC_DEL_FNC;IAS_GET_ENC_PASS_FNC;IAS_GET_ENC_PASS_FNCIAS20142IAS_GET_ENC_PASS_FNC;IAS_USR_PKG;IAS_USR_PKGIAS20142CHK_USR_FRM_PRVIA;IAS_USR_PKGIAS20142GET_USR_APPRV;IAS_USR_PKGIAS20142GET_USR_NMIAS;YS_GEN_PKG;YS_GEN_PKGIAS20142CHK_LOCK_RCRDY;YS_GEN_PKGIAS20142GET_SYSDATEYS_;YS_GEN_PKGIAS20142GET_USR_FLD_PRVYS_;YS_SRL_SCR_PKG;YS_SRL_SCR_PKGIAS20142GET_SYS_SQ,CREATE/SAVE;UPDATE;DELETE/VOID;POST;PRINT,FMX_STRING_EVIDENCE,oracle_forms/deep_catalog/form_field_trigger_catalog.jsonl
SHLT007.fmx,ADMIN,ONEX_ADMIN_WINDOW_API,41,8,281,574,IAS_GET_DOC_DEL_FNC;IAS_GET_ENC_PASS_FNC;IAS_GET_ENC_PASS_FNCIAS20142IAS_GET_ENC_PASS_FNC;IAS_USR_PKG;IAS_USR_PKGIAS20142CHK_USR_FRM_PRVIA;IAS_USR_PKGIAS20142GET_USR_APPRV;IAS_USR_PKGIAS20142GET_USR_NMIAS;YS_GEN_PKG;YS_GEN_PKGIAS20142CHK_LOCK_RCRDY;YS_GEN_PKGIAS20142GET_SYSDATEYS_;YS_GEN_PKGIAS20142GET_USR_FLD_PRVYS_;YS_SRL_SCR_PKG;YS_SRL_SCR_PKGIAS20142GET_SYS_SQ,CREATE/SAVE;UPDATE;DELETE/VOID;POST;PRINT,FMX_STRING_EVIDENCE,oracle_forms/deep_catalog/form_field_trigger_catalog.jsonl
SHLT008.fmx,ADMIN,ONEX_ADMIN_WINDOW_API,44,8,283,583,IAS_GET_DOC_DEL_FNC;IAS_GET_ENC_PASS_FNC;IAS_GET_ENC_PASS_FNCIAS20142IAS_GET_ENC_PASS_FNC;IAS_USR_PKG;IAS_USR_PKGIAS20142CHK_USR_FRM_PRVIA;IAS_USR_PKGIAS20142GET_USR_APPRV;IAS_USR_PKGIAS20142GET_USR_NMIAS;YS_GEN_PKG;YS_GEN_PKGIAS20142CHK_LOCK_RCRDY;YS_GEN_PKGIAS20142GET_SYSDATEYS_;YS_GEN_PKGIAS20142GET_USR_FLD_PRVYS_;YS_SRL_SCR_PKG;YS_SRL_SCR_PKGIAS20142GET_SYS_SQ,CREATE/SAVE;UPDATE;DELETE/VOID;POST;PRINT,FMX_STRING_EVIDENCE,oracle_forms/deep_catalog/form_field_trigger_catalog.jsonl
SHLT010.fmx,ADMIN,ONEX_ADMIN_WINDOW_API,42,8,374,663,IAS_GET_DOC_DEL_FNC;IAS_GET_ENC_PASS_FNC;IAS_GET_ENC_PASS_FNCIAS20142IAS_GET_ENC_PASS_FNC;IAS_USR_PKG;IAS_USR_PKGIAS20142CHK_USR_FRM_PRVIA;IAS_USR_PKGIAS20142GET_USR_APPRV;IAS_USR_PKGIAS20142GET_USR_NMIAS;YS_GEN_PKG;YS_GEN_PKGIAS20142CHK_LOCK_RCRDY;YS_GEN_PKGIAS20142GET_SYSDATEYS_;YS_GEN_PKGIAS20142GET_USR_FLD_PRVYS_;YS_SRL_SCR_PKG;YS_SRL_SCR_PKGIAS20142GET_SYS_SQ,CREATE/SAVE;UPDATE;DELETE/VOID;POST;PRINT,FMX_STRING_EVIDENCE,oracle_forms/deep_catalog/form_field_trigger_catalog.jsonl
SHLT011.fmx,ADMIN,ONEX_ADMIN_WINDOW_API,43,8,337,631,IAS_GET_DOC_DEL_FNC;IAS_GET_ENC_PASS_FNC;IAS_GET_ENC_PASS_FNCIAS20142IAS_GET_ENC_PASS_FNC;IAS_USR_PKG;IAS_USR_PKGIAS20142CHK_USR_FRM_PRVIA;IAS_USR_PKGIAS20142GET_USR_APPRV;IAS_USR_PKGIAS20142GET_USR_NMIAS;YS_GEN_PKG;YS_GEN_PKGIAS20142CHK_LOCK_RCRDY;YS_GEN_PKGIAS20142GET_SYSDATEYS_;YS_GEN_PKGIAS20142GET_USR_FLD_PRVYS_;YS_SRL_SCR_PKG;YS_SRL_SCR_PKGIAS20142GET_SYS_SQ,CREATE/SAVE;UPDATE;DELETE/VOID;POST;PRINT,FMX_STRING_EVIDENCE,oracle_forms/deep_catalog/form_field_trigger_catalog.jsonl
SHOI001.fmx,ADMIN,ONEX_ADMIN_WINDOW_API,44,8,470,642,IAS_GEN_PKG;IAS_GEN_PKGIAS20142GET_CNTIA;IAS_GEN_PKGIAS20142GET_CUR_RATEI;IAS_GEN_PKGIAS20142GET_ITM_PRICE_DOCACYI;IAS_GEN_PKGIAS20142GET_LEV_DFLT_PRVI;IAS_GEN_PKGIAS20142GET_LEV_PRVIA;IAS_GEN_PKGIAS20142GET_PROMPTIAS;IAS_GET_ENC_PASS_FNC;IAS_GET_ENC_PASS_FNCIAS20142IAS_GET_ENC_PASS_FNC;IAS_ITM_PKG;IAS_ITM_PKGIAS20142CHK_ICODE_UNITIAS;IAS_ITM_PKGIAS20142GET_ICODE_ONE_UNITIAS;IAS_ITM_PKGIAS20142GET_ICODE_SALES_UNITI;IAS_ITM_PKGIAS20142GET_ICODE_SIZE_UNITIA;IAS_ITM_PKGIAS20142GET_ICODE_UNIT_BY_LVL;IAS_ITM_PKGIAS20142GET_ITM_NAMEI;IAS_USR_PKG;IAS_USR_PKGIAS20142CHK_USR_FRM_PRVIA;IAS_USR_PKGIAS20142GET_USR_APPRV;IAS_USR_PKGIAS20142GET_USR_NMIAS;YS_GEN_PKG;YS_GEN_PKGIAS20142GET_USR_FLD_PRVYS_,CREATE/SAVE;UPDATE;DELETE/VOID;POST;PRINT,FMX_STRING_EVIDENCE,oracle_forms/deep_catalog/form_field_trigger_catalog.jsonl
SHOI002.fmx,ADMIN,ONEX_ADMIN_WINDOW_API,35,8,183,365,IAS_GEN_PKG;IAS_GEN_PKGIAS20142GET_SYSDATEIA;IAS_GET_ENC_PASS_FNC;IAS_GET_ENC_PASS_FNCIAS20142IAS_GET_ENC_PASS_FNC;IAS_USR_PKG;IAS_USR_PKGIAS20142CHK_USR_FRM_PRVIA;IAS_USR_PKGIAS20142GET_USR_APPRV;IAS_USR_PKGIAS20142GET_USR_NMIAS;YS_GEN_PKG;YS_GEN_PKGIAS20142CHK_LOCK_RCRDY;YS_GEN_PKGIAS20142GET_USR_FLD_PRVYS_;YS_SRL_SCR_PKG;YS_SRL_SCR_PKGIAS20142GET_SYS_SQ,CREATE/SAVE;UPDATE;DELETE/VOID;POST;PRINT,FMX_STRING_EVIDENCE,oracle_forms/deep_catalog/form_field_trigger_catalog.jsonl
SHOR001.fmx,ADMIN,ONEX_ADMIN_WINDOW_API,15,2,306,444,IAS_GEN_PKG;IAS_GEN_PKGIAS20142GET_FLG_NMIAS;IAS_GEN_PKGIAS20142GET_PROMPTIAS;IAS_GET_ENC_PASS_FNC;IAS_GET_ENC_PASS_FNCIAS20142IAS_GET_ENC_PASS_FNC;IAS_ITM_PKG;IAS_ITM_PKGIAS20142GET_ITM_NAMEI;IAS_USR_PKG;IAS_USR_PKGIAS20142GET_USR_NMIAS,PRINT,FMX_STRING_EVIDENCE,oracle_forms/deep_catalog/form_field_trigger_catalog.jsonl
SHOS001.fmx,ADMIN,ONEX_ADMIN_WINDOW_API,28,8,269,407,IAS_ACTV_PKG;IAS_ACTV_PKGIAS20142CHK_ACTV;IAS_GET_ENC_PASS_FNC;IAS_GET_ENC_PASS_FNCIAS20142IAS_GET_ENC_PASS_FNC;IAS_USR_PKG;IAS_USR_PKGIAS20142GET_USR_NMIAS,CREATE/SAVE;UPDATE;DELETE/VOID;POST;PRINT,FMX_STRING_EVIDENCE,oracle_forms/deep_catalog/form_field_trigger_catalog.jsonl
SHP027.fmx,ADMIN,ONEX_ADMIN_WINDOW_API,24,9,872,1129,IAS_DBS_SYS_PKG;IAS_DBS_SYS_PKGIAS20142ALTR_DBSI;IAS_GEN_PKG;IAS_GEN_PKGIAS20142GET_CNTIA;IAS_GET_ENC_PASS_FNC;IAS_GET_ENC_PASS_FNCIAS20142IAS_GET_ENC_PASS_FNC;IAS_USR_PKG;IAS_USR_PKGIAS20142GET_USR_NMIAS;YS_GEN_PKG;YS_GEN_PKGIAS20142CHK_LOCK_RCRDY,UPDATE;POST;PRINT,FMX_STRING_EVIDENCE,oracle_forms/deep_catalog/form_field_trigger_catalog.jsonl
SHPDBA.fmx,ADMIN,ONEX_ADMIN_WINDOW_API,47,1,1261,1343,IAS_DBS_SYS_PKG;IAS_DBS_SYS_PKGIAS20142ALTR_DBSI;IAS_DBS_SYS_PKGIAS20142CHECK_OBJECTI;IAS_POSTING_GL_PKG;IAS_POSTING_Gl_PKG;YS_GEN_PKG;YS_GEN_PKGIAS20142CHK_ACTV_SYSTEMYS_,CREATE/SAVE;POST,FMX_STRING_EVIDENCE,oracle_forms/deep_catalog/form_field_trigger_catalog.jsonl
SHPDBA_FULL.fmx,ADMIN,ONEX_ADMIN_WINDOW_API,43,1,1096,1127,IAS_DBS_SYS_PKG;IAS_DBS_SYS_PKGIAS20142CHECK_OBJECTI;YS_GEN_PKG;YS_GEN_PKGIAS20142CHK_ACTV_SYSTEMYS_,CREATE/SAVE;POST,FMX_STRING_EVIDENCE,oracle_forms/deep_catalog/form_field_trigger_catalog.jsonl
SHPI001.fmx,ADMIN,ONEX_ADMIN_WINDOW_API,37,8,247,573,IAS_CHK_BRN_UP_DEL_FNC;IAS_CHK_BRN_UP_DEL_FNCIAS20142IAS_CHK_BRN_UP_DEL_FNC;IAS_GEN_PKG;IAS_GEN_PKGIAS20142GET_CURDATEIA;IAS_GEN_PKGIAS20142GET_FLD_VALUE;IAS_GEN_PKGIAS20142GET_SYSDATEIA;IAS_GEN_PKGIAS20142GET_USR_NMIAS;IAS_GET_ENC_PASS_FNC;IAS_GET_ENC_PASS_FNCIAS20142IAS_GET_ENC_PASS_FNC;IAS_USR_PKG;IAS_USR_PKGIAS20142CHK_USR_FRM_PRVIA;IAS_USR_PKGIAS20142GET_USR_APPRV;IAS_USR_PKGIAS20142GET_USR_NMIAS;YS_GEN_PKG;YS_GEN_PKGIAS20142GET_USR_FLD_PRVYS_,CREATE/SAVE;UPDATE;DELETE/VOID;POST;PRINT,FMX_STRING_EVIDENCE,oracle_forms/deep_catalog/form_field_trigger_catalog.jsonl
SHPI002.fmx,ADMIN,ONEX_ADMIN_WINDOW_API,44,8,240,594,IAS_AUDIT_PKG;IAS_AUDIT_PKGIAS20142AUDIT_PRCIA;IAS_AUD_SYS_PKG;IAS_AUD_SYS_PKGIAS20142ADD_DOC_DELIA;IAS_CHK_BRN_UP_DEL_FNC;IAS_CHK_BRN_UP_DEL_FNCIAS20142IAS_CHK_BRN_UP_DEL_FNC;IAS_GEN_PKG;IAS_GEN_PKGIAS20142GET_CNTIA;IAS_GEN_PKGIAS20142GET_CURDATEIA;IAS_GEN_PKGIAS20142GET_FLD_VALUE;IAS_GEN_PKGIAS20142GET_SYSDATEIA;IAS_GEN_PKGIAS20142GET_USR_NMIAS;IAS_GET_DOC_DEL_FNC;IAS_GET_ENC_PASS_FNC;IAS_GET_ENC_PASS_FNCIAS20142IAS_GET_ENC_PASS_FNC;IAS_USR_PKG;IAS_USR_PKGIAS20142CHK_USR_FRM_PRVIA;IAS_USR_PKGIAS20142GET_USR_APPRV;IAS_USR_PKGIAS20142GET_USR_NMIAS;YS_GEN_PKG;YS_GEN_PKGIAS20142GET_USR_FLD_PRVYS_,CREATE/SAVE;UPDATE;DELETE/VOID;POST;PRINT,FMX_STRING_EVIDENCE,oracle_forms/deep_catalog/form_field_trigger_catalog.jsonl
SHPR001.fmx,ADMIN,ONEX_ADMIN_WINDOW_API,17,2,299,411,IAS_CHECK_SYS_PKG;IAS_CHECK_SYS_PKGIAS20142CHECK_BT_DATEIA;IAS_CHECK_SYS_PKGIAS20142CHECK_BT_VALUEI;IAS_GEN_PKG;IAS_GEN_PKGIAS20142GET_FRST_DAYI;IAS_GEN_PKGIAS20142GET_PROMPTIAS;IAS_GEN_PKGIAS20142GET_SYSDATEIA;IAS_GET_ENC_PASS_FNC;IAS_GET_ENC_PASS_FNCIAS20142IAS_GET_ENC_PASS_FNC;IAS_USR_PKG;IAS_USR_PKGIAS20142GET_USR_NMIAS,PRINT,FMX_STRING_EVIDENCE,oracle_forms/deep_catalog/form_field_trigger_catalog.jsonl
SHPR002.fmx,ADMIN,ONEX_ADMIN_WINDOW_API,17,2,345,414,IAS_CHECK_SYS_PKG;IAS_CHECK_SYS_PKGIAS20142CHECK_BT_DATEIA;IAS_CHECK_SYS_PKGIAS20142CHECK_BT_VALUEI;IAS_GEN_PKG;IAS_GEN_PKGIAS20142GET_FRST_DAYI;IAS_GEN_PKGIAS20142GET_PROMPTIAS;IAS_GEN_PKGIAS20142GET_SYSDATEIA;IAS_GET_ENC_PASS_FNC;IAS_GET_ENC_PASS_FNCIAS20142IAS_GET_ENC_PASS_FNC;IAS_USR_PKG;IAS_USR_PKGIAS20142GET_USR_NMIAS,PRINT,FMX_STRING_EVIDENCE,oracle_forms/deep_catalog/form_field_trigger_catalog.jsonl
SHPS001.fmx,ADMIN,ONEX_ADMIN_WINDOW_API,34,8,314,401,IAS_GEN_PKG;IAS_GEN_PKGIAS20142GET_CNTIA;IAS_GET_ENC_PASS_FNC;IAS_GET_ENC_PASS_FNCIAS20142IAS_GET_ENC_PASS_FNC;IAS_USR_PKG;IAS_USR_PKGIAS20142CHK_USR_FRM_PRVIA;IAS_USR_PKGIAS20142GET_USR_NMIAS;YS_GEN_PKG;YS_GEN_PKGIAS20142CHK_LOCK_RCRDY;YS_GEN_PKGIAS20142GET_USR_FLD_PRVYS_;YS_SRL_SCR_PKG;YS_SRL_SCR_PKGIAS20142GET_SYS_SQ,CREATE/SAVE;UPDATE;DELETE/VOID;POST;PRINT,FMX_STRING_EVIDENCE,oracle_forms/deep_catalog/form_field_trigger_catalog.jsonl
SHPS002.fmx,ADMIN,ONEX_ADMIN_WINDOW_API,35,8,256,351,IAS_GEN_PKG;IAS_GEN_PKGIAS20142GET_CNTIA;IAS_GEN_PKGIAS20142GET_FLD_VALUE;IAS_GET_ENC_PASS_FNC;IAS_GET_ENC_PASS_FNCIAS20142IAS_GET_ENC_PASS_FNC;IAS_USR_PKG;IAS_USR_PKGIAS20142CHK_USR_FRM_PRVIA;IAS_USR_PKGIAS20142GET_USR_APPRV;IAS_USR_PKGIAS20142GET_USR_NMIAS;YS_GEN_PKG;YS_GEN_PKGIAS20142GET_USR_FLD_PRVYS_;YS_SRL_SCR_PKG;YS_SRL_SCR_PKGIAS20142GET_SYS_SQ,CREATE/SAVE;UPDATE;DELETE/VOID;POST;PRINT,FMX_STRING_EVIDENCE,oracle_forms/deep_catalog/form_field_trigger_catalog.jsonl
SHPT001.fmx,ADMIN,ONEX_ADMIN_WINDOW_API,82,8,776,1051,IAS_ACTV_PKG;IAS_ACTV_PKGIAS20142CHK_ACTV;IAS_AUDIT_PKG;IAS_AUDIT_PKGIAS20142AUDIT_PRCIA;IAS_AUD_SYS_PKG;IAS_AUD_SYS_PKGIAS20142ADD_DOC_DELIA;IAS_BRN_PKG;IAS_BRN_PKGIAS20142GET_CST_BRN_CONNI;IAS_CHECK_SYS_PKG;IAS_CHECK_SYS_PKGIAS20142CHECK_AC_ACY_INCTVI;IAS_CHECK_SYS_PKGIAS20142CHECK_AC_CC;IAS_CHECK_SYS_PKGIAS20142CHECK_CUR_RATEI;IAS_CHECK_SYS_PKGIAS20142CHECK_INV_CLOSE;IAS_CHECK_SYS_PKGIAS20142CHECK_USE_CCIAS;IAS_CHK_BRN_UP_DEL_FNC;IAS_CHK_BRN_UP_DEL_FNCIAS20142IAS_CHK_BRN_UP_DEL_FNC;IAS_CSHBNK_PKG;IAS_CSHBNK_PKGIAS20142CHK_CB_BRN;IAS_CSHBNK_PKGIAS20142GET_A_CODE;IAS_CST_PKG;IAS_CST_PKGIAS20142GET_CREDIT_LMTIAS;IAS_CST_PKGIAS20142GET_C_NAMEIAS;IAS_GEN_PKG;IAS_GEN_PKGIAS20142GET_CNTIA;IAS_GEN_PKGIAS20142GET_CURDATEIA;IAS_GEN_PKGIAS20142GET_CUR_RATEI;IAS_GEN_PKGIAS20142GET_FLD_VALUE;IAS_GEN_PKGIAS20142GET_FRM_PRVIA;IAS_GEN_PKGIAS20142GET_FRST_DAYI;IAS_GEN_PKGIAS20142GET_MSGIA;IAS_GEN_PKGIAS20142GET_PROMPTIAS;IAS_GEN_PKGIAS20142GET_SYSDATEIA;IAS_GEN_PKGIAS20142GET_UPDATE_DOC_PERIOD;IAS_GEN_PKGIAS20142GET_USR_NMIAS;IAS_GET_DOC_DEL_FNC;IAS_GET_ENC_PASS_FNC;IAS_GET_ENC_PASS_FNCIAS20142IAS_GET_ENC_PASS_FNC;IAS_INSTALLMENT_AR_PKG;IAS_INSTALLMENT_AR_PKGIAS20142CHECK_DR_TRANS;IAS_PJ_PKG,CREATE/SAVE;UPDATE;DELETE/VOID;POST;PRINT,FMX_STRING_EVIDENCE,oracle_forms/deep_catalog/form_field_trigger_catalog.jsonl
SHPT002.fmx,ADMIN,ONEX_ADMIN_WINDOW_API,80,8,797,1168,IAS_ACTV_PKG;IAS_ACTV_PKGIAS20142CHK_ACTV;IAS_AUDIT_PKG;IAS_AUDIT_PKGIAS20142AUDIT_PRCIA;IAS_AUD_SYS_PKG;IAS_AUD_SYS_PKGIAS20142ADD_DOC_DELIA;IAS_BRN_PKG;IAS_BRN_PKGIAS20142GET_CST_BRN_CONNI;IAS_CHECK_SYS_PKG;IAS_CHECK_SYS_PKGIAS20142CHECK_AC_ACY_INCTVI;IAS_CHECK_SYS_PKGIAS20142CHECK_AC_CC;IAS_CHECK_SYS_PKGIAS20142CHECK_CUR_RATEI;IAS_CHECK_SYS_PKGIAS20142CHECK_INV_CLOSE;IAS_CHECK_SYS_PKGIAS20142CHECK_USE_CCIAS;IAS_CHK_BRN_UP_DEL_FNC;IAS_CHK_BRN_UP_DEL_FNCIAS20142IAS_CHK_BRN_UP_DEL_FNC;IAS_CSHBNK_PKG;IAS_CSHBNK_PKGIAS20142CHK_CB_BRN;IAS_CSHBNK_PKGIAS20142GET_A_CODE;IAS_CST_PKG;IAS_CST_PKGIAS20142GET_CREDIT_LMTIAS;IAS_CST_PKGIAS20142GET_C_NAMEIAS;IAS_GEN_PKG;IAS_GEN_PKGIAS20142GET_CNTIA;IAS_GEN_PKGIAS20142GET_CURDATEIA;IAS_GEN_PKGIAS20142GET_CUR_RATEI;IAS_GEN_PKGIAS20142GET_FLD_VALUE;IAS_GEN_PKGIAS20142GET_FRM_PRVIA;IAS_GEN_PKGIAS20142GET_FRST_DAYI;IAS_GEN_PKGIAS20142GET_MSGIA;IAS_GEN_PKGIAS20142GET_PROMPTIAS;IAS_GEN_PKGIAS20142GET_SYSDATEIA;IAS_GEN_PKGIAS20142GET_UPDATE_DOC_PERIOD;IAS_GEN_PKGIAS20142GET_USR_NMIAS;IAS_GET_DOC_DEL_FNC;IAS_GET_ENC_PASS_FNC;IAS_GET_ENC_PASS_FNCIAS20142IAS_GET_ENC_PASS_FNC;IAS_INSTALLMENT_AR_PKG;IAS_INSTALLMENT_AR_PKGIAS20142CHECK_DR_TRANS;IAS_PJ_PKG,CREATE/SAVE;UPDATE;DELETE/VOID;POST;PRINT,FMX_STRING_EVIDENCE,oracle_forms/deep_catalog/form_field_trigger_catalog.jsonl
SHPT003.fmx,ADMIN,ONEX_ADMIN_WINDOW_API,50,8,524,935,IAS_AUDIT_PKG;IAS_AUDIT_PKGIAS20142AUDIT_PRCIA;IAS_AUD_SYS_PKG;IAS_AUD_SYS_PKGIAS20142ADD_DOC_DELIA;IAS_CHECK_SYS_PKG;IAS_CHECK_SYS_PKGIAS20142CHECK_BT_DATEIA;IAS_GEN_PKG;IAS_GEN_PKGIAS20142GET_CNTIA;IAS_GEN_PKGIAS20142GET_FLD_VALUE;IAS_GEN_PKGIAS20142GET_FRST_DAYI;IAS_GEN_PKGIAS20142GET_SYSDATEIA;IAS_GEN_PKGIAS20142GET_USR_NMIAS;IAS_GET_DOC_DEL_FNC;IAS_GET_ENC_PASS_FNC;IAS_GET_ENC_PASS_FNCIAS20142IAS_GET_ENC_PASS_FNC;IAS_USR_PKG;IAS_USR_PKGIAS20142CHK_USR_FRM_PRVIA;IAS_USR_PKGIAS20142GET_USR_APPRV;IAS_USR_PKGIAS20142GET_USR_NMIAS;YS_APPRVD_PKG;YS_APPRVD_PKGIAS20142DEL_APPRVD_LVLY;YS_APPRVD_PKGIAS20142INSRT_APPRVD_LVLYS_;YS_GEN_PKG;YS_GEN_PKGIAS20142GET_FLG_NM;YS_GEN_PKGIAS20142GET_USR_FLD_PRVYS_,CREATE/SAVE;UPDATE;DELETE/VOID;POST;PRINT,FMX_STRING_EVIDENCE,oracle_forms/deep_catalog/form_field_trigger_catalog.jsonl
SHPT004.fmx,ADMIN,ONEX_ADMIN_WINDOW_API,48,8,488,939,IAS_AUDIT_PKG;IAS_AUDIT_PKGIAS20142AUDIT_PRCIA;IAS_AUD_SYS_PKG;IAS_AUD_SYS_PKGIAS20142ADD_DOC_DELIA;IAS_CHECK_SYS_PKG;IAS_CHECK_SYS_PKGIAS20142CHECK_BT_DATEIA;IAS_GEN_PKG;IAS_GEN_PKGIAS20142GET_CNTIA;IAS_GEN_PKGIAS20142GET_CURDATEIA;IAS_GEN_PKGIAS20142GET_FLD_VALUE;IAS_GEN_PKGIAS20142GET_FRST_DAYI;IAS_GEN_PKGIAS20142GET_SYSDATEIA;IAS_GEN_PKGIAS20142GET_USR_NMIAS;IAS_GET_DOC_DEL_FNC;IAS_GET_ENC_PASS_FNC;IAS_GET_ENC_PASS_FNCIAS20142IAS_GET_ENC_PASS_FNC;IAS_USR_PKG;IAS_USR_PKGIAS20142CHK_USR_FRM_PRVIA;IAS_USR_PKGIAS20142GET_USR_APPRV;IAS_USR_PKGIAS20142GET_USR_NMIAS;YS_GEN_PKG;YS_GEN_PKGIAS20142GET_FLG_NM;YS_GEN_PKGIAS20142GET_USR_FLD_PRVYS_,CREATE/SAVE;UPDATE;DELETE/VOID;POST;PRINT,FMX_STRING_EVIDENCE,oracle_forms/deep_catalog/form_field_trigger_catalog.jsonl
SHPT005.fmx,ADMIN,ONEX_ADMIN_WINDOW_API,48,8,523,937,IAS_AUDIT_PKG;IAS_AUDIT_PKGIAS20142AUDIT_PRCIA;IAS_AUD_SYS_PKG;IAS_AUD_SYS_PKGIAS20142ADD_DOC_DELIA;IAS_CHECK_SYS_PKG;IAS_CHECK_SYS_PKGIAS20142CHECK_BT_DATEIA;IAS_GEN_PKG;IAS_GEN_PKGIAS20142GET_CNTIA;IAS_GEN_PKGIAS20142GET_CURDATEIA;IAS_GEN_PKGIAS20142GET_FLD_VALUE;IAS_GEN_PKGIAS20142GET_FRST_DAYI;IAS_GEN_PKGIAS20142GET_SYSDATEIA;IAS_GEN_PKGIAS20142GET_USR_NMIAS;IAS_GET_DOC_DEL_FNC;IAS_GET_ENC_PASS_FNC;IAS_GET_ENC_PASS_FNCIAS20142IAS_GET_ENC_PASS_FNC;IAS_USR_PKG;IAS_USR_PKGIAS20142CHK_USR_FRM_PRVIA;IAS_USR_PKGIAS20142GET_USR_APPRV;IAS_USR_PKGIAS20142GET_USR_NMIAS;YS_GEN_PKG;YS_GEN_PKGIAS20142GET_FLG_NM;YS_GEN_PKGIAS20142GET_USR_FLD_PRVYS_,CREATE/SAVE;UPDATE;DELETE/VOID;POST;PRINT,FMX_STRING_EVIDENCE,oracle_forms/deep_catalog/form_field_trigger_catalog.jsonl
SHPT006.fmx,ADMIN,ONEX_ADMIN_WINDOW_API,75,8,630,1023,IAS_ACODE_PKG;IAS_ACODE_PKGIAS20142GET_CNT_ACY;IAS_ACODE_PKGIAS20142GET_ONE_ACY_ACI;IAS_ACTV_PKG;IAS_ACTV_PKGIAS20142CHK_ACTV;IAS_AUDIT_PKG;IAS_AUDIT_PKGIAS20142AUDIT_PRCIA;IAS_AUD_SYS_PKG;IAS_AUD_SYS_PKGIAS20142ADD_DOC_DELIA;IAS_CHECK_SYS_PKG;IAS_CHECK_SYS_PKGIAS20142CHECK_AC_ACY_INCTVI;IAS_CHECK_SYS_PKGIAS20142CHECK_AC_CC;IAS_CHECK_SYS_PKGIAS20142CHECK_BT_DATEIA;IAS_CHECK_SYS_PKGIAS20142CHECK_CUR_RATEI;IAS_CHECK_SYS_PKGIAS20142CHECK_USE_CCIAS;IAS_CSHBNK_PKG;IAS_CSHBNK_PKGIAS20142CHECK_ACYI;IAS_CSHBNK_PKGIAS20142CHK_CB_BRN;IAS_CSHBNK_PKGIAS20142GET_A_CODE;IAS_CSHBNK_PKGIAS20142GET_CB_NAMEIAS;IAS_CST_PKG;IAS_CST_PKGIAS20142CHECK_ACY;IAS_GEN_PKG;IAS_GEN_PKGIAS20142GET_CNTIA;IAS_GEN_PKGIAS20142GET_CUR_RATEI;IAS_GEN_PKGIAS20142GET_FLD_VALUE;IAS_GEN_PKGIAS20142GET_FRST_DAYI;IAS_GEN_PKGIAS20142GET_SYSDATEIA;IAS_GET_DOC_DEL_FNC;IAS_GET_ENC_PASS_FNC;IAS_GET_ENC_PASS_FNCIAS20142IAS_GET_ENC_PASS_FNC;IAS_PJ_PKG;IAS_PJ_PKGIAS20142CHECK_PJ_ACTVI;IAS_PJ_PKGIAS20142CHECK_USE_ACTV;IAS_POST_IN_SAV_PKG;IAS_POST_IN_SAV_PKGIAS20142POST_DOC_IN_SAVIA;IAS_USR_PKG;IAS_USR_PKGIAS20142CHK_USR_FRM_PRVIA;IAS_USR_PKGIAS20142GET_USR_APPRV;IAS_USR_PKGIAS20142GET_USR_NMIAS,CREATE/SAVE;UPDATE;DELETE/VOID;POST;PRINT,FMX_STRING_EVIDENCE,oracle_forms/deep_catalog/form_field_trigger_catalog.jsonl
SHPT007.fmx,ADMIN,ONEX_ADMIN_WINDOW_API,44,8,238,590,IAS_AUDIT_PKG;IAS_AUDIT_PKGIAS20142AUDIT_PRCIA;IAS_AUD_SYS_PKG;IAS_AUD_SYS_PKGIAS20142ADD_DOC_DELIA;IAS_CHK_BRN_UP_DEL_FNC;IAS_CHK_BRN_UP_DEL_FNCIAS20142IAS_CHK_BRN_UP_DEL_FNC;IAS_GEN_PKG;IAS_GEN_PKGIAS20142GET_CNTIA;IAS_GEN_PKGIAS20142GET_CURDATEIA;IAS_GEN_PKGIAS20142GET_FLD_VALUE;IAS_GEN_PKGIAS20142GET_SYSDATEIA;IAS_GEN_PKGIAS20142GET_USR_NMIAS;IAS_GET_DOC_DEL_FNC;IAS_GET_ENC_PASS_FNC;IAS_GET_ENC_PASS_FNCIAS20142IAS_GET_ENC_PASS_FNC;IAS_USR_PKG;IAS_USR_PKGIAS20142CHK_USR_FRM_PRVIA;IAS_USR_PKGIAS20142GET_USR_APPRV;IAS_USR_PKGIAS20142GET_USR_NMIAS;YS_GEN_PKG;YS_GEN_PKGIAS20142GET_USR_FLD_PRVYS_,CREATE/SAVE;UPDATE;DELETE/VOID;POST;PRINT,FMX_STRING_EVIDENCE,oracle_forms/deep_catalog/form_field_trigger_catalog.jsonl
SHP_DBA.fmx,ADMIN,ONEX_ADMIN_WINDOW_API,24,9,841,1128,IAS_DBS_SYS_PKG;IAS_DBS_SYS_PKGIAS20142ALTR_DBSI;IAS_GEN_PKG;IAS_GEN_PKGIAS20142GET_CNTIA;IAS_GET_ENC_PASS_FNC;IAS_GET_ENC_PASS_FNCIAS20142IAS_GET_ENC_PASS_FNC;IAS_USR_PKG;IAS_USR_PKGIAS20142GET_USR_NMIAS;YS_GEN_PKG;YS_GEN_PKGIAS20142CHK_LOCK_RCRDY,UPDATE;POST;PRINT,FMX_STRING_EVIDENCE,oracle_forms/deep_catalog/form_field_trigger_catalog.jsonl
STNI001.fmx,ADMIN,ONEX_ADMIN_WINDOW_API,39,8,248,455,IAS_CHECK_SYS_PKG;IAS_CHECK_SYS_PKGIAS20142CHECK_BT_DATEIA;IAS_GEN_PKG;IAS_GEN_PKGIAS20142GET_CNTIA;IAS_GEN_PKGIAS20142GET_CURDATEIA;IAS_GEN_PKGIAS20142GET_USR_ADMIA;IAS_GEN_PKGIAS20142GET_USR_NMIAS;IAS_GET_ENC_PASS_FNC;IAS_GET_ENC_PASS_FNCIAS20142IAS_GET_ENC_PASS_FNC;IAS_USR_PKG;IAS_USR_PKGIAS20142CHK_USR_FRM_PRVIA;IAS_USR_PKGIAS20142GET_USR_APPRV;IAS_USR_PKGIAS20142GET_USR_NMIAS;YS_GEN_PKG;YS_GEN_PKGIAS20142GET_USR_FLD_PRVYS_,CREATE/SAVE;UPDATE;DELETE/VOID;POST;PRINT,FMX_STRING_EVIDENCE,oracle_forms/deep_catalog/form_field_trigger_catalog.jsonl
STNR001.fmx,ADMIN,ONEX_ADMIN_WINDOW_API,16,2,243,471,IAS_CHECK_SYS_PKG;IAS_CHECK_SYS_PKGIAS20142CHECK_BT_VALUEI;IAS_GEN_PKG;IAS_GEN_PKGIAS20142GET_PROMPTIAS;IAS_GET_ENC_PASS_FNC;IAS_GET_ENC_PASS_FNCIAS20142IAS_GET_ENC_PASS_FNC;IAS_USR_PKG;IAS_USR_PKGIAS20142GET_USR_NMIAS,PRINT,FMX_STRING_EVIDENCE,oracle_forms/deep_catalog/form_field_trigger_catalog.jsonl
STNR002.fmx,ADMIN,ONEX_ADMIN_WINDOW_API,17,2,145,482,IAS_CHECK_SYS_PKG;IAS_CHECK_SYS_PKGIAS20142CHECK_BT_DATEIA;IAS_CHECK_SYS_PKGIAS20142CHECK_BT_VALUEI;IAS_GEN_PKG;IAS_GEN_PKGIAS20142GET_PROMPTIAS;IAS_GET_ENC_PASS_FNC;IAS_GET_ENC_PASS_FNCIAS20142IAS_GET_ENC_PASS_FNC;IAS_USR_PKG;IAS_USR_PKGIAS20142GET_USR_NMIAS,PRINT,FMX_STRING_EVIDENCE,oracle_forms/deep_catalog/form_field_trigger_catalog.jsonl
STNR003.fmx,ADMIN,ONEX_ADMIN_WINDOW_API,15,2,265,493,IAS_CHECK_SYS_PKG;IAS_CHECK_SYS_PKGIAS20142CHECK_BT_DATEIA;IAS_CHECK_SYS_PKGIAS20142CHECK_BT_VALUEI;IAS_GET_ENC_PASS_FNC;IAS_GET_ENC_PASS_FNCIAS20142IAS_GET_ENC_PASS_FNC;IAS_USR_PKG;IAS_USR_PKGIAS20142GET_USR_NMIAS,PRINT,FMX_STRING_EVIDENCE,oracle_forms/deep_catalog/form_field_trigger_catalog.jsonl
STNR004.fmx,ADMIN,ONEX_ADMIN_WINDOW_API,18,2,343,581,IAS_GEN_PKG;IAS_GEN_PKGIAS20142GET_FRST_DAYI;IAS_GEN_PKGIAS20142GET_PROMPTIAS;IAS_GEN_PKGIAS20142GET_SYSDATEIA;IAS_GET_ENC_PASS_FNC;IAS_GET_ENC_PASS_FNCIAS20142IAS_GET_ENC_PASS_FNC;IAS_USR_PKG;IAS_USR_PKGIAS20142GET_USR_NMIAS;YS_GEN_PKG;YS_GEN_PKGIAS20142GET_FLG_NM,PRINT,FMX_STRING_EVIDENCE,oracle_forms/deep_catalog/form_field_trigger_catalog.jsonl
STNR005.fmx,ADMIN,ONEX_ADMIN_WINDOW_API,21,2,357,578,IAS_CHECK_SYS_PKG;IAS_CHECK_SYS_PKGIAS20142CHECK_BT_DATEIA;IAS_CHECK_SYS_PKGIAS20142CHECK_BT_VALUEI;IAS_GEN_PKG;IAS_GEN_PKGIAS20142GET_FRST_DAYI;IAS_GEN_PKGIAS20142GET_PROMPTIAS;IAS_GEN_PKGIAS20142GET_SYSDATEIA;IAS_GET_ENC_PASS_FNC;IAS_GET_ENC_PASS_FNCIAS20142IAS_GET_ENC_PASS_FNC;IAS_USR_PKG;IAS_USR_PKGIAS20142GET_USR_NMIAS;YS_GEN_PKG;YS_GEN_PKGIAS20142GET_FLG_NM,PRINT,FMX_STRING_EVIDENCE,oracle_forms/deep_catalog/form_field_trigger_catalog.jsonl
STNS002.fmx,ADMIN,ONEX_ADMIN_WINDOW_API,34,8,272,526,IAS_GEN_PKG;IAS_GEN_PKGIAS20142GET_CNTIA;IAS_GET_ENC_PASS_FNC;IAS_GET_ENC_PASS_FNCIAS20142IAS_GET_ENC_PASS_FNC;IAS_USR_PKG;IAS_USR_PKGIAS20142CHK_USR_FRM_PRVIA;IAS_USR_PKGIAS20142GET_USR_APPRV;IAS_USR_PKGIAS20142GET_USR_NMIAS;YS_GEN_PKG;YS_GEN_PKGIAS20142GET_USR_FLD_PRVYS_,CREATE/SAVE;UPDATE;DELETE/VOID;POST;PRINT,FMX_STRING_EVIDENCE,oracle_forms/deep_catalog/form_field_trigger_catalog.jsonl
STNS003.fmx,ADMIN,ONEX_ADMIN_WINDOW_API,39,8,420,612,IAS_GEN_PKG;IAS_GEN_PKGIAS20142GET_CNTIA;IAS_GEN_PKGIAS20142GET_CUR_RATEI;IAS_GEN_PKGIAS20142GET_HIGH_PRICEIAS;IAS_GEN_PKGIAS20142GET_LOW_PRICE;IAS_GET_ENC_PASS_FNC;IAS_GET_ENC_PASS_FNCIAS20142IAS_GET_ENC_PASS_FNC;IAS_ITM_PKG;IAS_ITM_PKGIAS20142GET_GRAND_WTAVGIA;IAS_USR_PKG;IAS_USR_PKGIAS20142CHK_USR_FRM_PRVIA;IAS_USR_PKGIAS20142GET_USR_APPRV;IAS_USR_PKGIAS20142GET_USR_NMIAS;YS_GEN_PKG;YS_GEN_PKGIAS20142GET_USR_FLD_PRVYS_,CREATE/SAVE;UPDATE;DELETE/VOID;POST;PRINT,FMX_STRING_EVIDENCE,oracle_forms/deep_catalog/form_field_trigger_catalog.jsonl
STNS004.fmx,ADMIN,ONEX_ADMIN_WINDOW_API,36,8,325,663,IAS_GEN_PKG;IAS_GEN_PKGIAS20142GET_CNTIA;IAS_GET_ENC_PASS_FNC;IAS_GET_ENC_PASS_FNCIAS20142IAS_GET_ENC_PASS_FNC;IAS_USR_PKG;IAS_USR_PKGIAS20142CHK_USR_FRM_PRVIA;IAS_USR_PKGIAS20142GET_USR_APPRV;IAS_USR_PKGIAS20142GET_USR_NMIAS;YS_EMP_PKG;YS_EMP_PKGIAS20142CHK_EMPYS_;YS_GEN_PKG;YS_GEN_PKGIAS20142GET_USR_FLD_PRVYS_,CREATE/SAVE;UPDATE;DELETE/VOID;POST;PRINT,FMX_STRING_EVIDENCE,oracle_forms/deep_catalog/form_field_trigger_catalog.jsonl
STNT001.fmx,ADMIN,ONEX_ADMIN_WINDOW_API,44,8,368,691,IAS_CHECK_SYS_PKG;IAS_CHECK_SYS_PKGIAS20142CHECK_BT_DATEIA;IAS_CHECK_SYS_PKGIAS20142CHECK_BT_VALUEI;IAS_CST_PKG;IAS_CST_PKGIAS20142GET_ACODE;IAS_CST_PKGIAS20142GET_C_NAMEIAS;IAS_GEN_PKG;IAS_GEN_PKGIAS20142GET_CNTIA;IAS_GEN_PKGIAS20142GET_CURDATEIA;IAS_GEN_PKGIAS20142GET_SYSDATEIA;IAS_GEN_PKGIAS20142GET_USR_ADMIA;IAS_GEN_PKGIAS20142GET_USR_NMIAS;IAS_GET_ENC_PASS_FNC;IAS_GET_ENC_PASS_FNCIAS20142IAS_GET_ENC_PASS_FNC;IAS_USR_PKG;IAS_USR_PKGIAS20142CHK_USR_FRM_PRVIA;IAS_USR_PKGIAS20142GET_USR_APPRV;IAS_USR_PKGIAS20142GET_USR_NMIAS;YS_GEN_PKG;YS_GEN_PKGIAS20142GET_USR_FLD_PRVYS_,CREATE/SAVE;UPDATE;DELETE/VOID;POST;PRINT,FMX_STRING_EVIDENCE,oracle_forms/deep_catalog/form_field_trigger_catalog.jsonl
STNT002.fmx,ADMIN,ONEX_ADMIN_WINDOW_API,69,8,613,936,IAS_ACTV_PKG;IAS_ACTV_PKGIAS20142CHK_ACTV;IAS_BRN_PKG;IAS_BRN_PKGIAS20142GET_BR_CMPIAS;IAS_CHECK_SYS_PKG;IAS_CHECK_SYS_PKGIAS20142CHECK_AC_ACY_INCTVI;IAS_CHECK_SYS_PKGIAS20142CHECK_AC_CC;IAS_CHECK_SYS_PKGIAS20142CHECK_BT_DATEIA;IAS_CHECK_SYS_PKGIAS20142CHECK_CUR_RATEI;IAS_CHECK_SYS_PKGIAS20142CHECK_USE_CCIAS;IAS_CSHBNK_PKG;IAS_CSHBNK_PKGIAS20142CHK_CB_BRN;IAS_CSHBNK_PKGIAS20142GET_A_CODE;IAS_CST_PKG;IAS_CST_PKGIAS20142GET_ACODE;IAS_GEN_PKG;IAS_GEN_PKGIAS20142GET_CNTIA;IAS_GEN_PKGIAS20142GET_CURDATEIA;IAS_GEN_PKGIAS20142GET_CUR_RATEI;IAS_GEN_PKGIAS20142GET_FLD_VALUE;IAS_GEN_PKGIAS20142GET_FRM_PRVIA;IAS_GEN_PKGIAS20142GET_FRST_DAYI;IAS_GEN_PKGIAS20142GET_MSGIA;IAS_GEN_PKGIAS20142GET_PROMPTIAS;IAS_GEN_PKGIAS20142GET_SYSDATEIA;IAS_GEN_PKGIAS20142GET_UPDATE_DOC_PERIOD;IAS_GEN_PKGIAS20142GET_USR_ADMIA;IAS_GEN_PKGIAS20142GET_USR_NMIAS;IAS_GET_ENC_PASS_FNC;IAS_GET_ENC_PASS_FNCIAS20142IAS_GET_ENC_PASS_FNC;IAS_PJ_PKG;IAS_PJ_PKGIAS20142CHECK_PJ_ACTVI;IAS_PJ_PKGIAS20142CHECK_USE_ACTV;IAS_POST_IN_SAV_PKG;IAS_POST_IN_SAV_PKGIAS20142UPDT_DOC_INFO;IAS_USR_PKG;IAS_USR_PKGIAS20142CHK_USR_FRM_PRVIA;IAS_USR_PKGIAS20142GET_USR_APPRV;IAS_USR_PKGIAS20142GET_USR_NMIAS;YS_GEN_PKG,CREATE/SAVE;UPDATE;DELETE/VOID;POST;PRINT,FMX_STRING_EVIDENCE,oracle_forms/deep_catalog/form_field_trigger_catalog.jsonl
STNT003.fmx,ADMIN,ONEX_ADMIN_WINDOW_API,80,8,704,1090,IAS_ACODE_PKG;IAS_ACODE_PKGIAS20142CHK_AC_CODE;IAS_ACODE_PKGIAS20142GET_AC_TYPE;IAS_ACODE_PKGIAS20142GET_A_NAMEI;IAS_ACODE_PKGIAS20142GET_CNT_ACY;IAS_ACTV_PKG;IAS_ACTV_PKGIAS20142CHK_ACTV;IAS_AUDIT_OTHR_PKG;IAS_AUDIT_OTHR_PKGIAS20142AUDIT_OTHR_PRC;IAS_CHECK_SYS_PKG;IAS_CHECK_SYS_PKGIAS20142CHECK_AC_ACY_INCTVI;IAS_CHECK_SYS_PKGIAS20142CHECK_CUR_RATEI;IAS_CSHBNK_PKG;IAS_CSHBNK_PKGIAS20142CHK_CB_BRN;IAS_CSHBNK_PKGIAS20142GET_CB_NOI;IAS_CST_PKG;IAS_CST_PKGIAS20142CHK_C_CODEIAS;IAS_CST_PKGIAS20142GET_ACODE;IAS_CST_PKGIAS20142GET_C_CODEIAS;IAS_CST_PKGIAS20142GET_C_NAMEIAS;IAS_CST_PKGIAS20142GET_ONE_CC_CSTIAS;IAS_GEN_PKG;IAS_GEN_PKGIAS20142GET_CNTIA;IAS_GEN_PKGIAS20142GET_CUR_RATEI;IAS_GEN_PKGIAS20142GET_DELETE_DOC_PERIOD;IAS_GEN_PKGIAS20142GET_FLD_VALUE;IAS_GEN_PKGIAS20142GET_HIGH_PRICEIAS;IAS_GEN_PKGIAS20142GET_LOW_PRICE;IAS_GEN_PKGIAS20142GET_MSGIA;IAS_GEN_PKGIAS20142GET_PROMPTIAS;IAS_GEN_PKGIAS20142GET_SYSDATEIA;IAS_GEN_PKGIAS20142GET_UPDATE_DOC_PERIOD;IAS_GET_ENC_PASS_FNC;IAS_GET_ENC_PASS_FNCIAS20142IAS_GET_ENC_PASS_FNC;IAS_ITM_PKG;IAS_ITM_PKGIAS20142GET_GRAND_WTAVGIA;IAS_PJ_PKG;IAS_PJ_PKGIAS20142CHECK_USE_ACTV;IAS_USR_PKG;IAS_USR_PKGIAS20142CHK_USR_FRM_PRVIA,CREATE/SAVE;UPDATE;DELETE/VOID;POST;PRINT,FMX_STRING_EVIDENCE,oracle_forms/deep_catalog/form_field_trigger_catalog.jsonl
STNT003_old.fmx,ADMIN,ONEX_ADMIN_WINDOW_API,74,8,710,1028,IAS_ACODE_PKG;IAS_ACODE_PKGIAS20142CHK_AC_CODE;IAS_ACODE_PKGIAS20142GET_AC_TYPE;IAS_ACODE_PKGIAS20142GET_A_NAMEI;IAS_ACODE_PKGIAS20142GET_CNT_ACY;IAS_ACTV_PKG;IAS_ACTV_PKGIAS20142CHK_ACTV;IAS_AUDIT_OTHR_PKG;IAS_AUDIT_OTHR_PKGIAS20142AUDIT_OTHR_PRC;IAS_CHECK_SYS_PKG;IAS_CHECK_SYS_PKGIAS20142CHECK_AC_ACY_INCTVI;IAS_CHECK_SYS_PKGIAS20142CHECK_CUR_RATEI;IAS_CSHBNK_PKG;IAS_CSHBNK_PKGIAS20142CHK_CB_BRN;IAS_CSHBNK_PKGIAS20142GET_CB_NOI;IAS_CST_PKG;IAS_CST_PKGIAS20142CHK_C_CODEIAS;IAS_CST_PKGIAS20142GET_ACODE;IAS_CST_PKGIAS20142GET_C_CODEIAS;IAS_CST_PKGIAS20142GET_C_NAMEIAS;IAS_CST_PKGIAS20142GET_ONE_CC_CSTIAS;IAS_GEN_PKG;IAS_GEN_PKGIAS20142GET_CNTIA;IAS_GEN_PKGIAS20142GET_CUR_RATEI;IAS_GEN_PKGIAS20142GET_DELETE_DOC_PERIOD;IAS_GEN_PKGIAS20142GET_FLD_VALUE;IAS_GEN_PKGIAS20142GET_MSGIA;IAS_GEN_PKGIAS20142GET_PROMPTIAS;IAS_GEN_PKGIAS20142GET_SYSDATEIA;IAS_GEN_PKGIAS20142GET_UPDATE_DOC_PERIOD;IAS_GET_ENC_PASS_FNC;IAS_GET_ENC_PASS_FNCIAS20142IAS_GET_ENC_PASS_FNC;IAS_PJ_PKG;IAS_PJ_PKGIAS20142CHECK_USE_ACTV;IAS_USR_PKG;IAS_USR_PKGIAS20142CHK_USR_FRM_PRVIA;IAS_USR_PKGIAS20142GET_USR_APPRV;IAS_USR_PKGIAS20142GET_USR_NMIAS;IAS_VNDR_PKG;IAS_VNDR_PKGIAS20142GET_ONE_CC_VNDIA,CREATE/SAVE;UPDATE;DELETE/VOID;POST;PRINT,FMX_STRING_EVIDENCE,oracle_forms/deep_catalog/form_field_trigger_catalog.jsonl
STNT004.fmx,ADMIN,ONEX_ADMIN_WINDOW_API,46,6,504,765,IAS_CC_CODE_PKG;IAS_CC_CODE_PKGIAS20142GET_CC_NO;IAS_CC_CODE_PKGIAS20142GET_CC_SERIAS;IAS_CHECK_SYS_PKG;IAS_CHECK_SYS_PKGIAS20142CHECK_BT_DATEIA;IAS_CHECK_SYS_PKGIAS20142CHECK_BT_VALUEI;IAS_CST_PKG;IAS_GEN_PKG;IAS_GEN_PKGIAS20142GET_CUR_RATEI;IAS_GEN_PKGIAS20142GET_MSGIA;IAS_GEN_PKGIAS20142GET_PROMPTIAS;IAS_GET_ENC_PASS_FNC;IAS_GET_ENC_PASS_FNCIAS20142IAS_GET_ENC_PASS_FNC;IAS_INSRT_OUT_BILLS_PKG;IAS_INSRT_OUT_BILLS_PKGIAS20142GET_OUT_NOIAS;IAS_INSRT_OUT_BILLS_PKGIAS20142GET_OUT_SERIA;IAS_INSRT_OUT_BILLS_PKGIAS20142INSRT_OUT_BILLSIA;IAS_ITM_INV_PKG;IAS_ITM_INV_PKGIAS20142GET_ITM_COSTI;IAS_ITM_INV_PKGIAS20142INSRT_SALE_COSTIA;IAS_ITM_PKG;IAS_POSTING_PKG;IAS_POSTING_PKGIAS20142CHECK_ACODEIA;IAS_POSTING_PKGIAS20142GET_INTRFC_CODEIA;IAS_POSTING_PKGIAS20142INSRT_POST_DTLIAS;IAS_POST_IN_SAV_PKG;IAS_POST_IN_SAV_PKGIAS20142POST_DOC_IN_SAVIA;IAS_USR_PKG;IAS_USR_PKGIAS20142GET_USR_NMIAS;IAS_WCODE_PKG;IAS_WCODE_PKGIAS20142GET_WC_SERI;YS_GEN_PKG;YS_GEN_PKGIAS20142GET_FINAL_DAYY;YS_GEN_PKGIAS20142GET_FRST_DAYYS;YS_GEN_PKGIAS20142GET_SYSDATEYS_,CREATE/SAVE;POST;PRINT,FMX_STRING_EVIDENCE,oracle_forms/deep_catalog/form_field_trigger_catalog.jsonl
TELEYEMEN_FNGI008.fmx,ADMIN,ONEX_ADMIN_WINDOW_API,47,8,779,1618,IAS_DBS_SYS_PKG;IAS_GEN_PKG;IAS_GEN_PKGIAS201556GET_MSGI;IAS_GEN_PKGIAS201556GET_PROMPTIA;IAS_GET_ENC_PASS_FNC;IAS_PRMTR_PKG;IAS_PRMTR_PKGIAS201556GETPVALIAS;IAS_USR_PKG;IAS_USR_PKGIAS201556CHK_USR_FRM_PRVI;IAS_USR_PKGIAS201556GET_USR_APPRVIAS;IAS_USR_PKGIAS201556GET_USR_NMIA;YS_EMP_PKG;YS_EMP_PKGIAS201556GET_EMP_BRNYS;YS_EMP_PKGIAS201556GET_EMP_NMYS_;YS_GEN_PKG;YS_GEN_PKGIAS201556CHK_LOCK_RCRD;YS_GEN_PKGIAS201556GET_USR_FLD_PRVYS;YS_SRL_SCR_PKG;YS_SRL_SCR_PKGIAS201556GET_SYS_SQYS_,CREATE/SAVE;UPDATE;DELETE/VOID;POST;PRINT,FMX_STRING_EVIDENCE,oracle_forms/deep_catalog/form_field_trigger_catalog.jsonl
YS_EMP_TRNS.fmx,ADMIN,ONEX_ADMIN_WINDOW_API,18,5,244,275,IAS_CHECK_SYS_PKG;IAS_CHECK_SYS_PKGIAS20142CHECK_BT_DATEIA;IAS_USR_PKG;IAS_USR_PKGIAS20142CHK_USR_FRM_PRVIA;YS_EMP_PKG;YS_EMP_PKGIAS20142GET_EMP_NM;YS_GEN_PKG;YS_GEN_PKGIAS20142GET_PROMPT,POST;PRINT,FMX_STRING_EVIDENCE,oracle_forms/deep_catalog/form_field_trigger_catalog.jsonl
YS_EMP_UPD_DATA.fmx,ADMIN,ONEX_ADMIN_WINDOW_API,50,8,401,713,IAS_AUD_SYS_PKG;IAS_AUD_SYS_PKGIAS20142SET_PARAI;IAS_CHECK_SYS_PKG;IAS_CHECK_SYS_PKGIAS20142CHECK_BT_VALUEI;IAS_GEN_PKG;IAS_GEN_PKGIAS20142GET_PROMPTIAS;IAS_GET_ENC_PASS_FNC;IAS_GET_ENC_PASS_FNCIAS20142IAS_GET_ENC_PASS_FNC;IAS_USR_PKG;IAS_USR_PKGIAS20142CHK_USR_FRM_PRVIA;IAS_USR_PKGIAS20142GET_USR_APPRV;IAS_USR_PKGIAS20142GET_USR_NMIAS;YS_EMP_PKG;YS_EMP_PKGIAS20142CHK_EMPYS_;YS_EMP_PKGIAS20142GET_EMP_FLDYS_;YS_EMP_PKGIAS20142GET_EMP_FLD_VALYS_;YS_EMP_PKGIAS20142GET_EMP_NM;YS_EMP_PKGIAS20142GET_HRCHY_NMYS;YS_GEN_PKG;YS_GEN_PKGIAS20142CHK_LOCK_RCRDY;YS_GEN_PKGIAS20142GET_EXTRA_PRMTRSYS;YS_GEN_PKGIAS20142GET_USR_FLD_PRVYS_;YS_SRL_SCR_PKG;YS_SRL_SCR_PKGIAS20142GET_SYS_SQ,CREATE/SAVE;UPDATE;DELETE/VOID;POST;PRINT,FMX_STRING_EVIDENCE,oracle_forms/deep_catalog/form_field_trigger_catalog.jsonl
YS_FAS_FLTR.fmx,ADMIN,ONEX_ADMIN_WINDOW_API,42,8,352,675,IAS_GEN_PKG;IAS_GEN_PKGIAS20142GET_FRM_PRVIA;IAS_GEN_PKGIAS20142GET_PROMPTIAS;IAS_GET_ENC_PASS_FNC;IAS_GET_ENC_PASS_FNCIAS20142IAS_GET_ENC_PASS_FNC;IAS_USR_PKG;IAS_USR_PKGIAS20142CHK_USR_FRM_PRVIA;IAS_USR_PKGIAS20142GET_USR_APPRV;IAS_USR_PKGIAS20142GET_USR_NMIAS;YS_GEN_PKG;YS_GEN_PKGIAS20142CHK_LOCK_RCRDY;YS_GEN_PKGIAS20142GET_FRM_NM;YS_GEN_PKGIAS20142GET_PROMPT;YS_GEN_PKGIAS20142GET_SYSDATEYS_;YS_GEN_PKGIAS20142GET_USR_FLD_PRVYS_;YS_SCR_PKG;YS_SCR_PKGIAS20142GET_SCR_DOC_TYPYS_;YS_SCR_PKGIAS20142GET_SCR_SYS_NO;YS_SRL_SCR_PKG;YS_SRL_SCR_PKGIAS20142GET_SYS_SQ,CREATE/SAVE;UPDATE;DELETE/VOID;POST;PRINT,FMX_STRING_EVIDENCE,oracle_forms/deep_catalog/form_field_trigger_catalog.jsonl
YS_HRS_FLTR.fmx,ADMIN,ONEX_ADMIN_WINDOW_API,43,8,363,674,IAS_GEN_PKG;IAS_GEN_PKGIAS20142GET_FRM_PRVIA;IAS_GEN_PKGIAS20142GET_PROMPTIAS;IAS_GET_ENC_PASS_FNC;IAS_GET_ENC_PASS_FNCIAS20142IAS_GET_ENC_PASS_FNC;IAS_USR_PKG;IAS_USR_PKGIAS20142CHK_USR_FRM_PRVIA;IAS_USR_PKGIAS20142GET_USR_APPRV;IAS_USR_PKGIAS20142GET_USR_NMIAS;YS_GEN_PKG;YS_GEN_PKGIAS20142CHK_LOCK_RCRDY;YS_GEN_PKGIAS20142GET_CNTYS_;YS_GEN_PKGIAS20142GET_FRM_NM;YS_GEN_PKGIAS20142GET_PROMPT;YS_GEN_PKGIAS20142GET_SYSDATEYS_;YS_GEN_PKGIAS20142GET_USR_FLD_PRVYS_;YS_SCR_PKG;YS_SCR_PKGIAS20142GET_SCR_DOC_TYPYS_;YS_SCR_PKGIAS20142GET_SCR_SYS_NO;YS_SRL_SCR_PKG;YS_SRL_SCR_PKGIAS20142GET_SYS_SQ,CREATE/SAVE;UPDATE;DELETE/VOID;POST;PRINT,FMX_STRING_EVIDENCE,oracle_forms/deep_catalog/form_field_trigger_catalog.jsonl
YS_ICODE_LOV.fmx,ADMIN,ONEX_ADMIN_WINDOW_API,13,0,269,484,IAS_GEN_PKG;IAS_GEN_PKGIAS20142GET_PROMPTIAS;IAS_ITM_PKG;IAS_ITM_PKGIAS20142GET_ICODE_UNT;YS_ITM_LOV_PKG;YS_ITM_LOV_PKGIAS20142CLR_ITM_LSTYS_;YS_ITM_LOV_PKGIAS20142DESLCT_ITM;YS_ITM_LOV_PKGIAS20142SLCT_ITMYS,DELETE/VOID,FMX_STRING_EVIDENCE,oracle_forms/deep_catalog/form_field_trigger_catalog.jsonl
YS_IMPXLS_EMP.fmx,ADMIN,ONEX_ADMIN_WINDOW_API,47,8,353,634,IAS_BRN_PKG;IAS_DBS_SYS_PKG;IAS_DBS_SYS_PKGIAS20142CHECK_OBJECTI;IAS_DBS_SYS_PKGIAS20142GET_COMMENTIA;IAS_GET_ENC_PASS_FNC;IAS_GET_ENC_PASS_FNCIAS20142IAS_GET_ENC_PASS_FNC;IAS_USR_PKG;IAS_USR_PKGIAS20142CHK_USR_FRM_PRVIA;IAS_USR_PKGIAS20142GET_USR_APPRV;IAS_USR_PKGIAS20142GET_USR_NMIAS;YS_GEN_PKG;YS_GEN_PKGIAS20142CHK_INACTV_SYSTEMY;YS_GEN_PKGIAS20142CHK_LOCK_RCRDY;YS_GEN_PKGIAS20142GET_CNTYS_;YS_GEN_PKGIAS20142GET_MSGYS_;YS_GEN_PKGIAS20142GET_PROMPT;YS_GEN_PKGIAS20142GET_USR_FLD_PRVYS_;YS_SCR_PKG;YS_SCR_PKGIAS20142GET_SCR_NM;YS_SRL_SCR_PKG;YS_SRL_SCR_PKGIAS20142GET_SYS_SQ,CREATE/SAVE;UPDATE;DELETE/VOID;POST;PRINT,FMX_STRING_EVIDENCE,oracle_forms/deep_catalog/form_field_trigger_catalog.jsonl
YS_IMPXLS_HRCHY.fmx,ADMIN,ONEX_ADMIN_WINDOW_API,38,8,220,417,IAS_DBS_SYS_PKG;IAS_GET_ENC_PASS_FNC;IAS_GET_ENC_PASS_FNCIAS20142IAS_GET_ENC_PASS_FNC;IAS_USR_PKG;IAS_USR_PKGIAS20142CHK_USR_FRM_PRVIA;IAS_USR_PKGIAS20142GET_USR_APPRV;IAS_USR_PKGIAS20142GET_USR_NMIAS;YS_GEN_PKG;YS_GEN_PKGIAS20142CHK_LOCK_RCRDY;YS_GEN_PKGIAS20142GET_MSGYS_;YS_GEN_PKGIAS20142GET_USR_FLD_PRVYS_;YS_SCR_PKG;YS_SCR_PKGIAS20142GET_SCR_NM;YS_SRL_SCR_PKG;YS_SRL_SCR_PKGIAS20142GET_SYS_SQ,CREATE/SAVE;UPDATE;DELETE/VOID;POST;PRINT,FMX_STRING_EVIDENCE,oracle_forms/deep_catalog/form_field_trigger_catalog.jsonl
activation_code.fmx,ADMIN,ONEX_ADMIN_WINDOW_API,4,0,88,809,IAS_ENCDEC_PKG;IAS_ENCDEC_PKGIAS_SYS;IAS_ENCDEC_PKGIAS_SYSIAS_RAW_ENC,READ/REVIEW,FMX_STRING_EVIDENCE,oracle_forms/deep_catalog/form_field_trigger_catalog.jsonl
fast090.fmx,ADMIN,ONEX_ADMIN_WINDOW_API,79,8,535,907,IAS_ACODE_PKG;IAS_ACODE_PKGIAS20142CHECK_ACYIA;IAS_ACODE_PKGIAS20142CHK_AC_CODE;IAS_ACODE_PKGIAS20142GET_AC_TYPE;IAS_ACODE_PKGIAS20142GET_A_NAMEI;IAS_ACODE_PKGIAS20142GET_CNT_ACY;IAS_ACODE_PKGIAS20142GET_ONE_ACY_ACI;IAS_BRN_PKG;IAS_BRN_PKGIAS20142GET_BR_CMPIAS;IAS_CHECK_SYS_PKG;IAS_CHECK_SYS_PKGIAS20142CHECK_AC_ACY_INCTVI;IAS_CHECK_SYS_PKGIAS20142CHECK_CUR_RATEI;IAS_CSHBNK_PKG;IAS_CSHBNK_PKGIAS20142CHECK_ACYI;IAS_CSHBNK_PKGIAS20142CHK_CB_BRN;IAS_CSHBNK_PKGIAS20142GET_A_CODE;IAS_CST_PKG;IAS_CST_PKGIAS20142CHECK_ACY;IAS_CST_PKGIAS20142GET_ACODE;IAS_GEN_PKG;IAS_GEN_PKGIAS20142GET_CUR_RATEI;IAS_GEN_PKGIAS20142GET_SYSDATEIA;IAS_GET_DOC_DEL_FNC;IAS_GET_ENC_PASS_FNC;IAS_GET_ENC_PASS_FNCIAS20142IAS_GET_ENC_PASS_FNC;IAS_USR_PKG;IAS_USR_PKGIAS20142CHK_USR_FRM_PRVIA;IAS_USR_PKGIAS20142GET_USR_APPRV;IAS_USR_PKGIAS20142GET_USR_NMIAS;IAS_VNDR_PKG;IAS_VNDR_PKGIAS20142CHECK_ACYIAS;IAS_VNDR_PKGIAS20142GET_ACODEIAS;YS_AC_DTL_PKG;YS_AC_DTL_PKGIAS20142CHK_AC_DTLY;YS_AC_DTL_PKGIAS20142CHK_AC_DTL_ACYY;YS_AC_DTL_PKGIAS20142CHK_INACTV_ACYY;YS_AC_DTL_PKGIAS20142GET_AC_DTL_TYPY;YS_AC_DTL_PKGIAS20142GET_ONE_ACY_AC_DTLY;YS_APPRVD_PKG;YS_APPRVD_PKGIAS20142DEL_APPRVD_LVLY,CREATE/SAVE;UPDATE;DELETE/VOID;POST;PRINT,FMX_STRING_EVIDENCE,oracle_forms/deep_catalog/form_field_trigger_catalog.jsonl
glsi007_acc_pj.fmx,GL,ONEX_GL_WINDOW_API,40,8,213,418,IAS_ACODE_PKG;IAS_ACODE_PKGIAS20142GET_A_NAMEI;IAS_CC_CODE_PKG;IAS_CC_CODE_PKGIAS20142GET_CC_NAMEIA;IAS_CHECK_SYS_PKG;IAS_CHECK_SYS_PKGIAS20142CHECK_BT_VALUEI;IAS_GEN_PKG;IAS_GEN_PKGIAS20142GET_CURDATEIA;IAS_GEN_PKGIAS20142GET_LOCAL_CUR;IAS_GEN_PKGIAS20142GET_PROMPTIAS;IAS_GET_ENC_PASS_FNC;IAS_GET_ENC_PASS_FNCIAS20142IAS_GET_ENC_PASS_FNC;IAS_USR_PKG;IAS_USR_PKGIAS20142CHK_USR_FRM_PRVIA;IAS_USR_PKGIAS20142GET_USR_APPRV;IAS_USR_PKGIAS20142GET_USR_NMIAS;YS_GEN_PKG;YS_GEN_PKGIAS20142GET_USR_FLD_PRVYS_,CREATE/SAVE;UPDATE;DELETE/VOID;POST;PRINT,FMX_STRING_EVIDENCE,oracle_forms/deep_catalog/form_field_trigger_catalog.jsonl
hrst0_11.fmx,HR,ONEX_HR_WINDOW_API,103,8,622,1054,IAS_ACODE_PKG;IAS_ACODE_PKGIAS201556GET_A_NAME;IAS_ACTV_PKG;IAS_ACTV_PKGIAS201556CHK_ACTVIAS;IAS_ACTV_PKGIAS201556GET_ACTV_NAMEIA;IAS_AUD_SYS_PKG;IAS_AUD_SYS_PKGIAS201556ADD_DOC_DELI;IAS_CC_CODE_PKG;IAS_CC_CODE_PKGIAS201556GET_CC_NAMEI;IAS_CHECK_SYS_PKG;IAS_CHECK_SYS_PKGIAS201556CHECK_BT_DATEI;IAS_GEN_PKG;IAS_GEN_PKGIAS201556GET_CURDATEI;IAS_GEN_PKGIAS201556GET_PROMPTIA;IAS_GET_DOC_DEL_FNC;IAS_GET_ENC_PASS_FNC;IAS_PJ_PKG;IAS_PJ_PKGIAS201556GET_PJ_NAMEIA;IAS_USR_PKG;IAS_USR_PKGIAS201556CHK_USR_FRM_PRVI;IAS_USR_PKGIAS201556GET_USR_APPRVIAS;IAS_USR_PKGIAS201556GET_USR_NMIA;YS_EMP_PKG;YS_EMP_PKGIAS201556CHK_EMPYS;YS_EMP_PKGIAS201556GET_EMP_FLDYS;YS_EMP_PKGIAS201556GET_EMP_SLRY_CALC;YS_GEN_PKG;YS_GEN_PKGIAS201556CHK_INACTV_SYSTEM;YS_GEN_PKGIAS201556GET_CNTYS;YS_GEN_PKGIAS201556GET_CURDATEYS;YS_GEN_PKGIAS201556GET_DELETE_DOC_PERIOD;YS_GEN_PKGIAS201556GET_FLD_VALUE;YS_GEN_PKGIAS201556GET_MSGYS;YS_GEN_PKGIAS201556GET_PROMPTYS_;YS_GEN_PKGIAS201556GET_SYSDATEYS;YS_GEN_PKGIAS201556GET_UPDATE_DOC_PERIOD;YS_GEN_PKGIAS201556GET_USR_FLD_PRVYS;YS_SRL_SCR_PKG;YS_SRL_SCR_PKGIAS201556GET_SYS_SQYS_,CREATE/SAVE;UPDATE;DELETE/VOID;POST;PRINT,FMX_STRING_EVIDENCE,oracle_forms/deep_catalog/form_field_trigger_catalog.jsonl
jv_types.fmx,ADMIN,ONEX_ADMIN_WINDOW_API,0,0,0,17,,READ/REVIEW,FMX_STRING_EVIDENCE,oracle_forms/deep_catalog/form_field_trigger_catalog.jsonl
mrpbom02.fmx,MRP,ONEX_MRP_WINDOW_API,29,1,498,675,YS_GEN_PKG;YS_GEN_PKGIAS201519GET_CNTYS,READ/REVIEW,FMX_STRING_EVIDENCE,oracle_forms/deep_catalog/form_field_trigger_catalog.jsonl
mrpcrp22.fmx,MRP,ONEX_MRP_WINDOW_API,3,1,64,228,YS_GEN_PKG;YS_GEN_PKGIAS20142GET_CNTYS_,READ/REVIEW,FMX_STRING_EVIDENCE,oracle_forms/deep_catalog/form_field_trigger_catalog.jsonl
mrpmps03.fmx,MRP,ONEX_MRP_WINDOW_API,21,1,301,437,,READ/REVIEW,FMX_STRING_EVIDENCE,oracle_forms/deep_catalog/form_field_trigger_catalog.jsonl
mrprepmps001.fmx,MRP,ONEX_MRP_WINDOW_API,7,1,255,364,,READ/REVIEW,FMX_STRING_EVIDENCE,oracle_forms/deep_catalog/form_field_trigger_catalog.jsonl
mrprepmps0062.fmx,MRP,ONEX_MRP_WINDOW_API,1,0,271,382,,READ/REVIEW,FMX_STRING_EVIDENCE,oracle_forms/deep_catalog/form_field_trigger_catalog.jsonl
mrprepsgs008.fmx,MRP,ONEX_MRP_WINDOW_API,4,0,43,214,,READ/REVIEW,FMX_STRING_EVIDENCE,oracle_forms/deep_catalog/form_field_trigger_catalog.jsonl
mrprepsgs021.fmx,MRP,ONEX_MRP_WINDOW_API,4,0,104,215,,READ/REVIEW,FMX_STRING_EVIDENCE,oracle_forms/deep_catalog/form_field_trigger_catalog.jsonl
mrpsgs05.fmx,MRP,ONEX_MRP_WINDOW_API,3,0,203,214,YS_GEN_PKG;YS_GEN_PKGIAS20142GET_CNTYS_,READ/REVIEW,FMX_STRING_EVIDENCE,oracle_forms/deep_catalog/form_field_trigger_catalog.jsonl
mrpsgs12.fmx,MRP,ONEX_MRP_WINDOW_API,3,0,162,237,YS_GEN_PKG;YS_GEN_PKGIAS20155GET_CNTYS_,READ/REVIEW,FMX_STRING_EVIDENCE,oracle_forms/deep_catalog/form_field_trigger_catalog.jsonl
mrpsgs21.fmx,MRP,ONEX_MRP_WINDOW_API,5,0,188,340,YS_GEN_PKG;YS_GEN_PKGIAS20155GET_CNTYS_,READ/REVIEW,FMX_STRING_EVIDENCE,oracle_forms/deep_catalog/form_field_trigger_catalog.jsonl
mtxacount.fmx,INVENTORY,ONEX_INVENTORY_WINDOW_API,1,5,160,260,,READ/REVIEW,FMX_STRING_EVIDENCE,oracle_forms/deep_catalog/form_field_trigger_catalog.jsonl
mtxbckrp01.fmx,INVENTORY,ONEX_INVENTORY_WINDOW_API,1,1,155,214,,READ/REVIEW,FMX_STRING_EVIDENCE,oracle_forms/deep_catalog/form_field_trigger_catalog.jsonl
mtxbckrp02.fmx,INVENTORY,ONEX_INVENTORY_WINDOW_API,1,1,157,215,,READ/REVIEW,FMX_STRING_EVIDENCE,oracle_forms/deep_catalog/form_field_trigger_catalog.jsonl
mtxbll002.fmx,INVENTORY,ONEX_INVENTORY_WINDOW_API,1,1,164,256,,READ/REVIEW,FMX_STRING_EVIDENCE,oracle_forms/deep_catalog/form_field_trigger_catalog.jsonl
mtxcckr02.fmx,INVENTORY,ONEX_INVENTORY_WINDOW_API,1,0,143,228,,READ/REVIEW,FMX_STRING_EVIDENCE,oracle_forms/deep_catalog/form_field_trigger_catalog.jsonl
mtxcod001.fmx,INVENTORY,ONEX_INVENTORY_WINDOW_API,1,0,125,247,,READ/REVIEW,FMX_STRING_EVIDENCE,oracle_forms/deep_catalog/form_field_trigger_catalog.jsonl
mtxcod002.fmx,INVENTORY,ONEX_INVENTORY_WINDOW_API,1,0,0,155,,READ/REVIEW,FMX_STRING_EVIDENCE,oracle_forms/deep_catalog/form_field_trigger_catalog.jsonl
mtxcod015.fmx,INVENTORY,ONEX_INVENTORY_WINDOW_API,1,1,81,168,,READ/REVIEW,FMX_STRING_EVIDENCE,oracle_forms/deep_catalog/form_field_trigger_catalog.jsonl
mtxcod017.fmx,INVENTORY,ONEX_INVENTORY_WINDOW_API,1,0,61,155,,READ/REVIEW,FMX_STRING_EVIDENCE,oracle_forms/deep_catalog/form_field_trigger_catalog.jsonl
mtxcod018.fmx,INVENTORY,ONEX_INVENTORY_WINDOW_API,1,0,13,157,,READ/REVIEW,FMX_STRING_EVIDENCE,oracle_forms/deep_catalog/form_field_trigger_catalog.jsonl
mtxcod020.fmx,INVENTORY,ONEX_INVENTORY_WINDOW_API,1,1,240,262,,READ/REVIEW,FMX_STRING_EVIDENCE,oracle_forms/deep_catalog/form_field_trigger_catalog.jsonl
mtxcsttr01.fmx,INVENTORY,ONEX_INVENTORY_WINDOW_API,1,1,197,322,,READ/REVIEW,FMX_STRING_EVIDENCE,oracle_forms/deep_catalog/form_field_trigger_catalog.jsonl
mtxcustr01.fmx,INVENTORY,ONEX_INVENTORY_WINDOW_API,1,1,138,322,,READ/REVIEW,FMX_STRING_EVIDENCE,oracle_forms/deep_catalog/form_field_trigger_catalog.jsonl
mtxdba002.fmx,INVENTORY,ONEX_INVENTORY_WINDOW_API,0,0,0,7,,READ/REVIEW,FMX_STRING_EVIDENCE,oracle_forms/deep_catalog/form_field_trigger_catalog.jsonl
mtxfeer03.fmx,INVENTORY,ONEX_INVENTORY_WINDOW_API,1,1,149,237,,READ/REVIEW,FMX_STRING_EVIDENCE,oracle_forms/deep_catalog/form_field_trigger_catalog.jsonl
mtxfeer04.fmx,INVENTORY,ONEX_INVENTORY_WINDOW_API,1,1,150,232,,READ/REVIEW,FMX_STRING_EVIDENCE,oracle_forms/deep_catalog/form_field_trigger_catalog.jsonl
mtxfeer05.fmx,INVENTORY,ONEX_INVENTORY_WINDOW_API,1,1,134,247,,READ/REVIEW,FMX_STRING_EVIDENCE,oracle_forms/deep_catalog/form_field_trigger_catalog.jsonl
mtxfeer06.fmx,INVENTORY,ONEX_INVENTORY_WINDOW_API,1,1,151,223,,READ/REVIEW,FMX_STRING_EVIDENCE,oracle_forms/deep_catalog/form_field_trigger_catalog.jsonl
mtxfeout01.fmx,INVENTORY,ONEX_INVENTORY_WINDOW_API,1,1,146,236,,READ/REVIEW,FMX_STRING_EVIDENCE,oracle_forms/deep_catalog/form_field_trigger_catalog.jsonl
mtxfil001.fmx,INVENTORY,ONEX_INVENTORY_WINDOW_API,1,0,71,198,,READ/REVIEW,FMX_STRING_EVIDENCE,oracle_forms/deep_catalog/form_field_trigger_catalog.jsonl
mtxgld002.fmx,INVENTORY,ONEX_INVENTORY_WINDOW_API,1,1,82,172,,READ/REVIEW,FMX_STRING_EVIDENCE,oracle_forms/deep_catalog/form_field_trigger_catalog.jsonl
mtxgld010.fmx,INVENTORY,ONEX_INVENTORY_WINDOW_API,1,1,416,665,,READ/REVIEW,FMX_STRING_EVIDENCE,oracle_forms/deep_catalog/form_field_trigger_catalog.jsonl
mtxgld011.fmx,INVENTORY,ONEX_INVENTORY_WINDOW_API,1,1,350,663,,READ/REVIEW,FMX_STRING_EVIDENCE,oracle_forms/deep_catalog/form_field_trigger_catalog.jsonl
mtxgld016.fmx,INVENTORY,ONEX_INVENTORY_WINDOW_API,1,2,563,894,,READ/REVIEW,FMX_STRING_EVIDENCE,oracle_forms/deep_catalog/form_field_trigger_catalog.jsonl
mtxgld022.fmx,INVENTORY,ONEX_INVENTORY_WINDOW_API,1,1,80,269,,READ/REVIEW,FMX_STRING_EVIDENCE,oracle_forms/deep_catalog/form_field_trigger_catalog.jsonl
mtxinr005.fmx,INVENTORY,ONEX_INVENTORY_WINDOW_API,1,1,184,248,,READ/REVIEW,FMX_STRING_EVIDENCE,oracle_forms/deep_catalog/form_field_trigger_catalog.jsonl
mtxinrep01.fmx,INVENTORY,ONEX_INVENTORY_WINDOW_API,1,1,159,221,,READ/REVIEW,FMX_STRING_EVIDENCE,oracle_forms/deep_catalog/form_field_trigger_catalog.jsonl
mtxinw001.fmx,INVENTORY,ONEX_INVENTORY_WINDOW_API,2,1,743,1932,,READ/REVIEW,FMX_STRING_EVIDENCE,oracle_forms/deep_catalog/form_field_trigger_catalog.jsonl
mtxirp011.fmx,INVENTORY,ONEX_INVENTORY_WINDOW_API,1,0,92,178,,READ/REVIEW,FMX_STRING_EVIDENCE,oracle_forms/deep_catalog/form_field_trigger_catalog.jsonl
mtxirp015.fmx,INVENTORY,ONEX_INVENTORY_WINDOW_API,1,0,153,236,,READ/REVIEW,FMX_STRING_EVIDENCE,oracle_forms/deep_catalog/form_field_trigger_catalog.jsonl
mtxmnt005.fmx,INVENTORY,ONEX_INVENTORY_WINDOW_API,1,1,142,303,,READ/REVIEW,FMX_STRING_EVIDENCE,oracle_forms/deep_catalog/form_field_trigger_catalog.jsonl
mtxmnt006.fmx,INVENTORY,ONEX_INVENTORY_WINDOW_API,1,0,213,216,,READ/REVIEW,FMX_STRING_EVIDENCE,oracle_forms/deep_catalog/form_field_trigger_catalog.jsonl
mtxmnt009.fmx,INVENTORY,ONEX_INVENTORY_WINDOW_API,1,1,144,273,,READ/REVIEW,FMX_STRING_EVIDENCE,oracle_forms/deep_catalog/form_field_trigger_catalog.jsonl
mtxorp021.fmx,INVENTORY,ONEX_INVENTORY_WINDOW_API,1,0,187,249,,READ/REVIEW,FMX_STRING_EVIDENCE,oracle_forms/deep_catalog/form_field_trigger_catalog.jsonl
mtxout012.fmx,INVENTORY,ONEX_INVENTORY_WINDOW_API,1,0,276,410,,READ/REVIEW,FMX_STRING_EVIDENCE,oracle_forms/deep_catalog/form_field_trigger_catalog.jsonl
mtxout013.fmx,INVENTORY,ONEX_INVENTORY_WINDOW_API,1,0,143,253,,READ/REVIEW,FMX_STRING_EVIDENCE,oracle_forms/deep_catalog/form_field_trigger_catalog.jsonl
mtxoutr002.fmx,INVENTORY,ONEX_INVENTORY_WINDOW_API,1,1,149,223,,READ/REVIEW,FMX_STRING_EVIDENCE,oracle_forms/deep_catalog/form_field_trigger_catalog.jsonl
mtxprv001.fmx,INVENTORY,ONEX_INVENTORY_WINDOW_API,1,1,173,196,,READ/REVIEW,FMX_STRING_EVIDENCE,oracle_forms/deep_catalog/form_field_trigger_catalog.jsonl
mtxprv002.fmx,INVENTORY,ONEX_INVENTORY_WINDOW_API,1,1,90,192,,READ/REVIEW,FMX_STRING_EVIDENCE,oracle_forms/deep_catalog/form_field_trigger_catalog.jsonl
mtxrp43.fmx,INVENTORY,ONEX_INVENTORY_WINDOW_API,1,1,199,247,,READ/REVIEW,FMX_STRING_EVIDENCE,oracle_forms/deep_catalog/form_field_trigger_catalog.jsonl
mtxstp003.fmx,INVENTORY,ONEX_INVENTORY_WINDOW_API,1,1,189,413,,READ/REVIEW,FMX_STRING_EVIDENCE,oracle_forms/deep_catalog/form_field_trigger_catalog.jsonl
mtxstp004.fmx,INVENTORY,ONEX_INVENTORY_WINDOW_API,1,0,147,226,,READ/REVIEW,FMX_STRING_EVIDENCE,oracle_forms/deep_catalog/form_field_trigger_catalog.jsonl
mtxstp017.fmx,INVENTORY,ONEX_INVENTORY_WINDOW_API,1,1,115,334,,READ/REVIEW,FMX_STRING_EVIDENCE,oracle_forms/deep_catalog/form_field_trigger_catalog.jsonl
mtxstp029.fmx,INVENTORY,ONEX_INVENTORY_WINDOW_API,1,1,124,232,,READ/REVIEW,FMX_STRING_EVIDENCE,oracle_forms/deep_catalog/form_field_trigger_catalog.jsonl
mtxstp030.fmx,INVENTORY,ONEX_INVENTORY_WINDOW_API,1,1,139,213,,READ/REVIEW,FMX_STRING_EVIDENCE,oracle_forms/deep_catalog/form_field_trigger_catalog.jsonl
mtxstp031.fmx,INVENTORY,ONEX_INVENTORY_WINDOW_API,1,1,73,196,,READ/REVIEW,FMX_STRING_EVIDENCE,oracle_forms/deep_catalog/form_field_trigger_catalog.jsonl
mtxstp035.fmx,INVENTORY,ONEX_INVENTORY_WINDOW_API,1,1,189,230,,READ/REVIEW,FMX_STRING_EVIDENCE,oracle_forms/deep_catalog/form_field_trigger_catalog.jsonl
mtxstp037.fmx,INVENTORY,ONEX_INVENTORY_WINDOW_API,1,1,0,169,,READ/REVIEW,FMX_STRING_EVIDENCE,oracle_forms/deep_catalog/form_field_trigger_catalog.jsonl
mtxstpw035.fmx,INVENTORY,ONEX_INVENTORY_WINDOW_API,32,8,340,522,IAS_GET_ENC_PASS_FNC;IAS_USR_PKG;IAS_USR_PKGIAS201717CHK_USR_FRM_PRVI;IAS_USR_PKGIAS201717GET_USR_APPRVIAS;IAS_USR_PKGIAS201717GET_USR_NMIA;YS_GEN_PKG;YS_GEN_PKGIAS201717CHK_LOCK_RCRD;YS_GEN_PKGIAS201717GET_USR_FLD_PRVYS;YS_SRL_SCR_PKG;YS_SRL_SCR_PKGIAS201717GET_SYS_SQYS_,CREATE/SAVE;UPDATE;DELETE/VOID;POST;PRINT,FMX_STRING_EVIDENCE,oracle_forms/deep_catalog/form_field_trigger_catalog.jsonl
mtxstr001.fmx,INVENTORY,ONEX_INVENTORY_WINDOW_API,1,1,175,339,,READ/REVIEW,FMX_STRING_EVIDENCE,oracle_forms/deep_catalog/form_field_trigger_catalog.jsonl
mtxtrs003.fmx,INVENTORY,ONEX_INVENTORY_WINDOW_API,2,1,188,374,,READ/REVIEW,FMX_STRING_EVIDENCE,oracle_forms/deep_catalog/form_field_trigger_catalog.jsonl
mtxtrv003.fmx,INVENTORY,ONEX_INVENTORY_WINDOW_API,1,0,172,236,,READ/REVIEW,FMX_STRING_EVIDENCE,oracle_forms/deep_catalog/form_field_trigger_catalog.jsonl
mtxusr002.fmx,INVENTORY,ONEX_INVENTORY_WINDOW_API,1,1,160,293,,READ/REVIEW,FMX_STRING_EVIDENCE,oracle_forms/deep_catalog/form_field_trigger_catalog.jsonl
mtxusr003.fmx,INVENTORY,ONEX_INVENTORY_WINDOW_API,1,1,159,289,,READ/REVIEW,FMX_STRING_EVIDENCE,oracle_forms/deep_catalog/form_field_trigger_catalog.jsonl
mtxusr004.fmx,INVENTORY,ONEX_INVENTORY_WINDOW_API,1,1,157,241,,READ/REVIEW,FMX_STRING_EVIDENCE,oracle_forms/deep_catalog/form_field_trigger_catalog.jsonl
mtxusr005.fmx,INVENTORY,ONEX_INVENTORY_WINDOW_API,1,1,180,205,,READ/REVIEW,FMX_STRING_EVIDENCE,oracle_forms/deep_catalog/form_field_trigger_catalog.jsonl
mtxwst001.fmx,INVENTORY,ONEX_INVENTORY_WINDOW_API,1,0,121,272,,READ/REVIEW,FMX_STRING_EVIDENCE,oracle_forms/deep_catalog/form_field_trigger_catalog.jsonl
mtxwst0011.fmx,INVENTORY,ONEX_INVENTORY_WINDOW_API,1,0,69,252,,READ/REVIEW,FMX_STRING_EVIDENCE,oracle_forms/deep_catalog/form_field_trigger_catalog.jsonl
mtxxch001.fmx,INVENTORY,ONEX_INVENTORY_WINDOW_API,6,1,459,1242,IAS_CST_PKG;IAS_CST_PKGIAS201717GET_ACODEIAS;IAS_CST_PKGIAS201717GET_C_NAMEIA,READ/REVIEW,FMX_STRING_EVIDENCE,oracle_forms/deep_catalog/form_field_trigger_catalog.jsonl
mtxxch003.fmx,INVENTORY,ONEX_INVENTORY_WINDOW_API,1,0,194,268,,READ/REVIEW,FMX_STRING_EVIDENCE,oracle_forms/deep_catalog/form_field_trigger_catalog.jsonl
mtxxch004.fmx,INVENTORY,ONEX_INVENTORY_WINDOW_API,1,0,223,275,,READ/REVIEW,FMX_STRING_EVIDENCE,oracle_forms/deep_catalog/form_field_trigger_catalog.jsonl
mtxxch007.fmx,INVENTORY,ONEX_INVENTORY_WINDOW_API,1,0,153,189,,READ/REVIEW,FMX_STRING_EVIDENCE,oracle_forms/deep_catalog/form_field_trigger_catalog.jsonl
mtxxch093.fmx,INVENTORY,ONEX_INVENTORY_WINDOW_API,1,1,177,218,,READ/REVIEW,FMX_STRING_EVIDENCE,oracle_forms/deep_catalog/form_field_trigger_catalog.jsonl
mtxxrp013.fmx,INVENTORY,ONEX_INVENTORY_WINDOW_API,1,0,201,237,,READ/REVIEW,FMX_STRING_EVIDENCE,oracle_forms/deep_catalog/form_field_trigger_catalog.jsonl
rep2excel.fmx,ADMIN,ONEX_ADMIN_WINDOW_API,0,0,0,31,,READ/REVIEW,FMX_STRING_EVIDENCE,oracle_forms/deep_catalog/form_field_trigger_catalog.jsonl
tabent.fmx,ADMIN,ONEX_ADMIN_WINDOW_API,0,0,0,17,,READ/REVIEW,FMX_STRING_EVIDENCE,oracle_forms/deep_catalog/form_field_trigger_catalog.jsonl
tafkeet.fmx,ADMIN,ONEX_ADMIN_WINDOW_API,0,0,117,95,,READ/REVIEW,FMX_STRING_EVIDENCE,oracle_forms/deep_catalog/form_field_trigger_catalog.jsonl
بADMT022.fmx,ADMIN,ONEX_ADMIN_WINDOW_API,294,8,1602,2151,IAS_ACODE_PKG;IAS_ACODE_PKGIAS20142GET_A_NAMEI;IAS_AUD_SYS_PKG;IAS_AUD_SYS_PKGIAS20142SET_PARAI;IAS_BRN_PKG;IAS_BRN_PKGIAS20142GET_BR_CMPIAS;IAS_CHECK_DBS_PKG;IAS_CHECK_DBS_PKGIAS20142CHECK_WTAVG_ITM;IAS_CHECK_DBS_PKGIAS20142CHK_WCODE_CONN_BRNI;IAS_CHECK_SYS_PKG;IAS_CHECK_SYS_PKGIAS20142CHECK_AVL_QTYIA;IAS_CLOSING_YEAR_PKG;IAS_CLOSING_YEAR_PKGIAS20142ACCOUNT_CLOSING_PRCI;IAS_CLOSING_YEAR_PKGIAS20142INSRT_OTHER_TABLEIAS;IAS_CLOSING_YEAR_PKGIAS20142INV_CLOSE_PRCIAS;IAS_CLOSING_YEAR_PKGIAS20142MOVE_INSTALL_AP_DATA;IAS_CLOSING_YEAR_PKGIAS20142MOVE_INSTALL_AR_DATA;IAS_CLOSING_YEAR_PKGIAS20142MOVE_KIMB_DATAIA;IAS_CLOSING_YEAR_PKGIAS20142MOV_BAL_INIT;IAS_CLOSING_YEAR_PKGIAS20142PL_CLOSING_PRCIA;IAS_CLOSING_YEAR_PKGIAS20142UPD_PRIM_WTAVGIA;IAS_CSHBNK_PKG;IAS_CSHBNK_PKGIAS20142CHK_AC_CSH_BNK;IAS_DBS_SYS_PKG;IAS_DBS_SYS_PKGIAS20142CHECK_OBJECTI;IAS_DBS_SYS_PKGIAS20142CHECK_ST_OBJI;IAS_DBS_SYS_PKGIAS20142GET_COMMENTIA;IAS_DBS_SYS_PKGIAS20142GET_CONS_NAME;IAS_DOC_SERIAL_PKG;IAS_DOC_SERIAL_PKGIAS20142TRANSFER_IN_SERIAL;IAS_GEN_PKG;IAS_GEN_PKGIAS20142GET_CNTIA;IAS_GEN_PKGIAS20142GET_CUR_RATEI;IAS_GEN_PKGIAS20142GET_F;IAS_GEN_PKGIAS20142GET_FIELDSIAS;IAS_GEN_PKGIAS20142GET_FINAL_DAY;IAS_GEN_PKGIAS20142GET_FRST_DAYI;IAS_GEN_PKGIAS20142GET_LOCAL_CUR;IAS_GEN_PKGIAS20142GET_MSGIA;IAS_GEN_PKGIAS20142GET_PROMPTIAS,CREATE/SAVE;UPDATE;DELETE/VOID;POST;PRINT,FMX_STRING_EVIDENCE,oracle_forms/deep_catalog/form_field_trigger_catalog.jsonl
ببADMT022.fmx,ADMIN,ONEX_ADMIN_WINDOW_API,292,8,1543,2177,IAS_ACODE_PKG;IAS_ACODE_PKGIAS20142GET_A_NAMEI;IAS_AUD_SYS_PKG;IAS_AUD_SYS_PKGIAS20142SET_PARAI;IAS_BRN_PKG;IAS_BRN_PKGIAS20142GET_BR_CMPIAS;IAS_CHECK_DBS_PKG;IAS_CHECK_DBS_PKGIAS20142CHECK_WTAVG_ITM;IAS_CHECK_DBS_PKGIAS20142CHK_WCODE_CONN_BRNI;IAS_CHECK_SYS_PKG;IAS_CHECK_SYS_PKGIAS20142CHECK_AVL_QTYIA;IAS_CLOSING_YEAR_PKG;IAS_CLOSING_YEAR_PKGIAS20142ACCOUNT_CLOSING_PRCI;IAS_CLOSING_YEAR_PKGIAS20142INSRT_OTHER_TABLEIAS;IAS_CLOSING_YEAR_PKGIAS20142INV_CLOSE_PRCIAS;IAS_CLOSING_YEAR_PKGIAS20142MOVE_INSTALL_AP_DATA;IAS_CLOSING_YEAR_PKGIAS20142MOVE_INSTALL_AR_DATA;IAS_CLOSING_YEAR_PKGIAS20142MOVE_KIMB_DATAIA;IAS_CLOSING_YEAR_PKGIAS20142MOV_BAL_INIT;IAS_CLOSING_YEAR_PKGIAS20142PL_CLOSING_PRCIA;IAS_CLOSING_YEAR_PKGIAS20142UPD_PRIM_WTAVGIA;IAS_CSHBNK_PKG;IAS_CSHBNK_PKGIAS20142CHK_AC_CSH_BNK;IAS_DBS_SYS_PKG;IAS_DBS_SYS_PKGIAS20142CHECK_OBJECTI;IAS_DBS_SYS_PKGIAS20142CHECK_ST_OBJI;IAS_DBS_SYS_PKGIAS20142GET_COMMENTIA;IAS_DBS_SYS_PKGIAS20142GET_CONS_NAME;IAS_DOC_SERIAL_PKG;IAS_DOC_SERIAL_PKGIAS20142TRANSFER_IN_SERIAL;IAS_GEN_PKG;IAS_GEN_PKGIAS20142GET_CNTIA;IAS_GEN_PKGIAS20142GET_CUR_RATEI;IAS_GEN_PKGIAS20142GET_FIELDS;IAS_GEN_PKGIAS20142GET_FIELDSIAS;IAS_GEN_PKGIAS20142GET_FINAL_DAY;IAS_GEN_PKGIAS20142GET_FRST_DAYI;IAS_GEN_PKGIAS20142GET_LOCAL_CUR;IAS_GEN_PKGIAS20142GET_MSGIA;IAS_GEN_PKGIAS20142GET_PROMPTIAS,CREATE/SAVE;UPDATE;DELETE/VOID;POST;PRINT,FMX_STRING_EVIDENCE,oracle_forms/deep_catalog/form_field_trigger_catalog.jsonl
