window,package_name,category,spec,body,triggers,status,observed_procedures,observed_triggers,observed_tables,risks,required_before_compile
222INVT011.fmx,RB_F_222INVT011_863FC,other,plsql_specs/222INVT011.pks.sql,plsql_bodies/222INVT011.pkb.sql,forms_triggers/222INVT011.triggers.sql,scaffold_only,67,12,280,"credentials,ddl_privilege,destructive,dynamic_sql,windows_native",exact PKS/PKB/DDL/FMB mapping
22355INVT011.fmx,RB_F_22355INVT011_9F423,other,plsql_specs/22355INVT011.pks.sql,plsql_bodies/22355INVT011.pkb.sql,forms_triggers/22355INVT011.triggers.sql,scaffold_only,56,9,218,"credentials,ddl_privilege,destructive,windows_native",exact PKS/PKB/DDL/FMB mapping
2FNGI008.fmx,RB_F_2FNGI008_9CFB9,other,plsql_specs/2FNGI008.pks.sql,plsql_bodies/2FNGI008.pkb.sql,forms_triggers/2FNGI008.triggers.sql,scaffold_only,43,8,221,"credentials,ddl_privilege,destructive,dynamic_sql,windows_native",exact PKS/PKB/DDL/FMB mapping
33INVT011.fmx,RB_F_33INVT011_0313A,other,plsql_specs/33INVT011.pks.sql,plsql_bodies/33INVT011.pkb.sql,forms_triggers/33INVT011.triggers.sql,scaffold_only,56,9,223,"credentials,ddl_privilege,destructive,dynamic_sql,windows_native",exact PKS/PKB/DDL/FMB mapping
3433INVT011.fmx,RB_F_3433INVT011_71304,other,plsql_specs/3433INVT011.pks.sql,plsql_bodies/3433INVT011.pkb.sql,forms_triggers/3433INVT011.triggers.sql,scaffold_only,50,10,207,"credentials,destructive,windows_native",exact PKS/PKB/DDL/FMB mapping
ADMHRST005.fmx,RB_ADMHRST005_C7868,admin/system,plsql_specs/ADMHRST005.pks.sql,plsql_bodies/ADMHRST005.pkb.sql,forms_triggers/ADMHRST005.triggers.sql,scaffold_only,41,12,136,"credentials,ddl_privilege,destructive,windows_native",exact PKS/PKB/DDL/FMB mapping
ADMHRST006.fmx,RB_ADMHRST006_BF4E9,admin/system,plsql_specs/ADMHRST006.pks.sql,plsql_bodies/ADMHRST006.pkb.sql,forms_triggers/ADMHRST006.triggers.sql,scaffold_only,39,10,101,"credentials,ddl_privilege,destructive,windows_native",exact PKS/PKB/DDL/FMB mapping
ADMI001.fmx,RB_ADMI001_FDB1B,admin/system,plsql_specs/ADMI001.pks.sql,plsql_bodies/ADMI001.pkb.sql,forms_triggers/ADMI001.triggers.sql,scaffold_only,33,8,73,"credentials,ddl_privilege,destructive,windows_native,session_control",exact PKS/PKB/DDL/FMB mapping
ADMI003.fmx,RB_ADMI003_05693,admin/system,plsql_specs/ADMI003.pks.sql,plsql_bodies/ADMI003.pkb.sql,forms_triggers/ADMI003.triggers.sql,scaffold_only,108,8,360,"credentials,ddl_privilege,destructive,windows_native",exact PKS/PKB/DDL/FMB mapping
ADMI004.fmx,RB_ADMI004_A3D7F,admin/system,plsql_specs/ADMI004.pks.sql,plsql_bodies/ADMI004.pkb.sql,forms_triggers/ADMI004.triggers.sql,scaffold_only,32,8,53,"credentials,ddl_privilege,destructive,windows_native",exact PKS/PKB/DDL/FMB mapping
ADMI005.fmx,RB_ADMI005_8929B,admin/system,plsql_specs/ADMI005.pks.sql,plsql_bodies/ADMI005.pkb.sql,forms_triggers/ADMI005.triggers.sql,scaffold_only,41,9,172,"credentials,ddl_privilege,destructive,windows_native",exact PKS/PKB/DDL/FMB mapping
ADMI006.fmx,RB_ADMI006_B92A0,admin/system,plsql_specs/ADMI006.pks.sql,plsql_bodies/ADMI006.pkb.sql,forms_triggers/ADMI006.triggers.sql,scaffold_only,35,8,77,"credentials,ddl_privilege,destructive,windows_native",exact PKS/PKB/DDL/FMB mapping
ADMI007.fmx,RB_ADMI007_B7D15,admin/system,plsql_specs/ADMI007.pks.sql,plsql_bodies/ADMI007.pkb.sql,forms_triggers/ADMI007.triggers.sql,scaffold_only,35,8,69,"credentials,ddl_privilege,destructive,dynamic_sql,windows_native",exact PKS/PKB/DDL/FMB mapping
ADMI008.fmx,RB_ADMI008_ACBB2,admin/system,plsql_specs/ADMI008.pks.sql,plsql_bodies/ADMI008.pkb.sql,forms_triggers/ADMI008.triggers.sql,scaffold_only,35,8,67,"credentials,ddl_privilege,destructive,dynamic_sql,windows_native",exact PKS/PKB/DDL/FMB mapping
ADMI009.fmx,RB_ADMI009_8FA06,admin/system,plsql_specs/ADMI009.pks.sql,plsql_bodies/ADMI009.pkb.sql,forms_triggers/ADMI009.triggers.sql,scaffold_only,34,8,122,"credentials,ddl_privilege,destructive,windows_native",exact PKS/PKB/DDL/FMB mapping
ADMI010.fmx,RB_ADMI010_6B5E5,admin/system,plsql_specs/ADMI010.pks.sql,plsql_bodies/ADMI010.pkb.sql,forms_triggers/ADMI010.triggers.sql,scaffold_only,35,8,70,"credentials,ddl_privilege,destructive,dynamic_sql,windows_native",exact PKS/PKB/DDL/FMB mapping
ADMI011.fmx,RB_ADMI011_7CA3C,admin/system,plsql_specs/ADMI011.pks.sql,plsql_bodies/ADMI011.pkb.sql,forms_triggers/ADMI011.triggers.sql,scaffold_only,42,8,184,"credentials,ddl_privilege,destructive,windows_native",exact PKS/PKB/DDL/FMB mapping
ADMI012.fmx,RB_ADMI012_9FC28,admin/system,plsql_specs/ADMI012.pks.sql,plsql_bodies/ADMI012.pkb.sql,forms_triggers/ADMI012.triggers.sql,scaffold_only,35,8,77,"credentials,ddl_privilege,destructive,windows_native",exact PKS/PKB/DDL/FMB mapping
ADMI013.fmx,RB_ADMI013_D70BC,admin/system,plsql_specs/ADMI013.pks.sql,plsql_bodies/ADMI013.pkb.sql,forms_triggers/ADMI013.triggers.sql,scaffold_only,35,8,62,"credentials,ddl_privilege,destructive,windows_native",exact PKS/PKB/DDL/FMB mapping
ADMI014.fmx,RB_ADMI014_7F895,admin/system,plsql_specs/ADMI014.pks.sql,plsql_bodies/ADMI014.pkb.sql,forms_triggers/ADMI014.triggers.sql,scaffold_only,34,8,59,"credentials,ddl_privilege,destructive,windows_native",exact PKS/PKB/DDL/FMB mapping
ADMI015.fmx,RB_ADMI015_962FE,admin/system,plsql_specs/ADMI015.pks.sql,plsql_bodies/ADMI015.pkb.sql,forms_triggers/ADMI015.triggers.sql,scaffold_only,32,8,50,"credentials,ddl_privilege,destructive,windows_native",exact PKS/PKB/DDL/FMB mapping
ADMI016.fmx,RB_ADMI016_C2F12,admin/system,plsql_specs/ADMI016.pks.sql,plsql_bodies/ADMI016.pkb.sql,forms_triggers/ADMI016.triggers.sql,scaffold_only,34,8,75,"credentials,ddl_privilege,destructive,dynamic_sql,windows_native",exact PKS/PKB/DDL/FMB mapping
ADMI020.fmx,RB_ADMI020_92AF7,admin/system,plsql_specs/ADMI020.pks.sql,plsql_bodies/ADMI020.pkb.sql,forms_triggers/ADMI020.triggers.sql,scaffold_only,34,8,57,"credentials,ddl_privilege,destructive,windows_native",exact PKS/PKB/DDL/FMB mapping
ADMI021.fmx,RB_ADMI021_BF5F4,admin/system,plsql_specs/ADMI021.pks.sql,plsql_bodies/ADMI021.pkb.sql,forms_triggers/ADMI021.triggers.sql,scaffold_only,33,10,78,"credentials,ddl_privilege,destructive,dynamic_sql,windows_native",exact PKS/PKB/DDL/FMB mapping
ADMINVI017.fmx,RB_ADMINVI017_B75BD,admin/system,plsql_specs/ADMINVI017.pks.sql,plsql_bodies/ADMINVI017.pkb.sql,forms_triggers/ADMINVI017.triggers.sql,scaffold_only,36,8,146,"credentials,ddl_privilege,destructive,dynamic_sql,windows_native",exact PKS/PKB/DDL/FMB mapping
ADMQ001.fmx,RB_ADMQ001_1E8DC,admin/system,plsql_specs/ADMQ001.pks.sql,plsql_bodies/ADMQ001.pkb.sql,forms_triggers/ADMQ001.triggers.sql,scaffold_only,33,8,55,"credentials,ddl_privilege,destructive,windows_native",exact PKS/PKB/DDL/FMB mapping
ADMQ002.fmx,RB_ADMQ002_EAD2D,admin/system,plsql_specs/ADMQ002.pks.sql,plsql_bodies/ADMQ002.pkb.sql,forms_triggers/ADMQ002.triggers.sql,scaffold_only,32,8,61,"credentials,ddl_privilege,destructive,windows_native",exact PKS/PKB/DDL/FMB mapping
ADMQ003.fmx,RB_ADMQ003_9450A,admin/system,plsql_specs/ADMQ003.pks.sql,plsql_bodies/ADMQ003.pkb.sql,forms_triggers/ADMQ003.triggers.sql,scaffold_only,36,8,80,"credentials,ddl_privilege,destructive,windows_native",exact PKS/PKB/DDL/FMB mapping
ADMR010.fmx,RB_ADMR010_EE9CA,admin/system,plsql_specs/ADMR010.pks.sql,plsql_bodies/ADMR010.pkb.sql,forms_triggers/ADMR010.triggers.sql,scaffold_only,15,3,61,"credentials,destructive",exact PKS/PKB/DDL/FMB mapping
ADMR020.fmx,RB_ADMR020_66BBD,admin/system,plsql_specs/ADMR020.pks.sql,plsql_bodies/ADMR020.pkb.sql,forms_triggers/ADMR020.triggers.sql,scaffold_only,22,6,84,"credentials,destructive,windows_native",exact PKS/PKB/DDL/FMB mapping
ADMT020.fmx,RB_ADMT020_0FFC6,admin/system,plsql_specs/ADMT020.pks.sql,plsql_bodies/ADMT020.pkb.sql,forms_triggers/ADMT020.triggers.sql,scaffold_only,34,8,69,"credentials,ddl_privilege,destructive,windows_native",exact PKS/PKB/DDL/FMB mapping
ADMT021.fmx,RB_ADMT021_D370F,admin/system,plsql_specs/ADMT021.pks.sql,plsql_bodies/ADMT021.pkb.sql,forms_triggers/ADMT021.triggers.sql,scaffold_only,50,8,193,"credentials,ddl_privilege,destructive,windows_native",exact PKS/PKB/DDL/FMB mapping
ADMT022.fmx,RB_ADMT022_9796A,admin/system,plsql_specs/ADMT022.pks.sql,plsql_bodies/ADMT022.pkb.sql,forms_triggers/ADMT022.triggers.sql,scaffold_only,190,12,880,"credentials,ddl_privilege,destructive,dynamic_sql,windows_native,error_handling,session_control,network",exact PKS/PKB/DDL/FMB mapping
ADMT022ث.fmx,RB_ADMT022_7C200,admin/system,plsql_specs/ADMT022ث.pks.sql,plsql_bodies/ADMT022ث.pkb.sql,forms_triggers/ADMT022ث.triggers.sql,scaffold_only,261,14,987,"credentials,ddl_privilege,destructive,dynamic_sql,windows_native,error_handling,session_control",exact PKS/PKB/DDL/FMB mapping
ADMT023.fmx,RB_ADMT023_CD19B,admin/system,plsql_specs/ADMT023.pks.sql,plsql_bodies/ADMT023.pkb.sql,forms_triggers/ADMT023.triggers.sql,scaffold_only,36,8,65,"credentials,ddl_privilege,destructive,windows_native",exact PKS/PKB/DDL/FMB mapping
ADMT024.fmx,RB_ADMT024_6C389,admin/system,plsql_specs/ADMT024.pks.sql,plsql_bodies/ADMT024.pkb.sql,forms_triggers/ADMT024.triggers.sql,scaffold_only,33,8,65,"credentials,ddl_privilege,destructive,windows_native",exact PKS/PKB/DDL/FMB mapping
ADMT025.fmx,RB_ADMT025_56110,admin/system,plsql_specs/ADMT025.pks.sql,plsql_bodies/ADMT025.pkb.sql,forms_triggers/ADMT025.triggers.sql,scaffold_only,35,8,64,"credentials,ddl_privilege,destructive,windows_native",exact PKS/PKB/DDL/FMB mapping
ADMT027.fmx,RB_ADMT027_DFFDF,admin/system,plsql_specs/ADMT027.pks.sql,plsql_bodies/ADMT027.pkb.sql,forms_triggers/ADMT027.triggers.sql,scaffold_only,238,14,1511,"credentials,ddl_privilege,destructive,dynamic_sql,windows_native,error_handling,session_control,network",exact PKS/PKB/DDL/FMB mapping
ADMT028.fmx,RB_ADMT028_4E7AC,admin/system,plsql_specs/ADMT028.pks.sql,plsql_bodies/ADMT028.pkb.sql,forms_triggers/ADMT028.triggers.sql,scaffold_only,33,8,63,"credentials,ddl_privilege,destructive,windows_native",exact PKS/PKB/DDL/FMB mapping
ADMT029.fmx,RB_ADMT029_62CC4,admin/system,plsql_specs/ADMT029.pks.sql,plsql_bodies/ADMT029.pkb.sql,forms_triggers/ADMT029.triggers.sql,scaffold_only,39,8,102,"credentials,ddl_privilege,destructive,windows_native",exact PKS/PKB/DDL/FMB mapping
ADMT030.fmx,RB_ADMT030_D61E6,admin/system,plsql_specs/ADMT030.pks.sql,plsql_bodies/ADMT030.pkb.sql,forms_triggers/ADMT030.triggers.sql,scaffold_only,33,8,142,"credentials,ddl_privilege,destructive,windows_native",exact PKS/PKB/DDL/FMB mapping
ADMT031.fmx,RB_ADMT031_A50DA,admin/system,plsql_specs/ADMT031.pks.sql,plsql_bodies/ADMT031.pkb.sql,forms_triggers/ADMT031.triggers.sql,scaffold_only,33,8,142,"credentials,ddl_privilege,destructive,windows_native",exact PKS/PKB/DDL/FMB mapping
ALRTI003.fmx,RB_ALRTI003_8A8EF,other,plsql_specs/ALRTI003.pks.sql,plsql_bodies/ALRTI003.pkb.sql,forms_triggers/ALRTI003.triggers.sql,scaffold_only,37,8,73,"credentials,ddl_privilege,destructive,windows_native",exact PKS/PKB/DDL/FMB mapping
ALRTI004.fmx,RB_ALRTI004_2CACF,other,plsql_specs/ALRTI004.pks.sql,plsql_bodies/ALRTI004.pkb.sql,forms_triggers/ALRTI004.triggers.sql,scaffold_only,35,8,82,"credentials,ddl_privilege,destructive,windows_native",exact PKS/PKB/DDL/FMB mapping
ALRTI005.fmx,RB_ALRTI005_1A2B6,other,plsql_specs/ALRTI005.pks.sql,plsql_bodies/ALRTI005.pkb.sql,forms_triggers/ALRTI005.triggers.sql,scaffold_only,36,8,70,"credentials,ddl_privilege,destructive,windows_native",exact PKS/PKB/DDL/FMB mapping
ALRTIMPXLS.fmx,RB_ALRTIMPXLS_A066D,other,plsql_specs/ALRTIMPXLS.pks.sql,plsql_bodies/ALRTIMPXLS.pkb.sql,forms_triggers/ALRTIMPXLS.triggers.sql,scaffold_only,36,8,69,"credentials,ddl_privilege,destructive,windows_native",exact PKS/PKB/DDL/FMB mapping
ALRTQ007.fmx,RB_ALRTQ007_8BEF5,other,plsql_specs/ALRTQ007.pks.sql,plsql_bodies/ALRTQ007.pkb.sql,forms_triggers/ALRTQ007.triggers.sql,scaffold_only,44,8,132,"credentials,ddl_privilege,destructive,windows_native",exact PKS/PKB/DDL/FMB mapping
ALRTR010.fmx,RB_ALRTR010_66946,other,plsql_specs/ALRTR010.pks.sql,plsql_bodies/ALRTR010.pkb.sql,forms_triggers/ALRTR010.triggers.sql,scaffold_only,33,8,61,"credentials,ddl_privilege,destructive,dynamic_sql,windows_native",exact PKS/PKB/DDL/FMB mapping
ALRTS001.fmx,RB_ALRTS001_36E9F,other,plsql_specs/ALRTS001.pks.sql,plsql_bodies/ALRTS001.pkb.sql,forms_triggers/ALRTS001.triggers.sql,scaffold_only,37,8,93,"credentials,ddl_privilege,destructive,windows_native",exact PKS/PKB/DDL/FMB mapping
ALRTT002.fmx,RB_ALRTT002_499D2,other,plsql_specs/ALRTT002.pks.sql,plsql_bodies/ALRTT002.pkb.sql,forms_triggers/ALRTT002.triggers.sql,scaffold_only,35,8,87,"credentials,ddl_privilege,destructive,windows_native",exact PKS/PKB/DDL/FMB mapping
AMSI001.fmx,RB_AMSI001_D5BEE,assets/maintenance,plsql_specs/AMSI001.pks.sql,plsql_bodies/AMSI001.pkb.sql,forms_triggers/AMSI001.triggers.sql,scaffold_only,34,8,86,"credentials,ddl_privilege,destructive,windows_native",exact PKS/PKB/DDL/FMB mapping
AMSI002.fmx,RB_AMSI002_1CE7C,assets/maintenance,plsql_specs/AMSI002.pks.sql,plsql_bodies/AMSI002.pkb.sql,forms_triggers/AMSI002.triggers.sql,scaffold_only,33,8,83,"credentials,ddl_privilege,destructive,windows_native",exact PKS/PKB/DDL/FMB mapping
AMSI003.fmx,RB_AMSI003_0B8C6,assets/maintenance,plsql_specs/AMSI003.pks.sql,plsql_bodies/AMSI003.pkb.sql,forms_triggers/AMSI003.triggers.sql,scaffold_only,34,8,93,"credentials,ddl_privilege,destructive,windows_native",exact PKS/PKB/DDL/FMB mapping
AMSI004.fmx,RB_AMSI004_820B7,assets/maintenance,plsql_specs/AMSI004.pks.sql,plsql_bodies/AMSI004.pkb.sql,forms_triggers/AMSI004.triggers.sql,scaffold_only,39,8,111,"credentials,ddl_privilege,destructive,windows_native",exact PKS/PKB/DDL/FMB mapping
AMSI005.fmx,RB_AMSI005_7D136,assets/maintenance,plsql_specs/AMSI005.pks.sql,plsql_bodies/AMSI005.pkb.sql,forms_triggers/AMSI005.triggers.sql,scaffold_only,38,8,100,"credentials,ddl_privilege,destructive,windows_native",exact PKS/PKB/DDL/FMB mapping
AMSI006.fmx,RB_AMSI006_46D85,assets/maintenance,plsql_specs/AMSI006.pks.sql,plsql_bodies/AMSI006.pkb.sql,forms_triggers/AMSI006.triggers.sql,scaffold_only,33,8,79,"credentials,ddl_privilege,destructive,windows_native",exact PKS/PKB/DDL/FMB mapping
AMSI007.fmx,RB_AMSI007_666D3,assets/maintenance,plsql_specs/AMSI007.pks.sql,plsql_bodies/AMSI007.pkb.sql,forms_triggers/AMSI007.triggers.sql,scaffold_only,33,8,86,"credentials,ddl_privilege,destructive,windows_native",exact PKS/PKB/DDL/FMB mapping
AMSR001.fmx,RB_AMSR001_0CBAA,assets/maintenance,plsql_specs/AMSR001.pks.sql,plsql_bodies/AMSR001.pkb.sql,forms_triggers/AMSR001.triggers.sql,scaffold_only,19,3,78,"credentials,destructive,windows_native",exact PKS/PKB/DDL/FMB mapping
AMSR002.fmx,RB_AMSR002_56B32,assets/maintenance,plsql_specs/AMSR002.pks.sql,plsql_bodies/AMSR002.pkb.sql,forms_triggers/AMSR002.triggers.sql,scaffold_only,18,3,83,"credentials,destructive",exact PKS/PKB/DDL/FMB mapping
AMSR003.fmx,RB_AMSR003_B0984,assets/maintenance,plsql_specs/AMSR003.pks.sql,plsql_bodies/AMSR003.pkb.sql,forms_triggers/AMSR003.triggers.sql,scaffold_only,22,3,93,"credentials,destructive",exact PKS/PKB/DDL/FMB mapping
AMSR004.fmx,RB_AMSR004_20B67,assets/maintenance,plsql_specs/AMSR004.pks.sql,plsql_bodies/AMSR004.pkb.sql,forms_triggers/AMSR004.triggers.sql,scaffold_only,21,3,78,"credentials,destructive",exact PKS/PKB/DDL/FMB mapping
AMSR005.fmx,RB_AMSR005_95A3B,assets/maintenance,plsql_specs/AMSR005.pks.sql,plsql_bodies/AMSR005.pkb.sql,forms_triggers/AMSR005.triggers.sql,scaffold_only,18,3,73,"credentials,destructive",exact PKS/PKB/DDL/FMB mapping
AMSR006.fmx,RB_AMSR006_6192C,assets/maintenance,plsql_specs/AMSR006.pks.sql,plsql_bodies/AMSR006.pkb.sql,forms_triggers/AMSR006.triggers.sql,scaffold_only,18,3,76,"credentials,destructive",exact PKS/PKB/DDL/FMB mapping
AMSR007.fmx,RB_AMSR007_220D6,assets/maintenance,plsql_specs/AMSR007.pks.sql,plsql_bodies/AMSR007.pkb.sql,forms_triggers/AMSR007.triggers.sql,scaffold_only,19,3,79,"credentials,destructive",exact PKS/PKB/DDL/FMB mapping
AMSR008.fmx,RB_AMSR008_6AAED,assets/maintenance,plsql_specs/AMSR008.pks.sql,plsql_bodies/AMSR008.pkb.sql,forms_triggers/AMSR008.triggers.sql,scaffold_only,21,3,77,"credentials,destructive",exact PKS/PKB/DDL/FMB mapping
AMSR009.fmx,RB_AMSR009_D85F9,assets/maintenance,plsql_specs/AMSR009.pks.sql,plsql_bodies/AMSR009.pkb.sql,forms_triggers/AMSR009.triggers.sql,scaffold_only,21,3,95,"credentials,destructive,windows_native",exact PKS/PKB/DDL/FMB mapping
AMSR010.fmx,RB_AMSR010_047B5,assets/maintenance,plsql_specs/AMSR010.pks.sql,plsql_bodies/AMSR010.pkb.sql,forms_triggers/AMSR010.triggers.sql,scaffold_only,19,3,78,"credentials,destructive",exact PKS/PKB/DDL/FMB mapping
AMSR011.fmx,RB_AMSR011_AF05D,assets/maintenance,plsql_specs/AMSR011.pks.sql,plsql_bodies/AMSR011.pkb.sql,forms_triggers/AMSR011.triggers.sql,scaffold_only,20,3,77,"credentials,destructive",exact PKS/PKB/DDL/FMB mapping
AMSR012.fmx,RB_AMSR012_5107A,assets/maintenance,plsql_specs/AMSR012.pks.sql,plsql_bodies/AMSR012.pkb.sql,forms_triggers/AMSR012.triggers.sql,scaffold_only,20,3,79,"credentials,destructive",exact PKS/PKB/DDL/FMB mapping
AMSR013.fmx,RB_AMSR013_4F85F,assets/maintenance,plsql_specs/AMSR013.pks.sql,plsql_bodies/AMSR013.pkb.sql,forms_triggers/AMSR013.triggers.sql,scaffold_only,19,3,83,"credentials,destructive",exact PKS/PKB/DDL/FMB mapping
AMSR014.fmx,RB_AMSR014_39EFC,assets/maintenance,plsql_specs/AMSR014.pks.sql,plsql_bodies/AMSR014.pkb.sql,forms_triggers/AMSR014.triggers.sql,scaffold_only,19,3,76,"credentials,destructive,windows_native",exact PKS/PKB/DDL/FMB mapping
AMSS001.fmx,RB_AMSS001_9034E,assets/maintenance,plsql_specs/AMSS001.pks.sql,plsql_bodies/AMSS001.pkb.sql,forms_triggers/AMSS001.triggers.sql,scaffold_only,32,8,55,"credentials,ddl_privilege,destructive,windows_native",exact PKS/PKB/DDL/FMB mapping
AMSS002.fmx,RB_AMSS002_79D45,assets/maintenance,plsql_specs/AMSS002.pks.sql,plsql_bodies/AMSS002.pkb.sql,forms_triggers/AMSS002.triggers.sql,scaffold_only,32,8,50,"credentials,ddl_privilege,destructive,windows_native",exact PKS/PKB/DDL/FMB mapping
AMSS003.fmx,RB_AMSS003_68340,assets/maintenance,plsql_specs/AMSS003.pks.sql,plsql_bodies/AMSS003.pkb.sql,forms_triggers/AMSS003.triggers.sql,scaffold_only,32,8,50,"credentials,ddl_privilege,destructive,windows_native",exact PKS/PKB/DDL/FMB mapping
AMSS004.fmx,RB_AMSS004_630B1,assets/maintenance,plsql_specs/AMSS004.pks.sql,plsql_bodies/AMSS004.pkb.sql,forms_triggers/AMSS004.triggers.sql,scaffold_only,32,8,50,"credentials,ddl_privilege,destructive,windows_native",exact PKS/PKB/DDL/FMB mapping
AMSS005.fmx,RB_AMSS005_2DD8B,assets/maintenance,plsql_specs/AMSS005.pks.sql,plsql_bodies/AMSS005.pkb.sql,forms_triggers/AMSS005.triggers.sql,scaffold_only,32,8,50,"credentials,ddl_privilege,destructive,windows_native",exact PKS/PKB/DDL/FMB mapping
AMSS006.fmx,RB_AMSS006_CBC99,assets/maintenance,plsql_specs/AMSS006.pks.sql,plsql_bodies/AMSS006.pkb.sql,forms_triggers/AMSS006.triggers.sql,scaffold_only,32,8,50,"credentials,ddl_privilege,destructive,windows_native",exact PKS/PKB/DDL/FMB mapping
AMSS007.fmx,RB_AMSS007_A3DCB,assets/maintenance,plsql_specs/AMSS007.pks.sql,plsql_bodies/AMSS007.pkb.sql,forms_triggers/AMSS007.triggers.sql,scaffold_only,32,8,50,"credentials,ddl_privilege,destructive,windows_native",exact PKS/PKB/DDL/FMB mapping
AMSS008.fmx,RB_AMSS008_1BEF9,assets/maintenance,plsql_specs/AMSS008.pks.sql,plsql_bodies/AMSS008.pkb.sql,forms_triggers/AMSS008.triggers.sql,scaffold_only,34,8,68,"credentials,ddl_privilege,destructive,windows_native",exact PKS/PKB/DDL/FMB mapping
AMST001.fmx,RB_AMST001_76F34,assets/maintenance,plsql_specs/AMST001.pks.sql,plsql_bodies/AMST001.pkb.sql,forms_triggers/AMST001.triggers.sql,scaffold_only,38,8,106,"credentials,ddl_privilege,destructive,windows_native",exact PKS/PKB/DDL/FMB mapping
AMST002.fmx,RB_AMST002_25A69,assets/maintenance,plsql_specs/AMST002.pks.sql,plsql_bodies/AMST002.pkb.sql,forms_triggers/AMST002.triggers.sql,scaffold_only,39,8,109,"credentials,ddl_privilege,destructive,windows_native",exact PKS/PKB/DDL/FMB mapping
AMST003.fmx,RB_AMST003_EFA97,assets/maintenance,plsql_specs/AMST003.pks.sql,plsql_bodies/AMST003.pkb.sql,forms_triggers/AMST003.triggers.sql,scaffold_only,40,8,133,"credentials,ddl_privilege,destructive,windows_native",exact PKS/PKB/DDL/FMB mapping
AMST004.fmx,RB_AMST004_8C784,assets/maintenance,plsql_specs/AMST004.pks.sql,plsql_bodies/AMST004.pkb.sql,forms_triggers/AMST004.triggers.sql,scaffold_only,37,8,100,"credentials,ddl_privilege,destructive,windows_native",exact PKS/PKB/DDL/FMB mapping
AMST005.fmx,RB_AMST005_2C6E0,assets/maintenance,plsql_specs/AMST005.pks.sql,plsql_bodies/AMST005.pkb.sql,forms_triggers/AMST005.triggers.sql,scaffold_only,38,8,98,"credentials,ddl_privilege,destructive,windows_native",exact PKS/PKB/DDL/FMB mapping
AMST006.fmx,RB_AMST006_28FF4,assets/maintenance,plsql_specs/AMST006.pks.sql,plsql_bodies/AMST006.pkb.sql,forms_triggers/AMST006.triggers.sql,scaffold_only,39,8,101,"credentials,ddl_privilege,destructive,windows_native",exact PKS/PKB/DDL/FMB mapping
AMST007.fmx,RB_AMST007_23765,assets/maintenance,plsql_specs/AMST007.pks.sql,plsql_bodies/AMST007.pkb.sql,forms_triggers/AMST007.triggers.sql,scaffold_only,37,8,111,"credentials,ddl_privilege,destructive,windows_native",exact PKS/PKB/DDL/FMB mapping
AMST008.fmx,RB_AMST008_0F829,assets/maintenance,plsql_specs/AMST008.pks.sql,plsql_bodies/AMST008.pkb.sql,forms_triggers/AMST008.triggers.sql,scaffold_only,36,8,103,"credentials,ddl_privilege,destructive,windows_native",exact PKS/PKB/DDL/FMB mapping
AMST009.fmx,RB_AMST009_67987,assets/maintenance,plsql_specs/AMST009.pks.sql,plsql_bodies/AMST009.pkb.sql,forms_triggers/AMST009.triggers.sql,scaffold_only,38,8,97,"credentials,ddl_privilege,destructive,windows_native",exact PKS/PKB/DDL/FMB mapping
AMS_INSTAL.fmx,RB_AMS_INSTAL_1F495,assets/maintenance,plsql_specs/AMS_INSTAL.pks.sql,plsql_bodies/AMS_INSTAL.pkb.sql,forms_triggers/AMS_INSTAL.triggers.sql,scaffold_only,44,8,94,"credentials,ddl_privilege,destructive,dynamic_sql,windows_native",exact PKS/PKB/DDL/FMB mapping
APSI001.fmx,RB_APSI001_841C5,AP/purchasing,plsql_specs/APSI001.pks.sql,plsql_bodies/APSI001.pkb.sql,forms_triggers/APSI001.triggers.sql,scaffold_only,34,10,82,"credentials,ddl_privilege,destructive,windows_native",exact PKS/PKB/DDL/FMB mapping
APSI002.fmx,RB_APSI002_9EEE5,AP/purchasing,plsql_specs/APSI002.pks.sql,plsql_bodies/APSI002.pkb.sql,forms_triggers/APSI002.triggers.sql,scaffold_only,39,8,154,"credentials,ddl_privilege,destructive,windows_native,error_handling",exact PKS/PKB/DDL/FMB mapping
APSI003.fmx,RB_APSI003_779C4,AP/purchasing,plsql_specs/APSI003.pks.sql,plsql_bodies/APSI003.pkb.sql,forms_triggers/APSI003.triggers.sql,scaffold_only,40,8,86,"credentials,ddl_privilege,destructive,dynamic_sql,windows_native",exact PKS/PKB/DDL/FMB mapping
APSI006.fmx,RB_APSI006_EAA96,AP/purchasing,plsql_specs/APSI006.pks.sql,plsql_bodies/APSI006.pkb.sql,forms_triggers/APSI006.triggers.sql,scaffold_only,32,10,125,"credentials,ddl_privilege,destructive,windows_native",exact PKS/PKB/DDL/FMB mapping
APSI008.fmx,RB_APSI008_1A6A6,AP/purchasing,plsql_specs/APSI008.pks.sql,plsql_bodies/APSI008.pkb.sql,forms_triggers/APSI008.triggers.sql,scaffold_only,34,8,84,"credentials,ddl_privilege,destructive,windows_native",exact PKS/PKB/DDL/FMB mapping
APSI009.fmx,RB_APSI009_6DA7B,AP/purchasing,plsql_specs/APSI009.pks.sql,plsql_bodies/APSI009.pkb.sql,forms_triggers/APSI009.triggers.sql,scaffold_only,33,9,92,"credentials,ddl_privilege,destructive,windows_native",exact PKS/PKB/DDL/FMB mapping
APSR001.fmx,RB_APSR001_A0DFB,AP/purchasing,plsql_specs/APSR001.pks.sql,plsql_bodies/APSR001.pkb.sql,forms_triggers/APSR001.triggers.sql,scaffold_only,14,3,57,"credentials,destructive,windows_native",exact PKS/PKB/DDL/FMB mapping
APSR002.fmx,RB_APSR002_761FD,AP/purchasing,plsql_specs/APSR002.pks.sql,plsql_bodies/APSR002.pkb.sql,forms_triggers/APSR002.triggers.sql,scaffold_only,15,3,60,"credentials,destructive",exact PKS/PKB/DDL/FMB mapping
APSR005.fmx,RB_APSR005_45B38,AP/purchasing,plsql_specs/APSR005.pks.sql,plsql_bodies/APSR005.pkb.sql,forms_triggers/APSR005.triggers.sql,scaffold_only,19,3,78,"credentials,ddl_privilege,destructive,windows_native",exact PKS/PKB/DDL/FMB mapping
APSR010.fmx,RB_APSR010_DD052,AP/purchasing,plsql_specs/APSR010.pks.sql,plsql_bodies/APSR010.pkb.sql,forms_triggers/APSR010.triggers.sql,scaffold_only,16,3,76,"credentials,destructive",exact PKS/PKB/DDL/FMB mapping
APSR011.fmx,RB_APSR011_C5888,AP/purchasing,plsql_specs/APSR011.pks.sql,plsql_bodies/APSR011.pkb.sql,forms_triggers/APSR011.triggers.sql,scaffold_only,15,3,59,"credentials,destructive",exact PKS/PKB/DDL/FMB mapping
APSR012.fmx,RB_APSR012_0CE96,AP/purchasing,plsql_specs/APSR012.pks.sql,plsql_bodies/APSR012.pkb.sql,forms_triggers/APSR012.triggers.sql,scaffold_only,15,3,58,"credentials,destructive",exact PKS/PKB/DDL/FMB mapping
APSR013.fmx,RB_APSR013_006CC,AP/purchasing,plsql_specs/APSR013.pks.sql,plsql_bodies/APSR013.pkb.sql,forms_triggers/APSR013.triggers.sql,scaffold_only,16,3,71,"credentials,destructive",exact PKS/PKB/DDL/FMB mapping
APSR014.fmx,RB_APSR014_4B935,AP/purchasing,plsql_specs/APSR014.pks.sql,plsql_bodies/APSR014.pkb.sql,forms_triggers/APSR014.triggers.sql,scaffold_only,15,3,92,"credentials,destructive,windows_native",exact PKS/PKB/DDL/FMB mapping
APSR015.fmx,RB_APSR015_923B2,AP/purchasing,plsql_specs/APSR015.pks.sql,plsql_bodies/APSR015.pkb.sql,forms_triggers/APSR015.triggers.sql,scaffold_only,16,4,89,"credentials,ddl_privilege,destructive,windows_native",exact PKS/PKB/DDL/FMB mapping
APSR016.fmx,RB_APSR016_6E6C6,AP/purchasing,plsql_specs/APSR016.pks.sql,plsql_bodies/APSR016.pkb.sql,forms_triggers/APSR016.triggers.sql,scaffold_only,18,3,116,"credentials,destructive,windows_native",exact PKS/PKB/DDL/FMB mapping
APSR017.fmx,RB_APSR017_79F38,AP/purchasing,plsql_specs/APSR017.pks.sql,plsql_bodies/APSR017.pkb.sql,forms_triggers/APSR017.triggers.sql,scaffold_only,16,3,82,"credentials,destructive,windows_native",exact PKS/PKB/DDL/FMB mapping
APSR018.fmx,RB_APSR018_B4D5C,AP/purchasing,plsql_specs/APSR018.pks.sql,plsql_bodies/APSR018.pkb.sql,forms_triggers/APSR018.triggers.sql,scaffold_only,19,3,185,"credentials,ddl_privilege,destructive,windows_native",exact PKS/PKB/DDL/FMB mapping
APSR019.fmx,RB_APSR019_FB29B,AP/purchasing,plsql_specs/APSR019.pks.sql,plsql_bodies/APSR019.pkb.sql,forms_triggers/APSR019.triggers.sql,scaffold_only,15,3,83,"credentials,destructive,windows_native",exact PKS/PKB/DDL/FMB mapping
APSR020.fmx,RB_APSR020_A5200,AP/purchasing,plsql_specs/APSR020.pks.sql,plsql_bodies/APSR020.pkb.sql,forms_triggers/APSR020.triggers.sql,scaffold_only,16,3,79,"credentials,destructive",exact PKS/PKB/DDL/FMB mapping
APSR021.fmx,RB_APSR021_AD30F,AP/purchasing,plsql_specs/APSR021.pks.sql,plsql_bodies/APSR021.pkb.sql,forms_triggers/APSR021.triggers.sql,scaffold_only,16,3,94,"credentials,destructive",exact PKS/PKB/DDL/FMB mapping
APSR022.fmx,RB_APSR022_1A1F7,AP/purchasing,plsql_specs/APSR022.pks.sql,plsql_bodies/APSR022.pkb.sql,forms_triggers/APSR022.triggers.sql,scaffold_only,15,3,60,"credentials,destructive,windows_native",exact PKS/PKB/DDL/FMB mapping
APSR023.fmx,RB_APSR023_82F93,AP/purchasing,plsql_specs/APSR023.pks.sql,plsql_bodies/APSR023.pkb.sql,forms_triggers/APSR023.triggers.sql,scaffold_only,16,3,68,"credentials,destructive,windows_native",exact PKS/PKB/DDL/FMB mapping
APSR024.fmx,RB_APSR024_FABF1,AP/purchasing,plsql_specs/APSR024.pks.sql,plsql_bodies/APSR024.pkb.sql,forms_triggers/APSR024.triggers.sql,scaffold_only,16,3,74,"credentials,destructive",exact PKS/PKB/DDL/FMB mapping
APSR025.fmx,RB_APSR025_253EB,AP/purchasing,plsql_specs/APSR025.pks.sql,plsql_bodies/APSR025.pkb.sql,forms_triggers/APSR025.triggers.sql,scaffold_only,16,3,108,"credentials,destructive",exact PKS/PKB/DDL/FMB mapping
APSR026.fmx,RB_APSR026_322FC,AP/purchasing,plsql_specs/APSR026.pks.sql,plsql_bodies/APSR026.pkb.sql,forms_triggers/APSR026.triggers.sql,scaffold_only,14,3,71,"credentials,destructive,windows_native",exact PKS/PKB/DDL/FMB mapping
APSR027.fmx,RB_APSR027_5FE8D,AP/purchasing,plsql_specs/APSR027.pks.sql,plsql_bodies/APSR027.pkb.sql,forms_triggers/APSR027.triggers.sql,scaffold_only,16,3,75,"credentials,destructive",exact PKS/PKB/DDL/FMB mapping
APSR028.fmx,RB_APSR028_EFB30,AP/purchasing,plsql_specs/APSR028.pks.sql,plsql_bodies/APSR028.pkb.sql,forms_triggers/APSR028.triggers.sql,scaffold_only,14,3,78,"credentials,destructive",exact PKS/PKB/DDL/FMB mapping
APSR029.fmx,RB_APSR029_9BD86,AP/purchasing,plsql_specs/APSR029.pks.sql,plsql_bodies/APSR029.pkb.sql,forms_triggers/APSR029.triggers.sql,scaffold_only,18,3,111,"credentials,destructive,windows_native",exact PKS/PKB/DDL/FMB mapping
APSS001.fmx,RB_APSS001_D0EA6,AP/purchasing,plsql_specs/APSS001.pks.sql,plsql_bodies/APSS001.pkb.sql,forms_triggers/APSS001.triggers.sql,scaffold_only,35,8,142,"credentials,ddl_privilege,destructive,windows_native",exact PKS/PKB/DDL/FMB mapping
APSS002.fmx,RB_APSS002_29331,AP/purchasing,plsql_specs/APSS002.pks.sql,plsql_bodies/APSS002.pkb.sql,forms_triggers/APSS002.triggers.sql,scaffold_only,32,8,60,"credentials,ddl_privilege,destructive,windows_native",exact PKS/PKB/DDL/FMB mapping
APSS003.fmx,RB_APSS003_38D71,AP/purchasing,plsql_specs/APSS003.pks.sql,plsql_bodies/APSS003.pkb.sql,forms_triggers/APSS003.triggers.sql,scaffold_only,31,8,59,"credentials,ddl_privilege,destructive,windows_native",exact PKS/PKB/DDL/FMB mapping
APSS004.fmx,RB_APSS004_C0F4E,AP/purchasing,plsql_specs/APSS004.pks.sql,plsql_bodies/APSS004.pkb.sql,forms_triggers/APSS004.triggers.sql,scaffold_only,32,8,68,"credentials,ddl_privilege,destructive,windows_native",exact PKS/PKB/DDL/FMB mapping
APSS005.fmx,RB_APSS005_2A997,AP/purchasing,plsql_specs/APSS005.pks.sql,plsql_bodies/APSS005.pkb.sql,forms_triggers/APSS005.triggers.sql,scaffold_only,31,8,61,"credentials,ddl_privilege,destructive,windows_native",exact PKS/PKB/DDL/FMB mapping
APSS006.fmx,RB_APSS006_7472D,AP/purchasing,plsql_specs/APSS006.pks.sql,plsql_bodies/APSS006.pkb.sql,forms_triggers/APSS006.triggers.sql,scaffold_only,33,8,63,"credentials,ddl_privilege,destructive,windows_native",exact PKS/PKB/DDL/FMB mapping
APSS007.fmx,RB_APSS007_8D1D3,AP/purchasing,plsql_specs/APSS007.pks.sql,plsql_bodies/APSS007.pkb.sql,forms_triggers/APSS007.triggers.sql,scaffold_only,33,8,57,"credentials,ddl_privilege,destructive,windows_native",exact PKS/PKB/DDL/FMB mapping
APSS008.fmx,RB_APSS008_459C1,AP/purchasing,plsql_specs/APSS008.pks.sql,plsql_bodies/APSS008.pkb.sql,forms_triggers/APSS008.triggers.sql,scaffold_only,34,8,127,"credentials,ddl_privilege,destructive,windows_native",exact PKS/PKB/DDL/FMB mapping
APSS009.fmx,RB_APSS009_55A36,AP/purchasing,plsql_specs/APSS009.pks.sql,plsql_bodies/APSS009.pkb.sql,forms_triggers/APSS009.triggers.sql,scaffold_only,33,8,65,"credentials,ddl_privilege,destructive,windows_native",exact PKS/PKB/DDL/FMB mapping
APSS010.fmx,RB_APSS010_CDFDF,AP/purchasing,plsql_specs/APSS010.pks.sql,plsql_bodies/APSS010.pkb.sql,forms_triggers/APSS010.triggers.sql,scaffold_only,36,8,82,"credentials,ddl_privilege,destructive,windows_native",exact PKS/PKB/DDL/FMB mapping
APST001.fmx,RB_APST001_C079F,AP/purchasing,plsql_specs/APST001.pks.sql,plsql_bodies/APST001.pkb.sql,forms_triggers/APST001.triggers.sql,scaffold_only,56,8,352,"credentials,ddl_privilege,destructive,dynamic_sql,windows_native",exact PKS/PKB/DDL/FMB mapping
APST002.fmx,RB_APST002_230CE,AP/purchasing,plsql_specs/APST002.pks.sql,plsql_bodies/APST002.pkb.sql,forms_triggers/APST002.triggers.sql,scaffold_only,51,8,225,"credentials,ddl_privilege,destructive,dynamic_sql,windows_native",exact PKS/PKB/DDL/FMB mapping
APST003.fmx,RB_APST003_9B938,AP/purchasing,plsql_specs/APST003.pks.sql,plsql_bodies/APST003.pkb.sql,forms_triggers/APST003.triggers.sql,scaffold_only,66,8,460,"credentials,ddl_privilege,destructive,dynamic_sql,windows_native",exact PKS/PKB/DDL/FMB mapping
APST004.fmx,RB_APST004_1EC75,AP/purchasing,plsql_specs/APST004.pks.sql,plsql_bodies/APST004.pkb.sql,forms_triggers/APST004.triggers.sql,scaffold_only,60,8,331,"credentials,ddl_privilege,destructive,dynamic_sql,windows_native",exact PKS/PKB/DDL/FMB mapping
APST005.fmx,RB_APST005_2FF66,AP/purchasing,plsql_specs/APST005.pks.sql,plsql_bodies/APST005.pkb.sql,forms_triggers/APST005.triggers.sql,scaffold_only,76,12,614,"credentials,ddl_privilege,destructive,dynamic_sql,windows_native",exact PKS/PKB/DDL/FMB mapping
APST006.fmx,RB_APST006_3B719,AP/purchasing,plsql_specs/APST006.pks.sql,plsql_bodies/APST006.pkb.sql,forms_triggers/APST006.triggers.sql,scaffold_only,39,8,131,"credentials,ddl_privilege,destructive,windows_native",exact PKS/PKB/DDL/FMB mapping
APST008.fmx,RB_APST008_638CC,AP/purchasing,plsql_specs/APST008.pks.sql,plsql_bodies/APST008.pkb.sql,forms_triggers/APST008.triggers.sql,scaffold_only,61,8,261,"credentials,ddl_privilege,destructive,windows_native",exact PKS/PKB/DDL/FMB mapping
APST009.fmx,RB_APST009_A1A4E,AP/purchasing,plsql_specs/APST009.pks.sql,plsql_bodies/APST009.pkb.sql,forms_triggers/APST009.triggers.sql,scaffold_only,43,9,198,"credentials,ddl_privilege,destructive,windows_native",exact PKS/PKB/DDL/FMB mapping
APST010.fmx,RB_APST010_D5A09,AP/purchasing,plsql_specs/APST010.pks.sql,plsql_bodies/APST010.pkb.sql,forms_triggers/APST010.triggers.sql,scaffold_only,71,9,497,"credentials,ddl_privilege,destructive,dynamic_sql,windows_native",exact PKS/PKB/DDL/FMB mapping
APST011.fmx,RB_APST011_3B412,AP/purchasing,plsql_specs/APST011.pks.sql,plsql_bodies/APST011.pkb.sql,forms_triggers/APST011.triggers.sql,scaffold_only,34,8,99,"credentials,ddl_privilege,destructive,windows_native",exact PKS/PKB/DDL/FMB mapping
APST012.fmx,RB_APST012_40DF9,AP/purchasing,plsql_specs/APST012.pks.sql,plsql_bodies/APST012.pkb.sql,forms_triggers/APST012.triggers.sql,scaffold_only,40,10,121,"credentials,ddl_privilege,destructive,windows_native",exact PKS/PKB/DDL/FMB mapping
APST013.fmx,RB_APST013_28647,AP/purchasing,plsql_specs/APST013.pks.sql,plsql_bodies/APST013.pkb.sql,forms_triggers/APST013.triggers.sql,scaffold_only,50,11,225,"credentials,destructive,windows_native",exact PKS/PKB/DDL/FMB mapping
APST014.fmx,RB_APST014_183F1,AP/purchasing,plsql_specs/APST014.pks.sql,plsql_bodies/APST014.pkb.sql,forms_triggers/APST014.triggers.sql,scaffold_only,47,9,210,"credentials,ddl_privilege,destructive,windows_native",exact PKS/PKB/DDL/FMB mapping
APST015.fmx,RB_APST015_AAB67,AP/purchasing,plsql_specs/APST015.pks.sql,plsql_bodies/APST015.pkb.sql,forms_triggers/APST015.triggers.sql,scaffold_only,45,8,291,"credentials,ddl_privilege,destructive,dynamic_sql,windows_native",exact PKS/PKB/DDL/FMB mapping
APST016.fmx,RB_APST016_F9C47,AP/purchasing,plsql_specs/APST016.pks.sql,plsql_bodies/APST016.pkb.sql,forms_triggers/APST016.triggers.sql,scaffold_only,43,9,194,"credentials,ddl_privilege,destructive,windows_native",exact PKS/PKB/DDL/FMB mapping
APST017.fmx,RB_APST017_5C5F9,AP/purchasing,plsql_specs/APST017.pks.sql,plsql_bodies/APST017.pkb.sql,forms_triggers/APST017.triggers.sql,scaffold_only,46,8,155,"credentials,ddl_privilege,destructive,dynamic_sql,windows_native",exact PKS/PKB/DDL/FMB mapping
APST018.fmx,RB_APST018_53006,AP/purchasing,plsql_specs/APST018.pks.sql,plsql_bodies/APST018.pkb.sql,forms_triggers/APST018.triggers.sql,scaffold_only,42,8,117,"credentials,ddl_privilege,destructive,dynamic_sql,windows_native",exact PKS/PKB/DDL/FMB mapping
APST019.fmx,RB_APST019_73602,AP/purchasing,plsql_specs/APST019.pks.sql,plsql_bodies/APST019.pkb.sql,forms_triggers/APST019.triggers.sql,scaffold_only,64,8,390,"credentials,ddl_privilege,destructive,dynamic_sql,windows_native",exact PKS/PKB/DDL/FMB mapping
APS_IMPXLS_VND.fmx,RB_APS_IMPXLS_VND_72EE3,AP/purchasing,plsql_specs/APS_IMPXLS_VND.pks.sql,plsql_bodies/APS_IMPXLS_VND.pkb.sql,forms_triggers/APS_IMPXLS_VND.triggers.sql,scaffold_only,34,5,68,"credentials,ddl_privilege,destructive,windows_native",exact PKS/PKB/DDL/FMB mapping
ARSI002.fmx,RB_ARSI002_F21A4,AR/accounts-receivable,plsql_specs/ARSI002.pks.sql,plsql_bodies/ARSI002.pkb.sql,forms_triggers/ARSI002.triggers.sql,scaffold_only,35,8,85,"credentials,ddl_privilege,destructive,windows_native",exact PKS/PKB/DDL/FMB mapping
ARSI003.fmx,RB_ARSI003_9E65E,AR/accounts-receivable,plsql_specs/ARSI003.pks.sql,plsql_bodies/ARSI003.pkb.sql,forms_triggers/ARSI003.triggers.sql,scaffold_only,31,9,82,"credentials,ddl_privilege,destructive,windows_native",exact PKS/PKB/DDL/FMB mapping
ARSI004.fmx,RB_ARSI004_01659,AR/accounts-receivable,plsql_specs/ARSI004.pks.sql,plsql_bodies/ARSI004.pkb.sql,forms_triggers/ARSI004.triggers.sql,scaffold_only,36,11,195,"credentials,ddl_privilege,destructive,windows_native",exact PKS/PKB/DDL/FMB mapping
ARSI005.fmx,RB_ARSI005_B1D06,AR/accounts-receivable,plsql_specs/ARSI005.pks.sql,plsql_bodies/ARSI005.pkb.sql,forms_triggers/ARSI005.triggers.sql,scaffold_only,40,9,310,"credentials,ddl_privilege,destructive,windows_native",exact PKS/PKB/DDL/FMB mapping
ARSI006.fmx,RB_ARSI006_33D1B,AR/accounts-receivable,plsql_specs/ARSI006.pks.sql,plsql_bodies/ARSI006.pkb.sql,forms_triggers/ARSI006.triggers.sql,scaffold_only,32,8,72,"credentials,ddl_privilege,destructive,windows_native",exact PKS/PKB/DDL/FMB mapping
ARSI008.fmx,RB_ARSI008_6A32A,AR/accounts-receivable,plsql_specs/ARSI008.pks.sql,plsql_bodies/ARSI008.pkb.sql,forms_triggers/ARSI008.triggers.sql,scaffold_only,34,8,105,"credentials,ddl_privilege,destructive,windows_native",exact PKS/PKB/DDL/FMB mapping
ARSI009.fmx,RB_ARSI009_9BF60,AR/accounts-receivable,plsql_specs/ARSI009.pks.sql,plsql_bodies/ARSI009.pkb.sql,forms_triggers/ARSI009.triggers.sql,scaffold_only,35,8,81,"credentials,ddl_privilege,destructive,windows_native",exact PKS/PKB/DDL/FMB mapping
ARSI010.fmx,RB_ARSI010_855ED,AR/accounts-receivable,plsql_specs/ARSI010.pks.sql,plsql_bodies/ARSI010.pkb.sql,forms_triggers/ARSI010.triggers.sql,scaffold_only,31,8,90,"credentials,ddl_privilege,destructive,windows_native",exact PKS/PKB/DDL/FMB mapping
ARSI012.fmx,RB_ARSI012_8A80C,AR/accounts-receivable,plsql_specs/ARSI012.pks.sql,plsql_bodies/ARSI012.pkb.sql,forms_triggers/ARSI012.triggers.sql,scaffold_only,38,9,184,"credentials,ddl_privilege,destructive,windows_native",exact PKS/PKB/DDL/FMB mapping
ARSI013.fmx,RB_ARSI013_43C6B,AR/accounts-receivable,plsql_specs/ARSI013.pks.sql,plsql_bodies/ARSI013.pkb.sql,forms_triggers/ARSI013.triggers.sql,scaffold_only,35,8,138,"credentials,ddl_privilege,destructive,dynamic_sql,windows_native",exact PKS/PKB/DDL/FMB mapping
ARSI014.fmx,RB_ARSI014_7CFA9,AR/accounts-receivable,plsql_specs/ARSI014.pks.sql,plsql_bodies/ARSI014.pkb.sql,forms_triggers/ARSI014.triggers.sql,scaffold_only,31,8,67,"credentials,ddl_privilege,destructive,windows_native",exact PKS/PKB/DDL/FMB mapping
ARSI015.fmx,RB_ARSI015_C160C,AR/accounts-receivable,plsql_specs/ARSI015.pks.sql,plsql_bodies/ARSI015.pkb.sql,forms_triggers/ARSI015.triggers.sql,scaffold_only,33,8,65,"credentials,ddl_privilege,destructive,windows_native",exact PKS/PKB/DDL/FMB mapping
ARSI016.fmx,RB_ARSI016_E8784,AR/accounts-receivable,plsql_specs/ARSI016.pks.sql,plsql_bodies/ARSI016.pkb.sql,forms_triggers/ARSI016.triggers.sql,scaffold_only,33,8,110,"credentials,ddl_privilege,destructive,windows_native",exact PKS/PKB/DDL/FMB mapping
ARSI017.fmx,RB_ARSI017_38BC5,AR/accounts-receivable,plsql_specs/ARSI017.pks.sql,plsql_bodies/ARSI017.pkb.sql,forms_triggers/ARSI017.triggers.sql,scaffold_only,32,9,85,"credentials,ddl_privilege,destructive,windows_native",exact PKS/PKB/DDL/FMB mapping
ARSI018.fmx,RB_ARSI018_ED5D7,AR/accounts-receivable,plsql_specs/ARSI018.pks.sql,plsql_bodies/ARSI018.pkb.sql,forms_triggers/ARSI018.triggers.sql,scaffold_only,33,8,61,"credentials,ddl_privilege,destructive,windows_native",exact PKS/PKB/DDL/FMB mapping
ARSI019.fmx,RB_ARSI019_A2E17,AR/accounts-receivable,plsql_specs/ARSI019.pks.sql,plsql_bodies/ARSI019.pkb.sql,forms_triggers/ARSI019.triggers.sql,scaffold_only,32,8,60,"credentials,ddl_privilege,destructive,windows_native",exact PKS/PKB/DDL/FMB mapping
ARSI020.fmx,RB_ARSI020_C419C,AR/accounts-receivable,plsql_specs/ARSI020.pks.sql,plsql_bodies/ARSI020.pkb.sql,forms_triggers/ARSI020.triggers.sql,scaffold_only,32,8,80,"credentials,ddl_privilege,destructive,windows_native",exact PKS/PKB/DDL/FMB mapping
ARSI021.fmx,RB_ARSI021_7B230,AR/accounts-receivable,plsql_specs/ARSI021.pks.sql,plsql_bodies/ARSI021.pkb.sql,forms_triggers/ARSI021.triggers.sql,scaffold_only,34,8,96,"credentials,ddl_privilege,destructive,windows_native",exact PKS/PKB/DDL/FMB mapping
ARSI022.fmx,RB_ARSI022_3139F,AR/accounts-receivable,plsql_specs/ARSI022.pks.sql,plsql_bodies/ARSI022.pkb.sql,forms_triggers/ARSI022.triggers.sql,scaffold_only,32,8,69,"credentials,ddl_privilege,destructive,windows_native",exact PKS/PKB/DDL/FMB mapping
ARSI023.fmx,RB_ARSI023_25211,AR/accounts-receivable,plsql_specs/ARSI023.pks.sql,plsql_bodies/ARSI023.pkb.sql,forms_triggers/ARSI023.triggers.sql,scaffold_only,38,9,113,"credentials,ddl_privilege,destructive,windows_native",exact PKS/PKB/DDL/FMB mapping
ARSIMPXLS_CST.fmx,RB_ARSIMPXLS_CST_9560A,AR/accounts-receivable,plsql_specs/ARSIMPXLS_CST.pks.sql,plsql_bodies/ARSIMPXLS_CST.pkb.sql,forms_triggers/ARSIMPXLS_CST.triggers.sql,scaffold_only,35,9,89,"credentials,ddl_privilege,destructive,windows_native",exact PKS/PKB/DDL/FMB mapping
ARSIMPXLS_CST_NW.fmx,RB_ARSIMPXLS_CST_NW_CD731,AR/accounts-receivable,plsql_specs/ARSIMPXLS_CST_NW.pks.sql,plsql_bodies/ARSIMPXLS_CST_NW.pkb.sql,forms_triggers/ARSIMPXLS_CST_NW.triggers.sql,scaffold_only,35,9,83,"credentials,ddl_privilege,destructive,windows_native",exact PKS/PKB/DDL/FMB mapping
ARSIMPXLS_SUB_CST.fmx,RB_ARSIMPXLS_SUB_CST_A9E21,AR/accounts-receivable,plsql_specs/ARSIMPXLS_SUB_CST.pks.sql,plsql_bodies/ARSIMPXLS_SUB_CST.pkb.sql,forms_triggers/ARSIMPXLS_SUB_CST.triggers.sql,scaffold_only,35,8,74,"credentials,ddl_privilege,destructive,windows_native",exact PKS/PKB/DDL/FMB mapping
ARSR001.fmx,RB_ARSR001_43094,AR/accounts-receivable,plsql_specs/ARSR001.pks.sql,plsql_bodies/ARSR001.pkb.sql,forms_triggers/ARSR001.triggers.sql,scaffold_only,16,3,47,"credentials,destructive",exact PKS/PKB/DDL/FMB mapping
ARSR002.fmx,RB_ARSR002_08E58,AR/accounts-receivable,plsql_specs/ARSR002.pks.sql,plsql_bodies/ARSR002.pkb.sql,forms_triggers/ARSR002.triggers.sql,scaffold_only,16,3,47,"credentials,destructive",exact PKS/PKB/DDL/FMB mapping
ARSR003.fmx,RB_ARSR003_C2263,AR/accounts-receivable,plsql_specs/ARSR003.pks.sql,plsql_bodies/ARSR003.pkb.sql,forms_triggers/ARSR003.triggers.sql,scaffold_only,16,3,57,"credentials,destructive,windows_native",exact PKS/PKB/DDL/FMB mapping
ARSR004.fmx,RB_ARSR004_CA0F4,AR/accounts-receivable,plsql_specs/ARSR004.pks.sql,plsql_bodies/ARSR004.pkb.sql,forms_triggers/ARSR004.triggers.sql,scaffold_only,16,3,64,"credentials,destructive",exact PKS/PKB/DDL/FMB mapping
ARSR005.fmx,RB_ARSR005_F9989,AR/accounts-receivable,plsql_specs/ARSR005.pks.sql,plsql_bodies/ARSR005.pkb.sql,forms_triggers/ARSR005.triggers.sql,scaffold_only,16,3,84,"credentials,ddl_privilege,destructive,windows_native",exact PKS/PKB/DDL/FMB mapping
ARSR009.fmx,RB_ARSR009_E5F50,AR/accounts-receivable,plsql_specs/ARSR009.pks.sql,plsql_bodies/ARSR009.pkb.sql,forms_triggers/ARSR009.triggers.sql,scaffold_only,23,3,108,"credentials,ddl_privilege,destructive,dynamic_sql,windows_native",exact PKS/PKB/DDL/FMB mapping
ARSR010.fmx,RB_ARSR010_CA8F9,AR/accounts-receivable,plsql_specs/ARSR010.pks.sql,plsql_bodies/ARSR010.pkb.sql,forms_triggers/ARSR010.triggers.sql,scaffold_only,18,4,99,"credentials,ddl_privilege,destructive,dynamic_sql",exact PKS/PKB/DDL/FMB mapping
ARSR011.fmx,RB_ARSR011_AAF5E,AR/accounts-receivable,plsql_specs/ARSR011.pks.sql,plsql_bodies/ARSR011.pkb.sql,forms_triggers/ARSR011.triggers.sql,scaffold_only,16,3,73,"credentials,destructive,windows_native",exact PKS/PKB/DDL/FMB mapping
ARSR012.fmx,RB_ARSR012_F7874,AR/accounts-receivable,plsql_specs/ARSR012.pks.sql,plsql_bodies/ARSR012.pkb.sql,forms_triggers/ARSR012.triggers.sql,scaffold_only,17,3,89,"credentials,destructive",exact PKS/PKB/DDL/FMB mapping
ARSR013.fmx,RB_ARSR013_EA4BA,AR/accounts-receivable,plsql_specs/ARSR013.pks.sql,plsql_bodies/ARSR013.pkb.sql,forms_triggers/ARSR013.triggers.sql,scaffold_only,16,3,59,"credentials,destructive",exact PKS/PKB/DDL/FMB mapping
ARSR014.fmx,RB_ARSR014_0026F,AR/accounts-receivable,plsql_specs/ARSR014.pks.sql,plsql_bodies/ARSR014.pkb.sql,forms_triggers/ARSR014.triggers.sql,scaffold_only,17,4,82,"credentials,destructive",exact PKS/PKB/DDL/FMB mapping
ARSR020.fmx,RB_ARSR020_39FAF,AR/accounts-receivable,plsql_specs/ARSR020.pks.sql,plsql_bodies/ARSR020.pkb.sql,forms_triggers/ARSR020.triggers.sql,scaffold_only,18,3,80,"credentials,destructive,windows_native",exact PKS/PKB/DDL/FMB mapping
ARSR021.fmx,RB_ARSR021_B0038,AR/accounts-receivable,plsql_specs/ARSR021.pks.sql,plsql_bodies/ARSR021.pkb.sql,forms_triggers/ARSR021.triggers.sql,scaffold_only,17,3,125,"credentials,destructive,windows_native",exact PKS/PKB/DDL/FMB mapping
ARSR022.fmx,RB_ARSR022_BE9FF,AR/accounts-receivable,plsql_specs/ARSR022.pks.sql,plsql_bodies/ARSR022.pkb.sql,forms_triggers/ARSR022.triggers.sql,scaffold_only,16,3,60,"credentials,destructive",exact PKS/PKB/DDL/FMB mapping
ARSR023.fmx,RB_ARSR023_2B7BD,AR/accounts-receivable,plsql_specs/ARSR023.pks.sql,plsql_bodies/ARSR023.pkb.sql,forms_triggers/ARSR023.triggers.sql,scaffold_only,18,3,290,"credentials,ddl_privilege,destructive,windows_native",exact PKS/PKB/DDL/FMB mapping
ARSR024.fmx,RB_ARSR024_C1B99,AR/accounts-receivable,plsql_specs/ARSR024.pks.sql,plsql_bodies/ARSR024.pkb.sql,forms_triggers/ARSR024.triggers.sql,scaffold_only,16,3,83,"credentials,ddl_privilege,destructive,windows_native",exact PKS/PKB/DDL/FMB mapping
ARSR025.fmx,RB_ARSR025_B9688,AR/accounts-receivable,plsql_specs/ARSR025.pks.sql,plsql_bodies/ARSR025.pkb.sql,forms_triggers/ARSR025.triggers.sql,scaffold_only,17,3,88,"credentials,destructive,windows_native",exact PKS/PKB/DDL/FMB mapping
ARSR026.fmx,RB_ARSR026_08D25,AR/accounts-receivable,plsql_specs/ARSR026.pks.sql,plsql_bodies/ARSR026.pkb.sql,forms_triggers/ARSR026.triggers.sql,scaffold_only,17,3,78,"credentials,destructive,windows_native",exact PKS/PKB/DDL/FMB mapping
ARSR027.fmx,RB_ARSR027_EC4D4,AR/accounts-receivable,plsql_specs/ARSR027.pks.sql,plsql_bodies/ARSR027.pkb.sql,forms_triggers/ARSR027.triggers.sql,scaffold_only,16,3,76,"credentials,destructive",exact PKS/PKB/DDL/FMB mapping
ARSR029.fmx,RB_ARSR029_CA6B7,AR/accounts-receivable,plsql_specs/ARSR029.pks.sql,plsql_bodies/ARSR029.pkb.sql,forms_triggers/ARSR029.triggers.sql,scaffold_only,16,3,149,"credentials,destructive",exact PKS/PKB/DDL/FMB mapping
ARSR030.fmx,RB_ARSR030_B2479,AR/accounts-receivable,plsql_specs/ARSR030.pks.sql,plsql_bodies/ARSR030.pkb.sql,forms_triggers/ARSR030.triggers.sql,scaffold_only,16,3,69,"credentials,destructive",exact PKS/PKB/DDL/FMB mapping
ARSR031.fmx,RB_ARSR031_8C40D,AR/accounts-receivable,plsql_specs/ARSR031.pks.sql,plsql_bodies/ARSR031.pkb.sql,forms_triggers/ARSR031.triggers.sql,scaffold_only,16,3,88,"credentials,destructive",exact PKS/PKB/DDL/FMB mapping
ARSR032.fmx,RB_ARSR032_40FB6,AR/accounts-receivable,plsql_specs/ARSR032.pks.sql,plsql_bodies/ARSR032.pkb.sql,forms_triggers/ARSR032.triggers.sql,scaffold_only,16,3,71,"credentials,destructive",exact PKS/PKB/DDL/FMB mapping
ARSR033.fmx,RB_ARSR033_F9BF8,AR/accounts-receivable,plsql_specs/ARSR033.pks.sql,plsql_bodies/ARSR033.pkb.sql,forms_triggers/ARSR033.triggers.sql,scaffold_only,16,3,91,"credentials,destructive,windows_native",exact PKS/PKB/DDL/FMB mapping
ARSR034.fmx,RB_ARSR034_E5921,AR/accounts-receivable,plsql_specs/ARSR034.pks.sql,plsql_bodies/ARSR034.pkb.sql,forms_triggers/ARSR034.triggers.sql,scaffold_only,16,3,91,"credentials,destructive",exact PKS/PKB/DDL/FMB mapping
ARSR035.fmx,RB_ARSR035_BA60F,AR/accounts-receivable,plsql_specs/ARSR035.pks.sql,plsql_bodies/ARSR035.pkb.sql,forms_triggers/ARSR035.triggers.sql,scaffold_only,17,3,76,"credentials,ddl_privilege,destructive,windows_native",exact PKS/PKB/DDL/FMB mapping
ARSR036.fmx,RB_ARSR036_9D32A,AR/accounts-receivable,plsql_specs/ARSR036.pks.sql,plsql_bodies/ARSR036.pkb.sql,forms_triggers/ARSR036.triggers.sql,scaffold_only,17,3,106,"credentials,ddl_privilege,destructive,dynamic_sql,windows_native",exact PKS/PKB/DDL/FMB mapping
ARSR037.fmx,RB_ARSR037_65C40,AR/accounts-receivable,plsql_specs/ARSR037.pks.sql,plsql_bodies/ARSR037.pkb.sql,forms_triggers/ARSR037.triggers.sql,scaffold_only,16,3,73,"credentials,destructive,windows_native",exact PKS/PKB/DDL/FMB mapping
ARSR038.fmx,RB_ARSR038_FBAF6,AR/accounts-receivable,plsql_specs/ARSR038.pks.sql,plsql_bodies/ARSR038.pkb.sql,forms_triggers/ARSR038.triggers.sql,scaffold_only,16,3,69,"credentials,destructive",exact PKS/PKB/DDL/FMB mapping
ARSR039.fmx,RB_ARSR039_A03AC,AR/accounts-receivable,plsql_specs/ARSR039.pks.sql,plsql_bodies/ARSR039.pkb.sql,forms_triggers/ARSR039.triggers.sql,scaffold_only,16,3,78,"credentials,destructive,windows_native",exact PKS/PKB/DDL/FMB mapping
ARSR041.fmx,RB_ARSR041_77286,AR/accounts-receivable,plsql_specs/ARSR041.pks.sql,plsql_bodies/ARSR041.pkb.sql,forms_triggers/ARSR041.triggers.sql,scaffold_only,35,3,645,"credentials,destructive,dynamic_sql,windows_native",exact PKS/PKB/DDL/FMB mapping
ARSR042.fmx,RB_ARSR042_520DB,AR/accounts-receivable,plsql_specs/ARSR042.pks.sql,plsql_bodies/ARSR042.pkb.sql,forms_triggers/ARSR042.triggers.sql,scaffold_only,16,3,112,"credentials,destructive",exact PKS/PKB/DDL/FMB mapping
ARSR043.fmx,RB_ARSR043_77B4D,AR/accounts-receivable,plsql_specs/ARSR043.pks.sql,plsql_bodies/ARSR043.pkb.sql,forms_triggers/ARSR043.triggers.sql,scaffold_only,16,3,68,"credentials,destructive",exact PKS/PKB/DDL/FMB mapping
ARSR044.fmx,RB_ARSR044_BB3F6,AR/accounts-receivable,plsql_specs/ARSR044.pks.sql,plsql_bodies/ARSR044.pkb.sql,forms_triggers/ARSR044.triggers.sql,scaffold_only,16,3,79,"credentials,destructive",exact PKS/PKB/DDL/FMB mapping
ARSR045.fmx,RB_ARSR045_DE0F2,AR/accounts-receivable,plsql_specs/ARSR045.pks.sql,plsql_bodies/ARSR045.pkb.sql,forms_triggers/ARSR045.triggers.sql,scaffold_only,16,3,57,"credentials,ddl_privilege,destructive",exact PKS/PKB/DDL/FMB mapping
ARSR046.fmx,RB_ARSR046_98CCA,AR/accounts-receivable,plsql_specs/ARSR046.pks.sql,plsql_bodies/ARSR046.pkb.sql,forms_triggers/ARSR046.triggers.sql,scaffold_only,16,3,112,"credentials,destructive",exact PKS/PKB/DDL/FMB mapping
ARSS001.fmx,RB_ARSS001_71346,AR/accounts-receivable,plsql_specs/ARSS001.pks.sql,plsql_bodies/ARSS001.pkb.sql,forms_triggers/ARSS001.triggers.sql,scaffold_only,34,14,250,"credentials,destructive,windows_native",exact PKS/PKB/DDL/FMB mapping
ARSS003.fmx,RB_ARSS003_D666D,AR/accounts-receivable,plsql_specs/ARSS003.pks.sql,plsql_bodies/ARSS003.pkb.sql,forms_triggers/ARSS003.triggers.sql,scaffold_only,30,9,92,"credentials,ddl_privilege,destructive,windows_native",exact PKS/PKB/DDL/FMB mapping
ARSS004.fmx,RB_ARSS004_557F0,AR/accounts-receivable,plsql_specs/ARSS004.pks.sql,plsql_bodies/ARSS004.pkb.sql,forms_triggers/ARSS004.triggers.sql,scaffold_only,33,8,62,"credentials,ddl_privilege,destructive,windows_native",exact PKS/PKB/DDL/FMB mapping
ARSS005.fmx,RB_ARSS005_F4209,AR/accounts-receivable,plsql_specs/ARSS005.pks.sql,plsql_bodies/ARSS005.pkb.sql,forms_triggers/ARSS005.triggers.sql,scaffold_only,31,8,73,"credentials,ddl_privilege,destructive,dynamic_sql,windows_native",exact PKS/PKB/DDL/FMB mapping
ARSS006.fmx,RB_ARSS006_FD4BD,AR/accounts-receivable,plsql_specs/ARSS006.pks.sql,plsql_bodies/ARSS006.pkb.sql,forms_triggers/ARSS006.triggers.sql,scaffold_only,35,8,75,"credentials,ddl_privilege,destructive,windows_native",exact PKS/PKB/DDL/FMB mapping
ARSS007.fmx,RB_ARSS007_68D84,AR/accounts-receivable,plsql_specs/ARSS007.pks.sql,plsql_bodies/ARSS007.pkb.sql,forms_triggers/ARSS007.triggers.sql,scaffold_only,35,8,65,"credentials,ddl_privilege,destructive,windows_native",exact PKS/PKB/DDL/FMB mapping
ARSS008.fmx,RB_ARSS008_68DB3,AR/accounts-receivable,plsql_specs/ARSS008.pks.sql,plsql_bodies/ARSS008.pkb.sql,forms_triggers/ARSS008.triggers.sql,scaffold_only,35,8,81,"credentials,ddl_privilege,destructive,windows_native",exact PKS/PKB/DDL/FMB mapping
ARSS009.fmx,RB_ARSS009_70322,AR/accounts-receivable,plsql_specs/ARSS009.pks.sql,plsql_bodies/ARSS009.pkb.sql,forms_triggers/ARSS009.triggers.sql,scaffold_only,34,8,102,"credentials,ddl_privilege,destructive,windows_native",exact PKS/PKB/DDL/FMB mapping
ARSS010.fmx,RB_ARSS010_0C7B8,AR/accounts-receivable,plsql_specs/ARSS010.pks.sql,plsql_bodies/ARSS010.pkb.sql,forms_triggers/ARSS010.triggers.sql,scaffold_only,35,7,138,"credentials,ddl_privilege,destructive,windows_native",exact PKS/PKB/DDL/FMB mapping
ARSS011.fmx,RB_ARSS011_CCC2D,AR/accounts-receivable,plsql_specs/ARSS011.pks.sql,plsql_bodies/ARSS011.pkb.sql,forms_triggers/ARSS011.triggers.sql,scaffold_only,32,8,64,"credentials,ddl_privilege,destructive,windows_native",exact PKS/PKB/DDL/FMB mapping
ARSS012.fmx,RB_ARSS012_1E546,AR/accounts-receivable,plsql_specs/ARSS012.pks.sql,plsql_bodies/ARSS012.pkb.sql,forms_triggers/ARSS012.triggers.sql,scaffold_only,38,7,173,"credentials,ddl_privilege,destructive,windows_native",exact PKS/PKB/DDL/FMB mapping
ARSS013.fmx,RB_ARSS013_0314E,AR/accounts-receivable,plsql_specs/ARSS013.pks.sql,plsql_bodies/ARSS013.pkb.sql,forms_triggers/ARSS013.triggers.sql,scaffold_only,38,6,107,"credentials,ddl_privilege,destructive,windows_native",exact PKS/PKB/DDL/FMB mapping
ARSS014.fmx,RB_ARSS014_50515,AR/accounts-receivable,plsql_specs/ARSS014.pks.sql,plsql_bodies/ARSS014.pkb.sql,forms_triggers/ARSS014.triggers.sql,scaffold_only,37,7,79,"credentials,ddl_privilege,destructive,windows_native",exact PKS/PKB/DDL/FMB mapping
ARSS015.fmx,RB_ARSS015_554A2,AR/accounts-receivable,plsql_specs/ARSS015.pks.sql,plsql_bodies/ARSS015.pkb.sql,forms_triggers/ARSS015.triggers.sql,scaffold_only,33,8,65,"credentials,ddl_privilege,destructive,windows_native",exact PKS/PKB/DDL/FMB mapping
ARSS016.fmx,RB_ARSS016_374AE,AR/accounts-receivable,plsql_specs/ARSS016.pks.sql,plsql_bodies/ARSS016.pkb.sql,forms_triggers/ARSS016.triggers.sql,scaffold_only,33,8,62,"credentials,ddl_privilege,destructive,windows_native",exact PKS/PKB/DDL/FMB mapping
ARSS017.fmx,RB_ARSS017_D14B8,AR/accounts-receivable,plsql_specs/ARSS017.pks.sql,plsql_bodies/ARSS017.pkb.sql,forms_triggers/ARSS017.triggers.sql,scaffold_only,33,8,82,"credentials,ddl_privilege,destructive,windows_native",exact PKS/PKB/DDL/FMB mapping
ARSS018.fmx,RB_ARSS018_2E854,AR/accounts-receivable,plsql_specs/ARSS018.pks.sql,plsql_bodies/ARSS018.pkb.sql,forms_triggers/ARSS018.triggers.sql,scaffold_only,38,7,161,"credentials,ddl_privilege,destructive,windows_native",exact PKS/PKB/DDL/FMB mapping
ARSS020.fmx,RB_ARSS020_CC945,AR/accounts-receivable,plsql_specs/ARSS020.pks.sql,plsql_bodies/ARSS020.pkb.sql,forms_triggers/ARSS020.triggers.sql,scaffold_only,34,8,72,"credentials,ddl_privilege,destructive,windows_native",exact PKS/PKB/DDL/FMB mapping
ARSS021.fmx,RB_ARSS021_5FA85,AR/accounts-receivable,plsql_specs/ARSS021.pks.sql,plsql_bodies/ARSS021.pkb.sql,forms_triggers/ARSS021.triggers.sql,scaffold_only,31,8,74,"credentials,ddl_privilege,destructive,windows_native",exact PKS/PKB/DDL/FMB mapping
ARSS022.fmx,RB_ARSS022_295BB,AR/accounts-receivable,plsql_specs/ARSS022.pks.sql,plsql_bodies/ARSS022.pkb.sql,forms_triggers/ARSS022.triggers.sql,scaffold_only,34,8,72,"credentials,ddl_privilege,destructive,windows_native",exact PKS/PKB/DDL/FMB mapping
ARSS024.fmx,RB_ARSS024_67E0A,AR/accounts-receivable,plsql_specs/ARSS024.pks.sql,plsql_bodies/ARSS024.pkb.sql,forms_triggers/ARSS024.triggers.sql,scaffold_only,33,8,77,"credentials,ddl_privilege,destructive,windows_native",exact PKS/PKB/DDL/FMB mapping
ARSS025.fmx,RB_ARSS025_8E8F0,AR/accounts-receivable,plsql_specs/ARSS025.pks.sql,plsql_bodies/ARSS025.pkb.sql,forms_triggers/ARSS025.triggers.sql,scaffold_only,32,8,65,"credentials,ddl_privilege,destructive,windows_native",exact PKS/PKB/DDL/FMB mapping
ARSS026.fmx,RB_ARSS026_D3915,AR/accounts-receivable,plsql_specs/ARSS026.pks.sql,plsql_bodies/ARSS026.pkb.sql,forms_triggers/ARSS026.triggers.sql,scaffold_only,32,8,64,"credentials,destructive,windows_native",exact PKS/PKB/DDL/FMB mapping
ARST001.fmx,RB_ARST001_D7720,AR/accounts-receivable,plsql_specs/ARST001.pks.sql,plsql_bodies/ARST001.pkb.sql,forms_triggers/ARST001.triggers.sql,scaffold_only,51,10,279,"credentials,ddl_privilege,destructive,windows_native",exact PKS/PKB/DDL/FMB mapping
ARST002.fmx,RB_ARST002_53075,AR/accounts-receivable,plsql_specs/ARST002.pks.sql,plsql_bodies/ARST002.pkb.sql,forms_triggers/ARST002.triggers.sql,scaffold_only,65,8,394,"credentials,destructive,windows_native",exact PKS/PKB/DDL/FMB mapping
ARST002_TO_CHEK.fmx,RB_ARST002_TO_CHEK_539EA,AR/accounts-receivable,plsql_specs/ARST002_TO_CHEK.pks.sql,plsql_bodies/ARST002_TO_CHEK.pkb.sql,forms_triggers/ARST002_TO_CHEK.triggers.sql,scaffold_only,59,8,319,"credentials,destructive,windows_native",exact PKS/PKB/DDL/FMB mapping
ARST003.fmx,RB_ARST003_60BE5,AR/accounts-receivable,plsql_specs/ARST003.pks.sql,plsql_bodies/ARST003.pkb.sql,forms_triggers/ARST003.triggers.sql,scaffold_only,70,10,520,"credentials,destructive,dynamic_sql,windows_native",exact PKS/PKB/DDL/FMB mapping
ARST004.fmx,RB_ARST004_71C88,AR/accounts-receivable,plsql_specs/ARST004.pks.sql,plsql_bodies/ARST004.pkb.sql,forms_triggers/ARST004.triggers.sql,scaffold_only,98,12,849,"credentials,ddl_privilege,destructive,dynamic_sql,windows_native",exact PKS/PKB/DDL/FMB mapping
ARST005.fmx,RB_ARST005_5383A,AR/accounts-receivable,plsql_specs/ARST005.pks.sql,plsql_bodies/ARST005.pkb.sql,forms_triggers/ARST005.triggers.sql,scaffold_only,56,9,315,"credentials,ddl_privilege,destructive,windows_native",exact PKS/PKB/DDL/FMB mapping
ARST006.fmx,RB_ARST006_425F3,AR/accounts-receivable,plsql_specs/ARST006.pks.sql,plsql_bodies/ARST006.pkb.sql,forms_triggers/ARST006.triggers.sql,scaffold_only,79,11,609,"credentials,ddl_privilege,destructive,windows_native",exact PKS/PKB/DDL/FMB mapping
ARST007.fmx,RB_ARST007_19432,AR/accounts-receivable,plsql_specs/ARST007.pks.sql,plsql_bodies/ARST007.pkb.sql,forms_triggers/ARST007.triggers.sql,scaffold_only,56,10,279,"credentials,destructive,windows_native",exact PKS/PKB/DDL/FMB mapping
ARST008.fmx,RB_ARST008_FB760,AR/accounts-receivable,plsql_specs/ARST008.pks.sql,plsql_bodies/ARST008.pkb.sql,forms_triggers/ARST008.triggers.sql,scaffold_only,36,7,93,"credentials,destructive,windows_native",exact PKS/PKB/DDL/FMB mapping
ARST009.fmx,RB_ARST009_98055,AR/accounts-receivable,plsql_specs/ARST009.pks.sql,plsql_bodies/ARST009.pkb.sql,forms_triggers/ARST009.triggers.sql,scaffold_only,36,9,99,"credentials,destructive,windows_native",exact PKS/PKB/DDL/FMB mapping
ARST010.fmx,RB_ARST010_35511,AR/accounts-receivable,plsql_specs/ARST010.pks.sql,plsql_bodies/ARST010.pkb.sql,forms_triggers/ARST010.triggers.sql,scaffold_only,44,8,124,"credentials,ddl_privilege,destructive,windows_native",exact PKS/PKB/DDL/FMB mapping
ARST011.fmx,RB_ARST011_7920E,AR/accounts-receivable,plsql_specs/ARST011.pks.sql,plsql_bodies/ARST011.pkb.sql,forms_triggers/ARST011.triggers.sql,scaffold_only,46,8,219,"credentials,ddl_privilege,destructive,dynamic_sql,windows_native",exact PKS/PKB/DDL/FMB mapping
ARST012.fmx,RB_ARST012_91A71,AR/accounts-receivable,plsql_specs/ARST012.pks.sql,plsql_bodies/ARST012.pkb.sql,forms_triggers/ARST012.triggers.sql,scaffold_only,50,8,204,"credentials,destructive,windows_native",exact PKS/PKB/DDL/FMB mapping
ARST013.fmx,RB_ARST013_DACC2,AR/accounts-receivable,plsql_specs/ARST013.pks.sql,plsql_bodies/ARST013.pkb.sql,forms_triggers/ARST013.triggers.sql,scaffold_only,40,8,115,"credentials,destructive,windows_native",exact PKS/PKB/DDL/FMB mapping
ARST014.fmx,RB_ARST014_52D31,AR/accounts-receivable,plsql_specs/ARST014.pks.sql,plsql_bodies/ARST014.pkb.sql,forms_triggers/ARST014.triggers.sql,scaffold_only,38,9,109,"credentials,destructive,windows_native",exact PKS/PKB/DDL/FMB mapping
ARST015.fmx,RB_ARST015_36F7D,AR/accounts-receivable,plsql_specs/ARST015.pks.sql,plsql_bodies/ARST015.pkb.sql,forms_triggers/ARST015.triggers.sql,scaffold_only,39,8,139,"credentials,destructive,windows_native",exact PKS/PKB/DDL/FMB mapping
ARST016.fmx,RB_ARST016_FCAEA,AR/accounts-receivable,plsql_specs/ARST016.pks.sql,plsql_bodies/ARST016.pkb.sql,forms_triggers/ARST016.triggers.sql,scaffold_only,48,12,210,"credentials,destructive,windows_native",exact PKS/PKB/DDL/FMB mapping
ARST017.fmx,RB_ARST017_34692,AR/accounts-receivable,plsql_specs/ARST017.pks.sql,plsql_bodies/ARST017.pkb.sql,forms_triggers/ARST017.triggers.sql,scaffold_only,37,10,109,"credentials,destructive,windows_native",exact PKS/PKB/DDL/FMB mapping
ARST018.fmx,RB_ARST018_7FD17,AR/accounts-receivable,plsql_specs/ARST018.pks.sql,plsql_bodies/ARST018.pkb.sql,forms_triggers/ARST018.triggers.sql,scaffold_only,35,8,121,"credentials,ddl_privilege,destructive,windows_native",exact PKS/PKB/DDL/FMB mapping
ARST019.fmx,RB_ARST019_E17D5,AR/accounts-receivable,plsql_specs/ARST019.pks.sql,plsql_bodies/ARST019.pkb.sql,forms_triggers/ARST019.triggers.sql,scaffold_only,38,10,129,"credentials,destructive,windows_native",exact PKS/PKB/DDL/FMB mapping
ARST020.fmx,RB_ARST020_35453,AR/accounts-receivable,plsql_specs/ARST020.pks.sql,plsql_bodies/ARST020.pkb.sql,forms_triggers/ARST020.triggers.sql,scaffold_only,49,8,198,"credentials,destructive,windows_native",exact PKS/PKB/DDL/FMB mapping
ARST021.fmx,RB_ARST021_89F8B,AR/accounts-receivable,plsql_specs/ARST021.pks.sql,plsql_bodies/ARST021.pkb.sql,forms_triggers/ARST021.triggers.sql,scaffold_only,34,8,89,"credentials,ddl_privilege,destructive,windows_native",exact PKS/PKB/DDL/FMB mapping
ARST023.fmx,RB_ARST023_334C0,AR/accounts-receivable,plsql_specs/ARST023.pks.sql,plsql_bodies/ARST023.pkb.sql,forms_triggers/ARST023.triggers.sql,scaffold_only,72,10,548,"credentials,ddl_privilege,destructive,windows_native",exact PKS/PKB/DDL/FMB mapping
ARST024.fmx,RB_ARST024_FABB0,AR/accounts-receivable,plsql_specs/ARST024.pks.sql,plsql_bodies/ARST024.pkb.sql,forms_triggers/ARST024.triggers.sql,scaffold_only,39,8,146,"credentials,destructive,windows_native",exact PKS/PKB/DDL/FMB mapping
BGTR002.fmx,RB_BGTR002_E8F4B,other,plsql_specs/BGTR002.pks.sql,plsql_bodies/BGTR002.pkb.sql,forms_triggers/BGTR002.triggers.sql,scaffold_only,17,3,101,"credentials,ddl_privilege,destructive,windows_native",exact PKS/PKB/DDL/FMB mapping
BGTR004.fmx,RB_BGTR004_62441,other,plsql_specs/BGTR004.pks.sql,plsql_bodies/BGTR004.pkb.sql,forms_triggers/BGTR004.triggers.sql,scaffold_only,17,3,92,"credentials,destructive,windows_native",exact PKS/PKB/DDL/FMB mapping
BGTT001.fmx,RB_BGTT001_1C37E,other,plsql_specs/BGTT001.pks.sql,plsql_bodies/BGTT001.pkb.sql,forms_triggers/BGTT001.triggers.sql,scaffold_only,44,8,202,"credentials,destructive,windows_native",exact PKS/PKB/DDL/FMB mapping
BGTT002.fmx,RB_BGTT002_76E52,other,plsql_specs/BGTT002.pks.sql,plsql_bodies/BGTT002.pkb.sql,forms_triggers/BGTT002.triggers.sql,scaffold_only,43,8,171,"credentials,destructive,windows_native",exact PKS/PKB/DDL/FMB mapping
BGTT003.fmx,RB_BGTT003_B6486,other,plsql_specs/BGTT003.pks.sql,plsql_bodies/BGTT003.pkb.sql,forms_triggers/BGTT003.triggers.sql,scaffold_only,47,8,198,"credentials,ddl_privilege,destructive,windows_native,error_handling",exact PKS/PKB/DDL/FMB mapping
BGTT004 - 10022016.fmx,RB_BGTT004_10022016_6ECDC,other,plsql_specs/BGTT004 - 10022016.pks.sql,plsql_bodies/BGTT004 - 10022016.pkb.sql,forms_triggers/BGTT004 - 10022016.triggers.sql,scaffold_only,52,8,194,"credentials,destructive,windows_native",exact PKS/PKB/DDL/FMB mapping
BGTT004.fmx,RB_BGTT004_479DB,other,plsql_specs/BGTT004.pks.sql,plsql_bodies/BGTT004.pkb.sql,forms_triggers/BGTT004.triggers.sql,scaffold_only,55,8,223,"credentials,destructive,windows_native",exact PKS/PKB/DDL/FMB mapping
COMR001.fmx,RB_COMR001_F8D99,other,plsql_specs/COMR001.pks.sql,plsql_bodies/COMR001.pkb.sql,forms_triggers/COMR001.triggers.sql,scaffold_only,16,3,109,"credentials,destructive,windows_native",exact PKS/PKB/DDL/FMB mapping
COMS001.fmx,RB_COMS001_955A0,other,plsql_specs/COMS001.pks.sql,plsql_bodies/COMS001.pkb.sql,forms_triggers/COMS001.triggers.sql,scaffold_only,39,8,135,"credentials,ddl_privilege,destructive,dynamic_sql,windows_native",exact PKS/PKB/DDL/FMB mapping
COMS002.fmx,RB_COMS002_45E0A,other,plsql_specs/COMS002.pks.sql,plsql_bodies/COMS002.pkb.sql,forms_triggers/COMS002.triggers.sql,scaffold_only,38,8,135,"credentials,ddl_privilege,destructive,dynamic_sql,windows_native",exact PKS/PKB/DDL/FMB mapping
COMS003.fmx,RB_COMS003_83669,other,plsql_specs/COMS003.pks.sql,plsql_bodies/COMS003.pkb.sql,forms_triggers/COMS003.triggers.sql,scaffold_only,37,8,113,"credentials,ddl_privilege,destructive,dynamic_sql,windows_native",exact PKS/PKB/DDL/FMB mapping
COMS004.fmx,RB_COMS004_60133,other,plsql_specs/COMS004.pks.sql,plsql_bodies/COMS004.pkb.sql,forms_triggers/COMS004.triggers.sql,scaffold_only,37,8,130,"credentials,ddl_privilege,destructive,dynamic_sql,windows_native",exact PKS/PKB/DDL/FMB mapping
COMT001.fmx,RB_COMT001_3755F,other,plsql_specs/COMT001.pks.sql,plsql_bodies/COMT001.pkb.sql,forms_triggers/COMT001.triggers.sql,scaffold_only,42,8,145,"credentials,ddl_privilege,destructive,dynamic_sql,windows_native",exact PKS/PKB/DDL/FMB mapping
COMT002.fmx,RB_COMT002_9CFD1,other,plsql_specs/COMT002.pks.sql,plsql_bodies/COMT002.pkb.sql,forms_triggers/COMT002.triggers.sql,scaffold_only,40,8,144,"credentials,ddl_privilege,destructive,dynamic_sql,windows_native",exact PKS/PKB/DDL/FMB mapping
COMT003.fmx,RB_COMT003_F60D7,other,plsql_specs/COMT003.pks.sql,plsql_bodies/COMT003.pkb.sql,forms_triggers/COMT003.triggers.sql,scaffold_only,40,8,137,"credentials,ddl_privilege,destructive,dynamic_sql,windows_native",exact PKS/PKB/DDL/FMB mapping
COMT004.fmx,RB_COMT004_CBB82,other,plsql_specs/COMT004.pks.sql,plsql_bodies/COMT004.pkb.sql,forms_triggers/COMT004.triggers.sql,scaffold_only,40,8,136,"credentials,ddl_privilege,destructive,dynamic_sql,windows_native",exact PKS/PKB/DDL/FMB mapping
DTSI001.fmx,RB_DTSI001_1B720,other,plsql_specs/DTSI001.pks.sql,plsql_bodies/DTSI001.pkb.sql,forms_triggers/DTSI001.triggers.sql,scaffold_only,34,8,85,"credentials,ddl_privilege,destructive,windows_native",exact PKS/PKB/DDL/FMB mapping
DTSI002.fmx,RB_DTSI002_C5AA8,other,plsql_specs/DTSI002.pks.sql,plsql_bodies/DTSI002.pkb.sql,forms_triggers/DTSI002.triggers.sql,scaffold_only,33,8,82,"credentials,ddl_privilege,destructive,windows_native",exact PKS/PKB/DDL/FMB mapping
DTSI003.fmx,RB_DTSI003_893FD,other,plsql_specs/DTSI003.pks.sql,plsql_bodies/DTSI003.pkb.sql,forms_triggers/DTSI003.triggers.sql,scaffold_only,35,8,108,"credentials,ddl_privilege,destructive,windows_native",exact PKS/PKB/DDL/FMB mapping
DTSI004.fmx,RB_DTSI004_150BC,other,plsql_specs/DTSI004.pks.sql,plsql_bodies/DTSI004.pkb.sql,forms_triggers/DTSI004.triggers.sql,scaffold_only,37,10,125,"credentials,ddl_privilege,destructive,windows_native",exact PKS/PKB/DDL/FMB mapping
DTSI005.fmx,RB_DTSI005_A6B83,other,plsql_specs/DTSI005.pks.sql,plsql_bodies/DTSI005.pkb.sql,forms_triggers/DTSI005.triggers.sql,scaffold_only,35,8,124,"credentials,ddl_privilege,destructive,windows_native",exact PKS/PKB/DDL/FMB mapping
DTSI006.fmx,RB_DTSI006_19DA1,other,plsql_specs/DTSI006.pks.sql,plsql_bodies/DTSI006.pkb.sql,forms_triggers/DTSI006.triggers.sql,scaffold_only,32,8,55,"credentials,ddl_privilege,destructive,windows_native",exact PKS/PKB/DDL/FMB mapping
DTSR001.fmx,RB_DTSR001_BA172,other,plsql_specs/DTSR001.pks.sql,plsql_bodies/DTSR001.pkb.sql,forms_triggers/DTSR001.triggers.sql,scaffold_only,18,3,91,"credentials,destructive",exact PKS/PKB/DDL/FMB mapping
DTSR002.fmx,RB_DTSR002_A0C87,other,plsql_specs/DTSR002.pks.sql,plsql_bodies/DTSR002.pkb.sql,forms_triggers/DTSR002.triggers.sql,scaffold_only,19,3,92,"credentials,destructive",exact PKS/PKB/DDL/FMB mapping
DTSR003.fmx,RB_DTSR003_0DA64,other,plsql_specs/DTSR003.pks.sql,plsql_bodies/DTSR003.pkb.sql,forms_triggers/DTSR003.triggers.sql,scaffold_only,19,3,93,"credentials,destructive",exact PKS/PKB/DDL/FMB mapping
DTSR004.fmx,RB_DTSR004_D91BC,other,plsql_specs/DTSR004.pks.sql,plsql_bodies/DTSR004.pkb.sql,forms_triggers/DTSR004.triggers.sql,scaffold_only,19,3,92,"credentials,destructive",exact PKS/PKB/DDL/FMB mapping
DTSR005.fmx,RB_DTSR005_FC56A,other,plsql_specs/DTSR005.pks.sql,plsql_bodies/DTSR005.pkb.sql,forms_triggers/DTSR005.triggers.sql,scaffold_only,19,3,96,"credentials,destructive",exact PKS/PKB/DDL/FMB mapping
DTSR006.fmx,RB_DTSR006_437FB,other,plsql_specs/DTSR006.pks.sql,plsql_bodies/DTSR006.pkb.sql,forms_triggers/DTSR006.triggers.sql,scaffold_only,19,3,96,"credentials,destructive",exact PKS/PKB/DDL/FMB mapping
DTSR007.fmx,RB_DTSR007_57457,other,plsql_specs/DTSR007.pks.sql,plsql_bodies/DTSR007.pkb.sql,forms_triggers/DTSR007.triggers.sql,scaffold_only,19,3,94,"credentials,destructive",exact PKS/PKB/DDL/FMB mapping
DTSR008.fmx,RB_DTSR008_108DB,other,plsql_specs/DTSR008.pks.sql,plsql_bodies/DTSR008.pkb.sql,forms_triggers/DTSR008.triggers.sql,scaffold_only,19,3,93,"credentials,destructive",exact PKS/PKB/DDL/FMB mapping
DTSR009.fmx,RB_DTSR009_316D9,other,plsql_specs/DTSR009.pks.sql,plsql_bodies/DTSR009.pkb.sql,forms_triggers/DTSR009.triggers.sql,scaffold_only,16,3,69,"credentials,destructive",exact PKS/PKB/DDL/FMB mapping
DTSR010.fmx,RB_DTSR010_17186,other,plsql_specs/DTSR010.pks.sql,plsql_bodies/DTSR010.pkb.sql,forms_triggers/DTSR010.triggers.sql,scaffold_only,16,3,69,"credentials,destructive",exact PKS/PKB/DDL/FMB mapping
DTSS001.fmx,RB_DTSS001_F4D10,other,plsql_specs/DTSS001.pks.sql,plsql_bodies/DTSS001.pkb.sql,forms_triggers/DTSS001.triggers.sql,scaffold_only,34,8,76,"credentials,ddl_privilege,destructive,windows_native",exact PKS/PKB/DDL/FMB mapping
DTSS002.fmx,RB_DTSS002_4933B,other,plsql_specs/DTSS002.pks.sql,plsql_bodies/DTSS002.pkb.sql,forms_triggers/DTSS002.triggers.sql,scaffold_only,33,8,82,"credentials,ddl_privilege,destructive,windows_native",exact PKS/PKB/DDL/FMB mapping
DTSS003.fmx,RB_DTSS003_33845,other,plsql_specs/DTSS003.pks.sql,plsql_bodies/DTSS003.pkb.sql,forms_triggers/DTSS003.triggers.sql,scaffold_only,33,8,84,"credentials,ddl_privilege,destructive,windows_native",exact PKS/PKB/DDL/FMB mapping
DTSS006.fmx,RB_DTSS006_BBBAE,other,plsql_specs/DTSS006.pks.sql,plsql_bodies/DTSS006.pkb.sql,forms_triggers/DTSS006.triggers.sql,scaffold_only,33,8,75,"credentials,ddl_privilege,destructive,windows_native",exact PKS/PKB/DDL/FMB mapping
DTST001.fmx,RB_DTST001_7BEBA,other,plsql_specs/DTST001.pks.sql,plsql_bodies/DTST001.pkb.sql,forms_triggers/DTST001.triggers.sql,scaffold_only,43,10,197,"credentials,ddl_privilege,destructive,windows_native",exact PKS/PKB/DDL/FMB mapping
DTST002.fmx,RB_DTST002_61A12,other,plsql_specs/DTST002.pks.sql,plsql_bodies/DTST002.pkb.sql,forms_triggers/DTST002.triggers.sql,scaffold_only,37,10,150,"credentials,ddl_privilege,destructive,windows_native",exact PKS/PKB/DDL/FMB mapping
DTST003.fmx,RB_DTST003_0C213,other,plsql_specs/DTST003.pks.sql,plsql_bodies/DTST003.pkb.sql,forms_triggers/DTST003.triggers.sql,scaffold_only,42,10,185,"credentials,ddl_privilege,destructive,windows_native",exact PKS/PKB/DDL/FMB mapping
DTST004.fmx,RB_DTST004_88C95,other,plsql_specs/DTST004.pks.sql,plsql_bodies/DTST004.pkb.sql,forms_triggers/DTST004.triggers.sql,scaffold_only,42,10,141,"credentials,ddl_privilege,destructive,windows_native",exact PKS/PKB/DDL/FMB mapping
DTST005.fmx,RB_DTST005_A2FD5,other,plsql_specs/DTST005.pks.sql,plsql_bodies/DTST005.pkb.sql,forms_triggers/DTST005.triggers.sql,scaffold_only,41,10,157,"credentials,ddl_privilege,destructive,windows_native",exact PKS/PKB/DDL/FMB mapping
DTST006.fmx,RB_DTST006_6C3F4,other,plsql_specs/DTST006.pks.sql,plsql_bodies/DTST006.pkb.sql,forms_triggers/DTST006.triggers.sql,scaffold_only,40,8,133,"credentials,ddl_privilege,destructive,windows_native",exact PKS/PKB/DDL/FMB mapping
DTST010.fmx,RB_DTST010_2872F,other,plsql_specs/DTST010.pks.sql,plsql_bodies/DTST010.pkb.sql,forms_triggers/DTST010.triggers.sql,scaffold_only,37,9,107,"credentials,ddl_privilege,destructive,windows_native",exact PKS/PKB/DDL/FMB mapping
DTST020.fmx,RB_DTST020_10D59,other,plsql_specs/DTST020.pks.sql,plsql_bodies/DTST020.pkb.sql,forms_triggers/DTST020.triggers.sql,scaffold_only,42,29,266,"credentials,ddl_privilege,destructive,dynamic_sql,windows_native",exact PKS/PKB/DDL/FMB mapping
ERP_ALRT_SCR.fmx,RB_ERP_ALRT_SCR_EC956,other,plsql_specs/ERP_ALRT_SCR.pks.sql,plsql_bodies/ERP_ALRT_SCR.pkb.sql,forms_triggers/ERP_ALRT_SCR.triggers.sql,scaffold_only,7,0,34,"destructive,windows_native",exact PKS/PKB/DDL/FMB mapping
ERP_APPRVD_SCR.fmx,RB_ERP_APPRVD_SCR_D89BE,other,plsql_specs/ERP_APPRVD_SCR.pks.sql,plsql_bodies/ERP_APPRVD_SCR.pkb.sql,forms_triggers/ERP_APPRVD_SCR.triggers.sql,scaffold_only,9,0,61,"destructive,windows_native",exact PKS/PKB/DDL/FMB mapping
ERP_Aud_Scr.fmx,RB_ERP_AUD_SCR_FB144,other,plsql_specs/ERP_Aud_Scr.pks.sql,plsql_bodies/ERP_Aud_Scr.pkb.sql,forms_triggers/ERP_Aud_Scr.triggers.sql,scaffold_only,9,1,35,destructive,exact PKS/PKB/DDL/FMB mapping
ERP_CODE_TRNS.fmx,RB_ERP_CODE_TRNS_DC105,other,plsql_specs/ERP_CODE_TRNS.pks.sql,plsql_bodies/ERP_CODE_TRNS.pkb.sql,forms_triggers/ERP_CODE_TRNS.triggers.sql,scaffold_only,46,8,144,"credentials,ddl_privilege,destructive,windows_native",exact PKS/PKB/DDL/FMB mapping
ERP_Checking.fmx,RB_ERP_CHECKING_122F9,other,plsql_specs/ERP_Checking.pks.sql,plsql_bodies/ERP_Checking.pkb.sql,forms_triggers/ERP_Checking.triggers.sql,scaffold_only,50,13,681,"credentials,ddl_privilege,destructive,windows_native",exact PKS/PKB/DDL/FMB mapping
ERP_DBA.fmx,RB_ERP_DBA_2AADA,other,plsql_specs/ERP_DBA.pks.sql,plsql_bodies/ERP_DBA.pkb.sql,forms_triggers/ERP_DBA.triggers.sql,scaffold_only,139,0,519,"credentials,ddl_privilege,destructive,dynamic_sql,windows_native,error_handling,session_control,network",exact PKS/PKB/DDL/FMB mapping
ERP_DBA_Cmp.fmx,RB_ERP_DBA_CMP_0B9F3,other,plsql_specs/ERP_DBA_Cmp.pks.sql,plsql_bodies/ERP_DBA_Cmp.pkb.sql,forms_triggers/ERP_DBA_Cmp.triggers.sql,scaffold_only,110,85,3871,"credentials,ddl_privilege,destructive,dynamic_sql,windows_native,error_handling,session_control,network",exact PKS/PKB/DDL/FMB mapping
ERP_DBA_DFLT_DATA.fmx,RB_ERP_DBA_DFLT_DATA_9D746,other,plsql_specs/ERP_DBA_DFLT_DATA.pks.sql,plsql_bodies/ERP_DBA_DFLT_DATA.pkb.sql,forms_triggers/ERP_DBA_DFLT_DATA.triggers.sql,scaffold_only,62,11,1510,"credentials,ddl_privilege,destructive,dynamic_sql,windows_native,error_handling,network",exact PKS/PKB/DDL/FMB mapping
ERP_DBA_DFLT_DATA_LNG.fmx,RB_ERP_DBA_DFLT_DATA_LNG_B0D9F,other,plsql_specs/ERP_DBA_DFLT_DATA_LNG.pks.sql,plsql_bodies/ERP_DBA_DFLT_DATA_LNG.pkb.sql,forms_triggers/ERP_DBA_DFLT_DATA_LNG.triggers.sql,scaffold_only,9,4,763,"credentials,ddl_privilege,destructive,windows_native,error_handling",exact PKS/PKB/DDL/FMB mapping
ERP_DBA_DFLT_DATA_LNG_TURKEY.fmx,RB_ERP_DBA_DFLT_DATA_LNG__BB53,other,plsql_specs/ERP_DBA_DFLT_DATA_LNG_TURKEY.pks.sql,plsql_bodies/ERP_DBA_DFLT_DATA_LNG_TURKEY.pkb.sql,forms_triggers/ERP_DBA_DFLT_DATA_LNG_TURKEY.triggers.sql,scaffold_only,7,4,625,"ddl_privilege,destructive,windows_native",exact PKS/PKB/DDL/FMB mapping
ERP_DBA_DFLT_DATA_TRK.fmx,RB_ERP_DBA_DFLT_DATA_TRK_8D0AC,other,plsql_specs/ERP_DBA_DFLT_DATA_TRK.pks.sql,plsql_bodies/ERP_DBA_DFLT_DATA_TRK.pkb.sql,forms_triggers/ERP_DBA_DFLT_DATA_TRK.triggers.sql,scaffold_only,53,11,1520,"credentials,ddl_privilege,destructive,dynamic_sql,windows_native,error_handling,network",exact PKS/PKB/DDL/FMB mapping
ERP_DBA_TRK.fmx,RB_ERP_DBA_TRK_ABD0F,other,plsql_specs/ERP_DBA_TRK.pks.sql,plsql_bodies/ERP_DBA_TRK.pkb.sql,forms_triggers/ERP_DBA_TRK.triggers.sql,scaffold_only,103,0,459,"credentials,ddl_privilege,destructive,windows_native,error_handling,session_control,network",exact PKS/PKB/DDL/FMB mapping
ERP_INACTV_SCR.fmx,RB_ERP_INACTV_SCR_462D9,other,plsql_specs/ERP_INACTV_SCR.pks.sql,plsql_bodies/ERP_INACTV_SCR.pkb.sql,forms_triggers/ERP_INACTV_SCR.triggers.sql,scaffold_only,7,0,35,"destructive,windows_native",exact PKS/PKB/DDL/FMB mapping
ERP_Install.fmx,RB_ERP_INSTALL_4E5F4,other,plsql_specs/ERP_Install.pks.sql,plsql_bodies/ERP_Install.pkb.sql,forms_triggers/ERP_Install.triggers.sql,scaffold_only,3,1,109,"credentials,ddl_privilege,destructive,windows_native,error_handling",exact PKS/PKB/DDL/FMB mapping
ERP_JOURNAL.fmx,RB_ERP_JOURNAL_A1C29,other,plsql_specs/ERP_JOURNAL.pks.sql,plsql_bodies/ERP_JOURNAL.pkb.sql,forms_triggers/ERP_JOURNAL.triggers.sql,scaffold_only,34,8,55,"credentials,ddl_privilege,destructive,windows_native",exact PKS/PKB/DDL/FMB mapping
ERP_LOGIN - Copy.fmx,RB_ERP_LOGIN_COPY_D30F0,other,plsql_specs/ERP_LOGIN - Copy.pks.sql,plsql_bodies/ERP_LOGIN - Copy.pkb.sql,forms_triggers/ERP_LOGIN - Copy.triggers.sql,scaffold_only,26,5,244,"credentials,ddl_privilege,destructive,windows_native,session_control",exact PKS/PKB/DDL/FMB mapping
ERP_LOGIN.fmx,RB_ERP_LOGIN_DE3C1,other,plsql_specs/ERP_LOGIN.pks.sql,plsql_bodies/ERP_LOGIN.pkb.sql,forms_triggers/ERP_LOGIN.triggers.sql,scaffold_only,26,5,244,"credentials,ddl_privilege,destructive,windows_native,session_control",exact PKS/PKB/DDL/FMB mapping
ERP_LOGIN_TST.fmx,RB_ERP_LOGIN_TST_30E34,other,plsql_specs/ERP_LOGIN_TST.pks.sql,plsql_bodies/ERP_LOGIN_TST.pkb.sql,forms_triggers/ERP_LOGIN_TST.triggers.sql,scaffold_only,27,5,261,"credentials,ddl_privilege,destructive,windows_native,session_control,network",exact PKS/PKB/DDL/FMB mapping
ERP_REAL_TRNS.fmx,RB_ERP_REAL_TRNS_6271C,other,plsql_specs/ERP_REAL_TRNS.pks.sql,plsql_bodies/ERP_REAL_TRNS.pkb.sql,forms_triggers/ERP_REAL_TRNS.triggers.sql,scaffold_only,38,8,130,"credentials,ddl_privilege,destructive,windows_native",exact PKS/PKB/DDL/FMB mapping
ERP_SCR.fmx,RB_ERP_SCR_4B30A,other,plsql_specs/ERP_SCR.pks.sql,plsql_bodies/ERP_SCR.pkb.sql,forms_triggers/ERP_SCR.triggers.sql,scaffold_only,5,4,114,"credentials,destructive,windows_native",exact PKS/PKB/DDL/FMB mapping
ERP_Update_New_Version6.fmx,RB_ERP_UPDATE_NEW_VERSION_8A83,other,plsql_specs/ERP_Update_New_Version6.pks.sql,plsql_bodies/ERP_Update_New_Version6.pkb.sql,forms_triggers/ERP_Update_New_Version6.triggers.sql,scaffold_only,96,94,4846,"credentials,ddl_privilege,destructive,dynamic_sql,windows_native,error_handling,network",exact PKS/PKB/DDL/FMB mapping
ERP_VRFY_SCR.fmx,RB_ERP_VRFY_SCR_AC931,other,plsql_specs/ERP_VRFY_SCR.pks.sql,plsql_bodies/ERP_VRFY_SCR.pkb.sql,forms_triggers/ERP_VRFY_SCR.triggers.sql,scaffold_only,5,1,37,"destructive,dynamic_sql,windows_native",exact PKS/PKB/DDL/FMB mapping
EXP_REPORT_TO_EXCEEL.fmx,RB_EXP_REPORT_TO_EXCEEL_5D757,other,plsql_specs/EXP_REPORT_TO_EXCEEL.pks.sql,plsql_bodies/EXP_REPORT_TO_EXCEEL.pkb.sql,forms_triggers/EXP_REPORT_TO_EXCEEL.triggers.sql,scaffold_only,0,0,7,none,exact PKS/PKB/DDL/FMB mapping
Erp_Dsh_Bord.fmx,RB_ERP_DSH_BORD_65495,other,plsql_specs/Erp_Dsh_Bord.pks.sql,plsql_bodies/Erp_Dsh_Bord.pkb.sql,forms_triggers/Erp_Dsh_Bord.triggers.sql,scaffold_only,35,8,67,"credentials,ddl_privilege,destructive,windows_native",exact PKS/PKB/DDL/FMB mapping
FASDBA.fmx,RB_FASDBA_D81AC,GL/finance,plsql_specs/FASDBA.pks.sql,plsql_bodies/FASDBA.pkb.sql,forms_triggers/FASDBA.triggers.sql,scaffold_only,25,8,300,"credentials,ddl_privilege,destructive,dynamic_sql,windows_native,error_handling",exact PKS/PKB/DDL/FMB mapping
FASI001.fmx,RB_FASI001_E64FC,GL/finance,plsql_specs/FASI001.pks.sql,plsql_bodies/FASI001.pkb.sql,forms_triggers/FASI001.triggers.sql,scaffold_only,42,9,112,"credentials,ddl_privilege,destructive,windows_native",exact PKS/PKB/DDL/FMB mapping
FASI002.fmx,RB_FASI002_B5E11,GL/finance,plsql_specs/FASI002.pks.sql,plsql_bodies/FASI002.pkb.sql,forms_triggers/FASI002.triggers.sql,scaffold_only,41,8,111,"credentials,ddl_privilege,destructive,windows_native",exact PKS/PKB/DDL/FMB mapping
FASI003.fmx,RB_FASI003_04058,GL/finance,plsql_specs/FASI003.pks.sql,plsql_bodies/FASI003.pkb.sql,forms_triggers/FASI003.triggers.sql,scaffold_only,35,10,94,"credentials,ddl_privilege,destructive,windows_native",exact PKS/PKB/DDL/FMB mapping
FASI004.fmx,RB_FASI004_A50BD,GL/finance,plsql_specs/FASI004.pks.sql,plsql_bodies/FASI004.pkb.sql,forms_triggers/FASI004.triggers.sql,scaffold_only,50,11,162,"credentials,ddl_privilege,destructive,windows_native",exact PKS/PKB/DDL/FMB mapping
FASI005.fmx,RB_FASI005_77C1B,GL/finance,plsql_specs/FASI005.pks.sql,plsql_bodies/FASI005.pkb.sql,forms_triggers/FASI005.triggers.sql,scaffold_only,35,10,98,"credentials,ddl_privilege,destructive,windows_native",exact PKS/PKB/DDL/FMB mapping
FASMNTDBA.fmx,RB_FASMNTDBA_64007,GL/finance,plsql_specs/FASMNTDBA.pks.sql,plsql_bodies/FASMNTDBA.pkb.sql,forms_triggers/FASMNTDBA.triggers.sql,scaffold_only,31,37,312,"credentials,ddl_privilege,destructive,dynamic_sql,windows_native,error_handling",exact PKS/PKB/DDL/FMB mapping
FASR001.fmx,RB_FASR001_D7D99,GL/finance,plsql_specs/FASR001.pks.sql,plsql_bodies/FASR001.pkb.sql,forms_triggers/FASR001.triggers.sql,scaffold_only,19,3,80,"credentials,destructive",exact PKS/PKB/DDL/FMB mapping
FASR002.fmx,RB_FASR002_162FE,GL/finance,plsql_specs/FASR002.pks.sql,plsql_bodies/FASR002.pkb.sql,forms_triggers/FASR002.triggers.sql,scaffold_only,18,3,74,"credentials,destructive",exact PKS/PKB/DDL/FMB mapping
FASR004.fmx,RB_FASR004_1ACBE,GL/finance,plsql_specs/FASR004.pks.sql,plsql_bodies/FASR004.pkb.sql,forms_triggers/FASR004.triggers.sql,scaffold_only,22,3,93,"credentials,destructive",exact PKS/PKB/DDL/FMB mapping
FASR005.fmx,RB_FASR005_353DA,GL/finance,plsql_specs/FASR005.pks.sql,plsql_bodies/FASR005.pkb.sql,forms_triggers/FASR005.triggers.sql,scaffold_only,24,3,112,"credentials,destructive",exact PKS/PKB/DDL/FMB mapping
FASR006.fmx,RB_FASR006_D0931,GL/finance,plsql_specs/FASR006.pks.sql,plsql_bodies/FASR006.pkb.sql,forms_triggers/FASR006.triggers.sql,scaffold_only,23,3,86,"credentials,destructive",exact PKS/PKB/DDL/FMB mapping
FASR007.fmx,RB_FASR007_CA32C,GL/finance,plsql_specs/FASR007.pks.sql,plsql_bodies/FASR007.pkb.sql,forms_triggers/FASR007.triggers.sql,scaffold_only,26,3,112,"credentials,destructive",exact PKS/PKB/DDL/FMB mapping
FASR008.fmx,RB_FASR008_D1FC9,GL/finance,plsql_specs/FASR008.pks.sql,plsql_bodies/FASR008.pkb.sql,forms_triggers/FASR008.triggers.sql,scaffold_only,23,3,87,"credentials,destructive",exact PKS/PKB/DDL/FMB mapping
FASR009.fmx,RB_FASR009_F28A3,GL/finance,plsql_specs/FASR009.pks.sql,plsql_bodies/FASR009.pkb.sql,forms_triggers/FASR009.triggers.sql,scaffold_only,23,3,90,"credentials,destructive",exact PKS/PKB/DDL/FMB mapping
FASR086.fmx,RB_FASR086_487B4,GL/finance,plsql_specs/FASR086.pks.sql,plsql_bodies/FASR086.pkb.sql,forms_triggers/FASR086.triggers.sql,scaffold_only,24,3,105,"credentials,destructive",exact PKS/PKB/DDL/FMB mapping
FASR089.fmx,RB_FASR089_4E50C,GL/finance,plsql_specs/FASR089.pks.sql,plsql_bodies/FASR089.pkb.sql,forms_triggers/FASR089.triggers.sql,scaffold_only,24,3,103,"credentials,destructive",exact PKS/PKB/DDL/FMB mapping
FASR090.fmx,RB_FASR090_C33AF,GL/finance,plsql_specs/FASR090.pks.sql,plsql_bodies/FASR090.pkb.sql,forms_triggers/FASR090.triggers.sql,scaffold_only,23,3,95,"credentials,destructive",exact PKS/PKB/DDL/FMB mapping
FASR091.fmx,RB_FASR091_35476,GL/finance,plsql_specs/FASR091.pks.sql,plsql_bodies/FASR091.pkb.sql,forms_triggers/FASR091.triggers.sql,scaffold_only,46,10,186,"credentials,destructive,windows_native",exact PKS/PKB/DDL/FMB mapping
FASS001.fmx,RB_FASS001_F0681,GL/finance,plsql_specs/FASS001.pks.sql,plsql_bodies/FASS001.pkb.sql,forms_triggers/FASS001.triggers.sql,scaffold_only,34,8,68,"credentials,ddl_privilege,destructive,windows_native",exact PKS/PKB/DDL/FMB mapping
FASS002.fmx,RB_FASS002_9A204,GL/finance,plsql_specs/FASS002.pks.sql,plsql_bodies/FASS002.pkb.sql,forms_triggers/FASS002.triggers.sql,scaffold_only,34,8,78,"credentials,ddl_privilege,destructive,windows_native",exact PKS/PKB/DDL/FMB mapping
FASS003.fmx,RB_FASS003_4AFDD,GL/finance,plsql_specs/FASS003.pks.sql,plsql_bodies/FASS003.pkb.sql,forms_triggers/FASS003.triggers.sql,scaffold_only,34,8,79,"credentials,ddl_privilege,destructive,windows_native",exact PKS/PKB/DDL/FMB mapping
FASS004.fmx,RB_FASS004_2BCF4,GL/finance,plsql_specs/FASS004.pks.sql,plsql_bodies/FASS004.pkb.sql,forms_triggers/FASS004.triggers.sql,scaffold_only,39,8,99,"credentials,ddl_privilege,destructive,windows_native",exact PKS/PKB/DDL/FMB mapping
FASS085.fmx,RB_FASS085_703E4,GL/finance,plsql_specs/FASS085.pks.sql,plsql_bodies/FASS085.pkb.sql,forms_triggers/FASS085.triggers.sql,scaffold_only,33,8,54,"credentials,ddl_privilege,destructive,windows_native",exact PKS/PKB/DDL/FMB mapping
FASS086.fmx,RB_FASS086_F2AA9,GL/finance,plsql_specs/FASS086.pks.sql,plsql_bodies/FASS086.pkb.sql,forms_triggers/FASS086.triggers.sql,scaffold_only,35,8,57,"credentials,ddl_privilege,destructive,windows_native",exact PKS/PKB/DDL/FMB mapping
FAST001.fmx,RB_FAST001_0EEB9,GL/finance,plsql_specs/FAST001.pks.sql,plsql_bodies/FAST001.pkb.sql,forms_triggers/FAST001.triggers.sql,scaffold_only,36,8,91,"credentials,ddl_privilege,destructive,windows_native",exact PKS/PKB/DDL/FMB mapping
FAST002.fmx,RB_FAST002_BF8A3,GL/finance,plsql_specs/FAST002.pks.sql,plsql_bodies/FAST002.pkb.sql,forms_triggers/FAST002.triggers.sql,scaffold_only,51,13,190,"credentials,destructive,windows_native",exact PKS/PKB/DDL/FMB mapping
FAST003.fmx,RB_FAST003_696FB,GL/finance,plsql_specs/FAST003.pks.sql,plsql_bodies/FAST003.pkb.sql,forms_triggers/FAST003.triggers.sql,scaffold_only,52,13,192,"credentials,destructive,windows_native",exact PKS/PKB/DDL/FMB mapping
FAST004.fmx,RB_FAST004_46E2C,GL/finance,plsql_specs/FAST004.pks.sql,plsql_bodies/FAST004.pkb.sql,forms_triggers/FAST004.triggers.sql,scaffold_only,51,12,164,"credentials,destructive,windows_native",exact PKS/PKB/DDL/FMB mapping
FAST005.fmx,RB_FAST005_8F146,GL/finance,plsql_specs/FAST005.pks.sql,plsql_bodies/FAST005.pkb.sql,forms_triggers/FAST005.triggers.sql,scaffold_only,44,13,139,"credentials,destructive,windows_native",exact PKS/PKB/DDL/FMB mapping
FAST006.fmx,RB_FAST006_9CB23,GL/finance,plsql_specs/FAST006.pks.sql,plsql_bodies/FAST006.pkb.sql,forms_triggers/FAST006.triggers.sql,scaffold_only,45,8,138,"credentials,destructive,windows_native",exact PKS/PKB/DDL/FMB mapping
FAST007.fmx,RB_FAST007_BE534,GL/finance,plsql_specs/FAST007.pks.sql,plsql_bodies/FAST007.pkb.sql,forms_triggers/FAST007.triggers.sql,scaffold_only,40,10,123,"credentials,ddl_privilege,destructive,windows_native",exact PKS/PKB/DDL/FMB mapping
FAST008.fmx,RB_FAST008_FE4B3,GL/finance,plsql_specs/FAST008.pks.sql,plsql_bodies/FAST008.pkb.sql,forms_triggers/FAST008.triggers.sql,scaffold_only,47,13,166,"credentials,destructive,windows_native",exact PKS/PKB/DDL/FMB mapping
FAST009.fmx,RB_FAST009_4970E,GL/finance,plsql_specs/FAST009.pks.sql,plsql_bodies/FAST009.pkb.sql,forms_triggers/FAST009.triggers.sql,scaffold_only,47,13,151,"credentials,destructive,windows_native",exact PKS/PKB/DDL/FMB mapping
FAST010.fmx,RB_FAST010_75E76,GL/finance,plsql_specs/FAST010.pks.sql,plsql_bodies/FAST010.pkb.sql,forms_triggers/FAST010.triggers.sql,scaffold_only,47,11,140,"credentials,ddl_privilege,destructive,windows_native",exact PKS/PKB/DDL/FMB mapping
FAST012.fmx,RB_FAST012_92E23,GL/finance,plsql_specs/FAST012.pks.sql,plsql_bodies/FAST012.pkb.sql,forms_triggers/FAST012.triggers.sql,scaffold_only,46,11,147,"credentials,ddl_privilege,destructive,windows_native",exact PKS/PKB/DDL/FMB mapping
FAST086.fmx,RB_FAST086_2680D,GL/finance,plsql_specs/FAST086.pks.sql,plsql_bodies/FAST086.pkb.sql,forms_triggers/FAST086.triggers.sql,scaffold_only,41,10,144,"credentials,destructive,windows_native",exact PKS/PKB/DDL/FMB mapping
FAST087.fmx,RB_FAST087_87C70,GL/finance,plsql_specs/FAST087.pks.sql,plsql_bodies/FAST087.pkb.sql,forms_triggers/FAST087.triggers.sql,scaffold_only,47,10,183,"credentials,destructive,windows_native",exact PKS/PKB/DDL/FMB mapping
FAST088.fmx,RB_FAST088_1CE84,GL/finance,plsql_specs/FAST088.pks.sql,plsql_bodies/FAST088.pkb.sql,forms_triggers/FAST088.triggers.sql,scaffold_only,44,10,181,"credentials,destructive,windows_native",exact PKS/PKB/DDL/FMB mapping
FAST088t.fmx,RB_FAST088T_B965B,GL/finance,plsql_specs/FAST088t.pks.sql,plsql_bodies/FAST088t.pkb.sql,forms_triggers/FAST088t.triggers.sql,scaffold_only,46,10,187,"credentials,destructive,windows_native",exact PKS/PKB/DDL/FMB mapping
FAST088tt.fmx,RB_FAST088TT_83B4A,GL/finance,plsql_specs/FAST088tt.pks.sql,plsql_bodies/FAST088tt.pkb.sql,forms_triggers/FAST088tt.triggers.sql,scaffold_only,46,10,184,"credentials,destructive,windows_native",exact PKS/PKB/DDL/FMB mapping
FAST089.fmx,RB_FAST089_B2F69,GL/finance,plsql_specs/FAST089.pks.sql,plsql_bodies/FAST089.pkb.sql,forms_triggers/FAST089.triggers.sql,scaffold_only,30,37,330,"credentials,ddl_privilege,destructive,dynamic_sql,windows_native,error_handling",exact PKS/PKB/DDL/FMB mapping
FAST091.fmx,RB_FAST091_213CF,GL/finance,plsql_specs/FAST091.pks.sql,plsql_bodies/FAST091.pkb.sql,forms_triggers/FAST091.triggers.sql,scaffold_only,46,10,179,"credentials,destructive,windows_native",exact PKS/PKB/DDL/FMB mapping
FAST092.fmx,RB_FAST092_03B06,GL/finance,plsql_specs/FAST092.pks.sql,plsql_bodies/FAST092.pkb.sql,forms_triggers/FAST092.triggers.sql,scaffold_only,46,10,186,"credentials,destructive,windows_native",exact PKS/PKB/DDL/FMB mapping
FAST093.fmx,RB_FAST093_130B4,GL/finance,plsql_specs/FAST093.pks.sql,plsql_bodies/FAST093.pkb.sql,forms_triggers/FAST093.triggers.sql,scaffold_only,46,10,187,"credentials,destructive,windows_native",exact PKS/PKB/DDL/FMB mapping
FASUPGRADE.fmx,RB_FASUPGRADE_31575,GL/finance,plsql_specs/FASUPGRADE.pks.sql,plsql_bodies/FASUPGRADE.pkb.sql,forms_triggers/FASUPGRADE.triggers.sql,scaffold_only,2,0,62,"destructive,windows_native",exact PKS/PKB/DDL/FMB mapping
FAS_AS_TRNS.fmx,RB_FAS_AS_TRNS_3E63E,GL/finance,plsql_specs/FAS_AS_TRNS.pks.sql,plsql_bodies/FAS_AS_TRNS.pkb.sql,forms_triggers/FAS_AS_TRNS.triggers.sql,scaffold_only,35,8,55,"credentials,ddl_privilege,destructive,windows_native",exact PKS/PKB/DDL/FMB mapping
FAS_BARCODE.fmx,RB_FAS_BARCODE_33AAB,GL/finance,plsql_specs/FAS_BARCODE.pks.sql,plsql_bodies/FAS_BARCODE.pkb.sql,forms_triggers/FAS_BARCODE.triggers.sql,scaffold_only,40,9,100,"credentials,ddl_privilege,destructive,dynamic_sql,windows_native",exact PKS/PKB/DDL/FMB mapping
FAS_BARCODE_TMP.fmx,RB_FAS_BARCODE_TMP_BCD70,GL/finance,plsql_specs/FAS_BARCODE_TMP.pks.sql,plsql_bodies/FAS_BARCODE_TMP.pkb.sql,forms_triggers/FAS_BARCODE_TMP.triggers.sql,scaffold_only,39,9,98,"credentials,ddl_privilege,destructive,dynamic_sql,windows_native",exact PKS/PKB/DDL/FMB mapping
FAS_IMP_XLS_ASSETS.fmx,RB_FAS_IMP_XLS_ASSETS_F6A4D,GL/finance,plsql_specs/FAS_IMP_XLS_ASSETS.pks.sql,plsql_bodies/FAS_IMP_XLS_ASSETS.pkb.sql,forms_triggers/FAS_IMP_XLS_ASSETS.triggers.sql,scaffold_only,37,8,82,"credentials,ddl_privilege,destructive,windows_native",exact PKS/PKB/DDL/FMB mapping
FAS_IMP_XLS_GRP.fmx,RB_FAS_IMP_XLS_GRP_1B1BF,GL/finance,plsql_specs/FAS_IMP_XLS_GRP.pks.sql,plsql_bodies/FAS_IMP_XLS_GRP.pkb.sql,forms_triggers/FAS_IMP_XLS_GRP.triggers.sql,scaffold_only,36,8,63,"credentials,ddl_privilege,destructive,windows_native",exact PKS/PKB/DDL/FMB mapping
FAS_IMP_XLS_LOC.fmx,RB_FAS_IMP_XLS_LOC_A82C6,GL/finance,plsql_specs/FAS_IMP_XLS_LOC.pks.sql,plsql_bodies/FAS_IMP_XLS_LOC.pkb.sql,forms_triggers/FAS_IMP_XLS_LOC.triggers.sql,scaffold_only,36,8,67,"credentials,ddl_privilege,destructive,windows_native",exact PKS/PKB/DDL/FMB mapping
FMSI001.fmx,RB_FMSI001_0FAD5,other,plsql_specs/FMSI001.pks.sql,plsql_bodies/FMSI001.pkb.sql,forms_triggers/FMSI001.triggers.sql,scaffold_only,33,8,52,"credentials,ddl_privilege,destructive,windows_native",exact PKS/PKB/DDL/FMB mapping
FMSI002.fmx,RB_FMSI002_72A0C,other,plsql_specs/FMSI002.pks.sql,plsql_bodies/FMSI002.pkb.sql,forms_triggers/FMSI002.triggers.sql,scaffold_only,34,8,68,"credentials,ddl_privilege,destructive,windows_native",exact PKS/PKB/DDL/FMB mapping
FMSI004.fmx,RB_FMSI004_87384,other,plsql_specs/FMSI004.pks.sql,plsql_bodies/FMSI004.pkb.sql,forms_triggers/FMSI004.triggers.sql,scaffold_only,33,8,57,"credentials,ddl_privilege,destructive,windows_native",exact PKS/PKB/DDL/FMB mapping
FMSI005.fmx,RB_FMSI005_A8D0D,other,plsql_specs/FMSI005.pks.sql,plsql_bodies/FMSI005.pkb.sql,forms_triggers/FMSI005.triggers.sql,scaffold_only,32,8,65,"credentials,ddl_privilege,destructive,windows_native",exact PKS/PKB/DDL/FMB mapping
FMSR001.fmx,RB_FMSR001_AB76B,other,plsql_specs/FMSR001.pks.sql,plsql_bodies/FMSR001.pkb.sql,forms_triggers/FMSR001.triggers.sql,scaffold_only,18,3,80,"credentials,destructive,windows_native",exact PKS/PKB/DDL/FMB mapping
FMSR002.fmx,RB_FMSR002_0BBFE,other,plsql_specs/FMSR002.pks.sql,plsql_bodies/FMSR002.pkb.sql,forms_triggers/FMSR002.triggers.sql,scaffold_only,18,3,78,"credentials,destructive",exact PKS/PKB/DDL/FMB mapping
FMSR004.fmx,RB_FMSR004_F574E,other,plsql_specs/FMSR004.pks.sql,plsql_bodies/FMSR004.pkb.sql,forms_triggers/FMSR004.triggers.sql,scaffold_only,17,3,81,"credentials,destructive",exact PKS/PKB/DDL/FMB mapping
FMSR005.fmx,RB_FMSR005_74807,other,plsql_specs/FMSR005.pks.sql,plsql_bodies/FMSR005.pkb.sql,forms_triggers/FMSR005.triggers.sql,scaffold_only,17,3,85,"credentials,destructive",exact PKS/PKB/DDL/FMB mapping
FMSR006.fmx,RB_FMSR006_45085,other,plsql_specs/FMSR006.pks.sql,plsql_bodies/FMSR006.pkb.sql,forms_triggers/FMSR006.triggers.sql,scaffold_only,17,3,78,"credentials,destructive",exact PKS/PKB/DDL/FMB mapping
FMSS001.fmx,RB_FMSS001_1B47D,other,plsql_specs/FMSS001.pks.sql,plsql_bodies/FMSS001.pkb.sql,forms_triggers/FMSS001.triggers.sql,scaffold_only,33,8,55,"credentials,ddl_privilege,destructive,windows_native",exact PKS/PKB/DDL/FMB mapping
FMSS002.fmx,RB_FMSS002_508CA,other,plsql_specs/FMSS002.pks.sql,plsql_bodies/FMSS002.pkb.sql,forms_triggers/FMSS002.triggers.sql,scaffold_only,33,10,56,"credentials,ddl_privilege,destructive,windows_native",exact PKS/PKB/DDL/FMB mapping
FMSS003.fmx,RB_FMSS003_17BC8,other,plsql_specs/FMSS003.pks.sql,plsql_bodies/FMSS003.pkb.sql,forms_triggers/FMSS003.triggers.sql,scaffold_only,33,8,52,"credentials,ddl_privilege,destructive,windows_native",exact PKS/PKB/DDL/FMB mapping
FMSS004.fmx,RB_FMSS004_1B554,other,plsql_specs/FMSS004.pks.sql,plsql_bodies/FMSS004.pkb.sql,forms_triggers/FMSS004.triggers.sql,scaffold_only,33,8,58,"credentials,ddl_privilege,destructive,windows_native",exact PKS/PKB/DDL/FMB mapping
FMSS005.fmx,RB_FMSS005_6AEDF,other,plsql_specs/FMSS005.pks.sql,plsql_bodies/FMSS005.pkb.sql,forms_triggers/FMSS005.triggers.sql,scaffold_only,33,8,52,"credentials,ddl_privilege,destructive,windows_native",exact PKS/PKB/DDL/FMB mapping
FMST001.fmx,RB_FMST001_E3DF3,other,plsql_specs/FMST001.pks.sql,plsql_bodies/FMST001.pkb.sql,forms_triggers/FMST001.triggers.sql,scaffold_only,34,8,67,"credentials,ddl_privilege,destructive,windows_native",exact PKS/PKB/DDL/FMB mapping
FMST002.fmx,RB_FMST002_F5F59,other,plsql_specs/FMST002.pks.sql,plsql_bodies/FMST002.pkb.sql,forms_triggers/FMST002.triggers.sql,scaffold_only,35,10,130,"credentials,ddl_privilege,destructive,windows_native",exact PKS/PKB/DDL/FMB mapping
FMST003.fmx,RB_FMST003_55302,other,plsql_specs/FMST003.pks.sql,plsql_bodies/FMST003.pkb.sql,forms_triggers/FMST003.triggers.sql,scaffold_only,34,8,62,"credentials,ddl_privilege,destructive,windows_native",exact PKS/PKB/DDL/FMB mapping
FNGI005.fmx,RB_FNGI005_4A375,GL/finance,plsql_specs/FNGI005.pks.sql,plsql_bodies/FNGI005.pkb.sql,forms_triggers/FNGI005.triggers.sql,scaffold_only,43,11,114,"credentials,ddl_privilege,destructive,dynamic_sql,windows_native",exact PKS/PKB/DDL/FMB mapping
FNGI007.fmx,RB_FNGI007_01655,GL/finance,plsql_specs/FNGI007.pks.sql,plsql_bodies/FNGI007.pkb.sql,forms_triggers/FNGI007.triggers.sql,scaffold_only,37,8,187,"credentials,ddl_privilege,destructive,windows_native",exact PKS/PKB/DDL/FMB mapping
FNGI008.fmx,RB_FNGI008_AADCE,GL/finance,plsql_specs/FNGI008.pks.sql,plsql_bodies/FNGI008.pkb.sql,forms_triggers/FNGI008.triggers.sql,scaffold_only,44,8,259,"credentials,ddl_privilege,destructive,dynamic_sql,windows_native",exact PKS/PKB/DDL/FMB mapping
FNGI008_.fmx,RB_FNGI008_D78EC,GL/finance,plsql_specs/FNGI008_.pks.sql,plsql_bodies/FNGI008_.pkb.sql,forms_triggers/FNGI008_.triggers.sql,scaffold_only,44,8,227,"credentials,ddl_privilege,destructive,dynamic_sql,windows_native",exact PKS/PKB/DDL/FMB mapping
FNGI008__.fmx,RB_FNGI008_B928D,GL/finance,plsql_specs/FNGI008__.pks.sql,plsql_bodies/FNGI008__.pkb.sql,forms_triggers/FNGI008__.triggers.sql,scaffold_only,41,8,204,"credentials,ddl_privilege,destructive,windows_native",exact PKS/PKB/DDL/FMB mapping
FNGI009.fmx,RB_FNGI009_9ECBA,GL/finance,plsql_specs/FNGI009.pks.sql,plsql_bodies/FNGI009.pkb.sql,forms_triggers/FNGI009.triggers.sql,scaffold_only,38,10,94,"credentials,ddl_privilege,destructive,windows_native",exact PKS/PKB/DDL/FMB mapping
FNGI010.fmx,RB_FNGI010_BE02D,GL/finance,plsql_specs/FNGI010.pks.sql,plsql_bodies/FNGI010.pkb.sql,forms_triggers/FNGI010.triggers.sql,scaffold_only,37,10,150,"credentials,ddl_privilege,destructive,windows_native",exact PKS/PKB/DDL/FMB mapping
FNGR001.fmx,RB_FNGR001_54261,GL/finance,plsql_specs/FNGR001.pks.sql,plsql_bodies/FNGR001.pkb.sql,forms_triggers/FNGR001.triggers.sql,scaffold_only,16,3,54,"credentials,destructive",exact PKS/PKB/DDL/FMB mapping
FNGR001__.fmx,RB_FNGR001_ED4ED,GL/finance,plsql_specs/FNGR001__.pks.sql,plsql_bodies/FNGR001__.pkb.sql,forms_triggers/FNGR001__.triggers.sql,scaffold_only,16,3,54,"credentials,destructive",exact PKS/PKB/DDL/FMB mapping
FNGR002.fmx,RB_FNGR002_BF4DA,GL/finance,plsql_specs/FNGR002.pks.sql,plsql_bodies/FNGR002.pkb.sql,forms_triggers/FNGR002.triggers.sql,scaffold_only,18,3,52,"credentials,destructive",exact PKS/PKB/DDL/FMB mapping
FNGR007.fmx,RB_FNGR007_C2E49,GL/finance,plsql_specs/FNGR007.pks.sql,plsql_bodies/FNGR007.pkb.sql,forms_triggers/FNGR007.triggers.sql,scaffold_only,16,3,54,"credentials,destructive",exact PKS/PKB/DDL/FMB mapping
FNGR010.fmx,RB_FNGR010_07AB4,GL/finance,plsql_specs/FNGR010.pks.sql,plsql_bodies/FNGR010.pkb.sql,forms_triggers/FNGR010.triggers.sql,scaffold_only,17,3,55,"credentials,destructive",exact PKS/PKB/DDL/FMB mapping
FNGR011.fmx,RB_FNGR011_44611,GL/finance,plsql_specs/FNGR011.pks.sql,plsql_bodies/FNGR011.pkb.sql,forms_triggers/FNGR011.triggers.sql,scaffold_only,17,3,54,"credentials,destructive",exact PKS/PKB/DDL/FMB mapping
FNGR012.fmx,RB_FNGR012_2A41E,GL/finance,plsql_specs/FNGR012.pks.sql,plsql_bodies/FNGR012.pkb.sql,forms_triggers/FNGR012.triggers.sql,scaffold_only,17,3,57,"credentials,destructive",exact PKS/PKB/DDL/FMB mapping
FNGR030.fmx,RB_FNGR030_0D97B,GL/finance,plsql_specs/FNGR030.pks.sql,plsql_bodies/FNGR030.pkb.sql,forms_triggers/FNGR030.triggers.sql,scaffold_only,21,3,119,"credentials,destructive,dynamic_sql,windows_native",exact PKS/PKB/DDL/FMB mapping
FNGR031.fmx,RB_FNGR031_36056,GL/finance,plsql_specs/FNGR031.pks.sql,plsql_bodies/FNGR031.pkb.sql,forms_triggers/FNGR031.triggers.sql,scaffold_only,16,3,50,"credentials,destructive",exact PKS/PKB/DDL/FMB mapping
FNGS001.fmx,RB_FNGS001_B2014,GL/finance,plsql_specs/FNGS001.pks.sql,plsql_bodies/FNGS001.pkb.sql,forms_triggers/FNGS001.triggers.sql,scaffold_only,34,8,77,"credentials,ddl_privilege,destructive,windows_native",exact PKS/PKB/DDL/FMB mapping
FNGS003.fmx,RB_FNGS003_E61F6,GL/finance,plsql_specs/FNGS003.pks.sql,plsql_bodies/FNGS003.pkb.sql,forms_triggers/FNGS003.triggers.sql,scaffold_only,41,10,98,"credentials,ddl_privilege,destructive,windows_native",exact PKS/PKB/DDL/FMB mapping
FNGS006.fmx,RB_FNGS006_7CDE5,GL/finance,plsql_specs/FNGS006.pks.sql,plsql_bodies/FNGS006.pkb.sql,forms_triggers/FNGS006.triggers.sql,scaffold_only,36,8,96,"credentials,ddl_privilege,destructive,windows_native",exact PKS/PKB/DDL/FMB mapping
FNGS007.fmx,RB_FNGS007_58096,GL/finance,plsql_specs/FNGS007.pks.sql,plsql_bodies/FNGS007.pkb.sql,forms_triggers/FNGS007.triggers.sql,scaffold_only,41,11,101,"credentials,ddl_privilege,destructive,windows_native",exact PKS/PKB/DDL/FMB mapping
FNGT005.fmx,RB_FNGT005_ABF9D,GL/finance,plsql_specs/FNGT005.pks.sql,plsql_bodies/FNGT005.pkb.sql,forms_triggers/FNGT005.triggers.sql,scaffold_only,47,10,123,"credentials,ddl_privilege,destructive,windows_native",exact PKS/PKB/DDL/FMB mapping
FNGT006.fmx,RB_FNGT006_82818,GL/finance,plsql_specs/FNGT006.pks.sql,plsql_bodies/FNGT006.pkb.sql,forms_triggers/FNGT006.triggers.sql,scaffold_only,51,10,123,"credentials,ddl_privilege,destructive,windows_native",exact PKS/PKB/DDL/FMB mapping
FNGT007.fmx,RB_FNGT007_69C32,GL/finance,plsql_specs/FNGT007.pks.sql,plsql_bodies/FNGT007.pkb.sql,forms_triggers/FNGT007.triggers.sql,scaffold_only,46,10,123,"credentials,ddl_privilege,destructive,windows_native",exact PKS/PKB/DDL/FMB mapping
FNGT020.fmx,RB_FNGT020_1C167,GL/finance,plsql_specs/FNGT020.pks.sql,plsql_bodies/FNGT020.pkb.sql,forms_triggers/FNGT020.triggers.sql,scaffold_only,48,8,165,"credentials,ddl_privilege,destructive,dynamic_sql,windows_native",exact PKS/PKB/DDL/FMB mapping
FNGT021.fmx,RB_FNGT021_DE947,GL/finance,plsql_specs/FNGT021.pks.sql,plsql_bodies/FNGT021.pkb.sql,forms_triggers/FNGT021.triggers.sql,scaffold_only,39,8,98,"credentials,ddl_privilege,destructive,windows_native",exact PKS/PKB/DDL/FMB mapping
GENIMPXLS_AC.fmx,RB_GENIMPXLS_AC_F44B4,other,plsql_specs/GENIMPXLS_AC.pks.sql,plsql_bodies/GENIMPXLS_AC.pkb.sql,forms_triggers/GENIMPXLS_AC.triggers.sql,scaffold_only,34,8,68,"credentials,ddl_privilege,destructive,windows_native",exact PKS/PKB/DDL/FMB mapping
GENIMPXLS_ACTV.fmx,RB_GENIMPXLS_ACTV_26E9F,other,plsql_specs/GENIMPXLS_ACTV.pks.sql,plsql_bodies/GENIMPXLS_ACTV.pkb.sql,forms_triggers/GENIMPXLS_ACTV.triggers.sql,scaffold_only,34,8,71,"credentials,ddl_privilege,destructive,windows_native",exact PKS/PKB/DDL/FMB mapping
GENIMPXLS_ACTV_PJ.fmx,RB_GENIMPXLS_ACTV_PJ_0FE9F,other,plsql_specs/GENIMPXLS_ACTV_PJ.pks.sql,plsql_bodies/GENIMPXLS_ACTV_PJ.pkb.sql,forms_triggers/GENIMPXLS_ACTV_PJ.triggers.sql,scaffold_only,37,8,71,"credentials,ddl_privilege,destructive,windows_native",exact PKS/PKB/DDL/FMB mapping
GENIMPXLS_CC.fmx,RB_GENIMPXLS_CC_9CF1D,other,plsql_specs/GENIMPXLS_CC.pks.sql,plsql_bodies/GENIMPXLS_CC.pkb.sql,forms_triggers/GENIMPXLS_CC.triggers.sql,scaffold_only,34,8,64,"credentials,ddl_privilege,destructive,windows_native",exact PKS/PKB/DDL/FMB mapping
GENIMPXLS_PJ.fmx,RB_GENIMPXLS_PJ_D0EB2,other,plsql_specs/GENIMPXLS_PJ.pks.sql,plsql_bodies/GENIMPXLS_PJ.pkb.sql,forms_triggers/GENIMPXLS_PJ.triggers.sql,scaffold_only,34,8,70,"credentials,ddl_privilege,destructive,windows_native",exact PKS/PKB/DDL/FMB mapping
GENS001.fmx,RB_GENS001_9E3CF,other,plsql_specs/GENS001.pks.sql,plsql_bodies/GENS001.pkb.sql,forms_triggers/GENS001.triggers.sql,scaffold_only,34,8,151,"credentials,ddl_privilege,destructive,windows_native",exact PKS/PKB/DDL/FMB mapping
GENS002.fmx,RB_GENS002_B7C21,other,plsql_specs/GENS002.pks.sql,plsql_bodies/GENS002.pkb.sql,forms_triggers/GENS002.triggers.sql,scaffold_only,34,8,63,"credentials,ddl_privilege,destructive,windows_native",exact PKS/PKB/DDL/FMB mapping
GENS003.fmx,RB_GENS003_9E65E,other,plsql_specs/GENS003.pks.sql,plsql_bodies/GENS003.pkb.sql,forms_triggers/GENS003.triggers.sql,scaffold_only,37,8,67,"credentials,ddl_privilege,destructive,windows_native",exact PKS/PKB/DDL/FMB mapping
GENS004.fmx,RB_GENS004_55B46,other,plsql_specs/GENS004.pks.sql,plsql_bodies/GENS004.pkb.sql,forms_triggers/GENS004.triggers.sql,scaffold_only,36,8,79,"credentials,ddl_privilege,destructive,windows_native",exact PKS/PKB/DDL/FMB mapping
GENS005.fmx,RB_GENS005_46770,other,plsql_specs/GENS005.pks.sql,plsql_bodies/GENS005.pkb.sql,forms_triggers/GENS005.triggers.sql,scaffold_only,33,8,61,"credentials,ddl_privilege,destructive,windows_native",exact PKS/PKB/DDL/FMB mapping
GENS006.fmx,RB_GENS006_632B0,other,plsql_specs/GENS006.pks.sql,plsql_bodies/GENS006.pkb.sql,forms_triggers/GENS006.triggers.sql,scaffold_only,33,8,62,"credentials,ddl_privilege,destructive,windows_native",exact PKS/PKB/DDL/FMB mapping
GENS007.fmx,RB_GENS007_05F39,other,plsql_specs/GENS007.pks.sql,plsql_bodies/GENS007.pkb.sql,forms_triggers/GENS007.triggers.sql,scaffold_only,33,8,61,"credentials,ddl_privilege,destructive,windows_native",exact PKS/PKB/DDL/FMB mapping
GENS008.fmx,RB_GENS008_B0720,other,plsql_specs/GENS008.pks.sql,plsql_bodies/GENS008.pkb.sql,forms_triggers/GENS008.triggers.sql,scaffold_only,33,8,66,"credentials,ddl_privilege,destructive,windows_native",exact PKS/PKB/DDL/FMB mapping
GENS009.fmx,RB_GENS009_4962B,other,plsql_specs/GENS009.pks.sql,plsql_bodies/GENS009.pkb.sql,forms_triggers/GENS009.triggers.sql,scaffold_only,35,8,88,"credentials,ddl_privilege,destructive,windows_native",exact PKS/PKB/DDL/FMB mapping
GENS010.fmx,RB_GENS010_6DAD6,other,plsql_specs/GENS010.pks.sql,plsql_bodies/GENS010.pkb.sql,forms_triggers/GENS010.triggers.sql,scaffold_only,33,8,61,"credentials,ddl_privilege,destructive,windows_native",exact PKS/PKB/DDL/FMB mapping
GENS011.fmx,RB_GENS011_46FA3,other,plsql_specs/GENS011.pks.sql,plsql_bodies/GENS011.pkb.sql,forms_triggers/GENS011.triggers.sql,scaffold_only,41,8,97,"credentials,destructive,dynamic_sql,windows_native",exact PKS/PKB/DDL/FMB mapping
GENS012.fmx,RB_GENS012_4F8A1,other,plsql_specs/GENS012.pks.sql,plsql_bodies/GENS012.pkb.sql,forms_triggers/GENS012.triggers.sql,scaffold_only,57,10,258,"credentials,ddl_privilege,destructive,windows_native,network",exact PKS/PKB/DDL/FMB mapping
GENS012_11-10-2016.fmx,RB_GENS012_11_10_2016_CC335,other,plsql_specs/GENS012_11-10-2016.pks.sql,plsql_bodies/GENS012_11-10-2016.pkb.sql,forms_triggers/GENS012_11-10-2016.triggers.sql,scaffold_only,57,10,250,"credentials,ddl_privilege,destructive,windows_native,network",exact PKS/PKB/DDL/FMB mapping
GENS013.fmx,RB_GENS013_4B27A,other,plsql_specs/GENS013.pks.sql,plsql_bodies/GENS013.pkb.sql,forms_triggers/GENS013.triggers.sql,scaffold_only,35,8,64,"credentials,ddl_privilege,destructive,windows_native",exact PKS/PKB/DDL/FMB mapping
GENS014.fmx,RB_GENS014_CC041,other,plsql_specs/GENS014.pks.sql,plsql_bodies/GENS014.pkb.sql,forms_triggers/GENS014.triggers.sql,scaffold_only,34,8,68,"credentials,ddl_privilege,destructive,windows_native",exact PKS/PKB/DDL/FMB mapping
GENS015.fmx,RB_GENS015_30496,other,plsql_specs/GENS015.pks.sql,plsql_bodies/GENS015.pkb.sql,forms_triggers/GENS015.triggers.sql,scaffold_only,33,8,59,"credentials,ddl_privilege,destructive,windows_native",exact PKS/PKB/DDL/FMB mapping
GENS016.fmx,RB_GENS016_F384E,other,plsql_specs/GENS016.pks.sql,plsql_bodies/GENS016.pkb.sql,forms_triggers/GENS016.triggers.sql,scaffold_only,37,10,90,"credentials,ddl_privilege,destructive,windows_native",exact PKS/PKB/DDL/FMB mapping
GENS017.fmx,RB_GENS017_BF1CA,other,plsql_specs/GENS017.pks.sql,plsql_bodies/GENS017.pkb.sql,forms_triggers/GENS017.triggers.sql,scaffold_only,37,10,97,"credentials,ddl_privilege,destructive,windows_native",exact PKS/PKB/DDL/FMB mapping
GENS018.fmx,RB_GENS018_5DE22,other,plsql_specs/GENS018.pks.sql,plsql_bodies/GENS018.pkb.sql,forms_triggers/GENS018.triggers.sql,scaffold_only,34,8,56,"credentials,ddl_privilege,destructive,windows_native",exact PKS/PKB/DDL/FMB mapping
GENS019.fmx,RB_GENS019_49673,other,plsql_specs/GENS019.pks.sql,plsql_bodies/GENS019.pkb.sql,forms_triggers/GENS019.triggers.sql,scaffold_only,36,10,98,"credentials,ddl_privilege,destructive,windows_native",exact PKS/PKB/DDL/FMB mapping
GENS020.fmx,RB_GENS020_E9D39,other,plsql_specs/GENS020.pks.sql,plsql_bodies/GENS020.pkb.sql,forms_triggers/GENS020.triggers.sql,scaffold_only,35,8,64,"credentials,ddl_privilege,destructive,windows_native",exact PKS/PKB/DDL/FMB mapping
GLSI001.fmx,RB_GLSI001_089C3,GL/finance,plsql_specs/GLSI001.pks.sql,plsql_bodies/GLSI001.pkb.sql,forms_triggers/GLSI001.triggers.sql,scaffold_only,44,12,216,"credentials,ddl_privilege,destructive,dynamic_sql,windows_native",exact PKS/PKB/DDL/FMB mapping
GLSI002.fmx,RB_GLSI002_E1AA4,GL/finance,plsql_specs/GLSI002.pks.sql,plsql_bodies/GLSI002.pkb.sql,forms_triggers/GLSI002.triggers.sql,scaffold_only,34,8,76,"credentials,ddl_privilege,destructive,windows_native",exact PKS/PKB/DDL/FMB mapping
GLSI003.fmx,RB_GLSI003_E87A3,GL/finance,plsql_specs/GLSI003.pks.sql,plsql_bodies/GLSI003.pkb.sql,forms_triggers/GLSI003.triggers.sql,scaffold_only,36,8,126,"credentials,ddl_privilege,destructive,windows_native",exact PKS/PKB/DDL/FMB mapping
GLSI004.fmx,RB_GLSI004_14A26,GL/finance,plsql_specs/GLSI004.pks.sql,plsql_bodies/GLSI004.pkb.sql,forms_triggers/GLSI004.triggers.sql,scaffold_only,36,8,116,"credentials,ddl_privilege,destructive,windows_native",exact PKS/PKB/DDL/FMB mapping
GLSI005.fmx,RB_GLSI005_38DD0,GL/finance,plsql_specs/GLSI005.pks.sql,plsql_bodies/GLSI005.pkb.sql,forms_triggers/GLSI005.triggers.sql,scaffold_only,36,9,122,"credentials,ddl_privilege,destructive,windows_native",exact PKS/PKB/DDL/FMB mapping
GLSI007.fmx,RB_GLSI007_648F0,GL/finance,plsql_specs/GLSI007.pks.sql,plsql_bodies/GLSI007.pkb.sql,forms_triggers/GLSI007.triggers.sql,scaffold_only,36,8,80,"credentials,ddl_privilege,destructive,windows_native",exact PKS/PKB/DDL/FMB mapping
GLSI008.fmx,RB_GLSI008_63A29,GL/finance,plsql_specs/GLSI008.pks.sql,plsql_bodies/GLSI008.pkb.sql,forms_triggers/GLSI008.triggers.sql,scaffold_only,35,8,78,"credentials,ddl_privilege,destructive,windows_native",exact PKS/PKB/DDL/FMB mapping
GLSI009.fmx,RB_GLSI009_D75CF,GL/finance,plsql_specs/GLSI009.pks.sql,plsql_bodies/GLSI009.pkb.sql,forms_triggers/GLSI009.triggers.sql,scaffold_only,36,8,84,"credentials,ddl_privilege,destructive,windows_native",exact PKS/PKB/DDL/FMB mapping
GLSI010.fmx,RB_GLSI010_C7578,GL/finance,plsql_specs/GLSI010.pks.sql,plsql_bodies/GLSI010.pkb.sql,forms_triggers/GLSI010.triggers.sql,scaffold_only,42,8,199,"credentials,destructive,windows_native",exact PKS/PKB/DDL/FMB mapping
GLSI011.fmx,RB_GLSI011_75E52,GL/finance,plsql_specs/GLSI011.pks.sql,plsql_bodies/GLSI011.pkb.sql,forms_triggers/GLSI011.triggers.sql,scaffold_only,50,9,216,"credentials,ddl_privilege,destructive,windows_native",exact PKS/PKB/DDL/FMB mapping
GLSI012.fmx,RB_GLSI012_4DD53,GL/finance,plsql_specs/GLSI012.pks.sql,plsql_bodies/GLSI012.pkb.sql,forms_triggers/GLSI012.triggers.sql,scaffold_only,38,8,99,"credentials,ddl_privilege,destructive,windows_native",exact PKS/PKB/DDL/FMB mapping
GLSI013.fmx,RB_GLSI013_73DF9,GL/finance,plsql_specs/GLSI013.pks.sql,plsql_bodies/GLSI013.pkb.sql,forms_triggers/GLSI013.triggers.sql,scaffold_only,42,10,138,"credentials,ddl_privilege,destructive,dynamic_sql,windows_native",exact PKS/PKB/DDL/FMB mapping
GLSI0131.fmx,RB_GLSI0131_E8D74,GL/finance,plsql_specs/GLSI0131.pks.sql,plsql_bodies/GLSI0131.pkb.sql,forms_triggers/GLSI0131.triggers.sql,scaffold_only,39,9,101,"credentials,ddl_privilege,destructive,windows_native",exact PKS/PKB/DDL/FMB mapping
GLSI014.fmx,RB_GLSI014_15D35,GL/finance,plsql_specs/GLSI014.pks.sql,plsql_bodies/GLSI014.pkb.sql,forms_triggers/GLSI014.triggers.sql,scaffold_only,42,8,160,"credentials,ddl_privilege,destructive,windows_native",exact PKS/PKB/DDL/FMB mapping
GLSI014_NEW.fmx,RB_GLSI014_NEW_21C2C,GL/finance,plsql_specs/GLSI014_NEW.pks.sql,plsql_bodies/GLSI014_NEW.pkb.sql,forms_triggers/GLSI014_NEW.triggers.sql,scaffold_only,41,8,154,"credentials,ddl_privilege,destructive,windows_native",exact PKS/PKB/DDL/FMB mapping
GLSI016.fmx,RB_GLSI016_1D95C,GL/finance,plsql_specs/GLSI016.pks.sql,plsql_bodies/GLSI016.pkb.sql,forms_triggers/GLSI016.triggers.sql,scaffold_only,40,9,154,"credentials,ddl_privilege,destructive,windows_native",exact PKS/PKB/DDL/FMB mapping
GLSI017.fmx,RB_GLSI017_9714C,GL/finance,plsql_specs/GLSI017.pks.sql,plsql_bodies/GLSI017.pkb.sql,forms_triggers/GLSI017.triggers.sql,scaffold_only,32,8,87,"credentials,ddl_privilege,destructive,windows_native",exact PKS/PKB/DDL/FMB mapping
GLSR001.fmx,RB_GLSR001_ED089,GL/finance,plsql_specs/GLSR001.pks.sql,plsql_bodies/GLSR001.pkb.sql,forms_triggers/GLSR001.triggers.sql,scaffold_only,19,3,96,"credentials,destructive,windows_native",exact PKS/PKB/DDL/FMB mapping
GLSR002.fmx,RB_GLSR002_E32B7,GL/finance,plsql_specs/GLSR002.pks.sql,plsql_bodies/GLSR002.pkb.sql,forms_triggers/GLSR002.triggers.sql,scaffold_only,17,3,51,"credentials,destructive",exact PKS/PKB/DDL/FMB mapping
GLSR003.fmx,RB_GLSR003_94554,GL/finance,plsql_specs/GLSR003.pks.sql,plsql_bodies/GLSR003.pkb.sql,forms_triggers/GLSR003.triggers.sql,scaffold_only,16,3,95,"credentials,ddl_privilege,destructive",exact PKS/PKB/DDL/FMB mapping
GLSR00333.fmx,RB_GLSR00333_22099,GL/finance,plsql_specs/GLSR00333.pks.sql,plsql_bodies/GLSR00333.pkb.sql,forms_triggers/GLSR00333.triggers.sql,scaffold_only,16,3,81,"credentials,destructive",exact PKS/PKB/DDL/FMB mapping
GLSR004.fmx,RB_GLSR004_C8C54,GL/finance,plsql_specs/GLSR004.pks.sql,plsql_bodies/GLSR004.pkb.sql,forms_triggers/GLSR004.triggers.sql,scaffold_only,17,4,91,"credentials,destructive,windows_native",exact PKS/PKB/DDL/FMB mapping
GLSR005.fmx,RB_GLSR005_4FD16,GL/finance,plsql_specs/GLSR005.pks.sql,plsql_bodies/GLSR005.pkb.sql,forms_triggers/GLSR005.triggers.sql,scaffold_only,18,3,114,"credentials,destructive,windows_native",exact PKS/PKB/DDL/FMB mapping
GLSR006.fmx,RB_GLSR006_1B339,GL/finance,plsql_specs/GLSR006.pks.sql,plsql_bodies/GLSR006.pkb.sql,forms_triggers/GLSR006.triggers.sql,scaffold_only,20,4,139,"credentials,ddl_privilege,destructive,dynamic_sql,windows_native",exact PKS/PKB/DDL/FMB mapping
GLSR007.fmx,RB_GLSR007_53716,GL/finance,plsql_specs/GLSR007.pks.sql,plsql_bodies/GLSR007.pkb.sql,forms_triggers/GLSR007.triggers.sql,scaffold_only,18,3,117,"credentials,destructive,windows_native",exact PKS/PKB/DDL/FMB mapping
GLSR008.fmx,RB_GLSR008_E2FE7,GL/finance,plsql_specs/GLSR008.pks.sql,plsql_bodies/GLSR008.pkb.sql,forms_triggers/GLSR008.triggers.sql,scaffold_only,20,3,90,"credentials,destructive",exact PKS/PKB/DDL/FMB mapping
GLSR009.fmx,RB_GLSR009_03DD0,GL/finance,plsql_specs/GLSR009.pks.sql,plsql_bodies/GLSR009.pkb.sql,forms_triggers/GLSR009.triggers.sql,scaffold_only,16,3,65,"credentials,destructive",exact PKS/PKB/DDL/FMB mapping
GLSR010.fmx,RB_GLSR010_F85F3,GL/finance,plsql_specs/GLSR010.pks.sql,plsql_bodies/GLSR010.pkb.sql,forms_triggers/GLSR010.triggers.sql,scaffold_only,19,10,123,"credentials,ddl_privilege,destructive,dynamic_sql,windows_native",exact PKS/PKB/DDL/FMB mapping
GLSR011.fmx,RB_GLSR011_7C897,GL/finance,plsql_specs/GLSR011.pks.sql,plsql_bodies/GLSR011.pkb.sql,forms_triggers/GLSR011.triggers.sql,scaffold_only,17,3,64,"credentials,destructive",exact PKS/PKB/DDL/FMB mapping
GLSR012.fmx,RB_GLSR012_DEDF4,GL/finance,plsql_specs/GLSR012.pks.sql,plsql_bodies/GLSR012.pkb.sql,forms_triggers/GLSR012.triggers.sql,scaffold_only,30,5,276,"credentials,ddl_privilege,destructive,dynamic_sql,windows_native,error_handling",exact PKS/PKB/DDL/FMB mapping
GLSR012_Under_test.fmx,RB_GLSR012_UNDER_TEST_26B5F,GL/finance,plsql_specs/GLSR012_Under_test.pks.sql,plsql_bodies/GLSR012_Under_test.pkb.sql,forms_triggers/GLSR012_Under_test.triggers.sql,scaffold_only,30,5,276,"credentials,ddl_privilege,destructive,dynamic_sql,windows_native,error_handling",exact PKS/PKB/DDL/FMB mapping
GLSR012_adb.fmx,RB_GLSR012_ADB_383D7,GL/finance,plsql_specs/GLSR012_adb.pks.sql,plsql_bodies/GLSR012_adb.pkb.sql,forms_triggers/GLSR012_adb.triggers.sql,scaffold_only,30,5,277,"credentials,ddl_privilege,destructive,dynamic_sql,windows_native,error_handling",exact PKS/PKB/DDL/FMB mapping
GLSR012new.fmx,RB_GLSR012NEW_F7781,GL/finance,plsql_specs/GLSR012new.pks.sql,plsql_bodies/GLSR012new.pkb.sql,forms_triggers/GLSR012new.triggers.sql,scaffold_only,30,5,263,"credentials,ddl_privilege,destructive,dynamic_sql,windows_native,error_handling",exact PKS/PKB/DDL/FMB mapping
GLSR013.fmx,RB_GLSR013_34B88,GL/finance,plsql_specs/GLSR013.pks.sql,plsql_bodies/GLSR013.pkb.sql,forms_triggers/GLSR013.triggers.sql,scaffold_only,19,3,116,"credentials,destructive,windows_native",exact PKS/PKB/DDL/FMB mapping
GLSR016.fmx,RB_GLSR016_A8AAB,GL/finance,plsql_specs/GLSR016.pks.sql,plsql_bodies/GLSR016.pkb.sql,forms_triggers/GLSR016.triggers.sql,scaffold_only,18,7,120,"credentials,destructive,windows_native",exact PKS/PKB/DDL/FMB mapping
GLSR018.fmx,RB_GLSR018_92886,GL/finance,plsql_specs/GLSR018.pks.sql,plsql_bodies/GLSR018.pkb.sql,forms_triggers/GLSR018.triggers.sql,scaffold_only,22,3,74,"credentials,destructive,windows_native",exact PKS/PKB/DDL/FMB mapping
GLSR023.fmx,RB_GLSR023_8F4DF,GL/finance,plsql_specs/GLSR023.pks.sql,plsql_bodies/GLSR023.pkb.sql,forms_triggers/GLSR023.triggers.sql,scaffold_only,22,3,96,"credentials,destructive,windows_native",exact PKS/PKB/DDL/FMB mapping
GLSR024.fmx,RB_GLSR024_7C90F,GL/finance,plsql_specs/GLSR024.pks.sql,plsql_bodies/GLSR024.pkb.sql,forms_triggers/GLSR024.triggers.sql,scaffold_only,17,3,66,"credentials,destructive",exact PKS/PKB/DDL/FMB mapping
GLSR028.fmx,RB_GLSR028_1C6E2,GL/finance,plsql_specs/GLSR028.pks.sql,plsql_bodies/GLSR028.pkb.sql,forms_triggers/GLSR028.triggers.sql,scaffold_only,15,3,47,"credentials,destructive",exact PKS/PKB/DDL/FMB mapping
GLSR029.fmx,RB_GLSR029_4A2D2,GL/finance,plsql_specs/GLSR029.pks.sql,plsql_bodies/GLSR029.pkb.sql,forms_triggers/GLSR029.triggers.sql,scaffold_only,19,3,70,"credentials,destructive,windows_native",exact PKS/PKB/DDL/FMB mapping
GLSR030.fmx,RB_GLSR030_92375,GL/finance,plsql_specs/GLSR030.pks.sql,plsql_bodies/GLSR030.pkb.sql,forms_triggers/GLSR030.triggers.sql,scaffold_only,16,3,57,"credentials,destructive",exact PKS/PKB/DDL/FMB mapping
GLSR033.fmx,RB_GLSR033_12ECB,GL/finance,plsql_specs/GLSR033.pks.sql,plsql_bodies/GLSR033.pkb.sql,forms_triggers/GLSR033.triggers.sql,scaffold_only,19,4,110,"credentials,ddl_privilege,destructive,dynamic_sql,windows_native",exact PKS/PKB/DDL/FMB mapping
GLSR043.fmx,RB_GLSR043_CBE30,GL/finance,plsql_specs/GLSR043.pks.sql,plsql_bodies/GLSR043.pkb.sql,forms_triggers/GLSR043.triggers.sql,scaffold_only,18,4,97,"credentials,ddl_privilege,destructive,dynamic_sql,windows_native",exact PKS/PKB/DDL/FMB mapping
GLSS001.fmx,RB_GLSS001_E19CD,GL/finance,plsql_specs/GLSS001.pks.sql,plsql_bodies/GLSS001.pkb.sql,forms_triggers/GLSS001.triggers.sql,scaffold_only,33,20,109,"credentials,ddl_privilege,destructive,windows_native",exact PKS/PKB/DDL/FMB mapping
GLSS002.fmx,RB_GLSS002_50405,GL/finance,plsql_specs/GLSS002.pks.sql,plsql_bodies/GLSS002.pkb.sql,forms_triggers/GLSS002.triggers.sql,scaffold_only,34,8,71,"credentials,ddl_privilege,destructive,windows_native",exact PKS/PKB/DDL/FMB mapping
GLSS004.fmx,RB_GLSS004_C52AC,GL/finance,plsql_specs/GLSS004.pks.sql,plsql_bodies/GLSS004.pkb.sql,forms_triggers/GLSS004.triggers.sql,scaffold_only,31,10,83,"credentials,ddl_privilege,destructive,windows_native",exact PKS/PKB/DDL/FMB mapping
GLSS007.fmx,RB_GLSS007_9EC7C,GL/finance,plsql_specs/GLSS007.pks.sql,plsql_bodies/GLSS007.pkb.sql,forms_triggers/GLSS007.triggers.sql,scaffold_only,33,8,55,"credentials,ddl_privilege,destructive,windows_native",exact PKS/PKB/DDL/FMB mapping
GLSS009.fmx,RB_GLSS009_EE153,GL/finance,plsql_specs/GLSS009.pks.sql,plsql_bodies/GLSS009.pkb.sql,forms_triggers/GLSS009.triggers.sql,scaffold_only,32,8,66,"credentials,ddl_privilege,destructive,windows_native",exact PKS/PKB/DDL/FMB mapping
GLSS011.fmx,RB_GLSS011_B0B00,GL/finance,plsql_specs/GLSS011.pks.sql,plsql_bodies/GLSS011.pkb.sql,forms_triggers/GLSS011.triggers.sql,scaffold_only,34,8,63,"credentials,ddl_privilege,destructive,windows_native",exact PKS/PKB/DDL/FMB mapping
GLSS012.fmx,RB_GLSS012_1F50E,GL/finance,plsql_specs/GLSS012.pks.sql,plsql_bodies/GLSS012.pkb.sql,forms_triggers/GLSS012.triggers.sql,scaffold_only,35,8,82,"credentials,ddl_privilege,destructive,windows_native",exact PKS/PKB/DDL/FMB mapping
GLSS014.fmx,RB_GLSS014_56177,GL/finance,plsql_specs/GLSS014.pks.sql,plsql_bodies/GLSS014.pkb.sql,forms_triggers/GLSS014.triggers.sql,scaffold_only,32,8,57,"credentials,ddl_privilege,destructive,windows_native",exact PKS/PKB/DDL/FMB mapping
GLSS016.fmx,RB_GLSS016_F08D8,GL/finance,plsql_specs/GLSS016.pks.sql,plsql_bodies/GLSS016.pkb.sql,forms_triggers/GLSS016.triggers.sql,scaffold_only,34,8,57,"credentials,ddl_privilege,destructive,windows_native",exact PKS/PKB/DDL/FMB mapping
GLSS017.fmx,RB_GLSS017_0EBC1,GL/finance,plsql_specs/GLSS017.pks.sql,plsql_bodies/GLSS017.pkb.sql,forms_triggers/GLSS017.triggers.sql,scaffold_only,33,8,60,"credentials,ddl_privilege,destructive,windows_native",exact PKS/PKB/DDL/FMB mapping
GLSS018.fmx,RB_GLSS018_F40D2,GL/finance,plsql_specs/GLSS018.pks.sql,plsql_bodies/GLSS018.pkb.sql,forms_triggers/GLSS018.triggers.sql,scaffold_only,33,8,63,"credentials,ddl_privilege,destructive,windows_native",exact PKS/PKB/DDL/FMB mapping
GLST001.fmx,RB_GLST001_6B8C5,GL/finance,plsql_specs/GLST001.pks.sql,plsql_bodies/GLST001.pkb.sql,forms_triggers/GLST001.triggers.sql,scaffold_only,77,9,406,"credentials,ddl_privilege,destructive,windows_native,error_handling",exact PKS/PKB/DDL/FMB mapping
GLST00111.fmx,RB_GLST00111_06552,GL/finance,plsql_specs/GLST00111.pks.sql,plsql_bodies/GLST00111.pkb.sql,forms_triggers/GLST00111.triggers.sql,scaffold_only,70,9,342,"credentials,destructive,windows_native",exact PKS/PKB/DDL/FMB mapping
GLST002.fmx,RB_GLST002_743E7,GL/finance,plsql_specs/GLST002.pks.sql,plsql_bodies/GLST002.pkb.sql,forms_triggers/GLST002.triggers.sql,scaffold_only,71,13,465,"credentials,destructive,windows_native",exact PKS/PKB/DDL/FMB mapping
GLST00211.fmx,RB_GLST00211_480D0,GL/finance,plsql_specs/GLST00211.pks.sql,plsql_bodies/GLST00211.pkb.sql,forms_triggers/GLST00211.triggers.sql,scaffold_only,68,12,413,"credentials,destructive,windows_native",exact PKS/PKB/DDL/FMB mapping
GLST003.fmx,RB_GLST003_95005,GL/finance,plsql_specs/GLST003.pks.sql,plsql_bodies/GLST003.pkb.sql,forms_triggers/GLST003.triggers.sql,scaffold_only,42,8,114,"credentials,ddl_privilege,destructive,windows_native",exact PKS/PKB/DDL/FMB mapping
GLST004.fmx,RB_GLST004_640B5,GL/finance,plsql_specs/GLST004.pks.sql,plsql_bodies/GLST004.pkb.sql,forms_triggers/GLST004.triggers.sql,scaffold_only,70,13,440,"credentials,destructive,windows_native",exact PKS/PKB/DDL/FMB mapping
GLST005.fmx,RB_GLST005_38999,GL/finance,plsql_specs/GLST005.pks.sql,plsql_bodies/GLST005.pkb.sql,forms_triggers/GLST005.triggers.sql,scaffold_only,47,8,159,"credentials,ddl_privilege,destructive,windows_native",exact PKS/PKB/DDL/FMB mapping
GLST006.fmx,RB_GLST006_38775,GL/finance,plsql_specs/GLST006.pks.sql,plsql_bodies/GLST006.pkb.sql,forms_triggers/GLST006.triggers.sql,scaffold_only,49,8,157,"credentials,ddl_privilege,destructive,windows_native",exact PKS/PKB/DDL/FMB mapping
GLST007.fmx,RB_GLST007_60920,GL/finance,plsql_specs/GLST007.pks.sql,plsql_bodies/GLST007.pkb.sql,forms_triggers/GLST007.triggers.sql,scaffold_only,36,12,106,"credentials,ddl_privilege,destructive,windows_native",exact PKS/PKB/DDL/FMB mapping
GLST008.fmx,RB_GLST008_871B5,GL/finance,plsql_specs/GLST008.pks.sql,plsql_bodies/GLST008.pkb.sql,forms_triggers/GLST008.triggers.sql,scaffold_only,49,15,201,"credentials,ddl_privilege,destructive,windows_native",exact PKS/PKB/DDL/FMB mapping
GLST009.fmx,RB_GLST009_DE561,GL/finance,plsql_specs/GLST009.pks.sql,plsql_bodies/GLST009.pkb.sql,forms_triggers/GLST009.triggers.sql,scaffold_only,43,8,132,"credentials,ddl_privilege,destructive,windows_native",exact PKS/PKB/DDL/FMB mapping
GLST010.fmx,RB_GLST010_76DEB,GL/finance,plsql_specs/GLST010.pks.sql,plsql_bodies/GLST010.pkb.sql,forms_triggers/GLST010.triggers.sql,scaffold_only,60,10,288,"credentials,destructive,windows_native",exact PKS/PKB/DDL/FMB mapping
GLST013.fmx,RB_GLST013_20058,GL/finance,plsql_specs/GLST013.pks.sql,plsql_bodies/GLST013.pkb.sql,forms_triggers/GLST013.triggers.sql,scaffold_only,36,8,87,"credentials,ddl_privilege,destructive,windows_native",exact PKS/PKB/DDL/FMB mapping
GLST014.fmx,RB_GLST014_B4106,GL/finance,plsql_specs/GLST014.pks.sql,plsql_bodies/GLST014.pkb.sql,forms_triggers/GLST014.triggers.sql,scaffold_only,39,13,193,"credentials,ddl_privilege,destructive,dynamic_sql,windows_native,error_handling",exact PKS/PKB/DDL/FMB mapping
GLST015.fmx,RB_GLST015_51D4B,GL/finance,plsql_specs/GLST015.pks.sql,plsql_bodies/GLST015.pkb.sql,forms_triggers/GLST015.triggers.sql,scaffold_only,41,12,155,"credentials,ddl_privilege,destructive,windows_native",exact PKS/PKB/DDL/FMB mapping
GLST016.fmx,RB_GLST016_8F4D4,GL/finance,plsql_specs/GLST016.pks.sql,plsql_bodies/GLST016.pkb.sql,forms_triggers/GLST016.triggers.sql,scaffold_only,40,8,150,"credentials,ddl_privilege,destructive,windows_native",exact PKS/PKB/DDL/FMB mapping
GLST017.fmx,RB_GLST017_42A62,GL/finance,plsql_specs/GLST017.pks.sql,plsql_bodies/GLST017.pkb.sql,forms_triggers/GLST017.triggers.sql,scaffold_only,69,8,362,"credentials,ddl_privilege,destructive,windows_native",exact PKS/PKB/DDL/FMB mapping
GLST01711.fmx,RB_GLST01711_69B63,GL/finance,plsql_specs/GLST01711.pks.sql,plsql_bodies/GLST01711.pkb.sql,forms_triggers/GLST01711.triggers.sql,scaffold_only,66,8,346,"credentials,ddl_privilege,destructive,windows_native",exact PKS/PKB/DDL/FMB mapping
GLST018.fmx,RB_GLST018_EACF3,GL/finance,plsql_specs/GLST018.pks.sql,plsql_bodies/GLST018.pkb.sql,forms_triggers/GLST018.triggers.sql,scaffold_only,66,12,430,"credentials,ddl_privilege,destructive,windows_native",exact PKS/PKB/DDL/FMB mapping
GLST0181.fmx,RB_GLST0181_C9108,GL/finance,plsql_specs/GLST0181.pks.sql,plsql_bodies/GLST0181.pkb.sql,forms_triggers/GLST0181.triggers.sql,scaffold_only,63,11,383,"credentials,ddl_privilege,destructive,windows_native",exact PKS/PKB/DDL/FMB mapping
GLST01811.fmx,RB_GLST01811_6A1F5,GL/finance,plsql_specs/GLST01811.pks.sql,plsql_bodies/GLST01811.pkb.sql,forms_triggers/GLST01811.triggers.sql,scaffold_only,64,11,385,"credentials,ddl_privilege,destructive,windows_native",exact PKS/PKB/DDL/FMB mapping
GLST020.fmx,RB_GLST020_5C484,GL/finance,plsql_specs/GLST020.pks.sql,plsql_bodies/GLST020.pkb.sql,forms_triggers/GLST020.triggers.sql,scaffold_only,72,34,445,"credentials,ddl_privilege,destructive,dynamic_sql,windows_native,error_handling",exact PKS/PKB/DDL/FMB mapping
GLST021.fmx,RB_GLST021_05D18,GL/finance,plsql_specs/GLST021.pks.sql,plsql_bodies/GLST021.pkb.sql,forms_triggers/GLST021.triggers.sql,scaffold_only,35,8,94,"credentials,ddl_privilege,destructive,windows_native",exact PKS/PKB/DDL/FMB mapping
GRNTR001.fmx,RB_GRNTR001_5D39C,other,plsql_specs/GRNTR001.pks.sql,plsql_bodies/GRNTR001.pkb.sql,forms_triggers/GRNTR001.triggers.sql,scaffold_only,17,3,54,"credentials,destructive",exact PKS/PKB/DDL/FMB mapping
GRNTR004.fmx,RB_GRNTR004_82674,other,plsql_specs/GRNTR004.pks.sql,plsql_bodies/GRNTR004.pkb.sql,forms_triggers/GRNTR004.triggers.sql,scaffold_only,16,3,55,"credentials,destructive",exact PKS/PKB/DDL/FMB mapping
GRNTR005.fmx,RB_GRNTR005_92705,other,plsql_specs/GRNTR005.pks.sql,plsql_bodies/GRNTR005.pkb.sql,forms_triggers/GRNTR005.triggers.sql,scaffold_only,16,3,54,"credentials,destructive",exact PKS/PKB/DDL/FMB mapping
GRNTS002.fmx,RB_GRNTS002_A4FE5,other,plsql_specs/GRNTS002.pks.sql,plsql_bodies/GRNTS002.pkb.sql,forms_triggers/GRNTS002.triggers.sql,scaffold_only,33,8,55,"credentials,ddl_privilege,destructive,windows_native",exact PKS/PKB/DDL/FMB mapping
GRNTT001.fmx,RB_GRNTT001_FE470,other,plsql_specs/GRNTT001.pks.sql,plsql_bodies/GRNTT001.pkb.sql,forms_triggers/GRNTT001.triggers.sql,scaffold_only,60,10,234,"credentials,ddl_privilege,destructive,windows_native",exact PKS/PKB/DDL/FMB mapping
GRNTT002.fmx,RB_GRNTT002_D0B4E,other,plsql_specs/GRNTT002.pks.sql,plsql_bodies/GRNTT002.pkb.sql,forms_triggers/GRNTT002.triggers.sql,scaffold_only,62,10,261,"credentials,destructive,dynamic_sql,windows_native",exact PKS/PKB/DDL/FMB mapping
GRNTT003.fmx,RB_GRNTT003_3E61F,other,plsql_specs/GRNTT003.pks.sql,plsql_bodies/GRNTT003.pkb.sql,forms_triggers/GRNTT003.triggers.sql,scaffold_only,55,9,217,"credentials,destructive,windows_native",exact PKS/PKB/DDL/FMB mapping
GRNTT004.fmx,RB_GRNTT004_DA9FC,other,plsql_specs/GRNTT004.pks.sql,plsql_bodies/GRNTT004.pkb.sql,forms_triggers/GRNTT004.triggers.sql,scaffold_only,51,8,190,"credentials,ddl_privilege,destructive,windows_native",exact PKS/PKB/DDL/FMB mapping
GRNTT005.fmx,RB_GRNTT005_EB028,other,plsql_specs/GRNTT005.pks.sql,plsql_bodies/GRNTT005.pkb.sql,forms_triggers/GRNTT005.triggers.sql,scaffold_only,48,8,124,"credentials,ddl_privilege,destructive,windows_native",exact PKS/PKB/DDL/FMB mapping
GRNTT006.fmx,RB_GRNTT006_1FA18,other,plsql_specs/GRNTT006.pks.sql,plsql_bodies/GRNTT006.pkb.sql,forms_triggers/GRNTT006.triggers.sql,scaffold_only,45,8,90,"credentials,ddl_privilege,destructive,windows_native",exact PKS/PKB/DDL/FMB mapping
HRSADMT006.fmx,RB_HRSADMT006_45811,HR,plsql_specs/HRSADMT006.pks.sql,plsql_bodies/HRSADMT006.pkb.sql,forms_triggers/HRSADMT006.triggers.sql,scaffold_only,34,10,84,"ddl_privilege,destructive,windows_native",exact PKS/PKB/DDL/FMB mapping
HRSALNCR002.fmx,RB_HRSALNCR002_C075E,HR,plsql_specs/HRSALNCR002.pks.sql,plsql_bodies/HRSALNCR002.pkb.sql,forms_triggers/HRSALNCR002.triggers.sql,scaffold_only,22,3,99,"credentials,destructive",exact PKS/PKB/DDL/FMB mapping
HRSALNCT001.fmx,RB_HRSALNCT001_636F4,HR,plsql_specs/HRSALNCT001.pks.sql,plsql_bodies/HRSALNCT001.pkb.sql,forms_triggers/HRSALNCT001.triggers.sql,scaffold_only,52,10,196,"credentials,ddl_privilege,destructive,windows_native",exact PKS/PKB/DDL/FMB mapping
HRSALNCT002.fmx,RB_HRSALNCT002_AFC91,HR,plsql_specs/HRSALNCT002.pks.sql,plsql_bodies/HRSALNCT002.pkb.sql,forms_triggers/HRSALNCT002.triggers.sql,scaffold_only,54,10,217,"credentials,ddl_privilege,destructive,dynamic_sql,windows_native",exact PKS/PKB/DDL/FMB mapping
HRSDOCI003.fmx,RB_HRSDOCI003_59EF9,HR,plsql_specs/HRSDOCI003.pks.sql,plsql_bodies/HRSDOCI003.pkb.sql,forms_triggers/HRSDOCI003.triggers.sql,scaffold_only,37,10,108,"credentials,ddl_privilege,destructive,windows_native",exact PKS/PKB/DDL/FMB mapping
HRSDOCR005.fmx,RB_HRSDOCR005_D6F6A,HR,plsql_specs/HRSDOCR005.pks.sql,plsql_bodies/HRSDOCR005.pkb.sql,forms_triggers/HRSDOCR005.triggers.sql,scaffold_only,21,3,84,"credentials,destructive",exact PKS/PKB/DDL/FMB mapping
HRSDOCS001.fmx,RB_HRSDOCS001_4A2BB,HR,plsql_specs/HRSDOCS001.pks.sql,plsql_bodies/HRSDOCS001.pkb.sql,forms_triggers/HRSDOCS001.triggers.sql,scaffold_only,36,10,95,"credentials,ddl_privilege,destructive,windows_native",exact PKS/PKB/DDL/FMB mapping
HRSDOCS002.fmx,RB_HRSDOCS002_9203D,HR,plsql_specs/HRSDOCS002.pks.sql,plsql_bodies/HRSDOCS002.pkb.sql,forms_triggers/HRSDOCS002.triggers.sql,scaffold_only,36,10,87,"credentials,ddl_privilege,destructive,windows_native",exact PKS/PKB/DDL/FMB mapping
HRSDOCT004.fmx,RB_HRSDOCT004_A28C5,HR,plsql_specs/HRSDOCT004.pks.sql,plsql_bodies/HRSDOCT004.pkb.sql,forms_triggers/HRSDOCT004.triggers.sql,scaffold_only,42,10,125,"credentials,ddl_privilege,destructive,windows_native",exact PKS/PKB/DDL/FMB mapping
HRSDSNR002.fmx,RB_HRSDSNR002_CAE97,HR,plsql_specs/HRSDSNR002.pks.sql,plsql_bodies/HRSDSNR002.pkb.sql,forms_triggers/HRSDSNR002.triggers.sql,scaffold_only,19,3,76,"credentials,destructive",exact PKS/PKB/DDL/FMB mapping
HRSDSNR005.fmx,RB_HRSDSNR005_25331,HR,plsql_specs/HRSDSNR005.pks.sql,plsql_bodies/HRSDSNR005.pkb.sql,forms_triggers/HRSDSNR005.triggers.sql,scaffold_only,22,3,83,"credentials,destructive",exact PKS/PKB/DDL/FMB mapping
HRSDSNR007.fmx,RB_HRSDSNR007_6FA33,HR,plsql_specs/HRSDSNR007.pks.sql,plsql_bodies/HRSDSNR007.pkb.sql,forms_triggers/HRSDSNR007.triggers.sql,scaffold_only,19,3,77,"credentials,destructive",exact PKS/PKB/DDL/FMB mapping
HRSDSNT002.fmx,RB_HRSDSNT002_BD548,HR,plsql_specs/HRSDSNT002.pks.sql,plsql_bodies/HRSDSNT002.pkb.sql,forms_triggers/HRSDSNT002.triggers.sql,scaffold_only,42,10,132,"credentials,ddl_privilege,destructive,windows_native",exact PKS/PKB/DDL/FMB mapping
HRSDSNT005.fmx,RB_HRSDSNT005_7AA15,HR,plsql_specs/HRSDSNT005.pks.sql,plsql_bodies/HRSDSNT005.pkb.sql,forms_triggers/HRSDSNT005.triggers.sql,scaffold_only,53,10,208,"credentials,ddl_privilege,destructive,windows_native",exact PKS/PKB/DDL/FMB mapping
HRSDSNT007.fmx,RB_HRSDSNT007_0C206,HR,plsql_specs/HRSDSNT007.pks.sql,plsql_bodies/HRSDSNT007.pkb.sql,forms_triggers/HRSDSNT007.triggers.sql,scaffold_only,55,10,199,"credentials,ddl_privilege,destructive,windows_native",exact PKS/PKB/DDL/FMB mapping
HRSEVLI001.fmx,RB_HRSEVLI001_991B1,HR,plsql_specs/HRSEVLI001.pks.sql,plsql_bodies/HRSEVLI001.pkb.sql,forms_triggers/HRSEVLI001.triggers.sql,scaffold_only,36,10,104,"credentials,ddl_privilege,destructive,windows_native",exact PKS/PKB/DDL/FMB mapping
HRSEVLI002.fmx,RB_HRSEVLI002_67258,HR,plsql_specs/HRSEVLI002.pks.sql,plsql_bodies/HRSEVLI002.pkb.sql,forms_triggers/HRSEVLI002.triggers.sql,scaffold_only,37,10,108,"credentials,ddl_privilege,destructive,dynamic_sql,windows_native",exact PKS/PKB/DDL/FMB mapping
HRSEVLR001.fmx,RB_HRSEVLR001_C4C69,HR,plsql_specs/HRSEVLR001.pks.sql,plsql_bodies/HRSEVLR001.pkb.sql,forms_triggers/HRSEVLR001.triggers.sql,scaffold_only,22,3,85,"credentials,destructive",exact PKS/PKB/DDL/FMB mapping
HRSEVLS001.fmx,RB_HRSEVLS001_71404,HR,plsql_specs/HRSEVLS001.pks.sql,plsql_bodies/HRSEVLS001.pkb.sql,forms_triggers/HRSEVLS001.triggers.sql,scaffold_only,37,10,107,"credentials,ddl_privilege,destructive,windows_native",exact PKS/PKB/DDL/FMB mapping
HRSEVLT001.fmx,RB_HRSEVLT001_B6941,HR,plsql_specs/HRSEVLT001.pks.sql,plsql_bodies/HRSEVLT001.pkb.sql,forms_triggers/HRSEVLT001.triggers.sql,scaffold_only,42,10,139,"credentials,ddl_privilege,destructive,windows_native",exact PKS/PKB/DDL/FMB mapping
HRSI002.fmx,RB_HRSI002_64969,HR,plsql_specs/HRSI002.pks.sql,plsql_bodies/HRSI002.pkb.sql,forms_triggers/HRSI002.triggers.sql,scaffold_only,35,8,86,"credentials,ddl_privilege,destructive,windows_native",exact PKS/PKB/DDL/FMB mapping
HRSI003.fmx,RB_HRSI003_F3DD7,HR,plsql_specs/HRSI003.pks.sql,plsql_bodies/HRSI003.pkb.sql,forms_triggers/HRSI003.triggers.sql,scaffold_only,36,8,89,"credentials,ddl_privilege,destructive,windows_native",exact PKS/PKB/DDL/FMB mapping
HRSI004.fmx,RB_HRSI004_625A9,HR,plsql_specs/HRSI004.pks.sql,plsql_bodies/HRSI004.pkb.sql,forms_triggers/HRSI004.triggers.sql,scaffold_only,43,8,114,"credentials,ddl_privilege,destructive,windows_native",exact PKS/PKB/DDL/FMB mapping
HRSI005.fmx,RB_HRSI005_42704,HR,plsql_specs/HRSI005.pks.sql,plsql_bodies/HRSI005.pkb.sql,forms_triggers/HRSI005.triggers.sql,scaffold_only,36,10,95,"credentials,ddl_privilege,destructive,windows_native",exact PKS/PKB/DDL/FMB mapping
HRSI006.fmx,RB_HRSI006_E1E94,HR,plsql_specs/HRSI006.pks.sql,plsql_bodies/HRSI006.pkb.sql,forms_triggers/HRSI006.triggers.sql,scaffold_only,44,10,104,"credentials,ddl_privilege,destructive,windows_native",exact PKS/PKB/DDL/FMB mapping
HRSI007.fmx,RB_HRSI007_49F63,HR,plsql_specs/HRSI007.pks.sql,plsql_bodies/HRSI007.pkb.sql,forms_triggers/HRSI007.triggers.sql,scaffold_only,42,8,119,"credentials,ddl_privilege,destructive,windows_native",exact PKS/PKB/DDL/FMB mapping
HRSI012.fmx,RB_HRSI012_B54D7,HR,plsql_specs/HRSI012.pks.sql,plsql_bodies/HRSI012.pkb.sql,forms_triggers/HRSI012.triggers.sql,scaffold_only,49,10,136,"credentials,ddl_privilege,destructive,windows_native",exact PKS/PKB/DDL/FMB mapping
HRSIMPXLS_ARTCL.fmx,RB_HRSIMPXLS_ARTCL_C1CF5,HR,plsql_specs/HRSIMPXLS_ARTCL.pks.sql,plsql_bodies/HRSIMPXLS_ARTCL.pkb.sql,forms_triggers/HRSIMPXLS_ARTCL.triggers.sql,scaffold_only,36,8,74,"credentials,ddl_privilege,destructive,windows_native",exact PKS/PKB/DDL/FMB mapping
HRSIRCS001.fmx,RB_HRSIRCS001_4196D,HR,plsql_specs/HRSIRCS001.pks.sql,plsql_bodies/HRSIRCS001.pkb.sql,forms_triggers/HRSIRCS001.triggers.sql,scaffold_only,37,10,100,"credentials,ddl_privilege,destructive,windows_native",exact PKS/PKB/DDL/FMB mapping
HRSIRCS002.fmx,RB_HRSIRCS002_75DC9,HR,plsql_specs/HRSIRCS002.pks.sql,plsql_bodies/HRSIRCS002.pkb.sql,forms_triggers/HRSIRCS002.triggers.sql,scaffold_only,35,10,94,"credentials,ddl_privilege,destructive,windows_native",exact PKS/PKB/DDL/FMB mapping
HRSIRCT007.fmx,RB_HRSIRCT007_89263,HR,plsql_specs/HRSIRCT007.pks.sql,plsql_bodies/HRSIRCT007.pkb.sql,forms_triggers/HRSIRCT007.triggers.sql,scaffold_only,36,8,111,"credentials,ddl_privilege,destructive,windows_native",exact PKS/PKB/DDL/FMB mapping
HRSMDCI001.fmx,RB_HRSMDCI001_CF609,HR,plsql_specs/HRSMDCI001.pks.sql,plsql_bodies/HRSMDCI001.pkb.sql,forms_triggers/HRSMDCI001.triggers.sql,scaffold_only,36,8,87,"credentials,ddl_privilege,destructive,windows_native",exact PKS/PKB/DDL/FMB mapping
HRSMDCR001.fmx,RB_HRSMDCR001_78150,HR,plsql_specs/HRSMDCR001.pks.sql,plsql_bodies/HRSMDCR001.pkb.sql,forms_triggers/HRSMDCR001.triggers.sql,scaffold_only,24,4,100,"credentials,destructive,dynamic_sql,windows_native",exact PKS/PKB/DDL/FMB mapping
HRSMDCR002.fmx,RB_HRSMDCR002_C1187,HR,plsql_specs/HRSMDCR002.pks.sql,plsql_bodies/HRSMDCR002.pkb.sql,forms_triggers/HRSMDCR002.triggers.sql,scaffold_only,25,4,104,"credentials,destructive,dynamic_sql,windows_native",exact PKS/PKB/DDL/FMB mapping
HRSMDCR003.fmx,RB_HRSMDCR003_DC755,HR,plsql_specs/HRSMDCR003.pks.sql,plsql_bodies/HRSMDCR003.pkb.sql,forms_triggers/HRSMDCR003.triggers.sql,scaffold_only,24,4,105,"credentials,destructive,dynamic_sql,windows_native",exact PKS/PKB/DDL/FMB mapping
HRSMDCR004.fmx,RB_HRSMDCR004_2D2DE,HR,plsql_specs/HRSMDCR004.pks.sql,plsql_bodies/HRSMDCR004.pkb.sql,forms_triggers/HRSMDCR004.triggers.sql,scaffold_only,24,4,100,"credentials,destructive,dynamic_sql,windows_native",exact PKS/PKB/DDL/FMB mapping
HRSMDCS001.fmx,RB_HRSMDCS001_F3ED4,HR,plsql_specs/HRSMDCS001.pks.sql,plsql_bodies/HRSMDCS001.pkb.sql,forms_triggers/HRSMDCS001.triggers.sql,scaffold_only,34,8,81,"credentials,ddl_privilege,destructive,windows_native",exact PKS/PKB/DDL/FMB mapping
HRSMDCS002.fmx,RB_HRSMDCS002_EE0E5,HR,plsql_specs/HRSMDCS002.pks.sql,plsql_bodies/HRSMDCS002.pkb.sql,forms_triggers/HRSMDCS002.triggers.sql,scaffold_only,34,8,84,"credentials,ddl_privilege,destructive,windows_native",exact PKS/PKB/DDL/FMB mapping
HRSMDCS003.fmx,RB_HRSMDCS003_977F4,HR,plsql_specs/HRSMDCS003.pks.sql,plsql_bodies/HRSMDCS003.pkb.sql,forms_triggers/HRSMDCS003.triggers.sql,scaffold_only,38,8,98,"credentials,ddl_privilege,destructive,windows_native",exact PKS/PKB/DDL/FMB mapping
HRSMDCT001.fmx,RB_HRSMDCT001_43CE8,HR,plsql_specs/HRSMDCT001.pks.sql,plsql_bodies/HRSMDCT001.pkb.sql,forms_triggers/HRSMDCT001.triggers.sql,scaffold_only,62,12,202,"credentials,destructive,windows_native",exact PKS/PKB/DDL/FMB mapping
HRSPST001.fmx,RB_HRSPST001_7EAE2,HR,plsql_specs/HRSPST001.pks.sql,plsql_bodies/HRSPST001.pkb.sql,forms_triggers/HRSPST001.triggers.sql,scaffold_only,47,14,136,"credentials,destructive,windows_native",exact PKS/PKB/DDL/FMB mapping
HRSR002.fmx,RB_HRSR002_81310,HR,plsql_specs/HRSR002.pks.sql,plsql_bodies/HRSR002.pkb.sql,forms_triggers/HRSR002.triggers.sql,scaffold_only,26,3,103,"credentials,destructive",exact PKS/PKB/DDL/FMB mapping
HRSR003.fmx,RB_HRSR003_7B36D,HR,plsql_specs/HRSR003.pks.sql,plsql_bodies/HRSR003.pkb.sql,forms_triggers/HRSR003.triggers.sql,scaffold_only,20,3,93,"credentials,destructive",exact PKS/PKB/DDL/FMB mapping
HRSR004.fmx,RB_HRSR004_3D678,HR,plsql_specs/HRSR004.pks.sql,plsql_bodies/HRSR004.pkb.sql,forms_triggers/HRSR004.triggers.sql,scaffold_only,26,4,105,"credentials,destructive,dynamic_sql",exact PKS/PKB/DDL/FMB mapping
HRSR005.fmx,RB_HRSR005_5D7FC,HR,plsql_specs/HRSR005.pks.sql,plsql_bodies/HRSR005.pkb.sql,forms_triggers/HRSR005.triggers.sql,scaffold_only,19,3,75,"credentials,destructive",exact PKS/PKB/DDL/FMB mapping
HRSR006.fmx,RB_HRSR006_E6645,HR,plsql_specs/HRSR006.pks.sql,plsql_bodies/HRSR006.pkb.sql,forms_triggers/HRSR006.triggers.sql,scaffold_only,19,3,82,"credentials,destructive",exact PKS/PKB/DDL/FMB mapping
HRSR007.fmx,RB_HRSR007_10C92,HR,plsql_specs/HRSR007.pks.sql,plsql_bodies/HRSR007.pkb.sql,forms_triggers/HRSR007.triggers.sql,scaffold_only,22,3,122,"credentials,destructive,windows_native",exact PKS/PKB/DDL/FMB mapping
HRSR008.fmx,RB_HRSR008_6F5D3,HR,plsql_specs/HRSR008.pks.sql,plsql_bodies/HRSR008.pkb.sql,forms_triggers/HRSR008.triggers.sql,scaffold_only,0,0,0,none,exact PKS/PKB/DDL/FMB mapping
HRSR009.fmx,RB_HRSR009_19B13,HR,plsql_specs/HRSR009.pks.sql,plsql_bodies/HRSR009.pkb.sql,forms_triggers/HRSR009.triggers.sql,scaffold_only,26,3,115,"credentials,destructive",exact PKS/PKB/DDL/FMB mapping
HRSR010.fmx,RB_HRSR010_D0BAC,HR,plsql_specs/HRSR010.pks.sql,plsql_bodies/HRSR010.pkb.sql,forms_triggers/HRSR010.triggers.sql,scaffold_only,22,3,89,"credentials,destructive",exact PKS/PKB/DDL/FMB mapping
HRSR011.fmx,RB_HRSR011_B82ED,HR,plsql_specs/HRSR011.pks.sql,plsql_bodies/HRSR011.pkb.sql,forms_triggers/HRSR011.triggers.sql,scaffold_only,23,3,92,"credentials,destructive,windows_native",exact PKS/PKB/DDL/FMB mapping
HRSR012.fmx,RB_HRSR012_8271F,HR,plsql_specs/HRSR012.pks.sql,plsql_bodies/HRSR012.pkb.sql,forms_triggers/HRSR012.triggers.sql,scaffold_only,23,3,89,"credentials,destructive,windows_native",exact PKS/PKB/DDL/FMB mapping
HRSR013.fmx,RB_HRSR013_402FD,HR,plsql_specs/HRSR013.pks.sql,plsql_bodies/HRSR013.pkb.sql,forms_triggers/HRSR013.triggers.sql,scaffold_only,23,3,111,"credentials,destructive",exact PKS/PKB/DDL/FMB mapping
HRSR014.fmx,RB_HRSR014_CD2CA,HR,plsql_specs/HRSR014.pks.sql,plsql_bodies/HRSR014.pkb.sql,forms_triggers/HRSR014.triggers.sql,scaffold_only,23,3,114,"credentials,destructive",exact PKS/PKB/DDL/FMB mapping
HRSR014_NEW.fmx,RB_HRSR014_NEW_2F446,HR,plsql_specs/HRSR014_NEW.pks.sql,plsql_bodies/HRSR014_NEW.pkb.sql,forms_triggers/HRSR014_NEW.triggers.sql,scaffold_only,23,3,111,"credentials,destructive",exact PKS/PKB/DDL/FMB mapping
HRSR015.fmx,RB_HRSR015_C5B3A,HR,plsql_specs/HRSR015.pks.sql,plsql_bodies/HRSR015.pkb.sql,forms_triggers/HRSR015.triggers.sql,scaffold_only,22,3,88,"credentials,destructive,windows_native",exact PKS/PKB/DDL/FMB mapping
HRSR016.fmx,RB_HRSR016_8B471,HR,plsql_specs/HRSR016.pks.sql,plsql_bodies/HRSR016.pkb.sql,forms_triggers/HRSR016.triggers.sql,scaffold_only,20,3,83,"credentials,destructive,windows_native",exact PKS/PKB/DDL/FMB mapping
HRSR017.fmx,RB_HRSR017_EA4A3,HR,plsql_specs/HRSR017.pks.sql,plsql_bodies/HRSR017.pkb.sql,forms_triggers/HRSR017.triggers.sql,scaffold_only,20,3,83,"credentials,destructive,windows_native",exact PKS/PKB/DDL/FMB mapping
HRSR018.fmx,RB_HRSR018_B6FBC,HR,plsql_specs/HRSR018.pks.sql,plsql_bodies/HRSR018.pkb.sql,forms_triggers/HRSR018.triggers.sql,scaffold_only,20,3,80,"credentials,destructive,windows_native",exact PKS/PKB/DDL/FMB mapping
HRSR019.fmx,RB_HRSR019_22D4C,HR,plsql_specs/HRSR019.pks.sql,plsql_bodies/HRSR019.pkb.sql,forms_triggers/HRSR019.triggers.sql,scaffold_only,25,4,110,"credentials,destructive,dynamic_sql,windows_native",exact PKS/PKB/DDL/FMB mapping
HRSR020.fmx,RB_HRSR020_E90DC,HR,plsql_specs/HRSR020.pks.sql,plsql_bodies/HRSR020.pkb.sql,forms_triggers/HRSR020.triggers.sql,scaffold_only,24,6,102,"credentials,destructive,dynamic_sql",exact PKS/PKB/DDL/FMB mapping
HRSR021.fmx,RB_HRSR021_1FC80,HR,plsql_specs/HRSR021.pks.sql,plsql_bodies/HRSR021.pkb.sql,forms_triggers/HRSR021.triggers.sql,scaffold_only,23,3,95,"credentials,destructive,windows_native",exact PKS/PKB/DDL/FMB mapping
HRSR022.fmx,RB_HRSR022_7783C,HR,plsql_specs/HRSR022.pks.sql,plsql_bodies/HRSR022.pkb.sql,forms_triggers/HRSR022.triggers.sql,scaffold_only,22,5,97,"credentials,destructive,windows_native",exact PKS/PKB/DDL/FMB mapping
HRSR023.fmx,RB_HRSR023_94015,HR,plsql_specs/HRSR023.pks.sql,plsql_bodies/HRSR023.pkb.sql,forms_triggers/HRSR023.triggers.sql,scaffold_only,27,3,129,"credentials,destructive,dynamic_sql,windows_native",exact PKS/PKB/DDL/FMB mapping
HRSR024.fmx,RB_HRSR024_F4CBC,HR,plsql_specs/HRSR024.pks.sql,plsql_bodies/HRSR024.pkb.sql,forms_triggers/HRSR024.triggers.sql,scaffold_only,22,3,98,"credentials,destructive",exact PKS/PKB/DDL/FMB mapping
HRSR025.fmx,RB_HRSR025_11448,HR,plsql_specs/HRSR025.pks.sql,plsql_bodies/HRSR025.pkb.sql,forms_triggers/HRSR025.triggers.sql,scaffold_only,22,3,99,"credentials,destructive",exact PKS/PKB/DDL/FMB mapping
HRSR026.fmx,RB_HRSR026_00989,HR,plsql_specs/HRSR026.pks.sql,plsql_bodies/HRSR026.pkb.sql,forms_triggers/HRSR026.triggers.sql,scaffold_only,17,3,79,"credentials,destructive",exact PKS/PKB/DDL/FMB mapping
HRSR027.fmx,RB_HRSR027_4E4D2,HR,plsql_specs/HRSR027.pks.sql,plsql_bodies/HRSR027.pkb.sql,forms_triggers/HRSR027.triggers.sql,scaffold_only,19,3,66,"credentials,destructive,dynamic_sql,error_handling",exact PKS/PKB/DDL/FMB mapping
HRSR028.fmx,RB_HRSR028_5444B,HR,plsql_specs/HRSR028.pks.sql,plsql_bodies/HRSR028.pkb.sql,forms_triggers/HRSR028.triggers.sql,scaffold_only,17,3,57,"credentials,destructive",exact PKS/PKB/DDL/FMB mapping
HRSR029.fmx,RB_HRSR029_4BC7E,HR,plsql_specs/HRSR029.pks.sql,plsql_bodies/HRSR029.pkb.sql,forms_triggers/HRSR029.triggers.sql,scaffold_only,17,3,59,"credentials,destructive",exact PKS/PKB/DDL/FMB mapping
HRSR030.fmx,RB_HRSR030_3A6A0,HR,plsql_specs/HRSR030.pks.sql,plsql_bodies/HRSR030.pkb.sql,forms_triggers/HRSR030.triggers.sql,scaffold_only,17,3,60,"credentials,destructive",exact PKS/PKB/DDL/FMB mapping
HRSR031.fmx,RB_HRSR031_59C50,HR,plsql_specs/HRSR031.pks.sql,plsql_bodies/HRSR031.pkb.sql,forms_triggers/HRSR031.triggers.sql,scaffold_only,17,3,57,"credentials,destructive",exact PKS/PKB/DDL/FMB mapping
HRSR032.fmx,RB_HRSR032_57780,HR,plsql_specs/HRSR032.pks.sql,plsql_bodies/HRSR032.pkb.sql,forms_triggers/HRSR032.triggers.sql,scaffold_only,23,3,97,"credentials,destructive,windows_native",exact PKS/PKB/DDL/FMB mapping
HRSR047.fmx,RB_HRSR047_7E264,HR,plsql_specs/HRSR047.pks.sql,plsql_bodies/HRSR047.pkb.sql,forms_triggers/HRSR047.triggers.sql,scaffold_only,23,3,98,"credentials,destructive,windows_native",exact PKS/PKB/DDL/FMB mapping
HRSR048.fmx,RB_HRSR048_F5C76,HR,plsql_specs/HRSR048.pks.sql,plsql_bodies/HRSR048.pkb.sql,forms_triggers/HRSR048.triggers.sql,scaffold_only,23,4,92,"credentials,destructive,dynamic_sql",exact PKS/PKB/DDL/FMB mapping
HRSRCUI001.fmx,RB_HRSRCUI001_0F115,HR,plsql_specs/HRSRCUI001.pks.sql,plsql_bodies/HRSRCUI001.pkb.sql,forms_triggers/HRSRCUI001.triggers.sql,scaffold_only,38,10,109,"credentials,ddl_privilege,destructive,windows_native",exact PKS/PKB/DDL/FMB mapping
HRSRCUI002.fmx,RB_HRSRCUI002_E9F7C,HR,plsql_specs/HRSRCUI002.pks.sql,plsql_bodies/HRSRCUI002.pkb.sql,forms_triggers/HRSRCUI002.triggers.sql,scaffold_only,37,8,93,"credentials,ddl_privilege,destructive,windows_native",exact PKS/PKB/DDL/FMB mapping
HRSRCUI003.fmx,RB_HRSRCUI003_364D8,HR,plsql_specs/HRSRCUI003.pks.sql,plsql_bodies/HRSRCUI003.pkb.sql,forms_triggers/HRSRCUI003.triggers.sql,scaffold_only,35,8,90,"credentials,ddl_privilege,destructive,windows_native",exact PKS/PKB/DDL/FMB mapping
HRSRCUR001.fmx,RB_HRSRCUR001_82AD0,HR,plsql_specs/HRSRCUR001.pks.sql,plsql_bodies/HRSRCUR001.pkb.sql,forms_triggers/HRSRCUR001.triggers.sql,scaffold_only,20,3,80,"credentials,destructive",exact PKS/PKB/DDL/FMB mapping
HRSRCUR002.fmx,RB_HRSRCUR002_5BCCD,HR,plsql_specs/HRSRCUR002.pks.sql,plsql_bodies/HRSRCUR002.pkb.sql,forms_triggers/HRSRCUR002.triggers.sql,scaffold_only,20,3,80,"credentials,destructive",exact PKS/PKB/DDL/FMB mapping
HRSRCUR004.fmx,RB_HRSRCUR004_AC8D8,HR,plsql_specs/HRSRCUR004.pks.sql,plsql_bodies/HRSRCUR004.pkb.sql,forms_triggers/HRSRCUR004.triggers.sql,scaffold_only,20,3,78,"credentials,destructive",exact PKS/PKB/DDL/FMB mapping
HRSRCUR005.fmx,RB_HRSRCUR005_10776,HR,plsql_specs/HRSRCUR005.pks.sql,plsql_bodies/HRSRCUR005.pkb.sql,forms_triggers/HRSRCUR005.triggers.sql,scaffold_only,20,3,80,"credentials,destructive",exact PKS/PKB/DDL/FMB mapping
HRSRCUR006.fmx,RB_HRSRCUR006_E59C9,HR,plsql_specs/HRSRCUR006.pks.sql,plsql_bodies/HRSRCUR006.pkb.sql,forms_triggers/HRSRCUR006.triggers.sql,scaffold_only,20,3,80,"credentials,destructive",exact PKS/PKB/DDL/FMB mapping
HRSRCUR007.fmx,RB_HRSRCUR007_87A26,HR,plsql_specs/HRSRCUR007.pks.sql,plsql_bodies/HRSRCUR007.pkb.sql,forms_triggers/HRSRCUR007.triggers.sql,scaffold_only,19,3,79,"credentials,destructive",exact PKS/PKB/DDL/FMB mapping
HRSRCUS002.fmx,RB_HRSRCUS002_95225,HR,plsql_specs/HRSRCUS002.pks.sql,plsql_bodies/HRSRCUS002.pkb.sql,forms_triggers/HRSRCUS002.triggers.sql,scaffold_only,34,8,82,"credentials,ddl_privilege,destructive,windows_native",exact PKS/PKB/DDL/FMB mapping
HRSRCUS003.fmx,RB_HRSRCUS003_9F6D7,HR,plsql_specs/HRSRCUS003.pks.sql,plsql_bodies/HRSRCUS003.pkb.sql,forms_triggers/HRSRCUS003.triggers.sql,scaffold_only,35,10,98,"credentials,ddl_privilege,destructive,windows_native",exact PKS/PKB/DDL/FMB mapping
HRSRCUS004.fmx,RB_HRSRCUS004_A995D,HR,plsql_specs/HRSRCUS004.pks.sql,plsql_bodies/HRSRCUS004.pkb.sql,forms_triggers/HRSRCUS004.triggers.sql,scaffold_only,37,10,126,"credentials,ddl_privilege,destructive,windows_native",exact PKS/PKB/DDL/FMB mapping
HRSRCUT001.fmx,RB_HRSRCUT001_B17A4,HR,plsql_specs/HRSRCUT001.pks.sql,plsql_bodies/HRSRCUT001.pkb.sql,forms_triggers/HRSRCUT001.triggers.sql,scaffold_only,38,8,105,"credentials,ddl_privilege,destructive,windows_native",exact PKS/PKB/DDL/FMB mapping
HRSRCUT002.fmx,RB_HRSRCUT002_9983B,HR,plsql_specs/HRSRCUT002.pks.sql,plsql_bodies/HRSRCUT002.pkb.sql,forms_triggers/HRSRCUT002.triggers.sql,scaffold_only,35,8,96,"credentials,ddl_privilege,destructive,windows_native",exact PKS/PKB/DDL/FMB mapping
HRSRCUT003.fmx,RB_HRSRCUT003_9CBA4,HR,plsql_specs/HRSRCUT003.pks.sql,plsql_bodies/HRSRCUT003.pkb.sql,forms_triggers/HRSRCUT003.triggers.sql,scaffold_only,35,8,65,"credentials,ddl_privilege,destructive,windows_native",exact PKS/PKB/DDL/FMB mapping
HRSRCUT004.fmx,RB_HRSRCUT004_C5D16,HR,plsql_specs/HRSRCUT004.pks.sql,plsql_bodies/HRSRCUT004.pkb.sql,forms_triggers/HRSRCUT004.triggers.sql,scaffold_only,37,8,113,"credentials,ddl_privilege,destructive,windows_native",exact PKS/PKB/DDL/FMB mapping
HRSRCUT005.fmx,RB_HRSRCUT005_66F61,HR,plsql_specs/HRSRCUT005.pks.sql,plsql_bodies/HRSRCUT005.pkb.sql,forms_triggers/HRSRCUT005.triggers.sql,scaffold_only,36,8,96,"credentials,ddl_privilege,destructive,windows_native",exact PKS/PKB/DDL/FMB mapping
HRSRCUT006.fmx,RB_HRSRCUT006_E4306,HR,plsql_specs/HRSRCUT006.pks.sql,plsql_bodies/HRSRCUT006.pkb.sql,forms_triggers/HRSRCUT006.triggers.sql,scaffold_only,37,8,96,"credentials,ddl_privilege,destructive,windows_native",exact PKS/PKB/DDL/FMB mapping
HRSRCUT007.fmx,RB_HRSRCUT007_A91DE,HR,plsql_specs/HRSRCUT007.pks.sql,plsql_bodies/HRSRCUT007.pkb.sql,forms_triggers/HRSRCUT007.triggers.sql,scaffold_only,36,8,97,"credentials,ddl_privilege,destructive,windows_native",exact PKS/PKB/DDL/FMB mapping
HRSRCUT008.fmx,RB_HRSRCUT008_27956,HR,plsql_specs/HRSRCUT008.pks.sql,plsql_bodies/HRSRCUT008.pkb.sql,forms_triggers/HRSRCUT008.triggers.sql,scaffold_only,39,10,110,"credentials,ddl_privilege,destructive,windows_native",exact PKS/PKB/DDL/FMB mapping
HRSRCUT009.fmx,RB_HRSRCUT009_8555C,HR,plsql_specs/HRSRCUT009.pks.sql,plsql_bodies/HRSRCUT009.pkb.sql,forms_triggers/HRSRCUT009.triggers.sql,scaffold_only,40,8,104,"credentials,ddl_privilege,destructive,windows_native",exact PKS/PKB/DDL/FMB mapping
HRSRCUT010.fmx,RB_HRSRCUT010_F5419,HR,plsql_specs/HRSRCUT010.pks.sql,plsql_bodies/HRSRCUT010.pkb.sql,forms_triggers/HRSRCUT010.triggers.sql,scaffold_only,39,8,104,"credentials,ddl_privilege,destructive,windows_native",exact PKS/PKB/DDL/FMB mapping
HRSRCUT011.fmx,RB_HRSRCUT011_11BEB,HR,plsql_specs/HRSRCUT011.pks.sql,plsql_bodies/HRSRCUT011.pkb.sql,forms_triggers/HRSRCUT011.triggers.sql,scaffold_only,41,8,126,"credentials,ddl_privilege,destructive,windows_native",exact PKS/PKB/DDL/FMB mapping
HRSRCUT012.fmx,RB_HRSRCUT012_6C07C,HR,plsql_specs/HRSRCUT012.pks.sql,plsql_bodies/HRSRCUT012.pkb.sql,forms_triggers/HRSRCUT012.triggers.sql,scaffold_only,49,8,169,"credentials,ddl_privilege,destructive,windows_native",exact PKS/PKB/DDL/FMB mapping
HRSRCUT015.fmx,RB_HRSRCUT015_23CA0,HR,plsql_specs/HRSRCUT015.pks.sql,plsql_bodies/HRSRCUT015.pkb.sql,forms_triggers/HRSRCUT015.triggers.sql,scaffold_only,46,8,149,"credentials,ddl_privilege,destructive,windows_native",exact PKS/PKB/DDL/FMB mapping
HRSS001.fmx,RB_HRSS001_D235D,HR,plsql_specs/HRSS001.pks.sql,plsql_bodies/HRSS001.pkb.sql,forms_triggers/HRSS001.triggers.sql,scaffold_only,34,8,91,"credentials,ddl_privilege,destructive,windows_native",exact PKS/PKB/DDL/FMB mapping
HRSS002.fmx,RB_HRSS002_1EB0B,HR,plsql_specs/HRSS002.pks.sql,plsql_bodies/HRSS002.pkb.sql,forms_triggers/HRSS002.triggers.sql,scaffold_only,45,10,119,"credentials,ddl_privilege,destructive,windows_native",exact PKS/PKB/DDL/FMB mapping
HRSS004.fmx,RB_HRSS004_286C2,HR,plsql_specs/HRSS004.pks.sql,plsql_bodies/HRSS004.pkb.sql,forms_triggers/HRSS004.triggers.sql,scaffold_only,37,10,115,"credentials,ddl_privilege,destructive,windows_native",exact PKS/PKB/DDL/FMB mapping
HRSS005.fmx,RB_HRSS005_E506E,HR,plsql_specs/HRSS005.pks.sql,plsql_bodies/HRSS005.pkb.sql,forms_triggers/HRSS005.triggers.sql,scaffold_only,41,10,103,"credentials,ddl_privilege,destructive,windows_native",exact PKS/PKB/DDL/FMB mapping
HRSS006.fmx,RB_HRSS006_33095,HR,plsql_specs/HRSS006.pks.sql,plsql_bodies/HRSS006.pkb.sql,forms_triggers/HRSS006.triggers.sql,scaffold_only,46,12,215,"credentials,ddl_privilege,destructive,windows_native",exact PKS/PKB/DDL/FMB mapping
HRSS007.fmx,RB_HRSS007_6FB96,HR,plsql_specs/HRSS007.pks.sql,plsql_bodies/HRSS007.pkb.sql,forms_triggers/HRSS007.triggers.sql,scaffold_only,36,10,105,"credentials,ddl_privilege,destructive,windows_native",exact PKS/PKB/DDL/FMB mapping
HRSS008.fmx,RB_HRSS008_D8425,HR,plsql_specs/HRSS008.pks.sql,plsql_bodies/HRSS008.pkb.sql,forms_triggers/HRSS008.triggers.sql,scaffold_only,35,10,91,"credentials,ddl_privilege,destructive,windows_native",exact PKS/PKB/DDL/FMB mapping
HRSS009.fmx,RB_HRSS009_DAB20,HR,plsql_specs/HRSS009.pks.sql,plsql_bodies/HRSS009.pkb.sql,forms_triggers/HRSS009.triggers.sql,scaffold_only,35,10,111,"credentials,ddl_privilege,destructive,windows_native",exact PKS/PKB/DDL/FMB mapping
HRSS010.fmx,RB_HRSS010_5F6E8,HR,plsql_specs/HRSS010.pks.sql,plsql_bodies/HRSS010.pkb.sql,forms_triggers/HRSS010.triggers.sql,scaffold_only,37,10,105,"credentials,ddl_privilege,destructive,windows_native",exact PKS/PKB/DDL/FMB mapping
HRSS015.fmx,RB_HRSS015_2E4C2,HR,plsql_specs/HRSS015.pks.sql,plsql_bodies/HRSS015.pkb.sql,forms_triggers/HRSS015.triggers.sql,scaffold_only,38,10,124,"credentials,ddl_privilege,destructive,dynamic_sql,windows_native",exact PKS/PKB/DDL/FMB mapping
HRSS016.fmx,RB_HRSS016_EAC28,HR,plsql_specs/HRSS016.pks.sql,plsql_bodies/HRSS016.pkb.sql,forms_triggers/HRSS016.triggers.sql,scaffold_only,32,10,49,"credentials,ddl_privilege,destructive,windows_native",exact PKS/PKB/DDL/FMB mapping
HRSS017.fmx,RB_HRSS017_32DD3,HR,plsql_specs/HRSS017.pks.sql,plsql_bodies/HRSS017.pkb.sql,forms_triggers/HRSS017.triggers.sql,scaffold_only,35,10,100,"credentials,ddl_privilege,destructive,windows_native",exact PKS/PKB/DDL/FMB mapping
HRSS018.fmx,RB_HRSS018_EA92C,HR,plsql_specs/HRSS018.pks.sql,plsql_bodies/HRSS018.pkb.sql,forms_triggers/HRSS018.triggers.sql,scaffold_only,37,10,98,"credentials,ddl_privilege,destructive,dynamic_sql,windows_native",exact PKS/PKB/DDL/FMB mapping
HRSS019.fmx,RB_HRSS019_F3161,HR,plsql_specs/HRSS019.pks.sql,plsql_bodies/HRSS019.pkb.sql,forms_triggers/HRSS019.triggers.sql,scaffold_only,38,10,113,"credentials,ddl_privilege,destructive,windows_native",exact PKS/PKB/DDL/FMB mapping
HRSS021.fmx,RB_HRSS021_9D52F,HR,plsql_specs/HRSS021.pks.sql,plsql_bodies/HRSS021.pkb.sql,forms_triggers/HRSS021.triggers.sql,scaffold_only,37,10,100,"credentials,ddl_privilege,destructive,dynamic_sql,windows_native",exact PKS/PKB/DDL/FMB mapping
HRSS030.fmx,RB_HRSS030_D2D18,HR,plsql_specs/HRSS030.pks.sql,plsql_bodies/HRSS030.pkb.sql,forms_triggers/HRSS030.triggers.sql,scaffold_only,37,8,118,"credentials,ddl_privilege,destructive,windows_native",exact PKS/PKB/DDL/FMB mapping
HRSS031.fmx,RB_HRSS031_5F6C4,HR,plsql_specs/HRSS031.pks.sql,plsql_bodies/HRSS031.pkb.sql,forms_triggers/HRSS031.triggers.sql,scaffold_only,36,9,132,"credentials,ddl_privilege,destructive,windows_native",exact PKS/PKB/DDL/FMB mapping
HRSS032.fmx,RB_HRSS032_8C374,HR,plsql_specs/HRSS032.pks.sql,plsql_bodies/HRSS032.pkb.sql,forms_triggers/HRSS032.triggers.sql,scaffold_only,34,8,95,"credentials,ddl_privilege,destructive,windows_native",exact PKS/PKB/DDL/FMB mapping
HRSSTPS001.fmx,RB_HRSSTPS001_D4F9B,HR,plsql_specs/HRSSTPS001.pks.sql,plsql_bodies/HRSSTPS001.pkb.sql,forms_triggers/HRSSTPS001.triggers.sql,scaffold_only,34,8,59,"credentials,ddl_privilege,destructive,windows_native",exact PKS/PKB/DDL/FMB mapping
HRSSTPS002.fmx,RB_HRSSTPS002_3149F,HR,plsql_specs/HRSSTPS002.pks.sql,plsql_bodies/HRSSTPS002.pkb.sql,forms_triggers/HRSSTPS002.triggers.sql,scaffold_only,36,10,102,"credentials,ddl_privilege,destructive,windows_native",exact PKS/PKB/DDL/FMB mapping
HRST001.fmx,RB_HRST001_8568F,HR,plsql_specs/HRST001.pks.sql,plsql_bodies/HRST001.pkb.sql,forms_triggers/HRST001.triggers.sql,scaffold_only,56,10,211,"credentials,ddl_privilege,destructive,windows_native",exact PKS/PKB/DDL/FMB mapping
HRST001_B.fmx,RB_HRST001_B_A0E4E,HR,plsql_specs/HRST001_B.pks.sql,plsql_bodies/HRST001_B.pkb.sql,forms_triggers/HRST001_B.triggers.sql,scaffold_only,56,10,209,"credentials,ddl_privilege,destructive,windows_native",exact PKS/PKB/DDL/FMB mapping
HRST002.fmx,RB_HRST002_DA366,HR,plsql_specs/HRST002.pks.sql,plsql_bodies/HRST002.pkb.sql,forms_triggers/HRST002.triggers.sql,scaffold_only,56,10,215,"credentials,ddl_privilege,destructive,windows_native",exact PKS/PKB/DDL/FMB mapping
HRST002S.fmx,RB_HRST002S_5D4FB,HR,plsql_specs/HRST002S.pks.sql,plsql_bodies/HRST002S.pkb.sql,forms_triggers/HRST002S.triggers.sql,scaffold_only,54,10,204,"credentials,ddl_privilege,destructive,windows_native",exact PKS/PKB/DDL/FMB mapping
HRST002S2.fmx,RB_HRST002S2_736FF,HR,plsql_specs/HRST002S2.pks.sql,plsql_bodies/HRST002S2.pkb.sql,forms_triggers/HRST002S2.triggers.sql,scaffold_only,54,10,207,"credentials,ddl_privilege,destructive,windows_native",exact PKS/PKB/DDL/FMB mapping
HRST002SS.fmx,RB_HRST002SS_E5621,HR,plsql_specs/HRST002SS.pks.sql,plsql_bodies/HRST002SS.pkb.sql,forms_triggers/HRST002SS.triggers.sql,scaffold_only,54,10,204,"credentials,ddl_privilege,destructive,windows_native",exact PKS/PKB/DDL/FMB mapping
HRST003.fmx,RB_HRST003_26F64,HR,plsql_specs/HRST003.pks.sql,plsql_bodies/HRST003.pkb.sql,forms_triggers/HRST003.triggers.sql,scaffold_only,52,10,181,"credentials,ddl_privilege,destructive,windows_native",exact PKS/PKB/DDL/FMB mapping
HRST005.fmx,RB_HRST005_A9E74,HR,plsql_specs/HRST005.pks.sql,plsql_bodies/HRST005.pkb.sql,forms_triggers/HRST005.triggers.sql,scaffold_only,46,11,159,"credentials,destructive,windows_native",exact PKS/PKB/DDL/FMB mapping
HRST006.fmx,RB_HRST006_29181,HR,plsql_specs/HRST006.pks.sql,plsql_bodies/HRST006.pkb.sql,forms_triggers/HRST006.triggers.sql,scaffold_only,32,10,49,"credentials,ddl_privilege,destructive,windows_native",exact PKS/PKB/DDL/FMB mapping
HRST007.fmx,RB_HRST007_3A1A2,HR,plsql_specs/HRST007.pks.sql,plsql_bodies/HRST007.pkb.sql,forms_triggers/HRST007.triggers.sql,scaffold_only,47,10,148,"credentials,ddl_privilege,destructive,windows_native",exact PKS/PKB/DDL/FMB mapping
HRST008.fmx,RB_HRST008_D0A56,HR,plsql_specs/HRST008.pks.sql,plsql_bodies/HRST008.pkb.sql,forms_triggers/HRST008.triggers.sql,scaffold_only,52,8,152,"credentials,ddl_privilege,destructive,windows_native",exact PKS/PKB/DDL/FMB mapping
HRST009.fmx,RB_HRST009_1C151,HR,plsql_specs/HRST009.pks.sql,plsql_bodies/HRST009.pkb.sql,forms_triggers/HRST009.triggers.sql,scaffold_only,49,10,141,"credentials,ddl_privilege,destructive,windows_native",exact PKS/PKB/DDL/FMB mapping
HRST00S2.fmx,RB_HRST00S2_743E1,HR,plsql_specs/HRST00S2.pks.sql,plsql_bodies/HRST00S2.pkb.sql,forms_triggers/HRST00S2.triggers.sql,scaffold_only,54,10,204,"credentials,ddl_privilege,destructive,windows_native",exact PKS/PKB/DDL/FMB mapping
HRST010.fmx,RB_HRST010_7C069,HR,plsql_specs/HRST010.pks.sql,plsql_bodies/HRST010.pkb.sql,forms_triggers/HRST010.triggers.sql,scaffold_only,52,8,158,"credentials,ddl_privilege,destructive,windows_native",exact PKS/PKB/DDL/FMB mapping
HRST010_NEW.fmx,RB_HRST010_NEW_D19FD,HR,plsql_specs/HRST010_NEW.pks.sql,plsql_bodies/HRST010_NEW.pkb.sql,forms_triggers/HRST010_NEW.triggers.sql,scaffold_only,48,8,142,"credentials,ddl_privilege,destructive,windows_native",exact PKS/PKB/DDL/FMB mapping
HRST011.fmx,RB_HRST011_AC95B,HR,plsql_specs/HRST011.pks.sql,plsql_bodies/HRST011.pkb.sql,forms_triggers/HRST011.triggers.sql,scaffold_only,64,10,210,"credentials,ddl_privilege,destructive,windows_native",exact PKS/PKB/DDL/FMB mapping
HRST012.fmx,RB_HRST012_F23C8,HR,plsql_specs/HRST012.pks.sql,plsql_bodies/HRST012.pkb.sql,forms_triggers/HRST012.triggers.sql,scaffold_only,62,10,218,"credentials,ddl_privilege,destructive,windows_native",exact PKS/PKB/DDL/FMB mapping
HRST013.fmx,RB_HRST013_B73B8,HR,plsql_specs/HRST013.pks.sql,plsql_bodies/HRST013.pkb.sql,forms_triggers/HRST013.triggers.sql,scaffold_only,54,8,157,"credentials,ddl_privilege,destructive,windows_native",exact PKS/PKB/DDL/FMB mapping
HRST014.fmx,RB_HRST014_26C05,HR,plsql_specs/HRST014.pks.sql,plsql_bodies/HRST014.pkb.sql,forms_triggers/HRST014.triggers.sql,scaffold_only,51,10,153,"credentials,ddl_privilege,destructive,windows_native",exact PKS/PKB/DDL/FMB mapping
HRST015.fmx,RB_HRST015_F9E46,HR,plsql_specs/HRST015.pks.sql,plsql_bodies/HRST015.pkb.sql,forms_triggers/HRST015.triggers.sql,scaffold_only,52,8,183,"credentials,destructive,windows_native",exact PKS/PKB/DDL/FMB mapping
HRST016.fmx,RB_HRST016_37A14,HR,plsql_specs/HRST016.pks.sql,plsql_bodies/HRST016.pkb.sql,forms_triggers/HRST016.triggers.sql,scaffold_only,41,10,132,"credentials,ddl_privilege,destructive,windows_native",exact PKS/PKB/DDL/FMB mapping
HRST017.fmx,RB_HRST017_0919A,HR,plsql_specs/HRST017.pks.sql,plsql_bodies/HRST017.pkb.sql,forms_triggers/HRST017.triggers.sql,scaffold_only,49,10,152,"credentials,ddl_privilege,destructive,windows_native",exact PKS/PKB/DDL/FMB mapping
HRST018.fmx,RB_HRST018_C79F2,HR,plsql_specs/HRST018.pks.sql,plsql_bodies/HRST018.pkb.sql,forms_triggers/HRST018.triggers.sql,scaffold_only,52,10,183,"credentials,destructive,windows_native",exact PKS/PKB/DDL/FMB mapping
HRST019.fmx,RB_HRST019_8A5D8,HR,plsql_specs/HRST019.pks.sql,plsql_bodies/HRST019.pkb.sql,forms_triggers/HRST019.triggers.sql,scaffold_only,43,11,149,"credentials,ddl_privilege,destructive,dynamic_sql,windows_native",exact PKS/PKB/DDL/FMB mapping
HRST025.fmx,RB_HRST025_CA225,HR,plsql_specs/HRST025.pks.sql,plsql_bodies/HRST025.pkb.sql,forms_triggers/HRST025.triggers.sql,scaffold_only,46,10,148,"credentials,ddl_privilege,destructive,windows_native",exact PKS/PKB/DDL/FMB mapping
HRST026.fmx,RB_HRST026_23800,HR,plsql_specs/HRST026.pks.sql,plsql_bodies/HRST026.pkb.sql,forms_triggers/HRST026.triggers.sql,scaffold_only,60,10,216,"credentials,ddl_privilege,destructive,windows_native",exact PKS/PKB/DDL/FMB mapping
HRST027.fmx,RB_HRST027_90F44,HR,plsql_specs/HRST027.pks.sql,plsql_bodies/HRST027.pkb.sql,forms_triggers/HRST027.triggers.sql,scaffold_only,64,10,207,"credentials,ddl_privilege,destructive,windows_native",exact PKS/PKB/DDL/FMB mapping
HRST028.fmx,RB_HRST028_6832D,HR,plsql_specs/HRST028.pks.sql,plsql_bodies/HRST028.pkb.sql,forms_triggers/HRST028.triggers.sql,scaffold_only,53,10,159,"credentials,ddl_privilege,destructive,windows_native",exact PKS/PKB/DDL/FMB mapping
HRST029.fmx,RB_HRST029_CAE05,HR,plsql_specs/HRST029.pks.sql,plsql_bodies/HRST029.pkb.sql,forms_triggers/HRST029.triggers.sql,scaffold_only,47,10,160,"credentials,ddl_privilege,destructive,windows_native",exact PKS/PKB/DDL/FMB mapping
HRST031.fmx,RB_HRST031_FAFBA,HR,plsql_specs/HRST031.pks.sql,plsql_bodies/HRST031.pkb.sql,forms_triggers/HRST031.triggers.sql,scaffold_only,49,8,139,"credentials,ddl_privilege,destructive,windows_native",exact PKS/PKB/DDL/FMB mapping
HRST032.fmx,RB_HRST032_979CE,HR,plsql_specs/HRST032.pks.sql,plsql_bodies/HRST032.pkb.sql,forms_triggers/HRST032.triggers.sql,scaffold_only,51,10,154,"credentials,ddl_privilege,destructive,windows_native",exact PKS/PKB/DDL/FMB mapping
HRST034.fmx,RB_HRST034_E879E,HR,plsql_specs/HRST034.pks.sql,plsql_bodies/HRST034.pkb.sql,forms_triggers/HRST034.triggers.sql,scaffold_only,51,10,150,"credentials,ddl_privilege,destructive,windows_native",exact PKS/PKB/DDL/FMB mapping
HRST040.fmx,RB_HRST040_C29B1,HR,plsql_specs/HRST040.pks.sql,plsql_bodies/HRST040.pkb.sql,forms_triggers/HRST040.triggers.sql,scaffold_only,58,9,168,"credentials,ddl_privilege,destructive,windows_native",exact PKS/PKB/DDL/FMB mapping
HRST045.fmx,RB_HRST045_246A3,HR,plsql_specs/HRST045.pks.sql,plsql_bodies/HRST045.pkb.sql,forms_triggers/HRST045.triggers.sql,scaffold_only,51,10,199,"credentials,ddl_privilege,destructive,windows_native",exact PKS/PKB/DDL/FMB mapping
HRST046.fmx,RB_HRST046_C5517,HR,plsql_specs/HRST046.pks.sql,plsql_bodies/HRST046.pkb.sql,forms_triggers/HRST046.triggers.sql,scaffold_only,64,12,247,"credentials,destructive,windows_native",exact PKS/PKB/DDL/FMB mapping
HRST046_NEW.fmx,RB_HRST046_NEW_472A3,HR,plsql_specs/HRST046_NEW.pks.sql,plsql_bodies/HRST046_NEW.pkb.sql,forms_triggers/HRST046_NEW.triggers.sql,scaffold_only,61,12,229,"credentials,destructive,windows_native",exact PKS/PKB/DDL/FMB mapping
HRST047.fmx,RB_HRST047_99D38,HR,plsql_specs/HRST047.pks.sql,plsql_bodies/HRST047.pkb.sql,forms_triggers/HRST047.triggers.sql,scaffold_only,52,12,175,"credentials,ddl_privilege,destructive,windows_native",exact PKS/PKB/DDL/FMB mapping
HRST048.fmx,RB_HRST048_378DB,HR,plsql_specs/HRST048.pks.sql,plsql_bodies/HRST048.pkb.sql,forms_triggers/HRST048.triggers.sql,scaffold_only,44,10,136,"credentials,ddl_privilege,destructive,windows_native",exact PKS/PKB/DDL/FMB mapping
HRST049.fmx,RB_HRST049_B019A,HR,plsql_specs/HRST049.pks.sql,plsql_bodies/HRST049.pkb.sql,forms_triggers/HRST049.triggers.sql,scaffold_only,45,9,125,"credentials,ddl_privilege,destructive,dynamic_sql,windows_native",exact PKS/PKB/DDL/FMB mapping
HRST050.fmx,RB_HRST050_B3DAA,HR,plsql_specs/HRST050.pks.sql,plsql_bodies/HRST050.pkb.sql,forms_triggers/HRST050.triggers.sql,scaffold_only,48,10,186,"credentials,ddl_privilege,destructive,windows_native",exact PKS/PKB/DDL/FMB mapping
HRST051.fmx,RB_HRST051_717AA,HR,plsql_specs/HRST051.pks.sql,plsql_bodies/HRST051.pkb.sql,forms_triggers/HRST051.triggers.sql,scaffold_only,39,8,106,"credentials,ddl_privilege,destructive,windows_native",exact PKS/PKB/DDL/FMB mapping
HRST052.fmx,RB_HRST052_30653,HR,plsql_specs/HRST052.pks.sql,plsql_bodies/HRST052.pkb.sql,forms_triggers/HRST052.triggers.sql,scaffold_only,50,10,170,"credentials,ddl_privilege,destructive,windows_native",exact PKS/PKB/DDL/FMB mapping
HRST053.fmx,RB_HRST053_4DD7B,HR,plsql_specs/HRST053.pks.sql,plsql_bodies/HRST053.pkb.sql,forms_triggers/HRST053.triggers.sql,scaffold_only,49,10,164,"credentials,ddl_privilege,destructive,windows_native",exact PKS/PKB/DDL/FMB mapping
HRST054.fmx,RB_HRST054_4F912,HR,plsql_specs/HRST054.pks.sql,plsql_bodies/HRST054.pkb.sql,forms_triggers/HRST054.triggers.sql,scaffold_only,35,8,102,"credentials,ddl_privilege,destructive,windows_native",exact PKS/PKB/DDL/FMB mapping
HRST055.fmx,RB_HRST055_BBD45,HR,plsql_specs/HRST055.pks.sql,plsql_bodies/HRST055.pkb.sql,forms_triggers/HRST055.triggers.sql,scaffold_only,44,10,138,"credentials,ddl_privilege,destructive,windows_native",exact PKS/PKB/DDL/FMB mapping
HRST060.fmx,RB_HRST060_8269F,HR,plsql_specs/HRST060.pks.sql,plsql_bodies/HRST060.pkb.sql,forms_triggers/HRST060.triggers.sql,scaffold_only,39,10,114,"credentials,ddl_privilege,destructive,dynamic_sql,windows_native",exact PKS/PKB/DDL/FMB mapping
HRSTDD012.fmx,RB_HRSTDD012_7341D,HR,plsql_specs/HRSTDD012.pks.sql,plsql_bodies/HRSTDD012.pkb.sql,forms_triggers/HRSTDD012.triggers.sql,scaffold_only,61,10,214,"credentials,ddl_privilege,destructive,windows_native",exact PKS/PKB/DDL/FMB mapping
HRSTRNI003.fmx,RB_HRSTRNI003_B92DF,HR,plsql_specs/HRSTRNI003.pks.sql,plsql_bodies/HRSTRNI003.pkb.sql,forms_triggers/HRSTRNI003.triggers.sql,scaffold_only,35,8,93,"credentials,ddl_privilege,destructive,windows_native",exact PKS/PKB/DDL/FMB mapping
HRSTRNI005.fmx,RB_HRSTRNI005_1532A,HR,plsql_specs/HRSTRNI005.pks.sql,plsql_bodies/HRSTRNI005.pkb.sql,forms_triggers/HRSTRNI005.triggers.sql,scaffold_only,35,8,80,"credentials,ddl_privilege,destructive,windows_native",exact PKS/PKB/DDL/FMB mapping
HRSTRNI007.fmx,RB_HRSTRNI007_10CDB,HR,plsql_specs/HRSTRNI007.pks.sql,plsql_bodies/HRSTRNI007.pkb.sql,forms_triggers/HRSTRNI007.triggers.sql,scaffold_only,36,8,83,"credentials,ddl_privilege,destructive,windows_native",exact PKS/PKB/DDL/FMB mapping
HRSTRNI009.fmx,RB_HRSTRNI009_67C70,HR,plsql_specs/HRSTRNI009.pks.sql,plsql_bodies/HRSTRNI009.pkb.sql,forms_triggers/HRSTRNI009.triggers.sql,scaffold_only,34,8,82,"credentials,ddl_privilege,destructive,windows_native",exact PKS/PKB/DDL/FMB mapping
HRSTRNI011.fmx,RB_HRSTRNI011_635EF,HR,plsql_specs/HRSTRNI011.pks.sql,plsql_bodies/HRSTRNI011.pkb.sql,forms_triggers/HRSTRNI011.triggers.sql,scaffold_only,39,8,98,"credentials,ddl_privilege,destructive,windows_native",exact PKS/PKB/DDL/FMB mapping
HRSTRNR005.fmx,RB_HRSTRNR005_26A63,HR,plsql_specs/HRSTRNR005.pks.sql,plsql_bodies/HRSTRNR005.pkb.sql,forms_triggers/HRSTRNR005.triggers.sql,scaffold_only,20,3,81,"credentials,destructive,windows_native",exact PKS/PKB/DDL/FMB mapping
HRSTRNR010.fmx,RB_HRSTRNR010_B9D17,HR,plsql_specs/HRSTRNR010.pks.sql,plsql_bodies/HRSTRNR010.pkb.sql,forms_triggers/HRSTRNR010.triggers.sql,scaffold_only,21,3,92,"credentials,destructive,windows_native",exact PKS/PKB/DDL/FMB mapping
HRSTRNT003.fmx,RB_HRSTRNT003_049A8,HR,plsql_specs/HRSTRNT003.pks.sql,plsql_bodies/HRSTRNT003.pkb.sql,forms_triggers/HRSTRNT003.triggers.sql,scaffold_only,42,8,126,"credentials,ddl_privilege,destructive,windows_native",exact PKS/PKB/DDL/FMB mapping
HRSTRNT005.fmx,RB_HRSTRNT005_2F09E,HR,plsql_specs/HRSTRNT005.pks.sql,plsql_bodies/HRSTRNT005.pkb.sql,forms_triggers/HRSTRNT005.triggers.sql,scaffold_only,41,8,139,"credentials,ddl_privilege,destructive,windows_native",exact PKS/PKB/DDL/FMB mapping
HRSTRNT006.fmx,RB_HRSTRNT006_3B48C,HR,plsql_specs/HRSTRNT006.pks.sql,plsql_bodies/HRSTRNT006.pkb.sql,forms_triggers/HRSTRNT006.triggers.sql,scaffold_only,41,8,113,"credentials,ddl_privilege,destructive,windows_native",exact PKS/PKB/DDL/FMB mapping
HRSTRNT008.fmx,RB_HRSTRNT008_4049B,HR,plsql_specs/HRSTRNT008.pks.sql,plsql_bodies/HRSTRNT008.pkb.sql,forms_triggers/HRSTRNT008.triggers.sql,scaffold_only,41,8,111,"credentials,ddl_privilege,destructive,windows_native",exact PKS/PKB/DDL/FMB mapping
HRSTRNT010.fmx,RB_HRSTRNT010_A83A2,HR,plsql_specs/HRSTRNT010.pks.sql,plsql_bodies/HRSTRNT010.pkb.sql,forms_triggers/HRSTRNT010.triggers.sql,scaffold_only,41,8,109,"credentials,ddl_privilege,destructive,windows_native",exact PKS/PKB/DDL/FMB mapping
HRSTRVLR001.fmx,RB_HRSTRVLR001_F2041,HR,plsql_specs/HRSTRVLR001.pks.sql,plsql_bodies/HRSTRVLR001.pkb.sql,forms_triggers/HRSTRVLR001.triggers.sql,scaffold_only,22,3,81,"credentials,destructive",exact PKS/PKB/DDL/FMB mapping
HRSTRVLR002.fmx,RB_HRSTRVLR002_946FA,HR,plsql_specs/HRSTRVLR002.pks.sql,plsql_bodies/HRSTRVLR002.pkb.sql,forms_triggers/HRSTRVLR002.triggers.sql,scaffold_only,24,3,88,"credentials,destructive",exact PKS/PKB/DDL/FMB mapping
HRSTRVLS001.fmx,RB_HRSTRVLS001_0A689,HR,plsql_specs/HRSTRVLS001.pks.sql,plsql_bodies/HRSTRVLS001.pkb.sql,forms_triggers/HRSTRVLS001.triggers.sql,scaffold_only,38,10,116,"credentials,ddl_privilege,destructive,dynamic_sql,windows_native",exact PKS/PKB/DDL/FMB mapping
HRSTRVLS002.fmx,RB_HRSTRVLS002_05D43,HR,plsql_specs/HRSTRVLS002.pks.sql,plsql_bodies/HRSTRVLS002.pkb.sql,forms_triggers/HRSTRVLS002.triggers.sql,scaffold_only,37,10,94,"credentials,ddl_privilege,destructive,windows_native",exact PKS/PKB/DDL/FMB mapping
HRSTRVLS003.fmx,RB_HRSTRVLS003_8032D,HR,plsql_specs/HRSTRVLS003.pks.sql,plsql_bodies/HRSTRVLS003.pkb.sql,forms_triggers/HRSTRVLS003.triggers.sql,scaffold_only,36,10,91,"credentials,ddl_privilege,destructive,windows_native",exact PKS/PKB/DDL/FMB mapping
HRSTRVLT001.fmx,RB_HRSTRVLT001_8E81C,HR,plsql_specs/HRSTRVLT001.pks.sql,plsql_bodies/HRSTRVLT001.pkb.sql,forms_triggers/HRSTRVLT001.triggers.sql,scaffold_only,49,10,149,"credentials,ddl_privilege,destructive,windows_native",exact PKS/PKB/DDL/FMB mapping
HRSTRVLT002.fmx,RB_HRSTRVLT002_A4F6C,HR,plsql_specs/HRSTRVLT002.pks.sql,plsql_bodies/HRSTRVLT002.pkb.sql,forms_triggers/HRSTRVLT002.triggers.sql,scaffold_only,42,10,144,"credentials,ddl_privilege,destructive,windows_native,network",exact PKS/PKB/DDL/FMB mapping
HRSTRVLT002_OLD.fmx,RB_HRSTRVLT002_OLD_A1025,HR,plsql_specs/HRSTRVLT002_OLD.pks.sql,plsql_bodies/HRSTRVLT002_OLD.pkb.sql,forms_triggers/HRSTRVLT002_OLD.triggers.sql,scaffold_only,42,10,144,"credentials,ddl_privilege,destructive,windows_native,network",exact PKS/PKB/DDL/FMB mapping
HRSTS002.fmx,RB_HRSTS002_60F02,HR,plsql_specs/HRSTS002.pks.sql,plsql_bodies/HRSTS002.pkb.sql,forms_triggers/HRSTS002.triggers.sql,scaffold_only,54,10,204,"credentials,ddl_privilege,destructive,windows_native",exact PKS/PKB/DDL/FMB mapping
HRSTS008.fmx,RB_HRSTS008_1C5F6,HR,plsql_specs/HRSTS008.pks.sql,plsql_bodies/HRSTS008.pkb.sql,forms_triggers/HRSTS008.triggers.sql,scaffold_only,48,8,139,"credentials,ddl_privilege,destructive,windows_native",exact PKS/PKB/DDL/FMB mapping
HRST_010.fmx,RB_HRST_010_FED30,HR,plsql_specs/HRST_010.pks.sql,plsql_bodies/HRST_010.pkb.sql,forms_triggers/HRST_010.triggers.sql,scaffold_only,50,8,150,"credentials,ddl_privilege,destructive,windows_native",exact PKS/PKB/DDL/FMB mapping
HRSVLNR001.fmx,RB_HRSVLNR001_60239,HR,plsql_specs/HRSVLNR001.pks.sql,plsql_bodies/HRSVLNR001.pkb.sql,forms_triggers/HRSVLNR001.triggers.sql,scaffold_only,23,3,95,"credentials,destructive",exact PKS/PKB/DDL/FMB mapping
HRSVLNR002.fmx,RB_HRSVLNR002_86FD3,HR,plsql_specs/HRSVLNR002.pks.sql,plsql_bodies/HRSVLNR002.pkb.sql,forms_triggers/HRSVLNR002.triggers.sql,scaffold_only,22,3,76,"credentials,destructive",exact PKS/PKB/DDL/FMB mapping
HRSVLNS001.fmx,RB_HRSVLNS001_D0F45,HR,plsql_specs/HRSVLNS001.pks.sql,plsql_bodies/HRSVLNS001.pkb.sql,forms_triggers/HRSVLNS001.triggers.sql,scaffold_only,35,10,90,"credentials,ddl_privilege,destructive,windows_native",exact PKS/PKB/DDL/FMB mapping
HRSVLNS002.fmx,RB_HRSVLNS002_4589A,HR,plsql_specs/HRSVLNS002.pks.sql,plsql_bodies/HRSVLNS002.pkb.sql,forms_triggers/HRSVLNS002.triggers.sql,scaffold_only,36,10,111,"credentials,ddl_privilege,destructive,windows_native",exact PKS/PKB/DDL/FMB mapping
HRSVLNS003.fmx,RB_HRSVLNS003_E13AC,HR,plsql_specs/HRSVLNS003.pks.sql,plsql_bodies/HRSVLNS003.pkb.sql,forms_triggers/HRSVLNS003.triggers.sql,scaffold_only,37,10,110,"credentials,ddl_privilege,destructive,windows_native",exact PKS/PKB/DDL/FMB mapping
HRSVLNT001.fmx,RB_HRSVLNT001_99851,HR,plsql_specs/HRSVLNT001.pks.sql,plsql_bodies/HRSVLNT001.pkb.sql,forms_triggers/HRSVLNT001.triggers.sql,scaffold_only,48,10,148,"credentials,ddl_privilege,destructive,windows_native",exact PKS/PKB/DDL/FMB mapping
HRSVLNT002.fmx,RB_HRSVLNT002_16ED7,HR,plsql_specs/HRSVLNT002.pks.sql,plsql_bodies/HRSVLNT002.pkb.sql,forms_triggers/HRSVLNT002.triggers.sql,scaffold_only,42,10,138,"credentials,ddl_privilege,destructive,windows_native",exact PKS/PKB/DDL/FMB mapping
HRSVSAR001.fmx,RB_HRSVSAR001_8A90A,HR,plsql_specs/HRSVSAR001.pks.sql,plsql_bodies/HRSVSAR001.pkb.sql,forms_triggers/HRSVSAR001.triggers.sql,scaffold_only,20,4,82,"credentials,destructive,dynamic_sql",exact PKS/PKB/DDL/FMB mapping
HRSVSAR002.fmx,RB_HRSVSAR002_F84D9,HR,plsql_specs/HRSVSAR002.pks.sql,plsql_bodies/HRSVSAR002.pkb.sql,forms_triggers/HRSVSAR002.triggers.sql,scaffold_only,21,3,82,"credentials,destructive",exact PKS/PKB/DDL/FMB mapping
HRSVSAS001.fmx,RB_HRSVSAS001_AF94C,HR,plsql_specs/HRSVSAS001.pks.sql,plsql_bodies/HRSVSAS001.pkb.sql,forms_triggers/HRSVSAS001.triggers.sql,scaffold_only,36,11,94,"credentials,ddl_privilege,destructive,dynamic_sql,windows_native",exact PKS/PKB/DDL/FMB mapping
HRSVSAS002.fmx,RB_HRSVSAS002_5AEBE,HR,plsql_specs/HRSVSAS002.pks.sql,plsql_bodies/HRSVSAS002.pkb.sql,forms_triggers/HRSVSAS002.triggers.sql,scaffold_only,37,11,93,"credentials,ddl_privilege,destructive,dynamic_sql,windows_native",exact PKS/PKB/DDL/FMB mapping
HRSVSAT001.fmx,RB_HRSVSAT001_391B0,HR,plsql_specs/HRSVSAT001.pks.sql,plsql_bodies/HRSVSAT001.pkb.sql,forms_triggers/HRSVSAT001.triggers.sql,scaffold_only,41,11,119,"credentials,ddl_privilege,destructive,dynamic_sql,windows_native",exact PKS/PKB/DDL/FMB mapping
HRSVSAT002.fmx,RB_HRSVSAT002_9FC75,HR,plsql_specs/HRSVSAT002.pks.sql,plsql_bodies/HRSVSAT002.pkb.sql,forms_triggers/HRSVSAT002.triggers.sql,scaffold_only,45,11,132,"credentials,ddl_privilege,destructive,dynamic_sql,windows_native",exact PKS/PKB/DDL/FMB mapping
HRSVSAT003.fmx,RB_HRSVSAT003_0CE0F,HR,plsql_specs/HRSVSAT003.pks.sql,plsql_bodies/HRSVSAT003.pkb.sql,forms_triggers/HRSVSAT003.triggers.sql,scaffold_only,43,11,127,"credentials,ddl_privilege,destructive,dynamic_sql,windows_native",exact PKS/PKB/DDL/FMB mapping
HRS_IMPXLS_LOAN.fmx,RB_HRS_IMPXLS_LOAN_995F1,HR,plsql_specs/HRS_IMPXLS_LOAN.pks.sql,plsql_bodies/HRS_IMPXLS_LOAN.pkb.sql,forms_triggers/HRS_IMPXLS_LOAN.triggers.sql,scaffold_only,36,8,72,"credentials,ddl_privilege,destructive,windows_native",exact PKS/PKB/DDL/FMB mapping
HRS_RPRT_EMP.fmx,RB_HRS_RPRT_EMP_1C0B3,HR,plsql_specs/HRS_RPRT_EMP.pks.sql,plsql_bodies/HRS_RPRT_EMP.pkb.sql,forms_triggers/HRS_RPRT_EMP.triggers.sql,scaffold_only,35,8,150,"credentials,ddl_privilege,destructive,windows_native",exact PKS/PKB/DDL/FMB mapping
IASAPT004.fmx,RB_IASAPT004_76129,other,plsql_specs/IASAPT004.pks.sql,plsql_bodies/IASAPT004.pkb.sql,forms_triggers/IASAPT004.triggers.sql,scaffold_only,37,1,284,"ddl_privilege,destructive,dynamic_sql,windows_native",exact PKS/PKB/DDL/FMB mapping
IBSI001.fmx,RB_IBSI001_59D94,other-finance/operations,plsql_specs/IBSI001.pks.sql,plsql_bodies/IBSI001.pkb.sql,forms_triggers/IBSI001.triggers.sql,scaffold_only,35,8,96,"credentials,ddl_privilege,destructive,windows_native",exact PKS/PKB/DDL/FMB mapping
IBSI002.fmx,RB_IBSI002_E49F8,other-finance/operations,plsql_specs/IBSI002.pks.sql,plsql_bodies/IBSI002.pkb.sql,forms_triggers/IBSI002.triggers.sql,scaffold_only,34,8,71,"credentials,ddl_privilege,destructive,windows_native",exact PKS/PKB/DDL/FMB mapping
IBSI003.fmx,RB_IBSI003_87EAD,other-finance/operations,plsql_specs/IBSI003.pks.sql,plsql_bodies/IBSI003.pkb.sql,forms_triggers/IBSI003.triggers.sql,scaffold_only,35,8,87,"credentials,ddl_privilege,destructive,windows_native",exact PKS/PKB/DDL/FMB mapping
IBSR001.fmx,RB_IBSR001_C58F9,other-finance/operations,plsql_specs/IBSR001.pks.sql,plsql_bodies/IBSR001.pkb.sql,forms_triggers/IBSR001.triggers.sql,scaffold_only,18,3,81,"credentials,ddl_privilege,destructive",exact PKS/PKB/DDL/FMB mapping
IBSR002.fmx,RB_IBSR002_8F3AB,other-finance/operations,plsql_specs/IBSR002.pks.sql,plsql_bodies/IBSR002.pkb.sql,forms_triggers/IBSR002.triggers.sql,scaffold_only,18,3,80,"credentials,ddl_privilege,destructive",exact PKS/PKB/DDL/FMB mapping
IBSR003.fmx,RB_IBSR003_ECF7A,other-finance/operations,plsql_specs/IBSR003.pks.sql,plsql_bodies/IBSR003.pkb.sql,forms_triggers/IBSR003.triggers.sql,scaffold_only,18,3,81,"credentials,ddl_privilege,destructive",exact PKS/PKB/DDL/FMB mapping
IBSR004.fmx,RB_IBSR004_3D280,other-finance/operations,plsql_specs/IBSR004.pks.sql,plsql_bodies/IBSR004.pkb.sql,forms_triggers/IBSR004.triggers.sql,scaffold_only,18,3,80,"credentials,ddl_privilege,destructive",exact PKS/PKB/DDL/FMB mapping
IBSR005.fmx,RB_IBSR005_774FA,other-finance/operations,plsql_specs/IBSR005.pks.sql,plsql_bodies/IBSR005.pkb.sql,forms_triggers/IBSR005.triggers.sql,scaffold_only,18,3,80,"credentials,ddl_privilege,destructive",exact PKS/PKB/DDL/FMB mapping
IBSR006.fmx,RB_IBSR006_BCBE7,other-finance/operations,plsql_specs/IBSR006.pks.sql,plsql_bodies/IBSR006.pkb.sql,forms_triggers/IBSR006.triggers.sql,scaffold_only,18,3,80,"credentials,ddl_privilege,destructive",exact PKS/PKB/DDL/FMB mapping
IBSR007.fmx,RB_IBSR007_0F23B,other-finance/operations,plsql_specs/IBSR007.pks.sql,plsql_bodies/IBSR007.pkb.sql,forms_triggers/IBSR007.triggers.sql,scaffold_only,18,3,80,"credentials,ddl_privilege,destructive",exact PKS/PKB/DDL/FMB mapping
IBSR008.fmx,RB_IBSR008_D7A03,other-finance/operations,plsql_specs/IBSR008.pks.sql,plsql_bodies/IBSR008.pkb.sql,forms_triggers/IBSR008.triggers.sql,scaffold_only,18,3,80,"credentials,ddl_privilege,destructive",exact PKS/PKB/DDL/FMB mapping
IBSR009.fmx,RB_IBSR009_2E8A0,other-finance/operations,plsql_specs/IBSR009.pks.sql,plsql_bodies/IBSR009.pkb.sql,forms_triggers/IBSR009.triggers.sql,scaffold_only,18,3,80,"credentials,ddl_privilege,destructive",exact PKS/PKB/DDL/FMB mapping
IBSS001.fmx,RB_IBSS001_A39E9,other-finance/operations,plsql_specs/IBSS001.pks.sql,plsql_bodies/IBSS001.pkb.sql,forms_triggers/IBSS001.triggers.sql,scaffold_only,34,8,90,"credentials,ddl_privilege,destructive,windows_native",exact PKS/PKB/DDL/FMB mapping
IBST001.fmx,RB_IBST001_B0702,other-finance/operations,plsql_specs/IBST001.pks.sql,plsql_bodies/IBST001.pkb.sql,forms_triggers/IBST001.triggers.sql,scaffold_only,35,10,109,"credentials,ddl_privilege,destructive,windows_native",exact PKS/PKB/DDL/FMB mapping
IBS_INSTAL.fmx,RB_IBS_INSTAL_DAED9,other-finance/operations,plsql_specs/IBS_INSTAL.pks.sql,plsql_bodies/IBS_INSTAL.pkb.sql,forms_triggers/IBS_INSTAL.triggers.sql,scaffold_only,44,8,88,"credentials,ddl_privilege,destructive,dynamic_sql,windows_native",exact PKS/PKB/DDL/FMB mapping
IMPOUT001.fmx,RB_IMPOUT001_F1DB3,other,plsql_specs/IMPOUT001.pks.sql,plsql_bodies/IMPOUT001.pkb.sql,forms_triggers/IMPOUT001.triggers.sql,scaffold_only,9,4,112,"destructive,dynamic_sql,windows_native",exact PKS/PKB/DDL/FMB mapping
INVI001.fmx,RB_INVI001_753D4,inventory/stock,plsql_specs/INVI001.pks.sql,plsql_bodies/INVI001.pkb.sql,forms_triggers/INVI001.triggers.sql,scaffold_only,30,10,67,"credentials,ddl_privilege,destructive,dynamic_sql,windows_native",exact PKS/PKB/DDL/FMB mapping
INVI002.fmx,RB_INVI002_98D41,inventory/stock,plsql_specs/INVI002.pks.sql,plsql_bodies/INVI002.pkb.sql,forms_triggers/INVI002.triggers.sql,scaffold_only,31,8,83,"credentials,ddl_privilege,destructive,dynamic_sql,windows_native",exact PKS/PKB/DDL/FMB mapping
INVI003.fmx,RB_INVI003_0230B,inventory/stock,plsql_specs/INVI003.pks.sql,plsql_bodies/INVI003.pkb.sql,forms_triggers/INVI003.triggers.sql,scaffold_only,31,8,94,"credentials,ddl_privilege,destructive,dynamic_sql,windows_native",exact PKS/PKB/DDL/FMB mapping
INVI004.fmx,RB_INVI004_78C57,inventory/stock,plsql_specs/INVI004.pks.sql,plsql_bodies/INVI004.pkb.sql,forms_triggers/INVI004.triggers.sql,scaffold_only,31,8,58,"credentials,ddl_privilege,destructive,windows_native",exact PKS/PKB/DDL/FMB mapping
INVI005.fmx,RB_INVI005_05827,inventory/stock,plsql_specs/INVI005.pks.sql,plsql_bodies/INVI005.pkb.sql,forms_triggers/INVI005.triggers.sql,scaffold_only,31,8,83,"credentials,ddl_privilege,destructive,dynamic_sql,windows_native",exact PKS/PKB/DDL/FMB mapping
INVI006.fmx,RB_INVI006_76CF6,inventory/stock,plsql_specs/INVI006.pks.sql,plsql_bodies/INVI006.pkb.sql,forms_triggers/INVI006.triggers.sql,scaffold_only,33,8,99,"credentials,ddl_privilege,destructive,dynamic_sql,windows_native",exact PKS/PKB/DDL/FMB mapping
INVI007.fmx,RB_INVI007_6DA61,inventory/stock,plsql_specs/INVI007.pks.sql,plsql_bodies/INVI007.pkb.sql,forms_triggers/INVI007.triggers.sql,scaffold_only,32,8,60,"credentials,ddl_privilege,destructive,windows_native",exact PKS/PKB/DDL/FMB mapping
INVI008.fmx,RB_INVI008_90B50,inventory/stock,plsql_specs/INVI008.pks.sql,plsql_bodies/INVI008.pkb.sql,forms_triggers/INVI008.triggers.sql,scaffold_only,45,12,405,"credentials,ddl_privilege,destructive,dynamic_sql,windows_native",exact PKS/PKB/DDL/FMB mapping
INVI009.fmx,RB_INVI009_C2E8F,inventory/stock,plsql_specs/INVI009.pks.sql,plsql_bodies/INVI009.pkb.sql,forms_triggers/INVI009.triggers.sql,scaffold_only,32,8,101,"credentials,ddl_privilege,destructive,windows_native",exact PKS/PKB/DDL/FMB mapping
INVI010.fmx,RB_INVI010_71A9D,inventory/stock,plsql_specs/INVI010.pks.sql,plsql_bodies/INVI010.pkb.sql,forms_triggers/INVI010.triggers.sql,scaffold_only,38,8,235,"credentials,ddl_privilege,destructive,dynamic_sql,windows_native",exact PKS/PKB/DDL/FMB mapping
INVI011.fmx,RB_INVI011_BE1F4,inventory/stock,plsql_specs/INVI011.pks.sql,plsql_bodies/INVI011.pkb.sql,forms_triggers/INVI011.triggers.sql,scaffold_only,51,10,240,"credentials,ddl_privilege,destructive,dynamic_sql,windows_native",exact PKS/PKB/DDL/FMB mapping
INVI012.fmx,RB_INVI012_8FDEF,inventory/stock,plsql_specs/INVI012.pks.sql,plsql_bodies/INVI012.pkb.sql,forms_triggers/INVI012.triggers.sql,scaffold_only,32,8,84,"credentials,ddl_privilege,destructive,windows_native",exact PKS/PKB/DDL/FMB mapping
INVI013.fmx,RB_INVI013_D2621,inventory/stock,plsql_specs/INVI013.pks.sql,plsql_bodies/INVI013.pkb.sql,forms_triggers/INVI013.triggers.sql,scaffold_only,32,8,85,"credentials,ddl_privilege,destructive,dynamic_sql,windows_native",exact PKS/PKB/DDL/FMB mapping
INVI014.fmx,RB_INVI014_A038B,inventory/stock,plsql_specs/INVI014.pks.sql,plsql_bodies/INVI014.pkb.sql,forms_triggers/INVI014.triggers.sql,scaffold_only,33,8,113,"credentials,ddl_privilege,destructive,windows_native",exact PKS/PKB/DDL/FMB mapping
INVI015.fmx,RB_INVI015_97578,inventory/stock,plsql_specs/INVI015.pks.sql,plsql_bodies/INVI015.pkb.sql,forms_triggers/INVI015.triggers.sql,scaffold_only,32,8,98,"credentials,ddl_privilege,destructive,dynamic_sql,windows_native",exact PKS/PKB/DDL/FMB mapping
INVI016.fmx,RB_INVI016_D8624,inventory/stock,plsql_specs/INVI016.pks.sql,plsql_bodies/INVI016.pkb.sql,forms_triggers/INVI016.triggers.sql,scaffold_only,33,8,97,"credentials,ddl_privilege,destructive,dynamic_sql,windows_native",exact PKS/PKB/DDL/FMB mapping
INVI018.fmx,RB_INVI018_421F9,inventory/stock,plsql_specs/INVI018.pks.sql,plsql_bodies/INVI018.pkb.sql,forms_triggers/INVI018.triggers.sql,scaffold_only,35,13,87,"credentials,ddl_privilege,destructive,dynamic_sql,windows_native",exact PKS/PKB/DDL/FMB mapping
INVI019.fmx,RB_INVI019_73069,inventory/stock,plsql_specs/INVI019.pks.sql,plsql_bodies/INVI019.pkb.sql,forms_triggers/INVI019.triggers.sql,scaffold_only,35,8,110,"credentials,ddl_privilege,destructive,windows_native",exact PKS/PKB/DDL/FMB mapping
INVI020.fmx,RB_INVI020_7C3BA,inventory/stock,plsql_specs/INVI020.pks.sql,plsql_bodies/INVI020.pkb.sql,forms_triggers/INVI020.triggers.sql,scaffold_only,33,9,69,"credentials,ddl_privilege,destructive,dynamic_sql,windows_native",exact PKS/PKB/DDL/FMB mapping
INVI021.fmx,RB_INVI021_4B17D,inventory/stock,plsql_specs/INVI021.pks.sql,plsql_bodies/INVI021.pkb.sql,forms_triggers/INVI021.triggers.sql,scaffold_only,39,8,129,"credentials,ddl_privilege,destructive,windows_native",exact PKS/PKB/DDL/FMB mapping
INVI022.fmx,RB_INVI022_103F2,inventory/stock,plsql_specs/INVI022.pks.sql,plsql_bodies/INVI022.pkb.sql,forms_triggers/INVI022.triggers.sql,scaffold_only,41,8,132,"credentials,ddl_privilege,destructive,windows_native",exact PKS/PKB/DDL/FMB mapping
INVI023.fmx,RB_INVI023_ED305,inventory/stock,plsql_specs/INVI023.pks.sql,plsql_bodies/INVI023.pkb.sql,forms_triggers/INVI023.triggers.sql,scaffold_only,38,10,197,"credentials,ddl_privilege,destructive,dynamic_sql,windows_native",exact PKS/PKB/DDL/FMB mapping
INVR001.fmx,RB_INVR001_67CEA,inventory/stock,plsql_specs/INVR001.pks.sql,plsql_bodies/INVR001.pkb.sql,forms_triggers/INVR001.triggers.sql,scaffold_only,15,3,72,"credentials,destructive",exact PKS/PKB/DDL/FMB mapping
INVR002.fmx,RB_INVR002_DF98A,inventory/stock,plsql_specs/INVR002.pks.sql,plsql_bodies/INVR002.pkb.sql,forms_triggers/INVR002.triggers.sql,scaffold_only,18,3,119,"credentials,destructive,windows_native",exact PKS/PKB/DDL/FMB mapping
INVR003.fmx,RB_INVR003_F3344,inventory/stock,plsql_specs/INVR003.pks.sql,plsql_bodies/INVR003.pkb.sql,forms_triggers/INVR003.triggers.sql,scaffold_only,15,3,82,"credentials,destructive,windows_native",exact PKS/PKB/DDL/FMB mapping
INVR004.fmx,RB_INVR004_CD5EF,inventory/stock,plsql_specs/INVR004.pks.sql,plsql_bodies/INVR004.pkb.sql,forms_triggers/INVR004.triggers.sql,scaffold_only,15,3,99,"credentials,destructive",exact PKS/PKB/DDL/FMB mapping
INVR005.fmx,RB_INVR005_83A2A,inventory/stock,plsql_specs/INVR005.pks.sql,plsql_bodies/INVR005.pkb.sql,forms_triggers/INVR005.triggers.sql,scaffold_only,15,3,85,"credentials,destructive",exact PKS/PKB/DDL/FMB mapping
INVR006.fmx,RB_INVR006_7E341,inventory/stock,plsql_specs/INVR006.pks.sql,plsql_bodies/INVR006.pkb.sql,forms_triggers/INVR006.triggers.sql,scaffold_only,15,3,106,"credentials,destructive,windows_native",exact PKS/PKB/DDL/FMB mapping
INVR007.fmx,RB_INVR007_92190,inventory/stock,plsql_specs/INVR007.pks.sql,plsql_bodies/INVR007.pkb.sql,forms_triggers/INVR007.triggers.sql,scaffold_only,15,3,98,"credentials,destructive,windows_native",exact PKS/PKB/DDL/FMB mapping
INVR008.fmx,RB_INVR008_90D22,inventory/stock,plsql_specs/INVR008.pks.sql,plsql_bodies/INVR008.pkb.sql,forms_triggers/INVR008.triggers.sql,scaffold_only,15,3,104,"credentials,destructive,windows_native",exact PKS/PKB/DDL/FMB mapping
INVR009.fmx,RB_INVR009_FD1D8,inventory/stock,plsql_specs/INVR009.pks.sql,plsql_bodies/INVR009.pkb.sql,forms_triggers/INVR009.triggers.sql,scaffold_only,16,3,124,"credentials,destructive,windows_native",exact PKS/PKB/DDL/FMB mapping
INVR010.fmx,RB_INVR010_57C69,inventory/stock,plsql_specs/INVR010.pks.sql,plsql_bodies/INVR010.pkb.sql,forms_triggers/INVR010.triggers.sql,scaffold_only,16,3,109,"credentials,destructive,windows_native",exact PKS/PKB/DDL/FMB mapping
INVR011.fmx,RB_INVR011_50844,inventory/stock,plsql_specs/INVR011.pks.sql,plsql_bodies/INVR011.pkb.sql,forms_triggers/INVR011.triggers.sql,scaffold_only,21,3,192,"credentials,ddl_privilege,destructive,dynamic_sql,windows_native",exact PKS/PKB/DDL/FMB mapping
INVR012.fmx,RB_INVR012_C01DF,inventory/stock,plsql_specs/INVR012.pks.sql,plsql_bodies/INVR012.pkb.sql,forms_triggers/INVR012.triggers.sql,scaffold_only,18,3,167,"credentials,ddl_privilege,destructive,windows_native",exact PKS/PKB/DDL/FMB mapping
INVR013.fmx,RB_INVR013_C14EB,inventory/stock,plsql_specs/INVR013.pks.sql,plsql_bodies/INVR013.pkb.sql,forms_triggers/INVR013.triggers.sql,scaffold_only,17,3,104,"credentials,ddl_privilege,destructive,dynamic_sql,windows_native",exact PKS/PKB/DDL/FMB mapping
INVR014.fmx,RB_INVR014_308A7,inventory/stock,plsql_specs/INVR014.pks.sql,plsql_bodies/INVR014.pkb.sql,forms_triggers/INVR014.triggers.sql,scaffold_only,15,3,83,"credentials,destructive,windows_native",exact PKS/PKB/DDL/FMB mapping
INVR015.fmx,RB_INVR015_A960B,inventory/stock,plsql_specs/INVR015.pks.sql,plsql_bodies/INVR015.pkb.sql,forms_triggers/INVR015.triggers.sql,scaffold_only,16,4,133,"credentials,ddl_privilege,destructive,windows_native",exact PKS/PKB/DDL/FMB mapping
INVR016.fmx,RB_INVR016_85FF5,inventory/stock,plsql_specs/INVR016.pks.sql,plsql_bodies/INVR016.pkb.sql,forms_triggers/INVR016.triggers.sql,scaffold_only,15,3,66,"credentials,destructive",exact PKS/PKB/DDL/FMB mapping
INVR017.fmx,RB_INVR017_F2BA8,inventory/stock,plsql_specs/INVR017.pks.sql,plsql_bodies/INVR017.pkb.sql,forms_triggers/INVR017.triggers.sql,scaffold_only,15,3,66,"credentials,destructive",exact PKS/PKB/DDL/FMB mapping
INVR018.fmx,RB_INVR018_2A481,inventory/stock,plsql_specs/INVR018.pks.sql,plsql_bodies/INVR018.pkb.sql,forms_triggers/INVR018.triggers.sql,scaffold_only,15,3,71,"credentials,destructive,windows_native",exact PKS/PKB/DDL/FMB mapping
INVR019.fmx,RB_INVR019_FF574,inventory/stock,plsql_specs/INVR019.pks.sql,plsql_bodies/INVR019.pkb.sql,forms_triggers/INVR019.triggers.sql,scaffold_only,14,3,55,"credentials,destructive",exact PKS/PKB/DDL/FMB mapping
INVR020.fmx,RB_INVR020_103CD,inventory/stock,plsql_specs/INVR020.pks.sql,plsql_bodies/INVR020.pkb.sql,forms_triggers/INVR020.triggers.sql,scaffold_only,15,3,82,"credentials,destructive",exact PKS/PKB/DDL/FMB mapping
INVR021.fmx,RB_INVR021_12FF1,inventory/stock,plsql_specs/INVR021.pks.sql,plsql_bodies/INVR021.pkb.sql,forms_triggers/INVR021.triggers.sql,scaffold_only,15,3,99,"credentials,destructive,windows_native",exact PKS/PKB/DDL/FMB mapping
INVR023.fmx,RB_INVR023_807FB,inventory/stock,plsql_specs/INVR023.pks.sql,plsql_bodies/INVR023.pkb.sql,forms_triggers/INVR023.triggers.sql,scaffold_only,15,3,69,"credentials,destructive",exact PKS/PKB/DDL/FMB mapping
INVR024.fmx,RB_INVR024_0E80B,inventory/stock,plsql_specs/INVR024.pks.sql,plsql_bodies/INVR024.pkb.sql,forms_triggers/INVR024.triggers.sql,scaffold_only,15,3,69,"credentials,destructive",exact PKS/PKB/DDL/FMB mapping
INVR025.fmx,RB_INVR025_A6F06,inventory/stock,plsql_specs/INVR025.pks.sql,plsql_bodies/INVR025.pkb.sql,forms_triggers/INVR025.triggers.sql,scaffold_only,15,3,91,"credentials,destructive",exact PKS/PKB/DDL/FMB mapping
INVR026.fmx,RB_INVR026_374C0,inventory/stock,plsql_specs/INVR026.pks.sql,plsql_bodies/INVR026.pkb.sql,forms_triggers/INVR026.triggers.sql,scaffold_only,16,3,120,"credentials,destructive,windows_native",exact PKS/PKB/DDL/FMB mapping
INVR027.fmx,RB_INVR027_4883A,inventory/stock,plsql_specs/INVR027.pks.sql,plsql_bodies/INVR027.pkb.sql,forms_triggers/INVR027.triggers.sql,scaffold_only,21,3,100,"credentials,ddl_privilege,destructive,windows_native",exact PKS/PKB/DDL/FMB mapping
INVR028.fmx,RB_INVR028_C3E1F,inventory/stock,plsql_specs/INVR028.pks.sql,plsql_bodies/INVR028.pkb.sql,forms_triggers/INVR028.triggers.sql,scaffold_only,16,3,101,"credentials,ddl_privilege,destructive,windows_native",exact PKS/PKB/DDL/FMB mapping
INVR029.fmx,RB_INVR029_F62FC,inventory/stock,plsql_specs/INVR029.pks.sql,plsql_bodies/INVR029.pkb.sql,forms_triggers/INVR029.triggers.sql,scaffold_only,15,3,82,"credentials,destructive",exact PKS/PKB/DDL/FMB mapping
INVR030.fmx,RB_INVR030_335D1,inventory/stock,plsql_specs/INVR030.pks.sql,plsql_bodies/INVR030.pkb.sql,forms_triggers/INVR030.triggers.sql,scaffold_only,26,8,169,"credentials,ddl_privilege,destructive,dynamic_sql,windows_native,network",exact PKS/PKB/DDL/FMB mapping
INVR031.fmx,RB_INVR031_629BF,inventory/stock,plsql_specs/INVR031.pks.sql,plsql_bodies/INVR031.pkb.sql,forms_triggers/INVR031.triggers.sql,scaffold_only,29,3,239,"credentials,destructive,dynamic_sql,windows_native",exact PKS/PKB/DDL/FMB mapping
INVR032.fmx,RB_INVR032_AF239,inventory/stock,plsql_specs/INVR032.pks.sql,plsql_bodies/INVR032.pkb.sql,forms_triggers/INVR032.triggers.sql,scaffold_only,15,3,88,"credentials,destructive,windows_native",exact PKS/PKB/DDL/FMB mapping
INVR033.fmx,RB_INVR033_DFF65,inventory/stock,plsql_specs/INVR033.pks.sql,plsql_bodies/INVR033.pkb.sql,forms_triggers/INVR033.triggers.sql,scaffold_only,15,3,56,"credentials,destructive",exact PKS/PKB/DDL/FMB mapping
INVS001.fmx,RB_INVS001_E0B2F,inventory/stock,plsql_specs/INVS001.pks.sql,plsql_bodies/INVS001.pkb.sql,forms_triggers/INVS001.triggers.sql,scaffold_only,40,10,220,"credentials,ddl_privilege,destructive,dynamic_sql,windows_native",exact PKS/PKB/DDL/FMB mapping
INVS002.fmx,RB_INVS002_0A9C3,inventory/stock,plsql_specs/INVS002.pks.sql,plsql_bodies/INVS002.pkb.sql,forms_triggers/INVS002.triggers.sql,scaffold_only,33,8,63,"credentials,ddl_privilege,destructive,dynamic_sql,windows_native",exact PKS/PKB/DDL/FMB mapping
INVS003.fmx,RB_INVS003_A4BD5,inventory/stock,plsql_specs/INVS003.pks.sql,plsql_bodies/INVS003.pkb.sql,forms_triggers/INVS003.triggers.sql,scaffold_only,33,8,87,"credentials,ddl_privilege,destructive,dynamic_sql,windows_native",exact PKS/PKB/DDL/FMB mapping
INVS004.fmx,RB_INVS004_4736F,inventory/stock,plsql_specs/INVS004.pks.sql,plsql_bodies/INVS004.pkb.sql,forms_triggers/INVS004.triggers.sql,scaffold_only,34,8,70,"credentials,ddl_privilege,destructive,dynamic_sql,windows_native",exact PKS/PKB/DDL/FMB mapping
INVS005.fmx,RB_INVS005_15D74,inventory/stock,plsql_specs/INVS005.pks.sql,plsql_bodies/INVS005.pkb.sql,forms_triggers/INVS005.triggers.sql,scaffold_only,33,8,60,"credentials,ddl_privilege,destructive,dynamic_sql,windows_native",exact PKS/PKB/DDL/FMB mapping
INVS006.fmx,RB_INVS006_A83F4,inventory/stock,plsql_specs/INVS006.pks.sql,plsql_bodies/INVS006.pkb.sql,forms_triggers/INVS006.triggers.sql,scaffold_only,33,8,62,"credentials,ddl_privilege,destructive,dynamic_sql,windows_native",exact PKS/PKB/DDL/FMB mapping
INVS007.fmx,RB_INVS007_478DC,inventory/stock,plsql_specs/INVS007.pks.sql,plsql_bodies/INVS007.pkb.sql,forms_triggers/INVS007.triggers.sql,scaffold_only,33,8,61,"credentials,ddl_privilege,destructive,dynamic_sql,windows_native",exact PKS/PKB/DDL/FMB mapping
INVS008.fmx,RB_INVS008_8B60A,inventory/stock,plsql_specs/INVS008.pks.sql,plsql_bodies/INVS008.pkb.sql,forms_triggers/INVS008.triggers.sql,scaffold_only,33,8,58,"credentials,ddl_privilege,destructive,dynamic_sql,windows_native",exact PKS/PKB/DDL/FMB mapping
INVS009.fmx,RB_INVS009_D37D6,inventory/stock,plsql_specs/INVS009.pks.sql,plsql_bodies/INVS009.pkb.sql,forms_triggers/INVS009.triggers.sql,scaffold_only,36,8,81,"credentials,ddl_privilege,destructive,dynamic_sql,windows_native",exact PKS/PKB/DDL/FMB mapping
INVS010.fmx,RB_INVS010_6EFDD,inventory/stock,plsql_specs/INVS010.pks.sql,plsql_bodies/INVS010.pkb.sql,forms_triggers/INVS010.triggers.sql,scaffold_only,33,8,63,"credentials,ddl_privilege,destructive,dynamic_sql,windows_native",exact PKS/PKB/DDL/FMB mapping
INVS011.fmx,RB_INVS011_19256,inventory/stock,plsql_specs/INVS011.pks.sql,plsql_bodies/INVS011.pkb.sql,forms_triggers/INVS011.triggers.sql,scaffold_only,33,8,64,"credentials,ddl_privilege,destructive,dynamic_sql,windows_native",exact PKS/PKB/DDL/FMB mapping
INVS012.fmx,RB_INVS012_029BD,inventory/stock,plsql_specs/INVS012.pks.sql,plsql_bodies/INVS012.pkb.sql,forms_triggers/INVS012.triggers.sql,scaffold_only,37,8,86,"credentials,ddl_privilege,destructive,dynamic_sql,windows_native",exact PKS/PKB/DDL/FMB mapping
INVS013.fmx,RB_INVS013_FE165,inventory/stock,plsql_specs/INVS013.pks.sql,plsql_bodies/INVS013.pkb.sql,forms_triggers/INVS013.triggers.sql,scaffold_only,33,8,73,"credentials,ddl_privilege,destructive,dynamic_sql,windows_native",exact PKS/PKB/DDL/FMB mapping
INVS014.fmx,RB_INVS014_F0EA0,inventory/stock,plsql_specs/INVS014.pks.sql,plsql_bodies/INVS014.pkb.sql,forms_triggers/INVS014.triggers.sql,scaffold_only,32,8,50,"credentials,ddl_privilege,destructive,windows_native",exact PKS/PKB/DDL/FMB mapping
INVS015.fmx,RB_INVS015_A1482,inventory/stock,plsql_specs/INVS015.pks.sql,plsql_bodies/INVS015.pkb.sql,forms_triggers/INVS015.triggers.sql,scaffold_only,35,8,74,"credentials,ddl_privilege,destructive,dynamic_sql,windows_native",exact PKS/PKB/DDL/FMB mapping
INVS016.fmx,RB_INVS016_1A823,inventory/stock,plsql_specs/INVS016.pks.sql,plsql_bodies/INVS016.pkb.sql,forms_triggers/INVS016.triggers.sql,scaffold_only,9,0,55,"destructive,dynamic_sql",exact PKS/PKB/DDL/FMB mapping
INVS017.fmx,RB_INVS017_BD1FE,inventory/stock,plsql_specs/INVS017.pks.sql,plsql_bodies/INVS017.pkb.sql,forms_triggers/INVS017.triggers.sql,scaffold_only,33,8,71,"credentials,ddl_privilege,destructive,dynamic_sql,windows_native",exact PKS/PKB/DDL/FMB mapping
INVS018.fmx,RB_INVS018_32776,inventory/stock,plsql_specs/INVS018.pks.sql,plsql_bodies/INVS018.pkb.sql,forms_triggers/INVS018.triggers.sql,scaffold_only,33,8,59,"credentials,ddl_privilege,destructive,dynamic_sql,windows_native",exact PKS/PKB/DDL/FMB mapping
INVS020.fmx,RB_INVS020_67573,inventory/stock,plsql_specs/INVS020.pks.sql,plsql_bodies/INVS020.pkb.sql,forms_triggers/INVS020.triggers.sql,scaffold_only,33,8,64,"credentials,ddl_privilege,destructive,windows_native",exact PKS/PKB/DDL/FMB mapping
INVS021.fmx,RB_INVS021_378A7,inventory/stock,plsql_specs/INVS021.pks.sql,plsql_bodies/INVS021.pkb.sql,forms_triggers/INVS021.triggers.sql,scaffold_only,33,8,60,"credentials,ddl_privilege,destructive,dynamic_sql,windows_native",exact PKS/PKB/DDL/FMB mapping
INVT001.fmx,RB_INVT001_ABE5A,inventory/stock,plsql_specs/INVT001.pks.sql,plsql_bodies/INVT001.pkb.sql,forms_triggers/INVT001.triggers.sql,scaffold_only,53,9,357,"credentials,ddl_privilege,destructive,dynamic_sql,windows_native",exact PKS/PKB/DDL/FMB mapping
INVT002.fmx,RB_INVT002_E35B9,inventory/stock,plsql_specs/INVT002.pks.sql,plsql_bodies/INVT002.pkb.sql,forms_triggers/INVT002.triggers.sql,scaffold_only,54,8,270,"credentials,ddl_privilege,destructive,dynamic_sql,windows_native",exact PKS/PKB/DDL/FMB mapping
INVT003.fmx,RB_INVT003_F997C,inventory/stock,plsql_specs/INVT003.pks.sql,plsql_bodies/INVT003.pkb.sql,forms_triggers/INVT003.triggers.sql,scaffold_only,80,9,513,"credentials,ddl_privilege,destructive,dynamic_sql,windows_native",exact PKS/PKB/DDL/FMB mapping
INVT004.fmx,RB_INVT004_5BB42,inventory/stock,plsql_specs/INVT004.pks.sql,plsql_bodies/INVT004.pkb.sql,forms_triggers/INVT004.triggers.sql,scaffold_only,77,10,504,"credentials,ddl_privilege,destructive,dynamic_sql,windows_native",exact PKS/PKB/DDL/FMB mapping
INVT005.fmx,RB_INVT005_73CD4,inventory/stock,plsql_specs/INVT005.pks.sql,plsql_bodies/INVT005.pkb.sql,forms_triggers/INVT005.triggers.sql,scaffold_only,72,12,479,"credentials,ddl_privilege,destructive,dynamic_sql,windows_native",exact PKS/PKB/DDL/FMB mapping
INVT006.fmx,RB_INVT006_CA61C,inventory/stock,plsql_specs/INVT006.pks.sql,plsql_bodies/INVT006.pkb.sql,forms_triggers/INVT006.triggers.sql,scaffold_only,71,13,440,"credentials,ddl_privilege,destructive,dynamic_sql,windows_native,network",exact PKS/PKB/DDL/FMB mapping
INVT007.fmx,RB_INVT007_8C934,inventory/stock,plsql_specs/INVT007.pks.sql,plsql_bodies/INVT007.pkb.sql,forms_triggers/INVT007.triggers.sql,scaffold_only,65,10,398,"credentials,ddl_privilege,destructive,dynamic_sql,windows_native",exact PKS/PKB/DDL/FMB mapping
INVT008.fmx,RB_INVT008_57535,inventory/stock,plsql_specs/INVT008.pks.sql,plsql_bodies/INVT008.pkb.sql,forms_triggers/INVT008.triggers.sql,scaffold_only,54,8,311,"credentials,ddl_privilege,destructive,dynamic_sql,windows_native",exact PKS/PKB/DDL/FMB mapping
INVT009.fmx,RB_INVT009_B4813,inventory/stock,plsql_specs/INVT009.pks.sql,plsql_bodies/INVT009.pkb.sql,forms_triggers/INVT009.triggers.sql,scaffold_only,39,8,115,"credentials,ddl_privilege,destructive,windows_native",exact PKS/PKB/DDL/FMB mapping
INVT010.fmx,RB_INVT010_B8E28,inventory/stock,plsql_specs/INVT010.pks.sql,plsql_bodies/INVT010.pkb.sql,forms_triggers/INVT010.triggers.sql,scaffold_only,39,8,128,"credentials,ddl_privilege,destructive,windows_native",exact PKS/PKB/DDL/FMB mapping
INVT011.fmx,RB_INVT011_8EFB8,inventory/stock,plsql_specs/INVT011.pks.sql,plsql_bodies/INVT011.pkb.sql,forms_triggers/INVT011.triggers.sql,scaffold_only,52,9,215,"credentials,destructive,windows_native",exact PKS/PKB/DDL/FMB mapping
INVT012.fmx,RB_INVT012_B14C5,inventory/stock,plsql_specs/INVT012.pks.sql,plsql_bodies/INVT012.pkb.sql,forms_triggers/INVT012.triggers.sql,scaffold_only,45,10,180,"credentials,destructive,windows_native",exact PKS/PKB/DDL/FMB mapping
INVT013.fmx,RB_INVT013_D1717,inventory/stock,plsql_specs/INVT013.pks.sql,plsql_bodies/INVT013.pkb.sql,forms_triggers/INVT013.triggers.sql,scaffold_only,39,8,115,"credentials,ddl_privilege,destructive,windows_native",exact PKS/PKB/DDL/FMB mapping
INVT014.fmx,RB_INVT014_2A290,inventory/stock,plsql_specs/INVT014.pks.sql,plsql_bodies/INVT014.pkb.sql,forms_triggers/INVT014.triggers.sql,scaffold_only,39,8,122,"credentials,ddl_privilege,destructive,windows_native",exact PKS/PKB/DDL/FMB mapping
INVT015.fmx,RB_INVT015_EB01E,inventory/stock,plsql_specs/INVT015.pks.sql,plsql_bodies/INVT015.pkb.sql,forms_triggers/INVT015.triggers.sql,scaffold_only,40,8,155,"credentials,ddl_privilege,destructive,windows_native",exact PKS/PKB/DDL/FMB mapping
INVT016.fmx,RB_INVT016_1CCBF,inventory/stock,plsql_specs/INVT016.pks.sql,plsql_bodies/INVT016.pkb.sql,forms_triggers/INVT016.triggers.sql,scaffold_only,61,34,383,"credentials,ddl_privilege,destructive,dynamic_sql,windows_native,error_handling",exact PKS/PKB/DDL/FMB mapping
INVT017.fmx,RB_INVT017_ACF0F,inventory/stock,plsql_specs/INVT017.pks.sql,plsql_bodies/INVT017.pkb.sql,forms_triggers/INVT017.triggers.sql,scaffold_only,48,10,316,"credentials,ddl_privilege,destructive,dynamic_sql,windows_native",exact PKS/PKB/DDL/FMB mapping
INVT018.fmx,RB_INVT018_49C51,inventory/stock,plsql_specs/INVT018.pks.sql,plsql_bodies/INVT018.pkb.sql,forms_triggers/INVT018.triggers.sql,scaffold_only,54,8,312,"credentials,ddl_privilege,destructive,dynamic_sql,windows_native",exact PKS/PKB/DDL/FMB mapping
INVT019.fmx,RB_INVT019_4BFD6,inventory/stock,plsql_specs/INVT019.pks.sql,plsql_bodies/INVT019.pkb.sql,forms_triggers/INVT019.triggers.sql,scaffold_only,38,8,104,"credentials,ddl_privilege,destructive,dynamic_sql,windows_native",exact PKS/PKB/DDL/FMB mapping
INVT020.fmx,RB_INVT020_A5779,inventory/stock,plsql_specs/INVT020.pks.sql,plsql_bodies/INVT020.pkb.sql,forms_triggers/INVT020.triggers.sql,scaffold_only,33,8,55,"credentials,ddl_privilege,destructive,windows_native",exact PKS/PKB/DDL/FMB mapping
INVT022.fmx,RB_INVT022_D095E,inventory/stock,plsql_specs/INVT022.pks.sql,plsql_bodies/INVT022.pkb.sql,forms_triggers/INVT022.triggers.sql,scaffold_only,44,9,198,"credentials,ddl_privilege,destructive,windows_native",exact PKS/PKB/DDL/FMB mapping
INVT023.fmx,RB_INVT023_E4ED6,inventory/stock,plsql_specs/INVT023.pks.sql,plsql_bodies/INVT023.pkb.sql,forms_triggers/INVT023.triggers.sql,scaffold_only,37,9,117,"credentials,ddl_privilege,destructive,windows_native",exact PKS/PKB/DDL/FMB mapping
INV_IMPXLS_AVLQTY.fmx,RB_INV_IMPXLS_AVLQTY_CA329,inventory/stock,plsql_specs/INV_IMPXLS_AVLQTY.pks.sql,plsql_bodies/INV_IMPXLS_AVLQTY.pkb.sql,forms_triggers/INV_IMPXLS_AVLQTY.triggers.sql,scaffold_only,38,9,90,"credentials,ddl_privilege,destructive,dynamic_sql,windows_native",exact PKS/PKB/DDL/FMB mapping
INV_IMPXLS_BARCODE.fmx,RB_INV_IMPXLS_BARCODE_3ECAD,inventory/stock,plsql_specs/INV_IMPXLS_BARCODE.pks.sql,plsql_bodies/INV_IMPXLS_BARCODE.pkb.sql,forms_triggers/INV_IMPXLS_BARCODE.triggers.sql,scaffold_only,34,8,66,"credentials,ddl_privilege,destructive,windows_native",exact PKS/PKB/DDL/FMB mapping
INV_IMPXLS_BATCH.fmx,RB_INV_IMPXLS_BATCH_EC298,inventory/stock,plsql_specs/INV_IMPXLS_BATCH.pks.sql,plsql_bodies/INV_IMPXLS_BATCH.pkb.sql,forms_triggers/INV_IMPXLS_BATCH.triggers.sql,scaffold_only,34,8,62,"credentials,ddl_privilege,destructive,windows_native",exact PKS/PKB/DDL/FMB mapping
INV_IMPXLS_ITEM.fmx,RB_INV_IMPXLS_ITEM_9DA4A,inventory/stock,plsql_specs/INV_IMPXLS_ITEM.pks.sql,plsql_bodies/INV_IMPXLS_ITEM.pkb.sql,forms_triggers/INV_IMPXLS_ITEM.triggers.sql,scaffold_only,34,8,98,"credentials,ddl_privilege,destructive,windows_native",exact PKS/PKB/DDL/FMB mapping
INV_IMPXLS_PRICE.fmx,RB_INV_IMPXLS_PRICE_365A2,inventory/stock,plsql_specs/INV_IMPXLS_PRICE.pks.sql,plsql_bodies/INV_IMPXLS_PRICE.pkb.sql,forms_triggers/INV_IMPXLS_PRICE.triggers.sql,scaffold_only,34,8,80,"credentials,ddl_privilege,destructive,windows_native",exact PKS/PKB/DDL/FMB mapping
INV_ITM_TRNS.fmx,RB_INV_ITM_TRNS_1EF2D,inventory/stock,plsql_specs/INV_ITM_TRNS.pks.sql,plsql_bodies/INV_ITM_TRNS.pkb.sql,forms_triggers/INV_ITM_TRNS.triggers.sql,scaffold_only,40,9,144,"credentials,ddl_privilege,destructive,windows_native",exact PKS/PKB/DDL/FMB mapping
INV_Reevaluation.fmx,RB_INV_REEVALUATION_988F2,inventory/stock,plsql_specs/INV_Reevaluation.pks.sql,plsql_bodies/INV_Reevaluation.pkb.sql,forms_triggers/INV_Reevaluation.triggers.sql,scaffold_only,22,3,185,"credentials,ddl_privilege,destructive,windows_native,error_handling",exact PKS/PKB/DDL/FMB mapping
JRSI001.fmx,RB_JRSI001_E8217,other,plsql_specs/JRSI001.pks.sql,plsql_bodies/JRSI001.pkb.sql,forms_triggers/JRSI001.triggers.sql,scaffold_only,44,8,107,"credentials,ddl_privilege,destructive,dynamic_sql,windows_native",exact PKS/PKB/DDL/FMB mapping
JRSI002.fmx,RB_JRSI002_8E51F,other,plsql_specs/JRSI002.pks.sql,plsql_bodies/JRSI002.pkb.sql,forms_triggers/JRSI002.triggers.sql,scaffold_only,40,7,97,"credentials,ddl_privilege,destructive,dynamic_sql,windows_native",exact PKS/PKB/DDL/FMB mapping
JRSR001.fmx,RB_JRSR001_ECB85,other,plsql_specs/JRSR001.pks.sql,plsql_bodies/JRSR001.pkb.sql,forms_triggers/JRSR001.triggers.sql,scaffold_only,17,4,86,"credentials,destructive,windows_native",exact PKS/PKB/DDL/FMB mapping
JRSS001.fmx,RB_JRSS001_3351B,other,plsql_specs/JRSS001.pks.sql,plsql_bodies/JRSS001.pkb.sql,forms_triggers/JRSS001.triggers.sql,scaffold_only,35,10,76,"credentials,ddl_privilege,destructive,windows_native",exact PKS/PKB/DDL/FMB mapping
JRSS002.fmx,RB_JRSS002_A358F,other,plsql_specs/JRSS002.pks.sql,plsql_bodies/JRSS002.pkb.sql,forms_triggers/JRSS002.triggers.sql,scaffold_only,32,8,65,"credentials,ddl_privilege,destructive,windows_native",exact PKS/PKB/DDL/FMB mapping
JRSS003.fmx,RB_JRSS003_29851,other,plsql_specs/JRSS003.pks.sql,plsql_bodies/JRSS003.pkb.sql,forms_triggers/JRSS003.triggers.sql,scaffold_only,33,8,70,"credentials,ddl_privilege,destructive,windows_native",exact PKS/PKB/DDL/FMB mapping
JRST001.fmx,RB_JRST001_90493,other,plsql_specs/JRST001.pks.sql,plsql_bodies/JRST001.pkb.sql,forms_triggers/JRST001.triggers.sql,scaffold_only,60,8,321,"credentials,ddl_privilege,destructive,windows_native",exact PKS/PKB/DDL/FMB mapping
JRST002.fmx,RB_JRST002_ACC0E,other,plsql_specs/JRST002.pks.sql,plsql_bodies/JRST002.pkb.sql,forms_triggers/JRST002.triggers.sql,scaffold_only,60,10,329,"credentials,destructive,windows_native",exact PKS/PKB/DDL/FMB mapping
JRST0021.fmx,RB_JRST0021_E26A3,other,plsql_specs/JRST0021.pks.sql,plsql_bodies/JRST0021.pkb.sql,forms_triggers/JRST0021.triggers.sql,scaffold_only,60,10,329,"credentials,destructive,windows_native",exact PKS/PKB/DDL/FMB mapping
LGHTADM002.fmx,RB_LGHTADM002_0EE79,other,plsql_specs/LGHTADM002.pks.sql,plsql_bodies/LGHTADM002.pkb.sql,forms_triggers/LGHTADM002.triggers.sql,scaffold_only,39,9,324,"credentials,ddl_privilege,destructive,dynamic_sql,windows_native,error_handling,network",exact PKS/PKB/DDL/FMB mapping
LGHTADM003.fmx,RB_LGHTADM003_EFA21,other,plsql_specs/LGHTADM003.pks.sql,plsql_bodies/LGHTADM003.pkb.sql,forms_triggers/LGHTADM003.triggers.sql,scaffold_only,35,8,116,"credentials,ddl_privilege,destructive,dynamic_sql,windows_native,network",exact PKS/PKB/DDL/FMB mapping
LGHTR002.fmx,RB_LGHTR002_3C63D,other,plsql_specs/LGHTR002.pks.sql,plsql_bodies/LGHTR002.pkb.sql,forms_triggers/LGHTR002.triggers.sql,scaffold_only,17,3,73,"credentials,destructive",exact PKS/PKB/DDL/FMB mapping
LGHTT001.fmx,RB_LGHTT001_D01FC,other,plsql_specs/LGHTT001.pks.sql,plsql_bodies/LGHTT001.pkb.sql,forms_triggers/LGHTT001.triggers.sql,scaffold_only,41,27,238,"credentials,ddl_privilege,destructive,dynamic_sql,windows_native",exact PKS/PKB/DDL/FMB mapping
LGHTT002.fmx,RB_LGHTT002_5241F,other,plsql_specs/LGHTT002.pks.sql,plsql_bodies/LGHTT002.pkb.sql,forms_triggers/LGHTT002.triggers.sql,scaffold_only,34,8,70,"credentials,ddl_privilege,destructive,windows_native",exact PKS/PKB/DDL/FMB mapping
LGHTT003.fmx,RB_LGHTT003_5ACC5,other,plsql_specs/LGHTT003.pks.sql,plsql_bodies/LGHTT003.pkb.sql,forms_triggers/LGHTT003.triggers.sql,scaffold_only,32,8,78,"credentials,ddl_privilege,destructive,windows_native",exact PKS/PKB/DDL/FMB mapping
MNT0025.fmx,RB_MNT0025_4AB26,other,plsql_specs/MNT0025.pks.sql,plsql_bodies/MNT0025.pkb.sql,forms_triggers/MNT0025.triggers.sql,scaffold_only,0,0,64,"ddl_privilege,destructive,dynamic_sql,windows_native",exact PKS/PKB/DDL/FMB mapping
MNT021.fmx,RB_MNT021_C0521,other,plsql_specs/MNT021.pks.sql,plsql_bodies/MNT021.pkb.sql,forms_triggers/MNT021.triggers.sql,scaffold_only,34,8,85,"credentials,ddl_privilege,destructive,windows_native",exact PKS/PKB/DDL/FMB mapping
MNT025.fmx,RB_MNT025_E6628,other,plsql_specs/MNT025.pks.sql,plsql_bodies/MNT025.pkb.sql,forms_triggers/MNT025.triggers.sql,scaffold_only,0,0,70,"ddl_privilege,destructive,dynamic_sql,windows_native",exact PKS/PKB/DDL/FMB mapping
MNT0T25.fmx,RB_MNT0T25_4B720,other,plsql_specs/MNT0T25.pks.sql,plsql_bodies/MNT0T25.pkb.sql,forms_triggers/MNT0T25.triggers.sql,scaffold_only,0,0,64,"ddl_privilege,destructive,dynamic_sql,windows_native",exact PKS/PKB/DDL/FMB mapping
MNTI001.fmx,RB_MNTI001_1337E,other,plsql_specs/MNTI001.pks.sql,plsql_bodies/MNTI001.pkb.sql,forms_triggers/MNTI001.triggers.sql,scaffold_only,38,8,102,"credentials,ddl_privilege,destructive,windows_native",exact PKS/PKB/DDL/FMB mapping
MNTI002.fmx,RB_MNTI002_082F1,other,plsql_specs/MNTI002.pks.sql,plsql_bodies/MNTI002.pkb.sql,forms_triggers/MNTI002.triggers.sql,scaffold_only,35,8,49,"credentials,ddl_privilege,destructive,windows_native",exact PKS/PKB/DDL/FMB mapping
MNTI003.fmx,RB_MNTI003_53D4A,other,plsql_specs/MNTI003.pks.sql,plsql_bodies/MNTI003.pkb.sql,forms_triggers/MNTI003.triggers.sql,scaffold_only,34,8,59,"credentials,ddl_privilege,destructive,windows_native",exact PKS/PKB/DDL/FMB mapping
MNTI004.fmx,RB_MNTI004_E2768,other,plsql_specs/MNTI004.pks.sql,plsql_bodies/MNTI004.pkb.sql,forms_triggers/MNTI004.triggers.sql,scaffold_only,35,8,52,"credentials,ddl_privilege,destructive,windows_native",exact PKS/PKB/DDL/FMB mapping
MNTI005.fmx,RB_MNTI005_0021A,other,plsql_specs/MNTI005.pks.sql,plsql_bodies/MNTI005.pkb.sql,forms_triggers/MNTI005.triggers.sql,scaffold_only,34,8,65,"credentials,ddl_privilege,destructive,windows_native",exact PKS/PKB/DDL/FMB mapping
MNTI006.fmx,RB_MNTI006_D6897,other,plsql_specs/MNTI006.pks.sql,plsql_bodies/MNTI006.pkb.sql,forms_triggers/MNTI006.triggers.sql,scaffold_only,36,10,93,"credentials,ddl_privilege,destructive,windows_native",exact PKS/PKB/DDL/FMB mapping
MNTI007.fmx,RB_MNTI007_85D78,other,plsql_specs/MNTI007.pks.sql,plsql_bodies/MNTI007.pkb.sql,forms_triggers/MNTI007.triggers.sql,scaffold_only,42,10,110,"credentials,ddl_privilege,destructive,windows_native",exact PKS/PKB/DDL/FMB mapping
MNTI008.fmx,RB_MNTI008_D6C4D,other,plsql_specs/MNTI008.pks.sql,plsql_bodies/MNTI008.pkb.sql,forms_triggers/MNTI008.triggers.sql,scaffold_only,32,8,77,"credentials,ddl_privilege,destructive,windows_native",exact PKS/PKB/DDL/FMB mapping
MNTR001.fmx,RB_MNTR001_63928,other,plsql_specs/MNTR001.pks.sql,plsql_bodies/MNTR001.pkb.sql,forms_triggers/MNTR001.triggers.sql,scaffold_only,16,3,68,"credentials,destructive,windows_native",exact PKS/PKB/DDL/FMB mapping
MNTR005.fmx,RB_MNTR005_941F7,other,plsql_specs/MNTR005.pks.sql,plsql_bodies/MNTR005.pkb.sql,forms_triggers/MNTR005.triggers.sql,scaffold_only,16,3,68,"credentials,destructive,windows_native",exact PKS/PKB/DDL/FMB mapping
MNTS001.fmx,RB_MNTS001_B636C,other,plsql_specs/MNTS001.pks.sql,plsql_bodies/MNTS001.pkb.sql,forms_triggers/MNTS001.triggers.sql,scaffold_only,30,8,51,"credentials,ddl_privilege,destructive,windows_native",exact PKS/PKB/DDL/FMB mapping
MNTS002.fmx,RB_MNTS002_C7595,other,plsql_specs/MNTS002.pks.sql,plsql_bodies/MNTS002.pkb.sql,forms_triggers/MNTS002.triggers.sql,scaffold_only,35,8,62,"credentials,ddl_privilege,destructive,windows_native",exact PKS/PKB/DDL/FMB mapping
MNTS003.fmx,RB_MNTS003_665A5,other,plsql_specs/MNTS003.pks.sql,plsql_bodies/MNTS003.pkb.sql,forms_triggers/MNTS003.triggers.sql,scaffold_only,33,8,97,"credentials,ddl_privilege,destructive,windows_native",exact PKS/PKB/DDL/FMB mapping
MNTS004.fmx,RB_MNTS004_33AEB,other,plsql_specs/MNTS004.pks.sql,plsql_bodies/MNTS004.pkb.sql,forms_triggers/MNTS004.triggers.sql,scaffold_only,34,8,87,"credentials,ddl_privilege,destructive,windows_native",exact PKS/PKB/DDL/FMB mapping
MNTS005.fmx,RB_MNTS005_D41C2,other,plsql_specs/MNTS005.pks.sql,plsql_bodies/MNTS005.pkb.sql,forms_triggers/MNTS005.triggers.sql,scaffold_only,35,8,50,"credentials,ddl_privilege,destructive,windows_native",exact PKS/PKB/DDL/FMB mapping
MNTS006.fmx,RB_MNTS006_2BCB7,other,plsql_specs/MNTS006.pks.sql,plsql_bodies/MNTS006.pkb.sql,forms_triggers/MNTS006.triggers.sql,scaffold_only,33,8,77,"credentials,ddl_privilege,destructive,windows_native",exact PKS/PKB/DDL/FMB mapping
MNTS007.fmx,RB_MNTS007_960D0,other,plsql_specs/MNTS007.pks.sql,plsql_bodies/MNTS007.pkb.sql,forms_triggers/MNTS007.triggers.sql,scaffold_only,34,8,85,"credentials,ddl_privilege,destructive,windows_native",exact PKS/PKB/DDL/FMB mapping
MNTS025.fmx,RB_MNTS025_C2794,other,plsql_specs/MNTS025.pks.sql,plsql_bodies/MNTS025.pkb.sql,forms_triggers/MNTS025.triggers.sql,scaffold_only,0,0,69,"ddl_privilege,destructive,dynamic_sql,windows_native",exact PKS/PKB/DDL/FMB mapping
MNTT001.fmx,RB_MNTT001_7EB31,other,plsql_specs/MNTT001.pks.sql,plsql_bodies/MNTT001.pkb.sql,forms_triggers/MNTT001.triggers.sql,scaffold_only,49,8,158,"credentials,ddl_privilege,destructive,dynamic_sql,windows_native",exact PKS/PKB/DDL/FMB mapping
MNTT002.fmx,RB_MNTT002_9C174,other,plsql_specs/MNTT002.pks.sql,plsql_bodies/MNTT002.pkb.sql,forms_triggers/MNTT002.triggers.sql,scaffold_only,34,8,95,"credentials,ddl_privilege,destructive,windows_native",exact PKS/PKB/DDL/FMB mapping
MNTT003.fmx,RB_MNTT003_6B081,other,plsql_specs/MNTT003.pks.sql,plsql_bodies/MNTT003.pkb.sql,forms_triggers/MNTT003.triggers.sql,scaffold_only,46,8,199,"credentials,destructive,windows_native",exact PKS/PKB/DDL/FMB mapping
MNTT004.fmx,RB_MNTT004_27A6D,other,plsql_specs/MNTT004.pks.sql,plsql_bodies/MNTT004.pkb.sql,forms_triggers/MNTT004.triggers.sql,scaffold_only,36,8,100,"credentials,ddl_privilege,destructive,windows_native",exact PKS/PKB/DDL/FMB mapping
MNTT005.fmx,RB_MNTT005_4A75F,other,plsql_specs/MNTT005.pks.sql,plsql_bodies/MNTT005.pkb.sql,forms_triggers/MNTT005.triggers.sql,scaffold_only,39,11,204,"credentials,ddl_privilege,destructive,dynamic_sql,windows_native",exact PKS/PKB/DDL/FMB mapping
MNTT006.fmx,RB_MNTT006_E0AC3,other,plsql_specs/MNTT006.pks.sql,plsql_bodies/MNTT006.pkb.sql,forms_triggers/MNTT006.triggers.sql,scaffold_only,34,8,91,"credentials,ddl_privilege,destructive,windows_native",exact PKS/PKB/DDL/FMB mapping
MNTT007.fmx,RB_MNTT007_052D4,other,plsql_specs/MNTT007.pks.sql,plsql_bodies/MNTT007.pkb.sql,forms_triggers/MNTT007.triggers.sql,scaffold_only,33,8,84,"credentials,ddl_privilege,destructive,windows_native",exact PKS/PKB/DDL/FMB mapping
MNTT010.fmx,RB_MNTT010_EBDCF,other,plsql_specs/MNTT010.pks.sql,plsql_bodies/MNTT010.pkb.sql,forms_triggers/MNTT010.triggers.sql,scaffold_only,45,8,171,"credentials,destructive,windows_native",exact PKS/PKB/DDL/FMB mapping
MNTT011.fmx,RB_MNTT011_669A2,other,plsql_specs/MNTT011.pks.sql,plsql_bodies/MNTT011.pkb.sql,forms_triggers/MNTT011.triggers.sql,scaffold_only,33,8,94,"credentials,ddl_privilege,destructive,windows_native",exact PKS/PKB/DDL/FMB mapping
MNTT012.fmx,RB_MNTT012_08450,other,plsql_specs/MNTT012.pks.sql,plsql_bodies/MNTT012.pkb.sql,forms_triggers/MNTT012.triggers.sql,scaffold_only,37,8,60,"credentials,ddl_privilege,destructive,windows_native",exact PKS/PKB/DDL/FMB mapping
MNTT013.fmx,RB_MNTT013_57753,other,plsql_specs/MNTT013.pks.sql,plsql_bodies/MNTT013.pkb.sql,forms_triggers/MNTT013.triggers.sql,scaffold_only,34,8,93,"credentials,ddl_privilege,destructive,windows_native",exact PKS/PKB/DDL/FMB mapping
MNTT020.fmx,RB_MNTT020_0FA55,other,plsql_specs/MNTT020.pks.sql,plsql_bodies/MNTT020.pkb.sql,forms_triggers/MNTT020.triggers.sql,scaffold_only,33,8,78,"credentials,ddl_privilege,destructive,windows_native",exact PKS/PKB/DDL/FMB mapping
MNTT021.fmx,RB_MNTT021_BBED7,other,plsql_specs/MNTT021.pks.sql,plsql_bodies/MNTT021.pkb.sql,forms_triggers/MNTT021.triggers.sql,scaffold_only,33,8,83,"credentials,ddl_privilege,destructive,windows_native",exact PKS/PKB/DDL/FMB mapping
MNTT022.fmx,RB_MNTT022_F2DB9,other,plsql_specs/MNTT022.pks.sql,plsql_bodies/MNTT022.pkb.sql,forms_triggers/MNTT022.triggers.sql,scaffold_only,33,8,82,"credentials,ddl_privilege,destructive,windows_native",exact PKS/PKB/DDL/FMB mapping
MNTT025.fmx,RB_MNTT025_99A70,other,plsql_specs/MNTT025.pks.sql,plsql_bodies/MNTT025.pkb.sql,forms_triggers/MNTT025.triggers.sql,scaffold_only,0,0,65,"ddl_privilege,destructive,dynamic_sql,windows_native",exact PKS/PKB/DDL/FMB mapping
MNTT050.fmx,RB_MNTT050_DD019,other,plsql_specs/MNTT050.pks.sql,plsql_bodies/MNTT050.pkb.sql,forms_triggers/MNTT050.triggers.sql,scaffold_only,45,8,171,"credentials,destructive,windows_native",exact PKS/PKB/DDL/FMB mapping
MRPACS001.fmx,RB_MRPACS001_71666,MRP/treasury,plsql_specs/MRPACS001.pks.sql,plsql_bodies/MRPACS001.pkb.sql,forms_triggers/MRPACS001.triggers.sql,scaffold_only,9,0,264,"destructive,windows_native",exact PKS/PKB/DDL/FMB mapping
MRPACS004.fmx,RB_MRPACS004_BC49E,MRP/treasury,plsql_specs/MRPACS004.pks.sql,plsql_bodies/MRPACS004.pkb.sql,forms_triggers/MRPACS004.triggers.sql,scaffold_only,24,1,1816,"credentials,ddl_privilege,destructive,dynamic_sql,windows_native,error_handling,network",exact PKS/PKB/DDL/FMB mapping
MRPBOM005.fmx,RB_MRPBOM005_06E88,MRP/treasury,plsql_specs/MRPBOM005.pks.sql,plsql_bodies/MRPBOM005.pkb.sql,forms_triggers/MRPBOM005.triggers.sql,scaffold_only,8,0,63,"destructive,windows_native",exact PKS/PKB/DDL/FMB mapping
MRPBOM01.fmx,RB_MRPBOM01_3A7B0,MRP/treasury,plsql_specs/MRPBOM01.pks.sql,plsql_bodies/MRPBOM01.pkb.sql,forms_triggers/MRPBOM01.triggers.sql,scaffold_only,5,0,21,"destructive,windows_native",exact PKS/PKB/DDL/FMB mapping
MRPBOM010.fmx,RB_MRPBOM010_F08CF,MRP/treasury,plsql_specs/MRPBOM010.pks.sql,plsql_bodies/MRPBOM010.pkb.sql,forms_triggers/MRPBOM010.triggers.sql,scaffold_only,9,0,74,"destructive,windows_native",exact PKS/PKB/DDL/FMB mapping
MRPBOM03.fmx,RB_MRPBOM03_2C248,MRP/treasury,plsql_specs/MRPBOM03.pks.sql,plsql_bodies/MRPBOM03.pkb.sql,forms_triggers/MRPBOM03.triggers.sql,scaffold_only,7,1,67,"ddl_privilege,destructive,windows_native",exact PKS/PKB/DDL/FMB mapping
MRPCRP001.fmx,RB_MRPCRP001_271C2,MRP/treasury,plsql_specs/MRPCRP001.pks.sql,plsql_bodies/MRPCRP001.pkb.sql,forms_triggers/MRPCRP001.triggers.sql,scaffold_only,7,0,28,"destructive,windows_native",exact PKS/PKB/DDL/FMB mapping
MRPCRP003.fmx,RB_MRPCRP003_597C6,MRP/treasury,plsql_specs/MRPCRP003.pks.sql,plsql_bodies/MRPCRP003.pkb.sql,forms_triggers/MRPCRP003.triggers.sql,scaffold_only,11,0,112,"destructive,windows_native",exact PKS/PKB/DDL/FMB mapping
MRPCRP005.fmx,RB_MRPCRP005_07DB5,MRP/treasury,plsql_specs/MRPCRP005.pks.sql,plsql_bodies/MRPCRP005.pkb.sql,forms_triggers/MRPCRP005.triggers.sql,scaffold_only,6,0,43,"destructive,windows_native",exact PKS/PKB/DDL/FMB mapping
MRPCRP030.fmx,RB_MRPCRP030_36226,MRP/treasury,plsql_specs/MRPCRP030.pks.sql,plsql_bodies/MRPCRP030.pkb.sql,forms_triggers/MRPCRP030.triggers.sql,scaffold_only,4,0,91,"credentials,destructive,windows_native",exact PKS/PKB/DDL/FMB mapping
MRPCRP060.fmx,RB_MRPCRP060_54904,MRP/treasury,plsql_specs/MRPCRP060.pks.sql,plsql_bodies/MRPCRP060.pkb.sql,forms_triggers/MRPCRP060.triggers.sql,scaffold_only,6,0,61,"destructive,windows_native",exact PKS/PKB/DDL/FMB mapping
MRPCRP07.fmx,RB_MRPCRP07_16AEE,MRP/treasury,plsql_specs/MRPCRP07.pks.sql,plsql_bodies/MRPCRP07.pkb.sql,forms_triggers/MRPCRP07.triggers.sql,scaffold_only,7,0,29,"destructive,windows_native",exact PKS/PKB/DDL/FMB mapping
MRPCRP100.fmx,RB_MRPCRP100_26EC2,MRP/treasury,plsql_specs/MRPCRP100.pks.sql,plsql_bodies/MRPCRP100.pkb.sql,forms_triggers/MRPCRP100.triggers.sql,scaffold_only,8,0,25,"destructive,windows_native",exact PKS/PKB/DDL/FMB mapping
MRPCRP20.fmx,RB_MRPCRP20_94D9A,MRP/treasury,plsql_specs/MRPCRP20.pks.sql,plsql_bodies/MRPCRP20.pkb.sql,forms_triggers/MRPCRP20.triggers.sql,scaffold_only,5,0,51,"destructive,windows_native",exact PKS/PKB/DDL/FMB mapping
MRPCRP23.fmx,RB_MRPCRP23_14DCE,MRP/treasury,plsql_specs/MRPCRP23.pks.sql,plsql_bodies/MRPCRP23.pkb.sql,forms_triggers/MRPCRP23.triggers.sql,scaffold_only,11,1,108,"destructive,dynamic_sql,windows_native",exact PKS/PKB/DDL/FMB mapping
MRPCRP24.fmx,RB_MRPCRP24_E9B7C,MRP/treasury,plsql_specs/MRPCRP24.pks.sql,plsql_bodies/MRPCRP24.pkb.sql,forms_triggers/MRPCRP24.triggers.sql,scaffold_only,9,0,30,"destructive,windows_native",exact PKS/PKB/DDL/FMB mapping
MRPCRP26.fmx,RB_MRPCRP26_4E052,MRP/treasury,plsql_specs/MRPCRP26.pks.sql,plsql_bodies/MRPCRP26.pkb.sql,forms_triggers/MRPCRP26.triggers.sql,scaffold_only,8,0,31,"destructive,windows_native",exact PKS/PKB/DDL/FMB mapping
MRPCRP50.fmx,RB_MRPCRP50_60085,MRP/treasury,plsql_specs/MRPCRP50.pks.sql,plsql_bodies/MRPCRP50.pkb.sql,forms_triggers/MRPCRP50.triggers.sql,scaffold_only,6,0,48,"ddl_privilege,destructive,windows_native",exact PKS/PKB/DDL/FMB mapping
MRPDBA.fmx,RB_MRPDBA_9D558,MRP/treasury,plsql_specs/MRPDBA.pks.sql,plsql_bodies/MRPDBA.pkb.sql,forms_triggers/MRPDBA.triggers.sql,scaffold_only,13,0,36,"credentials,ddl_privilege,windows_native",exact PKS/PKB/DDL/FMB mapping
MRPIMPXLS.fmx,RB_MRPIMPXLS_7CC98,MRP/treasury,plsql_specs/MRPIMPXLS.pks.sql,plsql_bodies/MRPIMPXLS.pkb.sql,forms_triggers/MRPIMPXLS.triggers.sql,scaffold_only,7,0,62,"destructive,windows_native",exact PKS/PKB/DDL/FMB mapping
MRPIMP_ITEMS_XLS.fmx,RB_MRPIMP_ITEMS_XLS_108EC,MRP/treasury,plsql_specs/MRPIMP_ITEMS_XLS.pks.sql,plsql_bodies/MRPIMP_ITEMS_XLS.pkb.sql,forms_triggers/MRPIMP_ITEMS_XLS.triggers.sql,scaffold_only,6,0,45,"destructive,windows_native",exact PKS/PKB/DDL/FMB mapping
MRPMMS010.fmx,RB_MRPMMS010_B8402,MRP/treasury,plsql_specs/MRPMMS010.pks.sql,plsql_bodies/MRPMMS010.pkb.sql,forms_triggers/MRPMMS010.triggers.sql,scaffold_only,4,0,48,"destructive,windows_native",exact PKS/PKB/DDL/FMB mapping
MRPMMS011.fmx,RB_MRPMMS011_E3A29,MRP/treasury,plsql_specs/MRPMMS011.pks.sql,plsql_bodies/MRPMMS011.pkb.sql,forms_triggers/MRPMMS011.triggers.sql,scaffold_only,4,0,70,"destructive,windows_native",exact PKS/PKB/DDL/FMB mapping
MRPMMS012.fmx,RB_MRPMMS012_8181E,MRP/treasury,plsql_specs/MRPMMS012.pks.sql,plsql_bodies/MRPMMS012.pkb.sql,forms_triggers/MRPMMS012.triggers.sql,scaffold_only,4,0,65,"destructive,windows_native",exact PKS/PKB/DDL/FMB mapping
MRPMMS013.fmx,RB_MRPMMS013_49942,MRP/treasury,plsql_specs/MRPMMS013.pks.sql,plsql_bodies/MRPMMS013.pkb.sql,forms_triggers/MRPMMS013.triggers.sql,scaffold_only,4,0,52,"destructive,windows_native",exact PKS/PKB/DDL/FMB mapping
MRPMMS014.fmx,RB_MRPMMS014_7624E,MRP/treasury,plsql_specs/MRPMMS014.pks.sql,plsql_bodies/MRPMMS014.pkb.sql,forms_triggers/MRPMMS014.triggers.sql,scaffold_only,4,0,51,"destructive,windows_native",exact PKS/PKB/DDL/FMB mapping
MRPMPS010.fmx,RB_MRPMPS010_8227B,MRP/treasury,plsql_specs/MRPMPS010.pks.sql,plsql_bodies/MRPMPS010.pkb.sql,forms_triggers/MRPMPS010.triggers.sql,scaffold_only,13,3,163,"destructive,dynamic_sql,windows_native,session_control",exact PKS/PKB/DDL/FMB mapping
MRPMPS02.fmx,RB_MRPMPS02_59BE8,MRP/treasury,plsql_specs/MRPMPS02.pks.sql,plsql_bodies/MRPMPS02.pkb.sql,forms_triggers/MRPMPS02.triggers.sql,scaffold_only,10,0,90,"credentials,destructive,windows_native",exact PKS/PKB/DDL/FMB mapping
MRPMPS032.fmx,RB_MRPMPS032_AF1BB,MRP/treasury,plsql_specs/MRPMPS032.pks.sql,plsql_bodies/MRPMPS032.pkb.sql,forms_triggers/MRPMPS032.triggers.sql,scaffold_only,5,0,80,"destructive,windows_native,session_control",exact PKS/PKB/DDL/FMB mapping
MRPMPS045.fmx,RB_MRPMPS045_54ECB,MRP/treasury,plsql_specs/MRPMPS045.pks.sql,plsql_bodies/MRPMPS045.pkb.sql,forms_triggers/MRPMPS045.triggers.sql,scaffold_only,8,0,60,"destructive,windows_native",exact PKS/PKB/DDL/FMB mapping
MRPMPS048.fmx,RB_MRPMPS048_3F291,MRP/treasury,plsql_specs/MRPMPS048.pks.sql,plsql_bodies/MRPMPS048.pkb.sql,forms_triggers/MRPMPS048.triggers.sql,scaffold_only,4,0,40,"destructive,windows_native",exact PKS/PKB/DDL/FMB mapping
MRPMPS06.fmx,RB_MRPMPS06_26737,MRP/treasury,plsql_specs/MRPMPS06.pks.sql,plsql_bodies/MRPMPS06.pkb.sql,forms_triggers/MRPMPS06.triggers.sql,scaffold_only,6,0,42,"destructive,windows_native",exact PKS/PKB/DDL/FMB mapping
MRPMPS07.fmx,RB_MRPMPS07_0C9B1,MRP/treasury,plsql_specs/MRPMPS07.pks.sql,plsql_bodies/MRPMPS07.pkb.sql,forms_triggers/MRPMPS07.triggers.sql,scaffold_only,7,0,93,"ddl_privilege,destructive,windows_native",exact PKS/PKB/DDL/FMB mapping
MRPMPS09.fmx,RB_MRPMPS09_256A9,MRP/treasury,plsql_specs/MRPMPS09.pks.sql,plsql_bodies/MRPMPS09.pkb.sql,forms_triggers/MRPMPS09.triggers.sql,scaffold_only,7,3,64,"destructive,windows_native",exact PKS/PKB/DDL/FMB mapping
MRPMRP004.fmx,RB_MRPMRP004_50D99,MRP/treasury,plsql_specs/MRPMRP004.pks.sql,plsql_bodies/MRPMRP004.pkb.sql,forms_triggers/MRPMRP004.triggers.sql,scaffold_only,9,0,93,"destructive,windows_native",exact PKS/PKB/DDL/FMB mapping
MRPMRP005.fmx,RB_MRPMRP005_EA008,MRP/treasury,plsql_specs/MRPMRP005.pks.sql,plsql_bodies/MRPMRP005.pkb.sql,forms_triggers/MRPMRP005.triggers.sql,scaffold_only,7,0,44,"destructive,windows_native",exact PKS/PKB/DDL/FMB mapping
MRPMRP006.fmx,RB_MRPMRP006_20282,MRP/treasury,plsql_specs/MRPMRP006.pks.sql,plsql_bodies/MRPMRP006.pkb.sql,forms_triggers/MRPMRP006.triggers.sql,scaffold_only,7,0,78,"destructive,windows_native,session_control",exact PKS/PKB/DDL/FMB mapping
MRPMRP007.fmx,RB_MRPMRP007_2958E,MRP/treasury,plsql_specs/MRPMRP007.pks.sql,plsql_bodies/MRPMRP007.pkb.sql,forms_triggers/MRPMRP007.triggers.sql,scaffold_only,7,0,72,"destructive,windows_native,session_control",exact PKS/PKB/DDL/FMB mapping
MRPPCM003.fmx,RB_MRPPCM003_37728,MRP/treasury,plsql_specs/MRPPCM003.pks.sql,plsql_bodies/MRPPCM003.pkb.sql,forms_triggers/MRPPCM003.triggers.sql,scaffold_only,6,0,108,"destructive,windows_native",exact PKS/PKB/DDL/FMB mapping
MRPPCM006.fmx,RB_MRPPCM006_FE347,MRP/treasury,plsql_specs/MRPPCM006.pks.sql,plsql_bodies/MRPPCM006.pkb.sql,forms_triggers/MRPPCM006.triggers.sql,scaffold_only,5,0,52,"destructive,windows_native",exact PKS/PKB/DDL/FMB mapping
MRPPCM009.fmx,RB_MRPPCM009_AF9F9,MRP/treasury,plsql_specs/MRPPCM009.pks.sql,plsql_bodies/MRPPCM009.pkb.sql,forms_triggers/MRPPCM009.triggers.sql,scaffold_only,6,51,49,"destructive,windows_native,error_handling",exact PKS/PKB/DDL/FMB mapping
MRPPCM010.fmx,RB_MRPPCM010_B2B9F,MRP/treasury,plsql_specs/MRPPCM010.pks.sql,plsql_bodies/MRPPCM010.pkb.sql,forms_triggers/MRPPCM010.triggers.sql,scaffold_only,7,0,40,"destructive,windows_native",exact PKS/PKB/DDL/FMB mapping
MRPPCM011.fmx,RB_MRPPCM011_6B148,MRP/treasury,plsql_specs/MRPPCM011.pks.sql,plsql_bodies/MRPPCM011.pkb.sql,forms_triggers/MRPPCM011.triggers.sql,scaffold_only,8,0,91,"destructive,windows_native",exact PKS/PKB/DDL/FMB mapping
MRPPCM012.fmx,RB_MRPPCM012_65921,MRP/treasury,plsql_specs/MRPPCM012.pks.sql,plsql_bodies/MRPPCM012.pkb.sql,forms_triggers/MRPPCM012.triggers.sql,scaffold_only,9,0,59,"destructive,windows_native",exact PKS/PKB/DDL/FMB mapping
MRPPCM013.fmx,RB_MRPPCM013_7B651,MRP/treasury,plsql_specs/MRPPCM013.pks.sql,plsql_bodies/MRPPCM013.pkb.sql,forms_triggers/MRPPCM013.triggers.sql,scaffold_only,9,0,65,"destructive,windows_native",exact PKS/PKB/DDL/FMB mapping
MRPPCM014.fmx,RB_MRPPCM014_83E2E,MRP/treasury,plsql_specs/MRPPCM014.pks.sql,plsql_bodies/MRPPCM014.pkb.sql,forms_triggers/MRPPCM014.triggers.sql,scaffold_only,7,0,53,"destructive,windows_native",exact PKS/PKB/DDL/FMB mapping
MRPPCM019.fmx,RB_MRPPCM019_29200,MRP/treasury,plsql_specs/MRPPCM019.pks.sql,plsql_bodies/MRPPCM019.pkb.sql,forms_triggers/MRPPCM019.triggers.sql,scaffold_only,6,0,58,"destructive,windows_native",exact PKS/PKB/DDL/FMB mapping
MRPPCM021.fmx,RB_MRPPCM021_B39E3,MRP/treasury,plsql_specs/MRPPCM021.pks.sql,plsql_bodies/MRPPCM021.pkb.sql,forms_triggers/MRPPCM021.triggers.sql,scaffold_only,4,0,38,"ddl_privilege,destructive,windows_native",exact PKS/PKB/DDL/FMB mapping
MRPPCM022.fmx,RB_MRPPCM022_08B6F,MRP/treasury,plsql_specs/MRPPCM022.pks.sql,plsql_bodies/MRPPCM022.pkb.sql,forms_triggers/MRPPCM022.triggers.sql,scaffold_only,6,0,53,"ddl_privilege,destructive,windows_native",exact PKS/PKB/DDL/FMB mapping
MRPPCM028.fmx,RB_MRPPCM028_C5FF2,MRP/treasury,plsql_specs/MRPPCM028.pks.sql,plsql_bodies/MRPPCM028.pkb.sql,forms_triggers/MRPPCM028.triggers.sql,scaffold_only,13,57,159,"ddl_privilege,destructive,windows_native,error_handling,session_control",exact PKS/PKB/DDL/FMB mapping
MRPPCM030.fmx,RB_MRPPCM030_4D5A6,MRP/treasury,plsql_specs/MRPPCM030.pks.sql,plsql_bodies/MRPPCM030.pkb.sql,forms_triggers/MRPPCM030.triggers.sql,scaffold_only,9,0,84,"destructive,windows_native",exact PKS/PKB/DDL/FMB mapping
MRPPCM042.fmx,RB_MRPPCM042_F5D97,MRP/treasury,plsql_specs/MRPPCM042.pks.sql,plsql_bodies/MRPPCM042.pkb.sql,forms_triggers/MRPPCM042.triggers.sql,scaffold_only,5,0,51,"destructive,windows_native",exact PKS/PKB/DDL/FMB mapping
MRPPCM043.fmx,RB_MRPPCM043_A68FC,MRP/treasury,plsql_specs/MRPPCM043.pks.sql,plsql_bodies/MRPPCM043.pkb.sql,forms_triggers/MRPPCM043.triggers.sql,scaffold_only,9,51,76,"destructive,windows_native,error_handling",exact PKS/PKB/DDL/FMB mapping
MRPPCM060.fmx,RB_MRPPCM060_B5484,MRP/treasury,plsql_specs/MRPPCM060.pks.sql,plsql_bodies/MRPPCM060.pkb.sql,forms_triggers/MRPPCM060.triggers.sql,scaffold_only,4,0,40,"destructive,windows_native",exact PKS/PKB/DDL/FMB mapping
MRPPCM510.fmx,RB_MRPPCM510_BD0A2,MRP/treasury,plsql_specs/MRPPCM510.pks.sql,plsql_bodies/MRPPCM510.pkb.sql,forms_triggers/MRPPCM510.triggers.sql,scaffold_only,4,0,27,"destructive,windows_native",exact PKS/PKB/DDL/FMB mapping
MRPPCM511.fmx,RB_MRPPCM511_7BBA1,MRP/treasury,plsql_specs/MRPPCM511.pks.sql,plsql_bodies/MRPPCM511.pkb.sql,forms_triggers/MRPPCM511.triggers.sql,scaffold_only,5,0,30,"destructive,windows_native",exact PKS/PKB/DDL/FMB mapping
MRPPQC002.fmx,RB_MRPPQC002_64C6C,MRP/treasury,plsql_specs/MRPPQC002.pks.sql,plsql_bodies/MRPPQC002.pkb.sql,forms_triggers/MRPPQC002.triggers.sql,scaffold_only,7,0,29,"destructive,windows_native",exact PKS/PKB/DDL/FMB mapping
MRPPQC004.fmx,RB_MRPPQC004_8F697,MRP/treasury,plsql_specs/MRPPQC004.pks.sql,plsql_bodies/MRPPQC004.pkb.sql,forms_triggers/MRPPQC004.triggers.sql,scaffold_only,7,0,38,"destructive,windows_native",exact PKS/PKB/DDL/FMB mapping
MRPPQC005.fmx,RB_MRPPQC005_7A22D,MRP/treasury,plsql_specs/MRPPQC005.pks.sql,plsql_bodies/MRPPQC005.pkb.sql,forms_triggers/MRPPQC005.triggers.sql,scaffold_only,7,0,36,"destructive,windows_native",exact PKS/PKB/DDL/FMB mapping
MRPPQC007.fmx,RB_MRPPQC007_92569,MRP/treasury,plsql_specs/MRPPQC007.pks.sql,plsql_bodies/MRPPQC007.pkb.sql,forms_triggers/MRPPQC007.triggers.sql,scaffold_only,8,0,36,"destructive,windows_native",exact PKS/PKB/DDL/FMB mapping
MRPPQC009.fmx,RB_MRPPQC009_58F0E,MRP/treasury,plsql_specs/MRPPQC009.pks.sql,plsql_bodies/MRPPQC009.pkb.sql,forms_triggers/MRPPQC009.triggers.sql,scaffold_only,7,0,28,"destructive,windows_native",exact PKS/PKB/DDL/FMB mapping
MRPPQC010.fmx,RB_MRPPQC010_5A6B9,MRP/treasury,plsql_specs/MRPPQC010.pks.sql,plsql_bodies/MRPPQC010.pkb.sql,forms_triggers/MRPPQC010.triggers.sql,scaffold_only,7,0,39,"destructive,windows_native",exact PKS/PKB/DDL/FMB mapping
MRPPQC0111.fmx,RB_MRPPQC0111_D0750,MRP/treasury,plsql_specs/MRPPQC0111.pks.sql,plsql_bodies/MRPPQC0111.pkb.sql,forms_triggers/MRPPQC0111.triggers.sql,scaffold_only,5,0,24,"destructive,windows_native",exact PKS/PKB/DDL/FMB mapping
MRPPQC012.fmx,RB_MRPPQC012_72435,MRP/treasury,plsql_specs/MRPPQC012.pks.sql,plsql_bodies/MRPPQC012.pkb.sql,forms_triggers/MRPPQC012.triggers.sql,scaffold_only,6,0,64,"destructive,windows_native",exact PKS/PKB/DDL/FMB mapping
MRPPQC015.fmx,RB_MRPPQC015_2B6C2,MRP/treasury,plsql_specs/MRPPQC015.pks.sql,plsql_bodies/MRPPQC015.pkb.sql,forms_triggers/MRPPQC015.triggers.sql,scaffold_only,6,0,98,"destructive,windows_native",exact PKS/PKB/DDL/FMB mapping
MRPPQC019.fmx,RB_MRPPQC019_903BA,MRP/treasury,plsql_specs/MRPPQC019.pks.sql,plsql_bodies/MRPPQC019.pkb.sql,forms_triggers/MRPPQC019.triggers.sql,scaffold_only,5,0,24,"destructive,windows_native",exact PKS/PKB/DDL/FMB mapping
MRPPQC020.fmx,RB_MRPPQC020_12ED1,MRP/treasury,plsql_specs/MRPPQC020.pks.sql,plsql_bodies/MRPPQC020.pkb.sql,forms_triggers/MRPPQC020.triggers.sql,scaffold_only,6,0,43,"destructive,windows_native",exact PKS/PKB/DDL/FMB mapping
MRPREPBOM002.fmx,RB_MRPREPBOM002_BD12F,MRP/treasury,plsql_specs/MRPREPBOM002.pks.sql,plsql_bodies/MRPREPBOM002.pkb.sql,forms_triggers/MRPREPBOM002.triggers.sql,scaffold_only,7,0,52,"destructive,windows_native",exact PKS/PKB/DDL/FMB mapping
MRPREPBOM005.fmx,RB_MRPREPBOM005_40176,MRP/treasury,plsql_specs/MRPREPBOM005.pks.sql,plsql_bodies/MRPREPBOM005.pkb.sql,forms_triggers/MRPREPBOM005.triggers.sql,scaffold_only,8,0,45,"destructive,windows_native",exact PKS/PKB/DDL/FMB mapping
MRPREPCRP007.fmx,RB_MRPREPCRP007_C6FD4,MRP/treasury,plsql_specs/MRPREPCRP007.pks.sql,plsql_bodies/MRPREPCRP007.pkb.sql,forms_triggers/MRPREPCRP007.triggers.sql,scaffold_only,6,0,29,"destructive,windows_native",exact PKS/PKB/DDL/FMB mapping
MRPREPCRP020.fmx,RB_MRPREPCRP020_1E548,MRP/treasury,plsql_specs/MRPREPCRP020.pks.sql,plsql_bodies/MRPREPCRP020.pkb.sql,forms_triggers/MRPREPCRP020.triggers.sql,scaffold_only,5,0,36,"destructive,windows_native",exact PKS/PKB/DDL/FMB mapping
MRPREPCRP022.fmx,RB_MRPREPCRP022_70F51,MRP/treasury,plsql_specs/MRPREPCRP022.pks.sql,plsql_bodies/MRPREPCRP022.pkb.sql,forms_triggers/MRPREPCRP022.triggers.sql,scaffold_only,6,0,26,"destructive,windows_native",exact PKS/PKB/DDL/FMB mapping
MRPREPCRP024.fmx,RB_MRPREPCRP024_CC722,MRP/treasury,plsql_specs/MRPREPCRP024.pks.sql,plsql_bodies/MRPREPCRP024.pkb.sql,forms_triggers/MRPREPCRP024.triggers.sql,scaffold_only,6,0,25,"destructive,windows_native",exact PKS/PKB/DDL/FMB mapping
MRPREPCRP026.fmx,RB_MRPREPCRP026_DD52C,MRP/treasury,plsql_specs/MRPREPCRP026.pks.sql,plsql_bodies/MRPREPCRP026.pkb.sql,forms_triggers/MRPREPCRP026.triggers.sql,scaffold_only,6,0,25,"destructive,windows_native",exact PKS/PKB/DDL/FMB mapping
MRPREPCRP028.fmx,RB_MRPREPCRP028_065A0,MRP/treasury,plsql_specs/MRPREPCRP028.pks.sql,plsql_bodies/MRPREPCRP028.pkb.sql,forms_triggers/MRPREPCRP028.triggers.sql,scaffold_only,5,0,24,"destructive,windows_native",exact PKS/PKB/DDL/FMB mapping
MRPREPCRP031.fmx,RB_MRPREPCRP031_9B18E,MRP/treasury,plsql_specs/MRPREPCRP031.pks.sql,plsql_bodies/MRPREPCRP031.pkb.sql,forms_triggers/MRPREPCRP031.triggers.sql,scaffold_only,6,0,35,"destructive,windows_native",exact PKS/PKB/DDL/FMB mapping
MRPREPCRP100.fmx,RB_MRPREPCRP100_5309F,MRP/treasury,plsql_specs/MRPREPCRP100.pks.sql,plsql_bodies/MRPREPCRP100.pkb.sql,forms_triggers/MRPREPCRP100.triggers.sql,scaffold_only,6,0,27,"destructive,windows_native",exact PKS/PKB/DDL/FMB mapping
MRPREPMPS002.fmx,RB_MRPREPMPS002_2C89F,MRP/treasury,plsql_specs/MRPREPMPS002.pks.sql,plsql_bodies/MRPREPMPS002.pkb.sql,forms_triggers/MRPREPMPS002.triggers.sql,scaffold_only,5,0,49,"destructive,windows_native",exact PKS/PKB/DDL/FMB mapping
MRPREPMPS003.fmx,RB_MRPREPMPS003_82BC9,MRP/treasury,plsql_specs/MRPREPMPS003.pks.sql,plsql_bodies/MRPREPMPS003.pkb.sql,forms_triggers/MRPREPMPS003.triggers.sql,scaffold_only,5,0,81,"destructive,windows_native",exact PKS/PKB/DDL/FMB mapping
MRPREPMPS0061.fmx,RB_MRPREPMPS0061_DA6CA,MRP/treasury,plsql_specs/MRPREPMPS0061.pks.sql,plsql_bodies/MRPREPMPS0061.pkb.sql,forms_triggers/MRPREPMPS0061.triggers.sql,scaffold_only,5,0,102,"destructive,windows_native",exact PKS/PKB/DDL/FMB mapping
MRPREPMPS0063.fmx,RB_MRPREPMPS0063_F1F2D,MRP/treasury,plsql_specs/MRPREPMPS0063.pks.sql,plsql_bodies/MRPREPMPS0063.pkb.sql,forms_triggers/MRPREPMPS0063.triggers.sql,scaffold_only,4,0,81,"destructive,windows_native",exact PKS/PKB/DDL/FMB mapping
MRPREPMPS008.fmx,RB_MRPREPMPS008_173AC,MRP/treasury,plsql_specs/MRPREPMPS008.pks.sql,plsql_bodies/MRPREPMPS008.pkb.sql,forms_triggers/MRPREPMPS008.triggers.sql,scaffold_only,6,0,83,"destructive,windows_native",exact PKS/PKB/DDL/FMB mapping
MRPREPMPS009.fmx,RB_MRPREPMPS009_4DDB2,MRP/treasury,plsql_specs/MRPREPMPS009.pks.sql,plsql_bodies/MRPREPMPS009.pkb.sql,forms_triggers/MRPREPMPS009.triggers.sql,scaffold_only,4,0,58,"destructive,windows_native",exact PKS/PKB/DDL/FMB mapping
MRPREPPCM003.fmx,RB_MRPREPPCM003_7AE99,MRP/treasury,plsql_specs/MRPREPPCM003.pks.sql,plsql_bodies/MRPREPPCM003.pkb.sql,forms_triggers/MRPREPPCM003.triggers.sql,scaffold_only,4,0,37,"destructive,windows_native",exact PKS/PKB/DDL/FMB mapping
MRPREPPCM006.fmx,RB_MRPREPPCM006_E1AA2,MRP/treasury,plsql_specs/MRPREPPCM006.pks.sql,plsql_bodies/MRPREPPCM006.pkb.sql,forms_triggers/MRPREPPCM006.triggers.sql,scaffold_only,4,0,33,"destructive,windows_native",exact PKS/PKB/DDL/FMB mapping
MRPREPPCM011.fmx,RB_MRPREPPCM011_04FF2,MRP/treasury,plsql_specs/MRPREPPCM011.pks.sql,plsql_bodies/MRPREPPCM011.pkb.sql,forms_triggers/MRPREPPCM011.triggers.sql,scaffold_only,5,0,48,"destructive,windows_native",exact PKS/PKB/DDL/FMB mapping
MRPREPPCM014.fmx,RB_MRPREPPCM014_EF141,MRP/treasury,plsql_specs/MRPREPPCM014.pks.sql,plsql_bodies/MRPREPPCM014.pkb.sql,forms_triggers/MRPREPPCM014.triggers.sql,scaffold_only,4,0,36,"destructive,windows_native",exact PKS/PKB/DDL/FMB mapping
MRPREPPCM015.fmx,RB_MRPREPPCM015_308FB,MRP/treasury,plsql_specs/MRPREPPCM015.pks.sql,plsql_bodies/MRPREPPCM015.pkb.sql,forms_triggers/MRPREPPCM015.triggers.sql,scaffold_only,5,0,69,"destructive,windows_native",exact PKS/PKB/DDL/FMB mapping
MRPREPPCM017.fmx,RB_MRPREPPCM017_E0526,MRP/treasury,plsql_specs/MRPREPPCM017.pks.sql,plsql_bodies/MRPREPPCM017.pkb.sql,forms_triggers/MRPREPPCM017.triggers.sql,scaffold_only,4,0,45,"destructive,windows_native",exact PKS/PKB/DDL/FMB mapping
MRPREPPCM021.fmx,RB_MRPREPPCM021_85A14,MRP/treasury,plsql_specs/MRPREPPCM021.pks.sql,plsql_bodies/MRPREPPCM021.pkb.sql,forms_triggers/MRPREPPCM021.triggers.sql,scaffold_only,4,0,30,"destructive,windows_native",exact PKS/PKB/DDL/FMB mapping
MRPREPPCM022.fmx,RB_MRPREPPCM022_4E8BE,MRP/treasury,plsql_specs/MRPREPPCM022.pks.sql,plsql_bodies/MRPREPPCM022.pkb.sql,forms_triggers/MRPREPPCM022.triggers.sql,scaffold_only,4,0,33,"destructive,windows_native",exact PKS/PKB/DDL/FMB mapping
MRPREPPCM028.fmx,RB_MRPREPPCM028_C5842,MRP/treasury,plsql_specs/MRPREPPCM028.pks.sql,plsql_bodies/MRPREPPCM028.pkb.sql,forms_triggers/MRPREPPCM028.triggers.sql,scaffold_only,8,0,111,"destructive,windows_native",exact PKS/PKB/DDL/FMB mapping
MRPREPPCM029.fmx,RB_MRPREPPCM029_3144F,MRP/treasury,plsql_specs/MRPREPPCM029.pks.sql,plsql_bodies/MRPREPPCM029.pkb.sql,forms_triggers/MRPREPPCM029.triggers.sql,scaffold_only,8,0,82,"destructive,windows_native",exact PKS/PKB/DDL/FMB mapping
MRPREPPCM030.fmx,RB_MRPREPPCM030_26B6E,MRP/treasury,plsql_specs/MRPREPPCM030.pks.sql,plsql_bodies/MRPREPPCM030.pkb.sql,forms_triggers/MRPREPPCM030.triggers.sql,scaffold_only,5,0,76,"destructive,windows_native",exact PKS/PKB/DDL/FMB mapping
MRPREPPCM031.fmx,RB_MRPREPPCM031_FAF7E,MRP/treasury,plsql_specs/MRPREPPCM031.pks.sql,plsql_bodies/MRPREPPCM031.pkb.sql,forms_triggers/MRPREPPCM031.triggers.sql,scaffold_only,4,0,37,"destructive,windows_native",exact PKS/PKB/DDL/FMB mapping
MRPREPPCM035.fmx,RB_MRPREPPCM035_88B82,MRP/treasury,plsql_specs/MRPREPPCM035.pks.sql,plsql_bodies/MRPREPPCM035.pkb.sql,forms_triggers/MRPREPPCM035.triggers.sql,scaffold_only,5,0,48,"destructive,windows_native",exact PKS/PKB/DDL/FMB mapping
MRPREPPCM036.fmx,RB_MRPREPPCM036_BC826,MRP/treasury,plsql_specs/MRPREPPCM036.pks.sql,plsql_bodies/MRPREPPCM036.pkb.sql,forms_triggers/MRPREPPCM036.triggers.sql,scaffold_only,4,0,50,"destructive,windows_native",exact PKS/PKB/DDL/FMB mapping
MRPREPPCM041.fmx,RB_MRPREPPCM041_1300B,MRP/treasury,plsql_specs/MRPREPPCM041.pks.sql,plsql_bodies/MRPREPPCM041.pkb.sql,forms_triggers/MRPREPPCM041.triggers.sql,scaffold_only,5,4,79,"destructive,windows_native",exact PKS/PKB/DDL/FMB mapping
MRPREPPCM050.fmx,RB_MRPREPPCM050_5F4C6,MRP/treasury,plsql_specs/MRPREPPCM050.pks.sql,plsql_bodies/MRPREPPCM050.pkb.sql,forms_triggers/MRPREPPCM050.triggers.sql,scaffold_only,5,0,80,"destructive,windows_native",exact PKS/PKB/DDL/FMB mapping
MRPREPPCM052.fmx,RB_MRPREPPCM052_85B7B,MRP/treasury,plsql_specs/MRPREPPCM052.pks.sql,plsql_bodies/MRPREPPCM052.pkb.sql,forms_triggers/MRPREPPCM052.triggers.sql,scaffold_only,6,0,73,"destructive,windows_native",exact PKS/PKB/DDL/FMB mapping
MRPREPPCM062.fmx,RB_MRPREPPCM062_E42F1,MRP/treasury,plsql_specs/MRPREPPCM062.pks.sql,plsql_bodies/MRPREPPCM062.pkb.sql,forms_triggers/MRPREPPCM062.triggers.sql,scaffold_only,4,0,39,"destructive,windows_native",exact PKS/PKB/DDL/FMB mapping
MRPREPPQC002.fmx,RB_MRPREPPQC002_8B33D,MRP/treasury,plsql_specs/MRPREPPQC002.pks.sql,plsql_bodies/MRPREPPQC002.pkb.sql,forms_triggers/MRPREPPQC002.triggers.sql,scaffold_only,6,0,35,"destructive,windows_native",exact PKS/PKB/DDL/FMB mapping
MRPREPPQC004.fmx,RB_MRPREPPQC004_B9754,MRP/treasury,plsql_specs/MRPREPPQC004.pks.sql,plsql_bodies/MRPREPPQC004.pkb.sql,forms_triggers/MRPREPPQC004.triggers.sql,scaffold_only,4,0,39,"destructive,windows_native",exact PKS/PKB/DDL/FMB mapping
MRPREPPQC005.fmx,RB_MRPREPPQC005_D63D1,MRP/treasury,plsql_specs/MRPREPPQC005.pks.sql,plsql_bodies/MRPREPPQC005.pkb.sql,forms_triggers/MRPREPPQC005.triggers.sql,scaffold_only,4,0,39,"destructive,windows_native",exact PKS/PKB/DDL/FMB mapping
MRPREPPQC007.fmx,RB_MRPREPPQC007_60AFD,MRP/treasury,plsql_specs/MRPREPPQC007.pks.sql,plsql_bodies/MRPREPPQC007.pkb.sql,forms_triggers/MRPREPPQC007.triggers.sql,scaffold_only,4,0,49,"destructive,windows_native",exact PKS/PKB/DDL/FMB mapping
MRPREPPQC009.fmx,RB_MRPREPPQC009_AC5B4,MRP/treasury,plsql_specs/MRPREPPQC009.pks.sql,plsql_bodies/MRPREPPQC009.pkb.sql,forms_triggers/MRPREPPQC009.triggers.sql,scaffold_only,4,0,34,"destructive,windows_native",exact PKS/PKB/DDL/FMB mapping
MRPREPPQC010.fmx,RB_MRPREPPQC010_BD337,MRP/treasury,plsql_specs/MRPREPPQC010.pks.sql,plsql_bodies/MRPREPPQC010.pkb.sql,forms_triggers/MRPREPPQC010.triggers.sql,scaffold_only,4,0,44,"destructive,windows_native",exact PKS/PKB/DDL/FMB mapping
MRPREPPQC012.fmx,RB_MRPREPPQC012_B4A92,MRP/treasury,plsql_specs/MRPREPPQC012.pks.sql,plsql_bodies/MRPREPPQC012.pkb.sql,forms_triggers/MRPREPPQC012.triggers.sql,scaffold_only,5,0,62,"destructive,windows_native",exact PKS/PKB/DDL/FMB mapping
MRPREPPQC015.fmx,RB_MRPREPPQC015_D3D72,MRP/treasury,plsql_specs/MRPREPPQC015.pks.sql,plsql_bodies/MRPREPPQC015.pkb.sql,forms_triggers/MRPREPPQC015.triggers.sql,scaffold_only,4,0,79,"destructive,windows_native",exact PKS/PKB/DDL/FMB mapping
MRPREPPQC018.fmx,RB_MRPREPPQC018_F305E,MRP/treasury,plsql_specs/MRPREPPQC018.pks.sql,plsql_bodies/MRPREPPQC018.pkb.sql,forms_triggers/MRPREPPQC018.triggers.sql,scaffold_only,4,0,88,"destructive,windows_native",exact PKS/PKB/DDL/FMB mapping
MRPREPPQC111.fmx,RB_MRPREPPQC111_16EE5,MRP/treasury,plsql_specs/MRPREPPQC111.pks.sql,plsql_bodies/MRPREPPQC111.pkb.sql,forms_triggers/MRPREPPQC111.triggers.sql,scaffold_only,4,0,31,"destructive,windows_native",exact PKS/PKB/DDL/FMB mapping
MRPREPSFC001.fmx,RB_MRPREPSFC001_4319F,MRP/treasury,plsql_specs/MRPREPSFC001.pks.sql,plsql_bodies/MRPREPSFC001.pkb.sql,forms_triggers/MRPREPSFC001.triggers.sql,scaffold_only,4,0,52,"credentials,destructive,windows_native",exact PKS/PKB/DDL/FMB mapping
MRPREPSFC010.fmx,RB_MRPREPSFC010_E5EC6,MRP/treasury,plsql_specs/MRPREPSFC010.pks.sql,plsql_bodies/MRPREPSFC010.pkb.sql,forms_triggers/MRPREPSFC010.triggers.sql,scaffold_only,8,0,83,"destructive,windows_native",exact PKS/PKB/DDL/FMB mapping
MRPREPSFC021.fmx,RB_MRPREPSFC021_7F4BD,MRP/treasury,plsql_specs/MRPREPSFC021.pks.sql,plsql_bodies/MRPREPSFC021.pkb.sql,forms_triggers/MRPREPSFC021.triggers.sql,scaffold_only,5,0,56,"destructive,windows_native",exact PKS/PKB/DDL/FMB mapping
MRPREPSFC025.fmx,RB_MRPREPSFC025_EAF9E,MRP/treasury,plsql_specs/MRPREPSFC025.pks.sql,plsql_bodies/MRPREPSFC025.pkb.sql,forms_triggers/MRPREPSFC025.triggers.sql,scaffold_only,6,0,59,"destructive,windows_native",exact PKS/PKB/DDL/FMB mapping
MRPREPSFC029.fmx,RB_MRPREPSFC029_09875,MRP/treasury,plsql_specs/MRPREPSFC029.pks.sql,plsql_bodies/MRPREPSFC029.pkb.sql,forms_triggers/MRPREPSFC029.triggers.sql,scaffold_only,5,0,68,"destructive,windows_native",exact PKS/PKB/DDL/FMB mapping
MRPREPSFC046.fmx,RB_MRPREPSFC046_AF1C9,MRP/treasury,plsql_specs/MRPREPSFC046.pks.sql,plsql_bodies/MRPREPSFC046.pkb.sql,forms_triggers/MRPREPSFC046.triggers.sql,scaffold_only,4,0,57,"destructive,windows_native",exact PKS/PKB/DDL/FMB mapping
MRPREPSFC050.fmx,RB_MRPREPSFC050_94133,MRP/treasury,plsql_specs/MRPREPSFC050.pks.sql,plsql_bodies/MRPREPSFC050.pkb.sql,forms_triggers/MRPREPSFC050.triggers.sql,scaffold_only,5,0,51,"ddl_privilege,destructive,windows_native",exact PKS/PKB/DDL/FMB mapping
MRPREPSFC051.fmx,RB_MRPREPSFC051_8B963,MRP/treasury,plsql_specs/MRPREPSFC051.pks.sql,plsql_bodies/MRPREPSFC051.pkb.sql,forms_triggers/MRPREPSFC051.triggers.sql,scaffold_only,6,0,50,"ddl_privilege,destructive,windows_native",exact PKS/PKB/DDL/FMB mapping
MRPREPSFC052.fmx,RB_MRPREPSFC052_D2B04,MRP/treasury,plsql_specs/MRPREPSFC052.pks.sql,plsql_bodies/MRPREPSFC052.pkb.sql,forms_triggers/MRPREPSFC052.triggers.sql,scaffold_only,5,0,59,"ddl_privilege,destructive,windows_native",exact PKS/PKB/DDL/FMB mapping
MRPREPSGS001.fmx,RB_MRPREPSGS001_220A9,MRP/treasury,plsql_specs/MRPREPSGS001.pks.sql,plsql_bodies/MRPREPSGS001.pkb.sql,forms_triggers/MRPREPSGS001.triggers.sql,scaffold_only,5,0,41,"destructive,windows_native",exact PKS/PKB/DDL/FMB mapping
MRPREPSGS004.fmx,RB_MRPREPSGS004_6DCAF,MRP/treasury,plsql_specs/MRPREPSGS004.pks.sql,plsql_bodies/MRPREPSGS004.pkb.sql,forms_triggers/MRPREPSGS004.triggers.sql,scaffold_only,5,0,34,"destructive,windows_native",exact PKS/PKB/DDL/FMB mapping
MRPREPSGS005.fmx,RB_MRPREPSGS005_5C1E8,MRP/treasury,plsql_specs/MRPREPSGS005.pks.sql,plsql_bodies/MRPREPSGS005.pkb.sql,forms_triggers/MRPREPSGS005.triggers.sql,scaffold_only,5,0,35,"destructive,windows_native",exact PKS/PKB/DDL/FMB mapping
MRPREPSGS006.fmx,RB_MRPREPSGS006_EF60E,MRP/treasury,plsql_specs/MRPREPSGS006.pks.sql,plsql_bodies/MRPREPSGS006.pkb.sql,forms_triggers/MRPREPSGS006.triggers.sql,scaffold_only,5,0,34,"destructive,windows_native",exact PKS/PKB/DDL/FMB mapping
MRPREPSGS012.fmx,RB_MRPREPSGS012_F0A96,MRP/treasury,plsql_specs/MRPREPSGS012.pks.sql,plsql_bodies/MRPREPSGS012.pkb.sql,forms_triggers/MRPREPSGS012.triggers.sql,scaffold_only,5,0,33,"destructive,windows_native",exact PKS/PKB/DDL/FMB mapping
MRPSFC006.fmx,RB_MRPSFC006_DE3CB,MRP/treasury,plsql_specs/MRPSFC006.pks.sql,plsql_bodies/MRPSFC006.pkb.sql,forms_triggers/MRPSFC006.triggers.sql,scaffold_only,8,1,87,"destructive,windows_native",exact PKS/PKB/DDL/FMB mapping
MRPSFC023.fmx,RB_MRPSFC023_A2403,MRP/treasury,plsql_specs/MRPSFC023.pks.sql,plsql_bodies/MRPSFC023.pkb.sql,forms_triggers/MRPSFC023.triggers.sql,scaffold_only,14,0,111,"destructive,windows_native",exact PKS/PKB/DDL/FMB mapping
MRPSFC025.fmx,RB_MRPSFC025_90998,MRP/treasury,plsql_specs/MRPSFC025.pks.sql,plsql_bodies/MRPSFC025.pkb.sql,forms_triggers/MRPSFC025.triggers.sql,scaffold_only,20,1,255,"destructive,windows_native",exact PKS/PKB/DDL/FMB mapping
MRPSFC026.fmx,RB_MRPSFC026_BFFE8,MRP/treasury,plsql_specs/MRPSFC026.pks.sql,plsql_bodies/MRPSFC026.pkb.sql,forms_triggers/MRPSFC026.triggers.sql,scaffold_only,11,0,114,"destructive,windows_native",exact PKS/PKB/DDL/FMB mapping
MRPSFC027.fmx,RB_MRPSFC027_CF1EC,MRP/treasury,plsql_specs/MRPSFC027.pks.sql,plsql_bodies/MRPSFC027.pkb.sql,forms_triggers/MRPSFC027.triggers.sql,scaffold_only,13,0,108,"destructive,windows_native",exact PKS/PKB/DDL/FMB mapping
MRPSFC028.fmx,RB_MRPSFC028_1FD86,MRP/treasury,plsql_specs/MRPSFC028.pks.sql,plsql_bodies/MRPSFC028.pkb.sql,forms_triggers/MRPSFC028.triggers.sql,scaffold_only,10,0,82,"destructive,windows_native",exact PKS/PKB/DDL/FMB mapping
MRPSFC029.fmx,RB_MRPSFC029_1F1DE,MRP/treasury,plsql_specs/MRPSFC029.pks.sql,plsql_bodies/MRPSFC029.pkb.sql,forms_triggers/MRPSFC029.triggers.sql,scaffold_only,13,0,124,"ddl_privilege,destructive,windows_native",exact PKS/PKB/DDL/FMB mapping
MRPSFC030.fmx,RB_MRPSFC030_FD857,MRP/treasury,plsql_specs/MRPSFC030.pks.sql,plsql_bodies/MRPSFC030.pkb.sql,forms_triggers/MRPSFC030.triggers.sql,scaffold_only,9,1,137,"credentials,destructive,windows_native,session_control",exact PKS/PKB/DDL/FMB mapping
MRPSFC031.fmx,RB_MRPSFC031_46BF8,MRP/treasury,plsql_specs/MRPSFC031.pks.sql,plsql_bodies/MRPSFC031.pkb.sql,forms_triggers/MRPSFC031.triggers.sql,scaffold_only,10,3,117,"credentials,ddl_privilege,destructive,dynamic_sql,windows_native,session_control",exact PKS/PKB/DDL/FMB mapping
MRPSFC032.fmx,RB_MRPSFC032_B04DA,MRP/treasury,plsql_specs/MRPSFC032.pks.sql,plsql_bodies/MRPSFC032.pkb.sql,forms_triggers/MRPSFC032.triggers.sql,scaffold_only,8,0,69,"credentials,ddl_privilege,destructive,windows_native",exact PKS/PKB/DDL/FMB mapping
MRPSFC033.fmx,RB_MRPSFC033_456BB,MRP/treasury,plsql_specs/MRPSFC033.pks.sql,plsql_bodies/MRPSFC033.pkb.sql,forms_triggers/MRPSFC033.triggers.sql,scaffold_only,10,0,77,"credentials,destructive,windows_native",exact PKS/PKB/DDL/FMB mapping
MRPSFC043.fmx,RB_MRPSFC043_F857D,MRP/treasury,plsql_specs/MRPSFC043.pks.sql,plsql_bodies/MRPSFC043.pkb.sql,forms_triggers/MRPSFC043.triggers.sql,scaffold_only,5,0,53,"destructive,windows_native",exact PKS/PKB/DDL/FMB mapping
MRPSFC045.fmx,RB_MRPSFC045_B93BA,MRP/treasury,plsql_specs/MRPSFC045.pks.sql,plsql_bodies/MRPSFC045.pkb.sql,forms_triggers/MRPSFC045.triggers.sql,scaffold_only,4,0,47,"destructive,windows_native",exact PKS/PKB/DDL/FMB mapping
MRPSFC046.fmx,RB_MRPSFC046_294F1,MRP/treasury,plsql_specs/MRPSFC046.pks.sql,plsql_bodies/MRPSFC046.pkb.sql,forms_triggers/MRPSFC046.triggers.sql,scaffold_only,9,0,116,"ddl_privilege,destructive,windows_native,session_control",exact PKS/PKB/DDL/FMB mapping
MRPSFC047.fmx,RB_MRPSFC047_A0DC7,MRP/treasury,plsql_specs/MRPSFC047.pks.sql,plsql_bodies/MRPSFC047.pkb.sql,forms_triggers/MRPSFC047.triggers.sql,scaffold_only,9,1,146,"credentials,destructive,windows_native,session_control",exact PKS/PKB/DDL/FMB mapping
MRPSFC048.fmx,RB_MRPSFC048_11A9D,MRP/treasury,plsql_specs/MRPSFC048.pks.sql,plsql_bodies/MRPSFC048.pkb.sql,forms_triggers/MRPSFC048.triggers.sql,scaffold_only,5,1,59,"credentials,destructive,windows_native",exact PKS/PKB/DDL/FMB mapping
MRPSFC07.fmx,RB_MRPSFC07_2D6D6,MRP/treasury,plsql_specs/MRPSFC07.pks.sql,plsql_bodies/MRPSFC07.pkb.sql,forms_triggers/MRPSFC07.triggers.sql,scaffold_only,5,3,56,"credentials,destructive,windows_native",exact PKS/PKB/DDL/FMB mapping
MRPSGS04.fmx,RB_MRPSGS04_A7145,MRP/treasury,plsql_specs/MRPSGS04.pks.sql,plsql_bodies/MRPSGS04.pkb.sql,forms_triggers/MRPSGS04.triggers.sql,scaffold_only,7,0,37,"ddl_privilege,destructive,windows_native",exact PKS/PKB/DDL/FMB mapping
MRPSGS06.fmx,RB_MRPSGS06_6B9EA,MRP/treasury,plsql_specs/MRPSGS06.pks.sql,plsql_bodies/MRPSGS06.pkb.sql,forms_triggers/MRPSGS06.triggers.sql,scaffold_only,5,0,66,"destructive,windows_native",exact PKS/PKB/DDL/FMB mapping
MRPSGS08.fmx,RB_MRPSGS08_0C236,MRP/treasury,plsql_specs/MRPSGS08.pks.sql,plsql_bodies/MRPSGS08.pkb.sql,forms_triggers/MRPSGS08.triggers.sql,scaffold_only,6,0,54,"ddl_privilege,destructive,windows_native",exact PKS/PKB/DDL/FMB mapping
MRPSGS13.fmx,RB_MRPSGS13_5B005,MRP/treasury,plsql_specs/MRPSGS13.pks.sql,plsql_bodies/MRPSGS13.pkb.sql,forms_triggers/MRPSGS13.triggers.sql,scaffold_only,4,0,62,"destructive,windows_native",exact PKS/PKB/DDL/FMB mapping
MRPUPGRADE.fmx,RB_MRPUPGRADE_ABFC0,MRP/treasury,plsql_specs/MRPUPGRADE.pks.sql,plsql_bodies/MRPUPGRADE.pkb.sql,forms_triggers/MRPUPGRADE.triggers.sql,scaffold_only,4,0,43,"credentials,ddl_privilege,destructive,dynamic_sql,windows_native",exact PKS/PKB/DDL/FMB mapping
MTXAGNT01.fmx,RB_MTXAGNT01_13593,inventory/stock,plsql_specs/MTXAGNT01.pks.sql,plsql_bodies/MTXAGNT01.pkb.sql,forms_triggers/MTXAGNT01.triggers.sql,scaffold_only,7,0,35,"destructive,windows_native",exact PKS/PKB/DDL/FMB mapping
MTXBCK001.fmx,RB_MTXBCK001_2820B,inventory/stock,plsql_specs/MTXBCK001.pks.sql,plsql_bodies/MTXBCK001.pkb.sql,forms_triggers/MTXBCK001.triggers.sql,scaffold_only,6,0,40,"destructive,windows_native",exact PKS/PKB/DDL/FMB mapping
MTXBCK002.fmx,RB_MTXBCK002_1C302,inventory/stock,plsql_specs/MTXBCK002.pks.sql,plsql_bodies/MTXBCK002.pkb.sql,forms_triggers/MTXBCK002.triggers.sql,scaffold_only,6,0,40,"destructive,windows_native",exact PKS/PKB/DDL/FMB mapping
MTXBILR01.fmx,RB_MTXBILR01_7F0C7,inventory/stock,plsql_specs/MTXBILR01.pks.sql,plsql_bodies/MTXBILR01.pkb.sql,forms_triggers/MTXBILR01.triggers.sql,scaffold_only,7,0,41,"destructive,windows_native",exact PKS/PKB/DDL/FMB mapping
MTXBLL001.fmx,RB_MTXBLL001_79806,inventory/stock,plsql_specs/MTXBLL001.pks.sql,plsql_bodies/MTXBLL001.pkb.sql,forms_triggers/MTXBLL001.triggers.sql,scaffold_only,6,1,23,"destructive,windows_native",exact PKS/PKB/DDL/FMB mapping
MTXBLR002.fmx,RB_MTXBLR002_39DFA,inventory/stock,plsql_specs/MTXBLR002.pks.sql,plsql_bodies/MTXBLR002.pkb.sql,forms_triggers/MTXBLR002.triggers.sql,scaffold_only,6,0,35,"destructive,windows_native",exact PKS/PKB/DDL/FMB mapping
MTXBNK001.fmx,RB_MTXBNK001_FB322,inventory/stock,plsql_specs/MTXBNK001.pks.sql,plsql_bodies/MTXBNK001.pkb.sql,forms_triggers/MTXBNK001.triggers.sql,scaffold_only,6,0,31,"destructive,windows_native",exact PKS/PKB/DDL/FMB mapping
MTXCAT001.fmx,RB_MTXCAT001_6B4F2,inventory/stock,plsql_specs/MTXCAT001.pks.sql,plsql_bodies/MTXCAT001.pkb.sql,forms_triggers/MTXCAT001.triggers.sql,scaffold_only,17,5,107,"destructive,windows_native",exact PKS/PKB/DDL/FMB mapping
MTXCATR01.fmx,RB_MTXCATR01_30358,inventory/stock,plsql_specs/MTXCATR01.pks.sql,plsql_bodies/MTXCATR01.pkb.sql,forms_triggers/MTXCATR01.triggers.sql,scaffold_only,16,5,101,"destructive,windows_native",exact PKS/PKB/DDL/FMB mapping
MTXCCK001.fmx,RB_MTXCCK001_B7570,inventory/stock,plsql_specs/MTXCCK001.pks.sql,plsql_bodies/MTXCCK001.pkb.sql,forms_triggers/MTXCCK001.triggers.sql,scaffold_only,8,4,53,"destructive,windows_native",exact PKS/PKB/DDL/FMB mapping
MTXCHKR001.fmx,RB_MTXCHKR001_36169,inventory/stock,plsql_specs/MTXCHKR001.pks.sql,plsql_bodies/MTXCHKR001.pkb.sql,forms_triggers/MTXCHKR001.triggers.sql,scaffold_only,6,1,36,"destructive,windows_native",exact PKS/PKB/DDL/FMB mapping
MTXCHKR03.fmx,RB_MTXCHKR03_D2903,inventory/stock,plsql_specs/MTXCHKR03.pks.sql,plsql_bodies/MTXCHKR03.pkb.sql,forms_triggers/MTXCHKR03.triggers.sql,scaffold_only,7,0,28,"destructive,windows_native",exact PKS/PKB/DDL/FMB mapping
MTXCOD006.fmx,RB_MTXCOD006_EE12A,inventory/stock,plsql_specs/MTXCOD006.pks.sql,plsql_bodies/MTXCOD006.pkb.sql,forms_triggers/MTXCOD006.triggers.sql,scaffold_only,6,0,18,"destructive,windows_native",exact PKS/PKB/DDL/FMB mapping
MTXCOD007.fmx,RB_MTXCOD007_E9D93,inventory/stock,plsql_specs/MTXCOD007.pks.sql,plsql_bodies/MTXCOD007.pkb.sql,forms_triggers/MTXCOD007.triggers.sql,scaffold_only,6,0,18,"destructive,windows_native",exact PKS/PKB/DDL/FMB mapping
MTXCOD008.fmx,RB_MTXCOD008_2CD6F,inventory/stock,plsql_specs/MTXCOD008.pks.sql,plsql_bodies/MTXCOD008.pkb.sql,forms_triggers/MTXCOD008.triggers.sql,scaffold_only,6,0,18,"destructive,windows_native",exact PKS/PKB/DDL/FMB mapping
MTXCOD009.fmx,RB_MTXCOD009_DCB8C,inventory/stock,plsql_specs/MTXCOD009.pks.sql,plsql_bodies/MTXCOD009.pkb.sql,forms_triggers/MTXCOD009.triggers.sql,scaffold_only,6,0,20,"credentials,destructive,windows_native",exact PKS/PKB/DDL/FMB mapping
MTXCOD010.fmx,RB_MTXCOD010_A5C2A,inventory/stock,plsql_specs/MTXCOD010.pks.sql,plsql_bodies/MTXCOD010.pkb.sql,forms_triggers/MTXCOD010.triggers.sql,scaffold_only,6,0,19,"destructive,windows_native",exact PKS/PKB/DDL/FMB mapping
MTXCOD011.fmx,RB_MTXCOD011_048C5,inventory/stock,plsql_specs/MTXCOD011.pks.sql,plsql_bodies/MTXCOD011.pkb.sql,forms_triggers/MTXCOD011.triggers.sql,scaffold_only,6,0,20,"destructive,windows_native",exact PKS/PKB/DDL/FMB mapping
MTXCOD021.fmx,RB_MTXCOD021_AB88F,inventory/stock,plsql_specs/MTXCOD021.pks.sql,plsql_bodies/MTXCOD021.pkb.sql,forms_triggers/MTXCOD021.triggers.sql,scaffold_only,6,0,18,"destructive,windows_native",exact PKS/PKB/DDL/FMB mapping
MTXCOM001.fmx,RB_MTXCOM001_BC3D2,inventory/stock,plsql_specs/MTXCOM001.pks.sql,plsql_bodies/MTXCOM001.pkb.sql,forms_triggers/MTXCOM001.triggers.sql,scaffold_only,6,0,32,"destructive,windows_native",exact PKS/PKB/DDL/FMB mapping
MTXCOM002.fmx,RB_MTXCOM002_76990,inventory/stock,plsql_specs/MTXCOM002.pks.sql,plsql_bodies/MTXCOM002.pkb.sql,forms_triggers/MTXCOM002.triggers.sql,scaffold_only,6,0,29,"credentials,destructive,windows_native",exact PKS/PKB/DDL/FMB mapping
MTXCOM003.fmx,RB_MTXCOM003_81FE3,inventory/stock,plsql_specs/MTXCOM003.pks.sql,plsql_bodies/MTXCOM003.pkb.sql,forms_triggers/MTXCOM003.triggers.sql,scaffold_only,6,5,67,"credentials,destructive,windows_native",exact PKS/PKB/DDL/FMB mapping
MTXCOM004.fmx,RB_MTXCOM004_FE332,inventory/stock,plsql_specs/MTXCOM004.pks.sql,plsql_bodies/MTXCOM004.pkb.sql,forms_triggers/MTXCOM004.triggers.sql,scaffold_only,6,3,63,"destructive,windows_native",exact PKS/PKB/DDL/FMB mapping
MTXCRP003.fmx,RB_MTXCRP003_16101,inventory/stock,plsql_specs/MTXCRP003.pks.sql,plsql_bodies/MTXCRP003.pkb.sql,forms_triggers/MTXCRP003.triggers.sql,scaffold_only,6,0,28,"destructive,windows_native",exact PKS/PKB/DDL/FMB mapping
MTXCRP004.fmx,RB_MTXCRP004_36EF0,inventory/stock,plsql_specs/MTXCRP004.pks.sql,plsql_bodies/MTXCRP004.pkb.sql,forms_triggers/MTXCRP004.triggers.sql,scaffold_only,6,0,32,"destructive,windows_native",exact PKS/PKB/DDL/FMB mapping
MTXCRP005.fmx,RB_MTXCRP005_9B5A1,inventory/stock,plsql_specs/MTXCRP005.pks.sql,plsql_bodies/MTXCRP005.pkb.sql,forms_triggers/MTXCRP005.triggers.sql,scaffold_only,6,0,30,"destructive,windows_native",exact PKS/PKB/DDL/FMB mapping
MTXCSHR02.fmx,RB_MTXCSHR02_0D8B2,inventory/stock,plsql_specs/MTXCSHR02.pks.sql,plsql_bodies/MTXCSHR02.pkb.sql,forms_triggers/MTXCSHR02.triggers.sql,scaffold_only,6,0,39,"destructive,windows_native",exact PKS/PKB/DDL/FMB mapping
MTXCSHR03.fmx,RB_MTXCSHR03_96CC2,inventory/stock,plsql_specs/MTXCSHR03.pks.sql,plsql_bodies/MTXCSHR03.pkb.sql,forms_triggers/MTXCSHR03.triggers.sql,scaffold_only,6,0,37,"destructive,windows_native",exact PKS/PKB/DDL/FMB mapping
MTXCSTR01.fmx,RB_MTXCSTR01_D40C3,inventory/stock,plsql_specs/MTXCSTR01.pks.sql,plsql_bodies/MTXCSTR01.pkb.sql,forms_triggers/MTXCSTR01.triggers.sql,scaffold_only,8,3,52,"destructive,windows_native",exact PKS/PKB/DDL/FMB mapping
MTXFEE005.fmx,RB_MTXFEE005_CC0D8,inventory/stock,plsql_specs/MTXFEE005.pks.sql,plsql_bodies/MTXFEE005.pkb.sql,forms_triggers/MTXFEE005.triggers.sql,scaffold_only,6,1,30,"destructive,windows_native",exact PKS/PKB/DDL/FMB mapping
MTXGLD004.fmx,RB_MTXGLD004_00538,inventory/stock,plsql_specs/MTXGLD004.pks.sql,plsql_bodies/MTXGLD004.pkb.sql,forms_triggers/MTXGLD004.triggers.sql,scaffold_only,8,7,70,"destructive,windows_native",exact PKS/PKB/DDL/FMB mapping
MTXGLD008.fmx,RB_MTXGLD008_0F4B7,inventory/stock,plsql_specs/MTXGLD008.pks.sql,plsql_bodies/MTXGLD008.pkb.sql,forms_triggers/MTXGLD008.triggers.sql,scaffold_only,14,9,250,"destructive,windows_native,network",exact PKS/PKB/DDL/FMB mapping
MTXGLD018.fmx,RB_MTXGLD018_37856,inventory/stock,plsql_specs/MTXGLD018.pks.sql,plsql_bodies/MTXGLD018.pkb.sql,forms_triggers/MTXGLD018.triggers.sql,scaffold_only,17,8,117,"destructive,windows_native",exact PKS/PKB/DDL/FMB mapping
MTXGLD019.fmx,RB_MTXGLD019_9F159,inventory/stock,plsql_specs/MTXGLD019.pks.sql,plsql_bodies/MTXGLD019.pkb.sql,forms_triggers/MTXGLD019.triggers.sql,scaffold_only,17,7,103,"destructive,windows_native",exact PKS/PKB/DDL/FMB mapping
MTXGLD021.fmx,RB_MTXGLD021_03316,inventory/stock,plsql_specs/MTXGLD021.pks.sql,plsql_bodies/MTXGLD021.pkb.sql,forms_triggers/MTXGLD021.triggers.sql,scaffold_only,15,11,148,"destructive,windows_native",exact PKS/PKB/DDL/FMB mapping
MTXGLR018.fmx,RB_MTXGLR018_2071E,inventory/stock,plsql_specs/MTXGLR018.pks.sql,plsql_bodies/MTXGLR018.pkb.sql,forms_triggers/MTXGLR018.triggers.sql,scaffold_only,17,6,113,"destructive,windows_native",exact PKS/PKB/DDL/FMB mapping
MTXGLR019.fmx,RB_MTXGLR019_2B5D9,inventory/stock,plsql_specs/MTXGLR019.pks.sql,plsql_bodies/MTXGLR019.pkb.sql,forms_triggers/MTXGLR019.triggers.sql,scaffold_only,17,6,112,"destructive,windows_native",exact PKS/PKB/DDL/FMB mapping
MTXGRP009.fmx,RB_MTXGRP009_C9977,inventory/stock,plsql_specs/MTXGRP009.pks.sql,plsql_bodies/MTXGRP009.pkb.sql,forms_triggers/MTXGRP009.triggers.sql,scaffold_only,6,0,35,"destructive,windows_native",exact PKS/PKB/DDL/FMB mapping
MTXIAMD01.fmx,RB_MTXIAMD01_9C4BD,inventory/stock,plsql_specs/MTXIAMD01.pks.sql,plsql_bodies/MTXIAMD01.pkb.sql,forms_triggers/MTXIAMD01.triggers.sql,scaffold_only,7,0,37,"destructive,windows_native",exact PKS/PKB/DDL/FMB mapping
MTXINR001.fmx,RB_MTXINR001_41080,inventory/stock,plsql_specs/MTXINR001.pks.sql,plsql_bodies/MTXINR001.pkb.sql,forms_triggers/MTXINR001.triggers.sql,scaffold_only,6,0,27,"destructive,windows_native",exact PKS/PKB/DDL/FMB mapping
MTXINR002.fmx,RB_MTXINR002_03D65,inventory/stock,plsql_specs/MTXINR002.pks.sql,plsql_bodies/MTXINR002.pkb.sql,forms_triggers/MTXINR002.triggers.sql,scaffold_only,6,0,49,"destructive,windows_native",exact PKS/PKB/DDL/FMB mapping
MTXINR003.fmx,RB_MTXINR003_2CA55,inventory/stock,plsql_specs/MTXINR003.pks.sql,plsql_bodies/MTXINR003.pkb.sql,forms_triggers/MTXINR003.triggers.sql,scaffold_only,6,0,34,"destructive,windows_native",exact PKS/PKB/DDL/FMB mapping
MTXINR018.fmx,RB_MTXINR018_241EB,inventory/stock,plsql_specs/MTXINR018.pks.sql,plsql_bodies/MTXINR018.pkb.sql,forms_triggers/MTXINR018.triggers.sql,scaffold_only,6,0,38,"destructive,windows_native",exact PKS/PKB/DDL/FMB mapping
MTXINR021.fmx,RB_MTXINR021_0ED42,inventory/stock,plsql_specs/MTXINR021.pks.sql,plsql_bodies/MTXINR021.pkb.sql,forms_triggers/MTXINR021.triggers.sql,scaffold_only,8,4,49,"destructive,windows_native",exact PKS/PKB/DDL/FMB mapping
MTXINW002.fmx,RB_MTXINW002_CB494,inventory/stock,plsql_specs/MTXINW002.pks.sql,plsql_bodies/MTXINW002.pkb.sql,forms_triggers/MTXINW002.triggers.sql,scaffold_only,8,3,157,"destructive,dynamic_sql,windows_native",exact PKS/PKB/DDL/FMB mapping
MTXINW003.fmx,RB_MTXINW003_B8643,inventory/stock,plsql_specs/MTXINW003.pks.sql,plsql_bodies/MTXINW003.pkb.sql,forms_triggers/MTXINW003.triggers.sql,scaffold_only,10,6,150,"destructive,windows_native,network",exact PKS/PKB/DDL/FMB mapping
MTXINW006.fmx,RB_MTXINW006_27467,inventory/stock,plsql_specs/MTXINW006.pks.sql,plsql_bodies/MTXINW006.pkb.sql,forms_triggers/MTXINW006.triggers.sql,scaffold_only,8,2,65,"destructive,windows_native",exact PKS/PKB/DDL/FMB mapping
MTXINW007.fmx,RB_MTXINW007_ED9A8,inventory/stock,plsql_specs/MTXINW007.pks.sql,plsql_bodies/MTXINW007.pkb.sql,forms_triggers/MTXINW007.triggers.sql,scaffold_only,6,2,31,"destructive,windows_native",exact PKS/PKB/DDL/FMB mapping
MTXINW008.fmx,RB_MTXINW008_A60BF,inventory/stock,plsql_specs/MTXINW008.pks.sql,plsql_bodies/MTXINW008.pkb.sql,forms_triggers/MTXINW008.triggers.sql,scaffold_only,9,2,87,"destructive,windows_native",exact PKS/PKB/DDL/FMB mapping
MTXINW009.fmx,RB_MTXINW009_B61B4,inventory/stock,plsql_specs/MTXINW009.pks.sql,plsql_bodies/MTXINW009.pkb.sql,forms_triggers/MTXINW009.triggers.sql,scaffold_only,8,0,74,"destructive,windows_native",exact PKS/PKB/DDL/FMB mapping
MTXINW010.fmx,RB_MTXINW010_91C21,inventory/stock,plsql_specs/MTXINW010.pks.sql,plsql_bodies/MTXINW010.pkb.sql,forms_triggers/MTXINW010.triggers.sql,scaffold_only,9,6,74,"destructive,windows_native",exact PKS/PKB/DDL/FMB mapping
MTXMNT001.fmx,RB_MTXMNT001_831A2,inventory/stock,plsql_specs/MTXMNT001.pks.sql,plsql_bodies/MTXMNT001.pkb.sql,forms_triggers/MTXMNT001.triggers.sql,scaffold_only,6,1,45,"destructive,windows_native",exact PKS/PKB/DDL/FMB mapping
MTXMNT003.fmx,RB_MTXMNT003_901D5,inventory/stock,plsql_specs/MTXMNT003.pks.sql,plsql_bodies/MTXMNT003.pkb.sql,forms_triggers/MTXMNT003.triggers.sql,scaffold_only,7,0,125,"credentials,destructive,windows_native",exact PKS/PKB/DDL/FMB mapping
MTXMNT007.fmx,RB_MTXMNT007_F0876,inventory/stock,plsql_specs/MTXMNT007.pks.sql,plsql_bodies/MTXMNT007.pkb.sql,forms_triggers/MTXMNT007.triggers.sql,scaffold_only,10,4,118,"credentials,destructive,windows_native",exact PKS/PKB/DDL/FMB mapping
MTXMNT010.fmx,RB_MTXMNT010_AB6E9,inventory/stock,plsql_specs/MTXMNT010.pks.sql,plsql_bodies/MTXMNT010.pkb.sql,forms_triggers/MTXMNT010.triggers.sql,scaffold_only,6,1,33,"destructive,windows_native",exact PKS/PKB/DDL/FMB mapping
MTXOAMD01.fmx,RB_MTXOAMD01_A7C45,inventory/stock,plsql_specs/MTXOAMD01.pks.sql,plsql_bodies/MTXOAMD01.pkb.sql,forms_triggers/MTXOAMD01.triggers.sql,scaffold_only,7,0,38,"destructive,windows_native",exact PKS/PKB/DDL/FMB mapping
MTXOCKR001.fmx,RB_MTXOCKR001_3F507,inventory/stock,plsql_specs/MTXOCKR001.pks.sql,plsql_bodies/MTXOCKR001.pkb.sql,forms_triggers/MTXOCKR001.triggers.sql,scaffold_only,6,0,31,"destructive,windows_native",exact PKS/PKB/DDL/FMB mapping
MTXOCKR002.fmx,RB_MTXOCKR002_26379,inventory/stock,plsql_specs/MTXOCKR002.pks.sql,plsql_bodies/MTXOCKR002.pkb.sql,forms_triggers/MTXOCKR002.triggers.sql,scaffold_only,6,0,27,"destructive,windows_native",exact PKS/PKB/DDL/FMB mapping
MTXOCKR003.fmx,RB_MTXOCKR003_FF98F,inventory/stock,plsql_specs/MTXOCKR003.pks.sql,plsql_bodies/MTXOCKR003.pkb.sql,forms_triggers/MTXOCKR003.triggers.sql,scaffold_only,6,0,27,"destructive,windows_native",exact PKS/PKB/DDL/FMB mapping
MTXOCKR004.fmx,RB_MTXOCKR004_1FE95,inventory/stock,plsql_specs/MTXOCKR004.pks.sql,plsql_bodies/MTXOCKR004.pkb.sql,forms_triggers/MTXOCKR004.triggers.sql,scaffold_only,6,0,27,"destructive,windows_native",exact PKS/PKB/DDL/FMB mapping
MTXOCKR005.fmx,RB_MTXOCKR005_B658A,inventory/stock,plsql_specs/MTXOCKR005.pks.sql,plsql_bodies/MTXOCKR005.pkb.sql,forms_triggers/MTXOCKR005.triggers.sql,scaffold_only,6,0,27,"destructive,windows_native",exact PKS/PKB/DDL/FMB mapping
MTXOCKR006.fmx,RB_MTXOCKR006_92A8B,inventory/stock,plsql_specs/MTXOCKR006.pks.sql,plsql_bodies/MTXOCKR006.pkb.sql,forms_triggers/MTXOCKR006.triggers.sql,scaffold_only,6,0,32,"destructive,windows_native",exact PKS/PKB/DDL/FMB mapping
MTXOUT001.fmx,RB_MTXOUT001_35271,inventory/stock,plsql_specs/MTXOUT001.pks.sql,plsql_bodies/MTXOUT001.pkb.sql,forms_triggers/MTXOUT001.triggers.sql,scaffold_only,19,5,174,"destructive,dynamic_sql,windows_native,network",exact PKS/PKB/DDL/FMB mapping
MTXOUT002.fmx,RB_MTXOUT002_67FD6,inventory/stock,plsql_specs/MTXOUT002.pks.sql,plsql_bodies/MTXOUT002.pkb.sql,forms_triggers/MTXOUT002.triggers.sql,scaffold_only,6,1,34,"destructive,windows_native",exact PKS/PKB/DDL/FMB mapping
MTXOUT003.fmx,RB_MTXOUT003_2C9A2,inventory/stock,plsql_specs/MTXOUT003.pks.sql,plsql_bodies/MTXOUT003.pkb.sql,forms_triggers/MTXOUT003.triggers.sql,scaffold_only,6,0,60,"destructive,windows_native,network",exact PKS/PKB/DDL/FMB mapping
MTXOUT004.fmx,RB_MTXOUT004_D2C3B,inventory/stock,plsql_specs/MTXOUT004.pks.sql,plsql_bodies/MTXOUT004.pkb.sql,forms_triggers/MTXOUT004.triggers.sql,scaffold_only,12,7,206,"destructive,dynamic_sql,windows_native,network",exact PKS/PKB/DDL/FMB mapping
MTXOUT005.fmx,RB_MTXOUT005_07F5E,inventory/stock,plsql_specs/MTXOUT005.pks.sql,plsql_bodies/MTXOUT005.pkb.sql,forms_triggers/MTXOUT005.triggers.sql,scaffold_only,7,6,128,"destructive,windows_native,network",exact PKS/PKB/DDL/FMB mapping
MTXOUT010.fmx,RB_MTXOUT010_1BF31,inventory/stock,plsql_specs/MTXOUT010.pks.sql,plsql_bodies/MTXOUT010.pkb.sql,forms_triggers/MTXOUT010.triggers.sql,scaffold_only,6,1,58,"destructive,windows_native",exact PKS/PKB/DDL/FMB mapping
MTXOUT014.fmx,RB_MTXOUT014_E47E2,inventory/stock,plsql_specs/MTXOUT014.pks.sql,plsql_bodies/MTXOUT014.pkb.sql,forms_triggers/MTXOUT014.triggers.sql,scaffold_only,6,1,44,"destructive,windows_native",exact PKS/PKB/DDL/FMB mapping
MTXOUT015.fmx,RB_MTXOUT015_344B0,inventory/stock,plsql_specs/MTXOUT015.pks.sql,plsql_bodies/MTXOUT015.pkb.sql,forms_triggers/MTXOUT015.triggers.sql,scaffold_only,6,1,46,"destructive,windows_native",exact PKS/PKB/DDL/FMB mapping
MTXOUT016.fmx,RB_MTXOUT016_DB71D,inventory/stock,plsql_specs/MTXOUT016.pks.sql,plsql_bodies/MTXOUT016.pkb.sql,forms_triggers/MTXOUT016.triggers.sql,scaffold_only,6,0,31,"destructive,windows_native",exact PKS/PKB/DDL/FMB mapping
MTXOUT017.fmx,RB_MTXOUT017_35E2E,inventory/stock,plsql_specs/MTXOUT017.pks.sql,plsql_bodies/MTXOUT017.pkb.sql,forms_triggers/MTXOUT017.triggers.sql,scaffold_only,9,0,77,"destructive,windows_native",exact PKS/PKB/DDL/FMB mapping
MTXOUT018.fmx,RB_MTXOUT018_9C08C,inventory/stock,plsql_specs/MTXOUT018.pks.sql,plsql_bodies/MTXOUT018.pkb.sql,forms_triggers/MTXOUT018.triggers.sql,scaffold_only,8,2,54,"destructive,windows_native",exact PKS/PKB/DDL/FMB mapping
MTXOUT019.fmx,RB_MTXOUT019_3D2B4,inventory/stock,plsql_specs/MTXOUT019.pks.sql,plsql_bodies/MTXOUT019.pkb.sql,forms_triggers/MTXOUT019.triggers.sql,scaffold_only,8,0,48,"destructive,windows_native",exact PKS/PKB/DDL/FMB mapping
MTXOUTR001.fmx,RB_MTXOUTR001_98450,inventory/stock,plsql_specs/MTXOUTR001.pks.sql,plsql_bodies/MTXOUTR001.pkb.sql,forms_triggers/MTXOUTR001.triggers.sql,scaffold_only,6,0,27,"destructive,windows_native",exact PKS/PKB/DDL/FMB mapping
MTXOUTR008.fmx,RB_MTXOUTR008_0418E,inventory/stock,plsql_specs/MTXOUTR008.pks.sql,plsql_bodies/MTXOUTR008.pkb.sql,forms_triggers/MTXOUTR008.triggers.sql,scaffold_only,7,1,32,"destructive,windows_native",exact PKS/PKB/DDL/FMB mapping
MTXOUTR010.fmx,RB_MTXOUTR010_B34F2,inventory/stock,plsql_specs/MTXOUTR010.pks.sql,plsql_bodies/MTXOUTR010.pkb.sql,forms_triggers/MTXOUTR010.triggers.sql,scaffold_only,7,0,35,"destructive,windows_native",exact PKS/PKB/DDL/FMB mapping
MTXOUTR011.fmx,RB_MTXOUTR011_548AD,inventory/stock,plsql_specs/MTXOUTR011.pks.sql,plsql_bodies/MTXOUTR011.pkb.sql,forms_triggers/MTXOUTR011.triggers.sql,scaffold_only,7,0,36,"destructive,windows_native",exact PKS/PKB/DDL/FMB mapping
MTXOUTR09.fmx,RB_MTXOUTR09_344BD,inventory/stock,plsql_specs/MTXOUTR09.pks.sql,plsql_bodies/MTXOUTR09.pkb.sql,forms_triggers/MTXOUTR09.triggers.sql,scaffold_only,7,0,38,"destructive,windows_native",exact PKS/PKB/DDL/FMB mapping
MTXRESBKUP.fmx,RB_MTXRESBKUP_91E2D,inventory/stock,plsql_specs/MTXRESBKUP.pks.sql,plsql_bodies/MTXRESBKUP.pkb.sql,forms_triggers/MTXRESBKUP.triggers.sql,scaffold_only,2,0,32,"credentials,ddl_privilege,destructive,windows_native",exact PKS/PKB/DDL/FMB mapping
MTXROP002.fmx,RB_MTXROP002_FF6CA,inventory/stock,plsql_specs/MTXROP002.pks.sql,plsql_bodies/MTXROP002.pkb.sql,forms_triggers/MTXROP002.triggers.sql,scaffold_only,6,1,52,"destructive,windows_native",exact PKS/PKB/DDL/FMB mapping
MTXRP39.fmx,RB_MTXRP39_EC2E5,inventory/stock,plsql_specs/MTXRP39.pks.sql,plsql_bodies/MTXRP39.pkb.sql,forms_triggers/MTXRP39.triggers.sql,scaffold_only,7,0,37,"destructive,windows_native",exact PKS/PKB/DDL/FMB mapping
MTXSTP001.fmx,RB_MTXSTP001_0BD24,inventory/stock,plsql_specs/MTXSTP001.pks.sql,plsql_bodies/MTXSTP001.pkb.sql,forms_triggers/MTXSTP001.triggers.sql,scaffold_only,17,5,92,"ddl_privilege,destructive,windows_native",exact PKS/PKB/DDL/FMB mapping
MTXSTP002.fmx,RB_MTXSTP002_18F3F,inventory/stock,plsql_specs/MTXSTP002.pks.sql,plsql_bodies/MTXSTP002.pkb.sql,forms_triggers/MTXSTP002.triggers.sql,scaffold_only,6,0,38,"destructive,windows_native",exact PKS/PKB/DDL/FMB mapping
MTXSTP006.fmx,RB_MTXSTP006_3EF44,inventory/stock,plsql_specs/MTXSTP006.pks.sql,plsql_bodies/MTXSTP006.pkb.sql,forms_triggers/MTXSTP006.triggers.sql,scaffold_only,6,1,30,"destructive,windows_native",exact PKS/PKB/DDL/FMB mapping
MTXSTP007.fmx,RB_MTXSTP007_C94DF,inventory/stock,plsql_specs/MTXSTP007.pks.sql,plsql_bodies/MTXSTP007.pkb.sql,forms_triggers/MTXSTP007.triggers.sql,scaffold_only,6,0,21,"destructive,windows_native",exact PKS/PKB/DDL/FMB mapping
MTXSTP009.fmx,RB_MTXSTP009_459EC,inventory/stock,plsql_specs/MTXSTP009.pks.sql,plsql_bodies/MTXSTP009.pkb.sql,forms_triggers/MTXSTP009.triggers.sql,scaffold_only,6,0,26,"destructive,windows_native",exact PKS/PKB/DDL/FMB mapping
MTXSTP010.fmx,RB_MTXSTP010_1A0F8,inventory/stock,plsql_specs/MTXSTP010.pks.sql,plsql_bodies/MTXSTP010.pkb.sql,forms_triggers/MTXSTP010.triggers.sql,scaffold_only,8,1,48,"destructive,windows_native",exact PKS/PKB/DDL/FMB mapping
MTXSTP011.fmx,RB_MTXSTP011_09681,inventory/stock,plsql_specs/MTXSTP011.pks.sql,plsql_bodies/MTXSTP011.pkb.sql,forms_triggers/MTXSTP011.triggers.sql,scaffold_only,6,0,45,"destructive,windows_native",exact PKS/PKB/DDL/FMB mapping
MTXSTP012.fmx,RB_MTXSTP012_7BE7B,inventory/stock,plsql_specs/MTXSTP012.pks.sql,plsql_bodies/MTXSTP012.pkb.sql,forms_triggers/MTXSTP012.triggers.sql,scaffold_only,6,0,46,"destructive,windows_native",exact PKS/PKB/DDL/FMB mapping
MTXSTP022.fmx,RB_MTXSTP022_97CCC,inventory/stock,plsql_specs/MTXSTP022.pks.sql,plsql_bodies/MTXSTP022.pkb.sql,forms_triggers/MTXSTP022.triggers.sql,scaffold_only,8,2,40,"destructive,windows_native",exact PKS/PKB/DDL/FMB mapping
MTXSTP024.fmx,RB_MTXSTP024_F179E,inventory/stock,plsql_specs/MTXSTP024.pks.sql,plsql_bodies/MTXSTP024.pkb.sql,forms_triggers/MTXSTP024.triggers.sql,scaffold_only,6,0,46,"destructive,windows_native",exact PKS/PKB/DDL/FMB mapping
MTXSTP026.fmx,RB_MTXSTP026_6AEEA,inventory/stock,plsql_specs/MTXSTP026.pks.sql,plsql_bodies/MTXSTP026.pkb.sql,forms_triggers/MTXSTP026.triggers.sql,scaffold_only,6,3,44,"destructive,windows_native",exact PKS/PKB/DDL/FMB mapping
MTXSTP036.fmx,RB_MTXSTP036_D4854,inventory/stock,plsql_specs/MTXSTP036.pks.sql,plsql_bodies/MTXSTP036.pkb.sql,forms_triggers/MTXSTP036.triggers.sql,scaffold_only,6,0,21,"destructive,windows_native",exact PKS/PKB/DDL/FMB mapping
MTXSTP040.fmx,RB_MTXSTP040_1BA0E,inventory/stock,plsql_specs/MTXSTP040.pks.sql,plsql_bodies/MTXSTP040.pkb.sql,forms_triggers/MTXSTP040.triggers.sql,scaffold_only,6,1,33,"destructive,windows_native",exact PKS/PKB/DDL/FMB mapping
MTXSTP042.fmx,RB_MTXSTP042_A7D44,inventory/stock,plsql_specs/MTXSTP042.pks.sql,plsql_bodies/MTXSTP042.pkb.sql,forms_triggers/MTXSTP042.triggers.sql,scaffold_only,8,0,39,"destructive,windows_native",exact PKS/PKB/DDL/FMB mapping
MTXSTP043.fmx,RB_MTXSTP043_D5155,inventory/stock,plsql_specs/MTXSTP043.pks.sql,plsql_bodies/MTXSTP043.pkb.sql,forms_triggers/MTXSTP043.triggers.sql,scaffold_only,14,2,60,"destructive,windows_native",exact PKS/PKB/DDL/FMB mapping
MTXTRS001.fmx,RB_MTXTRS001_181B7,inventory/stock,plsql_specs/MTXTRS001.pks.sql,plsql_bodies/MTXTRS001.pkb.sql,forms_triggers/MTXTRS001.triggers.sql,scaffold_only,14,4,88,"destructive,windows_native",exact PKS/PKB/DDL/FMB mapping
MTXTRS002.fmx,RB_MTXTRS002_E964F,inventory/stock,plsql_specs/MTXTRS002.pks.sql,plsql_bodies/MTXTRS002.pkb.sql,forms_triggers/MTXTRS002.triggers.sql,scaffold_only,13,4,86,"destructive,windows_native",exact PKS/PKB/DDL/FMB mapping
MTXTRSR01.fmx,RB_MTXTRSR01_40F39,inventory/stock,plsql_specs/MTXTRSR01.pks.sql,plsql_bodies/MTXTRSR01.pkb.sql,forms_triggers/MTXTRSR01.triggers.sql,scaffold_only,8,3,38,"destructive,windows_native",exact PKS/PKB/DDL/FMB mapping
MTXTRSR02.fmx,RB_MTXTRSR02_4F4FA,inventory/stock,plsql_specs/MTXTRSR02.pks.sql,plsql_bodies/MTXTRSR02.pkb.sql,forms_triggers/MTXTRSR02.triggers.sql,scaffold_only,8,3,42,"destructive,windows_native",exact PKS/PKB/DDL/FMB mapping
MTXTRSR03.fmx,RB_MTXTRSR03_9A1A4,inventory/stock,plsql_specs/MTXTRSR03.pks.sql,plsql_bodies/MTXTRSR03.pkb.sql,forms_triggers/MTXTRSR03.triggers.sql,scaffold_only,8,3,38,"destructive,windows_native",exact PKS/PKB/DDL/FMB mapping
MTXTRV002.fmx,RB_MTXTRV002_208C2,inventory/stock,plsql_specs/MTXTRV002.pks.sql,plsql_bodies/MTXTRV002.pkb.sql,forms_triggers/MTXTRV002.triggers.sql,scaffold_only,6,1,27,"credentials,destructive,windows_native",exact PKS/PKB/DDL/FMB mapping
MTXTRV004.fmx,RB_MTXTRV004_05DFA,inventory/stock,plsql_specs/MTXTRV004.pks.sql,plsql_bodies/MTXTRV004.pkb.sql,forms_triggers/MTXTRV004.triggers.sql,scaffold_only,6,0,37,"destructive,windows_native",exact PKS/PKB/DDL/FMB mapping
MTXWST002.fmx,RB_MTXWST002_9CD74,inventory/stock,plsql_specs/MTXWST002.pks.sql,plsql_bodies/MTXWST002.pkb.sql,forms_triggers/MTXWST002.triggers.sql,scaffold_only,7,7,72,"destructive,windows_native",exact PKS/PKB/DDL/FMB mapping
MTXWST003.fmx,RB_MTXWST003_3710E,inventory/stock,plsql_specs/MTXWST003.pks.sql,plsql_bodies/MTXWST003.pkb.sql,forms_triggers/MTXWST003.triggers.sql,scaffold_only,7,0,35,"destructive,windows_native",exact PKS/PKB/DDL/FMB mapping
MTXXCH009.fmx,RB_MTXXCH009_38D1D,inventory/stock,plsql_specs/MTXXCH009.pks.sql,plsql_bodies/MTXXCH009.pkb.sql,forms_triggers/MTXXCH009.triggers.sql,scaffold_only,8,1,68,"destructive,windows_native",exact PKS/PKB/DDL/FMB mapping
MTXXCH011.fmx,RB_MTXXCH011_9EEE2,inventory/stock,plsql_specs/MTXXCH011.pks.sql,plsql_bodies/MTXXCH011.pkb.sql,forms_triggers/MTXXCH011.triggers.sql,scaffold_only,7,2,71,"destructive,windows_native",exact PKS/PKB/DDL/FMB mapping
MTX_ERP_DBA.fmx,RB_MTX_ERP_DBA_4B6BA,inventory/stock,plsql_specs/MTX_ERP_DBA.pks.sql,plsql_bodies/MTX_ERP_DBA.pkb.sql,forms_triggers/MTX_ERP_DBA.triggers.sql,scaffold_only,14,0,39,"credentials,ddl_privilege,windows_native",exact PKS/PKB/DDL/FMB mapping
MtxXrp001.fmx,RB_MTXXRP001_86A3C,inventory/stock,plsql_specs/MtxXrp001.pks.sql,plsql_bodies/MtxXrp001.pkb.sql,forms_triggers/MtxXrp001.triggers.sql,scaffold_only,6,0,29,"destructive,windows_native",exact PKS/PKB/DDL/FMB mapping
MtxXrp002.fmx,RB_MTXXRP002_122D0,inventory/stock,plsql_specs/MtxXrp002.pks.sql,plsql_bodies/MtxXrp002.pkb.sql,forms_triggers/MtxXrp002.triggers.sql,scaffold_only,8,3,43,"destructive,windows_native",exact PKS/PKB/DDL/FMB mapping
MtxXrp003.fmx,RB_MTXXRP003_E777C,inventory/stock,plsql_specs/MtxXrp003.pks.sql,plsql_bodies/MtxXrp003.pkb.sql,forms_triggers/MtxXrp003.triggers.sql,scaffold_only,8,3,40,"destructive,windows_native",exact PKS/PKB/DDL/FMB mapping
MtxXrp004.fmx,RB_MTXXRP004_CA929,inventory/stock,plsql_specs/MtxXrp004.pks.sql,plsql_bodies/MtxXrp004.pkb.sql,forms_triggers/MtxXrp004.triggers.sql,scaffold_only,8,3,40,"destructive,windows_native",exact PKS/PKB/DDL/FMB mapping
MtxXrp022.fmx,RB_MTXXRP022_30898,inventory/stock,plsql_specs/MtxXrp022.pks.sql,plsql_bodies/MtxXrp022.pkb.sql,forms_triggers/MtxXrp022.triggers.sql,scaffold_only,8,3,45,"destructive,windows_native",exact PKS/PKB/DDL/FMB mapping
Mtxblr001.fmx,RB_MTXBLR001_0F0C3,inventory/stock,plsql_specs/Mtxblr001.pks.sql,plsql_bodies/Mtxblr001.pkb.sql,forms_triggers/Mtxblr001.triggers.sql,scaffold_only,6,0,34,"destructive,windows_native",exact PKS/PKB/DDL/FMB mapping
Mtxcrp001.fmx,RB_MTXCRP001_F8C80,inventory/stock,plsql_specs/Mtxcrp001.pks.sql,plsql_bodies/Mtxcrp001.pkb.sql,forms_triggers/Mtxcrp001.triggers.sql,scaffold_only,6,0,32,"destructive,windows_native",exact PKS/PKB/DDL/FMB mapping
Mtxcrp002.fmx,RB_MTXCRP002_12183,inventory/stock,plsql_specs/Mtxcrp002.pks.sql,plsql_bodies/Mtxcrp002.pkb.sql,forms_triggers/Mtxcrp002.triggers.sql,scaffold_only,6,0,31,"destructive,windows_native",exact PKS/PKB/DDL/FMB mapping
Mtxcrp006.fmx,RB_MTXCRP006_95115,inventory/stock,plsql_specs/Mtxcrp006.pks.sql,plsql_bodies/Mtxcrp006.pkb.sql,forms_triggers/Mtxcrp006.triggers.sql,scaffold_only,6,0,31,"destructive,windows_native",exact PKS/PKB/DDL/FMB mapping
Mtxcrp007.fmx,RB_MTXCRP007_703E3,inventory/stock,plsql_specs/Mtxcrp007.pks.sql,plsql_bodies/Mtxcrp007.pkb.sql,forms_triggers/Mtxcrp007.triggers.sql,scaffold_only,6,0,31,"destructive,windows_native",exact PKS/PKB/DDL/FMB mapping
Mtxcrp008.fmx,RB_MTXCRP008_176C5,inventory/stock,plsql_specs/Mtxcrp008.pks.sql,plsql_bodies/Mtxcrp008.pkb.sql,forms_triggers/Mtxcrp008.triggers.sql,scaffold_only,6,0,31,"destructive,windows_native",exact PKS/PKB/DDL/FMB mapping
Mtxcrp009.fmx,RB_MTXCRP009_13DE8,inventory/stock,plsql_specs/Mtxcrp009.pks.sql,plsql_bodies/Mtxcrp009.pkb.sql,forms_triggers/Mtxcrp009.triggers.sql,scaffold_only,6,0,31,"destructive,windows_native",exact PKS/PKB/DDL/FMB mapping
Mtxcrp010.fmx,RB_MTXCRP010_FA01E,inventory/stock,plsql_specs/Mtxcrp010.pks.sql,plsql_bodies/Mtxcrp010.pkb.sql,forms_triggers/Mtxcrp010.triggers.sql,scaffold_only,6,0,31,"destructive,windows_native",exact PKS/PKB/DDL/FMB mapping
Mtxcrp011.fmx,RB_MTXCRP011_C9491,inventory/stock,plsql_specs/Mtxcrp011.pks.sql,plsql_bodies/Mtxcrp011.pkb.sql,forms_triggers/Mtxcrp011.triggers.sql,scaffold_only,6,0,33,"destructive,windows_native",exact PKS/PKB/DDL/FMB mapping
Mtxusr001.fmx,RB_MTXUSR001_23905,inventory/stock,plsql_specs/Mtxusr001.pks.sql,plsql_bodies/Mtxusr001.pkb.sql,forms_triggers/Mtxusr001.triggers.sql,scaffold_only,7,0,38,"destructive,windows_native",exact PKS/PKB/DDL/FMB mapping
Mtxxrp005.fmx,RB_MTXXRP005_1CC86,inventory/stock,plsql_specs/Mtxxrp005.pks.sql,plsql_bodies/Mtxxrp005.pkb.sql,forms_triggers/Mtxxrp005.triggers.sql,scaffold_only,6,0,40,"destructive,windows_native",exact PKS/PKB/DDL/FMB mapping
Mtxxrp006.fmx,RB_MTXXRP006_90F02,inventory/stock,plsql_specs/Mtxxrp006.pks.sql,plsql_bodies/Mtxxrp006.pkb.sql,forms_triggers/Mtxxrp006.triggers.sql,scaffold_only,6,0,30,"destructive,windows_native",exact PKS/PKB/DDL/FMB mapping
Mtxxrp007.fmx,RB_MTXXRP007_073CF,inventory/stock,plsql_specs/Mtxxrp007.pks.sql,plsql_bodies/Mtxxrp007.pkb.sql,forms_triggers/Mtxxrp007.triggers.sql,scaffold_only,6,0,32,"destructive,windows_native",exact PKS/PKB/DDL/FMB mapping
Mtxxrp008.fmx,RB_MTXXRP008_E3DA5,inventory/stock,plsql_specs/Mtxxrp008.pks.sql,plsql_bodies/Mtxxrp008.pkb.sql,forms_triggers/Mtxxrp008.triggers.sql,scaffold_only,6,0,30,"destructive,windows_native",exact PKS/PKB/DDL/FMB mapping
Mtxxrp009.fmx,RB_MTXXRP009_A79DC,inventory/stock,plsql_specs/Mtxxrp009.pks.sql,plsql_bodies/Mtxxrp009.pkb.sql,forms_triggers/Mtxxrp009.triggers.sql,scaffold_only,6,0,31,"destructive,windows_native",exact PKS/PKB/DDL/FMB mapping
Mtxxrp011.fmx,RB_MTXXRP011_C0575,inventory/stock,plsql_specs/Mtxxrp011.pks.sql,plsql_bodies/Mtxxrp011.pkb.sql,forms_triggers/Mtxxrp011.triggers.sql,scaffold_only,6,0,27,"destructive,windows_native",exact PKS/PKB/DDL/FMB mapping
Mtxxrp024.fmx,RB_MTXXRP024_3307F,inventory/stock,plsql_specs/Mtxxrp024.pks.sql,plsql_bodies/Mtxxrp024.pkb.sql,forms_triggers/Mtxxrp024.triggers.sql,scaffold_only,6,0,30,"destructive,windows_native",exact PKS/PKB/DDL/FMB mapping
OTHR001.fmx,RB_OTHR001_23D1B,other,plsql_specs/OTHR001.pks.sql,plsql_bodies/OTHR001.pkb.sql,forms_triggers/OTHR001.triggers.sql,scaffold_only,34,8,53,"credentials,ddl_privilege,destructive,windows_native",exact PKS/PKB/DDL/FMB mapping
OTHR002.fmx,RB_OTHR002_F13D2,other,plsql_specs/OTHR002.pks.sql,plsql_bodies/OTHR002.pkb.sql,forms_triggers/OTHR002.triggers.sql,scaffold_only,36,8,64,"credentials,ddl_privilege,destructive,windows_native",exact PKS/PKB/DDL/FMB mapping
OTHR004.fmx,RB_OTHR004_FFF37,other,plsql_specs/OTHR004.pks.sql,plsql_bodies/OTHR004.pkb.sql,forms_triggers/OTHR004.triggers.sql,scaffold_only,33,8,54,"credentials,ddl_privilege,destructive,windows_native",exact PKS/PKB/DDL/FMB mapping
OTHR005.fmx,RB_OTHR005_99D95,other,plsql_specs/OTHR005.pks.sql,plsql_bodies/OTHR005.pkb.sql,forms_triggers/OTHR005.triggers.sql,scaffold_only,33,8,56,"credentials,ddl_privilege,destructive,windows_native",exact PKS/PKB/DDL/FMB mapping
PMSI022.fmx,RB_PMSI022_ECA66,MRP/treasury,plsql_specs/PMSI022.pks.sql,plsql_bodies/PMSI022.pkb.sql,forms_triggers/PMSI022.triggers.sql,scaffold_only,36,8,111,"credentials,ddl_privilege,destructive,windows_native",exact PKS/PKB/DDL/FMB mapping
PMSI023.fmx,RB_PMSI023_808A0,MRP/treasury,plsql_specs/PMSI023.pks.sql,plsql_bodies/PMSI023.pkb.sql,forms_triggers/PMSI023.triggers.sql,scaffold_only,36,8,109,"credentials,ddl_privilege,destructive,windows_native",exact PKS/PKB/DDL/FMB mapping
PMSI024.fmx,RB_PMSI024_C1B46,MRP/treasury,plsql_specs/PMSI024.pks.sql,plsql_bodies/PMSI024.pkb.sql,forms_triggers/PMSI024.triggers.sql,scaffold_only,38,10,158,"credentials,ddl_privilege,destructive,windows_native",exact PKS/PKB/DDL/FMB mapping
PMSI026.fmx,RB_PMSI026_60364,MRP/treasury,plsql_specs/PMSI026.pks.sql,plsql_bodies/PMSI026.pkb.sql,forms_triggers/PMSI026.triggers.sql,scaffold_only,37,8,94,"credentials,ddl_privilege,destructive,windows_native",exact PKS/PKB/DDL/FMB mapping
PMSR001.fmx,RB_PMSR001_5592F,MRP/treasury,plsql_specs/PMSR001.pks.sql,plsql_bodies/PMSR001.pkb.sql,forms_triggers/PMSR001.triggers.sql,scaffold_only,16,3,67,"credentials,destructive",exact PKS/PKB/DDL/FMB mapping
PMSR002.fmx,RB_PMSR002_7683A,MRP/treasury,plsql_specs/PMSR002.pks.sql,plsql_bodies/PMSR002.pkb.sql,forms_triggers/PMSR002.triggers.sql,scaffold_only,16,3,67,"credentials,destructive",exact PKS/PKB/DDL/FMB mapping
PMSR003.fmx,RB_PMSR003_F6A22,MRP/treasury,plsql_specs/PMSR003.pks.sql,plsql_bodies/PMSR003.pkb.sql,forms_triggers/PMSR003.triggers.sql,scaffold_only,17,3,74,"credentials,destructive",exact PKS/PKB/DDL/FMB mapping
PMSR004.fmx,RB_PMSR004_C9FE3,MRP/treasury,plsql_specs/PMSR004.pks.sql,plsql_bodies/PMSR004.pkb.sql,forms_triggers/PMSR004.triggers.sql,scaffold_only,17,3,74,"credentials,destructive",exact PKS/PKB/DDL/FMB mapping
PMSR005.fmx,RB_PMSR005_68AB3,MRP/treasury,plsql_specs/PMSR005.pks.sql,plsql_bodies/PMSR005.pkb.sql,forms_triggers/PMSR005.triggers.sql,scaffold_only,20,3,84,"credentials,destructive",exact PKS/PKB/DDL/FMB mapping
PMSR006.fmx,RB_PMSR006_01F74,MRP/treasury,plsql_specs/PMSR006.pks.sql,plsql_bodies/PMSR006.pkb.sql,forms_triggers/PMSR006.triggers.sql,scaffold_only,20,3,85,"credentials,destructive",exact PKS/PKB/DDL/FMB mapping
PMSR007.fmx,RB_PMSR007_07E48,MRP/treasury,plsql_specs/PMSR007.pks.sql,plsql_bodies/PMSR007.pkb.sql,forms_triggers/PMSR007.triggers.sql,scaffold_only,20,3,86,"credentials,destructive",exact PKS/PKB/DDL/FMB mapping
PMSR008.fmx,RB_PMSR008_4C6E5,MRP/treasury,plsql_specs/PMSR008.pks.sql,plsql_bodies/PMSR008.pkb.sql,forms_triggers/PMSR008.triggers.sql,scaffold_only,20,3,83,"credentials,destructive",exact PKS/PKB/DDL/FMB mapping
PMSR009.fmx,RB_PMSR009_11384,MRP/treasury,plsql_specs/PMSR009.pks.sql,plsql_bodies/PMSR009.pkb.sql,forms_triggers/PMSR009.triggers.sql,scaffold_only,20,3,84,"credentials,destructive",exact PKS/PKB/DDL/FMB mapping
PMSR010.fmx,RB_PMSR010_42375,MRP/treasury,plsql_specs/PMSR010.pks.sql,plsql_bodies/PMSR010.pkb.sql,forms_triggers/PMSR010.triggers.sql,scaffold_only,20,3,83,"credentials,destructive",exact PKS/PKB/DDL/FMB mapping
PMSR011.fmx,RB_PMSR011_1D2DC,MRP/treasury,plsql_specs/PMSR011.pks.sql,plsql_bodies/PMSR011.pkb.sql,forms_triggers/PMSR011.triggers.sql,scaffold_only,20,3,82,"credentials,destructive",exact PKS/PKB/DDL/FMB mapping
PMSR012.fmx,RB_PMSR012_BA7D5,MRP/treasury,plsql_specs/PMSR012.pks.sql,plsql_bodies/PMSR012.pkb.sql,forms_triggers/PMSR012.triggers.sql,scaffold_only,20,3,84,"credentials,destructive",exact PKS/PKB/DDL/FMB mapping
PMSR013.fmx,RB_PMSR013_7D6B9,MRP/treasury,plsql_specs/PMSR013.pks.sql,plsql_bodies/PMSR013.pkb.sql,forms_triggers/PMSR013.triggers.sql,scaffold_only,20,3,85,"credentials,destructive",exact PKS/PKB/DDL/FMB mapping
PMSR014.fmx,RB_PMSR014_5DB45,MRP/treasury,plsql_specs/PMSR014.pks.sql,plsql_bodies/PMSR014.pkb.sql,forms_triggers/PMSR014.triggers.sql,scaffold_only,20,3,86,"credentials,destructive",exact PKS/PKB/DDL/FMB mapping
PMSR015.fmx,RB_PMSR015_7344A,MRP/treasury,plsql_specs/PMSR015.pks.sql,plsql_bodies/PMSR015.pkb.sql,forms_triggers/PMSR015.triggers.sql,scaffold_only,20,3,83,"credentials,destructive",exact PKS/PKB/DDL/FMB mapping
PMSR016.fmx,RB_PMSR016_4AA1D,MRP/treasury,plsql_specs/PMSR016.pks.sql,plsql_bodies/PMSR016.pkb.sql,forms_triggers/PMSR016.triggers.sql,scaffold_only,20,3,84,"credentials,destructive",exact PKS/PKB/DDL/FMB mapping
PMSR017.fmx,RB_PMSR017_441A6,MRP/treasury,plsql_specs/PMSR017.pks.sql,plsql_bodies/PMSR017.pkb.sql,forms_triggers/PMSR017.triggers.sql,scaffold_only,20,3,88,"credentials,destructive",exact PKS/PKB/DDL/FMB mapping
PMSR018.fmx,RB_PMSR018_93AEE,MRP/treasury,plsql_specs/PMSR018.pks.sql,plsql_bodies/PMSR018.pkb.sql,forms_triggers/PMSR018.triggers.sql,scaffold_only,20,3,84,"credentials,destructive",exact PKS/PKB/DDL/FMB mapping
PMSR019.fmx,RB_PMSR019_6784D,MRP/treasury,plsql_specs/PMSR019.pks.sql,plsql_bodies/PMSR019.pkb.sql,forms_triggers/PMSR019.triggers.sql,scaffold_only,17,3,74,"credentials,destructive",exact PKS/PKB/DDL/FMB mapping
PMSR020.fmx,RB_PMSR020_3C1FC,MRP/treasury,plsql_specs/PMSR020.pks.sql,plsql_bodies/PMSR020.pkb.sql,forms_triggers/PMSR020.triggers.sql,scaffold_only,17,3,74,"credentials,destructive",exact PKS/PKB/DDL/FMB mapping
PMSR021.fmx,RB_PMSR021_89355,MRP/treasury,plsql_specs/PMSR021.pks.sql,plsql_bodies/PMSR021.pkb.sql,forms_triggers/PMSR021.triggers.sql,scaffold_only,20,3,87,"credentials,destructive",exact PKS/PKB/DDL/FMB mapping
PMSR022.fmx,RB_PMSR022_0F81D,MRP/treasury,plsql_specs/PMSR022.pks.sql,plsql_bodies/PMSR022.pkb.sql,forms_triggers/PMSR022.triggers.sql,scaffold_only,20,3,85,"credentials,destructive",exact PKS/PKB/DDL/FMB mapping
PMSR023.fmx,RB_PMSR023_3A406,MRP/treasury,plsql_specs/PMSR023.pks.sql,plsql_bodies/PMSR023.pkb.sql,forms_triggers/PMSR023.triggers.sql,scaffold_only,20,3,87,"credentials,destructive",exact PKS/PKB/DDL/FMB mapping
PMSS004.fmx,RB_PMSS004_6E420,MRP/treasury,plsql_specs/PMSS004.pks.sql,plsql_bodies/PMSS004.pkb.sql,forms_triggers/PMSS004.triggers.sql,scaffold_only,35,8,82,"credentials,ddl_privilege,destructive,windows_native",exact PKS/PKB/DDL/FMB mapping
PMSS005.fmx,RB_PMSS005_BC7C8,MRP/treasury,plsql_specs/PMSS005.pks.sql,plsql_bodies/PMSS005.pkb.sql,forms_triggers/PMSS005.triggers.sql,scaffold_only,37,8,115,"credentials,ddl_privilege,destructive,windows_native,network",exact PKS/PKB/DDL/FMB mapping
PMSS007.fmx,RB_PMSS007_7325C,MRP/treasury,plsql_specs/PMSS007.pks.sql,plsql_bodies/PMSS007.pkb.sql,forms_triggers/PMSS007.triggers.sql,scaffold_only,34,8,59,"credentials,ddl_privilege,destructive,windows_native",exact PKS/PKB/DDL/FMB mapping
PMSS008.fmx,RB_PMSS008_E072C,MRP/treasury,plsql_specs/PMSS008.pks.sql,plsql_bodies/PMSS008.pkb.sql,forms_triggers/PMSS008.triggers.sql,scaffold_only,34,8,55,"credentials,ddl_privilege,destructive,windows_native",exact PKS/PKB/DDL/FMB mapping
PMST062.fmx,RB_PMST062_1DB00,MRP/treasury,plsql_specs/PMST062.pks.sql,plsql_bodies/PMST062.pkb.sql,forms_triggers/PMST062.triggers.sql,scaffold_only,42,8,154,"credentials,ddl_privilege,destructive,windows_native",exact PKS/PKB/DDL/FMB mapping
PMST063.fmx,RB_PMST063_5CDAC,MRP/treasury,plsql_specs/PMST063.pks.sql,plsql_bodies/PMST063.pkb.sql,forms_triggers/PMST063.triggers.sql,scaffold_only,41,10,169,"credentials,ddl_privilege,destructive,windows_native",exact PKS/PKB/DDL/FMB mapping
PMST068.fmx,RB_PMST068_7B418,MRP/treasury,plsql_specs/PMST068.pks.sql,plsql_bodies/PMST068.pkb.sql,forms_triggers/PMST068.triggers.sql,scaffold_only,38,10,136,"credentials,ddl_privilege,destructive,windows_native",exact PKS/PKB/DDL/FMB mapping
PMST069.fmx,RB_PMST069_285DA,MRP/treasury,plsql_specs/PMST069.pks.sql,plsql_bodies/PMST069.pkb.sql,forms_triggers/PMST069.triggers.sql,scaffold_only,38,10,157,"credentials,ddl_privilege,destructive,windows_native",exact PKS/PKB/DDL/FMB mapping
PMST070.fmx,RB_PMST070_B1AAA,MRP/treasury,plsql_specs/PMST070.pks.sql,plsql_bodies/PMST070.pkb.sql,forms_triggers/PMST070.triggers.sql,scaffold_only,36,10,143,"credentials,ddl_privilege,destructive,windows_native",exact PKS/PKB/DDL/FMB mapping
PMST071.fmx,RB_PMST071_E4AC1,MRP/treasury,plsql_specs/PMST071.pks.sql,plsql_bodies/PMST071.pkb.sql,forms_triggers/PMST071.triggers.sql,scaffold_only,36,10,136,"credentials,ddl_privilege,destructive,windows_native",exact PKS/PKB/DDL/FMB mapping
PMST080.fmx,RB_PMST080_822EF,MRP/treasury,plsql_specs/PMST080.pks.sql,plsql_bodies/PMST080.pkb.sql,forms_triggers/PMST080.triggers.sql,scaffold_only,36,8,111,"credentials,ddl_privilege,destructive,windows_native",exact PKS/PKB/DDL/FMB mapping
PMST081.fmx,RB_PMST081_F1392,MRP/treasury,plsql_specs/PMST081.pks.sql,plsql_bodies/PMST081.pkb.sql,forms_triggers/PMST081.triggers.sql,scaffold_only,36,8,104,"credentials,ddl_privilege,destructive,windows_native",exact PKS/PKB/DDL/FMB mapping
PMST082.fmx,RB_PMST082_03AA8,MRP/treasury,plsql_specs/PMST082.pks.sql,plsql_bodies/PMST082.pkb.sql,forms_triggers/PMST082.triggers.sql,scaffold_only,36,10,125,"credentials,ddl_privilege,destructive,windows_native",exact PKS/PKB/DDL/FMB mapping
PMST083.fmx,RB_PMST083_9EB18,MRP/treasury,plsql_specs/PMST083.pks.sql,plsql_bodies/PMST083.pkb.sql,forms_triggers/PMST083.triggers.sql,scaffold_only,36,8,102,"credentials,ddl_privilege,destructive,windows_native",exact PKS/PKB/DDL/FMB mapping
PMST090.fmx,RB_PMST090_E566D,MRP/treasury,plsql_specs/PMST090.pks.sql,plsql_bodies/PMST090.pkb.sql,forms_triggers/PMST090.triggers.sql,scaffold_only,31,10,56,"credentials,ddl_privilege,destructive,windows_native",exact PKS/PKB/DDL/FMB mapping
PMST091.fmx,RB_PMST091_003C7,MRP/treasury,plsql_specs/PMST091.pks.sql,plsql_bodies/PMST091.pkb.sql,forms_triggers/PMST091.triggers.sql,scaffold_only,36,10,138,"credentials,ddl_privilege,destructive,windows_native",exact PKS/PKB/DDL/FMB mapping
PMS_IMPXLS_1.fmx,RB_PMS_IMPXLS_1_5D338,MRP/treasury,plsql_specs/PMS_IMPXLS_1.pks.sql,plsql_bodies/PMS_IMPXLS_1.pkb.sql,forms_triggers/PMS_IMPXLS_1.triggers.sql,scaffold_only,36,8,99,"credentials,ddl_privilege,destructive,windows_native",exact PKS/PKB/DDL/FMB mapping
POSADVS.fmx,RB_POSADVS_2CB5D,POS,plsql_specs/POSADVS.pks.sql,plsql_bodies/POSADVS.pkb.sql,forms_triggers/POSADVS.triggers.sql,scaffold_only,5,0,42,"destructive,session_control",exact PKS/PKB/DDL/FMB mapping
POSI001.fmx,RB_POSI001_FEF53,POS,plsql_specs/POSI001.pks.sql,plsql_bodies/POSI001.pkb.sql,forms_triggers/POSI001.triggers.sql,scaffold_only,33,8,109,"credentials,ddl_privilege,destructive,windows_native,network",exact PKS/PKB/DDL/FMB mapping
POSI002.fmx,RB_POSI002_4D02D,POS,plsql_specs/POSI002.pks.sql,plsql_bodies/POSI002.pkb.sql,forms_triggers/POSI002.triggers.sql,scaffold_only,31,8,56,"credentials,ddl_privilege,destructive,windows_native",exact PKS/PKB/DDL/FMB mapping
POSI003.fmx,RB_POSI003_7833A,POS,plsql_specs/POSI003.pks.sql,plsql_bodies/POSI003.pkb.sql,forms_triggers/POSI003.triggers.sql,scaffold_only,31,8,81,"credentials,ddl_privilege,destructive,windows_native",exact PKS/PKB/DDL/FMB mapping
POSI004.fmx,RB_POSI004_B936A,POS,plsql_specs/POSI004.pks.sql,plsql_bodies/POSI004.pkb.sql,forms_triggers/POSI004.triggers.sql,scaffold_only,29,8,48,"credentials,ddl_privilege,destructive,windows_native",exact PKS/PKB/DDL/FMB mapping
POSI005.fmx,RB_POSI005_539DF,POS,plsql_specs/POSI005.pks.sql,plsql_bodies/POSI005.pkb.sql,forms_triggers/POSI005.triggers.sql,scaffold_only,30,8,56,"credentials,ddl_privilege,destructive,windows_native",exact PKS/PKB/DDL/FMB mapping
POSI006.fmx,RB_POSI006_7D949,POS,plsql_specs/POSI006.pks.sql,plsql_bodies/POSI006.pkb.sql,forms_triggers/POSI006.triggers.sql,scaffold_only,31,8,56,"credentials,ddl_privilege,destructive,windows_native",exact PKS/PKB/DDL/FMB mapping
POSI007.fmx,RB_POSI007_56B92,POS,plsql_specs/POSI007.pks.sql,plsql_bodies/POSI007.pkb.sql,forms_triggers/POSI007.triggers.sql,scaffold_only,32,8,63,"credentials,ddl_privilege,destructive,dynamic_sql,windows_native",exact PKS/PKB/DDL/FMB mapping
POSI008.fmx,RB_POSI008_EB516,POS,plsql_specs/POSI008.pks.sql,plsql_bodies/POSI008.pkb.sql,forms_triggers/POSI008.triggers.sql,scaffold_only,31,8,71,"credentials,ddl_privilege,destructive,windows_native",exact PKS/PKB/DDL/FMB mapping
POSI009.fmx,RB_POSI009_6325D,POS,plsql_specs/POSI009.pks.sql,plsql_bodies/POSI009.pkb.sql,forms_triggers/POSI009.triggers.sql,scaffold_only,31,8,57,"credentials,ddl_privilege,destructive,windows_native",exact PKS/PKB/DDL/FMB mapping
POSI010.fmx,RB_POSI010_6D734,POS,plsql_specs/POSI010.pks.sql,plsql_bodies/POSI010.pkb.sql,forms_triggers/POSI010.triggers.sql,scaffold_only,32,9,77,"credentials,ddl_privilege,destructive,windows_native",exact PKS/PKB/DDL/FMB mapping
POSI011.fmx,RB_POSI011_750D0,POS,plsql_specs/POSI011.pks.sql,plsql_bodies/POSI011.pkb.sql,forms_triggers/POSI011.triggers.sql,scaffold_only,32,8,61,"credentials,ddl_privilege,destructive,windows_native",exact PKS/PKB/DDL/FMB mapping
POSI012.fmx,RB_POSI012_1D9BB,POS,plsql_specs/POSI012.pks.sql,plsql_bodies/POSI012.pkb.sql,forms_triggers/POSI012.triggers.sql,scaffold_only,35,8,65,"credentials,ddl_privilege,destructive,dynamic_sql,windows_native",exact PKS/PKB/DDL/FMB mapping
POSI014.fmx,RB_POSI014_47C27,POS,plsql_specs/POSI014.pks.sql,plsql_bodies/POSI014.pkb.sql,forms_triggers/POSI014.triggers.sql,scaffold_only,38,8,75,"credentials,ddl_privilege,destructive,windows_native,network",exact PKS/PKB/DDL/FMB mapping
POSLGN.fmx,RB_POSLGN_2FC03,POS,plsql_specs/POSLGN.pks.sql,plsql_bodies/POSLGN.pkb.sql,forms_triggers/POSLGN.triggers.sql,scaffold_only,17,5,239,"credentials,ddl_privilege,destructive,windows_native,session_control,network",exact PKS/PKB/DDL/FMB mapping
POSR001.fmx,RB_POSR001_64433,POS,plsql_specs/POSR001.pks.sql,plsql_bodies/POSR001.pkb.sql,forms_triggers/POSR001.triggers.sql,scaffold_only,15,3,97,"credentials,ddl_privilege,destructive,windows_native",exact PKS/PKB/DDL/FMB mapping
POSR002.fmx,RB_POSR002_AEB1F,POS,plsql_specs/POSR002.pks.sql,plsql_bodies/POSR002.pkb.sql,forms_triggers/POSR002.triggers.sql,scaffold_only,15,3,126,"credentials,ddl_privilege,destructive,dynamic_sql,windows_native",exact PKS/PKB/DDL/FMB mapping
POSR003.fmx,RB_POSR003_BC157,POS,plsql_specs/POSR003.pks.sql,plsql_bodies/POSR003.pkb.sql,forms_triggers/POSR003.triggers.sql,scaffold_only,14,3,53,"credentials,destructive",exact PKS/PKB/DDL/FMB mapping
POSR004.fmx,RB_POSR004_FC8D2,POS,plsql_specs/POSR004.pks.sql,plsql_bodies/POSR004.pkb.sql,forms_triggers/POSR004.triggers.sql,scaffold_only,14,3,73,"credentials,destructive,windows_native",exact PKS/PKB/DDL/FMB mapping
POSR005.fmx,RB_POSR005_05826,POS,plsql_specs/POSR005.pks.sql,plsql_bodies/POSR005.pkb.sql,forms_triggers/POSR005.triggers.sql,scaffold_only,14,3,66,"credentials,destructive,windows_native",exact PKS/PKB/DDL/FMB mapping
POSR006.fmx,RB_POSR006_31682,POS,plsql_specs/POSR006.pks.sql,plsql_bodies/POSR006.pkb.sql,forms_triggers/POSR006.triggers.sql,scaffold_only,14,3,63,"credentials,ddl_privilege,destructive,windows_native",exact PKS/PKB/DDL/FMB mapping
POSR007.fmx,RB_POSR007_72E48,POS,plsql_specs/POSR007.pks.sql,plsql_bodies/POSR007.pkb.sql,forms_triggers/POSR007.triggers.sql,scaffold_only,14,3,89,"credentials,ddl_privilege,destructive,dynamic_sql,windows_native",exact PKS/PKB/DDL/FMB mapping
POSR008.fmx,RB_POSR008_C1C15,POS,plsql_specs/POSR008.pks.sql,plsql_bodies/POSR008.pkb.sql,forms_triggers/POSR008.triggers.sql,scaffold_only,13,3,53,"credentials,destructive",exact PKS/PKB/DDL/FMB mapping
POSR009.fmx,RB_POSR009_411A7,POS,plsql_specs/POSR009.pks.sql,plsql_bodies/POSR009.pkb.sql,forms_triggers/POSR009.triggers.sql,scaffold_only,14,3,58,"credentials,destructive",exact PKS/PKB/DDL/FMB mapping
POSR010.fmx,RB_POSR010_7793D,POS,plsql_specs/POSR010.pks.sql,plsql_bodies/POSR010.pkb.sql,forms_triggers/POSR010.triggers.sql,scaffold_only,14,3,65,"credentials,ddl_privilege,destructive",exact PKS/PKB/DDL/FMB mapping
POSR011.fmx,RB_POSR011_7B124,POS,plsql_specs/POSR011.pks.sql,plsql_bodies/POSR011.pkb.sql,forms_triggers/POSR011.triggers.sql,scaffold_only,14,3,81,"credentials,destructive",exact PKS/PKB/DDL/FMB mapping
POSS001.fmx,RB_POSS001_1F693,POS,plsql_specs/POSS001.pks.sql,plsql_bodies/POSS001.pkb.sql,forms_triggers/POSS001.triggers.sql,scaffold_only,34,11,132,"credentials,ddl_privilege,destructive,windows_native,network",exact PKS/PKB/DDL/FMB mapping
POSS002.fmx,RB_POSS002_F34ED,POS,plsql_specs/POSS002.pks.sql,plsql_bodies/POSS002.pkb.sql,forms_triggers/POSS002.triggers.sql,scaffold_only,31,8,76,"credentials,ddl_privilege,destructive,windows_native",exact PKS/PKB/DDL/FMB mapping
POSS003.fmx,RB_POSS003_527C2,POS,plsql_specs/POSS003.pks.sql,plsql_bodies/POSS003.pkb.sql,forms_triggers/POSS003.triggers.sql,scaffold_only,30,8,59,"credentials,ddl_privilege,destructive,windows_native",exact PKS/PKB/DDL/FMB mapping
POST001.fmx,RB_POST001_FDF1A,POS,plsql_specs/POST001.pks.sql,plsql_bodies/POST001.pkb.sql,forms_triggers/POST001.triggers.sql,scaffold_only,56,13,327,"credentials,ddl_privilege,destructive,dynamic_sql,windows_native,network",exact PKS/PKB/DDL/FMB mapping
POST002.fmx,RB_POST002_B8743,POS,plsql_specs/POST002.pks.sql,plsql_bodies/POST002.pkb.sql,forms_triggers/POST002.triggers.sql,scaffold_only,49,13,262,"credentials,ddl_privilege,destructive,dynamic_sql,windows_native,network",exact PKS/PKB/DDL/FMB mapping
POST003.fmx,RB_POST003_9095D,POS,plsql_specs/POST003.pks.sql,plsql_bodies/POST003.pkb.sql,forms_triggers/POST003.triggers.sql,scaffold_only,36,10,136,"credentials,ddl_privilege,destructive,windows_native",exact PKS/PKB/DDL/FMB mapping
POST004.fmx,RB_POST004_4D8DD,POS,plsql_specs/POST004.pks.sql,plsql_bodies/POST004.pkb.sql,forms_triggers/POST004.triggers.sql,scaffold_only,44,20,213,"credentials,ddl_privilege,destructive,dynamic_sql,windows_native",exact PKS/PKB/DDL/FMB mapping
POST005.fmx,RB_POST005_2D772,POS,plsql_specs/POST005.pks.sql,plsql_bodies/POST005.pkb.sql,forms_triggers/POST005.triggers.sql,scaffold_only,43,20,212,"credentials,ddl_privilege,destructive,windows_native",exact PKS/PKB/DDL/FMB mapping
POST006.fmx,RB_POST006_5ECC6,POS,plsql_specs/POST006.pks.sql,plsql_bodies/POST006.pkb.sql,forms_triggers/POST006.triggers.sql,scaffold_only,33,8,80,"credentials,ddl_privilege,destructive,dynamic_sql,windows_native,network",exact PKS/PKB/DDL/FMB mapping
POST008.fmx,RB_POST008_76B30,POS,plsql_specs/POST008.pks.sql,plsql_bodies/POST008.pkb.sql,forms_triggers/POST008.triggers.sql,scaffold_only,38,10,272,"credentials,ddl_privilege,destructive,dynamic_sql,windows_native,error_handling,session_control,network",exact PKS/PKB/DDL/FMB mapping
POST009.fmx,RB_POST009_4789C,POS,plsql_specs/POST009.pks.sql,plsql_bodies/POST009.pkb.sql,forms_triggers/POST009.triggers.sql,scaffold_only,31,8,67,"credentials,ddl_privilege,destructive,windows_native",exact PKS/PKB/DDL/FMB mapping
POST010.fmx,RB_POST010_18BB6,POS,plsql_specs/POST010.pks.sql,plsql_bodies/POST010.pkb.sql,forms_triggers/POST010.triggers.sql,scaffold_only,34,8,101,"credentials,ddl_privilege,destructive,windows_native",exact PKS/PKB/DDL/FMB mapping
POST011.fmx,RB_POST011_22AEE,POS,plsql_specs/POST011.pks.sql,plsql_bodies/POST011.pkb.sql,forms_triggers/POST011.triggers.sql,scaffold_only,35,12,120,"credentials,ddl_privilege,destructive,windows_native",exact PKS/PKB/DDL/FMB mapping
POST012.fmx,RB_POST012_4ADA0,POS,plsql_specs/POST012.pks.sql,plsql_bodies/POST012.pkb.sql,forms_triggers/POST012.triggers.sql,scaffold_only,30,8,82,"credentials,ddl_privilege,destructive,windows_native",exact PKS/PKB/DDL/FMB mapping
POST013.fmx,RB_POST013_2DFE1,POS,plsql_specs/POST013.pks.sql,plsql_bodies/POST013.pkb.sql,forms_triggers/POST013.triggers.sql,scaffold_only,36,9,126,"credentials,ddl_privilege,destructive,windows_native",exact PKS/PKB/DDL/FMB mapping
POST014.fmx,RB_POST014_16DD8,POS,plsql_specs/POST014.pks.sql,plsql_bodies/POST014.pkb.sql,forms_triggers/POST014.triggers.sql,scaffold_only,30,8,56,"credentials,ddl_privilege,destructive,windows_native",exact PKS/PKB/DDL/FMB mapping
POST015.fmx,RB_POST015_228DE,POS,plsql_specs/POST015.pks.sql,plsql_bodies/POST015.pkb.sql,forms_triggers/POST015.triggers.sql,scaffold_only,35,10,105,"credentials,ddl_privilege,destructive,windows_native",exact PKS/PKB/DDL/FMB mapping
POST016.fmx,RB_POST016_FEB2A,POS,plsql_specs/POST016.pks.sql,plsql_bodies/POST016.pkb.sql,forms_triggers/POST016.triggers.sql,scaffold_only,31,8,74,"credentials,ddl_privilege,destructive,windows_native",exact PKS/PKB/DDL/FMB mapping
POST017.fmx,RB_POST017_5BF6A,POS,plsql_specs/POST017.pks.sql,plsql_bodies/POST017.pkb.sql,forms_triggers/POST017.triggers.sql,scaffold_only,34,9,109,"credentials,ddl_privilege,destructive,windows_native",exact PKS/PKB/DDL/FMB mapping
POST018.fmx,RB_POST018_03087,POS,plsql_specs/POST018.pks.sql,plsql_bodies/POST018.pkb.sql,forms_triggers/POST018.triggers.sql,scaffold_only,50,8,256,"credentials,ddl_privilege,destructive,dynamic_sql,windows_native",exact PKS/PKB/DDL/FMB mapping
POST019.fmx,RB_POST019_8B74D,POS,plsql_specs/POST019.pks.sql,plsql_bodies/POST019.pkb.sql,forms_triggers/POST019.triggers.sql,scaffold_only,43,9,215,"credentials,ddl_privilege,destructive,dynamic_sql,windows_native",exact PKS/PKB/DDL/FMB mapping
POST020.fmx,RB_POST020_805A1,POS,plsql_specs/POST020.pks.sql,plsql_bodies/POST020.pkb.sql,forms_triggers/POST020.triggers.sql,scaffold_only,37,9,129,"credentials,ddl_privilege,destructive,windows_native",exact PKS/PKB/DDL/FMB mapping
POST021.fmx,RB_POST021_83DC6,POS,plsql_specs/POST021.pks.sql,plsql_bodies/POST021.pkb.sql,forms_triggers/POST021.triggers.sql,scaffold_only,33,8,65,"credentials,ddl_privilege,destructive,windows_native",exact PKS/PKB/DDL/FMB mapping
POST022.fmx,RB_POST022_1CF0B,POS,plsql_specs/POST022.pks.sql,plsql_bodies/POST022.pkb.sql,forms_triggers/POST022.triggers.sql,scaffold_only,39,8,129,"credentials,destructive,windows_native",exact PKS/PKB/DDL/FMB mapping
POST_WST.fmx,RB_POST_WST_A954A,POS,plsql_specs/POST_WST.pks.sql,plsql_bodies/POST_WST.pkb.sql,forms_triggers/POST_WST.triggers.sql,scaffold_only,0,1,5,none,exact PKS/PKB/DDL/FMB mapping
POS_INSTALL.fmx,RB_POS_INSTALL_83736,POS,plsql_specs/POS_INSTALL.pks.sql,plsql_bodies/POS_INSTALL.pkb.sql,forms_triggers/POS_INSTALL.triggers.sql,scaffold_only,40,6,661,"credentials,ddl_privilege,destructive,dynamic_sql,windows_native,error_handling,session_control,network",exact PKS/PKB/DDL/FMB mapping
REMI001.fmx,RB_REMI001_617B7,other-finance/operations,plsql_specs/REMI001.pks.sql,plsql_bodies/REMI001.pkb.sql,forms_triggers/REMI001.triggers.sql,scaffold_only,43,8,204,"credentials,ddl_privilege,destructive,windows_native",exact PKS/PKB/DDL/FMB mapping
REMI003.fmx,RB_REMI003_58862,other-finance/operations,plsql_specs/REMI003.pks.sql,plsql_bodies/REMI003.pkb.sql,forms_triggers/REMI003.triggers.sql,scaffold_only,37,9,109,"credentials,ddl_privilege,destructive,windows_native",exact PKS/PKB/DDL/FMB mapping
REMI010.fmx,RB_REMI010_EC559,other-finance/operations,plsql_specs/REMI010.pks.sql,plsql_bodies/REMI010.pkb.sql,forms_triggers/REMI010.triggers.sql,scaffold_only,40,9,225,"credentials,ddl_privilege,destructive,windows_native",exact PKS/PKB/DDL/FMB mapping
REMIMPXLS_REAL.fmx,RB_REMIMPXLS_REAL_AD6C8,other-finance/operations,plsql_specs/REMIMPXLS_REAL.pks.sql,plsql_bodies/REMIMPXLS_REAL.pkb.sql,forms_triggers/REMIMPXLS_REAL.triggers.sql,scaffold_only,34,8,76,"credentials,ddl_privilege,destructive,windows_native",exact PKS/PKB/DDL/FMB mapping
REMR003.fmx,RB_REMR003_8B36B,other-finance/operations,plsql_specs/REMR003.pks.sql,plsql_bodies/REMR003.pkb.sql,forms_triggers/REMR003.triggers.sql,scaffold_only,16,3,87,"credentials,destructive",exact PKS/PKB/DDL/FMB mapping
REMR005.fmx,RB_REMR005_8DE17,other-finance/operations,plsql_specs/REMR005.pks.sql,plsql_bodies/REMR005.pkb.sql,forms_triggers/REMR005.triggers.sql,scaffold_only,17,3,55,"credentials,destructive",exact PKS/PKB/DDL/FMB mapping
REMR006.fmx,RB_REMR006_C329B,other-finance/operations,plsql_specs/REMR006.pks.sql,plsql_bodies/REMR006.pkb.sql,forms_triggers/REMR006.triggers.sql,scaffold_only,16,3,53,"credentials,destructive",exact PKS/PKB/DDL/FMB mapping
REMR008.fmx,RB_REMR008_51962,other-finance/operations,plsql_specs/REMR008.pks.sql,plsql_bodies/REMR008.pkb.sql,forms_triggers/REMR008.triggers.sql,scaffold_only,16,3,57,"credentials,destructive",exact PKS/PKB/DDL/FMB mapping
REMR009.fmx,RB_REMR009_BF5C0,other-finance/operations,plsql_specs/REMR009.pks.sql,plsql_bodies/REMR009.pkb.sql,forms_triggers/REMR009.triggers.sql,scaffold_only,16,3,56,"credentials,destructive",exact PKS/PKB/DDL/FMB mapping
REMR010.fmx,RB_REMR010_AFABE,other-finance/operations,plsql_specs/REMR010.pks.sql,plsql_bodies/REMR010.pkb.sql,forms_triggers/REMR010.triggers.sql,scaffold_only,16,3,54,"credentials,destructive",exact PKS/PKB/DDL/FMB mapping
REMR012.fmx,RB_REMR012_C2291,other-finance/operations,plsql_specs/REMR012.pks.sql,plsql_bodies/REMR012.pkb.sql,forms_triggers/REMR012.triggers.sql,scaffold_only,16,3,54,"credentials,destructive",exact PKS/PKB/DDL/FMB mapping
REMR014.fmx,RB_REMR014_79996,other-finance/operations,plsql_specs/REMR014.pks.sql,plsql_bodies/REMR014.pkb.sql,forms_triggers/REMR014.triggers.sql,scaffold_only,16,3,54,"credentials,destructive",exact PKS/PKB/DDL/FMB mapping
REMR020.fmx,RB_REMR020_25CDB,other-finance/operations,plsql_specs/REMR020.pks.sql,plsql_bodies/REMR020.pkb.sql,forms_triggers/REMR020.triggers.sql,scaffold_only,16,3,53,"credentials,destructive",exact PKS/PKB/DDL/FMB mapping
REMR022.fmx,RB_REMR022_1E97B,other-finance/operations,plsql_specs/REMR022.pks.sql,plsql_bodies/REMR022.pkb.sql,forms_triggers/REMR022.triggers.sql,scaffold_only,15,3,62,"credentials,destructive",exact PKS/PKB/DDL/FMB mapping
REMR030.fmx,RB_REMR030_FE016,other-finance/operations,plsql_specs/REMR030.pks.sql,plsql_bodies/REMR030.pkb.sql,forms_triggers/REMR030.triggers.sql,scaffold_only,16,3,65,"credentials,destructive",exact PKS/PKB/DDL/FMB mapping
REMR031.fmx,RB_REMR031_26B93,other-finance/operations,plsql_specs/REMR031.pks.sql,plsql_bodies/REMR031.pkb.sql,forms_triggers/REMR031.triggers.sql,scaffold_only,18,3,85,"credentials,destructive",exact PKS/PKB/DDL/FMB mapping
REMR032.fmx,RB_REMR032_1FF0C,other-finance/operations,plsql_specs/REMR032.pks.sql,plsql_bodies/REMR032.pkb.sql,forms_triggers/REMR032.triggers.sql,scaffold_only,17,3,89,"credentials,ddl_privilege,destructive,windows_native",exact PKS/PKB/DDL/FMB mapping
REMR033.fmx,RB_REMR033_51B2E,other-finance/operations,plsql_specs/REMR033.pks.sql,plsql_bodies/REMR033.pkb.sql,forms_triggers/REMR033.triggers.sql,scaffold_only,17,3,82,"credentials,destructive",exact PKS/PKB/DDL/FMB mapping
REMS001.fmx,RB_REMS001_3B0F8,other-finance/operations,plsql_specs/REMS001.pks.sql,plsql_bodies/REMS001.pkb.sql,forms_triggers/REMS001.triggers.sql,scaffold_only,34,8,75,"credentials,ddl_privilege,destructive,windows_native",exact PKS/PKB/DDL/FMB mapping
REMS004.fmx,RB_REMS004_4EECD,other-finance/operations,plsql_specs/REMS004.pks.sql,plsql_bodies/REMS004.pkb.sql,forms_triggers/REMS004.triggers.sql,scaffold_only,36,7,103,"credentials,ddl_privilege,destructive,windows_native",exact PKS/PKB/DDL/FMB mapping
REMS006.fmx,RB_REMS006_B188A,other-finance/operations,plsql_specs/REMS006.pks.sql,plsql_bodies/REMS006.pkb.sql,forms_triggers/REMS006.triggers.sql,scaffold_only,34,8,91,"credentials,ddl_privilege,destructive,windows_native",exact PKS/PKB/DDL/FMB mapping
REMS008.fmx,RB_REMS008_70AA1,other-finance/operations,plsql_specs/REMS008.pks.sql,plsql_bodies/REMS008.pkb.sql,forms_triggers/REMS008.triggers.sql,scaffold_only,32,8,76,"credentials,ddl_privilege,destructive,windows_native",exact PKS/PKB/DDL/FMB mapping
REMS010.fmx,RB_REMS010_2777D,other-finance/operations,plsql_specs/REMS010.pks.sql,plsql_bodies/REMS010.pkb.sql,forms_triggers/REMS010.triggers.sql,scaffold_only,32,10,49,"credentials,ddl_privilege,destructive,windows_native",exact PKS/PKB/DDL/FMB mapping
REMS011.fmx,RB_REMS011_A35F1,other-finance/operations,plsql_specs/REMS011.pks.sql,plsql_bodies/REMS011.pkb.sql,forms_triggers/REMS011.triggers.sql,scaffold_only,33,8,62,"credentials,ddl_privilege,destructive,windows_native",exact PKS/PKB/DDL/FMB mapping
REMT001.fmx,RB_REMT001_DBC15,other-finance/operations,plsql_specs/REMT001.pks.sql,plsql_bodies/REMT001.pkb.sql,forms_triggers/REMT001.triggers.sql,scaffold_only,47,10,244,"credentials,ddl_privilege,destructive,windows_native",exact PKS/PKB/DDL/FMB mapping
REMT003.fmx,RB_REMT003_C480C,other-finance/operations,plsql_specs/REMT003.pks.sql,plsql_bodies/REMT003.pkb.sql,forms_triggers/REMT003.triggers.sql,scaffold_only,44,10,206,"credentials,ddl_privilege,destructive,windows_native",exact PKS/PKB/DDL/FMB mapping
REMT004.fmx,RB_REMT004_1B098,other-finance/operations,plsql_specs/REMT004.pks.sql,plsql_bodies/REMT004.pkb.sql,forms_triggers/REMT004.triggers.sql,scaffold_only,43,10,157,"credentials,destructive,windows_native",exact PKS/PKB/DDL/FMB mapping
REMT005.fmx,RB_REMT005_7EB30,other-finance/operations,plsql_specs/REMT005.pks.sql,plsql_bodies/REMT005.pkb.sql,forms_triggers/REMT005.triggers.sql,scaffold_only,40,10,135,"credentials,ddl_privilege,destructive,windows_native",exact PKS/PKB/DDL/FMB mapping
REMT006.fmx,RB_REMT006_20AEF,other-finance/operations,plsql_specs/REMT006.pks.sql,plsql_bodies/REMT006.pkb.sql,forms_triggers/REMT006.triggers.sql,scaffold_only,40,8,135,"credentials,ddl_privilege,destructive,windows_native",exact PKS/PKB/DDL/FMB mapping
REMT010.fmx,RB_REMT010_319BD,other-finance/operations,plsql_specs/REMT010.pks.sql,plsql_bodies/REMT010.pkb.sql,forms_triggers/REMT010.triggers.sql,scaffold_only,44,8,157,"credentials,ddl_privilege,destructive,windows_native",exact PKS/PKB/DDL/FMB mapping
REMT011.fmx,RB_REMT011_1F0D9,other-finance/operations,plsql_specs/REMT011.pks.sql,plsql_bodies/REMT011.pkb.sql,forms_triggers/REMT011.triggers.sql,scaffold_only,43,10,163,"credentials,destructive,windows_native",exact PKS/PKB/DDL/FMB mapping
REMT012.fmx,RB_REMT012_CEDA5,other-finance/operations,plsql_specs/REMT012.pks.sql,plsql_bodies/REMT012.pkb.sql,forms_triggers/REMT012.triggers.sql,scaffold_only,37,8,110,"credentials,ddl_privilege,destructive,windows_native",exact PKS/PKB/DDL/FMB mapping
REMT014.fmx,RB_REMT014_FC5C3,other-finance/operations,plsql_specs/REMT014.pks.sql,plsql_bodies/REMT014.pkb.sql,forms_triggers/REMT014.triggers.sql,scaffold_only,40,8,112,"credentials,ddl_privilege,destructive,windows_native",exact PKS/PKB/DDL/FMB mapping
REMT015.fmx,RB_REMT015_C5B56,other-finance/operations,plsql_specs/REMT015.pks.sql,plsql_bodies/REMT015.pkb.sql,forms_triggers/REMT015.triggers.sql,scaffold_only,38,8,106,"credentials,ddl_privilege,destructive,windows_native",exact PKS/PKB/DDL/FMB mapping
REMT020.fmx,RB_REMT020_756A2,other-finance/operations,plsql_specs/REMT020.pks.sql,plsql_bodies/REMT020.pkb.sql,forms_triggers/REMT020.triggers.sql,scaffold_only,41,10,135,"credentials,ddl_privilege,destructive,windows_native",exact PKS/PKB/DDL/FMB mapping
REMT022.fmx,RB_REMT022_D8CDD,other-finance/operations,plsql_specs/REMT022.pks.sql,plsql_bodies/REMT022.pkb.sql,forms_triggers/REMT022.triggers.sql,scaffold_only,42,8,137,"credentials,ddl_privilege,destructive,windows_native",exact PKS/PKB/DDL/FMB mapping
REMT024.fmx,RB_REMT024_93716,other-finance/operations,plsql_specs/REMT024.pks.sql,plsql_bodies/REMT024.pkb.sql,forms_triggers/REMT024.triggers.sql,scaffold_only,35,8,105,"credentials,ddl_privilege,destructive,windows_native",exact PKS/PKB/DDL/FMB mapping
REMT025.fmx,RB_REMT025_1EEE3,other-finance/operations,plsql_specs/REMT025.pks.sql,plsql_bodies/REMT025.pkb.sql,forms_triggers/REMT025.triggers.sql,scaffold_only,35,8,100,"credentials,ddl_privilege,destructive,windows_native",exact PKS/PKB/DDL/FMB mapping
REMT030.fmx,RB_REMT030_6C9B7,other-finance/operations,plsql_specs/REMT030.pks.sql,plsql_bodies/REMT030.pkb.sql,forms_triggers/REMT030.triggers.sql,scaffold_only,34,8,110,"credentials,ddl_privilege,destructive,windows_native",exact PKS/PKB/DDL/FMB mapping
REM_ALRTS001.fmx,RB_REM_ALRTS001_BFEF1,other-finance/operations,plsql_specs/REM_ALRTS001.pks.sql,plsql_bodies/REM_ALRTS001.pkb.sql,forms_triggers/REM_ALRTS001.triggers.sql,scaffold_only,33,8,64,"credentials,ddl_privilege,destructive,windows_native",exact PKS/PKB/DDL/FMB mapping
REQFRMWEB.fmx,RB_REQFRMWEB_C5DB2,other,plsql_specs/REQFRMWEB.pks.sql,plsql_bodies/REQFRMWEB.pkb.sql,forms_triggers/REQFRMWEB.triggers.sql,scaffold_only,10,0,36,"destructive,windows_native",exact PKS/PKB/DDL/FMB mapping
REST001.fmx,RB_REST001_1A537,other,plsql_specs/REST001.pks.sql,plsql_bodies/REST001.pkb.sql,forms_triggers/REST001.triggers.sql,scaffold_only,44,26,243,"credentials,ddl_privilege,destructive,dynamic_sql,windows_native",exact PKS/PKB/DDL/FMB mapping
SEC001.fmx,RB_SEC001_65E2C,other,plsql_specs/SEC001.pks.sql,plsql_bodies/SEC001.pkb.sql,forms_triggers/SEC001.triggers.sql,scaffold_only,32,8,51,"credentials,ddl_privilege,destructive,windows_native",exact PKS/PKB/DDL/FMB mapping
SEC002.fmx,RB_SEC002_F523F,other,plsql_specs/SEC002.pks.sql,plsql_bodies/SEC002.pkb.sql,forms_triggers/SEC002.triggers.sql,scaffold_only,32,8,53,"credentials,ddl_privilege,destructive,windows_native",exact PKS/PKB/DDL/FMB mapping
SEC003.fmx,RB_SEC003_F3E61,other,plsql_specs/SEC003.pks.sql,plsql_bodies/SEC003.pkb.sql,forms_triggers/SEC003.triggers.sql,scaffold_only,32,8,50,"credentials,ddl_privilege,destructive,windows_native",exact PKS/PKB/DDL/FMB mapping
SEC004.fmx,RB_SEC004_81159,other,plsql_specs/SEC004.pks.sql,plsql_bodies/SEC004.pkb.sql,forms_triggers/SEC004.triggers.sql,scaffold_only,33,8,63,"credentials,ddl_privilege,destructive,windows_native",exact PKS/PKB/DDL/FMB mapping
SEC005.fmx,RB_SEC005_76596,other,plsql_specs/SEC005.pks.sql,plsql_bodies/SEC005.pkb.sql,forms_triggers/SEC005.triggers.sql,scaffold_only,33,8,51,"credentials,ddl_privilege,destructive,windows_native",exact PKS/PKB/DDL/FMB mapping
SECFM10.fmx,RB_SECFM10_2222E,other,plsql_specs/SECFM10.pks.sql,plsql_bodies/SECFM10.pkb.sql,forms_triggers/SECFM10.triggers.sql,scaffold_only,7,0,43,"ddl_privilege,destructive,windows_native",exact PKS/PKB/DDL/FMB mapping
SHLI001.fmx,RB_SHLI001_B7394,other-finance/operations,plsql_specs/SHLI001.pks.sql,plsql_bodies/SHLI001.pkb.sql,forms_triggers/SHLI001.triggers.sql,scaffold_only,35,8,142,"credentials,ddl_privilege,destructive,windows_native",exact PKS/PKB/DDL/FMB mapping
SHLI002.fmx,RB_SHLI002_66E31,other-finance/operations,plsql_specs/SHLI002.pks.sql,plsql_bodies/SHLI002.pkb.sql,forms_triggers/SHLI002.triggers.sql,scaffold_only,35,8,87,"credentials,ddl_privilege,destructive,windows_native",exact PKS/PKB/DDL/FMB mapping
SHLI003.fmx,RB_SHLI003_51CAD,other-finance/operations,plsql_specs/SHLI003.pks.sql,plsql_bodies/SHLI003.pkb.sql,forms_triggers/SHLI003.triggers.sql,scaffold_only,35,8,86,"credentials,ddl_privilege,destructive,windows_native",exact PKS/PKB/DDL/FMB mapping
SHLR001.fmx,RB_SHLR001_7A0C0,other-finance/operations,plsql_specs/SHLR001.pks.sql,plsql_bodies/SHLR001.pkb.sql,forms_triggers/SHLR001.triggers.sql,scaffold_only,18,3,76,"credentials,destructive",exact PKS/PKB/DDL/FMB mapping
SHLR002.fmx,RB_SHLR002_1BD28,other-finance/operations,plsql_specs/SHLR002.pks.sql,plsql_bodies/SHLR002.pkb.sql,forms_triggers/SHLR002.triggers.sql,scaffold_only,18,3,73,"credentials,destructive",exact PKS/PKB/DDL/FMB mapping
SHLR003.fmx,RB_SHLR003_FD38F,other-finance/operations,plsql_specs/SHLR003.pks.sql,plsql_bodies/SHLR003.pkb.sql,forms_triggers/SHLR003.triggers.sql,scaffold_only,18,3,72,"credentials,destructive",exact PKS/PKB/DDL/FMB mapping
SHLR004.fmx,RB_SHLR004_24936,other-finance/operations,plsql_specs/SHLR004.pks.sql,plsql_bodies/SHLR004.pkb.sql,forms_triggers/SHLR004.triggers.sql,scaffold_only,18,3,72,"credentials,destructive",exact PKS/PKB/DDL/FMB mapping
SHLR005.fmx,RB_SHLR005_3487A,other-finance/operations,plsql_specs/SHLR005.pks.sql,plsql_bodies/SHLR005.pkb.sql,forms_triggers/SHLR005.triggers.sql,scaffold_only,18,3,73,"credentials,destructive",exact PKS/PKB/DDL/FMB mapping
SHLR006.fmx,RB_SHLR006_430AB,other-finance/operations,plsql_specs/SHLR006.pks.sql,plsql_bodies/SHLR006.pkb.sql,forms_triggers/SHLR006.triggers.sql,scaffold_only,18,3,73,"credentials,destructive",exact PKS/PKB/DDL/FMB mapping
SHLR007.fmx,RB_SHLR007_34100,other-finance/operations,plsql_specs/SHLR007.pks.sql,plsql_bodies/SHLR007.pkb.sql,forms_triggers/SHLR007.triggers.sql,scaffold_only,18,3,73,"credentials,destructive",exact PKS/PKB/DDL/FMB mapping
SHLR008.fmx,RB_SHLR008_353D8,other-finance/operations,plsql_specs/SHLR008.pks.sql,plsql_bodies/SHLR008.pkb.sql,forms_triggers/SHLR008.triggers.sql,scaffold_only,18,3,72,"credentials,destructive",exact PKS/PKB/DDL/FMB mapping
SHLR009.fmx,RB_SHLR009_1627B,other-finance/operations,plsql_specs/SHLR009.pks.sql,plsql_bodies/SHLR009.pkb.sql,forms_triggers/SHLR009.triggers.sql,scaffold_only,18,3,72,"credentials,destructive",exact PKS/PKB/DDL/FMB mapping
SHLR010.fmx,RB_SHLR010_E7D89,other-finance/operations,plsql_specs/SHLR010.pks.sql,plsql_bodies/SHLR010.pkb.sql,forms_triggers/SHLR010.triggers.sql,scaffold_only,19,3,75,"credentials,destructive",exact PKS/PKB/DDL/FMB mapping
SHLR011.fmx,RB_SHLR011_86B95,other-finance/operations,plsql_specs/SHLR011.pks.sql,plsql_bodies/SHLR011.pkb.sql,forms_triggers/SHLR011.triggers.sql,scaffold_only,18,3,73,"credentials,destructive",exact PKS/PKB/DDL/FMB mapping
SHLR012.fmx,RB_SHLR012_BE8CD,other-finance/operations,plsql_specs/SHLR012.pks.sql,plsql_bodies/SHLR012.pkb.sql,forms_triggers/SHLR012.triggers.sql,scaffold_only,19,3,75,"credentials,destructive",exact PKS/PKB/DDL/FMB mapping
SHLR013.fmx,RB_SHLR013_3CD6A,other-finance/operations,plsql_specs/SHLR013.pks.sql,plsql_bodies/SHLR013.pkb.sql,forms_triggers/SHLR013.triggers.sql,scaffold_only,19,3,75,"credentials,destructive",exact PKS/PKB/DDL/FMB mapping
SHLS001.fmx,RB_SHLS001_F9EE1,other-finance/operations,plsql_specs/SHLS001.pks.sql,plsql_bodies/SHLS001.pkb.sql,forms_triggers/SHLS001.triggers.sql,scaffold_only,32,8,49,"credentials,ddl_privilege,destructive,windows_native",exact PKS/PKB/DDL/FMB mapping
SHLS002.fmx,RB_SHLS002_0C3B0,other-finance/operations,plsql_specs/SHLS002.pks.sql,plsql_bodies/SHLS002.pkb.sql,forms_triggers/SHLS002.triggers.sql,scaffold_only,34,10,86,"credentials,ddl_privilege,destructive,windows_native",exact PKS/PKB/DDL/FMB mapping
SHLS003.fmx,RB_SHLS003_55FF1,other-finance/operations,plsql_specs/SHLS003.pks.sql,plsql_bodies/SHLS003.pkb.sql,forms_triggers/SHLS003.triggers.sql,scaffold_only,34,8,57,"credentials,ddl_privilege,destructive,windows_native",exact PKS/PKB/DDL/FMB mapping
SHLS004.fmx,RB_SHLS004_DEE8F,other-finance/operations,plsql_specs/SHLS004.pks.sql,plsql_bodies/SHLS004.pkb.sql,forms_triggers/SHLS004.triggers.sql,scaffold_only,34,8,64,"credentials,ddl_privilege,destructive,windows_native",exact PKS/PKB/DDL/FMB mapping
SHLT001.fmx,RB_SHLT001_51A96,other-finance/operations,plsql_specs/SHLT001.pks.sql,plsql_bodies/SHLT001.pkb.sql,forms_triggers/SHLT001.triggers.sql,scaffold_only,36,8,110,"credentials,ddl_privilege,destructive,windows_native",exact PKS/PKB/DDL/FMB mapping
SHLT002.fmx,RB_SHLT002_339C9,other-finance/operations,plsql_specs/SHLT002.pks.sql,plsql_bodies/SHLT002.pkb.sql,forms_triggers/SHLT002.triggers.sql,scaffold_only,36,8,101,"credentials,ddl_privilege,destructive,windows_native",exact PKS/PKB/DDL/FMB mapping
SHLT003.fmx,RB_SHLT003_B2886,other-finance/operations,plsql_specs/SHLT003.pks.sql,plsql_bodies/SHLT003.pkb.sql,forms_triggers/SHLT003.triggers.sql,scaffold_only,36,8,92,"credentials,ddl_privilege,destructive,windows_native",exact PKS/PKB/DDL/FMB mapping
SHLT004.fmx,RB_SHLT004_A1347,other-finance/operations,plsql_specs/SHLT004.pks.sql,plsql_bodies/SHLT004.pkb.sql,forms_triggers/SHLT004.triggers.sql,scaffold_only,36,8,109,"credentials,ddl_privilege,destructive,windows_native",exact PKS/PKB/DDL/FMB mapping
SHLT005.fmx,RB_SHLT005_03DA5,other-finance/operations,plsql_specs/SHLT005.pks.sql,plsql_bodies/SHLT005.pkb.sql,forms_triggers/SHLT005.triggers.sql,scaffold_only,36,8,104,"credentials,ddl_privilege,destructive,windows_native",exact PKS/PKB/DDL/FMB mapping
SHLT006.fmx,RB_SHLT006_34568,other-finance/operations,plsql_specs/SHLT006.pks.sql,plsql_bodies/SHLT006.pkb.sql,forms_triggers/SHLT006.triggers.sql,scaffold_only,36,8,112,"credentials,ddl_privilege,destructive,windows_native",exact PKS/PKB/DDL/FMB mapping
SHLT007.fmx,RB_SHLT007_11AB4,other-finance/operations,plsql_specs/SHLT007.pks.sql,plsql_bodies/SHLT007.pkb.sql,forms_triggers/SHLT007.triggers.sql,scaffold_only,36,8,91,"credentials,ddl_privilege,destructive,windows_native",exact PKS/PKB/DDL/FMB mapping
SHLT008.fmx,RB_SHLT008_95DA5,other-finance/operations,plsql_specs/SHLT008.pks.sql,plsql_bodies/SHLT008.pkb.sql,forms_triggers/SHLT008.triggers.sql,scaffold_only,36,8,97,"credentials,ddl_privilege,destructive,windows_native",exact PKS/PKB/DDL/FMB mapping
SHLT010.fmx,RB_SHLT010_B6039,other-finance/operations,plsql_specs/SHLT010.pks.sql,plsql_bodies/SHLT010.pkb.sql,forms_triggers/SHLT010.triggers.sql,scaffold_only,36,8,110,"credentials,ddl_privilege,destructive,windows_native",exact PKS/PKB/DDL/FMB mapping
SHLT011.fmx,RB_SHLT011_AEC87,other-finance/operations,plsql_specs/SHLT011.pks.sql,plsql_bodies/SHLT011.pkb.sql,forms_triggers/SHLT011.triggers.sql,scaffold_only,36,8,106,"credentials,ddl_privilege,destructive,windows_native",exact PKS/PKB/DDL/FMB mapping
SHOI001.fmx,RB_SHOI001_D66E5,other-finance/operations,plsql_specs/SHOI001.pks.sql,plsql_bodies/SHOI001.pkb.sql,forms_triggers/SHOI001.triggers.sql,scaffold_only,34,7,119,"credentials,ddl_privilege,destructive,windows_native",exact PKS/PKB/DDL/FMB mapping
SHOI002.fmx,RB_SHOI002_A1E87,other-finance/operations,plsql_specs/SHOI002.pks.sql,plsql_bodies/SHOI002.pkb.sql,forms_triggers/SHOI002.triggers.sql,scaffold_only,33,8,55,"credentials,ddl_privilege,destructive,windows_native",exact PKS/PKB/DDL/FMB mapping
SHOR001.fmx,RB_SHOR001_FD289,other-finance/operations,plsql_specs/SHOR001.pks.sql,plsql_bodies/SHOR001.pkb.sql,forms_triggers/SHOR001.triggers.sql,scaffold_only,17,3,101,"credentials,destructive,windows_native",exact PKS/PKB/DDL/FMB mapping
SHOS001.fmx,RB_SHOS001_E3BDC,other-finance/operations,plsql_specs/SHOS001.pks.sql,plsql_bodies/SHOS001.pkb.sql,forms_triggers/SHOS001.triggers.sql,scaffold_only,32,8,91,"credentials,destructive,windows_native",exact PKS/PKB/DDL/FMB mapping
SHP027.fmx,RB_SHP027_A7A40,other-finance/operations,plsql_specs/SHP027.pks.sql,plsql_bodies/SHP027.pkb.sql,forms_triggers/SHP027.triggers.sql,scaffold_only,32,40,344,"credentials,ddl_privilege,destructive,windows_native,error_handling",exact PKS/PKB/DDL/FMB mapping
SHPDBA.fmx,RB_SHPDBA_97A39,other-finance/operations,plsql_specs/SHPDBA.pks.sql,plsql_bodies/SHPDBA.pkb.sql,forms_triggers/SHPDBA.triggers.sql,scaffold_only,56,44,501,"credentials,ddl_privilege,destructive,dynamic_sql,windows_native,error_handling",exact PKS/PKB/DDL/FMB mapping
SHPDBA_FULL.fmx,RB_SHPDBA_FULL_45B30,other-finance/operations,plsql_specs/SHPDBA_FULL.pks.sql,plsql_bodies/SHPDBA_FULL.pkb.sql,forms_triggers/SHPDBA_FULL.triggers.sql,scaffold_only,50,8,367,"credentials,ddl_privilege,destructive,dynamic_sql,windows_native,error_handling",exact PKS/PKB/DDL/FMB mapping
SHPI001.fmx,RB_SHPI001_98248,other-finance/operations,plsql_specs/SHPI001.pks.sql,plsql_bodies/SHPI001.pkb.sql,forms_triggers/SHPI001.triggers.sql,scaffold_only,36,8,91,"credentials,ddl_privilege,destructive,windows_native",exact PKS/PKB/DDL/FMB mapping
SHPI002.fmx,RB_SHPI002_BE751,other-finance/operations,plsql_specs/SHPI002.pks.sql,plsql_bodies/SHPI002.pkb.sql,forms_triggers/SHPI002.triggers.sql,scaffold_only,40,8,101,"credentials,ddl_privilege,destructive,windows_native",exact PKS/PKB/DDL/FMB mapping
SHPR001.fmx,RB_SHPR001_2CC62,other-finance/operations,plsql_specs/SHPR001.pks.sql,plsql_bodies/SHPR001.pkb.sql,forms_triggers/SHPR001.triggers.sql,scaffold_only,16,3,85,"credentials,destructive,windows_native",exact PKS/PKB/DDL/FMB mapping
SHPR002.fmx,RB_SHPR002_0F0DE,other-finance/operations,plsql_specs/SHPR002.pks.sql,plsql_bodies/SHPR002.pkb.sql,forms_triggers/SHPR002.triggers.sql,scaffold_only,16,3,83,"credentials,destructive,windows_native",exact PKS/PKB/DDL/FMB mapping
SHPS001.fmx,RB_SHPS001_A4CF4,other-finance/operations,plsql_specs/SHPS001.pks.sql,plsql_bodies/SHPS001.pkb.sql,forms_triggers/SHPS001.triggers.sql,scaffold_only,34,9,70,"credentials,ddl_privilege,destructive,windows_native",exact PKS/PKB/DDL/FMB mapping
SHPS002.fmx,RB_SHPS002_7444C,other-finance/operations,plsql_specs/SHPS002.pks.sql,plsql_bodies/SHPS002.pkb.sql,forms_triggers/SHPS002.triggers.sql,scaffold_only,33,8,55,"credentials,ddl_privilege,destructive,windows_native",exact PKS/PKB/DDL/FMB mapping
SHPT001.fmx,RB_SHPT001_77249,other-finance/operations,plsql_specs/SHPT001.pks.sql,plsql_bodies/SHPT001.pkb.sql,forms_triggers/SHPT001.triggers.sql,scaffold_only,53,9,207,"credentials,destructive,windows_native",exact PKS/PKB/DDL/FMB mapping
SHPT002.fmx,RB_SHPT002_32941,other-finance/operations,plsql_specs/SHPT002.pks.sql,plsql_bodies/SHPT002.pkb.sql,forms_triggers/SHPT002.triggers.sql,scaffold_only,53,11,224,"credentials,destructive,windows_native",exact PKS/PKB/DDL/FMB mapping
SHPT003.fmx,RB_SHPT003_A547B,other-finance/operations,plsql_specs/SHPT003.pks.sql,plsql_bodies/SHPT003.pkb.sql,forms_triggers/SHPT003.triggers.sql,scaffold_only,43,9,155,"credentials,ddl_privilege,destructive,windows_native",exact PKS/PKB/DDL/FMB mapping
SHPT004.fmx,RB_SHPT004_EB0F3,other-finance/operations,plsql_specs/SHPT004.pks.sql,plsql_bodies/SHPT004.pkb.sql,forms_triggers/SHPT004.triggers.sql,scaffold_only,42,9,155,"credentials,ddl_privilege,destructive,windows_native",exact PKS/PKB/DDL/FMB mapping
SHPT005.fmx,RB_SHPT005_8D613,other-finance/operations,plsql_specs/SHPT005.pks.sql,plsql_bodies/SHPT005.pkb.sql,forms_triggers/SHPT005.triggers.sql,scaffold_only,42,9,155,"credentials,ddl_privilege,destructive,windows_native",exact PKS/PKB/DDL/FMB mapping
SHPT006.fmx,RB_SHPT006_D6C90,other-finance/operations,plsql_specs/SHPT006.pks.sql,plsql_bodies/SHPT006.pkb.sql,forms_triggers/SHPT006.triggers.sql,scaffold_only,50,9,185,"credentials,ddl_privilege,destructive,windows_native",exact PKS/PKB/DDL/FMB mapping
SHPT007.fmx,RB_SHPT007_F0A45,other-finance/operations,plsql_specs/SHPT007.pks.sql,plsql_bodies/SHPT007.pkb.sql,forms_triggers/SHPT007.triggers.sql,scaffold_only,40,8,102,"credentials,ddl_privilege,destructive,windows_native",exact PKS/PKB/DDL/FMB mapping
SHP_DBA.fmx,RB_SHP_DBA_D3FC3,other-finance/operations,plsql_specs/SHP_DBA.pks.sql,plsql_bodies/SHP_DBA.pkb.sql,forms_triggers/SHP_DBA.triggers.sql,scaffold_only,32,40,344,"credentials,ddl_privilege,destructive,windows_native,error_handling",exact PKS/PKB/DDL/FMB mapping
STNI001.fmx,RB_STNI001_99A13,other,plsql_specs/STNI001.pks.sql,plsql_bodies/STNI001.pkb.sql,forms_triggers/STNI001.triggers.sql,scaffold_only,36,8,82,"credentials,ddl_privilege,destructive,dynamic_sql,windows_native",exact PKS/PKB/DDL/FMB mapping
STNR001.fmx,RB_STNR001_9CBD5,other,plsql_specs/STNR001.pks.sql,plsql_bodies/STNR001.pkb.sql,forms_triggers/STNR001.triggers.sql,scaffold_only,19,3,78,"credentials,destructive",exact PKS/PKB/DDL/FMB mapping
STNR002.fmx,RB_STNR002_565FB,other,plsql_specs/STNR002.pks.sql,plsql_bodies/STNR002.pkb.sql,forms_triggers/STNR002.triggers.sql,scaffold_only,19,3,84,"credentials,destructive",exact PKS/PKB/DDL/FMB mapping
STNR003.fmx,RB_STNR003_3C7B8,other,plsql_specs/STNR003.pks.sql,plsql_bodies/STNR003.pkb.sql,forms_triggers/STNR003.triggers.sql,scaffold_only,18,3,86,"credentials,destructive",exact PKS/PKB/DDL/FMB mapping
STNR004.fmx,RB_STNR004_08576,other,plsql_specs/STNR004.pks.sql,plsql_bodies/STNR004.pkb.sql,forms_triggers/STNR004.triggers.sql,scaffold_only,19,3,107,"credentials,destructive",exact PKS/PKB/DDL/FMB mapping
STNR005.fmx,RB_STNR005_7632B,other,plsql_specs/STNR005.pks.sql,plsql_bodies/STNR005.pkb.sql,forms_triggers/STNR005.triggers.sql,scaffold_only,20,3,129,"credentials,destructive",exact PKS/PKB/DDL/FMB mapping
STNS002.fmx,RB_STNS002_77426,other,plsql_specs/STNS002.pks.sql,plsql_bodies/STNS002.pkb.sql,forms_triggers/STNS002.triggers.sql,scaffold_only,36,8,84,"credentials,ddl_privilege,destructive,windows_native,network",exact PKS/PKB/DDL/FMB mapping
STNS003.fmx,RB_STNS003_2F2F2,other,plsql_specs/STNS003.pks.sql,plsql_bodies/STNS003.pkb.sql,forms_triggers/STNS003.triggers.sql,scaffold_only,36,8,110,"credentials,ddl_privilege,destructive,windows_native,network",exact PKS/PKB/DDL/FMB mapping
STNS004.fmx,RB_STNS004_55198,other,plsql_specs/STNS004.pks.sql,plsql_bodies/STNS004.pkb.sql,forms_triggers/STNS004.triggers.sql,scaffold_only,37,8,105,"credentials,ddl_privilege,destructive,windows_native,network",exact PKS/PKB/DDL/FMB mapping
STNT001.fmx,RB_STNT001_7D86D,other,plsql_specs/STNT001.pks.sql,plsql_bodies/STNT001.pkb.sql,forms_triggers/STNT001.triggers.sql,scaffold_only,38,8,114,"credentials,ddl_privilege,destructive,windows_native",exact PKS/PKB/DDL/FMB mapping
STNT002.fmx,RB_STNT002_B7549,other,plsql_specs/STNT002.pks.sql,plsql_bodies/STNT002.pkb.sql,forms_triggers/STNT002.triggers.sql,scaffold_only,45,10,179,"credentials,ddl_privilege,destructive,dynamic_sql,windows_native",exact PKS/PKB/DDL/FMB mapping
STNT003.fmx,RB_STNT003_186C0,other,plsql_specs/STNT003.pks.sql,plsql_bodies/STNT003.pkb.sql,forms_triggers/STNT003.triggers.sql,scaffold_only,48,10,243,"credentials,ddl_privilege,destructive,windows_native",exact PKS/PKB/DDL/FMB mapping
STNT003_old.fmx,RB_STNT003_OLD_2DB62,other,plsql_specs/STNT003_old.pks.sql,plsql_bodies/STNT003_old.pkb.sql,forms_triggers/STNT003_old.triggers.sql,scaffold_only,46,10,222,"credentials,ddl_privilege,destructive,windows_native",exact PKS/PKB/DDL/FMB mapping
STNT004.fmx,RB_STNT004_DAAF4,other,plsql_specs/STNT004.pks.sql,plsql_bodies/STNT004.pkb.sql,forms_triggers/STNT004.triggers.sql,scaffold_only,31,14,161,"credentials,destructive,windows_native",exact PKS/PKB/DDL/FMB mapping
TELEYEMEN_FNGI008.fmx,RB_TELEYEMEN_FNGI008_EBF42,other,plsql_specs/TELEYEMEN_FNGI008.pks.sql,plsql_bodies/TELEYEMEN_FNGI008.pkb.sql,forms_triggers/TELEYEMEN_FNGI008.triggers.sql,scaffold_only,42,8,224,"credentials,ddl_privilege,destructive,dynamic_sql,windows_native",exact PKS/PKB/DDL/FMB mapping
YS_EMP_TRNS.fmx,RB_YS_EMP_TRNS_3E1D8,other,plsql_specs/YS_EMP_TRNS.pks.sql,plsql_bodies/YS_EMP_TRNS.pkb.sql,forms_triggers/YS_EMP_TRNS.triggers.sql,scaffold_only,19,2,46,"destructive,windows_native",exact PKS/PKB/DDL/FMB mapping
YS_EMP_UPD_DATA.fmx,RB_YS_EMP_UPD_DATA_B541E,other,plsql_specs/YS_EMP_UPD_DATA.pks.sql,plsql_bodies/YS_EMP_UPD_DATA.pkb.sql,forms_triggers/YS_EMP_UPD_DATA.triggers.sql,scaffold_only,41,8,117,"credentials,ddl_privilege,destructive,dynamic_sql,windows_native",exact PKS/PKB/DDL/FMB mapping
YS_FAS_FLTR.fmx,RB_YS_FAS_FLTR_E4B7E,other,plsql_specs/YS_FAS_FLTR.pks.sql,plsql_bodies/YS_FAS_FLTR.pkb.sql,forms_triggers/YS_FAS_FLTR.triggers.sql,scaffold_only,38,10,109,"credentials,ddl_privilege,destructive,windows_native",exact PKS/PKB/DDL/FMB mapping
YS_HRS_FLTR.fmx,RB_YS_HRS_FLTR_F89D1,other,plsql_specs/YS_HRS_FLTR.pks.sql,plsql_bodies/YS_HRS_FLTR.pkb.sql,forms_triggers/YS_HRS_FLTR.triggers.sql,scaffold_only,38,10,109,"credentials,ddl_privilege,destructive,windows_native",exact PKS/PKB/DDL/FMB mapping
YS_ICODE_LOV.fmx,RB_YS_ICODE_LOV_D00C9,other,plsql_specs/YS_ICODE_LOV.pks.sql,plsql_bodies/YS_ICODE_LOV.pkb.sql,forms_triggers/YS_ICODE_LOV.triggers.sql,scaffold_only,11,0,87,"destructive,windows_native",exact PKS/PKB/DDL/FMB mapping
YS_IMPXLS_EMP.fmx,RB_YS_IMPXLS_EMP_16317,other,plsql_specs/YS_IMPXLS_EMP.pks.sql,plsql_bodies/YS_IMPXLS_EMP.pkb.sql,forms_triggers/YS_IMPXLS_EMP.triggers.sql,scaffold_only,38,8,102,"credentials,ddl_privilege,destructive,windows_native",exact PKS/PKB/DDL/FMB mapping
YS_IMPXLS_HRCHY.fmx,RB_YS_IMPXLS_HRCHY_21260,other,plsql_specs/YS_IMPXLS_HRCHY.pks.sql,plsql_bodies/YS_IMPXLS_HRCHY.pkb.sql,forms_triggers/YS_IMPXLS_HRCHY.triggers.sql,scaffold_only,36,8,71,"credentials,ddl_privilege,destructive,windows_native",exact PKS/PKB/DDL/FMB mapping
activation_code.fmx,RB_ACTIVATION_CODE_3A939,other,plsql_specs/activation_code.pks.sql,plsql_bodies/activation_code.pkb.sql,forms_triggers/activation_code.triggers.sql,scaffold_only,5,1,144,"credentials,destructive,windows_native,error_handling",exact PKS/PKB/DDL/FMB mapping
fast090.fmx,RB_FAST090_27968,GL/finance,plsql_specs/fast090.pks.sql,plsql_bodies/fast090.pkb.sql,forms_triggers/fast090.triggers.sql,scaffold_only,47,10,178,"credentials,destructive,windows_native",exact PKS/PKB/DDL/FMB mapping
glsi007_acc_pj.fmx,RB_GLSI007_ACC_PJ_3E5D2,GL/finance,plsql_specs/glsi007_acc_pj.pks.sql,plsql_bodies/glsi007_acc_pj.pkb.sql,forms_triggers/glsi007_acc_pj.triggers.sql,scaffold_only,36,8,82,"credentials,ddl_privilege,destructive,windows_native",exact PKS/PKB/DDL/FMB mapping
hrst0_11.fmx,RB_HRST0_11_BF2C7,HR,plsql_specs/hrst0_11.pks.sql,plsql_bodies/hrst0_11.pkb.sql,forms_triggers/hrst0_11.triggers.sql,scaffold_only,59,10,208,"credentials,ddl_privilege,destructive,windows_native",exact PKS/PKB/DDL/FMB mapping
jv_types.fmx,RB_JV_TYPES_1D7DD,other,plsql_specs/jv_types.pks.sql,plsql_bodies/jv_types.pkb.sql,forms_triggers/jv_types.triggers.sql,scaffold_only,0,0,4,none,exact PKS/PKB/DDL/FMB mapping
mrpbom02.fmx,RB_MRPBOM02_2916A,MRP/treasury,plsql_specs/mrpbom02.pks.sql,plsql_bodies/mrpbom02.pkb.sql,forms_triggers/mrpbom02.triggers.sql,scaffold_only,12,0,103,"destructive,windows_native",exact PKS/PKB/DDL/FMB mapping
mrpcrp22.fmx,RB_MRPCRP22_B301C,MRP/treasury,plsql_specs/mrpcrp22.pks.sql,plsql_bodies/mrpcrp22.pkb.sql,forms_triggers/mrpcrp22.triggers.sql,scaffold_only,8,0,31,"destructive,windows_native",exact PKS/PKB/DDL/FMB mapping
mrpmps03.fmx,RB_MRPMPS03_3AD8D,MRP/treasury,plsql_specs/mrpmps03.pks.sql,plsql_bodies/mrpmps03.pkb.sql,forms_triggers/mrpmps03.triggers.sql,scaffold_only,11,1,73,"destructive,dynamic_sql,windows_native",exact PKS/PKB/DDL/FMB mapping
mrprepmps001.fmx,RB_MRPREPMPS001_4BEE6,MRP/treasury,plsql_specs/mrprepmps001.pks.sql,plsql_bodies/mrprepmps001.pkb.sql,forms_triggers/mrprepmps001.triggers.sql,scaffold_only,8,0,71,"destructive,windows_native",exact PKS/PKB/DDL/FMB mapping
mrprepmps0062.fmx,RB_MRPREPMPS0062_2AE1B,MRP/treasury,plsql_specs/mrprepmps0062.pks.sql,plsql_bodies/mrprepmps0062.pkb.sql,forms_triggers/mrprepmps0062.triggers.sql,scaffold_only,4,0,106,"destructive,windows_native",exact PKS/PKB/DDL/FMB mapping
mrprepsgs008.fmx,RB_MRPREPSGS008_867A1,MRP/treasury,plsql_specs/mrprepsgs008.pks.sql,plsql_bodies/mrprepsgs008.pkb.sql,forms_triggers/mrprepsgs008.triggers.sql,scaffold_only,5,0,34,"destructive,windows_native",exact PKS/PKB/DDL/FMB mapping
mrprepsgs021.fmx,RB_MRPREPSGS021_2BF53,MRP/treasury,plsql_specs/mrprepsgs021.pks.sql,plsql_bodies/mrprepsgs021.pkb.sql,forms_triggers/mrprepsgs021.triggers.sql,scaffold_only,5,0,39,"destructive,windows_native",exact PKS/PKB/DDL/FMB mapping
mrpsgs05.fmx,RB_MRPSGS05_62C4B,MRP/treasury,plsql_specs/mrpsgs05.pks.sql,plsql_bodies/mrpsgs05.pkb.sql,forms_triggers/mrpsgs05.triggers.sql,scaffold_only,5,0,44,"ddl_privilege,destructive,windows_native,error_handling",exact PKS/PKB/DDL/FMB mapping
mrpsgs12.fmx,RB_MRPSGS12_A29CE,MRP/treasury,plsql_specs/mrpsgs12.pks.sql,plsql_bodies/mrpsgs12.pkb.sql,forms_triggers/mrpsgs12.triggers.sql,scaffold_only,6,0,39,"ddl_privilege,destructive,windows_native",exact PKS/PKB/DDL/FMB mapping
mrpsgs21.fmx,RB_MRPSGS21_0828E,MRP/treasury,plsql_specs/mrpsgs21.pks.sql,plsql_bodies/mrpsgs21.pkb.sql,forms_triggers/mrpsgs21.triggers.sql,scaffold_only,7,0,61,"ddl_privilege,destructive,windows_native",exact PKS/PKB/DDL/FMB mapping
mtxacount.fmx,RB_MTXACOUNT_02240,inventory/stock,plsql_specs/mtxacount.pks.sql,plsql_bodies/mtxacount.pkb.sql,forms_triggers/mtxacount.triggers.sql,scaffold_only,4,1,34,"destructive,windows_native",exact PKS/PKB/DDL/FMB mapping
mtxbckrp01.fmx,RB_MTXBCKRP01_FE1A9,inventory/stock,plsql_specs/mtxbckrp01.pks.sql,plsql_bodies/mtxbckrp01.pkb.sql,forms_triggers/mtxbckrp01.triggers.sql,scaffold_only,6,0,40,"destructive,windows_native",exact PKS/PKB/DDL/FMB mapping
mtxbckrp02.fmx,RB_MTXBCKRP02_68CAE,inventory/stock,plsql_specs/mtxbckrp02.pks.sql,plsql_bodies/mtxbckrp02.pkb.sql,forms_triggers/mtxbckrp02.triggers.sql,scaffold_only,6,0,41,"destructive,windows_native",exact PKS/PKB/DDL/FMB mapping
mtxbll002.fmx,RB_MTXBLL002_CB578,inventory/stock,plsql_specs/mtxbll002.pks.sql,plsql_bodies/mtxbll002.pkb.sql,forms_triggers/mtxbll002.triggers.sql,scaffold_only,6,1,39,"destructive,windows_native",exact PKS/PKB/DDL/FMB mapping
mtxcckr02.fmx,RB_MTXCCKR02_19723,inventory/stock,plsql_specs/mtxcckr02.pks.sql,plsql_bodies/mtxcckr02.pkb.sql,forms_triggers/mtxcckr02.triggers.sql,scaffold_only,7,0,37,"destructive,windows_native",exact PKS/PKB/DDL/FMB mapping
mtxcod001.fmx,RB_MTXCOD001_91589,inventory/stock,plsql_specs/mtxcod001.pks.sql,plsql_bodies/mtxcod001.pkb.sql,forms_triggers/mtxcod001.triggers.sql,scaffold_only,6,0,29,"destructive,windows_native",exact PKS/PKB/DDL/FMB mapping
mtxcod002.fmx,RB_MTXCOD002_DBC37,inventory/stock,plsql_specs/mtxcod002.pks.sql,plsql_bodies/mtxcod002.pkb.sql,forms_triggers/mtxcod002.triggers.sql,scaffold_only,6,0,19,"destructive,windows_native",exact PKS/PKB/DDL/FMB mapping
mtxcod015.fmx,RB_MTXCOD015_88153,inventory/stock,plsql_specs/mtxcod015.pks.sql,plsql_bodies/mtxcod015.pkb.sql,forms_triggers/mtxcod015.triggers.sql,scaffold_only,6,0,24,"destructive,windows_native",exact PKS/PKB/DDL/FMB mapping
mtxcod017.fmx,RB_MTXCOD017_8F672,inventory/stock,plsql_specs/mtxcod017.pks.sql,plsql_bodies/mtxcod017.pkb.sql,forms_triggers/mtxcod017.triggers.sql,scaffold_only,6,1,21,"destructive,windows_native",exact PKS/PKB/DDL/FMB mapping
mtxcod018.fmx,RB_MTXCOD018_FBFC8,inventory/stock,plsql_specs/mtxcod018.pks.sql,plsql_bodies/mtxcod018.pkb.sql,forms_triggers/mtxcod018.triggers.sql,scaffold_only,6,1,19,"destructive,windows_native",exact PKS/PKB/DDL/FMB mapping
mtxcod020.fmx,RB_MTXCOD020_C8892,inventory/stock,plsql_specs/mtxcod020.pks.sql,plsql_bodies/mtxcod020.pkb.sql,forms_triggers/mtxcod020.triggers.sql,scaffold_only,6,1,46,"credentials,destructive,windows_native,network",exact PKS/PKB/DDL/FMB mapping
mtxcsttr01.fmx,RB_MTXCSTTR01_9B9A4,inventory/stock,plsql_specs/mtxcsttr01.pks.sql,plsql_bodies/mtxcsttr01.pkb.sql,forms_triggers/mtxcsttr01.triggers.sql,scaffold_only,8,3,47,"destructive,windows_native",exact PKS/PKB/DDL/FMB mapping
mtxcustr01.fmx,RB_MTXCUSTR01_67830,inventory/stock,plsql_specs/mtxcustr01.pks.sql,plsql_bodies/mtxcustr01.pkb.sql,forms_triggers/mtxcustr01.triggers.sql,scaffold_only,8,3,52,"destructive,windows_native",exact PKS/PKB/DDL/FMB mapping
mtxdba002.fmx,RB_MTXDBA002_BE1F7,inventory/stock,plsql_specs/mtxdba002.pks.sql,plsql_bodies/mtxdba002.pkb.sql,forms_triggers/mtxdba002.triggers.sql,scaffold_only,0,0,3,ddl_privilege,exact PKS/PKB/DDL/FMB mapping
mtxfeer03.fmx,RB_MTXFEER03_1565D,inventory/stock,plsql_specs/mtxfeer03.pks.sql,plsql_bodies/mtxfeer03.pkb.sql,forms_triggers/mtxfeer03.triggers.sql,scaffold_only,7,0,39,"destructive,windows_native",exact PKS/PKB/DDL/FMB mapping
mtxfeer04.fmx,RB_MTXFEER04_271FA,inventory/stock,plsql_specs/mtxfeer04.pks.sql,plsql_bodies/mtxfeer04.pkb.sql,forms_triggers/mtxfeer04.triggers.sql,scaffold_only,7,0,40,"destructive,windows_native",exact PKS/PKB/DDL/FMB mapping
mtxfeer05.fmx,RB_MTXFEER05_BA6E8,inventory/stock,plsql_specs/mtxfeer05.pks.sql,plsql_bodies/mtxfeer05.pkb.sql,forms_triggers/mtxfeer05.triggers.sql,scaffold_only,7,0,42,"destructive,windows_native",exact PKS/PKB/DDL/FMB mapping
mtxfeer06.fmx,RB_MTXFEER06_CF329,inventory/stock,plsql_specs/mtxfeer06.pks.sql,plsql_bodies/mtxfeer06.pkb.sql,forms_triggers/mtxfeer06.triggers.sql,scaffold_only,7,0,34,"destructive,windows_native",exact PKS/PKB/DDL/FMB mapping
mtxfeout01.fmx,RB_MTXFEOUT01_FCFC6,inventory/stock,plsql_specs/mtxfeout01.pks.sql,plsql_bodies/mtxfeout01.pkb.sql,forms_triggers/mtxfeout01.triggers.sql,scaffold_only,7,0,36,"destructive,windows_native",exact PKS/PKB/DDL/FMB mapping
mtxfil001.fmx,RB_MTXFIL001_3673D,inventory/stock,plsql_specs/mtxfil001.pks.sql,plsql_bodies/mtxfil001.pkb.sql,forms_triggers/mtxfil001.triggers.sql,scaffold_only,6,0,37,"destructive,windows_native",exact PKS/PKB/DDL/FMB mapping
mtxgld002.fmx,RB_MTXGLD002_B3EEB,inventory/stock,plsql_specs/mtxgld002.pks.sql,plsql_bodies/mtxgld002.pkb.sql,forms_triggers/mtxgld002.triggers.sql,scaffold_only,6,0,24,"destructive,windows_native",exact PKS/PKB/DDL/FMB mapping
mtxgld010.fmx,RB_MTXGLD010_93564,inventory/stock,plsql_specs/mtxgld010.pks.sql,plsql_bodies/mtxgld010.pkb.sql,forms_triggers/mtxgld010.triggers.sql,scaffold_only,10,10,100,"destructive,windows_native",exact PKS/PKB/DDL/FMB mapping
mtxgld011.fmx,RB_MTXGLD011_158C4,inventory/stock,plsql_specs/mtxgld011.pks.sql,plsql_bodies/mtxgld011.pkb.sql,forms_triggers/mtxgld011.triggers.sql,scaffold_only,8,6,91,"destructive,windows_native",exact PKS/PKB/DDL/FMB mapping
mtxgld016.fmx,RB_MTXGLD016_0409E,inventory/stock,plsql_specs/mtxgld016.pks.sql,plsql_bodies/mtxgld016.pkb.sql,forms_triggers/mtxgld016.triggers.sql,scaffold_only,9,8,140,"destructive,windows_native",exact PKS/PKB/DDL/FMB mapping
mtxgld022.fmx,RB_MTXGLD022_509B2,inventory/stock,plsql_specs/mtxgld022.pks.sql,plsql_bodies/mtxgld022.pkb.sql,forms_triggers/mtxgld022.triggers.sql,scaffold_only,6,0,34,"destructive,windows_native",exact PKS/PKB/DDL/FMB mapping
mtxinr005.fmx,RB_MTXINR005_E1A48,inventory/stock,plsql_specs/mtxinr005.pks.sql,plsql_bodies/mtxinr005.pkb.sql,forms_triggers/mtxinr005.triggers.sql,scaffold_only,6,0,41,"destructive,windows_native",exact PKS/PKB/DDL/FMB mapping
mtxinrep01.fmx,RB_MTXINREP01_C092A,inventory/stock,plsql_specs/mtxinrep01.pks.sql,plsql_bodies/mtxinrep01.pkb.sql,forms_triggers/mtxinrep01.triggers.sql,scaffold_only,7,0,35,"destructive,windows_native",exact PKS/PKB/DDL/FMB mapping
mtxinw001.fmx,RB_MTXINW001_14CEA,inventory/stock,plsql_specs/mtxinw001.pks.sql,plsql_bodies/mtxinw001.pkb.sql,forms_triggers/mtxinw001.triggers.sql,scaffold_only,12,7,221,"destructive,dynamic_sql,windows_native,network",exact PKS/PKB/DDL/FMB mapping
mtxirp011.fmx,RB_MTXIRP011_565AD,inventory/stock,plsql_specs/mtxirp011.pks.sql,plsql_bodies/mtxirp011.pkb.sql,forms_triggers/mtxirp011.triggers.sql,scaffold_only,6,0,27,"destructive,windows_native",exact PKS/PKB/DDL/FMB mapping
mtxirp015.fmx,RB_MTXIRP015_4B373,inventory/stock,plsql_specs/mtxirp015.pks.sql,plsql_bodies/mtxirp015.pkb.sql,forms_triggers/mtxirp015.triggers.sql,scaffold_only,7,0,36,"destructive,windows_native",exact PKS/PKB/DDL/FMB mapping
mtxmnt005.fmx,RB_MTXMNT005_393C3,inventory/stock,plsql_specs/mtxmnt005.pks.sql,plsql_bodies/mtxmnt005.pkb.sql,forms_triggers/mtxmnt005.triggers.sql,scaffold_only,6,5,38,"destructive,windows_native",exact PKS/PKB/DDL/FMB mapping
mtxmnt006.fmx,RB_MTXMNT006_A8D97,inventory/stock,plsql_specs/mtxmnt006.pks.sql,plsql_bodies/mtxmnt006.pkb.sql,forms_triggers/mtxmnt006.triggers.sql,scaffold_only,6,1,31,"destructive,windows_native",exact PKS/PKB/DDL/FMB mapping
mtxmnt009.fmx,RB_MTXMNT009_C8D60,inventory/stock,plsql_specs/mtxmnt009.pks.sql,plsql_bodies/mtxmnt009.pkb.sql,forms_triggers/mtxmnt009.triggers.sql,scaffold_only,7,3,40,"destructive,windows_native",exact PKS/PKB/DDL/FMB mapping
mtxorp021.fmx,RB_MTXORP021_FC9B5,inventory/stock,plsql_specs/mtxorp021.pks.sql,plsql_bodies/mtxorp021.pkb.sql,forms_triggers/mtxorp021.triggers.sql,scaffold_only,6,0,42,"destructive,windows_native",exact PKS/PKB/DDL/FMB mapping
mtxout012.fmx,RB_MTXOUT012_7C62C,inventory/stock,plsql_specs/mtxout012.pks.sql,plsql_bodies/mtxout012.pkb.sql,forms_triggers/mtxout012.triggers.sql,scaffold_only,6,1,59,"destructive,windows_native",exact PKS/PKB/DDL/FMB mapping
mtxout013.fmx,RB_MTXOUT013_2A1C5,inventory/stock,plsql_specs/mtxout013.pks.sql,plsql_bodies/mtxout013.pkb.sql,forms_triggers/mtxout013.triggers.sql,scaffold_only,6,2,49,"destructive,windows_native",exact PKS/PKB/DDL/FMB mapping
mtxoutr002.fmx,RB_MTXOUTR002_E0FA7,inventory/stock,plsql_specs/mtxoutr002.pks.sql,plsql_bodies/mtxoutr002.pkb.sql,forms_triggers/mtxoutr002.triggers.sql,scaffold_only,6,0,39,"destructive,windows_native",exact PKS/PKB/DDL/FMB mapping
mtxprv001.fmx,RB_MTXPRV001_DD5C2,inventory/stock,plsql_specs/mtxprv001.pks.sql,plsql_bodies/mtxprv001.pkb.sql,forms_triggers/mtxprv001.triggers.sql,scaffold_only,7,0,38,"destructive,windows_native",exact PKS/PKB/DDL/FMB mapping
mtxprv002.fmx,RB_MTXPRV002_1E297,inventory/stock,plsql_specs/mtxprv002.pks.sql,plsql_bodies/mtxprv002.pkb.sql,forms_triggers/mtxprv002.triggers.sql,scaffold_only,7,0,32,"destructive,windows_native",exact PKS/PKB/DDL/FMB mapping
mtxrp43.fmx,RB_MTXRP43_F1E25,inventory/stock,plsql_specs/mtxrp43.pks.sql,plsql_bodies/mtxrp43.pkb.sql,forms_triggers/mtxrp43.triggers.sql,scaffold_only,6,0,39,"destructive,windows_native",exact PKS/PKB/DDL/FMB mapping
mtxstp003.fmx,RB_MTXSTP003_42EBD,inventory/stock,plsql_specs/mtxstp003.pks.sql,plsql_bodies/mtxstp003.pkb.sql,forms_triggers/mtxstp003.triggers.sql,scaffold_only,7,0,71,"destructive,windows_native",exact PKS/PKB/DDL/FMB mapping
mtxstp004.fmx,RB_MTXSTP004_1C877,inventory/stock,plsql_specs/mtxstp004.pks.sql,plsql_bodies/mtxstp004.pkb.sql,forms_triggers/mtxstp004.triggers.sql,scaffold_only,6,1,41,"destructive,windows_native",exact PKS/PKB/DDL/FMB mapping
mtxstp017.fmx,RB_MTXSTP017_96677,inventory/stock,plsql_specs/mtxstp017.pks.sql,plsql_bodies/mtxstp017.pkb.sql,forms_triggers/mtxstp017.triggers.sql,scaffold_only,6,1,50,"destructive,windows_native",exact PKS/PKB/DDL/FMB mapping
mtxstp029.fmx,RB_MTXSTP029_A2E43,inventory/stock,plsql_specs/mtxstp029.pks.sql,plsql_bodies/mtxstp029.pkb.sql,forms_triggers/mtxstp029.triggers.sql,scaffold_only,6,2,34,"destructive,windows_native",exact PKS/PKB/DDL/FMB mapping
mtxstp030.fmx,RB_MTXSTP030_3074A,inventory/stock,plsql_specs/mtxstp030.pks.sql,plsql_bodies/mtxstp030.pkb.sql,forms_triggers/mtxstp030.triggers.sql,scaffold_only,6,2,41,"destructive,windows_native",exact PKS/PKB/DDL/FMB mapping
mtxstp031.fmx,RB_MTXSTP031_04BF1,inventory/stock,plsql_specs/mtxstp031.pks.sql,plsql_bodies/mtxstp031.pkb.sql,forms_triggers/mtxstp031.triggers.sql,scaffold_only,6,1,31,"destructive,windows_native",exact PKS/PKB/DDL/FMB mapping
mtxstp035.fmx,RB_MTXSTP035_22978,inventory/stock,plsql_specs/mtxstp035.pks.sql,plsql_bodies/mtxstp035.pkb.sql,forms_triggers/mtxstp035.triggers.sql,scaffold_only,6,0,36,"destructive,windows_native",exact PKS/PKB/DDL/FMB mapping
mtxstp037.fmx,RB_MTXSTP037_2D030,inventory/stock,plsql_specs/mtxstp037.pks.sql,plsql_bodies/mtxstp037.pkb.sql,forms_triggers/mtxstp037.triggers.sql,scaffold_only,6,0,18,"destructive,windows_native",exact PKS/PKB/DDL/FMB mapping
mtxstpw035.fmx,RB_MTXSTPW035_CBC48,inventory/stock,plsql_specs/mtxstpw035.pks.sql,plsql_bodies/mtxstpw035.pkb.sql,forms_triggers/mtxstpw035.triggers.sql,scaffold_only,33,8,73,"credentials,ddl_privilege,destructive,windows_native",exact PKS/PKB/DDL/FMB mapping
mtxstr001.fmx,RB_MTXSTR001_91C00,inventory/stock,plsql_specs/mtxstr001.pks.sql,plsql_bodies/mtxstr001.pkb.sql,forms_triggers/mtxstr001.triggers.sql,scaffold_only,8,3,48,"destructive,windows_native",exact PKS/PKB/DDL/FMB mapping
mtxtrs003.fmx,RB_MTXTRS003_0123F,inventory/stock,plsql_specs/mtxtrs003.pks.sql,plsql_bodies/mtxtrs003.pkb.sql,forms_triggers/mtxtrs003.triggers.sql,scaffold_only,10,3,67,"destructive,windows_native",exact PKS/PKB/DDL/FMB mapping
mtxtrv003.fmx,RB_MTXTRV003_87841,inventory/stock,plsql_specs/mtxtrv003.pks.sql,plsql_bodies/mtxtrv003.pkb.sql,forms_triggers/mtxtrv003.triggers.sql,scaffold_only,6,0,34,"destructive,windows_native",exact PKS/PKB/DDL/FMB mapping
mtxusr002.fmx,RB_MTXUSR002_C10D5,inventory/stock,plsql_specs/mtxusr002.pks.sql,plsql_bodies/mtxusr002.pkb.sql,forms_triggers/mtxusr002.triggers.sql,scaffold_only,7,3,54,"destructive,windows_native",exact PKS/PKB/DDL/FMB mapping
mtxusr003.fmx,RB_MTXUSR003_7970C,inventory/stock,plsql_specs/mtxusr003.pks.sql,plsql_bodies/mtxusr003.pkb.sql,forms_triggers/mtxusr003.triggers.sql,scaffold_only,7,3,50,"destructive,windows_native",exact PKS/PKB/DDL/FMB mapping
mtxusr004.fmx,RB_MTXUSR004_6AF55,inventory/stock,plsql_specs/mtxusr004.pks.sql,plsql_bodies/mtxusr004.pkb.sql,forms_triggers/mtxusr004.triggers.sql,scaffold_only,6,1,43,"destructive,windows_native",exact PKS/PKB/DDL/FMB mapping
mtxusr005.fmx,RB_MTXUSR005_24623,inventory/stock,plsql_specs/mtxusr005.pks.sql,plsql_bodies/mtxusr005.pkb.sql,forms_triggers/mtxusr005.triggers.sql,scaffold_only,6,0,35,"destructive,windows_native",exact PKS/PKB/DDL/FMB mapping
mtxwst001.fmx,RB_MTXWST001_23052,inventory/stock,plsql_specs/mtxwst001.pks.sql,plsql_bodies/mtxwst001.pkb.sql,forms_triggers/mtxwst001.triggers.sql,scaffold_only,6,0,26,"destructive,windows_native",exact PKS/PKB/DDL/FMB mapping
mtxwst0011.fmx,RB_MTXWST0011_E5759,inventory/stock,plsql_specs/mtxwst0011.pks.sql,plsql_bodies/mtxwst0011.pkb.sql,forms_triggers/mtxwst0011.triggers.sql,scaffold_only,6,0,23,"destructive,windows_native",exact PKS/PKB/DDL/FMB mapping
mtxxch001.fmx,RB_MTXXCH001_24A9A,inventory/stock,plsql_specs/mtxxch001.pks.sql,plsql_bodies/mtxxch001.pkb.sql,forms_triggers/mtxxch001.triggers.sql,scaffold_only,14,7,148,"destructive,windows_native",exact PKS/PKB/DDL/FMB mapping
mtxxch003.fmx,RB_MTXXCH003_ABA83,inventory/stock,plsql_specs/mtxxch003.pks.sql,plsql_bodies/mtxxch003.pkb.sql,forms_triggers/mtxxch003.triggers.sql,scaffold_only,8,0,40,"destructive,windows_native",exact PKS/PKB/DDL/FMB mapping
mtxxch004.fmx,RB_MTXXCH004_66402,inventory/stock,plsql_specs/mtxxch004.pks.sql,plsql_bodies/mtxxch004.pkb.sql,forms_triggers/mtxxch004.triggers.sql,scaffold_only,6,0,44,"destructive,windows_native",exact PKS/PKB/DDL/FMB mapping
mtxxch007.fmx,RB_MTXXCH007_B4922,inventory/stock,plsql_specs/mtxxch007.pks.sql,plsql_bodies/mtxxch007.pkb.sql,forms_triggers/mtxxch007.triggers.sql,scaffold_only,6,1,30,"destructive,windows_native",exact PKS/PKB/DDL/FMB mapping
mtxxch093.fmx,RB_MTXXCH093_332BF,inventory/stock,plsql_specs/mtxxch093.pks.sql,plsql_bodies/mtxxch093.pkb.sql,forms_triggers/mtxxch093.triggers.sql,scaffold_only,6,0,43,"destructive,windows_native",exact PKS/PKB/DDL/FMB mapping
mtxxrp013.fmx,RB_MTXXRP013_B98DC,inventory/stock,plsql_specs/mtxxrp013.pks.sql,plsql_bodies/mtxxrp013.pkb.sql,forms_triggers/mtxxrp013.triggers.sql,scaffold_only,6,0,37,"destructive,windows_native",exact PKS/PKB/DDL/FMB mapping
rep2excel.fmx,RB_REP2EXCEL_11673,reports,plsql_specs/rep2excel.pks.sql,plsql_bodies/rep2excel.pkb.sql,forms_triggers/rep2excel.triggers.sql,scaffold_only,0,0,7,none,exact PKS/PKB/DDL/FMB mapping
tabent.fmx,RB_TABENT_111D7,other,plsql_specs/tabent.pks.sql,plsql_bodies/tabent.pkb.sql,forms_triggers/tabent.triggers.sql,scaffold_only,0,0,3,none,exact PKS/PKB/DDL/FMB mapping
tafkeet.fmx,RB_TAFKEET_479E8,other,plsql_specs/tafkeet.pks.sql,plsql_bodies/tafkeet.pkb.sql,forms_triggers/tafkeet.triggers.sql,scaffold_only,0,0,30,none,exact PKS/PKB/DDL/FMB mapping
بADMT022.fmx,RB_ADMT022_711B0,other,plsql_specs/بADMT022.pks.sql,plsql_bodies/بADMT022.pkb.sql,forms_triggers/بADMT022.triggers.sql,scaffold_only,250,12,936,"credentials,ddl_privilege,destructive,dynamic_sql,windows_native,error_handling,session_control",exact PKS/PKB/DDL/FMB mapping
ببADMT022.fmx,RB_ADMT022_5ED5C,other,plsql_specs/ببADMT022.pks.sql,plsql_bodies/ببADMT022.pkb.sql,forms_triggers/ببADMT022.triggers.sql,scaffold_only,248,12,961,"credentials,ddl_privilege,destructive,dynamic_sql,windows_native,error_handling,session_control,network",exact PKS/PKB/DDL/FMB mapping
