window_id,legacy_form,domain,category,migration_phase,compatibility_layer,core_api,standard_field_count,window_field_evidence_count,actions,production_status
222INVT011,222INVT011.fmx,OTHER,other,0,ONEX_ADMIN_COMPAT,ONEX_OTHER_WINDOW_API,10,2423,initialize|query|new|validate|save|update|delete|approve|post|reverse|print|refresh|exit,NOT_READY_FOR_PRODUCTION
22355INVT011,22355INVT011.fmx,OTHER,other,0,ONEX_ADMIN_COMPAT,ONEX_OTHER_WINDOW_API,10,1664,initialize|query|new|validate|save|update|delete|approve|post|reverse|print|refresh|exit,NOT_READY_FOR_PRODUCTION
2FNGI008,2FNGI008.fmx,OTHER,other,0,ONEX_ADMIN_COMPAT,ONEX_OTHER_WINDOW_API,10,1951,initialize|query|new|validate|save|update|delete|approve|post|reverse|print|refresh|exit,NOT_READY_FOR_PRODUCTION
33INVT011,33INVT011.fmx,OTHER,other,0,ONEX_ADMIN_COMPAT,ONEX_OTHER_WINDOW_API,10,1775,initialize|query|new|validate|save|update|delete|approve|post|reverse|print|refresh|exit,NOT_READY_FOR_PRODUCTION
3433INVT011,3433INVT011.fmx,OTHER,other,0,ONEX_ADMIN_COMPAT,ONEX_OTHER_WINDOW_API,10,1577,initialize|query|new|validate|save|update|delete|approve|post|reverse|print|refresh|exit,NOT_READY_FOR_PRODUCTION
ADMHRST005,ADMHRST005.fmx,ADMIN,admin/system,0,ONEX_ADMIN_COMPAT,ONEX_ADMIN_WINDOW_API,10,757,initialize|query|new|validate|save|update|delete|approve|post|reverse|print|refresh|exit,NOT_READY_FOR_PRODUCTION
ADMHRST006,ADMHRST006.fmx,ADMIN,admin/system,0,ONEX_ADMIN_COMPAT,ONEX_ADMIN_WINDOW_API,10,648,initialize|query|new|validate|save|update|delete|approve|post|reverse|print|refresh|exit,NOT_READY_FOR_PRODUCTION
ADMI001,ADMI001.fmx,ADMIN,admin/system,0,ONEX_ADMIN_COMPAT,ONEX_ADMIN_WINDOW_API,10,650,initialize|query|new|validate|save|update|delete|approve|post|reverse|print|refresh|exit,NOT_READY_FOR_PRODUCTION
ADMI003,ADMI003.fmx,ADMIN,admin/system,0,ONEX_ADMIN_COMPAT,ONEX_ADMIN_WINDOW_API,10,1467,initialize|query|new|validate|save|update|delete|approve|post|reverse|print|refresh|exit,NOT_READY_FOR_PRODUCTION
ADMI004,ADMI004.fmx,ADMIN,admin/system,0,ONEX_ADMIN_COMPAT,ONEX_ADMIN_WINDOW_API,10,549,initialize|query|new|validate|save|update|delete|approve|post|reverse|print|refresh|exit,NOT_READY_FOR_PRODUCTION
ADMI005,ADMI005.fmx,ADMIN,admin/system,0,ONEX_ADMIN_COMPAT,ONEX_ADMIN_WINDOW_API,10,1289,initialize|query|new|validate|save|update|delete|approve|post|reverse|print|refresh|exit,NOT_READY_FOR_PRODUCTION
ADMI006,ADMI006.fmx,ADMIN,admin/system,0,ONEX_ADMIN_COMPAT,ONEX_ADMIN_WINDOW_API,10,690,initialize|query|new|validate|save|update|delete|approve|post|reverse|print|refresh|exit,NOT_READY_FOR_PRODUCTION
ADMI007,ADMI007.fmx,ADMIN,admin/system,0,ONEX_ADMIN_COMPAT,ONEX_ADMIN_WINDOW_API,10,646,initialize|query|new|validate|save|update|delete|approve|post|reverse|print|refresh|exit,NOT_READY_FOR_PRODUCTION
ADMI008,ADMI008.fmx,ADMIN,admin/system,0,ONEX_ADMIN_COMPAT,ONEX_ADMIN_WINDOW_API,10,641,initialize|query|new|validate|save|update|delete|approve|post|reverse|print|refresh|exit,NOT_READY_FOR_PRODUCTION
ADMI009,ADMI009.fmx,ADMIN,admin/system,0,ONEX_ADMIN_COMPAT,ONEX_ADMIN_WINDOW_API,10,985,initialize|query|new|validate|save|update|delete|approve|post|reverse|print|refresh|exit,NOT_READY_FOR_PRODUCTION
ADMI010,ADMI010.fmx,ADMIN,admin/system,0,ONEX_ADMIN_COMPAT,ONEX_ADMIN_WINDOW_API,10,619,initialize|query|new|validate|save|update|delete|approve|post|reverse|print|refresh|exit,NOT_READY_FOR_PRODUCTION
ADMI011,ADMI011.fmx,ADMIN,admin/system,0,ONEX_ADMIN_COMPAT,ONEX_ADMIN_WINDOW_API,10,1427,initialize|query|new|validate|save|update|delete|approve|post|reverse|print|refresh|exit,NOT_READY_FOR_PRODUCTION
ADMI012,ADMI012.fmx,ADMIN,admin/system,0,ONEX_ADMIN_COMPAT,ONEX_ADMIN_WINDOW_API,10,752,initialize|query|new|validate|save|update|delete|approve|post|reverse|print|refresh|exit,NOT_READY_FOR_PRODUCTION
ADMI013,ADMI013.fmx,ADMIN,admin/system,0,ONEX_ADMIN_COMPAT,ONEX_ADMIN_WINDOW_API,10,532,initialize|query|new|validate|save|update|delete|approve|post|reverse|print|refresh|exit,NOT_READY_FOR_PRODUCTION
ADMI014,ADMI014.fmx,ADMIN,admin/system,0,ONEX_ADMIN_COMPAT,ONEX_ADMIN_WINDOW_API,10,582,initialize|query|new|validate|save|update|delete|approve|post|reverse|print|refresh|exit,NOT_READY_FOR_PRODUCTION
ADMI015,ADMI015.fmx,ADMIN,admin/system,0,ONEX_ADMIN_COMPAT,ONEX_ADMIN_WINDOW_API,10,515,initialize|query|new|validate|save|update|delete|approve|post|reverse|print|refresh|exit,NOT_READY_FOR_PRODUCTION
ADMI016,ADMI016.fmx,ADMIN,admin/system,0,ONEX_ADMIN_COMPAT,ONEX_ADMIN_WINDOW_API,10,676,initialize|query|new|validate|save|update|delete|approve|post|reverse|print|refresh|exit,NOT_READY_FOR_PRODUCTION
ADMI020,ADMI020.fmx,ADMIN,admin/system,0,ONEX_ADMIN_COMPAT,ONEX_ADMIN_WINDOW_API,10,585,initialize|query|new|validate|save|update|delete|approve|post|reverse|print|refresh|exit,NOT_READY_FOR_PRODUCTION
ADMI021,ADMI021.fmx,ADMIN,admin/system,0,ONEX_ADMIN_COMPAT,ONEX_ADMIN_WINDOW_API,10,616,initialize|query|new|validate|save|update|delete|approve|post|reverse|print|refresh|exit,NOT_READY_FOR_PRODUCTION
ADMINVI017,ADMINVI017.fmx,ADMIN,admin/system,0,ONEX_ADMIN_COMPAT,ONEX_ADMIN_WINDOW_API,10,1037,initialize|query|new|validate|save|update|delete|approve|post|reverse|print|refresh|exit,NOT_READY_FOR_PRODUCTION
ADMQ001,ADMQ001.fmx,ADMIN,admin/system,0,ONEX_ADMIN_COMPAT,ONEX_ADMIN_WINDOW_API,10,527,initialize|query|new|validate|save|update|delete|approve|post|reverse|print|refresh|exit,NOT_READY_FOR_PRODUCTION
ADMQ002,ADMQ002.fmx,ADMIN,admin/system,0,ONEX_ADMIN_COMPAT,ONEX_ADMIN_WINDOW_API,10,608,initialize|query|new|validate|save|update|delete|approve|post|reverse|print|refresh|exit,NOT_READY_FOR_PRODUCTION
ADMQ003,ADMQ003.fmx,ADMIN,admin/system,0,ONEX_ADMIN_COMPAT,ONEX_ADMIN_WINDOW_API,10,650,initialize|query|new|validate|save|update|delete|approve|post|reverse|print|refresh|exit,NOT_READY_FOR_PRODUCTION
ADMR010,ADMR010.fmx,ADMIN,admin/system,0,ONEX_ADMIN_COMPAT,ONEX_ADMIN_WINDOW_API,10,436,initialize|query|new|validate|save|update|delete|approve|post|reverse|print|refresh|exit,NOT_READY_FOR_PRODUCTION
ADMR020,ADMR020.fmx,ADMIN,admin/system,0,ONEX_ADMIN_COMPAT,ONEX_ADMIN_WINDOW_API,10,633,initialize|query|new|validate|save|update|delete|approve|post|reverse|print|refresh|exit,NOT_READY_FOR_PRODUCTION
ADMT020,ADMT020.fmx,ADMIN,admin/system,0,ONEX_ADMIN_COMPAT,ONEX_ADMIN_WINDOW_API,10,632,initialize|query|new|validate|save|update|delete|approve|post|reverse|print|refresh|exit,NOT_READY_FOR_PRODUCTION
ADMT021,ADMT021.fmx,ADMIN,admin/system,0,ONEX_ADMIN_COMPAT,ONEX_ADMIN_WINDOW_API,10,1000,initialize|query|new|validate|save|update|delete|approve|post|reverse|print|refresh|exit,NOT_READY_FOR_PRODUCTION
ADMT022,ADMT022.fmx,ADMIN,admin/system,0,ONEX_ADMIN_COMPAT,ONEX_ADMIN_WINDOW_API,10,3821,initialize|query|new|validate|save|update|delete|approve|post|reverse|print|refresh|exit,NOT_READY_FOR_PRODUCTION
ADMT022ث,ADMT022ث.fmx,ADMIN,admin/system,0,ONEX_ADMIN_COMPAT,ONEX_ADMIN_WINDOW_API,10,4273,initialize|query|new|validate|save|update|delete|approve|post|reverse|print|refresh|exit,NOT_READY_FOR_PRODUCTION
ADMT023,ADMT023.fmx,ADMIN,admin/system,0,ONEX_ADMIN_COMPAT,ONEX_ADMIN_WINDOW_API,10,571,initialize|query|new|validate|save|update|delete|approve|post|reverse|print|refresh|exit,NOT_READY_FOR_PRODUCTION
ADMT024,ADMT024.fmx,ADMIN,admin/system,0,ONEX_ADMIN_COMPAT,ONEX_ADMIN_WINDOW_API,10,560,initialize|query|new|validate|save|update|delete|approve|post|reverse|print|refresh|exit,NOT_READY_FOR_PRODUCTION
ADMT025,ADMT025.fmx,ADMIN,admin/system,0,ONEX_ADMIN_COMPAT,ONEX_ADMIN_WINDOW_API,10,617,initialize|query|new|validate|save|update|delete|approve|post|reverse|print|refresh|exit,NOT_READY_FOR_PRODUCTION
ADMT027,ADMT027.fmx,ADMIN,admin/system,0,ONEX_ADMIN_COMPAT,ONEX_ADMIN_WINDOW_API,10,8342,initialize|query|new|validate|save|update|delete|approve|post|reverse|print|refresh|exit,NOT_READY_FOR_PRODUCTION
ADMT028,ADMT028.fmx,ADMIN,admin/system,0,ONEX_ADMIN_COMPAT,ONEX_ADMIN_WINDOW_API,10,535,initialize|query|new|validate|save|update|delete|approve|post|reverse|print|refresh|exit,NOT_READY_FOR_PRODUCTION
ADMT029,ADMT029.fmx,ADMIN,admin/system,0,ONEX_ADMIN_COMPAT,ONEX_ADMIN_WINDOW_API,10,849,initialize|query|new|validate|save|update|delete|approve|post|reverse|print|refresh|exit,NOT_READY_FOR_PRODUCTION
ADMT030,ADMT030.fmx,ADMIN,admin/system,0,ONEX_ADMIN_COMPAT,ONEX_ADMIN_WINDOW_API,10,942,initialize|query|new|validate|save|update|delete|approve|post|reverse|print|refresh|exit,NOT_READY_FOR_PRODUCTION
ADMT031,ADMT031.fmx,ADMIN,admin/system,0,ONEX_ADMIN_COMPAT,ONEX_ADMIN_WINDOW_API,10,941,initialize|query|new|validate|save|update|delete|approve|post|reverse|print|refresh|exit,NOT_READY_FOR_PRODUCTION
ALRTI003,ALRTI003.fmx,OTHER,other,0,ONEX_ADMIN_COMPAT,ONEX_OTHER_WINDOW_API,10,685,initialize|query|new|validate|save|update|delete|approve|post|reverse|print|refresh|exit,NOT_READY_FOR_PRODUCTION
ALRTI004,ALRTI004.fmx,OTHER,other,0,ONEX_ADMIN_COMPAT,ONEX_OTHER_WINDOW_API,10,703,initialize|query|new|validate|save|update|delete|approve|post|reverse|print|refresh|exit,NOT_READY_FOR_PRODUCTION
ALRTI005,ALRTI005.fmx,OTHER,other,0,ONEX_ADMIN_COMPAT,ONEX_OTHER_WINDOW_API,10,605,initialize|query|new|validate|save|update|delete|approve|post|reverse|print|refresh|exit,NOT_READY_FOR_PRODUCTION
ALRTIMPXLS,ALRTIMPXLS.fmx,OTHER,other,0,ONEX_ADMIN_COMPAT,ONEX_OTHER_WINDOW_API,10,588,initialize|query|new|validate|save|update|delete|approve|post|reverse|print|refresh|exit,NOT_READY_FOR_PRODUCTION
ALRTQ007,ALRTQ007.fmx,OTHER,other,0,ONEX_ADMIN_COMPAT,ONEX_OTHER_WINDOW_API,10,1070,initialize|query|new|validate|save|update|delete|approve|post|reverse|print|refresh|exit,NOT_READY_FOR_PRODUCTION
ALRTR010,ALRTR010.fmx,OTHER,other,0,ONEX_ADMIN_COMPAT,ONEX_OTHER_WINDOW_API,10,561,initialize|query|new|validate|save|update|delete|approve|post|reverse|print|refresh|exit,NOT_READY_FOR_PRODUCTION
ALRTS001,ALRTS001.fmx,OTHER,other,0,ONEX_ADMIN_COMPAT,ONEX_OTHER_WINDOW_API,10,731,initialize|query|new|validate|save|update|delete|approve|post|reverse|print|refresh|exit,NOT_READY_FOR_PRODUCTION
ALRTT002,ALRTT002.fmx,OTHER,other,0,ONEX_ADMIN_COMPAT,ONEX_OTHER_WINDOW_API,10,735,initialize|query|new|validate|save|update|delete|approve|post|reverse|print|refresh|exit,NOT_READY_FOR_PRODUCTION
AMSI001,AMSI001.fmx,AMSI,assets/maintenance,0,ONEX_ADMIN_COMPAT,ONEX_AMSI_WINDOW_API,10,832,initialize|query|new|validate|save|update|delete|approve|post|reverse|print|refresh|exit,NOT_READY_FOR_PRODUCTION
AMSI002,AMSI002.fmx,AMSI,assets/maintenance,0,ONEX_ADMIN_COMPAT,ONEX_AMSI_WINDOW_API,10,795,initialize|query|new|validate|save|update|delete|approve|post|reverse|print|refresh|exit,NOT_READY_FOR_PRODUCTION
AMSI003,AMSI003.fmx,AMSI,assets/maintenance,0,ONEX_ADMIN_COMPAT,ONEX_AMSI_WINDOW_API,10,880,initialize|query|new|validate|save|update|delete|approve|post|reverse|print|refresh|exit,NOT_READY_FOR_PRODUCTION
AMSI004,AMSI004.fmx,AMSI,assets/maintenance,0,ONEX_ADMIN_COMPAT,ONEX_AMSI_WINDOW_API,10,997,initialize|query|new|validate|save|update|delete|approve|post|reverse|print|refresh|exit,NOT_READY_FOR_PRODUCTION
AMSI005,AMSI005.fmx,AMSI,assets/maintenance,0,ONEX_ADMIN_COMPAT,ONEX_AMSI_WINDOW_API,10,918,initialize|query|new|validate|save|update|delete|approve|post|reverse|print|refresh|exit,NOT_READY_FOR_PRODUCTION
AMSI006,AMSI006.fmx,AMSI,assets/maintenance,0,ONEX_ADMIN_COMPAT,ONEX_AMSI_WINDOW_API,10,805,initialize|query|new|validate|save|update|delete|approve|post|reverse|print|refresh|exit,NOT_READY_FOR_PRODUCTION
AMSI007,AMSI007.fmx,AMSI,assets/maintenance,0,ONEX_ADMIN_COMPAT,ONEX_AMSI_WINDOW_API,10,831,initialize|query|new|validate|save|update|delete|approve|post|reverse|print|refresh|exit,NOT_READY_FOR_PRODUCTION
AMSR001,AMSR001.fmx,AMSR,assets/maintenance,0,ONEX_ADMIN_COMPAT,ONEX_AMSR_WINDOW_API,10,630,initialize|query|new|validate|save|update|delete|approve|post|reverse|print|refresh|exit,NOT_READY_FOR_PRODUCTION
AMSR002,AMSR002.fmx,AMSR,assets/maintenance,0,ONEX_ADMIN_COMPAT,ONEX_AMSR_WINDOW_API,10,660,initialize|query|new|validate|save|update|delete|approve|post|reverse|print|refresh|exit,NOT_READY_FOR_PRODUCTION
AMSR003,AMSR003.fmx,AMSR,assets/maintenance,0,ONEX_ADMIN_COMPAT,ONEX_AMSR_WINDOW_API,10,749,initialize|query|new|validate|save|update|delete|approve|post|reverse|print|refresh|exit,NOT_READY_FOR_PRODUCTION
AMSR004,AMSR004.fmx,AMSR,assets/maintenance,0,ONEX_ADMIN_COMPAT,ONEX_AMSR_WINDOW_API,10,683,initialize|query|new|validate|save|update|delete|approve|post|reverse|print|refresh|exit,NOT_READY_FOR_PRODUCTION
AMSR005,AMSR005.fmx,AMSR,assets/maintenance,0,ONEX_ADMIN_COMPAT,ONEX_AMSR_WINDOW_API,10,631,initialize|query|new|validate|save|update|delete|approve|post|reverse|print|refresh|exit,NOT_READY_FOR_PRODUCTION
AMSR006,AMSR006.fmx,AMSR,assets/maintenance,0,ONEX_ADMIN_COMPAT,ONEX_AMSR_WINDOW_API,10,615,initialize|query|new|validate|save|update|delete|approve|post|reverse|print|refresh|exit,NOT_READY_FOR_PRODUCTION
AMSR007,AMSR007.fmx,AMSR,assets/maintenance,0,ONEX_ADMIN_COMPAT,ONEX_AMSR_WINDOW_API,10,675,initialize|query|new|validate|save|update|delete|approve|post|reverse|print|refresh|exit,NOT_READY_FOR_PRODUCTION
AMSR008,AMSR008.fmx,AMSR,assets/maintenance,0,ONEX_ADMIN_COMPAT,ONEX_AMSR_WINDOW_API,10,691,initialize|query|new|validate|save|update|delete|approve|post|reverse|print|refresh|exit,NOT_READY_FOR_PRODUCTION
AMSR009,AMSR009.fmx,AMSR,assets/maintenance,0,ONEX_ADMIN_COMPAT,ONEX_AMSR_WINDOW_API,10,771,initialize|query|new|validate|save|update|delete|approve|post|reverse|print|refresh|exit,NOT_READY_FOR_PRODUCTION
AMSR010,AMSR010.fmx,AMSR,assets/maintenance,0,ONEX_ADMIN_COMPAT,ONEX_AMSR_WINDOW_API,10,657,initialize|query|new|validate|save|update|delete|approve|post|reverse|print|refresh|exit,NOT_READY_FOR_PRODUCTION
AMSR011,AMSR011.fmx,AMSR,assets/maintenance,0,ONEX_ADMIN_COMPAT,ONEX_AMSR_WINDOW_API,10,659,initialize|query|new|validate|save|update|delete|approve|post|reverse|print|refresh|exit,NOT_READY_FOR_PRODUCTION
AMSR012,AMSR012.fmx,AMSR,assets/maintenance,0,ONEX_ADMIN_COMPAT,ONEX_AMSR_WINDOW_API,10,682,initialize|query|new|validate|save|update|delete|approve|post|reverse|print|refresh|exit,NOT_READY_FOR_PRODUCTION
AMSR013,AMSR013.fmx,AMSR,assets/maintenance,0,ONEX_ADMIN_COMPAT,ONEX_AMSR_WINDOW_API,10,694,initialize|query|new|validate|save|update|delete|approve|post|reverse|print|refresh|exit,NOT_READY_FOR_PRODUCTION
AMSR014,AMSR014.fmx,AMSR,assets/maintenance,0,ONEX_ADMIN_COMPAT,ONEX_AMSR_WINDOW_API,10,671,initialize|query|new|validate|save|update|delete|approve|post|reverse|print|refresh|exit,NOT_READY_FOR_PRODUCTION
AMSS001,AMSS001.fmx,AMSS,assets/maintenance,0,ONEX_ADMIN_COMPAT,ONEX_AMSS_WINDOW_API,10,557,initialize|query|new|validate|save|update|delete|approve|post|reverse|print|refresh|exit,NOT_READY_FOR_PRODUCTION
AMSS002,AMSS002.fmx,AMSS,assets/maintenance,0,ONEX_ADMIN_COMPAT,ONEX_AMSS_WINDOW_API,10,528,initialize|query|new|validate|save|update|delete|approve|post|reverse|print|refresh|exit,NOT_READY_FOR_PRODUCTION
AMSS003,AMSS003.fmx,AMSS,assets/maintenance,0,ONEX_ADMIN_COMPAT,ONEX_AMSS_WINDOW_API,10,527,initialize|query|new|validate|save|update|delete|approve|post|reverse|print|refresh|exit,NOT_READY_FOR_PRODUCTION
AMSS004,AMSS004.fmx,AMSS,assets/maintenance,0,ONEX_ADMIN_COMPAT,ONEX_AMSS_WINDOW_API,10,527,initialize|query|new|validate|save|update|delete|approve|post|reverse|print|refresh|exit,NOT_READY_FOR_PRODUCTION
AMSS005,AMSS005.fmx,AMSS,assets/maintenance,0,ONEX_ADMIN_COMPAT,ONEX_AMSS_WINDOW_API,10,527,initialize|query|new|validate|save|update|delete|approve|post|reverse|print|refresh|exit,NOT_READY_FOR_PRODUCTION
AMSS006,AMSS006.fmx,AMSS,assets/maintenance,0,ONEX_ADMIN_COMPAT,ONEX_AMSS_WINDOW_API,10,527,initialize|query|new|validate|save|update|delete|approve|post|reverse|print|refresh|exit,NOT_READY_FOR_PRODUCTION
AMSS007,AMSS007.fmx,AMSS,assets/maintenance,0,ONEX_ADMIN_COMPAT,ONEX_AMSS_WINDOW_API,10,527,initialize|query|new|validate|save|update|delete|approve|post|reverse|print|refresh|exit,NOT_READY_FOR_PRODUCTION
AMSS008,AMSS008.fmx,AMSS,assets/maintenance,0,ONEX_ADMIN_COMPAT,ONEX_AMSS_WINDOW_API,10,576,initialize|query|new|validate|save|update|delete|approve|post|reverse|print|refresh|exit,NOT_READY_FOR_PRODUCTION
AMST001,AMST001.fmx,AMST,assets/maintenance,0,ONEX_ADMIN_COMPAT,ONEX_AMST_WINDOW_API,10,921,initialize|query|new|validate|save|update|delete|approve|post|reverse|print|refresh|exit,NOT_READY_FOR_PRODUCTION
AMST002,AMST002.fmx,AMST,assets/maintenance,0,ONEX_ADMIN_COMPAT,ONEX_AMST_WINDOW_API,10,976,initialize|query|new|validate|save|update|delete|approve|post|reverse|print|refresh|exit,NOT_READY_FOR_PRODUCTION
AMST003,AMST003.fmx,AMST,assets/maintenance,0,ONEX_ADMIN_COMPAT,ONEX_AMST_WINDOW_API,10,1153,initialize|query|new|validate|save|update|delete|approve|post|reverse|print|refresh|exit,NOT_READY_FOR_PRODUCTION
AMST004,AMST004.fmx,AMST,assets/maintenance,0,ONEX_ADMIN_COMPAT,ONEX_AMST_WINDOW_API,10,891,initialize|query|new|validate|save|update|delete|approve|post|reverse|print|refresh|exit,NOT_READY_FOR_PRODUCTION
AMST005,AMST005.fmx,AMST,assets/maintenance,0,ONEX_ADMIN_COMPAT,ONEX_AMST_WINDOW_API,10,919,initialize|query|new|validate|save|update|delete|approve|post|reverse|print|refresh|exit,NOT_READY_FOR_PRODUCTION
AMST006,AMST006.fmx,AMST,assets/maintenance,0,ONEX_ADMIN_COMPAT,ONEX_AMST_WINDOW_API,10,913,initialize|query|new|validate|save|update|delete|approve|post|reverse|print|refresh|exit,NOT_READY_FOR_PRODUCTION
AMST007,AMST007.fmx,AMST,assets/maintenance,0,ONEX_ADMIN_COMPAT,ONEX_AMST_WINDOW_API,10,993,initialize|query|new|validate|save|update|delete|approve|post|reverse|print|refresh|exit,NOT_READY_FOR_PRODUCTION
AMST008,AMST008.fmx,AMST,assets/maintenance,0,ONEX_ADMIN_COMPAT,ONEX_AMST_WINDOW_API,10,904,initialize|query|new|validate|save|update|delete|approve|post|reverse|print|refresh|exit,NOT_READY_FOR_PRODUCTION
AMST009,AMST009.fmx,AMST,assets/maintenance,0,ONEX_ADMIN_COMPAT,ONEX_AMST_WINDOW_API,10,888,initialize|query|new|validate|save|update|delete|approve|post|reverse|print|refresh|exit,NOT_READY_FOR_PRODUCTION
AMS_INSTAL,AMS_INSTAL.fmx,AMS,assets/maintenance,0,ONEX_ADMIN_COMPAT,ONEX_AMS_WINDOW_API,10,641,initialize|query|new|validate|save|update|delete|approve|post|reverse|print|refresh|exit,NOT_READY_FOR_PRODUCTION
APSI001,APSI001.fmx,APSI,AP/purchasing,2,ONEX_AP_COMPAT,ONEX_APSI_WINDOW_API,10,618,initialize|query|new|validate|save|update|delete|approve|post|reverse|print|refresh|exit,NOT_READY_FOR_PRODUCTION
APSI002,APSI002.fmx,APSI,AP/purchasing,2,ONEX_AP_COMPAT,ONEX_APSI_WINDOW_API,10,1268,initialize|query|new|validate|save|update|delete|approve|post|reverse|print|refresh|exit,NOT_READY_FOR_PRODUCTION
APSI003,APSI003.fmx,APSI,AP/purchasing,2,ONEX_AP_COMPAT,ONEX_APSI_WINDOW_API,10,795,initialize|query|new|validate|save|update|delete|approve|post|reverse|print|refresh|exit,NOT_READY_FOR_PRODUCTION
APSI006,APSI006.fmx,APSI,AP/purchasing,2,ONEX_AP_COMPAT,ONEX_APSI_WINDOW_API,10,1284,initialize|query|new|validate|save|update|delete|approve|post|reverse|print|refresh|exit,NOT_READY_FOR_PRODUCTION
APSI008,APSI008.fmx,APSI,AP/purchasing,2,ONEX_AP_COMPAT,ONEX_APSI_WINDOW_API,10,726,initialize|query|new|validate|save|update|delete|approve|post|reverse|print|refresh|exit,NOT_READY_FOR_PRODUCTION
APSI009,APSI009.fmx,APSI,AP/purchasing,2,ONEX_AP_COMPAT,ONEX_APSI_WINDOW_API,10,901,initialize|query|new|validate|save|update|delete|approve|post|reverse|print|refresh|exit,NOT_READY_FOR_PRODUCTION
APSR001,APSR001.fmx,APSR,AP/purchasing,2,ONEX_AP_COMPAT,ONEX_APSR_WINDOW_API,10,428,initialize|query|new|validate|save|update|delete|approve|post|reverse|print|refresh|exit,NOT_READY_FOR_PRODUCTION
APSR002,APSR002.fmx,APSR,AP/purchasing,2,ONEX_AP_COMPAT,ONEX_APSR_WINDOW_API,10,410,initialize|query|new|validate|save|update|delete|approve|post|reverse|print|refresh|exit,NOT_READY_FOR_PRODUCTION
APSR005,APSR005.fmx,APSR,AP/purchasing,2,ONEX_AP_COMPAT,ONEX_APSR_WINDOW_API,10,567,initialize|query|new|validate|save|update|delete|approve|post|reverse|print|refresh|exit,NOT_READY_FOR_PRODUCTION
APSR010,APSR010.fmx,APSR,AP/purchasing,2,ONEX_AP_COMPAT,ONEX_APSR_WINDOW_API,10,498,initialize|query|new|validate|save|update|delete|approve|post|reverse|print|refresh|exit,NOT_READY_FOR_PRODUCTION
APSR011,APSR011.fmx,APSR,AP/purchasing,2,ONEX_AP_COMPAT,ONEX_APSR_WINDOW_API,10,464,initialize|query|new|validate|save|update|delete|approve|post|reverse|print|refresh|exit,NOT_READY_FOR_PRODUCTION
APSR012,APSR012.fmx,APSR,AP/purchasing,2,ONEX_AP_COMPAT,ONEX_APSR_WINDOW_API,10,437,initialize|query|new|validate|save|update|delete|approve|post|reverse|print|refresh|exit,NOT_READY_FOR_PRODUCTION
APSR013,APSR013.fmx,APSR,AP/purchasing,2,ONEX_AP_COMPAT,ONEX_APSR_WINDOW_API,10,480,initialize|query|new|validate|save|update|delete|approve|post|reverse|print|refresh|exit,NOT_READY_FOR_PRODUCTION
APSR014,APSR014.fmx,APSR,AP/purchasing,2,ONEX_AP_COMPAT,ONEX_APSR_WINDOW_API,10,753,initialize|query|new|validate|save|update|delete|approve|post|reverse|print|refresh|exit,NOT_READY_FOR_PRODUCTION
APSR015,APSR015.fmx,APSR,AP/purchasing,2,ONEX_AP_COMPAT,ONEX_APSR_WINDOW_API,10,663,initialize|query|new|validate|save|update|delete|approve|post|reverse|print|refresh|exit,NOT_READY_FOR_PRODUCTION
APSR016,APSR016.fmx,APSR,AP/purchasing,2,ONEX_AP_COMPAT,ONEX_APSR_WINDOW_API,10,972,initialize|query|new|validate|save|update|delete|approve|post|reverse|print|refresh|exit,NOT_READY_FOR_PRODUCTION
APSR017,APSR017.fmx,APSR,AP/purchasing,2,ONEX_AP_COMPAT,ONEX_APSR_WINDOW_API,10,699,initialize|query|new|validate|save|update|delete|approve|post|reverse|print|refresh|exit,NOT_READY_FOR_PRODUCTION
APSR018,APSR018.fmx,APSR,AP/purchasing,2,ONEX_AP_COMPAT,ONEX_APSR_WINDOW_API,10,2155,initialize|query|new|validate|save|update|delete|approve|post|reverse|print|refresh|exit,NOT_READY_FOR_PRODUCTION
APSR019,APSR019.fmx,APSR,AP/purchasing,2,ONEX_AP_COMPAT,ONEX_APSR_WINDOW_API,10,769,initialize|query|new|validate|save|update|delete|approve|post|reverse|print|refresh|exit,NOT_READY_FOR_PRODUCTION
APSR020,APSR020.fmx,APSR,AP/purchasing,2,ONEX_AP_COMPAT,ONEX_APSR_WINDOW_API,10,582,initialize|query|new|validate|save|update|delete|approve|post|reverse|print|refresh|exit,NOT_READY_FOR_PRODUCTION
APSR021,APSR021.fmx,APSR,AP/purchasing,2,ONEX_AP_COMPAT,ONEX_APSR_WINDOW_API,10,671,initialize|query|new|validate|save|update|delete|approve|post|reverse|print|refresh|exit,NOT_READY_FOR_PRODUCTION
APSR022,APSR022.fmx,APSR,AP/purchasing,2,ONEX_AP_COMPAT,ONEX_APSR_WINDOW_API,10,436,initialize|query|new|validate|save|update|delete|approve|post|reverse|print|refresh|exit,NOT_READY_FOR_PRODUCTION
APSR023,APSR023.fmx,APSR,AP/purchasing,2,ONEX_AP_COMPAT,ONEX_APSR_WINDOW_API,10,538,initialize|query|new|validate|save|update|delete|approve|post|reverse|print|refresh|exit,NOT_READY_FOR_PRODUCTION
APSR024,APSR024.fmx,APSR,AP/purchasing,2,ONEX_AP_COMPAT,ONEX_APSR_WINDOW_API,10,640,initialize|query|new|validate|save|update|delete|approve|post|reverse|print|refresh|exit,NOT_READY_FOR_PRODUCTION
APSR025,APSR025.fmx,APSR,AP/purchasing,2,ONEX_AP_COMPAT,ONEX_APSR_WINDOW_API,10,1006,initialize|query|new|validate|save|update|delete|approve|post|reverse|print|refresh|exit,NOT_READY_FOR_PRODUCTION
APSR026,APSR026.fmx,APSR,AP/purchasing,2,ONEX_AP_COMPAT,ONEX_APSR_WINDOW_API,10,511,initialize|query|new|validate|save|update|delete|approve|post|reverse|print|refresh|exit,NOT_READY_FOR_PRODUCTION
APSR027,APSR027.fmx,APSR,AP/purchasing,2,ONEX_AP_COMPAT,ONEX_APSR_WINDOW_API,10,603,initialize|query|new|validate|save|update|delete|approve|post|reverse|print|refresh|exit,NOT_READY_FOR_PRODUCTION
APSR028,APSR028.fmx,APSR,AP/purchasing,2,ONEX_AP_COMPAT,ONEX_APSR_WINDOW_API,10,591,initialize|query|new|validate|save|update|delete|approve|post|reverse|print|refresh|exit,NOT_READY_FOR_PRODUCTION
APSR029,APSR029.fmx,APSR,AP/purchasing,2,ONEX_AP_COMPAT,ONEX_APSR_WINDOW_API,10,924,initialize|query|new|validate|save|update|delete|approve|post|reverse|print|refresh|exit,NOT_READY_FOR_PRODUCTION
APSS001,APSS001.fmx,APSS,AP/purchasing,2,ONEX_AP_COMPAT,ONEX_APSS_WINDOW_API,10,946,initialize|query|new|validate|save|update|delete|approve|post|reverse|print|refresh|exit,NOT_READY_FOR_PRODUCTION
APSS002,APSS002.fmx,APSS,AP/purchasing,2,ONEX_AP_COMPAT,ONEX_APSS_WINDOW_API,10,561,initialize|query|new|validate|save|update|delete|approve|post|reverse|print|refresh|exit,NOT_READY_FOR_PRODUCTION
APSS003,APSS003.fmx,APSS,AP/purchasing,2,ONEX_AP_COMPAT,ONEX_APSS_WINDOW_API,10,535,initialize|query|new|validate|save|update|delete|approve|post|reverse|print|refresh|exit,NOT_READY_FOR_PRODUCTION
APSS004,APSS004.fmx,APSS,AP/purchasing,2,ONEX_AP_COMPAT,ONEX_APSS_WINDOW_API,10,931,initialize|query|new|validate|save|update|delete|approve|post|reverse|print|refresh|exit,NOT_READY_FOR_PRODUCTION
APSS005,APSS005.fmx,APSS,AP/purchasing,2,ONEX_AP_COMPAT,ONEX_APSS_WINDOW_API,10,534,initialize|query|new|validate|save|update|delete|approve|post|reverse|print|refresh|exit,NOT_READY_FOR_PRODUCTION
APSS006,APSS006.fmx,APSS,AP/purchasing,2,ONEX_AP_COMPAT,ONEX_APSS_WINDOW_API,10,544,initialize|query|new|validate|save|update|delete|approve|post|reverse|print|refresh|exit,NOT_READY_FOR_PRODUCTION
APSS007,APSS007.fmx,APSS,AP/purchasing,2,ONEX_AP_COMPAT,ONEX_APSS_WINDOW_API,10,542,initialize|query|new|validate|save|update|delete|approve|post|reverse|print|refresh|exit,NOT_READY_FOR_PRODUCTION
APSS008,APSS008.fmx,APSS,AP/purchasing,2,ONEX_AP_COMPAT,ONEX_APSS_WINDOW_API,10,1295,initialize|query|new|validate|save|update|delete|approve|post|reverse|print|refresh|exit,NOT_READY_FOR_PRODUCTION
APSS009,APSS009.fmx,APSS,AP/purchasing,2,ONEX_AP_COMPAT,ONEX_APSS_WINDOW_API,10,552,initialize|query|new|validate|save|update|delete|approve|post|reverse|print|refresh|exit,NOT_READY_FOR_PRODUCTION
APSS010,APSS010.fmx,APSS,AP/purchasing,2,ONEX_AP_COMPAT,ONEX_APSS_WINDOW_API,10,640,initialize|query|new|validate|save|update|delete|approve|post|reverse|print|refresh|exit,NOT_READY_FOR_PRODUCTION
APST001,APST001.fmx,APST,AP/purchasing,2,ONEX_AP_COMPAT,ONEX_APST_WINDOW_API,10,2787,initialize|query|new|validate|save|update|delete|approve|post|reverse|print|refresh|exit,NOT_READY_FOR_PRODUCTION
APST002,APST002.fmx,APST,AP/purchasing,2,ONEX_AP_COMPAT,ONEX_APST_WINDOW_API,10,1660,initialize|query|new|validate|save|update|delete|approve|post|reverse|print|refresh|exit,NOT_READY_FOR_PRODUCTION
APST003,APST003.fmx,APST,AP/purchasing,2,ONEX_AP_COMPAT,ONEX_APST_WINDOW_API,10,4978,initialize|query|new|validate|save|update|delete|approve|post|reverse|print|refresh|exit,NOT_READY_FOR_PRODUCTION
APST004,APST004.fmx,APST,AP/purchasing,2,ONEX_AP_COMPAT,ONEX_APST_WINDOW_API,10,3218,initialize|query|new|validate|save|update|delete|approve|post|reverse|print|refresh|exit,NOT_READY_FOR_PRODUCTION
APST005,APST005.fmx,APST,AP/purchasing,2,ONEX_AP_COMPAT,ONEX_APST_WINDOW_API,10,6688,initialize|query|new|validate|save|update|delete|approve|post|reverse|print|refresh|exit,NOT_READY_FOR_PRODUCTION
APST006,APST006.fmx,APST,AP/purchasing,2,ONEX_AP_COMPAT,ONEX_APST_WINDOW_API,10,1259,initialize|query|new|validate|save|update|delete|approve|post|reverse|print|refresh|exit,NOT_READY_FOR_PRODUCTION
APST008,APST008.fmx,APST,AP/purchasing,2,ONEX_AP_COMPAT,ONEX_APST_WINDOW_API,10,2027,initialize|query|new|validate|save|update|delete|approve|post|reverse|print|refresh|exit,NOT_READY_FOR_PRODUCTION
APST009,APST009.fmx,APST,AP/purchasing,2,ONEX_AP_COMPAT,ONEX_APST_WINDOW_API,10,1601,initialize|query|new|validate|save|update|delete|approve|post|reverse|print|refresh|exit,NOT_READY_FOR_PRODUCTION
APST010,APST010.fmx,APST,AP/purchasing,2,ONEX_AP_COMPAT,ONEX_APST_WINDOW_API,10,4199,initialize|query|new|validate|save|update|delete|approve|post|reverse|print|refresh|exit,NOT_READY_FOR_PRODUCTION
APST011,APST011.fmx,APST,AP/purchasing,2,ONEX_AP_COMPAT,ONEX_APST_WINDOW_API,10,875,initialize|query|new|validate|save|update|delete|approve|post|reverse|print|refresh|exit,NOT_READY_FOR_PRODUCTION
APST012,APST012.fmx,APST,AP/purchasing,2,ONEX_AP_COMPAT,ONEX_APST_WINDOW_API,10,1023,initialize|query|new|validate|save|update|delete|approve|post|reverse|print|refresh|exit,NOT_READY_FOR_PRODUCTION
APST013,APST013.fmx,APST,AP/purchasing,2,ONEX_AP_COMPAT,ONEX_APST_WINDOW_API,10,1875,initialize|query|new|validate|save|update|delete|approve|post|reverse|print|refresh|exit,NOT_READY_FOR_PRODUCTION
APST014,APST014.fmx,APST,AP/purchasing,2,ONEX_AP_COMPAT,ONEX_APST_WINDOW_API,10,1664,initialize|query|new|validate|save|update|delete|approve|post|reverse|print|refresh|exit,NOT_READY_FOR_PRODUCTION
APST015,APST015.fmx,APST,AP/purchasing,2,ONEX_AP_COMPAT,ONEX_APST_WINDOW_API,10,2428,initialize|query|new|validate|save|update|delete|approve|post|reverse|print|refresh|exit,NOT_READY_FOR_PRODUCTION
APST016,APST016.fmx,APST,AP/purchasing,2,ONEX_AP_COMPAT,ONEX_APST_WINDOW_API,10,1484,initialize|query|new|validate|save|update|delete|approve|post|reverse|print|refresh|exit,NOT_READY_FOR_PRODUCTION
APST017,APST017.fmx,APST,AP/purchasing,2,ONEX_AP_COMPAT,ONEX_APST_WINDOW_API,10,1566,initialize|query|new|validate|save|update|delete|approve|post|reverse|print|refresh|exit,NOT_READY_FOR_PRODUCTION
APST018,APST018.fmx,APST,AP/purchasing,2,ONEX_AP_COMPAT,ONEX_APST_WINDOW_API,10,987,initialize|query|new|validate|save|update|delete|approve|post|reverse|print|refresh|exit,NOT_READY_FOR_PRODUCTION
APST019,APST019.fmx,APST,AP/purchasing,2,ONEX_AP_COMPAT,ONEX_APST_WINDOW_API,10,3101,initialize|query|new|validate|save|update|delete|approve|post|reverse|print|refresh|exit,NOT_READY_FOR_PRODUCTION
APS_IMPXLS_VND,APS_IMPXLS_VND.fmx,APS,AP/purchasing,2,ONEX_AP_COMPAT,ONEX_APS_WINDOW_API,10,631,initialize|query|new|validate|save|update|delete|approve|post|reverse|print|refresh|exit,NOT_READY_FOR_PRODUCTION
ARSI002,ARSI002.fmx,ARSI,AR/accounts-receivable,1,ONEX_AR_COMPAT,ONEX_ARSI_WINDOW_API,10,657,initialize|query|new|validate|save|update|delete|approve|post|reverse|print|refresh|exit,NOT_READY_FOR_PRODUCTION
ARSI003,ARSI003.fmx,ARSI,AR/accounts-receivable,1,ONEX_AR_COMPAT,ONEX_ARSI_WINDOW_API,10,804,initialize|query|new|validate|save|update|delete|approve|post|reverse|print|refresh|exit,NOT_READY_FOR_PRODUCTION
ARSI004,ARSI004.fmx,ARSI,AR/accounts-receivable,1,ONEX_AR_COMPAT,ONEX_ARSI_WINDOW_API,10,1576,initialize|query|new|validate|save|update|delete|approve|post|reverse|print|refresh|exit,NOT_READY_FOR_PRODUCTION
ARSI005,ARSI005.fmx,ARSI,AR/accounts-receivable,1,ONEX_AR_COMPAT,ONEX_ARSI_WINDOW_API,10,2606,initialize|query|new|validate|save|update|delete|approve|post|reverse|print|refresh|exit,NOT_READY_FOR_PRODUCTION
ARSI006,ARSI006.fmx,ARSI,AR/accounts-receivable,1,ONEX_AR_COMPAT,ONEX_ARSI_WINDOW_API,10,652,initialize|query|new|validate|save|update|delete|approve|post|reverse|print|refresh|exit,NOT_READY_FOR_PRODUCTION
ARSI008,ARSI008.fmx,ARSI,AR/accounts-receivable,1,ONEX_AR_COMPAT,ONEX_ARSI_WINDOW_API,10,900,initialize|query|new|validate|save|update|delete|approve|post|reverse|print|refresh|exit,NOT_READY_FOR_PRODUCTION
ARSI009,ARSI009.fmx,ARSI,AR/accounts-receivable,1,ONEX_AR_COMPAT,ONEX_ARSI_WINDOW_API,10,834,initialize|query|new|validate|save|update|delete|approve|post|reverse|print|refresh|exit,NOT_READY_FOR_PRODUCTION
ARSI010,ARSI010.fmx,ARSI,AR/accounts-receivable,1,ONEX_AR_COMPAT,ONEX_ARSI_WINDOW_API,10,836,initialize|query|new|validate|save|update|delete|approve|post|reverse|print|refresh|exit,NOT_READY_FOR_PRODUCTION
ARSI012,ARSI012.fmx,ARSI,AR/accounts-receivable,1,ONEX_AR_COMPAT,ONEX_ARSI_WINDOW_API,10,1824,initialize|query|new|validate|save|update|delete|approve|post|reverse|print|refresh|exit,NOT_READY_FOR_PRODUCTION
ARSI013,ARSI013.fmx,ARSI,AR/accounts-receivable,1,ONEX_AR_COMPAT,ONEX_ARSI_WINDOW_API,10,1685,initialize|query|new|validate|save|update|delete|approve|post|reverse|print|refresh|exit,NOT_READY_FOR_PRODUCTION
ARSI014,ARSI014.fmx,ARSI,AR/accounts-receivable,1,ONEX_AR_COMPAT,ONEX_ARSI_WINDOW_API,10,666,initialize|query|new|validate|save|update|delete|approve|post|reverse|print|refresh|exit,NOT_READY_FOR_PRODUCTION
ARSI015,ARSI015.fmx,ARSI,AR/accounts-receivable,1,ONEX_AR_COMPAT,ONEX_ARSI_WINDOW_API,10,694,initialize|query|new|validate|save|update|delete|approve|post|reverse|print|refresh|exit,NOT_READY_FOR_PRODUCTION
ARSI016,ARSI016.fmx,ARSI,AR/accounts-receivable,1,ONEX_AR_COMPAT,ONEX_ARSI_WINDOW_API,10,878,initialize|query|new|validate|save|update|delete|approve|post|reverse|print|refresh|exit,NOT_READY_FOR_PRODUCTION
ARSI017,ARSI017.fmx,ARSI,AR/accounts-receivable,1,ONEX_AR_COMPAT,ONEX_ARSI_WINDOW_API,10,788,initialize|query|new|validate|save|update|delete|approve|post|reverse|print|refresh|exit,NOT_READY_FOR_PRODUCTION
ARSI018,ARSI018.fmx,ARSI,AR/accounts-receivable,1,ONEX_AR_COMPAT,ONEX_ARSI_WINDOW_API,10,563,initialize|query|new|validate|save|update|delete|approve|post|reverse|print|refresh|exit,NOT_READY_FOR_PRODUCTION
ARSI019,ARSI019.fmx,ARSI,AR/accounts-receivable,1,ONEX_AR_COMPAT,ONEX_ARSI_WINDOW_API,10,563,initialize|query|new|validate|save|update|delete|approve|post|reverse|print|refresh|exit,NOT_READY_FOR_PRODUCTION
ARSI020,ARSI020.fmx,ARSI,AR/accounts-receivable,1,ONEX_AR_COMPAT,ONEX_ARSI_WINDOW_API,10,820,initialize|query|new|validate|save|update|delete|approve|post|reverse|print|refresh|exit,NOT_READY_FOR_PRODUCTION
ARSI021,ARSI021.fmx,ARSI,AR/accounts-receivable,1,ONEX_AR_COMPAT,ONEX_ARSI_WINDOW_API,10,983,initialize|query|new|validate|save|update|delete|approve|post|reverse|print|refresh|exit,NOT_READY_FOR_PRODUCTION
ARSI022,ARSI022.fmx,ARSI,AR/accounts-receivable,1,ONEX_AR_COMPAT,ONEX_ARSI_WINDOW_API,10,682,initialize|query|new|validate|save|update|delete|approve|post|reverse|print|refresh|exit,NOT_READY_FOR_PRODUCTION
ARSI023,ARSI023.fmx,ARSI,AR/accounts-receivable,1,ONEX_AR_COMPAT,ONEX_ARSI_WINDOW_API,10,997,initialize|query|new|validate|save|update|delete|approve|post|reverse|print|refresh|exit,NOT_READY_FOR_PRODUCTION
ARSIMPXLS_CST,ARSIMPXLS_CST.fmx,ARSIMPXLS,AR/accounts-receivable,1,ONEX_AR_COMPAT,ONEX_ARSIMPXLS_WINDOW_API,10,853,initialize|query|new|validate|save|update|delete|approve|post|reverse|print|refresh|exit,NOT_READY_FOR_PRODUCTION
ARSIMPXLS_CST_NW,ARSIMPXLS_CST_NW.fmx,ARSIMPXLS,AR/accounts-receivable,1,ONEX_AR_COMPAT,ONEX_ARSIMPXLS_WINDOW_API,10,817,initialize|query|new|validate|save|update|delete|approve|post|reverse|print|refresh|exit,NOT_READY_FOR_PRODUCTION
ARSIMPXLS_SUB_CST,ARSIMPXLS_SUB_CST.fmx,ARSIMPXLS,AR/accounts-receivable,1,ONEX_AR_COMPAT,ONEX_ARSIMPXLS_WINDOW_API,10,601,initialize|query|new|validate|save|update|delete|approve|post|reverse|print|refresh|exit,NOT_READY_FOR_PRODUCTION
ARSR001,ARSR001.fmx,ARSR,AR/accounts-receivable,1,ONEX_AR_COMPAT,ONEX_ARSR_WINDOW_API,10,365,initialize|query|new|validate|save|update|delete|approve|post|reverse|print|refresh|exit,NOT_READY_FOR_PRODUCTION
ARSR002,ARSR002.fmx,ARSR,AR/accounts-receivable,1,ONEX_AR_COMPAT,ONEX_ARSR_WINDOW_API,10,389,initialize|query|new|validate|save|update|delete|approve|post|reverse|print|refresh|exit,NOT_READY_FOR_PRODUCTION
ARSR003,ARSR003.fmx,ARSR,AR/accounts-receivable,1,ONEX_AR_COMPAT,ONEX_ARSR_WINDOW_API,10,421,initialize|query|new|validate|save|update|delete|approve|post|reverse|print|refresh|exit,NOT_READY_FOR_PRODUCTION
ARSR004,ARSR004.fmx,ARSR,AR/accounts-receivable,1,ONEX_AR_COMPAT,ONEX_ARSR_WINDOW_API,10,438,initialize|query|new|validate|save|update|delete|approve|post|reverse|print|refresh|exit,NOT_READY_FOR_PRODUCTION
ARSR005,ARSR005.fmx,ARSR,AR/accounts-receivable,1,ONEX_AR_COMPAT,ONEX_ARSR_WINDOW_API,10,778,initialize|query|new|validate|save|update|delete|approve|post|reverse|print|refresh|exit,NOT_READY_FOR_PRODUCTION
ARSR009,ARSR009.fmx,ARSR,AR/accounts-receivable,1,ONEX_AR_COMPAT,ONEX_ARSR_WINDOW_API,10,1029,initialize|query|new|validate|save|update|delete|approve|post|reverse|print|refresh|exit,NOT_READY_FOR_PRODUCTION
ARSR010,ARSR010.fmx,ARSR,AR/accounts-receivable,1,ONEX_AR_COMPAT,ONEX_ARSR_WINDOW_API,10,883,initialize|query|new|validate|save|update|delete|approve|post|reverse|print|refresh|exit,NOT_READY_FOR_PRODUCTION
ARSR011,ARSR011.fmx,ARSR,AR/accounts-receivable,1,ONEX_AR_COMPAT,ONEX_ARSR_WINDOW_API,10,683,initialize|query|new|validate|save|update|delete|approve|post|reverse|print|refresh|exit,NOT_READY_FOR_PRODUCTION
ARSR012,ARSR012.fmx,ARSR,AR/accounts-receivable,1,ONEX_AR_COMPAT,ONEX_ARSR_WINDOW_API,10,815,initialize|query|new|validate|save|update|delete|approve|post|reverse|print|refresh|exit,NOT_READY_FOR_PRODUCTION
ARSR013,ARSR013.fmx,ARSR,AR/accounts-receivable,1,ONEX_AR_COMPAT,ONEX_ARSR_WINDOW_API,10,421,initialize|query|new|validate|save|update|delete|approve|post|reverse|print|refresh|exit,NOT_READY_FOR_PRODUCTION
ARSR014,ARSR014.fmx,ARSR,AR/accounts-receivable,1,ONEX_AR_COMPAT,ONEX_ARSR_WINDOW_API,10,559,initialize|query|new|validate|save|update|delete|approve|post|reverse|print|refresh|exit,NOT_READY_FOR_PRODUCTION
ARSR020,ARSR020.fmx,ARSR,AR/accounts-receivable,1,ONEX_AR_COMPAT,ONEX_ARSR_WINDOW_API,10,673,initialize|query|new|validate|save|update|delete|approve|post|reverse|print|refresh|exit,NOT_READY_FOR_PRODUCTION
ARSR021,ARSR021.fmx,ARSR,AR/accounts-receivable,1,ONEX_AR_COMPAT,ONEX_ARSR_WINDOW_API,10,1302,initialize|query|new|validate|save|update|delete|approve|post|reverse|print|refresh|exit,NOT_READY_FOR_PRODUCTION
ARSR022,ARSR022.fmx,ARSR,AR/accounts-receivable,1,ONEX_AR_COMPAT,ONEX_ARSR_WINDOW_API,10,486,initialize|query|new|validate|save|update|delete|approve|post|reverse|print|refresh|exit,NOT_READY_FOR_PRODUCTION
ARSR023,ARSR023.fmx,ARSR,AR/accounts-receivable,1,ONEX_AR_COMPAT,ONEX_ARSR_WINDOW_API,10,2651,initialize|query|new|validate|save|update|delete|approve|post|reverse|print|refresh|exit,NOT_READY_FOR_PRODUCTION
ARSR024,ARSR024.fmx,ARSR,AR/accounts-receivable,1,ONEX_AR_COMPAT,ONEX_ARSR_WINDOW_API,10,762,initialize|query|new|validate|save|update|delete|approve|post|reverse|print|refresh|exit,NOT_READY_FOR_PRODUCTION
ARSR025,ARSR025.fmx,ARSR,AR/accounts-receivable,1,ONEX_AR_COMPAT,ONEX_ARSR_WINDOW_API,10,1073,initialize|query|new|validate|save|update|delete|approve|post|reverse|print|refresh|exit,NOT_READY_FOR_PRODUCTION
ARSR026,ARSR026.fmx,ARSR,AR/accounts-receivable,1,ONEX_AR_COMPAT,ONEX_ARSR_WINDOW_API,10,782,initialize|query|new|validate|save|update|delete|approve|post|reverse|print|refresh|exit,NOT_READY_FOR_PRODUCTION
ARSR027,ARSR027.fmx,ARSR,AR/accounts-receivable,1,ONEX_AR_COMPAT,ONEX_ARSR_WINDOW_API,10,849,initialize|query|new|validate|save|update|delete|approve|post|reverse|print|refresh|exit,NOT_READY_FOR_PRODUCTION
ARSR029,ARSR029.fmx,ARSR,AR/accounts-receivable,1,ONEX_AR_COMPAT,ONEX_ARSR_WINDOW_API,10,1352,initialize|query|new|validate|save|update|delete|approve|post|reverse|print|refresh|exit,NOT_READY_FOR_PRODUCTION
ARSR030,ARSR030.fmx,ARSR,AR/accounts-receivable,1,ONEX_AR_COMPAT,ONEX_ARSR_WINDOW_API,10,573,initialize|query|new|validate|save|update|delete|approve|post|reverse|print|refresh|exit,NOT_READY_FOR_PRODUCTION
ARSR031,ARSR031.fmx,ARSR,AR/accounts-receivable,1,ONEX_AR_COMPAT,ONEX_ARSR_WINDOW_API,10,715,initialize|query|new|validate|save|update|delete|approve|post|reverse|print|refresh|exit,NOT_READY_FOR_PRODUCTION
ARSR032,ARSR032.fmx,ARSR,AR/accounts-receivable,1,ONEX_AR_COMPAT,ONEX_ARSR_WINDOW_API,10,579,initialize|query|new|validate|save|update|delete|approve|post|reverse|print|refresh|exit,NOT_READY_FOR_PRODUCTION
ARSR033,ARSR033.fmx,ARSR,AR/accounts-receivable,1,ONEX_AR_COMPAT,ONEX_ARSR_WINDOW_API,10,796,initialize|query|new|validate|save|update|delete|approve|post|reverse|print|refresh|exit,NOT_READY_FOR_PRODUCTION
ARSR034,ARSR034.fmx,ARSR,AR/accounts-receivable,1,ONEX_AR_COMPAT,ONEX_ARSR_WINDOW_API,10,587,initialize|query|new|validate|save|update|delete|approve|post|reverse|print|refresh|exit,NOT_READY_FOR_PRODUCTION
ARSR035,ARSR035.fmx,ARSR,AR/accounts-receivable,1,ONEX_AR_COMPAT,ONEX_ARSR_WINDOW_API,10,677,initialize|query|new|validate|save|update|delete|approve|post|reverse|print|refresh|exit,NOT_READY_FOR_PRODUCTION
ARSR036,ARSR036.fmx,ARSR,AR/accounts-receivable,1,ONEX_AR_COMPAT,ONEX_ARSR_WINDOW_API,10,893,initialize|query|new|validate|save|update|delete|approve|post|reverse|print|refresh|exit,NOT_READY_FOR_PRODUCTION
ARSR037,ARSR037.fmx,ARSR,AR/accounts-receivable,1,ONEX_AR_COMPAT,ONEX_ARSR_WINDOW_API,10,693,initialize|query|new|validate|save|update|delete|approve|post|reverse|print|refresh|exit,NOT_READY_FOR_PRODUCTION
ARSR038,ARSR038.fmx,ARSR,AR/accounts-receivable,1,ONEX_AR_COMPAT,ONEX_ARSR_WINDOW_API,10,566,initialize|query|new|validate|save|update|delete|approve|post|reverse|print|refresh|exit,NOT_READY_FOR_PRODUCTION
ARSR039,ARSR039.fmx,ARSR,AR/accounts-receivable,1,ONEX_AR_COMPAT,ONEX_ARSR_WINDOW_API,10,640,initialize|query|new|validate|save|update|delete|approve|post|reverse|print|refresh|exit,NOT_READY_FOR_PRODUCTION
ARSR041,ARSR041.fmx,ARSR,AR/accounts-receivable,1,ONEX_AR_COMPAT,ONEX_ARSR_WINDOW_API,10,4737,initialize|query|new|validate|save|update|delete|approve|post|reverse|print|refresh|exit,NOT_READY_FOR_PRODUCTION
ARSR042,ARSR042.fmx,ARSR,AR/accounts-receivable,1,ONEX_AR_COMPAT,ONEX_ARSR_WINDOW_API,10,1125,initialize|query|new|validate|save|update|delete|approve|post|reverse|print|refresh|exit,NOT_READY_FOR_PRODUCTION
ARSR043,ARSR043.fmx,ARSR,AR/accounts-receivable,1,ONEX_AR_COMPAT,ONEX_ARSR_WINDOW_API,10,543,initialize|query|new|validate|save|update|delete|approve|post|reverse|print|refresh|exit,NOT_READY_FOR_PRODUCTION
ARSR044,ARSR044.fmx,ARSR,AR/accounts-receivable,1,ONEX_AR_COMPAT,ONEX_ARSR_WINDOW_API,10,664,initialize|query|new|validate|save|update|delete|approve|post|reverse|print|refresh|exit,NOT_READY_FOR_PRODUCTION
ARSR045,ARSR045.fmx,ARSR,AR/accounts-receivable,1,ONEX_AR_COMPAT,ONEX_ARSR_WINDOW_API,10,424,initialize|query|new|validate|save|update|delete|approve|post|reverse|print|refresh|exit,NOT_READY_FOR_PRODUCTION
ARSR046,ARSR046.fmx,ARSR,AR/accounts-receivable,1,ONEX_AR_COMPAT,ONEX_ARSR_WINDOW_API,10,1127,initialize|query|new|validate|save|update|delete|approve|post|reverse|print|refresh|exit,NOT_READY_FOR_PRODUCTION
ARSS001,ARSS001.fmx,ARSS,AR/accounts-receivable,1,ONEX_AR_COMPAT,ONEX_ARSS_WINDOW_API,10,1280,initialize|query|new|validate|save|update|delete|approve|post|reverse|print|refresh|exit,NOT_READY_FOR_PRODUCTION
ARSS003,ARSS003.fmx,ARSS,AR/accounts-receivable,1,ONEX_AR_COMPAT,ONEX_ARSS_WINDOW_API,10,668,initialize|query|new|validate|save|update|delete|approve|post|reverse|print|refresh|exit,NOT_READY_FOR_PRODUCTION
ARSS004,ARSS004.fmx,ARSS,AR/accounts-receivable,1,ONEX_AR_COMPAT,ONEX_ARSS_WINDOW_API,10,572,initialize|query|new|validate|save|update|delete|approve|post|reverse|print|refresh|exit,NOT_READY_FOR_PRODUCTION
ARSS005,ARSS005.fmx,ARSS,AR/accounts-receivable,1,ONEX_AR_COMPAT,ONEX_ARSS_WINDOW_API,10,685,initialize|query|new|validate|save|update|delete|approve|post|reverse|print|refresh|exit,NOT_READY_FOR_PRODUCTION
ARSS006,ARSS006.fmx,ARSS,AR/accounts-receivable,1,ONEX_AR_COMPAT,ONEX_ARSS_WINDOW_API,10,769,initialize|query|new|validate|save|update|delete|approve|post|reverse|print|refresh|exit,NOT_READY_FOR_PRODUCTION
ARSS007,ARSS007.fmx,ARSS,AR/accounts-receivable,1,ONEX_AR_COMPAT,ONEX_ARSS_WINDOW_API,10,582,initialize|query|new|validate|save|update|delete|approve|post|reverse|print|refresh|exit,NOT_READY_FOR_PRODUCTION
ARSS008,ARSS008.fmx,ARSS,AR/accounts-receivable,1,ONEX_AR_COMPAT,ONEX_ARSS_WINDOW_API,10,598,initialize|query|new|validate|save|update|delete|approve|post|reverse|print|refresh|exit,NOT_READY_FOR_PRODUCTION
ARSS009,ARSS009.fmx,ARSS,AR/accounts-receivable,1,ONEX_AR_COMPAT,ONEX_ARSS_WINDOW_API,10,694,initialize|query|new|validate|save|update|delete|approve|post|reverse|print|refresh|exit,NOT_READY_FOR_PRODUCTION
ARSS010,ARSS010.fmx,ARSS,AR/accounts-receivable,1,ONEX_AR_COMPAT,ONEX_ARSS_WINDOW_API,10,1039,initialize|query|new|validate|save|update|delete|approve|post|reverse|print|refresh|exit,NOT_READY_FOR_PRODUCTION
ARSS011,ARSS011.fmx,ARSS,AR/accounts-receivable,1,ONEX_AR_COMPAT,ONEX_ARSS_WINDOW_API,10,573,initialize|query|new|validate|save|update|delete|approve|post|reverse|print|refresh|exit,NOT_READY_FOR_PRODUCTION
ARSS012,ARSS012.fmx,ARSS,AR/accounts-receivable,1,ONEX_AR_COMPAT,ONEX_ARSS_WINDOW_API,10,2110,initialize|query|new|validate|save|update|delete|approve|post|reverse|print|refresh|exit,NOT_READY_FOR_PRODUCTION
ARSS013,ARSS013.fmx,ARSS,AR/accounts-receivable,1,ONEX_AR_COMPAT,ONEX_ARSS_WINDOW_API,10,1302,initialize|query|new|validate|save|update|delete|approve|post|reverse|print|refresh|exit,NOT_READY_FOR_PRODUCTION
ARSS014,ARSS014.fmx,ARSS,AR/accounts-receivable,1,ONEX_AR_COMPAT,ONEX_ARSS_WINDOW_API,10,798,initialize|query|new|validate|save|update|delete|approve|post|reverse|print|refresh|exit,NOT_READY_FOR_PRODUCTION
ARSS015,ARSS015.fmx,ARSS,AR/accounts-receivable,1,ONEX_AR_COMPAT,ONEX_ARSS_WINDOW_API,10,575,initialize|query|new|validate|save|update|delete|approve|post|reverse|print|refresh|exit,NOT_READY_FOR_PRODUCTION
ARSS016,ARSS016.fmx,ARSS,AR/accounts-receivable,1,ONEX_AR_COMPAT,ONEX_ARSS_WINDOW_API,10,553,initialize|query|new|validate|save|update|delete|approve|post|reverse|print|refresh|exit,NOT_READY_FOR_PRODUCTION
ARSS017,ARSS017.fmx,ARSS,AR/accounts-receivable,1,ONEX_AR_COMPAT,ONEX_ARSS_WINDOW_API,10,599,initialize|query|new|validate|save|update|delete|approve|post|reverse|print|refresh|exit,NOT_READY_FOR_PRODUCTION
ARSS018,ARSS018.fmx,ARSS,AR/accounts-receivable,1,ONEX_AR_COMPAT,ONEX_ARSS_WINDOW_API,10,1969,initialize|query|new|validate|save|update|delete|approve|post|reverse|print|refresh|exit,NOT_READY_FOR_PRODUCTION
ARSS020,ARSS020.fmx,ARSS,AR/accounts-receivable,1,ONEX_AR_COMPAT,ONEX_ARSS_WINDOW_API,10,681,initialize|query|new|validate|save|update|delete|approve|post|reverse|print|refresh|exit,NOT_READY_FOR_PRODUCTION
ARSS021,ARSS021.fmx,ARSS,AR/accounts-receivable,1,ONEX_AR_COMPAT,ONEX_ARSS_WINDOW_API,10,684,initialize|query|new|validate|save|update|delete|approve|post|reverse|print|refresh|exit,NOT_READY_FOR_PRODUCTION
ARSS022,ARSS022.fmx,ARSS,AR/accounts-receivable,1,ONEX_AR_COMPAT,ONEX_ARSS_WINDOW_API,10,568,initialize|query|new|validate|save|update|delete|approve|post|reverse|print|refresh|exit,NOT_READY_FOR_PRODUCTION
ARSS024,ARSS024.fmx,ARSS,AR/accounts-receivable,1,ONEX_AR_COMPAT,ONEX_ARSS_WINDOW_API,10,581,initialize|query|new|validate|save|update|delete|approve|post|reverse|print|refresh|exit,NOT_READY_FOR_PRODUCTION
ARSS025,ARSS025.fmx,ARSS,AR/accounts-receivable,1,ONEX_AR_COMPAT,ONEX_ARSS_WINDOW_API,10,569,initialize|query|new|validate|save|update|delete|approve|post|reverse|print|refresh|exit,NOT_READY_FOR_PRODUCTION
ARSS026,ARSS026.fmx,ARSS,AR/accounts-receivable,1,ONEX_AR_COMPAT,ONEX_ARSS_WINDOW_API,10,574,initialize|query|new|validate|save|update|delete|approve|post|reverse|print|refresh|exit,NOT_READY_FOR_PRODUCTION
ARST001,ARST001.fmx,ARST,AR/accounts-receivable,1,ONEX_AR_COMPAT,ONEX_ARST_WINDOW_API,10,2775,initialize|query|new|validate|save|update|delete|approve|post|reverse|print|refresh|exit,NOT_READY_FOR_PRODUCTION
ARST002,ARST002.fmx,ARST,AR/accounts-receivable,1,ONEX_AR_COMPAT,ONEX_ARST_WINDOW_API,10,3292,initialize|query|new|validate|save|update|delete|approve|post|reverse|print|refresh|exit,NOT_READY_FOR_PRODUCTION
ARST002_TO_CHEK,ARST002_TO_CHEK.fmx,ARST,AR/accounts-receivable,1,ONEX_AR_COMPAT,ONEX_ARST_WINDOW_API,10,2656,initialize|query|new|validate|save|update|delete|approve|post|reverse|print|refresh|exit,NOT_READY_FOR_PRODUCTION
ARST003,ARST003.fmx,ARST,AR/accounts-receivable,1,ONEX_AR_COMPAT,ONEX_ARST_WINDOW_API,10,4547,initialize|query|new|validate|save|update|delete|approve|post|reverse|print|refresh|exit,NOT_READY_FOR_PRODUCTION
ARST004,ARST004.fmx,ARST,AR/accounts-receivable,1,ONEX_AR_COMPAT,ONEX_ARST_WINDOW_API,10,8491,initialize|query|new|validate|save|update|delete|approve|post|reverse|print|refresh|exit,NOT_READY_FOR_PRODUCTION
ARST005,ARST005.fmx,ARST,AR/accounts-receivable,1,ONEX_AR_COMPAT,ONEX_ARST_WINDOW_API,10,2366,initialize|query|new|validate|save|update|delete|approve|post|reverse|print|refresh|exit,NOT_READY_FOR_PRODUCTION
ARST006,ARST006.fmx,ARST,AR/accounts-receivable,1,ONEX_AR_COMPAT,ONEX_ARST_WINDOW_API,10,5589,initialize|query|new|validate|save|update|delete|approve|post|reverse|print|refresh|exit,NOT_READY_FOR_PRODUCTION
ARST007,ARST007.fmx,ARST,AR/accounts-receivable,1,ONEX_AR_COMPAT,ONEX_ARST_WINDOW_API,10,2081,initialize|query|new|validate|save|update|delete|approve|post|reverse|print|refresh|exit,NOT_READY_FOR_PRODUCTION
ARST008,ARST008.fmx,ARST,AR/accounts-receivable,1,ONEX_AR_COMPAT,ONEX_ARST_WINDOW_API,10,846,initialize|query|new|validate|save|update|delete|approve|post|reverse|print|refresh|exit,NOT_READY_FOR_PRODUCTION
ARST009,ARST009.fmx,ARST,AR/accounts-receivable,1,ONEX_AR_COMPAT,ONEX_ARST_WINDOW_API,10,929,initialize|query|new|validate|save|update|delete|approve|post|reverse|print|refresh|exit,NOT_READY_FOR_PRODUCTION
ARST010,ARST010.fmx,ARST,AR/accounts-receivable,1,ONEX_AR_COMPAT,ONEX_ARST_WINDOW_API,10,982,initialize|query|new|validate|save|update|delete|approve|post|reverse|print|refresh|exit,NOT_READY_FOR_PRODUCTION
ARST011,ARST011.fmx,ARST,AR/accounts-receivable,1,ONEX_AR_COMPAT,ONEX_ARST_WINDOW_API,10,1757,initialize|query|new|validate|save|update|delete|approve|post|reverse|print|refresh|exit,NOT_READY_FOR_PRODUCTION
ARST012,ARST012.fmx,ARST,AR/accounts-receivable,1,ONEX_AR_COMPAT,ONEX_ARST_WINDOW_API,10,1394,initialize|query|new|validate|save|update|delete|approve|post|reverse|print|refresh|exit,NOT_READY_FOR_PRODUCTION
ARST013,ARST013.fmx,ARST,AR/accounts-receivable,1,ONEX_AR_COMPAT,ONEX_ARST_WINDOW_API,10,909,initialize|query|new|validate|save|update|delete|approve|post|reverse|print|refresh|exit,NOT_READY_FOR_PRODUCTION
ARST014,ARST014.fmx,ARST,AR/accounts-receivable,1,ONEX_AR_COMPAT,ONEX_ARST_WINDOW_API,10,1018,initialize|query|new|validate|save|update|delete|approve|post|reverse|print|refresh|exit,NOT_READY_FOR_PRODUCTION
ARST015,ARST015.fmx,ARST,AR/accounts-receivable,1,ONEX_AR_COMPAT,ONEX_ARST_WINDOW_API,10,1053,initialize|query|new|validate|save|update|delete|approve|post|reverse|print|refresh|exit,NOT_READY_FOR_PRODUCTION
ARST016,ARST016.fmx,ARST,AR/accounts-receivable,1,ONEX_AR_COMPAT,ONEX_ARST_WINDOW_API,10,1647,initialize|query|new|validate|save|update|delete|approve|post|reverse|print|refresh|exit,NOT_READY_FOR_PRODUCTION
ARST017,ARST017.fmx,ARST,AR/accounts-receivable,1,ONEX_AR_COMPAT,ONEX_ARST_WINDOW_API,10,957,initialize|query|new|validate|save|update|delete|approve|post|reverse|print|refresh|exit,NOT_READY_FOR_PRODUCTION
ARST018,ARST018.fmx,ARST,AR/accounts-receivable,1,ONEX_AR_COMPAT,ONEX_ARST_WINDOW_API,10,1075,initialize|query|new|validate|save|update|delete|approve|post|reverse|print|refresh|exit,NOT_READY_FOR_PRODUCTION
ARST019,ARST019.fmx,ARST,AR/accounts-receivable,1,ONEX_AR_COMPAT,ONEX_ARST_WINDOW_API,10,845,initialize|query|new|validate|save|update|delete|approve|post|reverse|print|refresh|exit,NOT_READY_FOR_PRODUCTION
ARST020,ARST020.fmx,ARST,AR/accounts-receivable,1,ONEX_AR_COMPAT,ONEX_ARST_WINDOW_API,10,1529,initialize|query|new|validate|save|update|delete|approve|post|reverse|print|refresh|exit,NOT_READY_FOR_PRODUCTION
ARST021,ARST021.fmx,ARST,AR/accounts-receivable,1,ONEX_AR_COMPAT,ONEX_ARST_WINDOW_API,10,782,initialize|query|new|validate|save|update|delete|approve|post|reverse|print|refresh|exit,NOT_READY_FOR_PRODUCTION
ARST023,ARST023.fmx,ARST,AR/accounts-receivable,1,ONEX_AR_COMPAT,ONEX_ARST_WINDOW_API,10,4961,initialize|query|new|validate|save|update|delete|approve|post|reverse|print|refresh|exit,NOT_READY_FOR_PRODUCTION
ARST024,ARST024.fmx,ARST,AR/accounts-receivable,1,ONEX_AR_COMPAT,ONEX_ARST_WINDOW_API,10,1129,initialize|query|new|validate|save|update|delete|approve|post|reverse|print|refresh|exit,NOT_READY_FOR_PRODUCTION
BGTR002,BGTR002.fmx,OTHER,other,0,ONEX_ADMIN_COMPAT,ONEX_OTHER_WINDOW_API,10,704,initialize|query|new|validate|save|update|delete|approve|post|reverse|print|refresh|exit,NOT_READY_FOR_PRODUCTION
BGTR004,BGTR004.fmx,OTHER,other,0,ONEX_ADMIN_COMPAT,ONEX_OTHER_WINDOW_API,10,773,initialize|query|new|validate|save|update|delete|approve|post|reverse|print|refresh|exit,NOT_READY_FOR_PRODUCTION
BGTT001,BGTT001.fmx,OTHER,other,0,ONEX_ADMIN_COMPAT,ONEX_OTHER_WINDOW_API,10,1441,initialize|query|new|validate|save|update|delete|approve|post|reverse|print|refresh|exit,NOT_READY_FOR_PRODUCTION
BGTT002,BGTT002.fmx,OTHER,other,0,ONEX_ADMIN_COMPAT,ONEX_OTHER_WINDOW_API,10,1257,initialize|query|new|validate|save|update|delete|approve|post|reverse|print|refresh|exit,NOT_READY_FOR_PRODUCTION
BGTT003,BGTT003.fmx,OTHER,other,0,ONEX_ADMIN_COMPAT,ONEX_OTHER_WINDOW_API,10,1577,initialize|query|new|validate|save|update|delete|approve|post|reverse|print|refresh|exit,NOT_READY_FOR_PRODUCTION
BGTT004 - 10022016,BGTT004 - 10022016.fmx,OTHER,other,0,ONEX_ADMIN_COMPAT,ONEX_OTHER_WINDOW_API,10,1602,initialize|query|new|validate|save|update|delete|approve|post|reverse|print|refresh|exit,NOT_READY_FOR_PRODUCTION
BGTT004,BGTT004.fmx,OTHER,other,0,ONEX_ADMIN_COMPAT,ONEX_OTHER_WINDOW_API,10,1903,initialize|query|new|validate|save|update|delete|approve|post|reverse|print|refresh|exit,NOT_READY_FOR_PRODUCTION
COMR001,COMR001.fmx,OTHER,other,0,ONEX_ADMIN_COMPAT,ONEX_OTHER_WINDOW_API,10,1111,initialize|query|new|validate|save|update|delete|approve|post|reverse|print|refresh|exit,NOT_READY_FOR_PRODUCTION
COMS001,COMS001.fmx,OTHER,other,0,ONEX_ADMIN_COMPAT,ONEX_OTHER_WINDOW_API,10,1309,initialize|query|new|validate|save|update|delete|approve|post|reverse|print|refresh|exit,NOT_READY_FOR_PRODUCTION
COMS002,COMS002.fmx,OTHER,other,0,ONEX_ADMIN_COMPAT,ONEX_OTHER_WINDOW_API,10,1293,initialize|query|new|validate|save|update|delete|approve|post|reverse|print|refresh|exit,NOT_READY_FOR_PRODUCTION
COMS003,COMS003.fmx,OTHER,other,0,ONEX_ADMIN_COMPAT,ONEX_OTHER_WINDOW_API,10,1154,initialize|query|new|validate|save|update|delete|approve|post|reverse|print|refresh|exit,NOT_READY_FOR_PRODUCTION
COMS004,COMS004.fmx,OTHER,other,0,ONEX_ADMIN_COMPAT,ONEX_OTHER_WINDOW_API,10,1274,initialize|query|new|validate|save|update|delete|approve|post|reverse|print|refresh|exit,NOT_READY_FOR_PRODUCTION
COMT001,COMT001.fmx,OTHER,other,0,ONEX_ADMIN_COMPAT,ONEX_OTHER_WINDOW_API,10,1381,initialize|query|new|validate|save|update|delete|approve|post|reverse|print|refresh|exit,NOT_READY_FOR_PRODUCTION
COMT002,COMT002.fmx,OTHER,other,0,ONEX_ADMIN_COMPAT,ONEX_OTHER_WINDOW_API,10,1359,initialize|query|new|validate|save|update|delete|approve|post|reverse|print|refresh|exit,NOT_READY_FOR_PRODUCTION
COMT003,COMT003.fmx,OTHER,other,0,ONEX_ADMIN_COMPAT,ONEX_OTHER_WINDOW_API,10,1260,initialize|query|new|validate|save|update|delete|approve|post|reverse|print|refresh|exit,NOT_READY_FOR_PRODUCTION
COMT004,COMT004.fmx,OTHER,other,0,ONEX_ADMIN_COMPAT,ONEX_OTHER_WINDOW_API,10,1336,initialize|query|new|validate|save|update|delete|approve|post|reverse|print|refresh|exit,NOT_READY_FOR_PRODUCTION
DTSI001,DTSI001.fmx,OTHER,other,0,ONEX_ADMIN_COMPAT,ONEX_OTHER_WINDOW_API,10,825,initialize|query|new|validate|save|update|delete|approve|post|reverse|print|refresh|exit,NOT_READY_FOR_PRODUCTION
DTSI002,DTSI002.fmx,OTHER,other,0,ONEX_ADMIN_COMPAT,ONEX_OTHER_WINDOW_API,10,823,initialize|query|new|validate|save|update|delete|approve|post|reverse|print|refresh|exit,NOT_READY_FOR_PRODUCTION
DTSI003,DTSI003.fmx,OTHER,other,0,ONEX_ADMIN_COMPAT,ONEX_OTHER_WINDOW_API,10,1005,initialize|query|new|validate|save|update|delete|approve|post|reverse|print|refresh|exit,NOT_READY_FOR_PRODUCTION
DTSI004,DTSI004.fmx,OTHER,other,0,ONEX_ADMIN_COMPAT,ONEX_OTHER_WINDOW_API,10,1174,initialize|query|new|validate|save|update|delete|approve|post|reverse|print|refresh|exit,NOT_READY_FOR_PRODUCTION
DTSI005,DTSI005.fmx,OTHER,other,0,ONEX_ADMIN_COMPAT,ONEX_OTHER_WINDOW_API,10,1156,initialize|query|new|validate|save|update|delete|approve|post|reverse|print|refresh|exit,NOT_READY_FOR_PRODUCTION
DTSI006,DTSI006.fmx,OTHER,other,0,ONEX_ADMIN_COMPAT,ONEX_OTHER_WINDOW_API,10,512,initialize|query|new|validate|save|update|delete|approve|post|reverse|print|refresh|exit,NOT_READY_FOR_PRODUCTION
DTSR001,DTSR001.fmx,OTHER,other,0,ONEX_ADMIN_COMPAT,ONEX_OTHER_WINDOW_API,10,912,initialize|query|new|validate|save|update|delete|approve|post|reverse|print|refresh|exit,NOT_READY_FOR_PRODUCTION
DTSR002,DTSR002.fmx,OTHER,other,0,ONEX_ADMIN_COMPAT,ONEX_OTHER_WINDOW_API,10,848,initialize|query|new|validate|save|update|delete|approve|post|reverse|print|refresh|exit,NOT_READY_FOR_PRODUCTION
DTSR003,DTSR003.fmx,OTHER,other,0,ONEX_ADMIN_COMPAT,ONEX_OTHER_WINDOW_API,10,854,initialize|query|new|validate|save|update|delete|approve|post|reverse|print|refresh|exit,NOT_READY_FOR_PRODUCTION
DTSR004,DTSR004.fmx,OTHER,other,0,ONEX_ADMIN_COMPAT,ONEX_OTHER_WINDOW_API,10,897,initialize|query|new|validate|save|update|delete|approve|post|reverse|print|refresh|exit,NOT_READY_FOR_PRODUCTION
DTSR005,DTSR005.fmx,OTHER,other,0,ONEX_ADMIN_COMPAT,ONEX_OTHER_WINDOW_API,10,847,initialize|query|new|validate|save|update|delete|approve|post|reverse|print|refresh|exit,NOT_READY_FOR_PRODUCTION
DTSR006,DTSR006.fmx,OTHER,other,0,ONEX_ADMIN_COMPAT,ONEX_OTHER_WINDOW_API,10,847,initialize|query|new|validate|save|update|delete|approve|post|reverse|print|refresh|exit,NOT_READY_FOR_PRODUCTION
DTSR007,DTSR007.fmx,OTHER,other,0,ONEX_ADMIN_COMPAT,ONEX_OTHER_WINDOW_API,10,838,initialize|query|new|validate|save|update|delete|approve|post|reverse|print|refresh|exit,NOT_READY_FOR_PRODUCTION
DTSR008,DTSR008.fmx,OTHER,other,0,ONEX_ADMIN_COMPAT,ONEX_OTHER_WINDOW_API,10,828,initialize|query|new|validate|save|update|delete|approve|post|reverse|print|refresh|exit,NOT_READY_FOR_PRODUCTION
DTSR009,DTSR009.fmx,OTHER,other,0,ONEX_ADMIN_COMPAT,ONEX_OTHER_WINDOW_API,10,603,initialize|query|new|validate|save|update|delete|approve|post|reverse|print|refresh|exit,NOT_READY_FOR_PRODUCTION
DTSR010,DTSR010.fmx,OTHER,other,0,ONEX_ADMIN_COMPAT,ONEX_OTHER_WINDOW_API,10,603,initialize|query|new|validate|save|update|delete|approve|post|reverse|print|refresh|exit,NOT_READY_FOR_PRODUCTION
DTSS001,DTSS001.fmx,OTHER,other,0,ONEX_ADMIN_COMPAT,ONEX_OTHER_WINDOW_API,10,756,initialize|query|new|validate|save|update|delete|approve|post|reverse|print|refresh|exit,NOT_READY_FOR_PRODUCTION
DTSS002,DTSS002.fmx,OTHER,other,0,ONEX_ADMIN_COMPAT,ONEX_OTHER_WINDOW_API,10,814,initialize|query|new|validate|save|update|delete|approve|post|reverse|print|refresh|exit,NOT_READY_FOR_PRODUCTION
DTSS003,DTSS003.fmx,OTHER,other,0,ONEX_ADMIN_COMPAT,ONEX_OTHER_WINDOW_API,10,815,initialize|query|new|validate|save|update|delete|approve|post|reverse|print|refresh|exit,NOT_READY_FOR_PRODUCTION
DTSS006,DTSS006.fmx,OTHER,other,0,ONEX_ADMIN_COMPAT,ONEX_OTHER_WINDOW_API,10,751,initialize|query|new|validate|save|update|delete|approve|post|reverse|print|refresh|exit,NOT_READY_FOR_PRODUCTION
DTST001,DTST001.fmx,OTHER,other,0,ONEX_ADMIN_COMPAT,ONEX_OTHER_WINDOW_API,10,1633,initialize|query|new|validate|save|update|delete|approve|post|reverse|print|refresh|exit,NOT_READY_FOR_PRODUCTION
DTST002,DTST002.fmx,OTHER,other,0,ONEX_ADMIN_COMPAT,ONEX_OTHER_WINDOW_API,10,1128,initialize|query|new|validate|save|update|delete|approve|post|reverse|print|refresh|exit,NOT_READY_FOR_PRODUCTION
DTST003,DTST003.fmx,OTHER,other,0,ONEX_ADMIN_COMPAT,ONEX_OTHER_WINDOW_API,10,1584,initialize|query|new|validate|save|update|delete|approve|post|reverse|print|refresh|exit,NOT_READY_FOR_PRODUCTION
DTST004,DTST004.fmx,OTHER,other,0,ONEX_ADMIN_COMPAT,ONEX_OTHER_WINDOW_API,10,1121,initialize|query|new|validate|save|update|delete|approve|post|reverse|print|refresh|exit,NOT_READY_FOR_PRODUCTION
DTST005,DTST005.fmx,OTHER,other,0,ONEX_ADMIN_COMPAT,ONEX_OTHER_WINDOW_API,10,1394,initialize|query|new|validate|save|update|delete|approve|post|reverse|print|refresh|exit,NOT_READY_FOR_PRODUCTION
DTST006,DTST006.fmx,OTHER,other,0,ONEX_ADMIN_COMPAT,ONEX_OTHER_WINDOW_API,10,1251,initialize|query|new|validate|save|update|delete|approve|post|reverse|print|refresh|exit,NOT_READY_FOR_PRODUCTION
DTST010,DTST010.fmx,OTHER,other,0,ONEX_ADMIN_COMPAT,ONEX_OTHER_WINDOW_API,10,871,initialize|query|new|validate|save|update|delete|approve|post|reverse|print|refresh|exit,NOT_READY_FOR_PRODUCTION
DTST020,DTST020.fmx,OTHER,other,0,ONEX_ADMIN_COMPAT,ONEX_OTHER_WINDOW_API,10,1816,initialize|query|new|validate|save|update|delete|approve|post|reverse|print|refresh|exit,NOT_READY_FOR_PRODUCTION
ERP_ALRT_SCR,ERP_ALRT_SCR.fmx,OTHER,other,0,ONEX_ADMIN_COMPAT,ONEX_OTHER_WINDOW_API,10,200,initialize|query|new|validate|save|update|delete|approve|post|reverse|print|refresh|exit,NOT_READY_FOR_PRODUCTION
ERP_APPRVD_SCR,ERP_APPRVD_SCR.fmx,OTHER,other,0,ONEX_ADMIN_COMPAT,ONEX_OTHER_WINDOW_API,10,305,initialize|query|new|validate|save|update|delete|approve|post|reverse|print|refresh|exit,NOT_READY_FOR_PRODUCTION
ERP_Aud_Scr,ERP_Aud_Scr.fmx,OTHER,other,0,ONEX_ADMIN_COMPAT,ONEX_OTHER_WINDOW_API,10,218,initialize|query|new|validate|save|update|delete|approve|post|reverse|print|refresh|exit,NOT_READY_FOR_PRODUCTION
ERP_CODE_TRNS,ERP_CODE_TRNS.fmx,OTHER,other,0,ONEX_ADMIN_COMPAT,ONEX_OTHER_WINDOW_API,10,1099,initialize|query|new|validate|save|update|delete|approve|post|reverse|print|refresh|exit,NOT_READY_FOR_PRODUCTION
ERP_Checking,ERP_Checking.fmx,OTHER,other,0,ONEX_ADMIN_COMPAT,ONEX_OTHER_WINDOW_API,10,5009,initialize|query|new|validate|save|update|delete|approve|post|reverse|print|refresh|exit,NOT_READY_FOR_PRODUCTION
ERP_DBA,ERP_DBA.fmx,OTHER,other,0,ONEX_ADMIN_COMPAT,ONEX_OTHER_WINDOW_API,10,3263,initialize|query|new|validate|save|update|delete|approve|post|reverse|print|refresh|exit,NOT_READY_FOR_PRODUCTION
ERP_DBA_Cmp,ERP_DBA_Cmp.fmx,OTHER,other,0,ONEX_ADMIN_COMPAT,ONEX_OTHER_WINDOW_API,10,40330,initialize|query|new|validate|save|update|delete|approve|post|reverse|print|refresh|exit,NOT_READY_FOR_PRODUCTION
ERP_DBA_DFLT_DATA,ERP_DBA_DFLT_DATA.fmx,OTHER,other,0,ONEX_ADMIN_COMPAT,ONEX_OTHER_WINDOW_API,10,10955,initialize|query|new|validate|save|update|delete|approve|post|reverse|print|refresh|exit,NOT_READY_FOR_PRODUCTION
ERP_DBA_DFLT_DATA_LNG,ERP_DBA_DFLT_DATA_LNG.fmx,OTHER,other,0,ONEX_ADMIN_COMPAT,ONEX_OTHER_WINDOW_API,10,21027,initialize|query|new|validate|save|update|delete|approve|post|reverse|print|refresh|exit,NOT_READY_FOR_PRODUCTION
ERP_DBA_DFLT_DATA_LNG_TURKEY,ERP_DBA_DFLT_DATA_LNG_TURKEY.fmx,OTHER,other,0,ONEX_ADMIN_COMPAT,ONEX_OTHER_WINDOW_API,10,19493,initialize|query|new|validate|save|update|delete|approve|post|reverse|print|refresh|exit,NOT_READY_FOR_PRODUCTION
ERP_DBA_DFLT_DATA_TRK,ERP_DBA_DFLT_DATA_TRK.fmx,OTHER,other,0,ONEX_ADMIN_COMPAT,ONEX_OTHER_WINDOW_API,10,10953,initialize|query|new|validate|save|update|delete|approve|post|reverse|print|refresh|exit,NOT_READY_FOR_PRODUCTION
ERP_DBA_TRK,ERP_DBA_TRK.fmx,OTHER,other,0,ONEX_ADMIN_COMPAT,ONEX_OTHER_WINDOW_API,10,2618,initialize|query|new|validate|save|update|delete|approve|post|reverse|print|refresh|exit,NOT_READY_FOR_PRODUCTION
ERP_INACTV_SCR,ERP_INACTV_SCR.fmx,OTHER,other,0,ONEX_ADMIN_COMPAT,ONEX_OTHER_WINDOW_API,10,194,initialize|query|new|validate|save|update|delete|approve|post|reverse|print|refresh|exit,NOT_READY_FOR_PRODUCTION
ERP_Install,ERP_Install.fmx,OTHER,other,0,ONEX_ADMIN_COMPAT,ONEX_OTHER_WINDOW_API,10,742,initialize|query|new|validate|save|update|delete|approve|post|reverse|print|refresh|exit,NOT_READY_FOR_PRODUCTION
ERP_JOURNAL,ERP_JOURNAL.fmx,OTHER,other,0,ONEX_ADMIN_COMPAT,ONEX_OTHER_WINDOW_API,10,567,initialize|query|new|validate|save|update|delete|approve|post|reverse|print|refresh|exit,NOT_READY_FOR_PRODUCTION
ERP_LOGIN - Copy,ERP_LOGIN - Copy.fmx,OTHER,other,0,ONEX_ADMIN_COMPAT,ONEX_OTHER_WINDOW_API,10,2281,initialize|query|new|validate|save|update|delete|approve|post|reverse|print|refresh|exit,NOT_READY_FOR_PRODUCTION
ERP_LOGIN,ERP_LOGIN.fmx,OTHER,other,0,ONEX_ADMIN_COMPAT,ONEX_OTHER_WINDOW_API,10,2281,initialize|query|new|validate|save|update|delete|approve|post|reverse|print|refresh|exit,NOT_READY_FOR_PRODUCTION
ERP_LOGIN_TST,ERP_LOGIN_TST.fmx,OTHER,other,0,ONEX_ADMIN_COMPAT,ONEX_OTHER_WINDOW_API,10,2295,initialize|query|new|validate|save|update|delete|approve|post|reverse|print|refresh|exit,NOT_READY_FOR_PRODUCTION
ERP_REAL_TRNS,ERP_REAL_TRNS.fmx,OTHER,other,0,ONEX_ADMIN_COMPAT,ONEX_OTHER_WINDOW_API,10,990,initialize|query|new|validate|save|update|delete|approve|post|reverse|print|refresh|exit,NOT_READY_FOR_PRODUCTION
ERP_SCR,ERP_SCR.fmx,OTHER,other,0,ONEX_ADMIN_COMPAT,ONEX_OTHER_WINDOW_API,10,828,initialize|query|new|validate|save|update|delete|approve|post|reverse|print|refresh|exit,NOT_READY_FOR_PRODUCTION
ERP_Update_New_Version6,ERP_Update_New_Version6.fmx,OTHER,other,0,ONEX_ADMIN_COMPAT,ONEX_OTHER_WINDOW_API,10,66140,initialize|query|new|validate|save|update|delete|approve|post|reverse|print|refresh|exit,NOT_READY_FOR_PRODUCTION
ERP_VRFY_SCR,ERP_VRFY_SCR.fmx,OTHER,other,0,ONEX_ADMIN_COMPAT,ONEX_OTHER_WINDOW_API,10,198,initialize|query|new|validate|save|update|delete|approve|post|reverse|print|refresh|exit,NOT_READY_FOR_PRODUCTION
EXP_REPORT_TO_EXCEEL,EXP_REPORT_TO_EXCEEL.fmx,OTHER,other,0,ONEX_ADMIN_COMPAT,ONEX_OTHER_WINDOW_API,10,36,initialize|query|new|validate|save|update|approve|post|reverse|print|refresh|exit,NOT_READY_FOR_PRODUCTION
Erp_Dsh_Bord,Erp_Dsh_Bord.fmx,OTHER,other,0,ONEX_ADMIN_COMPAT,ONEX_OTHER_WINDOW_API,10,643,initialize|query|new|validate|save|update|delete|approve|post|reverse|print|refresh|exit,NOT_READY_FOR_PRODUCTION
FASDBA,FASDBA.fmx,FASDBA,GL/finance,2,ONEX_GL_COMPAT,ONEX_FASDBA_WINDOW_API,10,3437,initialize|query|new|validate|save|update|delete|approve|post|reverse|print|refresh|exit,NOT_READY_FOR_PRODUCTION
FASI001,FASI001.fmx,FASI,GL/finance,2,ONEX_GL_COMPAT,ONEX_FASI_WINDOW_API,10,996,initialize|query|new|validate|save|update|delete|approve|post|reverse|print|refresh|exit,NOT_READY_FOR_PRODUCTION
FASI002,FASI002.fmx,FASI,GL/finance,2,ONEX_GL_COMPAT,ONEX_FASI_WINDOW_API,10,1106,initialize|query|new|validate|save|update|delete|approve|post|reverse|print|refresh|exit,NOT_READY_FOR_PRODUCTION
FASI003,FASI003.fmx,FASI,GL/finance,2,ONEX_GL_COMPAT,ONEX_FASI_WINDOW_API,10,878,initialize|query|new|validate|save|update|delete|approve|post|reverse|print|refresh|exit,NOT_READY_FOR_PRODUCTION
FASI004,FASI004.fmx,FASI,GL/finance,2,ONEX_GL_COMPAT,ONEX_FASI_WINDOW_API,10,1592,initialize|query|new|validate|save|update|delete|approve|post|reverse|print|refresh|exit,NOT_READY_FOR_PRODUCTION
FASI005,FASI005.fmx,FASI,GL/finance,2,ONEX_GL_COMPAT,ONEX_FASI_WINDOW_API,10,914,initialize|query|new|validate|save|update|delete|approve|post|reverse|print|refresh|exit,NOT_READY_FOR_PRODUCTION
FASMNTDBA,FASMNTDBA.fmx,FASMNTDBA,GL/finance,2,ONEX_GL_COMPAT,ONEX_FASMNTDBA_WINDOW_API,10,3357,initialize|query|new|validate|save|update|delete|approve|post|reverse|print|refresh|exit,NOT_READY_FOR_PRODUCTION
FASR001,FASR001.fmx,FASR,GL/finance,2,ONEX_GL_COMPAT,ONEX_FASR_WINDOW_API,10,601,initialize|query|new|validate|save|update|delete|approve|post|reverse|print|refresh|exit,NOT_READY_FOR_PRODUCTION
FASR002,FASR002.fmx,FASR,GL/finance,2,ONEX_GL_COMPAT,ONEX_FASR_WINDOW_API,10,585,initialize|query|new|validate|save|update|delete|approve|post|reverse|print|refresh|exit,NOT_READY_FOR_PRODUCTION
FASR004,FASR004.fmx,FASR,GL/finance,2,ONEX_GL_COMPAT,ONEX_FASR_WINDOW_API,10,801,initialize|query|new|validate|save|update|delete|approve|post|reverse|print|refresh|exit,NOT_READY_FOR_PRODUCTION
FASR005,FASR005.fmx,FASR,GL/finance,2,ONEX_GL_COMPAT,ONEX_FASR_WINDOW_API,10,822,initialize|query|new|validate|save|update|delete|approve|post|reverse|print|refresh|exit,NOT_READY_FOR_PRODUCTION
FASR006,FASR006.fmx,FASR,GL/finance,2,ONEX_GL_COMPAT,ONEX_FASR_WINDOW_API,10,725,initialize|query|new|validate|save|update|delete|approve|post|reverse|print|refresh|exit,NOT_READY_FOR_PRODUCTION
FASR007,FASR007.fmx,FASR,GL/finance,2,ONEX_GL_COMPAT,ONEX_FASR_WINDOW_API,10,861,initialize|query|new|validate|save|update|delete|approve|post|reverse|print|refresh|exit,NOT_READY_FOR_PRODUCTION
FASR008,FASR008.fmx,FASR,GL/finance,2,ONEX_GL_COMPAT,ONEX_FASR_WINDOW_API,10,690,initialize|query|new|validate|save|update|delete|approve|post|reverse|print|refresh|exit,NOT_READY_FOR_PRODUCTION
FASR009,FASR009.fmx,FASR,GL/finance,2,ONEX_GL_COMPAT,ONEX_FASR_WINDOW_API,10,694,initialize|query|new|validate|save|update|delete|approve|post|reverse|print|refresh|exit,NOT_READY_FOR_PRODUCTION
FASR086,FASR086.fmx,FASR,GL/finance,2,ONEX_GL_COMPAT,ONEX_FASR_WINDOW_API,10,809,initialize|query|new|validate|save|update|delete|approve|post|reverse|print|refresh|exit,NOT_READY_FOR_PRODUCTION
FASR089,FASR089.fmx,FASR,GL/finance,2,ONEX_GL_COMPAT,ONEX_FASR_WINDOW_API,10,801,initialize|query|new|validate|save|update|delete|approve|post|reverse|print|refresh|exit,NOT_READY_FOR_PRODUCTION
FASR090,FASR090.fmx,FASR,GL/finance,2,ONEX_GL_COMPAT,ONEX_FASR_WINDOW_API,10,761,initialize|query|new|validate|save|update|delete|approve|post|reverse|print|refresh|exit,NOT_READY_FOR_PRODUCTION
FASR091,FASR091.fmx,FASR,GL/finance,2,ONEX_GL_COMPAT,ONEX_FASR_WINDOW_API,10,1491,initialize|query|new|validate|save|update|delete|approve|post|reverse|print|refresh|exit,NOT_READY_FOR_PRODUCTION
FASS001,FASS001.fmx,FASS,GL/finance,2,ONEX_GL_COMPAT,ONEX_FASS_WINDOW_API,10,660,initialize|query|new|validate|save|update|delete|approve|post|reverse|print|refresh|exit,NOT_READY_FOR_PRODUCTION
FASS002,FASS002.fmx,FASS,GL/finance,2,ONEX_GL_COMPAT,ONEX_FASS_WINDOW_API,10,774,initialize|query|new|validate|save|update|delete|approve|post|reverse|print|refresh|exit,NOT_READY_FOR_PRODUCTION
FASS003,FASS003.fmx,FASS,GL/finance,2,ONEX_GL_COMPAT,ONEX_FASS_WINDOW_API,10,776,initialize|query|new|validate|save|update|delete|approve|post|reverse|print|refresh|exit,NOT_READY_FOR_PRODUCTION
FASS004,FASS004.fmx,FASS,GL/finance,2,ONEX_GL_COMPAT,ONEX_FASS_WINDOW_API,10,847,initialize|query|new|validate|save|update|delete|approve|post|reverse|print|refresh|exit,NOT_READY_FOR_PRODUCTION
FASS085,FASS085.fmx,FASS,GL/finance,2,ONEX_GL_COMPAT,ONEX_FASS_WINDOW_API,10,536,initialize|query|new|validate|save|update|delete|approve|post|reverse|print|refresh|exit,NOT_READY_FOR_PRODUCTION
FASS086,FASS086.fmx,FASS,GL/finance,2,ONEX_GL_COMPAT,ONEX_FASS_WINDOW_API,10,584,initialize|query|new|validate|save|update|delete|approve|post|reverse|print|refresh|exit,NOT_READY_FOR_PRODUCTION
FAST001,FAST001.fmx,FAST,GL/finance,2,ONEX_GL_COMPAT,ONEX_FAST_WINDOW_API,10,914,initialize|query|new|validate|save|update|delete|approve|post|reverse|print|refresh|exit,NOT_READY_FOR_PRODUCTION
FAST002,FAST002.fmx,FAST,GL/finance,2,ONEX_GL_COMPAT,ONEX_FAST_WINDOW_API,10,1529,initialize|query|new|validate|save|update|delete|approve|post|reverse|print|refresh|exit,NOT_READY_FOR_PRODUCTION
FAST003,FAST003.fmx,FAST,GL/finance,2,ONEX_GL_COMPAT,ONEX_FAST_WINDOW_API,10,1463,initialize|query|new|validate|save|update|delete|approve|post|reverse|print|refresh|exit,NOT_READY_FOR_PRODUCTION
FAST004,FAST004.fmx,FAST,GL/finance,2,ONEX_GL_COMPAT,ONEX_FAST_WINDOW_API,10,1330,initialize|query|new|validate|save|update|delete|approve|post|reverse|print|refresh|exit,NOT_READY_FOR_PRODUCTION
FAST005,FAST005.fmx,FAST,GL/finance,2,ONEX_GL_COMPAT,ONEX_FAST_WINDOW_API,10,1152,initialize|query|new|validate|save|update|delete|approve|post|reverse|print|refresh|exit,NOT_READY_FOR_PRODUCTION
FAST006,FAST006.fmx,FAST,GL/finance,2,ONEX_GL_COMPAT,ONEX_FAST_WINDOW_API,10,1073,initialize|query|new|validate|save|update|delete|approve|post|reverse|print|refresh|exit,NOT_READY_FOR_PRODUCTION
FAST007,FAST007.fmx,FAST,GL/finance,2,ONEX_GL_COMPAT,ONEX_FAST_WINDOW_API,10,1071,initialize|query|new|validate|save|update|delete|approve|post|reverse|print|refresh|exit,NOT_READY_FOR_PRODUCTION
FAST008,FAST008.fmx,FAST,GL/finance,2,ONEX_GL_COMPAT,ONEX_FAST_WINDOW_API,10,1339,initialize|query|new|validate|save|update|delete|approve|post|reverse|print|refresh|exit,NOT_READY_FOR_PRODUCTION
FAST009,FAST009.fmx,FAST,GL/finance,2,ONEX_GL_COMPAT,ONEX_FAST_WINDOW_API,10,1225,initialize|query|new|validate|save|update|delete|approve|post|reverse|print|refresh|exit,NOT_READY_FOR_PRODUCTION
FAST010,FAST010.fmx,FAST,GL/finance,2,ONEX_GL_COMPAT,ONEX_FAST_WINDOW_API,10,1083,initialize|query|new|validate|save|update|delete|approve|post|reverse|print|refresh|exit,NOT_READY_FOR_PRODUCTION
FAST012,FAST012.fmx,FAST,GL/finance,2,ONEX_GL_COMPAT,ONEX_FAST_WINDOW_API,10,1173,initialize|query|new|validate|save|update|delete|approve|post|reverse|print|refresh|exit,NOT_READY_FOR_PRODUCTION
FAST086,FAST086.fmx,FAST,GL/finance,2,ONEX_GL_COMPAT,ONEX_FAST_WINDOW_API,10,1212,initialize|query|new|validate|save|update|delete|approve|post|reverse|print|refresh|exit,NOT_READY_FOR_PRODUCTION
FAST087,FAST087.fmx,FAST,GL/finance,2,ONEX_GL_COMPAT,ONEX_FAST_WINDOW_API,10,1503,initialize|query|new|validate|save|update|delete|approve|post|reverse|print|refresh|exit,NOT_READY_FOR_PRODUCTION
FAST088,FAST088.fmx,FAST,GL/finance,2,ONEX_GL_COMPAT,ONEX_FAST_WINDOW_API,10,1463,initialize|query|new|validate|save|update|delete|approve|post|reverse|print|refresh|exit,NOT_READY_FOR_PRODUCTION
FAST088t,FAST088t.fmx,FAST,GL/finance,2,ONEX_GL_COMPAT,ONEX_FAST_WINDOW_API,10,1486,initialize|query|new|validate|save|update|delete|approve|post|reverse|print|refresh|exit,NOT_READY_FOR_PRODUCTION
FAST088tt,FAST088tt.fmx,FAST,GL/finance,2,ONEX_GL_COMPAT,ONEX_FAST_WINDOW_API,10,1485,initialize|query|new|validate|save|update|delete|approve|post|reverse|print|refresh|exit,NOT_READY_FOR_PRODUCTION
FAST089,FAST089.fmx,FAST,GL/finance,2,ONEX_GL_COMPAT,ONEX_FAST_WINDOW_API,10,3535,initialize|query|new|validate|save|update|delete|approve|post|reverse|print|refresh|exit,NOT_READY_FOR_PRODUCTION
FAST091,FAST091.fmx,FAST,GL/finance,2,ONEX_GL_COMPAT,ONEX_FAST_WINDOW_API,10,1443,initialize|query|new|validate|save|update|delete|approve|post|reverse|print|refresh|exit,NOT_READY_FOR_PRODUCTION
FAST092,FAST092.fmx,FAST,GL/finance,2,ONEX_GL_COMPAT,ONEX_FAST_WINDOW_API,10,1491,initialize|query|new|validate|save|update|delete|approve|post|reverse|print|refresh|exit,NOT_READY_FOR_PRODUCTION
FAST093,FAST093.fmx,FAST,GL/finance,2,ONEX_GL_COMPAT,ONEX_FAST_WINDOW_API,10,1508,initialize|query|new|validate|save|update|delete|approve|post|reverse|print|refresh|exit,NOT_READY_FOR_PRODUCTION
FASUPGRADE,FASUPGRADE.fmx,FASUPGRADE,GL/finance,2,ONEX_GL_COMPAT,ONEX_FASUPGRADE_WINDOW_API,10,299,initialize|query|new|validate|save|update|delete|post|print|refresh|exit,NOT_READY_FOR_PRODUCTION
FAS_AS_TRNS,FAS_AS_TRNS.fmx,FAS,GL/finance,2,ONEX_GL_COMPAT,ONEX_FAS_WINDOW_API,10,535,initialize|query|new|validate|save|update|delete|approve|post|reverse|print|refresh|exit,NOT_READY_FOR_PRODUCTION
FAS_BARCODE,FAS_BARCODE.fmx,FAS,GL/finance,2,ONEX_GL_COMPAT,ONEX_FAS_WINDOW_API,10,897,initialize|query|new|validate|save|update|delete|approve|post|reverse|print|refresh|exit,NOT_READY_FOR_PRODUCTION
FAS_BARCODE_TMP,FAS_BARCODE_TMP.fmx,FAS,GL/finance,2,ONEX_GL_COMPAT,ONEX_FAS_WINDOW_API,10,875,initialize|query|new|validate|save|update|delete|approve|post|reverse|print|refresh|exit,NOT_READY_FOR_PRODUCTION
FAS_IMP_XLS_ASSETS,FAS_IMP_XLS_ASSETS.fmx,FAS,GL/finance,2,ONEX_GL_COMPAT,ONEX_FAS_WINDOW_API,10,862,initialize|query|new|validate|save|update|delete|approve|post|reverse|print|refresh|exit,NOT_READY_FOR_PRODUCTION
FAS_IMP_XLS_GRP,FAS_IMP_XLS_GRP.fmx,FAS,GL/finance,2,ONEX_GL_COMPAT,ONEX_FAS_WINDOW_API,10,665,initialize|query|new|validate|save|update|delete|approve|post|reverse|print|refresh|exit,NOT_READY_FOR_PRODUCTION
FAS_IMP_XLS_LOC,FAS_IMP_XLS_LOC.fmx,FAS,GL/finance,2,ONEX_GL_COMPAT,ONEX_FAS_WINDOW_API,10,666,initialize|query|new|validate|save|update|delete|approve|post|reverse|print|refresh|exit,NOT_READY_FOR_PRODUCTION
FMSI001,FMSI001.fmx,OTHER,other,0,ONEX_ADMIN_COMPAT,ONEX_OTHER_WINDOW_API,10,532,initialize|query|new|validate|save|update|delete|approve|post|reverse|print|refresh|exit,NOT_READY_FOR_PRODUCTION
FMSI002,FMSI002.fmx,OTHER,other,0,ONEX_ADMIN_COMPAT,ONEX_OTHER_WINDOW_API,10,782,initialize|query|new|validate|save|update|delete|approve|post|reverse|print|refresh|exit,NOT_READY_FOR_PRODUCTION
FMSI004,FMSI004.fmx,OTHER,other,0,ONEX_ADMIN_COMPAT,ONEX_OTHER_WINDOW_API,10,630,initialize|query|new|validate|save|update|delete|approve|post|reverse|print|refresh|exit,NOT_READY_FOR_PRODUCTION
FMSI005,FMSI005.fmx,OTHER,other,0,ONEX_ADMIN_COMPAT,ONEX_OTHER_WINDOW_API,10,619,initialize|query|new|validate|save|update|delete|approve|post|reverse|print|refresh|exit,NOT_READY_FOR_PRODUCTION
FMSR001,FMSR001.fmx,OTHER,other,0,ONEX_ADMIN_COMPAT,ONEX_OTHER_WINDOW_API,10,662,initialize|query|new|validate|save|update|delete|approve|post|reverse|print|refresh|exit,NOT_READY_FOR_PRODUCTION
FMSR002,FMSR002.fmx,OTHER,other,0,ONEX_ADMIN_COMPAT,ONEX_OTHER_WINDOW_API,10,615,initialize|query|new|validate|save|update|delete|approve|post|reverse|print|refresh|exit,NOT_READY_FOR_PRODUCTION
FMSR004,FMSR004.fmx,OTHER,other,0,ONEX_ADMIN_COMPAT,ONEX_OTHER_WINDOW_API,10,622,initialize|query|new|validate|save|update|delete|approve|post|reverse|print|refresh|exit,NOT_READY_FOR_PRODUCTION
FMSR005,FMSR005.fmx,OTHER,other,0,ONEX_ADMIN_COMPAT,ONEX_OTHER_WINDOW_API,10,666,initialize|query|new|validate|save|update|delete|approve|post|reverse|print|refresh|exit,NOT_READY_FOR_PRODUCTION
FMSR006,FMSR006.fmx,OTHER,other,0,ONEX_ADMIN_COMPAT,ONEX_OTHER_WINDOW_API,10,617,initialize|query|new|validate|save|update|delete|approve|post|reverse|print|refresh|exit,NOT_READY_FOR_PRODUCTION
FMSS001,FMSS001.fmx,OTHER,other,0,ONEX_ADMIN_COMPAT,ONEX_OTHER_WINDOW_API,10,531,initialize|query|new|validate|save|update|delete|approve|post|reverse|print|refresh|exit,NOT_READY_FOR_PRODUCTION
FMSS002,FMSS002.fmx,OTHER,other,0,ONEX_ADMIN_COMPAT,ONEX_OTHER_WINDOW_API,10,576,initialize|query|new|validate|save|update|delete|approve|post|reverse|print|refresh|exit,NOT_READY_FOR_PRODUCTION
FMSS003,FMSS003.fmx,OTHER,other,0,ONEX_ADMIN_COMPAT,ONEX_OTHER_WINDOW_API,10,535,initialize|query|new|validate|save|update|delete|approve|post|reverse|print|refresh|exit,NOT_READY_FOR_PRODUCTION
FMSS004,FMSS004.fmx,OTHER,other,0,ONEX_ADMIN_COMPAT,ONEX_OTHER_WINDOW_API,10,531,initialize|query|new|validate|save|update|delete|approve|post|reverse|print|refresh|exit,NOT_READY_FOR_PRODUCTION
FMSS005,FMSS005.fmx,OTHER,other,0,ONEX_ADMIN_COMPAT,ONEX_OTHER_WINDOW_API,10,535,initialize|query|new|validate|save|update|delete|approve|post|reverse|print|refresh|exit,NOT_READY_FOR_PRODUCTION
FMST001,FMST001.fmx,OTHER,other,0,ONEX_ADMIN_COMPAT,ONEX_OTHER_WINDOW_API,10,653,initialize|query|new|validate|save|update|delete|approve|post|reverse|print|refresh|exit,NOT_READY_FOR_PRODUCTION
FMST002,FMST002.fmx,OTHER,other,0,ONEX_ADMIN_COMPAT,ONEX_OTHER_WINDOW_API,10,979,initialize|query|new|validate|save|update|delete|approve|post|reverse|print|refresh|exit,NOT_READY_FOR_PRODUCTION
FMST003,FMST003.fmx,OTHER,other,0,ONEX_ADMIN_COMPAT,ONEX_OTHER_WINDOW_API,10,650,initialize|query|new|validate|save|update|delete|approve|post|reverse|print|refresh|exit,NOT_READY_FOR_PRODUCTION
FNGI005,FNGI005.fmx,FNGI,GL/finance,2,ONEX_GL_COMPAT,ONEX_FNGI_WINDOW_API,10,1392,initialize|query|new|validate|save|update|delete|approve|post|reverse|print|refresh|exit,NOT_READY_FOR_PRODUCTION
FNGI007,FNGI007.fmx,FNGI,GL/finance,2,ONEX_GL_COMPAT,ONEX_FNGI_WINDOW_API,10,1470,initialize|query|new|validate|save|update|delete|approve|post|reverse|print|refresh|exit,NOT_READY_FOR_PRODUCTION
FNGI008,FNGI008.fmx,FNGI,GL/finance,2,ONEX_GL_COMPAT,ONEX_FNGI_WINDOW_API,10,2593,initialize|query|new|validate|save|update|delete|approve|post|reverse|print|refresh|exit,NOT_READY_FOR_PRODUCTION
FNGI008_,FNGI008_.fmx,FNGI,GL/finance,2,ONEX_GL_COMPAT,ONEX_FNGI_WINDOW_API,10,2193,initialize|query|new|validate|save|update|delete|approve|post|reverse|print|refresh|exit,NOT_READY_FOR_PRODUCTION
FNGI008__,FNGI008__.fmx,FNGI,GL/finance,2,ONEX_GL_COMPAT,ONEX_FNGI_WINDOW_API,10,1612,initialize|query|new|validate|save|update|delete|approve|post|reverse|print|refresh|exit,NOT_READY_FOR_PRODUCTION
FNGI009,FNGI009.fmx,FNGI,GL/finance,2,ONEX_GL_COMPAT,ONEX_FNGI_WINDOW_API,10,991,initialize|query|new|validate|save|update|delete|approve|post|reverse|print|refresh|exit,NOT_READY_FOR_PRODUCTION
FNGI010,FNGI010.fmx,FNGI,GL/finance,2,ONEX_GL_COMPAT,ONEX_FNGI_WINDOW_API,10,1297,initialize|query|new|validate|save|update|delete|approve|post|reverse|print|refresh|exit,NOT_READY_FOR_PRODUCTION
FNGR001,FNGR001.fmx,FNGR,GL/finance,2,ONEX_GL_COMPAT,ONEX_FNGR_WINDOW_API,10,384,initialize|query|new|validate|save|update|delete|approve|post|reverse|print|refresh|exit,NOT_READY_FOR_PRODUCTION
FNGR001__,FNGR001__.fmx,FNGR,GL/finance,2,ONEX_GL_COMPAT,ONEX_FNGR_WINDOW_API,10,384,initialize|query|new|validate|save|update|delete|approve|post|reverse|print|refresh|exit,NOT_READY_FOR_PRODUCTION
FNGR002,FNGR002.fmx,FNGR,GL/finance,2,ONEX_GL_COMPAT,ONEX_FNGR_WINDOW_API,10,466,initialize|query|new|validate|save|update|delete|approve|post|reverse|print|refresh|exit,NOT_READY_FOR_PRODUCTION
FNGR007,FNGR007.fmx,FNGR,GL/finance,2,ONEX_GL_COMPAT,ONEX_FNGR_WINDOW_API,10,456,initialize|query|new|validate|save|update|delete|approve|post|reverse|print|refresh|exit,NOT_READY_FOR_PRODUCTION
FNGR010,FNGR010.fmx,FNGR,GL/finance,2,ONEX_GL_COMPAT,ONEX_FNGR_WINDOW_API,10,497,initialize|query|new|validate|save|update|delete|approve|post|reverse|print|refresh|exit,NOT_READY_FOR_PRODUCTION
FNGR011,FNGR011.fmx,FNGR,GL/finance,2,ONEX_GL_COMPAT,ONEX_FNGR_WINDOW_API,10,445,initialize|query|new|validate|save|update|delete|approve|post|reverse|print|refresh|exit,NOT_READY_FOR_PRODUCTION
FNGR012,FNGR012.fmx,FNGR,GL/finance,2,ONEX_GL_COMPAT,ONEX_FNGR_WINDOW_API,10,479,initialize|query|new|validate|save|update|delete|approve|post|reverse|print|refresh|exit,NOT_READY_FOR_PRODUCTION
FNGR030,FNGR030.fmx,FNGR,GL/finance,2,ONEX_GL_COMPAT,ONEX_FNGR_WINDOW_API,10,1218,initialize|query|new|validate|save|update|delete|approve|post|reverse|print|refresh|exit,NOT_READY_FOR_PRODUCTION
FNGR031,FNGR031.fmx,FNGR,GL/finance,2,ONEX_GL_COMPAT,ONEX_FNGR_WINDOW_API,10,434,initialize|query|new|validate|save|update|delete|approve|post|reverse|print|refresh|exit,NOT_READY_FOR_PRODUCTION
FNGS001,FNGS001.fmx,FNGS,GL/finance,2,ONEX_GL_COMPAT,ONEX_FNGS_WINDOW_API,10,596,initialize|query|new|validate|save|update|delete|approve|post|reverse|print|refresh|exit,NOT_READY_FOR_PRODUCTION
FNGS003,FNGS003.fmx,FNGS,GL/finance,2,ONEX_GL_COMPAT,ONEX_FNGS_WINDOW_API,10,993,initialize|query|new|validate|save|update|delete|approve|post|reverse|print|refresh|exit,NOT_READY_FOR_PRODUCTION
FNGS006,FNGS006.fmx,FNGS,GL/finance,2,ONEX_GL_COMPAT,ONEX_FNGS_WINDOW_API,10,880,initialize|query|new|validate|save|update|delete|approve|post|reverse|print|refresh|exit,NOT_READY_FOR_PRODUCTION
FNGS007,FNGS007.fmx,FNGS,GL/finance,2,ONEX_GL_COMPAT,ONEX_FNGS_WINDOW_API,10,1147,initialize|query|new|validate|save|update|delete|approve|post|reverse|print|refresh|exit,NOT_READY_FOR_PRODUCTION
FNGT005,FNGT005.fmx,FNGT,GL/finance,2,ONEX_GL_COMPAT,ONEX_FNGT_WINDOW_API,10,1220,initialize|query|new|validate|save|update|delete|approve|post|reverse|print|refresh|exit,NOT_READY_FOR_PRODUCTION
FNGT006,FNGT006.fmx,FNGT,GL/finance,2,ONEX_GL_COMPAT,ONEX_FNGT_WINDOW_API,10,1246,initialize|query|new|validate|save|update|delete|approve|post|reverse|print|refresh|exit,NOT_READY_FOR_PRODUCTION
FNGT007,FNGT007.fmx,FNGT,GL/finance,2,ONEX_GL_COMPAT,ONEX_FNGT_WINDOW_API,10,1306,initialize|query|new|validate|save|update|delete|approve|post|reverse|print|refresh|exit,NOT_READY_FOR_PRODUCTION
FNGT020,FNGT020.fmx,FNGT,GL/finance,2,ONEX_GL_COMPAT,ONEX_FNGT_WINDOW_API,10,1347,initialize|query|new|validate|save|update|delete|approve|post|reverse|print|refresh|exit,NOT_READY_FOR_PRODUCTION
FNGT021,FNGT021.fmx,FNGT,GL/finance,2,ONEX_GL_COMPAT,ONEX_FNGT_WINDOW_API,10,939,initialize|query|new|validate|save|update|delete|approve|post|reverse|print|refresh|exit,NOT_READY_FOR_PRODUCTION
GENIMPXLS_AC,GENIMPXLS_AC.fmx,OTHER,other,0,ONEX_ADMIN_COMPAT,ONEX_OTHER_WINDOW_API,10,691,initialize|query|new|validate|save|update|delete|approve|post|reverse|print|refresh|exit,NOT_READY_FOR_PRODUCTION
GENIMPXLS_ACTV,GENIMPXLS_ACTV.fmx,OTHER,other,0,ONEX_ADMIN_COMPAT,ONEX_OTHER_WINDOW_API,10,575,initialize|query|new|validate|save|update|delete|approve|post|reverse|print|refresh|exit,NOT_READY_FOR_PRODUCTION
GENIMPXLS_ACTV_PJ,GENIMPXLS_ACTV_PJ.fmx,OTHER,other,0,ONEX_ADMIN_COMPAT,ONEX_OTHER_WINDOW_API,10,582,initialize|query|new|validate|save|update|delete|approve|post|reverse|print|refresh|exit,NOT_READY_FOR_PRODUCTION
GENIMPXLS_CC,GENIMPXLS_CC.fmx,OTHER,other,0,ONEX_ADMIN_COMPAT,ONEX_OTHER_WINDOW_API,10,591,initialize|query|new|validate|save|update|delete|approve|post|reverse|print|refresh|exit,NOT_READY_FOR_PRODUCTION
GENIMPXLS_PJ,GENIMPXLS_PJ.fmx,OTHER,other,0,ONEX_ADMIN_COMPAT,ONEX_OTHER_WINDOW_API,10,577,initialize|query|new|validate|save|update|delete|approve|post|reverse|print|refresh|exit,NOT_READY_FOR_PRODUCTION
GENS001,GENS001.fmx,OTHER,other,0,ONEX_ADMIN_COMPAT,ONEX_OTHER_WINDOW_API,10,1084,initialize|query|new|validate|save|update|delete|approve|post|reverse|print|refresh|exit,NOT_READY_FOR_PRODUCTION
GENS002,GENS002.fmx,OTHER,other,0,ONEX_ADMIN_COMPAT,ONEX_OTHER_WINDOW_API,10,567,initialize|query|new|validate|save|update|delete|approve|post|reverse|print|refresh|exit,NOT_READY_FOR_PRODUCTION
GENS003,GENS003.fmx,OTHER,other,0,ONEX_ADMIN_COMPAT,ONEX_OTHER_WINDOW_API,10,669,initialize|query|new|validate|save|update|delete|approve|post|reverse|print|refresh|exit,NOT_READY_FOR_PRODUCTION
GENS004,GENS004.fmx,OTHER,other,0,ONEX_ADMIN_COMPAT,ONEX_OTHER_WINDOW_API,10,710,initialize|query|new|validate|save|update|delete|approve|post|reverse|print|refresh|exit,NOT_READY_FOR_PRODUCTION
GENS005,GENS005.fmx,OTHER,other,0,ONEX_ADMIN_COMPAT,ONEX_OTHER_WINDOW_API,10,619,initialize|query|new|validate|save|update|delete|approve|post|reverse|print|refresh|exit,NOT_READY_FOR_PRODUCTION
GENS006,GENS006.fmx,OTHER,other,0,ONEX_ADMIN_COMPAT,ONEX_OTHER_WINDOW_API,10,581,initialize|query|new|validate|save|update|delete|approve|post|reverse|print|refresh|exit,NOT_READY_FOR_PRODUCTION
GENS007,GENS007.fmx,OTHER,other,0,ONEX_ADMIN_COMPAT,ONEX_OTHER_WINDOW_API,10,608,initialize|query|new|validate|save|update|delete|approve|post|reverse|print|refresh|exit,NOT_READY_FOR_PRODUCTION
GENS008,GENS008.fmx,OTHER,other,0,ONEX_ADMIN_COMPAT,ONEX_OTHER_WINDOW_API,10,598,initialize|query|new|validate|save|update|delete|approve|post|reverse|print|refresh|exit,NOT_READY_FOR_PRODUCTION
GENS009,GENS009.fmx,OTHER,other,0,ONEX_ADMIN_COMPAT,ONEX_OTHER_WINDOW_API,10,811,initialize|query|new|validate|save|update|delete|approve|post|reverse|print|refresh|exit,NOT_READY_FOR_PRODUCTION
GENS010,GENS010.fmx,OTHER,other,0,ONEX_ADMIN_COMPAT,ONEX_OTHER_WINDOW_API,10,579,initialize|query|new|validate|save|update|delete|approve|post|reverse|print|refresh|exit,NOT_READY_FOR_PRODUCTION
GENS011,GENS011.fmx,OTHER,other,0,ONEX_ADMIN_COMPAT,ONEX_OTHER_WINDOW_API,10,925,initialize|query|new|validate|save|update|delete|approve|post|reverse|print|refresh|exit,NOT_READY_FOR_PRODUCTION
GENS012,GENS012.fmx,OTHER,other,0,ONEX_ADMIN_COMPAT,ONEX_OTHER_WINDOW_API,10,2656,initialize|query|new|validate|save|update|delete|approve|post|reverse|print|refresh|exit,NOT_READY_FOR_PRODUCTION
GENS012_11-10-2016,GENS012_11-10-2016.fmx,OTHER,other,0,ONEX_ADMIN_COMPAT,ONEX_OTHER_WINDOW_API,10,2598,initialize|query|new|validate|save|update|delete|approve|post|reverse|print|refresh|exit,NOT_READY_FOR_PRODUCTION
GENS013,GENS013.fmx,OTHER,other,0,ONEX_ADMIN_COMPAT,ONEX_OTHER_WINDOW_API,10,587,initialize|query|new|validate|save|update|delete|approve|post|reverse|print|refresh|exit,NOT_READY_FOR_PRODUCTION
GENS014,GENS014.fmx,OTHER,other,0,ONEX_ADMIN_COMPAT,ONEX_OTHER_WINDOW_API,10,603,initialize|query|new|validate|save|update|delete|approve|post|reverse|print|refresh|exit,NOT_READY_FOR_PRODUCTION
GENS015,GENS015.fmx,OTHER,other,0,ONEX_ADMIN_COMPAT,ONEX_OTHER_WINDOW_API,10,556,initialize|query|new|validate|save|update|delete|approve|post|reverse|print|refresh|exit,NOT_READY_FOR_PRODUCTION
GENS016,GENS016.fmx,OTHER,other,0,ONEX_ADMIN_COMPAT,ONEX_OTHER_WINDOW_API,10,892,initialize|query|new|validate|save|update|delete|approve|post|reverse|print|refresh|exit,NOT_READY_FOR_PRODUCTION
GENS017,GENS017.fmx,OTHER,other,0,ONEX_ADMIN_COMPAT,ONEX_OTHER_WINDOW_API,10,979,initialize|query|new|validate|save|update|delete|approve|post|reverse|print|refresh|exit,NOT_READY_FOR_PRODUCTION
GENS018,GENS018.fmx,OTHER,other,0,ONEX_ADMIN_COMPAT,ONEX_OTHER_WINDOW_API,10,537,initialize|query|new|validate|save|update|delete|approve|post|reverse|print|refresh|exit,NOT_READY_FOR_PRODUCTION
GENS019,GENS019.fmx,OTHER,other,0,ONEX_ADMIN_COMPAT,ONEX_OTHER_WINDOW_API,10,928,initialize|query|new|validate|save|update|delete|approve|post|reverse|print|refresh|exit,NOT_READY_FOR_PRODUCTION
GENS020,GENS020.fmx,OTHER,other,0,ONEX_ADMIN_COMPAT,ONEX_OTHER_WINDOW_API,10,586,initialize|query|new|validate|save|update|delete|approve|post|reverse|print|refresh|exit,NOT_READY_FOR_PRODUCTION
GLSI001,GLSI001.fmx,GLSI,GL/finance,2,ONEX_GL_COMPAT,ONEX_GLSI_WINDOW_API,10,1859,initialize|query|new|validate|save|update|delete|approve|post|reverse|print|refresh|exit,NOT_READY_FOR_PRODUCTION
GLSI002,GLSI002.fmx,GLSI,GL/finance,2,ONEX_GL_COMPAT,ONEX_GLSI_WINDOW_API,10,697,initialize|query|new|validate|save|update|delete|approve|post|reverse|print|refresh|exit,NOT_READY_FOR_PRODUCTION
GLSI003,GLSI003.fmx,GLSI,GL/finance,2,ONEX_GL_COMPAT,ONEX_GLSI_WINDOW_API,10,986,initialize|query|new|validate|save|update|delete|approve|post|reverse|print|refresh|exit,NOT_READY_FOR_PRODUCTION
GLSI004,GLSI004.fmx,GLSI,GL/finance,2,ONEX_GL_COMPAT,ONEX_GLSI_WINDOW_API,10,921,initialize|query|new|validate|save|update|delete|approve|post|reverse|print|refresh|exit,NOT_READY_FOR_PRODUCTION
GLSI005,GLSI005.fmx,GLSI,GL/finance,2,ONEX_GL_COMPAT,ONEX_GLSI_WINDOW_API,10,1050,initialize|query|new|validate|save|update|delete|approve|post|reverse|print|refresh|exit,NOT_READY_FOR_PRODUCTION
GLSI007,GLSI007.fmx,GLSI,GL/finance,2,ONEX_GL_COMPAT,ONEX_GLSI_WINDOW_API,10,662,initialize|query|new|validate|save|update|delete|approve|post|reverse|print|refresh|exit,NOT_READY_FOR_PRODUCTION
GLSI008,GLSI008.fmx,GLSI,GL/finance,2,ONEX_GL_COMPAT,ONEX_GLSI_WINDOW_API,10,653,initialize|query|new|validate|save|update|delete|approve|post|reverse|print|refresh|exit,NOT_READY_FOR_PRODUCTION
GLSI009,GLSI009.fmx,GLSI,GL/finance,2,ONEX_GL_COMPAT,ONEX_GLSI_WINDOW_API,10,676,initialize|query|new|validate|save|update|delete|approve|post|reverse|print|refresh|exit,NOT_READY_FOR_PRODUCTION
GLSI010,GLSI010.fmx,GLSI,GL/finance,2,ONEX_GL_COMPAT,ONEX_GLSI_WINDOW_API,10,1403,initialize|query|new|validate|save|update|delete|approve|post|reverse|print|refresh|exit,NOT_READY_FOR_PRODUCTION
GLSI011,GLSI011.fmx,GLSI,GL/finance,2,ONEX_GL_COMPAT,ONEX_GLSI_WINDOW_API,10,1939,initialize|query|new|validate|save|update|delete|approve|post|reverse|print|refresh|exit,NOT_READY_FOR_PRODUCTION
GLSI012,GLSI012.fmx,GLSI,GL/finance,2,ONEX_GL_COMPAT,ONEX_GLSI_WINDOW_API,10,954,initialize|query|new|validate|save|update|delete|approve|post|reverse|print|refresh|exit,NOT_READY_FOR_PRODUCTION
GLSI013,GLSI013.fmx,GLSI,GL/finance,2,ONEX_GL_COMPAT,ONEX_GLSI_WINDOW_API,10,1344,initialize|query|new|validate|save|update|delete|approve|post|reverse|print|refresh|exit,NOT_READY_FOR_PRODUCTION
GLSI0131,GLSI0131.fmx,GLSI,GL/finance,2,ONEX_GL_COMPAT,ONEX_GLSI_WINDOW_API,10,945,initialize|query|new|validate|save|update|delete|approve|post|reverse|print|refresh|exit,NOT_READY_FOR_PRODUCTION
GLSI014,GLSI014.fmx,GLSI,GL/finance,2,ONEX_GL_COMPAT,ONEX_GLSI_WINDOW_API,10,1537,initialize|query|new|validate|save|update|delete|approve|post|reverse|print|refresh|exit,NOT_READY_FOR_PRODUCTION
GLSI014_NEW,GLSI014_NEW.fmx,GLSI,GL/finance,2,ONEX_GL_COMPAT,ONEX_GLSI_WINDOW_API,10,1489,initialize|query|new|validate|save|update|delete|approve|post|reverse|print|refresh|exit,NOT_READY_FOR_PRODUCTION
GLSI016,GLSI016.fmx,GLSI,GL/finance,2,ONEX_GL_COMPAT,ONEX_GLSI_WINDOW_API,10,1159,initialize|query|new|validate|save|update|delete|approve|post|reverse|print|refresh|exit,NOT_READY_FOR_PRODUCTION
GLSI017,GLSI017.fmx,GLSI,GL/finance,2,ONEX_GL_COMPAT,ONEX_GLSI_WINDOW_API,10,776,initialize|query|new|validate|save|update|delete|approve|post|reverse|print|refresh|exit,NOT_READY_FOR_PRODUCTION
GLSR001,GLSR001.fmx,GLSR,GL/finance,2,ONEX_GL_COMPAT,ONEX_GLSR_WINDOW_API,10,569,initialize|query|new|validate|save|update|delete|approve|post|reverse|print|refresh|exit,NOT_READY_FOR_PRODUCTION
GLSR002,GLSR002.fmx,GLSR,GL/finance,2,ONEX_GL_COMPAT,ONEX_GLSR_WINDOW_API,10,405,initialize|query|new|validate|save|update|delete|approve|post|reverse|print|refresh|exit,NOT_READY_FOR_PRODUCTION
GLSR003,GLSR003.fmx,GLSR,GL/finance,2,ONEX_GL_COMPAT,ONEX_GLSR_WINDOW_API,10,613,initialize|query|new|validate|save|update|delete|approve|post|reverse|print|refresh|exit,NOT_READY_FOR_PRODUCTION
GLSR00333,GLSR00333.fmx,GLSR,GL/finance,2,ONEX_GL_COMPAT,ONEX_GLSR_WINDOW_API,10,530,initialize|query|new|validate|save|update|delete|approve|post|reverse|print|refresh|exit,NOT_READY_FOR_PRODUCTION
GLSR004,GLSR004.fmx,GLSR,GL/finance,2,ONEX_GL_COMPAT,ONEX_GLSR_WINDOW_API,10,771,initialize|query|new|validate|save|update|delete|approve|post|reverse|print|refresh|exit,NOT_READY_FOR_PRODUCTION
GLSR005,GLSR005.fmx,GLSR,GL/finance,2,ONEX_GL_COMPAT,ONEX_GLSR_WINDOW_API,10,933,initialize|query|new|validate|save|update|delete|approve|post|reverse|print|refresh|exit,NOT_READY_FOR_PRODUCTION
GLSR006,GLSR006.fmx,GLSR,GL/finance,2,ONEX_GL_COMPAT,ONEX_GLSR_WINDOW_API,10,836,initialize|query|new|validate|save|update|delete|approve|post|reverse|print|refresh|exit,NOT_READY_FOR_PRODUCTION
GLSR007,GLSR007.fmx,GLSR,GL/finance,2,ONEX_GL_COMPAT,ONEX_GLSR_WINDOW_API,10,953,initialize|query|new|validate|save|update|delete|approve|post|reverse|print|refresh|exit,NOT_READY_FOR_PRODUCTION
GLSR008,GLSR008.fmx,GLSR,GL/finance,2,ONEX_GL_COMPAT,ONEX_GLSR_WINDOW_API,10,604,initialize|query|new|validate|save|update|delete|approve|post|reverse|print|refresh|exit,NOT_READY_FOR_PRODUCTION
GLSR009,GLSR009.fmx,GLSR,GL/finance,2,ONEX_GL_COMPAT,ONEX_GLSR_WINDOW_API,10,414,initialize|query|new|validate|save|update|delete|approve|post|reverse|print|refresh|exit,NOT_READY_FOR_PRODUCTION
GLSR010,GLSR010.fmx,GLSR,GL/finance,2,ONEX_GL_COMPAT,ONEX_GLSR_WINDOW_API,10,611,initialize|query|new|validate|save|update|delete|approve|post|reverse|print|refresh|exit,NOT_READY_FOR_PRODUCTION
GLSR011,GLSR011.fmx,GLSR,GL/finance,2,ONEX_GL_COMPAT,ONEX_GLSR_WINDOW_API,10,421,initialize|query|new|validate|save|update|delete|approve|post|reverse|print|refresh|exit,NOT_READY_FOR_PRODUCTION
GLSR012,GLSR012.fmx,GLSR,GL/finance,2,ONEX_GL_COMPAT,ONEX_GLSR_WINDOW_API,10,3141,initialize|query|new|validate|save|update|delete|approve|post|reverse|print|refresh|exit,NOT_READY_FOR_PRODUCTION
GLSR012_Under_test,GLSR012_Under_test.fmx,GLSR,GL/finance,2,ONEX_GL_COMPAT,ONEX_GLSR_WINDOW_API,10,3124,initialize|query|new|validate|save|update|delete|approve|post|reverse|print|refresh|exit,NOT_READY_FOR_PRODUCTION
GLSR012_adb,GLSR012_adb.fmx,GLSR,GL/finance,2,ONEX_GL_COMPAT,ONEX_GLSR_WINDOW_API,10,3114,initialize|query|new|validate|save|update|delete|approve|post|reverse|print|refresh|exit,NOT_READY_FOR_PRODUCTION
GLSR012new,GLSR012new.fmx,GLSR,GL/finance,2,ONEX_GL_COMPAT,ONEX_GLSR_WINDOW_API,10,3088,initialize|query|new|validate|save|update|delete|approve|post|reverse|print|refresh|exit,NOT_READY_FOR_PRODUCTION
GLSR013,GLSR013.fmx,GLSR,GL/finance,2,ONEX_GL_COMPAT,ONEX_GLSR_WINDOW_API,10,995,initialize|query|new|validate|save|update|delete|approve|post|reverse|print|refresh|exit,NOT_READY_FOR_PRODUCTION
GLSR016,GLSR016.fmx,GLSR,GL/finance,2,ONEX_GL_COMPAT,ONEX_GLSR_WINDOW_API,10,898,initialize|query|new|validate|save|update|delete|approve|post|reverse|print|refresh|exit,NOT_READY_FOR_PRODUCTION
GLSR018,GLSR018.fmx,GLSR,GL/finance,2,ONEX_GL_COMPAT,ONEX_GLSR_WINDOW_API,10,508,initialize|query|new|validate|save|update|delete|approve|post|reverse|print|refresh|exit,NOT_READY_FOR_PRODUCTION
GLSR023,GLSR023.fmx,GLSR,GL/finance,2,ONEX_GL_COMPAT,ONEX_GLSR_WINDOW_API,10,823,initialize|query|new|validate|save|update|delete|approve|post|reverse|print|refresh|exit,NOT_READY_FOR_PRODUCTION
GLSR024,GLSR024.fmx,GLSR,GL/finance,2,ONEX_GL_COMPAT,ONEX_GLSR_WINDOW_API,10,378,initialize|query|new|validate|save|update|delete|approve|post|reverse|print|refresh|exit,NOT_READY_FOR_PRODUCTION
GLSR028,GLSR028.fmx,GLSR,GL/finance,2,ONEX_GL_COMPAT,ONEX_GLSR_WINDOW_API,10,379,initialize|query|new|validate|save|update|delete|approve|post|reverse|print|refresh|exit,NOT_READY_FOR_PRODUCTION
GLSR029,GLSR029.fmx,GLSR,GL/finance,2,ONEX_GL_COMPAT,ONEX_GLSR_WINDOW_API,10,462,initialize|query|new|validate|save|update|delete|approve|post|reverse|print|refresh|exit,NOT_READY_FOR_PRODUCTION
GLSR030,GLSR030.fmx,GLSR,GL/finance,2,ONEX_GL_COMPAT,ONEX_GLSR_WINDOW_API,10,393,initialize|query|new|validate|save|update|delete|approve|post|reverse|print|refresh|exit,NOT_READY_FOR_PRODUCTION
GLSR033,GLSR033.fmx,GLSR,GL/finance,2,ONEX_GL_COMPAT,ONEX_GLSR_WINDOW_API,10,742,initialize|query|new|validate|save|update|delete|approve|post|reverse|print|refresh|exit,NOT_READY_FOR_PRODUCTION
GLSR043,GLSR043.fmx,GLSR,GL/finance,2,ONEX_GL_COMPAT,ONEX_GLSR_WINDOW_API,10,642,initialize|query|new|validate|save|update|delete|approve|post|reverse|print|refresh|exit,NOT_READY_FOR_PRODUCTION
GLSS001,GLSS001.fmx,GLSS,GL/finance,2,ONEX_GL_COMPAT,ONEX_GLSS_WINDOW_API,10,879,initialize|query|new|validate|save|update|delete|approve|post|reverse|print|refresh|exit,NOT_READY_FOR_PRODUCTION
GLSS002,GLSS002.fmx,GLSS,GL/finance,2,ONEX_GL_COMPAT,ONEX_GLSS_WINDOW_API,10,612,initialize|query|new|validate|save|update|delete|approve|post|reverse|print|refresh|exit,NOT_READY_FOR_PRODUCTION
GLSS004,GLSS004.fmx,GLSS,GL/finance,2,ONEX_GL_COMPAT,ONEX_GLSS_WINDOW_API,10,758,initialize|query|new|validate|save|update|delete|approve|post|reverse|print|refresh|exit,NOT_READY_FOR_PRODUCTION
GLSS007,GLSS007.fmx,GLSS,GL/finance,2,ONEX_GL_COMPAT,ONEX_GLSS_WINDOW_API,10,602,initialize|query|new|validate|save|update|delete|approve|post|reverse|print|refresh|exit,NOT_READY_FOR_PRODUCTION
GLSS009,GLSS009.fmx,GLSS,GL/finance,2,ONEX_GL_COMPAT,ONEX_GLSS_WINDOW_API,10,614,initialize|query|new|validate|save|update|delete|approve|post|reverse|print|refresh|exit,NOT_READY_FOR_PRODUCTION
GLSS011,GLSS011.fmx,GLSS,GL/finance,2,ONEX_GL_COMPAT,ONEX_GLSS_WINDOW_API,10,590,initialize|query|new|validate|save|update|delete|approve|post|reverse|print|refresh|exit,NOT_READY_FOR_PRODUCTION
GLSS012,GLSS012.fmx,GLSS,GL/finance,2,ONEX_GL_COMPAT,ONEX_GLSS_WINDOW_API,10,796,initialize|query|new|validate|save|update|delete|approve|post|reverse|print|refresh|exit,NOT_READY_FOR_PRODUCTION
GLSS014,GLSS014.fmx,GLSS,GL/finance,2,ONEX_GL_COMPAT,ONEX_GLSS_WINDOW_API,10,575,initialize|query|new|validate|save|update|delete|approve|post|reverse|print|refresh|exit,NOT_READY_FOR_PRODUCTION
GLSS016,GLSS016.fmx,GLSS,GL/finance,2,ONEX_GL_COMPAT,ONEX_GLSS_WINDOW_API,10,537,initialize|query|new|validate|save|update|delete|approve|post|reverse|print|refresh|exit,NOT_READY_FOR_PRODUCTION
GLSS017,GLSS017.fmx,GLSS,GL/finance,2,ONEX_GL_COMPAT,ONEX_GLSS_WINDOW_API,10,561,initialize|query|new|validate|save|update|delete|approve|post|reverse|print|refresh|exit,NOT_READY_FOR_PRODUCTION
GLSS018,GLSS018.fmx,GLSS,GL/finance,2,ONEX_GL_COMPAT,ONEX_GLSS_WINDOW_API,10,563,initialize|query|new|validate|save|update|delete|approve|post|reverse|print|refresh|exit,NOT_READY_FOR_PRODUCTION
GLST001,GLST001.fmx,GLST,GL/finance,2,ONEX_GL_COMPAT,ONEX_GLST_WINDOW_API,10,4397,initialize|query|new|validate|save|update|delete|approve|post|reverse|print|refresh|exit,NOT_READY_FOR_PRODUCTION
GLST00111,GLST00111.fmx,GLST,GL/finance,2,ONEX_GL_COMPAT,ONEX_GLST_WINDOW_API,10,3687,initialize|query|new|validate|save|update|delete|approve|post|reverse|print|refresh|exit,NOT_READY_FOR_PRODUCTION
GLST002,GLST002.fmx,GLST,GL/finance,2,ONEX_GL_COMPAT,ONEX_GLST_WINDOW_API,10,4390,initialize|query|new|validate|save|update|delete|approve|post|reverse|print|refresh|exit,NOT_READY_FOR_PRODUCTION
GLST00211,GLST00211.fmx,GLST,GL/finance,2,ONEX_GL_COMPAT,ONEX_GLST_WINDOW_API,10,3501,initialize|query|new|validate|save|update|delete|approve|post|reverse|print|refresh|exit,NOT_READY_FOR_PRODUCTION
GLST003,GLST003.fmx,GLST,GL/finance,2,ONEX_GL_COMPAT,ONEX_GLST_WINDOW_API,10,839,initialize|query|new|validate|save|update|delete|approve|post|reverse|print|refresh|exit,NOT_READY_FOR_PRODUCTION
GLST004,GLST004.fmx,GLST,GL/finance,2,ONEX_GL_COMPAT,ONEX_GLST_WINDOW_API,10,3915,initialize|query|new|validate|save|update|delete|approve|post|reverse|print|refresh|exit,NOT_READY_FOR_PRODUCTION
GLST005,GLST005.fmx,GLST,GL/finance,2,ONEX_GL_COMPAT,ONEX_GLST_WINDOW_API,10,1229,initialize|query|new|validate|save|update|delete|approve|post|reverse|print|refresh|exit,NOT_READY_FOR_PRODUCTION
GLST006,GLST006.fmx,GLST,GL/finance,2,ONEX_GL_COMPAT,ONEX_GLST_WINDOW_API,10,1241,initialize|query|new|validate|save|update|delete|approve|post|reverse|print|refresh|exit,NOT_READY_FOR_PRODUCTION
GLST007,GLST007.fmx,GLST,GL/finance,2,ONEX_GL_COMPAT,ONEX_GLST_WINDOW_API,10,821,initialize|query|new|validate|save|update|delete|approve|post|reverse|print|refresh|exit,NOT_READY_FOR_PRODUCTION
GLST008,GLST008.fmx,GLST,GL/finance,2,ONEX_GL_COMPAT,ONEX_GLST_WINDOW_API,10,1535,initialize|query|new|validate|save|update|delete|approve|post|reverse|print|refresh|exit,NOT_READY_FOR_PRODUCTION
GLST009,GLST009.fmx,GLST,GL/finance,2,ONEX_GL_COMPAT,ONEX_GLST_WINDOW_API,10,978,initialize|query|new|validate|save|update|delete|approve|post|reverse|print|refresh|exit,NOT_READY_FOR_PRODUCTION
GLST010,GLST010.fmx,GLST,GL/finance,2,ONEX_GL_COMPAT,ONEX_GLST_WINDOW_API,10,2380,initialize|query|new|validate|save|update|delete|approve|post|reverse|print|refresh|exit,NOT_READY_FOR_PRODUCTION
GLST013,GLST013.fmx,GLST,GL/finance,2,ONEX_GL_COMPAT,ONEX_GLST_WINDOW_API,10,713,initialize|query|new|validate|save|update|delete|approve|post|reverse|print|refresh|exit,NOT_READY_FOR_PRODUCTION
GLST014,GLST014.fmx,GLST,GL/finance,2,ONEX_GL_COMPAT,ONEX_GLST_WINDOW_API,10,1376,initialize|query|new|validate|save|update|delete|approve|post|reverse|print|refresh|exit,NOT_READY_FOR_PRODUCTION
GLST015,GLST015.fmx,GLST,GL/finance,2,ONEX_GL_COMPAT,ONEX_GLST_WINDOW_API,10,1014,initialize|query|new|validate|save|update|delete|approve|post|reverse|print|refresh|exit,NOT_READY_FOR_PRODUCTION
GLST016,GLST016.fmx,GLST,GL/finance,2,ONEX_GL_COMPAT,ONEX_GLST_WINDOW_API,10,1087,initialize|query|new|validate|save|update|delete|approve|post|reverse|print|refresh|exit,NOT_READY_FOR_PRODUCTION
GLST017,GLST017.fmx,GLST,GL/finance,2,ONEX_GL_COMPAT,ONEX_GLST_WINDOW_API,10,3594,initialize|query|new|validate|save|update|delete|approve|post|reverse|print|refresh|exit,NOT_READY_FOR_PRODUCTION
GLST01711,GLST01711.fmx,GLST,GL/finance,2,ONEX_GL_COMPAT,ONEX_GLST_WINDOW_API,10,3287,initialize|query|new|validate|save|update|delete|approve|post|reverse|print|refresh|exit,NOT_READY_FOR_PRODUCTION
GLST018,GLST018.fmx,GLST,GL/finance,2,ONEX_GL_COMPAT,ONEX_GLST_WINDOW_API,10,3993,initialize|query|new|validate|save|update|delete|approve|post|reverse|print|refresh|exit,NOT_READY_FOR_PRODUCTION
GLST0181,GLST0181.fmx,GLST,GL/finance,2,ONEX_GL_COMPAT,ONEX_GLST_WINDOW_API,10,3348,initialize|query|new|validate|save|update|delete|approve|post|reverse|print|refresh|exit,NOT_READY_FOR_PRODUCTION
GLST01811,GLST01811.fmx,GLST,GL/finance,2,ONEX_GL_COMPAT,ONEX_GLST_WINDOW_API,10,3347,initialize|query|new|validate|save|update|delete|approve|post|reverse|print|refresh|exit,NOT_READY_FOR_PRODUCTION
GLST020,GLST020.fmx,GLST,GL/finance,2,ONEX_GL_COMPAT,ONEX_GLST_WINDOW_API,10,2914,initialize|query|new|validate|save|update|delete|approve|post|reverse|print|refresh|exit,NOT_READY_FOR_PRODUCTION
GLST021,GLST021.fmx,GLST,GL/finance,2,ONEX_GL_COMPAT,ONEX_GLST_WINDOW_API,10,839,initialize|query|new|validate|save|update|delete|approve|post|reverse|print|refresh|exit,NOT_READY_FOR_PRODUCTION
GRNTR001,GRNTR001.fmx,OTHER,other,0,ONEX_ADMIN_COMPAT,ONEX_OTHER_WINDOW_API,10,466,initialize|query|new|validate|save|update|delete|approve|post|reverse|print|refresh|exit,NOT_READY_FOR_PRODUCTION
GRNTR004,GRNTR004.fmx,OTHER,other,0,ONEX_ADMIN_COMPAT,ONEX_OTHER_WINDOW_API,10,440,initialize|query|new|validate|save|update|delete|approve|post|reverse|print|refresh|exit,NOT_READY_FOR_PRODUCTION
GRNTR005,GRNTR005.fmx,OTHER,other,0,ONEX_ADMIN_COMPAT,ONEX_OTHER_WINDOW_API,10,449,initialize|query|new|validate|save|update|delete|approve|post|reverse|print|refresh|exit,NOT_READY_FOR_PRODUCTION
GRNTS002,GRNTS002.fmx,OTHER,other,0,ONEX_ADMIN_COMPAT,ONEX_OTHER_WINDOW_API,10,535,initialize|query|new|validate|save|update|delete|approve|post|reverse|print|refresh|exit,NOT_READY_FOR_PRODUCTION
GRNTT001,GRNTT001.fmx,OTHER,other,0,ONEX_ADMIN_COMPAT,ONEX_OTHER_WINDOW_API,10,2001,initialize|query|new|validate|save|update|delete|approve|post|reverse|print|refresh|exit,NOT_READY_FOR_PRODUCTION
GRNTT002,GRNTT002.fmx,OTHER,other,0,ONEX_ADMIN_COMPAT,ONEX_OTHER_WINDOW_API,10,2375,initialize|query|new|validate|save|update|delete|approve|post|reverse|print|refresh|exit,NOT_READY_FOR_PRODUCTION
GRNTT003,GRNTT003.fmx,OTHER,other,0,ONEX_ADMIN_COMPAT,ONEX_OTHER_WINDOW_API,10,1810,initialize|query|new|validate|save|update|delete|approve|post|reverse|print|refresh|exit,NOT_READY_FOR_PRODUCTION
GRNTT004,GRNTT004.fmx,OTHER,other,0,ONEX_ADMIN_COMPAT,ONEX_OTHER_WINDOW_API,10,1725,initialize|query|new|validate|save|update|delete|approve|post|reverse|print|refresh|exit,NOT_READY_FOR_PRODUCTION
GRNTT005,GRNTT005.fmx,OTHER,other,0,ONEX_ADMIN_COMPAT,ONEX_OTHER_WINDOW_API,10,1257,initialize|query|new|validate|save|update|delete|approve|post|reverse|print|refresh|exit,NOT_READY_FOR_PRODUCTION
GRNTT006,GRNTT006.fmx,OTHER,other,0,ONEX_ADMIN_COMPAT,ONEX_OTHER_WINDOW_API,10,1010,initialize|query|new|validate|save|update|delete|approve|post|reverse|print|refresh|exit,NOT_READY_FOR_PRODUCTION
HRSADMT006,HRSADMT006.fmx,HRSADMT,HR,4,ONEX_HR_COMPAT,ONEX_HRSADMT_WINDOW_API,10,565,initialize|query|new|validate|save|update|delete|post|print|refresh|exit,NOT_READY_FOR_PRODUCTION
HRSALNCR002,HRSALNCR002.fmx,HRSALNCR,HR,4,ONEX_HR_COMPAT,ONEX_HRSALNCR_WINDOW_API,10,1001,initialize|query|new|validate|save|update|delete|approve|post|reverse|print|refresh|exit,NOT_READY_FOR_PRODUCTION
HRSALNCT001,HRSALNCT001.fmx,HRSALNCT,HR,4,ONEX_HR_COMPAT,ONEX_HRSALNCT_WINDOW_API,10,1541,initialize|query|new|validate|save|update|delete|approve|post|reverse|print|refresh|exit,NOT_READY_FOR_PRODUCTION
HRSALNCT002,HRSALNCT002.fmx,HRSALNCT,HR,4,ONEX_HR_COMPAT,ONEX_HRSALNCT_WINDOW_API,10,1704,initialize|query|new|validate|save|update|delete|approve|post|reverse|print|refresh|exit,NOT_READY_FOR_PRODUCTION
HRSDOCI003,HRSDOCI003.fmx,HRSDOCI,HR,4,ONEX_HR_COMPAT,ONEX_HRSDOCI_WINDOW_API,10,1162,initialize|query|new|validate|save|update|delete|approve|post|reverse|print|refresh|exit,NOT_READY_FOR_PRODUCTION
HRSDOCR005,HRSDOCR005.fmx,HRSDOCR,HR,4,ONEX_HR_COMPAT,ONEX_HRSDOCR_WINDOW_API,10,731,initialize|query|new|validate|save|update|delete|approve|post|reverse|print|refresh|exit,NOT_READY_FOR_PRODUCTION
HRSDOCS001,HRSDOCS001.fmx,HRSDOCS,HR,4,ONEX_HR_COMPAT,ONEX_HRSDOCS_WINDOW_API,10,924,initialize|query|new|validate|save|update|delete|approve|post|reverse|print|refresh|exit,NOT_READY_FOR_PRODUCTION
HRSDOCS002,HRSDOCS002.fmx,HRSDOCS,HR,4,ONEX_HR_COMPAT,ONEX_HRSDOCS_WINDOW_API,10,865,initialize|query|new|validate|save|update|delete|approve|post|reverse|print|refresh|exit,NOT_READY_FOR_PRODUCTION
HRSDOCT004,HRSDOCT004.fmx,HRSDOCT,HR,4,ONEX_HR_COMPAT,ONEX_HRSDOCT_WINDOW_API,10,1136,initialize|query|new|validate|save|update|delete|approve|post|reverse|print|refresh|exit,NOT_READY_FOR_PRODUCTION
HRSDSNR002,HRSDSNR002.fmx,HRSDSNR,HR,4,ONEX_HR_COMPAT,ONEX_HRSDSNR_WINDOW_API,10,727,initialize|query|new|validate|save|update|delete|approve|post|reverse|print|refresh|exit,NOT_READY_FOR_PRODUCTION
HRSDSNR005,HRSDSNR005.fmx,HRSDSNR,HR,4,ONEX_HR_COMPAT,ONEX_HRSDSNR_WINDOW_API,10,769,initialize|query|new|validate|save|update|delete|approve|post|reverse|print|refresh|exit,NOT_READY_FOR_PRODUCTION
HRSDSNR007,HRSDSNR007.fmx,HRSDSNR,HR,4,ONEX_HR_COMPAT,ONEX_HRSDSNR_WINDOW_API,10,745,initialize|query|new|validate|save|update|delete|approve|post|reverse|print|refresh|exit,NOT_READY_FOR_PRODUCTION
HRSDSNT002,HRSDSNT002.fmx,HRSDSNT,HR,4,ONEX_HR_COMPAT,ONEX_HRSDSNT_WINDOW_API,10,1122,initialize|query|new|validate|save|update|delete|approve|post|reverse|print|refresh|exit,NOT_READY_FOR_PRODUCTION
HRSDSNT005,HRSDSNT005.fmx,HRSDSNT,HR,4,ONEX_HR_COMPAT,ONEX_HRSDSNT_WINDOW_API,10,1626,initialize|query|new|validate|save|update|delete|approve|post|reverse|print|refresh|exit,NOT_READY_FOR_PRODUCTION
HRSDSNT007,HRSDSNT007.fmx,HRSDSNT,HR,4,ONEX_HR_COMPAT,ONEX_HRSDSNT_WINDOW_API,10,1559,initialize|query|new|validate|save|update|delete|approve|post|reverse|print|refresh|exit,NOT_READY_FOR_PRODUCTION
HRSEVLI001,HRSEVLI001.fmx,HRSEVLI,HR,4,ONEX_HR_COMPAT,ONEX_HRSEVLI_WINDOW_API,10,1011,initialize|query|new|validate|save|update|delete|approve|post|reverse|print|refresh|exit,NOT_READY_FOR_PRODUCTION
HRSEVLI002,HRSEVLI002.fmx,HRSEVLI,HR,4,ONEX_HR_COMPAT,ONEX_HRSEVLI_WINDOW_API,10,1040,initialize|query|new|validate|save|update|delete|approve|post|reverse|print|refresh|exit,NOT_READY_FOR_PRODUCTION
HRSEVLR001,HRSEVLR001.fmx,HRSEVLR,HR,4,ONEX_HR_COMPAT,ONEX_HRSEVLR_WINDOW_API,10,757,initialize|query|new|validate|save|update|delete|approve|post|reverse|print|refresh|exit,NOT_READY_FOR_PRODUCTION
HRSEVLS001,HRSEVLS001.fmx,HRSEVLS,HR,4,ONEX_HR_COMPAT,ONEX_HRSEVLS_WINDOW_API,10,941,initialize|query|new|validate|save|update|delete|approve|post|reverse|print|refresh|exit,NOT_READY_FOR_PRODUCTION
HRSEVLT001,HRSEVLT001.fmx,HRSEVLT,HR,4,ONEX_HR_COMPAT,ONEX_HRSEVLT_WINDOW_API,10,1195,initialize|query|new|validate|save|update|delete|approve|post|reverse|print|refresh|exit,NOT_READY_FOR_PRODUCTION
HRSI002,HRSI002.fmx,HRSI,HR,4,ONEX_HR_COMPAT,ONEX_HRSI_WINDOW_API,10,893,initialize|query|new|validate|save|update|delete|approve|post|reverse|print|refresh|exit,NOT_READY_FOR_PRODUCTION
HRSI003,HRSI003.fmx,HRSI,HR,4,ONEX_HR_COMPAT,ONEX_HRSI_WINDOW_API,10,898,initialize|query|new|validate|save|update|delete|approve|post|reverse|print|refresh|exit,NOT_READY_FOR_PRODUCTION
HRSI004,HRSI004.fmx,HRSI,HR,4,ONEX_HR_COMPAT,ONEX_HRSI_WINDOW_API,10,953,initialize|query|new|validate|save|update|delete|approve|post|reverse|print|refresh|exit,NOT_READY_FOR_PRODUCTION
HRSI005,HRSI005.fmx,HRSI,HR,4,ONEX_HR_COMPAT,ONEX_HRSI_WINDOW_API,10,957,initialize|query|new|validate|save|update|delete|approve|post|reverse|print|refresh|exit,NOT_READY_FOR_PRODUCTION
HRSI006,HRSI006.fmx,HRSI,HR,4,ONEX_HR_COMPAT,ONEX_HRSI_WINDOW_API,10,1109,initialize|query|new|validate|save|update|delete|approve|post|reverse|print|refresh|exit,NOT_READY_FOR_PRODUCTION
HRSI007,HRSI007.fmx,HRSI,HR,4,ONEX_HR_COMPAT,ONEX_HRSI_WINDOW_API,10,1042,initialize|query|new|validate|save|update|delete|approve|post|reverse|print|refresh|exit,NOT_READY_FOR_PRODUCTION
HRSI012,HRSI012.fmx,HRSI,HR,4,ONEX_HR_COMPAT,ONEX_HRSI_WINDOW_API,10,1215,initialize|query|new|validate|save|update|delete|approve|post|reverse|print|refresh|exit,NOT_READY_FOR_PRODUCTION
HRSIMPXLS_ARTCL,HRSIMPXLS_ARTCL.fmx,HRSIMPXLS,HR,4,ONEX_HR_COMPAT,ONEX_HRSIMPXLS_WINDOW_API,10,681,initialize|query|new|validate|save|update|delete|approve|post|reverse|print|refresh|exit,NOT_READY_FOR_PRODUCTION
HRSIRCS001,HRSIRCS001.fmx,HRSIRCS,HR,4,ONEX_HR_COMPAT,ONEX_HRSIRCS_WINDOW_API,10,965,initialize|query|new|validate|save|update|delete|approve|post|reverse|print|refresh|exit,NOT_READY_FOR_PRODUCTION
HRSIRCS002,HRSIRCS002.fmx,HRSIRCS,HR,4,ONEX_HR_COMPAT,ONEX_HRSIRCS_WINDOW_API,10,957,initialize|query|new|validate|save|update|delete|approve|post|reverse|print|refresh|exit,NOT_READY_FOR_PRODUCTION
HRSIRCT007,HRSIRCT007.fmx,HRSIRCT,HR,4,ONEX_HR_COMPAT,ONEX_HRSIRCT_WINDOW_API,10,990,initialize|query|new|validate|save|update|delete|approve|post|reverse|print|refresh|exit,NOT_READY_FOR_PRODUCTION
HRSMDCI001,HRSMDCI001.fmx,HRSMDCI,HR,4,ONEX_HR_COMPAT,ONEX_HRSMDCI_WINDOW_API,10,925,initialize|query|new|validate|save|update|delete|approve|post|reverse|print|refresh|exit,NOT_READY_FOR_PRODUCTION
HRSMDCR001,HRSMDCR001.fmx,HRSMDCR,HR,4,ONEX_HR_COMPAT,ONEX_HRSMDCR_WINDOW_API,10,941,initialize|query|new|validate|save|update|delete|approve|post|reverse|print|refresh|exit,NOT_READY_FOR_PRODUCTION
HRSMDCR002,HRSMDCR002.fmx,HRSMDCR,HR,4,ONEX_HR_COMPAT,ONEX_HRSMDCR_WINDOW_API,10,942,initialize|query|new|validate|save|update|delete|approve|post|reverse|print|refresh|exit,NOT_READY_FOR_PRODUCTION
HRSMDCR003,HRSMDCR003.fmx,HRSMDCR,HR,4,ONEX_HR_COMPAT,ONEX_HRSMDCR_WINDOW_API,10,1095,initialize|query|new|validate|save|update|delete|approve|post|reverse|print|refresh|exit,NOT_READY_FOR_PRODUCTION
HRSMDCR004,HRSMDCR004.fmx,HRSMDCR,HR,4,ONEX_HR_COMPAT,ONEX_HRSMDCR_WINDOW_API,10,941,initialize|query|new|validate|save|update|delete|approve|post|reverse|print|refresh|exit,NOT_READY_FOR_PRODUCTION
HRSMDCS001,HRSMDCS001.fmx,HRSMDCS,HR,4,ONEX_HR_COMPAT,ONEX_HRSMDCS_WINDOW_API,10,828,initialize|query|new|validate|save|update|delete|approve|post|reverse|print|refresh|exit,NOT_READY_FOR_PRODUCTION
HRSMDCS002,HRSMDCS002.fmx,HRSMDCS,HR,4,ONEX_HR_COMPAT,ONEX_HRSMDCS_WINDOW_API,10,820,initialize|query|new|validate|save|update|delete|approve|post|reverse|print|refresh|exit,NOT_READY_FOR_PRODUCTION
HRSMDCS003,HRSMDCS003.fmx,HRSMDCS,HR,4,ONEX_HR_COMPAT,ONEX_HRSMDCS_WINDOW_API,10,998,initialize|query|new|validate|save|update|delete|approve|post|reverse|print|refresh|exit,NOT_READY_FOR_PRODUCTION
HRSMDCT001,HRSMDCT001.fmx,HRSMDCT,HR,4,ONEX_HR_COMPAT,ONEX_HRSMDCT_WINDOW_API,10,1430,initialize|query|new|validate|save|update|delete|approve|post|reverse|print|refresh|exit,NOT_READY_FOR_PRODUCTION
HRSPST001,HRSPST001.fmx,HRSPST,HR,4,ONEX_HR_COMPAT,ONEX_HRSPST_WINDOW_API,10,1150,initialize|query|new|validate|save|update|delete|approve|post|reverse|print|refresh|exit,NOT_READY_FOR_PRODUCTION
HRSR002,HRSR002.fmx,HRSR,HR,4,ONEX_HR_COMPAT,ONEX_HRSR_WINDOW_API,10,825,initialize|query|new|validate|save|update|delete|approve|post|reverse|print|refresh|exit,NOT_READY_FOR_PRODUCTION
HRSR003,HRSR003.fmx,HRSR,HR,4,ONEX_HR_COMPAT,ONEX_HRSR_WINDOW_API,10,814,initialize|query|new|validate|save|update|delete|approve|post|reverse|print|refresh|exit,NOT_READY_FOR_PRODUCTION
HRSR004,HRSR004.fmx,HRSR,HR,4,ONEX_HR_COMPAT,ONEX_HRSR_WINDOW_API,10,899,initialize|query|new|validate|save|update|delete|approve|post|reverse|print|refresh|exit,NOT_READY_FOR_PRODUCTION
HRSR005,HRSR005.fmx,HRSR,HR,4,ONEX_HR_COMPAT,ONEX_HRSR_WINDOW_API,10,632,initialize|query|new|validate|save|update|delete|approve|post|reverse|print|refresh|exit,NOT_READY_FOR_PRODUCTION
HRSR006,HRSR006.fmx,HRSR,HR,4,ONEX_HR_COMPAT,ONEX_HRSR_WINDOW_API,10,628,initialize|query|new|validate|save|update|delete|approve|post|reverse|print|refresh|exit,NOT_READY_FOR_PRODUCTION
HRSR007,HRSR007.fmx,HRSR,HR,4,ONEX_HR_COMPAT,ONEX_HRSR_WINDOW_API,10,1196,initialize|query|new|validate|save|update|delete|approve|post|reverse|print|refresh|exit,NOT_READY_FOR_PRODUCTION
HRSR008,HRSR008.fmx,HRSR,HR,4,ONEX_HR_COMPAT,ONEX_HRSR_WINDOW_API,10,0,initialize|query|new|validate|save|update|post|print|refresh|exit,NOT_READY_FOR_PRODUCTION
HRSR009,HRSR009.fmx,HRSR,HR,4,ONEX_HR_COMPAT,ONEX_HRSR_WINDOW_API,10,945,initialize|query|new|validate|save|update|delete|approve|post|reverse|print|refresh|exit,NOT_READY_FOR_PRODUCTION
HRSR010,HRSR010.fmx,HRSR,HR,4,ONEX_HR_COMPAT,ONEX_HRSR_WINDOW_API,10,755,initialize|query|new|validate|save|update|delete|approve|post|reverse|print|refresh|exit,NOT_READY_FOR_PRODUCTION
HRSR011,HRSR011.fmx,HRSR,HR,4,ONEX_HR_COMPAT,ONEX_HRSR_WINDOW_API,10,865,initialize|query|new|validate|save|update|delete|approve|post|reverse|print|refresh|exit,NOT_READY_FOR_PRODUCTION
HRSR012,HRSR012.fmx,HRSR,HR,4,ONEX_HR_COMPAT,ONEX_HRSR_WINDOW_API,10,839,initialize|query|new|validate|save|update|delete|approve|post|reverse|print|refresh|exit,NOT_READY_FOR_PRODUCTION
HRSR013,HRSR013.fmx,HRSR,HR,4,ONEX_HR_COMPAT,ONEX_HRSR_WINDOW_API,10,1085,initialize|query|new|validate|save|update|delete|approve|post|reverse|print|refresh|exit,NOT_READY_FOR_PRODUCTION
HRSR014,HRSR014.fmx,HRSR,HR,4,ONEX_HR_COMPAT,ONEX_HRSR_WINDOW_API,10,1180,initialize|query|new|validate|save|update|delete|approve|post|reverse|print|refresh|exit,NOT_READY_FOR_PRODUCTION
HRSR014_NEW,HRSR014_NEW.fmx,HRSR,HR,4,ONEX_HR_COMPAT,ONEX_HRSR_WINDOW_API,10,1169,initialize|query|new|validate|save|update|delete|approve|post|reverse|print|refresh|exit,NOT_READY_FOR_PRODUCTION
HRSR015,HRSR015.fmx,HRSR,HR,4,ONEX_HR_COMPAT,ONEX_HRSR_WINDOW_API,10,765,initialize|query|new|validate|save|update|delete|approve|post|reverse|print|refresh|exit,NOT_READY_FOR_PRODUCTION
HRSR016,HRSR016.fmx,HRSR,HR,4,ONEX_HR_COMPAT,ONEX_HRSR_WINDOW_API,10,755,initialize|query|new|validate|save|update|delete|approve|post|reverse|print|refresh|exit,NOT_READY_FOR_PRODUCTION
HRSR017,HRSR017.fmx,HRSR,HR,4,ONEX_HR_COMPAT,ONEX_HRSR_WINDOW_API,10,840,initialize|query|new|validate|save|update|delete|approve|post|reverse|print|refresh|exit,NOT_READY_FOR_PRODUCTION
HRSR018,HRSR018.fmx,HRSR,HR,4,ONEX_HR_COMPAT,ONEX_HRSR_WINDOW_API,10,775,initialize|query|new|validate|save|update|delete|approve|post|reverse|print|refresh|exit,NOT_READY_FOR_PRODUCTION
HRSR019,HRSR019.fmx,HRSR,HR,4,ONEX_HR_COMPAT,ONEX_HRSR_WINDOW_API,10,1044,initialize|query|new|validate|save|update|delete|approve|post|reverse|print|refresh|exit,NOT_READY_FOR_PRODUCTION
HRSR020,HRSR020.fmx,HRSR,HR,4,ONEX_HR_COMPAT,ONEX_HRSR_WINDOW_API,10,1129,initialize|query|new|validate|save|update|delete|approve|post|reverse|print|refresh|exit,NOT_READY_FOR_PRODUCTION
HRSR021,HRSR021.fmx,HRSR,HR,4,ONEX_HR_COMPAT,ONEX_HRSR_WINDOW_API,10,765,initialize|query|new|validate|save|update|delete|approve|post|reverse|print|refresh|exit,NOT_READY_FOR_PRODUCTION
HRSR022,HRSR022.fmx,HRSR,HR,4,ONEX_HR_COMPAT,ONEX_HRSR_WINDOW_API,10,891,initialize|query|new|validate|save|update|delete|approve|post|reverse|print|refresh|exit,NOT_READY_FOR_PRODUCTION
HRSR023,HRSR023.fmx,HRSR,HR,4,ONEX_HR_COMPAT,ONEX_HRSR_WINDOW_API,10,1076,initialize|query|new|validate|save|update|delete|approve|post|reverse|print|refresh|exit,NOT_READY_FOR_PRODUCTION
HRSR024,HRSR024.fmx,HRSR,HR,4,ONEX_HR_COMPAT,ONEX_HRSR_WINDOW_API,10,700,initialize|query|new|validate|save|update|delete|approve|post|reverse|print|refresh|exit,NOT_READY_FOR_PRODUCTION
HRSR025,HRSR025.fmx,HRSR,HR,4,ONEX_HR_COMPAT,ONEX_HRSR_WINDOW_API,10,1001,initialize|query|new|validate|save|update|delete|approve|post|reverse|print|refresh|exit,NOT_READY_FOR_PRODUCTION
HRSR026,HRSR026.fmx,HRSR,HR,4,ONEX_HR_COMPAT,ONEX_HRSR_WINDOW_API,10,726,initialize|query|new|validate|save|update|delete|approve|post|reverse|print|refresh|exit,NOT_READY_FOR_PRODUCTION
HRSR027,HRSR027.fmx,HRSR,HR,4,ONEX_HR_COMPAT,ONEX_HRSR_WINDOW_API,10,667,initialize|query|new|validate|save|update|delete|approve|post|reverse|print|refresh|exit,NOT_READY_FOR_PRODUCTION
HRSR028,HRSR028.fmx,HRSR,HR,4,ONEX_HR_COMPAT,ONEX_HRSR_WINDOW_API,10,432,initialize|query|new|validate|save|update|delete|approve|post|reverse|print|refresh|exit,NOT_READY_FOR_PRODUCTION
HRSR029,HRSR029.fmx,HRSR,HR,4,ONEX_HR_COMPAT,ONEX_HRSR_WINDOW_API,10,479,initialize|query|new|validate|save|update|delete|approve|post|reverse|print|refresh|exit,NOT_READY_FOR_PRODUCTION
HRSR030,HRSR030.fmx,HRSR,HR,4,ONEX_HR_COMPAT,ONEX_HRSR_WINDOW_API,10,492,initialize|query|new|validate|save|update|delete|approve|post|reverse|print|refresh|exit,NOT_READY_FOR_PRODUCTION
HRSR031,HRSR031.fmx,HRSR,HR,4,ONEX_HR_COMPAT,ONEX_HRSR_WINDOW_API,10,448,initialize|query|new|validate|save|update|delete|approve|post|reverse|print|refresh|exit,NOT_READY_FOR_PRODUCTION
HRSR032,HRSR032.fmx,HRSR,HR,4,ONEX_HR_COMPAT,ONEX_HRSR_WINDOW_API,10,1023,initialize|query|new|validate|save|update|delete|approve|post|reverse|print|refresh|exit,NOT_READY_FOR_PRODUCTION
HRSR047,HRSR047.fmx,HRSR,HR,4,ONEX_HR_COMPAT,ONEX_HRSR_WINDOW_API,10,1020,initialize|query|new|validate|save|update|delete|approve|post|reverse|print|refresh|exit,NOT_READY_FOR_PRODUCTION
HRSR048,HRSR048.fmx,HRSR,HR,4,ONEX_HR_COMPAT,ONEX_HRSR_WINDOW_API,10,870,initialize|query|new|validate|save|update|delete|approve|post|reverse|print|refresh|exit,NOT_READY_FOR_PRODUCTION
HRSRCUI001,HRSRCUI001.fmx,HRSRCUI,HR,4,ONEX_HR_COMPAT,ONEX_HRSRCUI_WINDOW_API,10,976,initialize|query|new|validate|save|update|delete|approve|post|reverse|print|refresh|exit,NOT_READY_FOR_PRODUCTION
HRSRCUI002,HRSRCUI002.fmx,HRSRCUI,HR,4,ONEX_HR_COMPAT,ONEX_HRSRCUI_WINDOW_API,10,915,initialize|query|new|validate|save|update|delete|approve|post|reverse|print|refresh|exit,NOT_READY_FOR_PRODUCTION
HRSRCUI003,HRSRCUI003.fmx,HRSRCUI,HR,4,ONEX_HR_COMPAT,ONEX_HRSRCUI_WINDOW_API,10,826,initialize|query|new|validate|save|update|delete|approve|post|reverse|print|refresh|exit,NOT_READY_FOR_PRODUCTION
HRSRCUR001,HRSRCUR001.fmx,HRSRCUR,HR,4,ONEX_HR_COMPAT,ONEX_HRSRCUR_WINDOW_API,10,742,initialize|query|new|validate|save|update|delete|approve|post|reverse|print|refresh|exit,NOT_READY_FOR_PRODUCTION
HRSRCUR002,HRSRCUR002.fmx,HRSRCUR,HR,4,ONEX_HR_COMPAT,ONEX_HRSRCUR_WINDOW_API,10,742,initialize|query|new|validate|save|update|delete|approve|post|reverse|print|refresh|exit,NOT_READY_FOR_PRODUCTION
HRSRCUR004,HRSRCUR004.fmx,HRSRCUR,HR,4,ONEX_HR_COMPAT,ONEX_HRSRCUR_WINDOW_API,10,772,initialize|query|new|validate|save|update|delete|approve|post|reverse|print|refresh|exit,NOT_READY_FOR_PRODUCTION
HRSRCUR005,HRSRCUR005.fmx,HRSRCUR,HR,4,ONEX_HR_COMPAT,ONEX_HRSRCUR_WINDOW_API,10,781,initialize|query|new|validate|save|update|delete|approve|post|reverse|print|refresh|exit,NOT_READY_FOR_PRODUCTION
HRSRCUR006,HRSRCUR006.fmx,HRSRCUR,HR,4,ONEX_HR_COMPAT,ONEX_HRSRCUR_WINDOW_API,10,781,initialize|query|new|validate|save|update|delete|approve|post|reverse|print|refresh|exit,NOT_READY_FOR_PRODUCTION
HRSRCUR007,HRSRCUR007.fmx,HRSRCUR,HR,4,ONEX_HR_COMPAT,ONEX_HRSRCUR_WINDOW_API,10,791,initialize|query|new|validate|save|update|delete|approve|post|reverse|print|refresh|exit,NOT_READY_FOR_PRODUCTION
HRSRCUS002,HRSRCUS002.fmx,HRSRCUS,HR,4,ONEX_HR_COMPAT,ONEX_HRSRCUS_WINDOW_API,10,802,initialize|query|new|validate|save|update|delete|approve|post|reverse|print|refresh|exit,NOT_READY_FOR_PRODUCTION
HRSRCUS003,HRSRCUS003.fmx,HRSRCUS,HR,4,ONEX_HR_COMPAT,ONEX_HRSRCUS_WINDOW_API,10,967,initialize|query|new|validate|save|update|delete|approve|post|reverse|print|refresh|exit,NOT_READY_FOR_PRODUCTION
HRSRCUS004,HRSRCUS004.fmx,HRSRCUS,HR,4,ONEX_HR_COMPAT,ONEX_HRSRCUS_WINDOW_API,10,1148,initialize|query|new|validate|save|update|delete|approve|post|reverse|print|refresh|exit,NOT_READY_FOR_PRODUCTION
HRSRCUT001,HRSRCUT001.fmx,HRSRCUT,HR,4,ONEX_HR_COMPAT,ONEX_HRSRCUT_WINDOW_API,10,918,initialize|query|new|validate|save|update|delete|approve|post|reverse|print|refresh|exit,NOT_READY_FOR_PRODUCTION
HRSRCUT002,HRSRCUT002.fmx,HRSRCUT,HR,4,ONEX_HR_COMPAT,ONEX_HRSRCUT_WINDOW_API,10,903,initialize|query|new|validate|save|update|delete|approve|post|reverse|print|refresh|exit,NOT_READY_FOR_PRODUCTION
HRSRCUT003,HRSRCUT003.fmx,HRSRCUT,HR,4,ONEX_HR_COMPAT,ONEX_HRSRCUT_WINDOW_API,10,635,initialize|query|new|validate|save|update|delete|approve|post|reverse|print|refresh|exit,NOT_READY_FOR_PRODUCTION
HRSRCUT004,HRSRCUT004.fmx,HRSRCUT,HR,4,ONEX_HR_COMPAT,ONEX_HRSRCUT_WINDOW_API,10,1151,initialize|query|new|validate|save|update|delete|approve|post|reverse|print|refresh|exit,NOT_READY_FOR_PRODUCTION
HRSRCUT005,HRSRCUT005.fmx,HRSRCUT,HR,4,ONEX_HR_COMPAT,ONEX_HRSRCUT_WINDOW_API,10,975,initialize|query|new|validate|save|update|delete|approve|post|reverse|print|refresh|exit,NOT_READY_FOR_PRODUCTION
HRSRCUT006,HRSRCUT006.fmx,HRSRCUT,HR,4,ONEX_HR_COMPAT,ONEX_HRSRCUT_WINDOW_API,10,961,initialize|query|new|validate|save|update|delete|approve|post|reverse|print|refresh|exit,NOT_READY_FOR_PRODUCTION
HRSRCUT007,HRSRCUT007.fmx,HRSRCUT,HR,4,ONEX_HR_COMPAT,ONEX_HRSRCUT_WINDOW_API,10,893,initialize|query|new|validate|save|update|delete|approve|post|reverse|print|refresh|exit,NOT_READY_FOR_PRODUCTION
HRSRCUT008,HRSRCUT008.fmx,HRSRCUT,HR,4,ONEX_HR_COMPAT,ONEX_HRSRCUT_WINDOW_API,10,1092,initialize|query|new|validate|save|update|delete|approve|post|reverse|print|refresh|exit,NOT_READY_FOR_PRODUCTION
HRSRCUT009,HRSRCUT009.fmx,HRSRCUT,HR,4,ONEX_HR_COMPAT,ONEX_HRSRCUT_WINDOW_API,10,1051,initialize|query|new|validate|save|update|delete|approve|post|reverse|print|refresh|exit,NOT_READY_FOR_PRODUCTION
HRSRCUT010,HRSRCUT010.fmx,HRSRCUT,HR,4,ONEX_HR_COMPAT,ONEX_HRSRCUT_WINDOW_API,10,1022,initialize|query|new|validate|save|update|delete|approve|post|reverse|print|refresh|exit,NOT_READY_FOR_PRODUCTION
HRSRCUT011,HRSRCUT011.fmx,HRSRCUT,HR,4,ONEX_HR_COMPAT,ONEX_HRSRCUT_WINDOW_API,10,1203,initialize|query|new|validate|save|update|delete|approve|post|reverse|print|refresh|exit,NOT_READY_FOR_PRODUCTION
HRSRCUT012,HRSRCUT012.fmx,HRSRCUT,HR,4,ONEX_HR_COMPAT,ONEX_HRSRCUT_WINDOW_API,10,1295,initialize|query|new|validate|save|update|delete|approve|post|reverse|print|refresh|exit,NOT_READY_FOR_PRODUCTION
HRSRCUT015,HRSRCUT015.fmx,HRSRCUT,HR,4,ONEX_HR_COMPAT,ONEX_HRSRCUT_WINDOW_API,10,1050,initialize|query|new|validate|save|update|delete|approve|post|reverse|print|refresh|exit,NOT_READY_FOR_PRODUCTION
HRSS001,HRSS001.fmx,HRSS,HR,4,ONEX_HR_COMPAT,ONEX_HRSS_WINDOW_API,10,723,initialize|query|new|validate|save|update|delete|approve|post|reverse|print|refresh|exit,NOT_READY_FOR_PRODUCTION
HRSS002,HRSS002.fmx,HRSS,HR,4,ONEX_HR_COMPAT,ONEX_HRSS_WINDOW_API,10,1182,initialize|query|new|validate|save|update|delete|approve|post|reverse|print|refresh|exit,NOT_READY_FOR_PRODUCTION
HRSS004,HRSS004.fmx,HRSS,HR,4,ONEX_HR_COMPAT,ONEX_HRSS_WINDOW_API,10,965,initialize|query|new|validate|save|update|delete|approve|post|reverse|print|refresh|exit,NOT_READY_FOR_PRODUCTION
HRSS005,HRSS005.fmx,HRSS,HR,4,ONEX_HR_COMPAT,ONEX_HRSS_WINDOW_API,10,1123,initialize|query|new|validate|save|update|delete|approve|post|reverse|print|refresh|exit,NOT_READY_FOR_PRODUCTION
HRSS006,HRSS006.fmx,HRSS,HR,4,ONEX_HR_COMPAT,ONEX_HRSS_WINDOW_API,10,1674,initialize|query|new|validate|save|update|delete|approve|post|reverse|print|refresh|exit,NOT_READY_FOR_PRODUCTION
HRSS007,HRSS007.fmx,HRSS,HR,4,ONEX_HR_COMPAT,ONEX_HRSS_WINDOW_API,10,973,initialize|query|new|validate|save|update|delete|approve|post|reverse|print|refresh|exit,NOT_READY_FOR_PRODUCTION
HRSS008,HRSS008.fmx,HRSS,HR,4,ONEX_HR_COMPAT,ONEX_HRSS_WINDOW_API,10,890,initialize|query|new|validate|save|update|delete|approve|post|reverse|print|refresh|exit,NOT_READY_FOR_PRODUCTION
HRSS009,HRSS009.fmx,HRSS,HR,4,ONEX_HR_COMPAT,ONEX_HRSS_WINDOW_API,10,1016,initialize|query|new|validate|save|update|delete|approve|post|reverse|print|refresh|exit,NOT_READY_FOR_PRODUCTION
HRSS010,HRSS010.fmx,HRSS,HR,4,ONEX_HR_COMPAT,ONEX_HRSS_WINDOW_API,10,866,initialize|query|new|validate|save|update|delete|approve|post|reverse|print|refresh|exit,NOT_READY_FOR_PRODUCTION
HRSS015,HRSS015.fmx,HRSS,HR,4,ONEX_HR_COMPAT,ONEX_HRSS_WINDOW_API,10,1331,initialize|query|new|validate|save|update|delete|approve|post|reverse|print|refresh|exit,NOT_READY_FOR_PRODUCTION
HRSS016,HRSS016.fmx,HRSS,HR,4,ONEX_HR_COMPAT,ONEX_HRSS_WINDOW_API,10,526,initialize|query|new|validate|save|update|delete|approve|post|reverse|print|refresh|exit,NOT_READY_FOR_PRODUCTION
HRSS017,HRSS017.fmx,HRSS,HR,4,ONEX_HR_COMPAT,ONEX_HRSS_WINDOW_API,10,963,initialize|query|new|validate|save|update|delete|approve|post|reverse|print|refresh|exit,NOT_READY_FOR_PRODUCTION
HRSS018,HRSS018.fmx,HRSS,HR,4,ONEX_HR_COMPAT,ONEX_HRSS_WINDOW_API,10,1147,initialize|query|new|validate|save|update|delete|approve|post|reverse|print|refresh|exit,NOT_READY_FOR_PRODUCTION
HRSS019,HRSS019.fmx,HRSS,HR,4,ONEX_HR_COMPAT,ONEX_HRSS_WINDOW_API,10,994,initialize|query|new|validate|save|update|delete|approve|post|reverse|print|refresh|exit,NOT_READY_FOR_PRODUCTION
HRSS021,HRSS021.fmx,HRSS,HR,4,ONEX_HR_COMPAT,ONEX_HRSS_WINDOW_API,10,1187,initialize|query|new|validate|save|update|delete|approve|post|reverse|print|refresh|exit,NOT_READY_FOR_PRODUCTION
HRSS030,HRSS030.fmx,HRSS,HR,4,ONEX_HR_COMPAT,ONEX_HRSS_WINDOW_API,10,999,initialize|query|new|validate|save|update|delete|approve|post|reverse|print|refresh|exit,NOT_READY_FOR_PRODUCTION
HRSS031,HRSS031.fmx,HRSS,HR,4,ONEX_HR_COMPAT,ONEX_HRSS_WINDOW_API,10,1097,initialize|query|new|validate|save|update|delete|approve|post|reverse|print|refresh|exit,NOT_READY_FOR_PRODUCTION
HRSS032,HRSS032.fmx,HRSS,HR,4,ONEX_HR_COMPAT,ONEX_HRSS_WINDOW_API,10,837,initialize|query|new|validate|save|update|delete|approve|post|reverse|print|refresh|exit,NOT_READY_FOR_PRODUCTION
HRSSTPS001,HRSSTPS001.fmx,HRSSTPS,HR,4,ONEX_HR_COMPAT,ONEX_HRSSTPS_WINDOW_API,10,550,initialize|query|new|validate|save|update|delete|approve|post|reverse|print|refresh|exit,NOT_READY_FOR_PRODUCTION
HRSSTPS002,HRSSTPS002.fmx,HRSSTPS,HR,4,ONEX_HR_COMPAT,ONEX_HRSSTPS_WINDOW_API,10,931,initialize|query|new|validate|save|update|delete|approve|post|reverse|print|refresh|exit,NOT_READY_FOR_PRODUCTION
HRST001,HRST001.fmx,HRST,HR,4,ONEX_HR_COMPAT,ONEX_HRST_WINDOW_API,10,1727,initialize|query|new|validate|save|update|delete|approve|post|reverse|print|refresh|exit,NOT_READY_FOR_PRODUCTION
HRST001_B,HRST001_B.fmx,HRST,HR,4,ONEX_HR_COMPAT,ONEX_HRST_WINDOW_API,10,1700,initialize|query|new|validate|save|update|delete|approve|post|reverse|print|refresh|exit,NOT_READY_FOR_PRODUCTION
HRST002,HRST002.fmx,HRST,HR,4,ONEX_HR_COMPAT,ONEX_HRST_WINDOW_API,10,1631,initialize|query|new|validate|save|update|delete|approve|post|reverse|print|refresh|exit,NOT_READY_FOR_PRODUCTION
HRST002S,HRST002S.fmx,HRST,HR,4,ONEX_HR_COMPAT,ONEX_HRST_WINDOW_API,10,1585,initialize|query|new|validate|save|update|delete|approve|post|reverse|print|refresh|exit,NOT_READY_FOR_PRODUCTION
HRST002S2,HRST002S2.fmx,HRST,HR,4,ONEX_HR_COMPAT,ONEX_HRST_WINDOW_API,10,1593,initialize|query|new|validate|save|update|delete|approve|post|reverse|print|refresh|exit,NOT_READY_FOR_PRODUCTION
HRST002SS,HRST002SS.fmx,HRST,HR,4,ONEX_HR_COMPAT,ONEX_HRST_WINDOW_API,10,1584,initialize|query|new|validate|save|update|delete|approve|post|reverse|print|refresh|exit,NOT_READY_FOR_PRODUCTION
HRST003,HRST003.fmx,HRST,HR,4,ONEX_HR_COMPAT,ONEX_HRST_WINDOW_API,10,1399,initialize|query|new|validate|save|update|delete|approve|post|reverse|print|refresh|exit,NOT_READY_FOR_PRODUCTION
HRST005,HRST005.fmx,HRST,HR,4,ONEX_HR_COMPAT,ONEX_HRST_WINDOW_API,10,1183,initialize|query|new|validate|save|update|delete|approve|post|reverse|print|refresh|exit,NOT_READY_FOR_PRODUCTION
HRST006,HRST006.fmx,HRST,HR,4,ONEX_HR_COMPAT,ONEX_HRST_WINDOW_API,10,526,initialize|query|new|validate|save|update|delete|approve|post|reverse|print|refresh|exit,NOT_READY_FOR_PRODUCTION
HRST007,HRST007.fmx,HRST,HR,4,ONEX_HR_COMPAT,ONEX_HRST_WINDOW_API,10,1204,initialize|query|new|validate|save|update|delete|approve|post|reverse|print|refresh|exit,NOT_READY_FOR_PRODUCTION
HRST008,HRST008.fmx,HRST,HR,4,ONEX_HR_COMPAT,ONEX_HRST_WINDOW_API,10,1282,initialize|query|new|validate|save|update|delete|approve|post|reverse|print|refresh|exit,NOT_READY_FOR_PRODUCTION
HRST009,HRST009.fmx,HRST,HR,4,ONEX_HR_COMPAT,ONEX_HRST_WINDOW_API,10,1294,initialize|query|new|validate|save|update|delete|approve|post|reverse|print|refresh|exit,NOT_READY_FOR_PRODUCTION
HRST00S2,HRST00S2.fmx,HRST,HR,4,ONEX_HR_COMPAT,ONEX_HRST_WINDOW_API,10,1583,initialize|query|new|validate|save|update|delete|approve|post|reverse|print|refresh|exit,NOT_READY_FOR_PRODUCTION
HRST010,HRST010.fmx,HRST,HR,4,ONEX_HR_COMPAT,ONEX_HRST_WINDOW_API,10,1342,initialize|query|new|validate|save|update|delete|approve|post|reverse|print|refresh|exit,NOT_READY_FOR_PRODUCTION
HRST010_NEW,HRST010_NEW.fmx,HRST,HR,4,ONEX_HR_COMPAT,ONEX_HRST_WINDOW_API,10,1232,initialize|query|new|validate|save|update|delete|approve|post|reverse|print|refresh|exit,NOT_READY_FOR_PRODUCTION
HRST011,HRST011.fmx,HRST,HR,4,ONEX_HR_COMPAT,ONEX_HRST_WINDOW_API,10,1668,initialize|query|new|validate|save|update|delete|approve|post|reverse|print|refresh|exit,NOT_READY_FOR_PRODUCTION
HRST012,HRST012.fmx,HRST,HR,4,ONEX_HR_COMPAT,ONEX_HRST_WINDOW_API,10,1796,initialize|query|new|validate|save|update|delete|approve|post|reverse|print|refresh|exit,NOT_READY_FOR_PRODUCTION
HRST013,HRST013.fmx,HRST,HR,4,ONEX_HR_COMPAT,ONEX_HRST_WINDOW_API,10,1218,initialize|query|new|validate|save|update|delete|approve|post|reverse|print|refresh|exit,NOT_READY_FOR_PRODUCTION
HRST014,HRST014.fmx,HRST,HR,4,ONEX_HR_COMPAT,ONEX_HRST_WINDOW_API,10,1181,initialize|query|new|validate|save|update|delete|approve|post|reverse|print|refresh|exit,NOT_READY_FOR_PRODUCTION
HRST015,HRST015.fmx,HRST,HR,4,ONEX_HR_COMPAT,ONEX_HRST_WINDOW_API,10,1367,initialize|query|new|validate|save|update|delete|approve|post|reverse|print|refresh|exit,NOT_READY_FOR_PRODUCTION
HRST016,HRST016.fmx,HRST,HR,4,ONEX_HR_COMPAT,ONEX_HRST_WINDOW_API,10,1041,initialize|query|new|validate|save|update|delete|approve|post|reverse|print|refresh|exit,NOT_READY_FOR_PRODUCTION
HRST017,HRST017.fmx,HRST,HR,4,ONEX_HR_COMPAT,ONEX_HRST_WINDOW_API,10,1175,initialize|query|new|validate|save|update|delete|approve|post|reverse|print|refresh|exit,NOT_READY_FOR_PRODUCTION
HRST018,HRST018.fmx,HRST,HR,4,ONEX_HR_COMPAT,ONEX_HRST_WINDOW_API,10,1405,initialize|query|new|validate|save|update|delete|approve|post|reverse|print|refresh|exit,NOT_READY_FOR_PRODUCTION
HRST019,HRST019.fmx,HRST,HR,4,ONEX_HR_COMPAT,ONEX_HRST_WINDOW_API,10,1253,initialize|query|new|validate|save|update|delete|approve|post|reverse|print|refresh|exit,NOT_READY_FOR_PRODUCTION
HRST025,HRST025.fmx,HRST,HR,4,ONEX_HR_COMPAT,ONEX_HRST_WINDOW_API,10,1114,initialize|query|new|validate|save|update|delete|approve|post|reverse|print|refresh|exit,NOT_READY_FOR_PRODUCTION
HRST026,HRST026.fmx,HRST,HR,4,ONEX_HR_COMPAT,ONEX_HRST_WINDOW_API,10,1598,initialize|query|new|validate|save|update|delete|approve|post|reverse|print|refresh|exit,NOT_READY_FOR_PRODUCTION
HRST027,HRST027.fmx,HRST,HR,4,ONEX_HR_COMPAT,ONEX_HRST_WINDOW_API,10,1635,initialize|query|new|validate|save|update|delete|approve|post|reverse|print|refresh|exit,NOT_READY_FOR_PRODUCTION
HRST028,HRST028.fmx,HRST,HR,4,ONEX_HR_COMPAT,ONEX_HRST_WINDOW_API,10,1233,initialize|query|new|validate|save|update|delete|approve|post|reverse|print|refresh|exit,NOT_READY_FOR_PRODUCTION
HRST029,HRST029.fmx,HRST,HR,4,ONEX_HR_COMPAT,ONEX_HRST_WINDOW_API,10,1271,initialize|query|new|validate|save|update|delete|approve|post|reverse|print|refresh|exit,NOT_READY_FOR_PRODUCTION
HRST031,HRST031.fmx,HRST,HR,4,ONEX_HR_COMPAT,ONEX_HRST_WINDOW_API,10,1183,initialize|query|new|validate|save|update|delete|approve|post|reverse|print|refresh|exit,NOT_READY_FOR_PRODUCTION
HRST032,HRST032.fmx,HRST,HR,4,ONEX_HR_COMPAT,ONEX_HRST_WINDOW_API,10,1356,initialize|query|new|validate|save|update|delete|approve|post|reverse|print|refresh|exit,NOT_READY_FOR_PRODUCTION
HRST034,HRST034.fmx,HRST,HR,4,ONEX_HR_COMPAT,ONEX_HRST_WINDOW_API,10,1336,initialize|query|new|validate|save|update|delete|approve|post|reverse|print|refresh|exit,NOT_READY_FOR_PRODUCTION
HRST040,HRST040.fmx,HRST,HR,4,ONEX_HR_COMPAT,ONEX_HRST_WINDOW_API,10,1192,initialize|query|new|validate|save|update|delete|approve|post|reverse|print|refresh|exit,NOT_READY_FOR_PRODUCTION
HRST045,HRST045.fmx,HRST,HR,4,ONEX_HR_COMPAT,ONEX_HRST_WINDOW_API,10,1390,initialize|query|new|validate|save|update|delete|approve|post|reverse|print|refresh|exit,NOT_READY_FOR_PRODUCTION
HRST046,HRST046.fmx,HRST,HR,4,ONEX_HR_COMPAT,ONEX_HRST_WINDOW_API,10,1820,initialize|query|new|validate|save|update|delete|approve|post|reverse|print|refresh|exit,NOT_READY_FOR_PRODUCTION
HRST046_NEW,HRST046_NEW.fmx,HRST,HR,4,ONEX_HR_COMPAT,ONEX_HRST_WINDOW_API,10,1736,initialize|query|new|validate|save|update|delete|approve|post|reverse|print|refresh|exit,NOT_READY_FOR_PRODUCTION
HRST047,HRST047.fmx,HRST,HR,4,ONEX_HR_COMPAT,ONEX_HRST_WINDOW_API,10,1358,initialize|query|new|validate|save|update|delete|approve|post|reverse|print|refresh|exit,NOT_READY_FOR_PRODUCTION
HRST048,HRST048.fmx,HRST,HR,4,ONEX_HR_COMPAT,ONEX_HRST_WINDOW_API,10,1041,initialize|query|new|validate|save|update|delete|approve|post|reverse|print|refresh|exit,NOT_READY_FOR_PRODUCTION
HRST049,HRST049.fmx,HRST,HR,4,ONEX_HR_COMPAT,ONEX_HRST_WINDOW_API,10,1056,initialize|query|new|validate|save|update|delete|approve|post|reverse|print|refresh|exit,NOT_READY_FOR_PRODUCTION
HRST050,HRST050.fmx,HRST,HR,4,ONEX_HR_COMPAT,ONEX_HRST_WINDOW_API,10,1254,initialize|query|new|validate|save|update|delete|approve|post|reverse|print|refresh|exit,NOT_READY_FOR_PRODUCTION
HRST051,HRST051.fmx,HRST,HR,4,ONEX_HR_COMPAT,ONEX_HRST_WINDOW_API,10,1011,initialize|query|new|validate|save|update|delete|approve|post|reverse|print|refresh|exit,NOT_READY_FOR_PRODUCTION
HRST052,HRST052.fmx,HRST,HR,4,ONEX_HR_COMPAT,ONEX_HRST_WINDOW_API,10,1350,initialize|query|new|validate|save|update|delete|approve|post|reverse|print|refresh|exit,NOT_READY_FOR_PRODUCTION
HRST053,HRST053.fmx,HRST,HR,4,ONEX_HR_COMPAT,ONEX_HRST_WINDOW_API,10,1368,initialize|query|new|validate|save|update|delete|approve|post|reverse|print|refresh|exit,NOT_READY_FOR_PRODUCTION
HRST054,HRST054.fmx,HRST,HR,4,ONEX_HR_COMPAT,ONEX_HRST_WINDOW_API,10,826,initialize|query|new|validate|save|update|delete|approve|post|reverse|print|refresh|exit,NOT_READY_FOR_PRODUCTION
HRST055,HRST055.fmx,HRST,HR,4,ONEX_HR_COMPAT,ONEX_HRST_WINDOW_API,10,973,initialize|query|new|validate|save|update|delete|approve|post|reverse|print|refresh|exit,NOT_READY_FOR_PRODUCTION
HRST060,HRST060.fmx,HRST,HR,4,ONEX_HR_COMPAT,ONEX_HRST_WINDOW_API,10,1145,initialize|query|new|validate|save|update|delete|approve|post|reverse|print|refresh|exit,NOT_READY_FOR_PRODUCTION
HRSTDD012,HRSTDD012.fmx,HRSTDD,HR,4,ONEX_HR_COMPAT,ONEX_HRSTDD_WINDOW_API,10,1756,initialize|query|new|validate|save|update|delete|approve|post|reverse|print|refresh|exit,NOT_READY_FOR_PRODUCTION
HRSTRNI003,HRSTRNI003.fmx,HRSTRNI,HR,4,ONEX_HR_COMPAT,ONEX_HRSTRNI_WINDOW_API,10,917,initialize|query|new|validate|save|update|delete|approve|post|reverse|print|refresh|exit,NOT_READY_FOR_PRODUCTION
HRSTRNI005,HRSTRNI005.fmx,HRSTRNI,HR,4,ONEX_HR_COMPAT,ONEX_HRSTRNI_WINDOW_API,10,816,initialize|query|new|validate|save|update|delete|approve|post|reverse|print|refresh|exit,NOT_READY_FOR_PRODUCTION
HRSTRNI007,HRSTRNI007.fmx,HRSTRNI,HR,4,ONEX_HR_COMPAT,ONEX_HRSTRNI_WINDOW_API,10,830,initialize|query|new|validate|save|update|delete|approve|post|reverse|print|refresh|exit,NOT_READY_FOR_PRODUCTION
HRSTRNI009,HRSTRNI009.fmx,HRSTRNI,HR,4,ONEX_HR_COMPAT,ONEX_HRSTRNI_WINDOW_API,10,847,initialize|query|new|validate|save|update|delete|approve|post|reverse|print|refresh|exit,NOT_READY_FOR_PRODUCTION
HRSTRNI011,HRSTRNI011.fmx,HRSTRNI,HR,4,ONEX_HR_COMPAT,ONEX_HRSTRNI_WINDOW_API,10,941,initialize|query|new|validate|save|update|delete|approve|post|reverse|print|refresh|exit,NOT_READY_FOR_PRODUCTION
HRSTRNR005,HRSTRNR005.fmx,HRSTRNR,HR,4,ONEX_HR_COMPAT,ONEX_HRSTRNR_WINDOW_API,10,762,initialize|query|new|validate|save|update|delete|approve|post|reverse|print|refresh|exit,NOT_READY_FOR_PRODUCTION
HRSTRNR010,HRSTRNR010.fmx,HRSTRNR,HR,4,ONEX_HR_COMPAT,ONEX_HRSTRNR_WINDOW_API,10,874,initialize|query|new|validate|save|update|delete|approve|post|reverse|print|refresh|exit,NOT_READY_FOR_PRODUCTION
HRSTRNT003,HRSTRNT003.fmx,HRSTRNT,HR,4,ONEX_HR_COMPAT,ONEX_HRSTRNT_WINDOW_API,10,1011,initialize|query|new|validate|save|update|delete|approve|post|reverse|print|refresh|exit,NOT_READY_FOR_PRODUCTION
HRSTRNT005,HRSTRNT005.fmx,HRSTRNT,HR,4,ONEX_HR_COMPAT,ONEX_HRSTRNT_WINDOW_API,10,1173,initialize|query|new|validate|save|update|delete|approve|post|reverse|print|refresh|exit,NOT_READY_FOR_PRODUCTION
HRSTRNT006,HRSTRNT006.fmx,HRSTRNT,HR,4,ONEX_HR_COMPAT,ONEX_HRSTRNT_WINDOW_API,10,1031,initialize|query|new|validate|save|update|delete|approve|post|reverse|print|refresh|exit,NOT_READY_FOR_PRODUCTION
HRSTRNT008,HRSTRNT008.fmx,HRSTRNT,HR,4,ONEX_HR_COMPAT,ONEX_HRSTRNT_WINDOW_API,10,1045,initialize|query|new|validate|save|update|delete|approve|post|reverse|print|refresh|exit,NOT_READY_FOR_PRODUCTION
HRSTRNT010,HRSTRNT010.fmx,HRSTRNT,HR,4,ONEX_HR_COMPAT,ONEX_HRSTRNT_WINDOW_API,10,1062,initialize|query|new|validate|save|update|delete|approve|post|reverse|print|refresh|exit,NOT_READY_FOR_PRODUCTION
HRSTRVLR001,HRSTRVLR001.fmx,HRSTRVLR,HR,4,ONEX_HR_COMPAT,ONEX_HRSTRVLR_WINDOW_API,10,847,initialize|query|new|validate|save|update|delete|approve|post|reverse|print|refresh|exit,NOT_READY_FOR_PRODUCTION
HRSTRVLR002,HRSTRVLR002.fmx,HRSTRVLR,HR,4,ONEX_HR_COMPAT,ONEX_HRSTRVLR_WINDOW_API,10,842,initialize|query|new|validate|save|update|delete|approve|post|reverse|print|refresh|exit,NOT_READY_FOR_PRODUCTION
HRSTRVLS001,HRSTRVLS001.fmx,HRSTRVLS,HR,4,ONEX_HR_COMPAT,ONEX_HRSTRVLS_WINDOW_API,10,1174,initialize|query|new|validate|save|update|delete|approve|post|reverse|print|refresh|exit,NOT_READY_FOR_PRODUCTION
HRSTRVLS002,HRSTRVLS002.fmx,HRSTRVLS,HR,4,ONEX_HR_COMPAT,ONEX_HRSTRVLS_WINDOW_API,10,883,initialize|query|new|validate|save|update|delete|approve|post|reverse|print|refresh|exit,NOT_READY_FOR_PRODUCTION
HRSTRVLS003,HRSTRVLS003.fmx,HRSTRVLS,HR,4,ONEX_HR_COMPAT,ONEX_HRSTRVLS_WINDOW_API,10,897,initialize|query|new|validate|save|update|delete|approve|post|reverse|print|refresh|exit,NOT_READY_FOR_PRODUCTION
HRSTRVLT001,HRSTRVLT001.fmx,HRSTRVLT,HR,4,ONEX_HR_COMPAT,ONEX_HRSTRVLT_WINDOW_API,10,1189,initialize|query|new|validate|save|update|delete|approve|post|reverse|print|refresh|exit,NOT_READY_FOR_PRODUCTION
HRSTRVLT002,HRSTRVLT002.fmx,HRSTRVLT,HR,4,ONEX_HR_COMPAT,ONEX_HRSTRVLT_WINDOW_API,10,1331,initialize|query|new|validate|save|update|delete|approve|post|reverse|print|refresh|exit,NOT_READY_FOR_PRODUCTION
HRSTRVLT002_OLD,HRSTRVLT002_OLD.fmx,HRSTRVLT,HR,4,ONEX_HR_COMPAT,ONEX_HRSTRVLT_WINDOW_API,10,1328,initialize|query|new|validate|save|update|delete|approve|post|reverse|print|refresh|exit,NOT_READY_FOR_PRODUCTION
HRSTS002,HRSTS002.fmx,HRSTS,HR,4,ONEX_HR_COMPAT,ONEX_HRSTS_WINDOW_API,10,1583,initialize|query|new|validate|save|update|delete|approve|post|reverse|print|refresh|exit,NOT_READY_FOR_PRODUCTION
HRSTS008,HRSTS008.fmx,HRSTS,HR,4,ONEX_HR_COMPAT,ONEX_HRSTS_WINDOW_API,10,1191,initialize|query|new|validate|save|update|delete|approve|post|reverse|print|refresh|exit,NOT_READY_FOR_PRODUCTION
HRST_010,HRST_010.fmx,HRST,HR,4,ONEX_HR_COMPAT,ONEX_HRST_WINDOW_API,10,1307,initialize|query|new|validate|save|update|delete|approve|post|reverse|print|refresh|exit,NOT_READY_FOR_PRODUCTION
HRSVLNR001,HRSVLNR001.fmx,HRSVLNR,HR,4,ONEX_HR_COMPAT,ONEX_HRSVLNR_WINDOW_API,10,791,initialize|query|new|validate|save|update|delete|approve|post|reverse|print|refresh|exit,NOT_READY_FOR_PRODUCTION
HRSVLNR002,HRSVLNR002.fmx,HRSVLNR,HR,4,ONEX_HR_COMPAT,ONEX_HRSVLNR_WINDOW_API,10,636,initialize|query|new|validate|save|update|delete|approve|post|reverse|print|refresh|exit,NOT_READY_FOR_PRODUCTION
HRSVLNS001,HRSVLNS001.fmx,HRSVLNS,HR,4,ONEX_HR_COMPAT,ONEX_HRSVLNS_WINDOW_API,10,879,initialize|query|new|validate|save|update|delete|approve|post|reverse|print|refresh|exit,NOT_READY_FOR_PRODUCTION
HRSVLNS002,HRSVLNS002.fmx,HRSVLNS,HR,4,ONEX_HR_COMPAT,ONEX_HRSVLNS_WINDOW_API,10,917,initialize|query|new|validate|save|update|delete|approve|post|reverse|print|refresh|exit,NOT_READY_FOR_PRODUCTION
HRSVLNS003,HRSVLNS003.fmx,HRSVLNS,HR,4,ONEX_HR_COMPAT,ONEX_HRSVLNS_WINDOW_API,10,995,initialize|query|new|validate|save|update|delete|approve|post|reverse|print|refresh|exit,NOT_READY_FOR_PRODUCTION
HRSVLNT001,HRSVLNT001.fmx,HRSVLNT,HR,4,ONEX_HR_COMPAT,ONEX_HRSVLNT_WINDOW_API,10,1279,initialize|query|new|validate|save|update|delete|approve|post|reverse|print|refresh|exit,NOT_READY_FOR_PRODUCTION
HRSVLNT002,HRSVLNT002.fmx,HRSVLNT,HR,4,ONEX_HR_COMPAT,ONEX_HRSVLNT_WINDOW_API,10,1097,initialize|query|new|validate|save|update|delete|approve|post|reverse|print|refresh|exit,NOT_READY_FOR_PRODUCTION
HRSVSAR001,HRSVSAR001.fmx,HRSVSAR,HR,4,ONEX_HR_COMPAT,ONEX_HRSVSAR_WINDOW_API,10,803,initialize|query|new|validate|save|update|delete|approve|post|reverse|print|refresh|exit,NOT_READY_FOR_PRODUCTION
HRSVSAR002,HRSVSAR002.fmx,HRSVSAR,HR,4,ONEX_HR_COMPAT,ONEX_HRSVSAR_WINDOW_API,10,711,initialize|query|new|validate|save|update|delete|approve|post|reverse|print|refresh|exit,NOT_READY_FOR_PRODUCTION
HRSVSAS001,HRSVSAS001.fmx,HRSVSAS,HR,4,ONEX_HR_COMPAT,ONEX_HRSVSAS_WINDOW_API,10,958,initialize|query|new|validate|save|update|delete|approve|post|reverse|print|refresh|exit,NOT_READY_FOR_PRODUCTION
HRSVSAS002,HRSVSAS002.fmx,HRSVSAS,HR,4,ONEX_HR_COMPAT,ONEX_HRSVSAS_WINDOW_API,10,964,initialize|query|new|validate|save|update|delete|approve|post|reverse|print|refresh|exit,NOT_READY_FOR_PRODUCTION
HRSVSAT001,HRSVSAT001.fmx,HRSVSAT,HR,4,ONEX_HR_COMPAT,ONEX_HRSVSAT_WINDOW_API,10,1098,initialize|query|new|validate|save|update|delete|approve|post|reverse|print|refresh|exit,NOT_READY_FOR_PRODUCTION
HRSVSAT002,HRSVSAT002.fmx,HRSVSAT,HR,4,ONEX_HR_COMPAT,ONEX_HRSVSAT_WINDOW_API,10,1210,initialize|query|new|validate|save|update|delete|approve|post|reverse|print|refresh|exit,NOT_READY_FOR_PRODUCTION
HRSVSAT003,HRSVSAT003.fmx,HRSVSAT,HR,4,ONEX_HR_COMPAT,ONEX_HRSVSAT_WINDOW_API,10,1216,initialize|query|new|validate|save|update|delete|approve|post|reverse|print|refresh|exit,NOT_READY_FOR_PRODUCTION
HRS_IMPXLS_LOAN,HRS_IMPXLS_LOAN.fmx,HRS,HR,4,ONEX_HR_COMPAT,ONEX_HRS_WINDOW_API,10,591,initialize|query|new|validate|save|update|delete|approve|post|reverse|print|refresh|exit,NOT_READY_FOR_PRODUCTION
HRS_RPRT_EMP,HRS_RPRT_EMP.fmx,HRS,HR,4,ONEX_HR_COMPAT,ONEX_HRS_WINDOW_API,10,1456,initialize|query|new|validate|save|update|delete|approve|post|reverse|print|refresh|exit,NOT_READY_FOR_PRODUCTION
IASAPT004,IASAPT004.fmx,OTHER,other,0,ONEX_ADMIN_COMPAT,ONEX_OTHER_WINDOW_API,10,2828,initialize|query|new|validate|save|update|delete|approve|post|reverse|print|refresh|exit,NOT_READY_FOR_PRODUCTION
IBSI001,IBSI001.fmx,IBSI,other-finance/operations,2,ONEX_GL_COMPAT,ONEX_IBSI_WINDOW_API,10,966,initialize|query|new|validate|save|update|delete|approve|post|reverse|print|refresh|exit,NOT_READY_FOR_PRODUCTION
IBSI002,IBSI002.fmx,IBSI,other-finance/operations,2,ONEX_GL_COMPAT,ONEX_IBSI_WINDOW_API,10,666,initialize|query|new|validate|save|update|delete|approve|post|reverse|print|refresh|exit,NOT_READY_FOR_PRODUCTION
IBSI003,IBSI003.fmx,IBSI,other-finance/operations,2,ONEX_GL_COMPAT,ONEX_IBSI_WINDOW_API,10,896,initialize|query|new|validate|save|update|delete|approve|post|reverse|print|refresh|exit,NOT_READY_FOR_PRODUCTION
IBSR001,IBSR001.fmx,IBSR,other-finance/operations,2,ONEX_GL_COMPAT,ONEX_IBSR_WINDOW_API,10,676,initialize|query|new|validate|save|update|delete|approve|post|reverse|print|refresh|exit,NOT_READY_FOR_PRODUCTION
IBSR002,IBSR002.fmx,IBSR,other-finance/operations,2,ONEX_GL_COMPAT,ONEX_IBSR_WINDOW_API,10,682,initialize|query|new|validate|save|update|delete|approve|post|reverse|print|refresh|exit,NOT_READY_FOR_PRODUCTION
IBSR003,IBSR003.fmx,IBSR,other-finance/operations,2,ONEX_GL_COMPAT,ONEX_IBSR_WINDOW_API,10,680,initialize|query|new|validate|save|update|delete|approve|post|reverse|print|refresh|exit,NOT_READY_FOR_PRODUCTION
IBSR004,IBSR004.fmx,IBSR,other-finance/operations,2,ONEX_GL_COMPAT,ONEX_IBSR_WINDOW_API,10,680,initialize|query|new|validate|save|update|delete|approve|post|reverse|print|refresh|exit,NOT_READY_FOR_PRODUCTION
IBSR005,IBSR005.fmx,IBSR,other-finance/operations,2,ONEX_GL_COMPAT,ONEX_IBSR_WINDOW_API,10,681,initialize|query|new|validate|save|update|delete|approve|post|reverse|print|refresh|exit,NOT_READY_FOR_PRODUCTION
IBSR006,IBSR006.fmx,IBSR,other-finance/operations,2,ONEX_GL_COMPAT,ONEX_IBSR_WINDOW_API,10,681,initialize|query|new|validate|save|update|delete|approve|post|reverse|print|refresh|exit,NOT_READY_FOR_PRODUCTION
IBSR007,IBSR007.fmx,IBSR,other-finance/operations,2,ONEX_GL_COMPAT,ONEX_IBSR_WINDOW_API,10,680,initialize|query|new|validate|save|update|delete|approve|post|reverse|print|refresh|exit,NOT_READY_FOR_PRODUCTION
IBSR008,IBSR008.fmx,IBSR,other-finance/operations,2,ONEX_GL_COMPAT,ONEX_IBSR_WINDOW_API,10,680,initialize|query|new|validate|save|update|delete|approve|post|reverse|print|refresh|exit,NOT_READY_FOR_PRODUCTION
IBSR009,IBSR009.fmx,IBSR,other-finance/operations,2,ONEX_GL_COMPAT,ONEX_IBSR_WINDOW_API,10,681,initialize|query|new|validate|save|update|delete|approve|post|reverse|print|refresh|exit,NOT_READY_FOR_PRODUCTION
IBSS001,IBSS001.fmx,IBSS,other-finance/operations,2,ONEX_GL_COMPAT,ONEX_IBSS_WINDOW_API,10,813,initialize|query|new|validate|save|update|delete|approve|post|reverse|print|refresh|exit,NOT_READY_FOR_PRODUCTION
IBST001,IBST001.fmx,IBST,other-finance/operations,2,ONEX_GL_COMPAT,ONEX_IBST_WINDOW_API,10,1034,initialize|query|new|validate|save|update|delete|approve|post|reverse|print|refresh|exit,NOT_READY_FOR_PRODUCTION
IBS_INSTAL,IBS_INSTAL.fmx,IBS,other-finance/operations,2,ONEX_GL_COMPAT,ONEX_IBS_WINDOW_API,10,625,initialize|query|new|validate|save|update|delete|approve|post|reverse|print|refresh|exit,NOT_READY_FOR_PRODUCTION
IMPOUT001,IMPOUT001.fmx,OTHER,other,0,ONEX_ADMIN_COMPAT,ONEX_OTHER_WINDOW_API,10,799,initialize|query|new|validate|save|update|delete|approve|post|reverse|print|refresh|exit,NOT_READY_FOR_PRODUCTION
INVI001,INVI001.fmx,INVI,inventory/stock,3,ONEX_INVENTORY_COMPAT,ONEX_INVI_WINDOW_API,10,604,initialize|query|new|validate|save|update|delete|approve|post|reverse|print|refresh|exit,NOT_READY_FOR_PRODUCTION
INVI002,INVI002.fmx,INVI,inventory/stock,3,ONEX_INVENTORY_COMPAT,ONEX_INVI_WINDOW_API,10,748,initialize|query|new|validate|save|update|delete|approve|post|reverse|print|refresh|exit,NOT_READY_FOR_PRODUCTION
INVI003,INVI003.fmx,INVI,inventory/stock,3,ONEX_INVENTORY_COMPAT,ONEX_INVI_WINDOW_API,10,788,initialize|query|new|validate|save|update|delete|approve|post|reverse|print|refresh|exit,NOT_READY_FOR_PRODUCTION
INVI004,INVI004.fmx,INVI,inventory/stock,3,ONEX_INVENTORY_COMPAT,ONEX_INVI_WINDOW_API,10,541,initialize|query|new|validate|save|update|delete|approve|post|reverse|print|refresh|exit,NOT_READY_FOR_PRODUCTION
INVI005,INVI005.fmx,INVI,inventory/stock,3,ONEX_INVENTORY_COMPAT,ONEX_INVI_WINDOW_API,10,713,initialize|query|new|validate|save|update|delete|approve|post|reverse|print|refresh|exit,NOT_READY_FOR_PRODUCTION
INVI006,INVI006.fmx,INVI,inventory/stock,3,ONEX_INVENTORY_COMPAT,ONEX_INVI_WINDOW_API,10,924,initialize|query|new|validate|save|update|delete|approve|post|reverse|print|refresh|exit,NOT_READY_FOR_PRODUCTION
INVI007,INVI007.fmx,INVI,inventory/stock,3,ONEX_INVENTORY_COMPAT,ONEX_INVI_WINDOW_API,10,562,initialize|query|new|validate|save|update|delete|approve|post|reverse|print|refresh|exit,NOT_READY_FOR_PRODUCTION
INVI008,INVI008.fmx,INVI,inventory/stock,3,ONEX_INVENTORY_COMPAT,ONEX_INVI_WINDOW_API,10,4061,initialize|query|new|validate|save|update|delete|approve|post|reverse|print|refresh|exit,NOT_READY_FOR_PRODUCTION
INVI009,INVI009.fmx,INVI,inventory/stock,3,ONEX_INVENTORY_COMPAT,ONEX_INVI_WINDOW_API,10,844,initialize|query|new|validate|save|update|delete|approve|post|reverse|print|refresh|exit,NOT_READY_FOR_PRODUCTION
INVI010,INVI010.fmx,INVI,inventory/stock,3,ONEX_INVENTORY_COMPAT,ONEX_INVI_WINDOW_API,10,2538,initialize|query|new|validate|save|update|delete|approve|post|reverse|print|refresh|exit,NOT_READY_FOR_PRODUCTION
INVI011,INVI011.fmx,INVI,inventory/stock,3,ONEX_INVENTORY_COMPAT,ONEX_INVI_WINDOW_API,10,2264,initialize|query|new|validate|save|update|delete|approve|post|reverse|print|refresh|exit,NOT_READY_FOR_PRODUCTION
INVI012,INVI012.fmx,INVI,inventory/stock,3,ONEX_INVENTORY_COMPAT,ONEX_INVI_WINDOW_API,10,720,initialize|query|new|validate|save|update|delete|approve|post|reverse|print|refresh|exit,NOT_READY_FOR_PRODUCTION
INVI013,INVI013.fmx,INVI,inventory/stock,3,ONEX_INVENTORY_COMPAT,ONEX_INVI_WINDOW_API,10,876,initialize|query|new|validate|save|update|delete|approve|post|reverse|print|refresh|exit,NOT_READY_FOR_PRODUCTION
INVI014,INVI014.fmx,INVI,inventory/stock,3,ONEX_INVENTORY_COMPAT,ONEX_INVI_WINDOW_API,10,999,initialize|query|new|validate|save|update|delete|approve|post|reverse|print|refresh|exit,NOT_READY_FOR_PRODUCTION
INVI015,INVI015.fmx,INVI,inventory/stock,3,ONEX_INVENTORY_COMPAT,ONEX_INVI_WINDOW_API,10,824,initialize|query|new|validate|save|update|delete|approve|post|reverse|print|refresh|exit,NOT_READY_FOR_PRODUCTION
INVI016,INVI016.fmx,INVI,inventory/stock,3,ONEX_INVENTORY_COMPAT,ONEX_INVI_WINDOW_API,10,864,initialize|query|new|validate|save|update|delete|approve|post|reverse|print|refresh|exit,NOT_READY_FOR_PRODUCTION
INVI018,INVI018.fmx,INVI,inventory/stock,3,ONEX_INVENTORY_COMPAT,ONEX_INVI_WINDOW_API,10,769,initialize|query|new|validate|save|update|delete|approve|post|reverse|print|refresh|exit,NOT_READY_FOR_PRODUCTION
INVI019,INVI019.fmx,INVI,inventory/stock,3,ONEX_INVENTORY_COMPAT,ONEX_INVI_WINDOW_API,10,860,initialize|query|new|validate|save|update|delete|approve|post|reverse|print|refresh|exit,NOT_READY_FOR_PRODUCTION
INVI020,INVI020.fmx,INVI,inventory/stock,3,ONEX_INVENTORY_COMPAT,ONEX_INVI_WINDOW_API,10,661,initialize|query|new|validate|save|update|delete|approve|post|reverse|print|refresh|exit,NOT_READY_FOR_PRODUCTION
INVI021,INVI021.fmx,INVI,inventory/stock,3,ONEX_INVENTORY_COMPAT,ONEX_INVI_WINDOW_API,10,1123,initialize|query|new|validate|save|update|delete|approve|post|reverse|print|refresh|exit,NOT_READY_FOR_PRODUCTION
INVI022,INVI022.fmx,INVI,inventory/stock,3,ONEX_INVENTORY_COMPAT,ONEX_INVI_WINDOW_API,10,917,initialize|query|new|validate|save|update|delete|approve|post|reverse|print|refresh|exit,NOT_READY_FOR_PRODUCTION
INVI023,INVI023.fmx,INVI,inventory/stock,3,ONEX_INVENTORY_COMPAT,ONEX_INVI_WINDOW_API,10,1672,initialize|query|new|validate|save|update|delete|approve|post|reverse|print|refresh|exit,NOT_READY_FOR_PRODUCTION
INVR001,INVR001.fmx,INVR,inventory/stock,3,ONEX_INVENTORY_COMPAT,ONEX_INVR_WINDOW_API,10,467,initialize|query|new|validate|save|update|delete|approve|post|reverse|print|refresh|exit,NOT_READY_FOR_PRODUCTION
INVR002,INVR002.fmx,INVR,inventory/stock,3,ONEX_INVENTORY_COMPAT,ONEX_INVR_WINDOW_API,10,897,initialize|query|new|validate|save|update|delete|approve|post|reverse|print|refresh|exit,NOT_READY_FOR_PRODUCTION
INVR003,INVR003.fmx,INVR,inventory/stock,3,ONEX_INVENTORY_COMPAT,ONEX_INVR_WINDOW_API,10,613,initialize|query|new|validate|save|update|delete|approve|post|reverse|print|refresh|exit,NOT_READY_FOR_PRODUCTION
INVR004,INVR004.fmx,INVR,inventory/stock,3,ONEX_INVENTORY_COMPAT,ONEX_INVR_WINDOW_API,10,716,initialize|query|new|validate|save|update|delete|approve|post|reverse|print|refresh|exit,NOT_READY_FOR_PRODUCTION
INVR005,INVR005.fmx,INVR,inventory/stock,3,ONEX_INVENTORY_COMPAT,ONEX_INVR_WINDOW_API,10,576,initialize|query|new|validate|save|update|delete|approve|post|reverse|print|refresh|exit,NOT_READY_FOR_PRODUCTION
INVR006,INVR006.fmx,INVR,inventory/stock,3,ONEX_INVENTORY_COMPAT,ONEX_INVR_WINDOW_API,10,816,initialize|query|new|validate|save|update|delete|approve|post|reverse|print|refresh|exit,NOT_READY_FOR_PRODUCTION
INVR007,INVR007.fmx,INVR,inventory/stock,3,ONEX_INVENTORY_COMPAT,ONEX_INVR_WINDOW_API,10,939,initialize|query|new|validate|save|update|delete|approve|post|reverse|print|refresh|exit,NOT_READY_FOR_PRODUCTION
INVR008,INVR008.fmx,INVR,inventory/stock,3,ONEX_INVENTORY_COMPAT,ONEX_INVR_WINDOW_API,10,940,initialize|query|new|validate|save|update|delete|approve|post|reverse|print|refresh|exit,NOT_READY_FOR_PRODUCTION
INVR009,INVR009.fmx,INVR,inventory/stock,3,ONEX_INVENTORY_COMPAT,ONEX_INVR_WINDOW_API,10,1191,initialize|query|new|validate|save|update|delete|approve|post|reverse|print|refresh|exit,NOT_READY_FOR_PRODUCTION
INVR010,INVR010.fmx,INVR,inventory/stock,3,ONEX_INVENTORY_COMPAT,ONEX_INVR_WINDOW_API,10,848,initialize|query|new|validate|save|update|delete|approve|post|reverse|print|refresh|exit,NOT_READY_FOR_PRODUCTION
INVR011,INVR011.fmx,INVR,inventory/stock,3,ONEX_INVENTORY_COMPAT,ONEX_INVR_WINDOW_API,10,1566,initialize|query|new|validate|save|update|delete|approve|post|reverse|print|refresh|exit,NOT_READY_FOR_PRODUCTION
INVR012,INVR012.fmx,INVR,inventory/stock,3,ONEX_INVENTORY_COMPAT,ONEX_INVR_WINDOW_API,10,1449,initialize|query|new|validate|save|update|delete|approve|post|reverse|print|refresh|exit,NOT_READY_FOR_PRODUCTION
INVR013,INVR013.fmx,INVR,inventory/stock,3,ONEX_INVENTORY_COMPAT,ONEX_INVR_WINDOW_API,10,872,initialize|query|new|validate|save|update|delete|approve|post|reverse|print|refresh|exit,NOT_READY_FOR_PRODUCTION
INVR014,INVR014.fmx,INVR,inventory/stock,3,ONEX_INVENTORY_COMPAT,ONEX_INVR_WINDOW_API,10,673,initialize|query|new|validate|save|update|delete|approve|post|reverse|print|refresh|exit,NOT_READY_FOR_PRODUCTION
INVR015,INVR015.fmx,INVR,inventory/stock,3,ONEX_INVENTORY_COMPAT,ONEX_INVR_WINDOW_API,10,1188,initialize|query|new|validate|save|update|delete|approve|post|reverse|print|refresh|exit,NOT_READY_FOR_PRODUCTION
INVR016,INVR016.fmx,INVR,inventory/stock,3,ONEX_INVENTORY_COMPAT,ONEX_INVR_WINDOW_API,10,409,initialize|query|new|validate|save|update|delete|approve|post|reverse|print|refresh|exit,NOT_READY_FOR_PRODUCTION
INVR017,INVR017.fmx,INVR,inventory/stock,3,ONEX_INVENTORY_COMPAT,ONEX_INVR_WINDOW_API,10,410,initialize|query|new|validate|save|update|delete|approve|post|reverse|print|refresh|exit,NOT_READY_FOR_PRODUCTION
INVR018,INVR018.fmx,INVR,inventory/stock,3,ONEX_INVENTORY_COMPAT,ONEX_INVR_WINDOW_API,10,499,initialize|query|new|validate|save|update|delete|approve|post|reverse|print|refresh|exit,NOT_READY_FOR_PRODUCTION
INVR019,INVR019.fmx,INVR,inventory/stock,3,ONEX_INVENTORY_COMPAT,ONEX_INVR_WINDOW_API,10,425,initialize|query|new|validate|save|update|delete|approve|post|reverse|print|refresh|exit,NOT_READY_FOR_PRODUCTION
INVR020,INVR020.fmx,INVR,inventory/stock,3,ONEX_INVENTORY_COMPAT,ONEX_INVR_WINDOW_API,10,593,initialize|query|new|validate|save|update|delete|approve|post|reverse|print|refresh|exit,NOT_READY_FOR_PRODUCTION
INVR021,INVR021.fmx,INVR,inventory/stock,3,ONEX_INVENTORY_COMPAT,ONEX_INVR_WINDOW_API,10,630,initialize|query|new|validate|save|update|delete|approve|post|reverse|print|refresh|exit,NOT_READY_FOR_PRODUCTION
INVR023,INVR023.fmx,INVR,inventory/stock,3,ONEX_INVENTORY_COMPAT,ONEX_INVR_WINDOW_API,10,456,initialize|query|new|validate|save|update|delete|approve|post|reverse|print|refresh|exit,NOT_READY_FOR_PRODUCTION
INVR024,INVR024.fmx,INVR,inventory/stock,3,ONEX_INVENTORY_COMPAT,ONEX_INVR_WINDOW_API,10,453,initialize|query|new|validate|save|update|delete|approve|post|reverse|print|refresh|exit,NOT_READY_FOR_PRODUCTION
INVR025,INVR025.fmx,INVR,inventory/stock,3,ONEX_INVENTORY_COMPAT,ONEX_INVR_WINDOW_API,10,677,initialize|query|new|validate|save|update|delete|approve|post|reverse|print|refresh|exit,NOT_READY_FOR_PRODUCTION
INVR026,INVR026.fmx,INVR,inventory/stock,3,ONEX_INVENTORY_COMPAT,ONEX_INVR_WINDOW_API,10,1011,initialize|query|new|validate|save|update|delete|approve|post|reverse|print|refresh|exit,NOT_READY_FOR_PRODUCTION
INVR027,INVR027.fmx,INVR,inventory/stock,3,ONEX_INVENTORY_COMPAT,ONEX_INVR_WINDOW_API,10,726,initialize|query|new|validate|save|update|delete|approve|post|reverse|print|refresh|exit,NOT_READY_FOR_PRODUCTION
INVR028,INVR028.fmx,INVR,inventory/stock,3,ONEX_INVENTORY_COMPAT,ONEX_INVR_WINDOW_API,10,851,initialize|query|new|validate|save|update|delete|approve|post|reverse|print|refresh|exit,NOT_READY_FOR_PRODUCTION
INVR029,INVR029.fmx,INVR,inventory/stock,3,ONEX_INVENTORY_COMPAT,ONEX_INVR_WINDOW_API,10,599,initialize|query|new|validate|save|update|delete|approve|post|reverse|print|refresh|exit,NOT_READY_FOR_PRODUCTION
INVR030,INVR030.fmx,INVR,inventory/stock,3,ONEX_INVENTORY_COMPAT,ONEX_INVR_WINDOW_API,10,1701,initialize|query|new|validate|save|update|delete|approve|post|reverse|print|refresh|exit,NOT_READY_FOR_PRODUCTION
INVR031,INVR031.fmx,INVR,inventory/stock,3,ONEX_INVENTORY_COMPAT,ONEX_INVR_WINDOW_API,10,2009,initialize|query|new|validate|save|update|delete|approve|post|reverse|print|refresh|exit,NOT_READY_FOR_PRODUCTION
INVR032,INVR032.fmx,INVR,inventory/stock,3,ONEX_INVENTORY_COMPAT,ONEX_INVR_WINDOW_API,10,724,initialize|query|new|validate|save|update|delete|approve|post|reverse|print|refresh|exit,NOT_READY_FOR_PRODUCTION
INVR033,INVR033.fmx,INVR,inventory/stock,3,ONEX_INVENTORY_COMPAT,ONEX_INVR_WINDOW_API,10,483,initialize|query|new|validate|save|update|delete|approve|post|reverse|print|refresh|exit,NOT_READY_FOR_PRODUCTION
INVS001,INVS001.fmx,INVS,inventory/stock,3,ONEX_INVENTORY_COMPAT,ONEX_INVS_WINDOW_API,10,1494,initialize|query|new|validate|save|update|delete|approve|post|reverse|print|refresh|exit,NOT_READY_FOR_PRODUCTION
INVS002,INVS002.fmx,INVS,inventory/stock,3,ONEX_INVENTORY_COMPAT,ONEX_INVS_WINDOW_API,10,596,initialize|query|new|validate|save|update|delete|approve|post|reverse|print|refresh|exit,NOT_READY_FOR_PRODUCTION
INVS003,INVS003.fmx,INVS,inventory/stock,3,ONEX_INVENTORY_COMPAT,ONEX_INVS_WINDOW_API,10,719,initialize|query|new|validate|save|update|delete|approve|post|reverse|print|refresh|exit,NOT_READY_FOR_PRODUCTION
INVS004,INVS004.fmx,INVS,inventory/stock,3,ONEX_INVENTORY_COMPAT,ONEX_INVS_WINDOW_API,10,661,initialize|query|new|validate|save|update|delete|approve|post|reverse|print|refresh|exit,NOT_READY_FOR_PRODUCTION
INVS005,INVS005.fmx,INVS,inventory/stock,3,ONEX_INVENTORY_COMPAT,ONEX_INVS_WINDOW_API,10,566,initialize|query|new|validate|save|update|delete|approve|post|reverse|print|refresh|exit,NOT_READY_FOR_PRODUCTION
INVS006,INVS006.fmx,INVS,inventory/stock,3,ONEX_INVENTORY_COMPAT,ONEX_INVS_WINDOW_API,10,571,initialize|query|new|validate|save|update|delete|approve|post|reverse|print|refresh|exit,NOT_READY_FOR_PRODUCTION
INVS007,INVS007.fmx,INVS,inventory/stock,3,ONEX_INVENTORY_COMPAT,ONEX_INVS_WINDOW_API,10,569,initialize|query|new|validate|save|update|delete|approve|post|reverse|print|refresh|exit,NOT_READY_FOR_PRODUCTION
INVS008,INVS008.fmx,INVS,inventory/stock,3,ONEX_INVENTORY_COMPAT,ONEX_INVS_WINDOW_API,10,566,initialize|query|new|validate|save|update|delete|approve|post|reverse|print|refresh|exit,NOT_READY_FOR_PRODUCTION
INVS009,INVS009.fmx,INVS,inventory/stock,3,ONEX_INVENTORY_COMPAT,ONEX_INVS_WINDOW_API,10,703,initialize|query|new|validate|save|update|delete|approve|post|reverse|print|refresh|exit,NOT_READY_FOR_PRODUCTION
INVS010,INVS010.fmx,INVS,inventory/stock,3,ONEX_INVENTORY_COMPAT,ONEX_INVS_WINDOW_API,10,571,initialize|query|new|validate|save|update|delete|approve|post|reverse|print|refresh|exit,NOT_READY_FOR_PRODUCTION
INVS011,INVS011.fmx,INVS,inventory/stock,3,ONEX_INVENTORY_COMPAT,ONEX_INVS_WINDOW_API,10,578,initialize|query|new|validate|save|update|delete|approve|post|reverse|print|refresh|exit,NOT_READY_FOR_PRODUCTION
INVS012,INVS012.fmx,INVS,inventory/stock,3,ONEX_INVENTORY_COMPAT,ONEX_INVS_WINDOW_API,10,707,initialize|query|new|validate|save|update|delete|approve|post|reverse|print|refresh|exit,NOT_READY_FOR_PRODUCTION
INVS013,INVS013.fmx,INVS,inventory/stock,3,ONEX_INVENTORY_COMPAT,ONEX_INVS_WINDOW_API,10,563,initialize|query|new|validate|save|update|delete|approve|post|reverse|print|refresh|exit,NOT_READY_FOR_PRODUCTION
INVS014,INVS014.fmx,INVS,inventory/stock,3,ONEX_INVENTORY_COMPAT,ONEX_INVS_WINDOW_API,10,506,initialize|query|new|validate|save|update|delete|approve|post|reverse|print|refresh|exit,NOT_READY_FOR_PRODUCTION
INVS015,INVS015.fmx,INVS,inventory/stock,3,ONEX_INVENTORY_COMPAT,ONEX_INVS_WINDOW_API,10,657,initialize|query|new|validate|save|update|delete|approve|post|reverse|print|refresh|exit,NOT_READY_FOR_PRODUCTION
INVS016,INVS016.fmx,INVS,inventory/stock,3,ONEX_INVENTORY_COMPAT,ONEX_INVS_WINDOW_API,10,487,initialize|query|new|validate|save|update|delete|post|print|refresh|exit,NOT_READY_FOR_PRODUCTION
INVS017,INVS017.fmx,INVS,inventory/stock,3,ONEX_INVENTORY_COMPAT,ONEX_INVS_WINDOW_API,10,559,initialize|query|new|validate|save|update|delete|approve|post|reverse|print|refresh|exit,NOT_READY_FOR_PRODUCTION
INVS018,INVS018.fmx,INVS,inventory/stock,3,ONEX_INVENTORY_COMPAT,ONEX_INVS_WINDOW_API,10,557,initialize|query|new|validate|save|update|delete|approve|post|reverse|print|refresh|exit,NOT_READY_FOR_PRODUCTION
INVS020,INVS020.fmx,INVS,inventory/stock,3,ONEX_INVENTORY_COMPAT,ONEX_INVS_WINDOW_API,10,586,initialize|query|new|validate|save|update|delete|approve|post|reverse|print|refresh|exit,NOT_READY_FOR_PRODUCTION
INVS021,INVS021.fmx,INVS,inventory/stock,3,ONEX_INVENTORY_COMPAT,ONEX_INVS_WINDOW_API,10,574,initialize|query|new|validate|save|update|delete|approve|post|reverse|print|refresh|exit,NOT_READY_FOR_PRODUCTION
INVT001,INVT001.fmx,INVT,inventory/stock,3,ONEX_INVENTORY_COMPAT,ONEX_INVT_WINDOW_API,10,2947,initialize|query|new|validate|save|update|delete|approve|post|reverse|print|refresh|exit,NOT_READY_FOR_PRODUCTION
INVT002,INVT002.fmx,INVT,inventory/stock,3,ONEX_INVENTORY_COMPAT,ONEX_INVT_WINDOW_API,10,2178,initialize|query|new|validate|save|update|delete|approve|post|reverse|print|refresh|exit,NOT_READY_FOR_PRODUCTION
INVT003,INVT003.fmx,INVT,inventory/stock,3,ONEX_INVENTORY_COMPAT,ONEX_INVT_WINDOW_API,10,5207,initialize|query|new|validate|save|update|delete|approve|post|reverse|print|refresh|exit,NOT_READY_FOR_PRODUCTION
INVT004,INVT004.fmx,INVT,inventory/stock,3,ONEX_INVENTORY_COMPAT,ONEX_INVT_WINDOW_API,10,4678,initialize|query|new|validate|save|update|delete|approve|post|reverse|print|refresh|exit,NOT_READY_FOR_PRODUCTION
INVT005,INVT005.fmx,INVT,inventory/stock,3,ONEX_INVENTORY_COMPAT,ONEX_INVT_WINDOW_API,10,4410,initialize|query|new|validate|save|update|delete|approve|post|reverse|print|refresh|exit,NOT_READY_FOR_PRODUCTION
INVT006,INVT006.fmx,INVT,inventory/stock,3,ONEX_INVENTORY_COMPAT,ONEX_INVT_WINDOW_API,10,4141,initialize|query|new|validate|save|update|delete|approve|post|reverse|print|refresh|exit,NOT_READY_FOR_PRODUCTION
INVT007,INVT007.fmx,INVT,inventory/stock,3,ONEX_INVENTORY_COMPAT,ONEX_INVT_WINDOW_API,10,3427,initialize|query|new|validate|save|update|delete|approve|post|reverse|print|refresh|exit,NOT_READY_FOR_PRODUCTION
INVT008,INVT008.fmx,INVT,inventory/stock,3,ONEX_INVENTORY_COMPAT,ONEX_INVT_WINDOW_API,10,2650,initialize|query|new|validate|save|update|delete|approve|post|reverse|print|refresh|exit,NOT_READY_FOR_PRODUCTION
INVT009,INVT009.fmx,INVT,inventory/stock,3,ONEX_INVENTORY_COMPAT,ONEX_INVT_WINDOW_API,10,845,initialize|query|new|validate|save|update|delete|approve|post|reverse|print|refresh|exit,NOT_READY_FOR_PRODUCTION
INVT010,INVT010.fmx,INVT,inventory/stock,3,ONEX_INVENTORY_COMPAT,ONEX_INVT_WINDOW_API,10,895,initialize|query|new|validate|save|update|delete|approve|post|reverse|print|refresh|exit,NOT_READY_FOR_PRODUCTION
INVT011,INVT011.fmx,INVT,inventory/stock,3,ONEX_INVENTORY_COMPAT,ONEX_INVT_WINDOW_API,10,1620,initialize|query|new|validate|save|update|delete|approve|post|reverse|print|refresh|exit,NOT_READY_FOR_PRODUCTION
INVT012,INVT012.fmx,INVT,inventory/stock,3,ONEX_INVENTORY_COMPAT,ONEX_INVT_WINDOW_API,10,1425,initialize|query|new|validate|save|update|delete|approve|post|reverse|print|refresh|exit,NOT_READY_FOR_PRODUCTION
INVT013,INVT013.fmx,INVT,inventory/stock,3,ONEX_INVENTORY_COMPAT,ONEX_INVT_WINDOW_API,10,875,initialize|query|new|validate|save|update|delete|approve|post|reverse|print|refresh|exit,NOT_READY_FOR_PRODUCTION
INVT014,INVT014.fmx,INVT,inventory/stock,3,ONEX_INVENTORY_COMPAT,ONEX_INVT_WINDOW_API,10,924,initialize|query|new|validate|save|update|delete|approve|post|reverse|print|refresh|exit,NOT_READY_FOR_PRODUCTION
INVT015,INVT015.fmx,INVT,inventory/stock,3,ONEX_INVENTORY_COMPAT,ONEX_INVT_WINDOW_API,10,1221,initialize|query|new|validate|save|update|delete|approve|post|reverse|print|refresh|exit,NOT_READY_FOR_PRODUCTION
INVT016,INVT016.fmx,INVT,inventory/stock,3,ONEX_INVENTORY_COMPAT,ONEX_INVT_WINDOW_API,10,2642,initialize|query|new|validate|save|update|delete|approve|post|reverse|print|refresh|exit,NOT_READY_FOR_PRODUCTION
INVT017,INVT017.fmx,INVT,inventory/stock,3,ONEX_INVENTORY_COMPAT,ONEX_INVT_WINDOW_API,10,2634,initialize|query|new|validate|save|update|delete|approve|post|reverse|print|refresh|exit,NOT_READY_FOR_PRODUCTION
INVT018,INVT018.fmx,INVT,inventory/stock,3,ONEX_INVENTORY_COMPAT,ONEX_INVT_WINDOW_API,10,2530,initialize|query|new|validate|save|update|delete|approve|post|reverse|print|refresh|exit,NOT_READY_FOR_PRODUCTION
INVT019,INVT019.fmx,INVT,inventory/stock,3,ONEX_INVENTORY_COMPAT,ONEX_INVT_WINDOW_API,10,652,initialize|query|new|validate|save|update|delete|approve|post|reverse|print|refresh|exit,NOT_READY_FOR_PRODUCTION
INVT020,INVT020.fmx,INVT,inventory/stock,3,ONEX_INVENTORY_COMPAT,ONEX_INVT_WINDOW_API,10,501,initialize|query|new|validate|save|update|delete|approve|post|reverse|print|refresh|exit,NOT_READY_FOR_PRODUCTION
INVT022,INVT022.fmx,INVT,inventory/stock,3,ONEX_INVENTORY_COMPAT,ONEX_INVT_WINDOW_API,10,1479,initialize|query|new|validate|save|update|delete|approve|post|reverse|print|refresh|exit,NOT_READY_FOR_PRODUCTION
INVT023,INVT023.fmx,INVT,inventory/stock,3,ONEX_INVENTORY_COMPAT,ONEX_INVT_WINDOW_API,10,921,initialize|query|new|validate|save|update|delete|approve|post|reverse|print|refresh|exit,NOT_READY_FOR_PRODUCTION
INV_IMPXLS_AVLQTY,INV_IMPXLS_AVLQTY.fmx,INV,inventory/stock,3,ONEX_INVENTORY_COMPAT,ONEX_INV_WINDOW_API,10,742,initialize|query|new|validate|save|update|delete|approve|post|reverse|print|refresh|exit,NOT_READY_FOR_PRODUCTION
INV_IMPXLS_BARCODE,INV_IMPXLS_BARCODE.fmx,INV,inventory/stock,3,ONEX_INVENTORY_COMPAT,ONEX_INV_WINDOW_API,10,655,initialize|query|new|validate|save|update|delete|approve|post|reverse|print|refresh|exit,NOT_READY_FOR_PRODUCTION
INV_IMPXLS_BATCH,INV_IMPXLS_BATCH.fmx,INV,inventory/stock,3,ONEX_INVENTORY_COMPAT,ONEX_INV_WINDOW_API,10,586,initialize|query|new|validate|save|update|delete|approve|post|reverse|print|refresh|exit,NOT_READY_FOR_PRODUCTION
INV_IMPXLS_ITEM,INV_IMPXLS_ITEM.fmx,INV,inventory/stock,3,ONEX_INVENTORY_COMPAT,ONEX_INV_WINDOW_API,10,1177,initialize|query|new|validate|save|update|delete|approve|post|reverse|print|refresh|exit,NOT_READY_FOR_PRODUCTION
INV_IMPXLS_PRICE,INV_IMPXLS_PRICE.fmx,INV,inventory/stock,3,ONEX_INVENTORY_COMPAT,ONEX_INV_WINDOW_API,10,708,initialize|query|new|validate|save|update|delete|approve|post|reverse|print|refresh|exit,NOT_READY_FOR_PRODUCTION
INV_ITM_TRNS,INV_ITM_TRNS.fmx,INV,inventory/stock,3,ONEX_INVENTORY_COMPAT,ONEX_INV_WINDOW_API,10,1218,initialize|query|new|validate|save|update|delete|approve|post|reverse|print|refresh|exit,NOT_READY_FOR_PRODUCTION
INV_Reevaluation,INV_Reevaluation.fmx,INV,inventory/stock,3,ONEX_INVENTORY_COMPAT,ONEX_INV_WINDOW_API,10,2043,initialize|query|new|validate|save|update|delete|approve|post|reverse|print|refresh|exit,NOT_READY_FOR_PRODUCTION
JRSI001,JRSI001.fmx,OTHER,other,0,ONEX_ADMIN_COMPAT,ONEX_OTHER_WINDOW_API,10,920,initialize|query|new|validate|save|update|delete|approve|post|reverse|print|refresh|exit,NOT_READY_FOR_PRODUCTION
JRSI002,JRSI002.fmx,OTHER,other,0,ONEX_ADMIN_COMPAT,ONEX_OTHER_WINDOW_API,10,763,initialize|query|new|validate|save|update|delete|approve|post|reverse|print|refresh|exit,NOT_READY_FOR_PRODUCTION
JRSR001,JRSR001.fmx,OTHER,other,0,ONEX_ADMIN_COMPAT,ONEX_OTHER_WINDOW_API,10,777,initialize|query|new|validate|save|update|delete|approve|post|reverse|print|refresh|exit,NOT_READY_FOR_PRODUCTION
JRSS001,JRSS001.fmx,OTHER,other,0,ONEX_ADMIN_COMPAT,ONEX_OTHER_WINDOW_API,10,827,initialize|query|new|validate|save|update|delete|approve|post|reverse|print|refresh|exit,NOT_READY_FOR_PRODUCTION
JRSS002,JRSS002.fmx,OTHER,other,0,ONEX_ADMIN_COMPAT,ONEX_OTHER_WINDOW_API,10,594,initialize|query|new|validate|save|update|delete|approve|post|reverse|print|refresh|exit,NOT_READY_FOR_PRODUCTION
JRSS003,JRSS003.fmx,OTHER,other,0,ONEX_ADMIN_COMPAT,ONEX_OTHER_WINDOW_API,10,646,initialize|query|new|validate|save|update|delete|approve|post|reverse|print|refresh|exit,NOT_READY_FOR_PRODUCTION
JRST001,JRST001.fmx,OTHER,other,0,ONEX_ADMIN_COMPAT,ONEX_OTHER_WINDOW_API,10,2992,initialize|query|new|validate|save|update|delete|approve|post|reverse|print|refresh|exit,NOT_READY_FOR_PRODUCTION
JRST002,JRST002.fmx,OTHER,other,0,ONEX_ADMIN_COMPAT,ONEX_OTHER_WINDOW_API,10,3093,initialize|query|new|validate|save|update|delete|approve|post|reverse|print|refresh|exit,NOT_READY_FOR_PRODUCTION
JRST0021,JRST0021.fmx,OTHER,other,0,ONEX_ADMIN_COMPAT,ONEX_OTHER_WINDOW_API,10,3130,initialize|query|new|validate|save|update|delete|approve|post|reverse|print|refresh|exit,NOT_READY_FOR_PRODUCTION
LGHTADM002,LGHTADM002.fmx,OTHER,other,0,ONEX_ADMIN_COMPAT,ONEX_OTHER_WINDOW_API,10,1306,initialize|query|new|validate|save|update|delete|approve|post|reverse|print|refresh|exit,NOT_READY_FOR_PRODUCTION
LGHTADM003,LGHTADM003.fmx,OTHER,other,0,ONEX_ADMIN_COMPAT,ONEX_OTHER_WINDOW_API,10,872,initialize|query|new|validate|save|update|delete|approve|post|reverse|print|refresh|exit,NOT_READY_FOR_PRODUCTION
LGHTR002,LGHTR002.fmx,OTHER,other,0,ONEX_ADMIN_COMPAT,ONEX_OTHER_WINDOW_API,10,494,initialize|query|new|validate|save|update|delete|approve|post|reverse|print|refresh|exit,NOT_READY_FOR_PRODUCTION
LGHTT001,LGHTT001.fmx,OTHER,other,0,ONEX_ADMIN_COMPAT,ONEX_OTHER_WINDOW_API,10,1801,initialize|query|new|validate|save|update|delete|approve|post|reverse|print|refresh|exit,NOT_READY_FOR_PRODUCTION
LGHTT002,LGHTT002.fmx,OTHER,other,0,ONEX_ADMIN_COMPAT,ONEX_OTHER_WINDOW_API,10,641,initialize|query|new|validate|save|update|delete|approve|post|reverse|print|refresh|exit,NOT_READY_FOR_PRODUCTION
LGHTT003,LGHTT003.fmx,OTHER,other,0,ONEX_ADMIN_COMPAT,ONEX_OTHER_WINDOW_API,10,701,initialize|query|new|validate|save|update|delete|approve|post|reverse|print|refresh|exit,NOT_READY_FOR_PRODUCTION
MNT0025,MNT0025.fmx,OTHER,other,0,ONEX_ADMIN_COMPAT,ONEX_OTHER_WINDOW_API,10,1043,initialize|query|new|validate|save|update|delete|approve|post|reverse|print|refresh|exit,NOT_READY_FOR_PRODUCTION
MNT021,MNT021.fmx,OTHER,other,0,ONEX_ADMIN_COMPAT,ONEX_OTHER_WINDOW_API,10,883,initialize|query|new|validate|save|update|delete|approve|post|reverse|print|refresh|exit,NOT_READY_FOR_PRODUCTION
MNT025,MNT025.fmx,OTHER,other,0,ONEX_ADMIN_COMPAT,ONEX_OTHER_WINDOW_API,10,1137,initialize|query|new|validate|save|update|delete|approve|post|reverse|print|refresh|exit,NOT_READY_FOR_PRODUCTION
MNT0T25,MNT0T25.fmx,OTHER,other,0,ONEX_ADMIN_COMPAT,ONEX_OTHER_WINDOW_API,10,1048,initialize|query|new|validate|save|update|delete|approve|post|reverse|print|refresh|exit,NOT_READY_FOR_PRODUCTION
MNTI001,MNTI001.fmx,OTHER,other,0,ONEX_ADMIN_COMPAT,ONEX_OTHER_WINDOW_API,10,1006,initialize|query|new|validate|save|update|delete|approve|post|reverse|print|refresh|exit,NOT_READY_FOR_PRODUCTION
MNTI002,MNTI002.fmx,OTHER,other,0,ONEX_ADMIN_COMPAT,ONEX_OTHER_WINDOW_API,10,543,initialize|query|new|validate|save|update|delete|approve|post|reverse|print|refresh|exit,NOT_READY_FOR_PRODUCTION
MNTI003,MNTI003.fmx,OTHER,other,0,ONEX_ADMIN_COMPAT,ONEX_OTHER_WINDOW_API,10,566,initialize|query|new|validate|save|update|delete|approve|post|reverse|print|refresh|exit,NOT_READY_FOR_PRODUCTION
MNTI004,MNTI004.fmx,OTHER,other,0,ONEX_ADMIN_COMPAT,ONEX_OTHER_WINDOW_API,10,608,initialize|query|new|validate|save|update|delete|approve|post|reverse|print|refresh|exit,NOT_READY_FOR_PRODUCTION
MNTI005,MNTI005.fmx,OTHER,other,0,ONEX_ADMIN_COMPAT,ONEX_OTHER_WINDOW_API,10,621,initialize|query|new|validate|save|update|delete|approve|post|reverse|print|refresh|exit,NOT_READY_FOR_PRODUCTION
MNTI006,MNTI006.fmx,OTHER,other,0,ONEX_ADMIN_COMPAT,ONEX_OTHER_WINDOW_API,10,1024,initialize|query|new|validate|save|update|delete|approve|post|reverse|print|refresh|exit,NOT_READY_FOR_PRODUCTION
MNTI007,MNTI007.fmx,OTHER,other,0,ONEX_ADMIN_COMPAT,ONEX_OTHER_WINDOW_API,10,1113,initialize|query|new|validate|save|update|delete|approve|post|reverse|print|refresh|exit,NOT_READY_FOR_PRODUCTION
MNTI008,MNTI008.fmx,OTHER,other,0,ONEX_ADMIN_COMPAT,ONEX_OTHER_WINDOW_API,10,792,initialize|query|new|validate|save|update|delete|approve|post|reverse|print|refresh|exit,NOT_READY_FOR_PRODUCTION
MNTR001,MNTR001.fmx,OTHER,other,0,ONEX_ADMIN_COMPAT,ONEX_OTHER_WINDOW_API,10,638,initialize|query|new|validate|save|update|delete|approve|post|reverse|print|refresh|exit,NOT_READY_FOR_PRODUCTION
MNTR005,MNTR005.fmx,OTHER,other,0,ONEX_ADMIN_COMPAT,ONEX_OTHER_WINDOW_API,10,639,initialize|query|new|validate|save|update|delete|approve|post|reverse|print|refresh|exit,NOT_READY_FOR_PRODUCTION
MNTS001,MNTS001.fmx,OTHER,other,0,ONEX_ADMIN_COMPAT,ONEX_OTHER_WINDOW_API,10,581,initialize|query|new|validate|save|update|delete|approve|post|reverse|print|refresh|exit,NOT_READY_FOR_PRODUCTION
MNTS002,MNTS002.fmx,OTHER,other,0,ONEX_ADMIN_COMPAT,ONEX_OTHER_WINDOW_API,10,553,initialize|query|new|validate|save|update|delete|approve|post|reverse|print|refresh|exit,NOT_READY_FOR_PRODUCTION
MNTS003,MNTS003.fmx,OTHER,other,0,ONEX_ADMIN_COMPAT,ONEX_OTHER_WINDOW_API,10,878,initialize|query|new|validate|save|update|delete|approve|post|reverse|print|refresh|exit,NOT_READY_FOR_PRODUCTION
MNTS004,MNTS004.fmx,OTHER,other,0,ONEX_ADMIN_COMPAT,ONEX_OTHER_WINDOW_API,10,878,initialize|query|new|validate|save|update|delete|approve|post|reverse|print|refresh|exit,NOT_READY_FOR_PRODUCTION
MNTS005,MNTS005.fmx,OTHER,other,0,ONEX_ADMIN_COMPAT,ONEX_OTHER_WINDOW_API,10,570,initialize|query|new|validate|save|update|delete|approve|post|reverse|print|refresh|exit,NOT_READY_FOR_PRODUCTION
MNTS006,MNTS006.fmx,OTHER,other,0,ONEX_ADMIN_COMPAT,ONEX_OTHER_WINDOW_API,10,819,initialize|query|new|validate|save|update|delete|approve|post|reverse|print|refresh|exit,NOT_READY_FOR_PRODUCTION
MNTS007,MNTS007.fmx,OTHER,other,0,ONEX_ADMIN_COMPAT,ONEX_OTHER_WINDOW_API,10,822,initialize|query|new|validate|save|update|delete|approve|post|reverse|print|refresh|exit,NOT_READY_FOR_PRODUCTION
MNTS025,MNTS025.fmx,OTHER,other,0,ONEX_ADMIN_COMPAT,ONEX_OTHER_WINDOW_API,10,1080,initialize|query|new|validate|save|update|delete|approve|post|reverse|print|refresh|exit,NOT_READY_FOR_PRODUCTION
MNTT001,MNTT001.fmx,OTHER,other,0,ONEX_ADMIN_COMPAT,ONEX_OTHER_WINDOW_API,10,1813,initialize|query|new|validate|save|update|delete|approve|post|reverse|print|refresh|exit,NOT_READY_FOR_PRODUCTION
MNTT002,MNTT002.fmx,OTHER,other,0,ONEX_ADMIN_COMPAT,ONEX_OTHER_WINDOW_API,10,917,initialize|query|new|validate|save|update|delete|approve|post|reverse|print|refresh|exit,NOT_READY_FOR_PRODUCTION
MNTT003,MNTT003.fmx,OTHER,other,0,ONEX_ADMIN_COMPAT,ONEX_OTHER_WINDOW_API,10,1636,initialize|query|new|validate|save|update|delete|approve|post|reverse|print|refresh|exit,NOT_READY_FOR_PRODUCTION
MNTT004,MNTT004.fmx,OTHER,other,0,ONEX_ADMIN_COMPAT,ONEX_OTHER_WINDOW_API,10,1023,initialize|query|new|validate|save|update|delete|approve|post|reverse|print|refresh|exit,NOT_READY_FOR_PRODUCTION
MNTT005,MNTT005.fmx,OTHER,other,0,ONEX_ADMIN_COMPAT,ONEX_OTHER_WINDOW_API,10,2287,initialize|query|new|validate|save|update|delete|approve|post|reverse|print|refresh|exit,NOT_READY_FOR_PRODUCTION
MNTT006,MNTT006.fmx,OTHER,other,0,ONEX_ADMIN_COMPAT,ONEX_OTHER_WINDOW_API,10,999,initialize|query|new|validate|save|update|delete|approve|post|reverse|print|refresh|exit,NOT_READY_FOR_PRODUCTION
MNTT007,MNTT007.fmx,OTHER,other,0,ONEX_ADMIN_COMPAT,ONEX_OTHER_WINDOW_API,10,903,initialize|query|new|validate|save|update|delete|approve|post|reverse|print|refresh|exit,NOT_READY_FOR_PRODUCTION
MNTT010,MNTT010.fmx,OTHER,other,0,ONEX_ADMIN_COMPAT,ONEX_OTHER_WINDOW_API,10,1435,initialize|query|new|validate|save|update|delete|approve|post|reverse|print|refresh|exit,NOT_READY_FOR_PRODUCTION
MNTT011,MNTT011.fmx,OTHER,other,0,ONEX_ADMIN_COMPAT,ONEX_OTHER_WINDOW_API,10,870,initialize|query|new|validate|save|update|delete|approve|post|reverse|print|refresh|exit,NOT_READY_FOR_PRODUCTION
MNTT012,MNTT012.fmx,OTHER,other,0,ONEX_ADMIN_COMPAT,ONEX_OTHER_WINDOW_API,10,628,initialize|query|new|validate|save|update|delete|approve|post|reverse|print|refresh|exit,NOT_READY_FOR_PRODUCTION
MNTT013,MNTT013.fmx,OTHER,other,0,ONEX_ADMIN_COMPAT,ONEX_OTHER_WINDOW_API,10,887,initialize|query|new|validate|save|update|delete|approve|post|reverse|print|refresh|exit,NOT_READY_FOR_PRODUCTION
MNTT020,MNTT020.fmx,OTHER,other,0,ONEX_ADMIN_COMPAT,ONEX_OTHER_WINDOW_API,10,878,initialize|query|new|validate|save|update|delete|approve|post|reverse|print|refresh|exit,NOT_READY_FOR_PRODUCTION
MNTT021,MNTT021.fmx,OTHER,other,0,ONEX_ADMIN_COMPAT,ONEX_OTHER_WINDOW_API,10,884,initialize|query|new|validate|save|update|delete|approve|post|reverse|print|refresh|exit,NOT_READY_FOR_PRODUCTION
MNTT022,MNTT022.fmx,OTHER,other,0,ONEX_ADMIN_COMPAT,ONEX_OTHER_WINDOW_API,10,867,initialize|query|new|validate|save|update|delete|approve|post|reverse|print|refresh|exit,NOT_READY_FOR_PRODUCTION
MNTT025,MNTT025.fmx,OTHER,other,0,ONEX_ADMIN_COMPAT,ONEX_OTHER_WINDOW_API,10,1042,initialize|query|new|validate|save|update|delete|approve|post|reverse|print|refresh|exit,NOT_READY_FOR_PRODUCTION
MNTT050,MNTT050.fmx,OTHER,other,0,ONEX_ADMIN_COMPAT,ONEX_OTHER_WINDOW_API,10,1435,initialize|query|new|validate|save|update|delete|approve|post|reverse|print|refresh|exit,NOT_READY_FOR_PRODUCTION
MRPACS001,MRPACS001.fmx,MRPACS,MRP/treasury,4,ONEX_MRP_COMPAT,ONEX_MRPACS_WINDOW_API,10,583,initialize|query|new|validate|save|update|delete|post|print|refresh|exit,NOT_READY_FOR_PRODUCTION
MRPACS004,MRPACS004.fmx,MRPACS,MRP/treasury,4,ONEX_MRP_COMPAT,ONEX_MRPACS_WINDOW_API,10,28534,initialize|query|new|validate|save|update|delete|approve|post|reverse|print|refresh|exit,NOT_READY_FOR_PRODUCTION
MRPBOM005,MRPBOM005.fmx,MRPBOM,MRP/treasury,4,ONEX_MRP_COMPAT,ONEX_MRPBOM_WINDOW_API,10,395,initialize|query|new|validate|save|update|delete|post|print|refresh|exit,NOT_READY_FOR_PRODUCTION
MRPBOM01,MRPBOM01.fmx,MRPBOM,MRP/treasury,4,ONEX_MRP_COMPAT,ONEX_MRPBOM_WINDOW_API,10,234,initialize|query|new|validate|save|update|delete|post|print|refresh|exit,NOT_READY_FOR_PRODUCTION
MRPBOM010,MRPBOM010.fmx,MRPBOM,MRP/treasury,4,ONEX_MRP_COMPAT,ONEX_MRPBOM_WINDOW_API,10,481,initialize|query|new|validate|save|update|delete|post|print|refresh|exit,NOT_READY_FOR_PRODUCTION
MRPBOM03,MRPBOM03.fmx,MRPBOM,MRP/treasury,4,ONEX_MRP_COMPAT,ONEX_MRPBOM_WINDOW_API,10,370,initialize|query|new|validate|save|update|delete|post|print|refresh|exit,NOT_READY_FOR_PRODUCTION
MRPCRP001,MRPCRP001.fmx,MRPCRP,MRP/treasury,4,ONEX_MRP_COMPAT,ONEX_MRPCRP_WINDOW_API,10,291,initialize|query|new|validate|save|update|delete|post|print|refresh|exit,NOT_READY_FOR_PRODUCTION
MRPCRP003,MRPCRP003.fmx,MRPCRP,MRP/treasury,4,ONEX_MRP_COMPAT,ONEX_MRPCRP_WINDOW_API,10,846,initialize|query|new|validate|save|update|delete|post|print|refresh|exit,NOT_READY_FOR_PRODUCTION
MRPCRP005,MRPCRP005.fmx,MRPCRP,MRP/treasury,4,ONEX_MRP_COMPAT,ONEX_MRPCRP_WINDOW_API,10,320,initialize|query|new|validate|save|update|delete|post|print|refresh|exit,NOT_READY_FOR_PRODUCTION
MRPCRP030,MRPCRP030.fmx,MRPCRP,MRP/treasury,4,ONEX_MRP_COMPAT,ONEX_MRPCRP_WINDOW_API,10,526,initialize|query|new|validate|save|update|delete|approve|post|reverse|print|refresh|exit,NOT_READY_FOR_PRODUCTION
MRPCRP060,MRPCRP060.fmx,MRPCRP,MRP/treasury,4,ONEX_MRP_COMPAT,ONEX_MRPCRP_WINDOW_API,10,466,initialize|query|new|validate|save|update|delete|post|print|refresh|exit,NOT_READY_FOR_PRODUCTION
MRPCRP07,MRPCRP07.fmx,MRPCRP,MRP/treasury,4,ONEX_MRP_COMPAT,ONEX_MRPCRP_WINDOW_API,10,234,initialize|query|new|validate|save|update|delete|post|print|refresh|exit,NOT_READY_FOR_PRODUCTION
MRPCRP100,MRPCRP100.fmx,MRPCRP,MRP/treasury,4,ONEX_MRP_COMPAT,ONEX_MRPCRP_WINDOW_API,10,239,initialize|query|new|validate|save|update|delete|post|print|refresh|exit,NOT_READY_FOR_PRODUCTION
MRPCRP20,MRPCRP20.fmx,MRPCRP,MRP/treasury,4,ONEX_MRP_COMPAT,ONEX_MRPCRP_WINDOW_API,10,383,initialize|query|new|validate|save|update|delete|post|print|refresh|exit,NOT_READY_FOR_PRODUCTION
MRPCRP23,MRPCRP23.fmx,MRPCRP,MRP/treasury,4,ONEX_MRP_COMPAT,ONEX_MRPCRP_WINDOW_API,10,837,initialize|query|new|validate|save|update|delete|post|print|refresh|exit,NOT_READY_FOR_PRODUCTION
MRPCRP24,MRPCRP24.fmx,MRPCRP,MRP/treasury,4,ONEX_MRP_COMPAT,ONEX_MRPCRP_WINDOW_API,10,259,initialize|query|new|validate|save|update|delete|post|print|refresh|exit,NOT_READY_FOR_PRODUCTION
MRPCRP26,MRPCRP26.fmx,MRPCRP,MRP/treasury,4,ONEX_MRP_COMPAT,ONEX_MRPCRP_WINDOW_API,10,244,initialize|query|new|validate|save|update|delete|post|print|refresh|exit,NOT_READY_FOR_PRODUCTION
MRPCRP50,MRPCRP50.fmx,MRPCRP,MRP/treasury,4,ONEX_MRP_COMPAT,ONEX_MRPCRP_WINDOW_API,10,341,initialize|query|new|validate|save|update|delete|post|print|refresh|exit,NOT_READY_FOR_PRODUCTION
MRPDBA,MRPDBA.fmx,MRPDBA,MRP/treasury,4,ONEX_MRP_COMPAT,ONEX_MRPDBA_WINDOW_API,10,149,initialize|query|new|validate|save|update|approve|post|reverse|print|refresh|exit,NOT_READY_FOR_PRODUCTION
MRPIMPXLS,MRPIMPXLS.fmx,MRPIMPXLS,MRP/treasury,4,ONEX_MRP_COMPAT,ONEX_MRPIMPXLS_WINDOW_API,10,400,initialize|query|new|validate|save|update|delete|post|print|refresh|exit,NOT_READY_FOR_PRODUCTION
MRPIMP_ITEMS_XLS,MRPIMP_ITEMS_XLS.fmx,MRPIMP,MRP/treasury,4,ONEX_MRP_COMPAT,ONEX_MRPIMP_WINDOW_API,10,293,initialize|query|new|validate|save|update|delete|post|print|refresh|exit,NOT_READY_FOR_PRODUCTION
MRPMMS010,MRPMMS010.fmx,MRPMMS,MRP/treasury,4,ONEX_MRP_COMPAT,ONEX_MRPMMS_WINDOW_API,10,447,initialize|query|new|validate|save|update|delete|post|print|refresh|exit,NOT_READY_FOR_PRODUCTION
MRPMMS011,MRPMMS011.fmx,MRPMMS,MRP/treasury,4,ONEX_MRP_COMPAT,ONEX_MRPMMS_WINDOW_API,10,577,initialize|query|new|validate|save|update|delete|post|print|refresh|exit,NOT_READY_FOR_PRODUCTION
MRPMMS012,MRPMMS012.fmx,MRPMMS,MRP/treasury,4,ONEX_MRP_COMPAT,ONEX_MRPMMS_WINDOW_API,10,556,initialize|query|new|validate|save|update|delete|post|print|refresh|exit,NOT_READY_FOR_PRODUCTION
MRPMMS013,MRPMMS013.fmx,MRPMMS,MRP/treasury,4,ONEX_MRP_COMPAT,ONEX_MRPMMS_WINDOW_API,10,531,initialize|query|new|validate|save|update|delete|post|print|refresh|exit,NOT_READY_FOR_PRODUCTION
MRPMMS014,MRPMMS014.fmx,MRPMMS,MRP/treasury,4,ONEX_MRP_COMPAT,ONEX_MRPMMS_WINDOW_API,10,317,initialize|query|new|validate|save|update|delete|post|print|refresh|exit,NOT_READY_FOR_PRODUCTION
MRPMPS010,MRPMPS010.fmx,MRPMPS,MRP/treasury,4,ONEX_MRP_COMPAT,ONEX_MRPMPS_WINDOW_API,10,1532,initialize|query|new|validate|save|update|delete|post|print|refresh|exit,NOT_READY_FOR_PRODUCTION
MRPMPS02,MRPMPS02.fmx,MRPMPS,MRP/treasury,4,ONEX_MRP_COMPAT,ONEX_MRPMPS_WINDOW_API,10,905,initialize|query|new|validate|save|update|delete|approve|post|reverse|print|refresh|exit,NOT_READY_FOR_PRODUCTION
MRPMPS032,MRPMPS032.fmx,MRPMPS,MRP/treasury,4,ONEX_MRP_COMPAT,ONEX_MRPMPS_WINDOW_API,10,581,initialize|query|new|validate|save|update|delete|post|print|refresh|exit,NOT_READY_FOR_PRODUCTION
MRPMPS045,MRPMPS045.fmx,MRPMPS,MRP/treasury,4,ONEX_MRP_COMPAT,ONEX_MRPMPS_WINDOW_API,10,449,initialize|query|new|validate|save|update|delete|post|print|refresh|exit,NOT_READY_FOR_PRODUCTION
MRPMPS048,MRPMPS048.fmx,MRPMPS,MRP/treasury,4,ONEX_MRP_COMPAT,ONEX_MRPMPS_WINDOW_API,10,296,initialize|query|new|validate|save|update|delete|post|print|refresh|exit,NOT_READY_FOR_PRODUCTION
MRPMPS06,MRPMPS06.fmx,MRPMPS,MRP/treasury,4,ONEX_MRP_COMPAT,ONEX_MRPMPS_WINDOW_API,10,390,initialize|query|new|validate|save|update|delete|post|print|refresh|exit,NOT_READY_FOR_PRODUCTION
MRPMPS07,MRPMPS07.fmx,MRPMPS,MRP/treasury,4,ONEX_MRP_COMPAT,ONEX_MRPMPS_WINDOW_API,10,692,initialize|query|new|validate|save|update|delete|post|print|refresh|exit,NOT_READY_FOR_PRODUCTION
MRPMPS09,MRPMPS09.fmx,MRPMPS,MRP/treasury,4,ONEX_MRP_COMPAT,ONEX_MRPMPS_WINDOW_API,10,458,initialize|query|new|validate|save|update|delete|post|print|refresh|exit,NOT_READY_FOR_PRODUCTION
MRPMRP004,MRPMRP004.fmx,MRPMRP,MRP/treasury,4,ONEX_MRP_COMPAT,ONEX_MRPMRP_WINDOW_API,10,1045,initialize|query|new|validate|save|update|delete|post|print|refresh|exit,NOT_READY_FOR_PRODUCTION
MRPMRP005,MRPMRP005.fmx,MRPMRP,MRP/treasury,4,ONEX_MRP_COMPAT,ONEX_MRPMRP_WINDOW_API,10,379,initialize|query|new|validate|save|update|delete|post|print|refresh|exit,NOT_READY_FOR_PRODUCTION
MRPMRP006,MRPMRP006.fmx,MRPMRP,MRP/treasury,4,ONEX_MRP_COMPAT,ONEX_MRPMRP_WINDOW_API,10,483,initialize|query|new|validate|save|update|delete|post|print|refresh|exit,NOT_READY_FOR_PRODUCTION
MRPMRP007,MRPMRP007.fmx,MRPMRP,MRP/treasury,4,ONEX_MRP_COMPAT,ONEX_MRPMRP_WINDOW_API,10,587,initialize|query|new|validate|save|update|delete|post|print|refresh|exit,NOT_READY_FOR_PRODUCTION
MRPPCM003,MRPPCM003.fmx,MRPPCM,MRP/treasury,4,ONEX_MRP_COMPAT,ONEX_MRPPCM_WINDOW_API,10,715,initialize|query|new|validate|save|update|delete|post|print|refresh|exit,NOT_READY_FOR_PRODUCTION
MRPPCM006,MRPPCM006.fmx,MRPPCM,MRP/treasury,4,ONEX_MRP_COMPAT,ONEX_MRPPCM_WINDOW_API,10,439,initialize|query|new|validate|save|update|delete|post|print|refresh|exit,NOT_READY_FOR_PRODUCTION
MRPPCM009,MRPPCM009.fmx,MRPPCM,MRP/treasury,4,ONEX_MRP_COMPAT,ONEX_MRPPCM_WINDOW_API,10,454,initialize|query|new|validate|save|update|delete|post|print|refresh|exit,NOT_READY_FOR_PRODUCTION
MRPPCM010,MRPPCM010.fmx,MRPPCM,MRP/treasury,4,ONEX_MRP_COMPAT,ONEX_MRPPCM_WINDOW_API,10,440,initialize|query|new|validate|save|update|delete|post|print|refresh|exit,NOT_READY_FOR_PRODUCTION
MRPPCM011,MRPPCM011.fmx,MRPPCM,MRP/treasury,4,ONEX_MRP_COMPAT,ONEX_MRPPCM_WINDOW_API,10,629,initialize|query|new|validate|save|update|delete|post|print|refresh|exit,NOT_READY_FOR_PRODUCTION
MRPPCM012,MRPPCM012.fmx,MRPPCM,MRP/treasury,4,ONEX_MRP_COMPAT,ONEX_MRPPCM_WINDOW_API,10,625,initialize|query|new|validate|save|update|delete|post|print|refresh|exit,NOT_READY_FOR_PRODUCTION
MRPPCM013,MRPPCM013.fmx,MRPPCM,MRP/treasury,4,ONEX_MRP_COMPAT,ONEX_MRPPCM_WINDOW_API,10,633,initialize|query|new|validate|save|update|delete|post|print|refresh|exit,NOT_READY_FOR_PRODUCTION
MRPPCM014,MRPPCM014.fmx,MRPPCM,MRP/treasury,4,ONEX_MRP_COMPAT,ONEX_MRPPCM_WINDOW_API,10,439,initialize|query|new|validate|save|update|delete|post|print|refresh|exit,NOT_READY_FOR_PRODUCTION
MRPPCM019,MRPPCM019.fmx,MRPPCM,MRP/treasury,4,ONEX_MRP_COMPAT,ONEX_MRPPCM_WINDOW_API,10,411,initialize|query|new|validate|save|update|delete|post|print|refresh|exit,NOT_READY_FOR_PRODUCTION
MRPPCM021,MRPPCM021.fmx,MRPPCM,MRP/treasury,4,ONEX_MRP_COMPAT,ONEX_MRPPCM_WINDOW_API,10,323,initialize|query|new|validate|save|update|delete|post|print|refresh|exit,NOT_READY_FOR_PRODUCTION
MRPPCM022,MRPPCM022.fmx,MRPPCM,MRP/treasury,4,ONEX_MRP_COMPAT,ONEX_MRPPCM_WINDOW_API,10,388,initialize|query|new|validate|save|update|delete|post|print|refresh|exit,NOT_READY_FOR_PRODUCTION
MRPPCM028,MRPPCM028.fmx,MRPPCM,MRP/treasury,4,ONEX_MRP_COMPAT,ONEX_MRPPCM_WINDOW_API,10,2165,initialize|query|new|validate|save|update|delete|post|print|refresh|exit,NOT_READY_FOR_PRODUCTION
MRPPCM030,MRPPCM030.fmx,MRPPCM,MRP/treasury,4,ONEX_MRP_COMPAT,ONEX_MRPPCM_WINDOW_API,10,537,initialize|query|new|validate|save|update|delete|post|print|refresh|exit,NOT_READY_FOR_PRODUCTION
MRPPCM042,MRPPCM042.fmx,MRPPCM,MRP/treasury,4,ONEX_MRP_COMPAT,ONEX_MRPPCM_WINDOW_API,10,348,initialize|query|new|validate|save|update|delete|post|print|refresh|exit,NOT_READY_FOR_PRODUCTION
MRPPCM043,MRPPCM043.fmx,MRPPCM,MRP/treasury,4,ONEX_MRP_COMPAT,ONEX_MRPPCM_WINDOW_API,10,701,initialize|query|new|validate|save|update|delete|post|print|refresh|exit,NOT_READY_FOR_PRODUCTION
MRPPCM060,MRPPCM060.fmx,MRPPCM,MRP/treasury,4,ONEX_MRP_COMPAT,ONEX_MRPPCM_WINDOW_API,10,277,initialize|query|new|validate|save|update|delete|post|print|refresh|exit,NOT_READY_FOR_PRODUCTION
MRPPCM510,MRPPCM510.fmx,MRPPCM,MRP/treasury,4,ONEX_MRP_COMPAT,ONEX_MRPPCM_WINDOW_API,10,226,initialize|query|new|validate|save|update|delete|post|print|refresh|exit,NOT_READY_FOR_PRODUCTION
MRPPCM511,MRPPCM511.fmx,MRPPCM,MRP/treasury,4,ONEX_MRP_COMPAT,ONEX_MRPPCM_WINDOW_API,10,236,initialize|query|new|validate|save|update|delete|post|print|refresh|exit,NOT_READY_FOR_PRODUCTION
MRPPQC002,MRPPQC002.fmx,MRPPQC,MRP/treasury,4,ONEX_MRP_COMPAT,ONEX_MRPPQC_WINDOW_API,10,247,initialize|query|new|validate|save|update|delete|post|print|refresh|exit,NOT_READY_FOR_PRODUCTION
MRPPQC004,MRPPQC004.fmx,MRPPQC,MRP/treasury,4,ONEX_MRP_COMPAT,ONEX_MRPPQC_WINDOW_API,10,257,initialize|query|new|validate|save|update|delete|post|print|refresh|exit,NOT_READY_FOR_PRODUCTION
MRPPQC005,MRPPQC005.fmx,MRPPQC,MRP/treasury,4,ONEX_MRP_COMPAT,ONEX_MRPPQC_WINDOW_API,10,279,initialize|query|new|validate|save|update|delete|post|print|refresh|exit,NOT_READY_FOR_PRODUCTION
MRPPQC007,MRPPQC007.fmx,MRPPQC,MRP/treasury,4,ONEX_MRP_COMPAT,ONEX_MRPPQC_WINDOW_API,10,287,initialize|query|new|validate|save|update|delete|post|print|refresh|exit,NOT_READY_FOR_PRODUCTION
MRPPQC009,MRPPQC009.fmx,MRPPQC,MRP/treasury,4,ONEX_MRP_COMPAT,ONEX_MRPPQC_WINDOW_API,10,240,initialize|query|new|validate|save|update|delete|post|print|refresh|exit,NOT_READY_FOR_PRODUCTION
MRPPQC010,MRPPQC010.fmx,MRPPQC,MRP/treasury,4,ONEX_MRP_COMPAT,ONEX_MRPPQC_WINDOW_API,10,336,initialize|query|new|validate|save|update|delete|post|print|refresh|exit,NOT_READY_FOR_PRODUCTION
MRPPQC0111,MRPPQC0111.fmx,MRPPQC,MRP/treasury,4,ONEX_MRP_COMPAT,ONEX_MRPPQC_WINDOW_API,10,227,initialize|query|new|validate|save|update|delete|post|print|refresh|exit,NOT_READY_FOR_PRODUCTION
MRPPQC012,MRPPQC012.fmx,MRPPQC,MRP/treasury,4,ONEX_MRP_COMPAT,ONEX_MRPPQC_WINDOW_API,10,607,initialize|query|new|validate|save|update|delete|post|print|refresh|exit,NOT_READY_FOR_PRODUCTION
MRPPQC015,MRPPQC015.fmx,MRPPQC,MRP/treasury,4,ONEX_MRP_COMPAT,ONEX_MRPPQC_WINDOW_API,10,715,initialize|query|new|validate|save|update|delete|post|print|refresh|exit,NOT_READY_FOR_PRODUCTION
MRPPQC019,MRPPQC019.fmx,MRPPQC,MRP/treasury,4,ONEX_MRP_COMPAT,ONEX_MRPPQC_WINDOW_API,10,233,initialize|query|new|validate|save|update|delete|post|print|refresh|exit,NOT_READY_FOR_PRODUCTION
MRPPQC020,MRPPQC020.fmx,MRPPQC,MRP/treasury,4,ONEX_MRP_COMPAT,ONEX_MRPPQC_WINDOW_API,10,326,initialize|query|new|validate|save|update|delete|post|print|refresh|exit,NOT_READY_FOR_PRODUCTION
MRPREPBOM002,MRPREPBOM002.fmx,MRPREPBOM,MRP/treasury,4,ONEX_MRP_COMPAT,ONEX_MRPREPBOM_WINDOW_API,10,402,initialize|query|new|validate|save|update|delete|post|print|refresh|exit,NOT_READY_FOR_PRODUCTION
MRPREPBOM005,MRPREPBOM005.fmx,MRPREPBOM,MRP/treasury,4,ONEX_MRP_COMPAT,ONEX_MRPREPBOM_WINDOW_API,10,389,initialize|query|new|validate|save|update|delete|post|print|refresh|exit,NOT_READY_FOR_PRODUCTION
MRPREPCRP007,MRPREPCRP007.fmx,MRPREPCRP,MRP/treasury,4,ONEX_MRP_COMPAT,ONEX_MRPREPCRP_WINDOW_API,10,269,initialize|query|new|validate|save|update|delete|post|print|refresh|exit,NOT_READY_FOR_PRODUCTION
MRPREPCRP020,MRPREPCRP020.fmx,MRPREPCRP,MRP/treasury,4,ONEX_MRP_COMPAT,ONEX_MRPREPCRP_WINDOW_API,10,305,initialize|query|new|validate|save|update|delete|post|print|refresh|exit,NOT_READY_FOR_PRODUCTION
MRPREPCRP022,MRPREPCRP022.fmx,MRPREPCRP,MRP/treasury,4,ONEX_MRP_COMPAT,ONEX_MRPREPCRP_WINDOW_API,10,269,initialize|query|new|validate|save|update|delete|post|print|refresh|exit,NOT_READY_FOR_PRODUCTION
MRPREPCRP024,MRPREPCRP024.fmx,MRPREPCRP,MRP/treasury,4,ONEX_MRP_COMPAT,ONEX_MRPREPCRP_WINDOW_API,10,265,initialize|query|new|validate|save|update|delete|post|print|refresh|exit,NOT_READY_FOR_PRODUCTION
MRPREPCRP026,MRPREPCRP026.fmx,MRPREPCRP,MRP/treasury,4,ONEX_MRP_COMPAT,ONEX_MRPREPCRP_WINDOW_API,10,269,initialize|query|new|validate|save|update|delete|post|print|refresh|exit,NOT_READY_FOR_PRODUCTION
MRPREPCRP028,MRPREPCRP028.fmx,MRPREPCRP,MRP/treasury,4,ONEX_MRP_COMPAT,ONEX_MRPREPCRP_WINDOW_API,10,234,initialize|query|new|validate|save|update|delete|post|print|refresh|exit,NOT_READY_FOR_PRODUCTION
MRPREPCRP031,MRPREPCRP031.fmx,MRPREPCRP,MRP/treasury,4,ONEX_MRP_COMPAT,ONEX_MRPREPCRP_WINDOW_API,10,323,initialize|query|new|validate|save|update|delete|post|print|refresh|exit,NOT_READY_FOR_PRODUCTION
MRPREPCRP100,MRPREPCRP100.fmx,MRPREPCRP,MRP/treasury,4,ONEX_MRP_COMPAT,ONEX_MRPREPCRP_WINDOW_API,10,266,initialize|query|new|validate|save|update|delete|post|print|refresh|exit,NOT_READY_FOR_PRODUCTION
MRPREPMPS002,MRPREPMPS002.fmx,MRPREPMPS,MRP/treasury,4,ONEX_MRP_COMPAT,ONEX_MRPREPMPS_WINDOW_API,10,448,initialize|query|new|validate|save|update|delete|post|print|refresh|exit,NOT_READY_FOR_PRODUCTION
MRPREPMPS003,MRPREPMPS003.fmx,MRPREPMPS,MRP/treasury,4,ONEX_MRP_COMPAT,ONEX_MRPREPMPS_WINDOW_API,10,615,initialize|query|new|validate|save|update|delete|post|print|refresh|exit,NOT_READY_FOR_PRODUCTION
MRPREPMPS0061,MRPREPMPS0061.fmx,MRPREPMPS,MRP/treasury,4,ONEX_MRP_COMPAT,ONEX_MRPREPMPS_WINDOW_API,10,667,initialize|query|new|validate|save|update|delete|post|print|refresh|exit,NOT_READY_FOR_PRODUCTION
MRPREPMPS0063,MRPREPMPS0063.fmx,MRPREPMPS,MRP/treasury,4,ONEX_MRP_COMPAT,ONEX_MRPREPMPS_WINDOW_API,10,464,initialize|query|new|validate|save|update|delete|post|print|refresh|exit,NOT_READY_FOR_PRODUCTION
MRPREPMPS008,MRPREPMPS008.fmx,MRPREPMPS,MRP/treasury,4,ONEX_MRP_COMPAT,ONEX_MRPREPMPS_WINDOW_API,10,523,initialize|query|new|validate|save|update|delete|post|print|refresh|exit,NOT_READY_FOR_PRODUCTION
MRPREPMPS009,MRPREPMPS009.fmx,MRPREPMPS,MRP/treasury,4,ONEX_MRP_COMPAT,ONEX_MRPREPMPS_WINDOW_API,10,411,initialize|query|new|validate|save|update|delete|post|print|refresh|exit,NOT_READY_FOR_PRODUCTION
MRPREPPCM003,MRPREPPCM003.fmx,MRPREPPCM,MRP/treasury,4,ONEX_MRP_COMPAT,ONEX_MRPREPPCM_WINDOW_API,10,360,initialize|query|new|validate|save|update|delete|post|print|refresh|exit,NOT_READY_FOR_PRODUCTION
MRPREPPCM006,MRPREPPCM006.fmx,MRPREPPCM,MRP/treasury,4,ONEX_MRP_COMPAT,ONEX_MRPREPPCM_WINDOW_API,10,345,initialize|query|new|validate|save|update|delete|post|print|refresh|exit,NOT_READY_FOR_PRODUCTION
MRPREPPCM011,MRPREPPCM011.fmx,MRPREPPCM,MRP/treasury,4,ONEX_MRP_COMPAT,ONEX_MRPREPPCM_WINDOW_API,10,478,initialize|query|new|validate|save|update|delete|post|print|refresh|exit,NOT_READY_FOR_PRODUCTION
MRPREPPCM014,MRPREPPCM014.fmx,MRPREPPCM,MRP/treasury,4,ONEX_MRP_COMPAT,ONEX_MRPREPPCM_WINDOW_API,10,383,initialize|query|new|validate|save|update|delete|post|print|refresh|exit,NOT_READY_FOR_PRODUCTION
MRPREPPCM015,MRPREPPCM015.fmx,MRPREPPCM,MRP/treasury,4,ONEX_MRP_COMPAT,ONEX_MRPREPPCM_WINDOW_API,10,501,initialize|query|new|validate|save|update|delete|post|print|refresh|exit,NOT_READY_FOR_PRODUCTION
MRPREPPCM017,MRPREPPCM017.fmx,MRPREPPCM,MRP/treasury,4,ONEX_MRP_COMPAT,ONEX_MRPREPPCM_WINDOW_API,10,476,initialize|query|new|validate|save|update|delete|post|print|refresh|exit,NOT_READY_FOR_PRODUCTION
MRPREPPCM021,MRPREPPCM021.fmx,MRPREPPCM,MRP/treasury,4,ONEX_MRP_COMPAT,ONEX_MRPREPPCM_WINDOW_API,10,340,initialize|query|new|validate|save|update|delete|post|print|refresh|exit,NOT_READY_FOR_PRODUCTION
MRPREPPCM022,MRPREPPCM022.fmx,MRPREPPCM,MRP/treasury,4,ONEX_MRP_COMPAT,ONEX_MRPREPPCM_WINDOW_API,10,335,initialize|query|new|validate|save|update|delete|post|print|refresh|exit,NOT_READY_FOR_PRODUCTION
MRPREPPCM028,MRPREPPCM028.fmx,MRPREPPCM,MRP/treasury,4,ONEX_MRP_COMPAT,ONEX_MRPREPPCM_WINDOW_API,10,753,initialize|query|new|validate|save|update|delete|post|print|refresh|exit,NOT_READY_FOR_PRODUCTION
MRPREPPCM029,MRPREPPCM029.fmx,MRPREPPCM,MRP/treasury,4,ONEX_MRP_COMPAT,ONEX_MRPREPPCM_WINDOW_API,10,631,initialize|query|new|validate|save|update|delete|post|print|refresh|exit,NOT_READY_FOR_PRODUCTION
MRPREPPCM030,MRPREPPCM030.fmx,MRPREPPCM,MRP/treasury,4,ONEX_MRP_COMPAT,ONEX_MRPREPPCM_WINDOW_API,10,629,initialize|query|new|validate|save|update|delete|post|print|refresh|exit,NOT_READY_FOR_PRODUCTION
MRPREPPCM031,MRPREPPCM031.fmx,MRPREPPCM,MRP/treasury,4,ONEX_MRP_COMPAT,ONEX_MRPREPPCM_WINDOW_API,10,307,initialize|query|new|validate|save|update|delete|post|print|refresh|exit,NOT_READY_FOR_PRODUCTION
MRPREPPCM035,MRPREPPCM035.fmx,MRPREPPCM,MRP/treasury,4,ONEX_MRP_COMPAT,ONEX_MRPREPPCM_WINDOW_API,10,504,initialize|query|new|validate|save|update|delete|post|print|refresh|exit,NOT_READY_FOR_PRODUCTION
MRPREPPCM036,MRPREPPCM036.fmx,MRPREPPCM,MRP/treasury,4,ONEX_MRP_COMPAT,ONEX_MRPREPPCM_WINDOW_API,10,508,initialize|query|new|validate|save|update|delete|post|print|refresh|exit,NOT_READY_FOR_PRODUCTION
MRPREPPCM041,MRPREPPCM041.fmx,MRPREPPCM,MRP/treasury,4,ONEX_MRP_COMPAT,ONEX_MRPREPPCM_WINDOW_API,10,535,initialize|query|new|validate|save|update|delete|post|print|refresh|exit,NOT_READY_FOR_PRODUCTION
MRPREPPCM050,MRPREPPCM050.fmx,MRPREPPCM,MRP/treasury,4,ONEX_MRP_COMPAT,ONEX_MRPREPPCM_WINDOW_API,10,647,initialize|query|new|validate|save|update|delete|post|print|refresh|exit,NOT_READY_FOR_PRODUCTION
MRPREPPCM052,MRPREPPCM052.fmx,MRPREPPCM,MRP/treasury,4,ONEX_MRP_COMPAT,ONEX_MRPREPPCM_WINDOW_API,10,530,initialize|query|new|validate|save|update|delete|post|print|refresh|exit,NOT_READY_FOR_PRODUCTION
MRPREPPCM062,MRPREPPCM062.fmx,MRPREPPCM,MRP/treasury,4,ONEX_MRP_COMPAT,ONEX_MRPREPPCM_WINDOW_API,10,361,initialize|query|new|validate|save|update|delete|post|print|refresh|exit,NOT_READY_FOR_PRODUCTION
MRPREPPQC002,MRPREPPQC002.fmx,MRPREPPQC,MRP/treasury,4,ONEX_MRP_COMPAT,ONEX_MRPREPPQC_WINDOW_API,10,302,initialize|query|new|validate|save|update|delete|post|print|refresh|exit,NOT_READY_FOR_PRODUCTION
MRPREPPQC004,MRPREPPQC004.fmx,MRPREPPQC,MRP/treasury,4,ONEX_MRP_COMPAT,ONEX_MRPREPPQC_WINDOW_API,10,311,initialize|query|new|validate|save|update|delete|post|print|refresh|exit,NOT_READY_FOR_PRODUCTION
MRPREPPQC005,MRPREPPQC005.fmx,MRPREPPQC,MRP/treasury,4,ONEX_MRP_COMPAT,ONEX_MRPREPPQC_WINDOW_API,10,312,initialize|query|new|validate|save|update|delete|post|print|refresh|exit,NOT_READY_FOR_PRODUCTION
MRPREPPQC007,MRPREPPQC007.fmx,MRPREPPQC,MRP/treasury,4,ONEX_MRP_COMPAT,ONEX_MRPREPPQC_WINDOW_API,10,354,initialize|query|new|validate|save|update|delete|post|print|refresh|exit,NOT_READY_FOR_PRODUCTION
MRPREPPQC009,MRPREPPQC009.fmx,MRPREPPQC,MRP/treasury,4,ONEX_MRP_COMPAT,ONEX_MRPREPPQC_WINDOW_API,10,298,initialize|query|new|validate|save|update|delete|post|print|refresh|exit,NOT_READY_FOR_PRODUCTION
MRPREPPQC010,MRPREPPQC010.fmx,MRPREPPQC,MRP/treasury,4,ONEX_MRP_COMPAT,ONEX_MRPREPPQC_WINDOW_API,10,378,initialize|query|new|validate|save|update|delete|post|print|refresh|exit,NOT_READY_FOR_PRODUCTION
MRPREPPQC012,MRPREPPQC012.fmx,MRPREPPQC,MRP/treasury,4,ONEX_MRP_COMPAT,ONEX_MRPREPPQC_WINDOW_API,10,464,initialize|query|new|validate|save|update|delete|post|print|refresh|exit,NOT_READY_FOR_PRODUCTION
MRPREPPQC015,MRPREPPQC015.fmx,MRPREPPQC,MRP/treasury,4,ONEX_MRP_COMPAT,ONEX_MRPREPPQC_WINDOW_API,10,497,initialize|query|new|validate|save|update|delete|post|print|refresh|exit,NOT_READY_FOR_PRODUCTION
MRPREPPQC018,MRPREPPQC018.fmx,MRPREPPQC,MRP/treasury,4,ONEX_MRP_COMPAT,ONEX_MRPREPPQC_WINDOW_API,10,536,initialize|query|new|validate|save|update|delete|post|print|refresh|exit,NOT_READY_FOR_PRODUCTION
MRPREPPQC111,MRPREPPQC111.fmx,MRPREPPQC,MRP/treasury,4,ONEX_MRP_COMPAT,ONEX_MRPREPPQC_WINDOW_API,10,277,initialize|query|new|validate|save|update|delete|post|print|refresh|exit,NOT_READY_FOR_PRODUCTION
MRPREPSFC001,MRPREPSFC001.fmx,MRPREPSFC,MRP/treasury,4,ONEX_MRP_COMPAT,ONEX_MRPREPSFC_WINDOW_API,10,344,initialize|query|new|validate|save|update|delete|approve|post|reverse|print|refresh|exit,NOT_READY_FOR_PRODUCTION
MRPREPSFC010,MRPREPSFC010.fmx,MRPREPSFC,MRP/treasury,4,ONEX_MRP_COMPAT,ONEX_MRPREPSFC_WINDOW_API,10,572,initialize|query|new|validate|save|update|delete|post|print|refresh|exit,NOT_READY_FOR_PRODUCTION
MRPREPSFC021,MRPREPSFC021.fmx,MRPREPSFC,MRP/treasury,4,ONEX_MRP_COMPAT,ONEX_MRPREPSFC_WINDOW_API,10,365,initialize|query|new|validate|save|update|delete|post|print|refresh|exit,NOT_READY_FOR_PRODUCTION
MRPREPSFC025,MRPREPSFC025.fmx,MRPREPSFC,MRP/treasury,4,ONEX_MRP_COMPAT,ONEX_MRPREPSFC_WINDOW_API,10,431,initialize|query|new|validate|save|update|delete|post|print|refresh|exit,NOT_READY_FOR_PRODUCTION
MRPREPSFC029,MRPREPSFC029.fmx,MRPREPSFC,MRP/treasury,4,ONEX_MRP_COMPAT,ONEX_MRPREPSFC_WINDOW_API,10,443,initialize|query|new|validate|save|update|delete|post|print|refresh|exit,NOT_READY_FOR_PRODUCTION
MRPREPSFC046,MRPREPSFC046.fmx,MRPREPSFC,MRP/treasury,4,ONEX_MRP_COMPAT,ONEX_MRPREPSFC_WINDOW_API,10,376,initialize|query|new|validate|save|update|delete|post|print|refresh|exit,NOT_READY_FOR_PRODUCTION
MRPREPSFC050,MRPREPSFC050.fmx,MRPREPSFC,MRP/treasury,4,ONEX_MRP_COMPAT,ONEX_MRPREPSFC_WINDOW_API,10,395,initialize|query|new|validate|save|update|delete|post|print|refresh|exit,NOT_READY_FOR_PRODUCTION
MRPREPSFC051,MRPREPSFC051.fmx,MRPREPSFC,MRP/treasury,4,ONEX_MRP_COMPAT,ONEX_MRPREPSFC_WINDOW_API,10,392,initialize|query|new|validate|save|update|delete|post|print|refresh|exit,NOT_READY_FOR_PRODUCTION
MRPREPSFC052,MRPREPSFC052.fmx,MRPREPSFC,MRP/treasury,4,ONEX_MRP_COMPAT,ONEX_MRPREPSFC_WINDOW_API,10,417,initialize|query|new|validate|save|update|delete|post|print|refresh|exit,NOT_READY_FOR_PRODUCTION
MRPREPSGS001,MRPREPSGS001.fmx,MRPREPSGS,MRP/treasury,4,ONEX_MRP_COMPAT,ONEX_MRPREPSGS_WINDOW_API,10,291,initialize|query|new|validate|save|update|delete|post|print|refresh|exit,NOT_READY_FOR_PRODUCTION
MRPREPSGS004,MRPREPSGS004.fmx,MRPREPSGS,MRP/treasury,4,ONEX_MRP_COMPAT,ONEX_MRPREPSGS_WINDOW_API,10,274,initialize|query|new|validate|save|update|delete|post|print|refresh|exit,NOT_READY_FOR_PRODUCTION
MRPREPSGS005,MRPREPSGS005.fmx,MRPREPSGS,MRP/treasury,4,ONEX_MRP_COMPAT,ONEX_MRPREPSGS_WINDOW_API,10,303,initialize|query|new|validate|save|update|delete|post|print|refresh|exit,NOT_READY_FOR_PRODUCTION
MRPREPSGS006,MRPREPSGS006.fmx,MRPREPSGS,MRP/treasury,4,ONEX_MRP_COMPAT,ONEX_MRPREPSGS_WINDOW_API,10,280,initialize|query|new|validate|save|update|delete|post|print|refresh|exit,NOT_READY_FOR_PRODUCTION
MRPREPSGS012,MRPREPSGS012.fmx,MRPREPSGS,MRP/treasury,4,ONEX_MRP_COMPAT,ONEX_MRPREPSGS_WINDOW_API,10,272,initialize|query|new|validate|save|update|delete|post|print|refresh|exit,NOT_READY_FOR_PRODUCTION
MRPSFC006,MRPSFC006.fmx,MRPSFC,MRP/treasury,4,ONEX_MRP_COMPAT,ONEX_MRPSFC_WINDOW_API,10,649,initialize|query|new|validate|save|update|delete|post|print|refresh|exit,NOT_READY_FOR_PRODUCTION
MRPSFC023,MRPSFC023.fmx,MRPSFC,MRP/treasury,4,ONEX_MRP_COMPAT,ONEX_MRPSFC_WINDOW_API,10,866,initialize|query|new|validate|save|update|delete|post|print|refresh|exit,NOT_READY_FOR_PRODUCTION
MRPSFC025,MRPSFC025.fmx,MRPSFC,MRP/treasury,4,ONEX_MRP_COMPAT,ONEX_MRPSFC_WINDOW_API,10,2049,initialize|query|new|validate|save|update|delete|post|print|refresh|exit,NOT_READY_FOR_PRODUCTION
MRPSFC026,MRPSFC026.fmx,MRPSFC,MRP/treasury,4,ONEX_MRP_COMPAT,ONEX_MRPSFC_WINDOW_API,10,794,initialize|query|new|validate|save|update|delete|post|print|refresh|exit,NOT_READY_FOR_PRODUCTION
MRPSFC027,MRPSFC027.fmx,MRPSFC,MRP/treasury,4,ONEX_MRP_COMPAT,ONEX_MRPSFC_WINDOW_API,10,834,initialize|query|new|validate|save|update|delete|post|print|refresh|exit,NOT_READY_FOR_PRODUCTION
MRPSFC028,MRPSFC028.fmx,MRPSFC,MRP/treasury,4,ONEX_MRP_COMPAT,ONEX_MRPSFC_WINDOW_API,10,630,initialize|query|new|validate|save|update|delete|post|print|refresh|exit,NOT_READY_FOR_PRODUCTION
MRPSFC029,MRPSFC029.fmx,MRPSFC,MRP/treasury,4,ONEX_MRP_COMPAT,ONEX_MRPSFC_WINDOW_API,10,942,initialize|query|new|validate|save|update|delete|post|print|refresh|exit,NOT_READY_FOR_PRODUCTION
MRPSFC030,MRPSFC030.fmx,MRPSFC,MRP/treasury,4,ONEX_MRP_COMPAT,ONEX_MRPSFC_WINDOW_API,10,1019,initialize|query|new|validate|save|update|delete|approve|post|reverse|print|refresh|exit,NOT_READY_FOR_PRODUCTION
MRPSFC031,MRPSFC031.fmx,MRPSFC,MRP/treasury,4,ONEX_MRP_COMPAT,ONEX_MRPSFC_WINDOW_API,10,856,initialize|query|new|validate|save|update|delete|approve|post|reverse|print|refresh|exit,NOT_READY_FOR_PRODUCTION
MRPSFC032,MRPSFC032.fmx,MRPSFC,MRP/treasury,4,ONEX_MRP_COMPAT,ONEX_MRPSFC_WINDOW_API,10,481,initialize|query|new|validate|save|update|delete|approve|post|reverse|print|refresh|exit,NOT_READY_FOR_PRODUCTION
MRPSFC033,MRPSFC033.fmx,MRPSFC,MRP/treasury,4,ONEX_MRP_COMPAT,ONEX_MRPSFC_WINDOW_API,10,480,initialize|query|new|validate|save|update|delete|approve|post|reverse|print|refresh|exit,NOT_READY_FOR_PRODUCTION
MRPSFC043,MRPSFC043.fmx,MRPSFC,MRP/treasury,4,ONEX_MRP_COMPAT,ONEX_MRPSFC_WINDOW_API,10,314,initialize|query|new|validate|save|update|delete|post|print|refresh|exit,NOT_READY_FOR_PRODUCTION
MRPSFC045,MRPSFC045.fmx,MRPSFC,MRP/treasury,4,ONEX_MRP_COMPAT,ONEX_MRPSFC_WINDOW_API,10,340,initialize|query|new|validate|save|update|delete|post|print|refresh|exit,NOT_READY_FOR_PRODUCTION
MRPSFC046,MRPSFC046.fmx,MRPSFC,MRP/treasury,4,ONEX_MRP_COMPAT,ONEX_MRPSFC_WINDOW_API,10,677,initialize|query|new|validate|save|update|delete|post|print|refresh|exit,NOT_READY_FOR_PRODUCTION
MRPSFC047,MRPSFC047.fmx,MRPSFC,MRP/treasury,4,ONEX_MRP_COMPAT,ONEX_MRPSFC_WINDOW_API,10,1092,initialize|query|new|validate|save|update|delete|approve|post|reverse|print|refresh|exit,NOT_READY_FOR_PRODUCTION
MRPSFC048,MRPSFC048.fmx,MRPSFC,MRP/treasury,4,ONEX_MRP_COMPAT,ONEX_MRPSFC_WINDOW_API,10,434,initialize|query|new|validate|save|update|delete|approve|post|reverse|print|refresh|exit,NOT_READY_FOR_PRODUCTION
MRPSFC07,MRPSFC07.fmx,MRPSFC,MRP/treasury,4,ONEX_MRP_COMPAT,ONEX_MRPSFC_WINDOW_API,10,414,initialize|query|new|validate|save|update|delete|approve|post|reverse|print|refresh|exit,NOT_READY_FOR_PRODUCTION
MRPSGS04,MRPSGS04.fmx,MRPSGS,MRP/treasury,4,ONEX_MRP_COMPAT,ONEX_MRPSGS_WINDOW_API,10,282,initialize|query|new|validate|save|update|delete|post|print|refresh|exit,NOT_READY_FOR_PRODUCTION
MRPSGS06,MRPSGS06.fmx,MRPSGS,MRP/treasury,4,ONEX_MRP_COMPAT,ONEX_MRPSGS_WINDOW_API,10,538,initialize|query|new|validate|save|update|delete|post|print|refresh|exit,NOT_READY_FOR_PRODUCTION
MRPSGS08,MRPSGS08.fmx,MRPSGS,MRP/treasury,4,ONEX_MRP_COMPAT,ONEX_MRPSGS_WINDOW_API,10,345,initialize|query|new|validate|save|update|delete|post|print|refresh|exit,NOT_READY_FOR_PRODUCTION
MRPSGS13,MRPSGS13.fmx,MRPSGS,MRP/treasury,4,ONEX_MRP_COMPAT,ONEX_MRPSGS_WINDOW_API,10,408,initialize|query|new|validate|save|update|delete|post|print|refresh|exit,NOT_READY_FOR_PRODUCTION
MRPUPGRADE,MRPUPGRADE.fmx,MRPUPGRADE,MRP/treasury,4,ONEX_MRP_COMPAT,ONEX_MRPUPGRADE_WINDOW_API,10,192,initialize|query|new|validate|save|update|delete|approve|post|reverse|print|refresh|exit,NOT_READY_FOR_PRODUCTION
MTXAGNT01,MTXAGNT01.fmx,MTXAGNT,inventory/stock,3,ONEX_INVENTORY_COMPAT,ONEX_MTXAGNT_WINDOW_API,10,244,initialize|query|new|validate|save|update|delete|post|print|refresh|exit,NOT_READY_FOR_PRODUCTION
MTXBCK001,MTXBCK001.fmx,MTXBCK,inventory/stock,3,ONEX_INVENTORY_COMPAT,ONEX_MTXBCK_WINDOW_API,10,267,initialize|query|new|validate|save|update|delete|post|print|refresh|exit,NOT_READY_FOR_PRODUCTION
MTXBCK002,MTXBCK002.fmx,MTXBCK,inventory/stock,3,ONEX_INVENTORY_COMPAT,ONEX_MTXBCK_WINDOW_API,10,270,initialize|query|new|validate|save|update|delete|post|print|refresh|exit,NOT_READY_FOR_PRODUCTION
MTXBILR01,MTXBILR01.fmx,MTXBILR,inventory/stock,3,ONEX_INVENTORY_COMPAT,ONEX_MTXBILR_WINDOW_API,10,336,initialize|query|new|validate|save|update|delete|post|print|refresh|exit,NOT_READY_FOR_PRODUCTION
MTXBLL001,MTXBLL001.fmx,MTXBLL,inventory/stock,3,ONEX_INVENTORY_COMPAT,ONEX_MTXBLL_WINDOW_API,10,189,initialize|query|new|validate|save|update|delete|post|print|refresh|exit,NOT_READY_FOR_PRODUCTION
MTXBLR002,MTXBLR002.fmx,MTXBLR,inventory/stock,3,ONEX_INVENTORY_COMPAT,ONEX_MTXBLR_WINDOW_API,10,273,initialize|query|new|validate|save|update|delete|post|print|refresh|exit,NOT_READY_FOR_PRODUCTION
MTXBNK001,MTXBNK001.fmx,MTXBNK,inventory/stock,3,ONEX_INVENTORY_COMPAT,ONEX_MTXBNK_WINDOW_API,10,248,initialize|query|new|validate|save|update|delete|post|print|refresh|exit,NOT_READY_FOR_PRODUCTION
MTXCAT001,MTXCAT001.fmx,MTXCAT,inventory/stock,3,ONEX_INVENTORY_COMPAT,ONEX_MTXCAT_WINDOW_API,10,1062,initialize|query|new|validate|save|update|delete|post|print|refresh|exit,NOT_READY_FOR_PRODUCTION
MTXCATR01,MTXCATR01.fmx,MTXCATR,inventory/stock,3,ONEX_INVENTORY_COMPAT,ONEX_MTXCATR_WINDOW_API,10,1047,initialize|query|new|validate|save|update|delete|post|print|refresh|exit,NOT_READY_FOR_PRODUCTION
MTXCCK001,MTXCCK001.fmx,MTXCCK,inventory/stock,3,ONEX_INVENTORY_COMPAT,ONEX_MTXCCK_WINDOW_API,10,484,initialize|query|new|validate|save|update|delete|post|print|refresh|exit,NOT_READY_FOR_PRODUCTION
MTXCHKR001,MTXCHKR001.fmx,MTXCHKR,inventory/stock,3,ONEX_INVENTORY_COMPAT,ONEX_MTXCHKR_WINDOW_API,10,271,initialize|query|new|validate|save|update|delete|post|print|refresh|exit,NOT_READY_FOR_PRODUCTION
MTXCHKR03,MTXCHKR03.fmx,MTXCHKR,inventory/stock,3,ONEX_INVENTORY_COMPAT,ONEX_MTXCHKR_WINDOW_API,10,229,initialize|query|new|validate|save|update|delete|post|print|refresh|exit,NOT_READY_FOR_PRODUCTION
MTXCOD006,MTXCOD006.fmx,MTXCOD,inventory/stock,3,ONEX_INVENTORY_COMPAT,ONEX_MTXCOD_WINDOW_API,10,186,initialize|query|new|validate|save|update|delete|post|print|refresh|exit,NOT_READY_FOR_PRODUCTION
MTXCOD007,MTXCOD007.fmx,MTXCOD,inventory/stock,3,ONEX_INVENTORY_COMPAT,ONEX_MTXCOD_WINDOW_API,10,182,initialize|query|new|validate|save|update|delete|post|print|refresh|exit,NOT_READY_FOR_PRODUCTION
MTXCOD008,MTXCOD008.fmx,MTXCOD,inventory/stock,3,ONEX_INVENTORY_COMPAT,ONEX_MTXCOD_WINDOW_API,10,183,initialize|query|new|validate|save|update|delete|post|print|refresh|exit,NOT_READY_FOR_PRODUCTION
MTXCOD009,MTXCOD009.fmx,MTXCOD,inventory/stock,3,ONEX_INVENTORY_COMPAT,ONEX_MTXCOD_WINDOW_API,10,195,initialize|query|new|validate|save|update|delete|approve|post|reverse|print|refresh|exit,NOT_READY_FOR_PRODUCTION
MTXCOD010,MTXCOD010.fmx,MTXCOD,inventory/stock,3,ONEX_INVENTORY_COMPAT,ONEX_MTXCOD_WINDOW_API,10,183,initialize|query|new|validate|save|update|delete|post|print|refresh|exit,NOT_READY_FOR_PRODUCTION
MTXCOD011,MTXCOD011.fmx,MTXCOD,inventory/stock,3,ONEX_INVENTORY_COMPAT,ONEX_MTXCOD_WINDOW_API,10,196,initialize|query|new|validate|save|update|delete|post|print|refresh|exit,NOT_READY_FOR_PRODUCTION
MTXCOD021,MTXCOD021.fmx,MTXCOD,inventory/stock,3,ONEX_INVENTORY_COMPAT,ONEX_MTXCOD_WINDOW_API,10,183,initialize|query|new|validate|save|update|delete|post|print|refresh|exit,NOT_READY_FOR_PRODUCTION
MTXCOM001,MTXCOM001.fmx,MTXCOM,inventory/stock,3,ONEX_INVENTORY_COMPAT,ONEX_MTXCOM_WINDOW_API,10,222,initialize|query|new|validate|save|update|delete|post|print|refresh|exit,NOT_READY_FOR_PRODUCTION
MTXCOM002,MTXCOM002.fmx,MTXCOM,inventory/stock,3,ONEX_INVENTORY_COMPAT,ONEX_MTXCOM_WINDOW_API,10,257,initialize|query|new|validate|save|update|delete|approve|post|reverse|print|refresh|exit,NOT_READY_FOR_PRODUCTION
MTXCOM003,MTXCOM003.fmx,MTXCOM,inventory/stock,3,ONEX_INVENTORY_COMPAT,ONEX_MTXCOM_WINDOW_API,10,504,initialize|query|new|validate|save|update|delete|approve|post|reverse|print|refresh|exit,NOT_READY_FOR_PRODUCTION
MTXCOM004,MTXCOM004.fmx,MTXCOM,inventory/stock,3,ONEX_INVENTORY_COMPAT,ONEX_MTXCOM_WINDOW_API,10,471,initialize|query|new|validate|save|update|delete|post|print|refresh|exit,NOT_READY_FOR_PRODUCTION
MTXCRP003,MTXCRP003.fmx,MTXCRP,inventory/stock,3,ONEX_INVENTORY_COMPAT,ONEX_MTXCRP_WINDOW_API,10,217,initialize|query|new|validate|save|update|delete|post|print|refresh|exit,NOT_READY_FOR_PRODUCTION
MTXCRP004,MTXCRP004.fmx,MTXCRP,inventory/stock,3,ONEX_INVENTORY_COMPAT,ONEX_MTXCRP_WINDOW_API,10,224,initialize|query|new|validate|save|update|delete|post|print|refresh|exit,NOT_READY_FOR_PRODUCTION
MTXCRP005,MTXCRP005.fmx,MTXCRP,inventory/stock,3,ONEX_INVENTORY_COMPAT,ONEX_MTXCRP_WINDOW_API,10,230,initialize|query|new|validate|save|update|delete|post|print|refresh|exit,NOT_READY_FOR_PRODUCTION
MTXCSHR02,MTXCSHR02.fmx,MTXCSHR,inventory/stock,3,ONEX_INVENTORY_COMPAT,ONEX_MTXCSHR_WINDOW_API,10,281,initialize|query|new|validate|save|update|delete|post|print|refresh|exit,NOT_READY_FOR_PRODUCTION
MTXCSHR03,MTXCSHR03.fmx,MTXCSHR,inventory/stock,3,ONEX_INVENTORY_COMPAT,ONEX_MTXCSHR_WINDOW_API,10,277,initialize|query|new|validate|save|update|delete|post|print|refresh|exit,NOT_READY_FOR_PRODUCTION
MTXCSTR01,MTXCSTR01.fmx,MTXCSTR,inventory/stock,3,ONEX_INVENTORY_COMPAT,ONEX_MTXCSTR_WINDOW_API,10,411,initialize|query|new|validate|save|update|delete|post|print|refresh|exit,NOT_READY_FOR_PRODUCTION
MTXFEE005,MTXFEE005.fmx,MTXFEE,inventory/stock,3,ONEX_INVENTORY_COMPAT,ONEX_MTXFEE_WINDOW_API,10,248,initialize|query|new|validate|save|update|delete|post|print|refresh|exit,NOT_READY_FOR_PRODUCTION
MTXGLD004,MTXGLD004.fmx,MTXGLD,inventory/stock,3,ONEX_INVENTORY_COMPAT,ONEX_MTXGLD_WINDOW_API,10,610,initialize|query|new|validate|save|update|delete|post|print|refresh|exit,NOT_READY_FOR_PRODUCTION
MTXGLD008,MTXGLD008.fmx,MTXGLD,inventory/stock,3,ONEX_INVENTORY_COMPAT,ONEX_MTXGLD_WINDOW_API,10,2012,initialize|query|new|validate|save|update|delete|post|print|refresh|exit,NOT_READY_FOR_PRODUCTION
MTXGLD018,MTXGLD018.fmx,MTXGLD,inventory/stock,3,ONEX_INVENTORY_COMPAT,ONEX_MTXGLD_WINDOW_API,10,1125,initialize|query|new|validate|save|update|delete|post|print|refresh|exit,NOT_READY_FOR_PRODUCTION
MTXGLD019,MTXGLD019.fmx,MTXGLD,inventory/stock,3,ONEX_INVENTORY_COMPAT,ONEX_MTXGLD_WINDOW_API,10,1009,initialize|query|new|validate|save|update|delete|post|print|refresh|exit,NOT_READY_FOR_PRODUCTION
MTXGLD021,MTXGLD021.fmx,MTXGLD,inventory/stock,3,ONEX_INVENTORY_COMPAT,ONEX_MTXGLD_WINDOW_API,10,1418,initialize|query|new|validate|save|update|delete|post|print|refresh|exit,NOT_READY_FOR_PRODUCTION
MTXGLR018,MTXGLR018.fmx,MTXGLR,inventory/stock,3,ONEX_INVENTORY_COMPAT,ONEX_MTXGLR_WINDOW_API,10,1070,initialize|query|new|validate|save|update|delete|post|print|refresh|exit,NOT_READY_FOR_PRODUCTION
MTXGLR019,MTXGLR019.fmx,MTXGLR,inventory/stock,3,ONEX_INVENTORY_COMPAT,ONEX_MTXGLR_WINDOW_API,10,1064,initialize|query|new|validate|save|update|delete|post|print|refresh|exit,NOT_READY_FOR_PRODUCTION
MTXGRP009,MTXGRP009.fmx,MTXGRP,inventory/stock,3,ONEX_INVENTORY_COMPAT,ONEX_MTXGRP_WINDOW_API,10,271,initialize|query|new|validate|save|update|delete|post|print|refresh|exit,NOT_READY_FOR_PRODUCTION
MTXIAMD01,MTXIAMD01.fmx,MTXIAMD,inventory/stock,3,ONEX_INVENTORY_COMPAT,ONEX_MTXIAMD_WINDOW_API,10,321,initialize|query|new|validate|save|update|delete|post|print|refresh|exit,NOT_READY_FOR_PRODUCTION
MTXINR001,MTXINR001.fmx,MTXINR,inventory/stock,3,ONEX_INVENTORY_COMPAT,ONEX_MTXINR_WINDOW_API,10,209,initialize|query|new|validate|save|update|delete|post|print|refresh|exit,NOT_READY_FOR_PRODUCTION
MTXINR002,MTXINR002.fmx,MTXINR,inventory/stock,3,ONEX_INVENTORY_COMPAT,ONEX_MTXINR_WINDOW_API,10,362,initialize|query|new|validate|save|update|delete|post|print|refresh|exit,NOT_READY_FOR_PRODUCTION
MTXINR003,MTXINR003.fmx,MTXINR,inventory/stock,3,ONEX_INVENTORY_COMPAT,ONEX_MTXINR_WINDOW_API,10,337,initialize|query|new|validate|save|update|delete|post|print|refresh|exit,NOT_READY_FOR_PRODUCTION
MTXINR018,MTXINR018.fmx,MTXINR,inventory/stock,3,ONEX_INVENTORY_COMPAT,ONEX_MTXINR_WINDOW_API,10,292,initialize|query|new|validate|save|update|delete|post|print|refresh|exit,NOT_READY_FOR_PRODUCTION
MTXINR021,MTXINR021.fmx,MTXINR,inventory/stock,3,ONEX_INVENTORY_COMPAT,ONEX_MTXINR_WINDOW_API,10,409,initialize|query|new|validate|save|update|delete|post|print|refresh|exit,NOT_READY_FOR_PRODUCTION
MTXINW002,MTXINW002.fmx,MTXINW,inventory/stock,3,ONEX_INVENTORY_COMPAT,ONEX_MTXINW_WINDOW_API,10,1520,initialize|query|new|validate|save|update|delete|post|print|refresh|exit,NOT_READY_FOR_PRODUCTION
MTXINW003,MTXINW003.fmx,MTXINW,inventory/stock,3,ONEX_INVENTORY_COMPAT,ONEX_MTXINW_WINDOW_API,10,1018,initialize|query|new|validate|save|update|delete|post|print|refresh|exit,NOT_READY_FOR_PRODUCTION
MTXINW006,MTXINW006.fmx,MTXINW,inventory/stock,3,ONEX_INVENTORY_COMPAT,ONEX_MTXINW_WINDOW_API,10,524,initialize|query|new|validate|save|update|delete|post|print|refresh|exit,NOT_READY_FOR_PRODUCTION
MTXINW007,MTXINW007.fmx,MTXINW,inventory/stock,3,ONEX_INVENTORY_COMPAT,ONEX_MTXINW_WINDOW_API,10,296,initialize|query|new|validate|save|update|delete|post|print|refresh|exit,NOT_READY_FOR_PRODUCTION
MTXINW008,MTXINW008.fmx,MTXINW,inventory/stock,3,ONEX_INVENTORY_COMPAT,ONEX_MTXINW_WINDOW_API,10,626,initialize|query|new|validate|save|update|delete|post|print|refresh|exit,NOT_READY_FOR_PRODUCTION
MTXINW009,MTXINW009.fmx,MTXINW,inventory/stock,3,ONEX_INVENTORY_COMPAT,ONEX_MTXINW_WINDOW_API,10,555,initialize|query|new|validate|save|update|delete|post|print|refresh|exit,NOT_READY_FOR_PRODUCTION
MTXINW010,MTXINW010.fmx,MTXINW,inventory/stock,3,ONEX_INVENTORY_COMPAT,ONEX_MTXINW_WINDOW_API,10,679,initialize|query|new|validate|save|update|delete|post|print|refresh|exit,NOT_READY_FOR_PRODUCTION
MTXMNT001,MTXMNT001.fmx,MTXMNT,inventory/stock,3,ONEX_INVENTORY_COMPAT,ONEX_MTXMNT_WINDOW_API,10,389,initialize|query|new|validate|save|update|delete|post|print|refresh|exit,NOT_READY_FOR_PRODUCTION
MTXMNT003,MTXMNT003.fmx,MTXMNT,inventory/stock,3,ONEX_INVENTORY_COMPAT,ONEX_MTXMNT_WINDOW_API,10,997,initialize|query|new|validate|save|update|delete|approve|post|reverse|print|refresh|exit,NOT_READY_FOR_PRODUCTION
MTXMNT007,MTXMNT007.fmx,MTXMNT,inventory/stock,3,ONEX_INVENTORY_COMPAT,ONEX_MTXMNT_WINDOW_API,10,779,initialize|query|new|validate|save|update|delete|approve|post|reverse|print|refresh|exit,NOT_READY_FOR_PRODUCTION
MTXMNT010,MTXMNT010.fmx,MTXMNT,inventory/stock,3,ONEX_INVENTORY_COMPAT,ONEX_MTXMNT_WINDOW_API,10,263,initialize|query|new|validate|save|update|delete|post|print|refresh|exit,NOT_READY_FOR_PRODUCTION
MTXOAMD01,MTXOAMD01.fmx,MTXOAMD,inventory/stock,3,ONEX_INVENTORY_COMPAT,ONEX_MTXOAMD_WINDOW_API,10,260,initialize|query|new|validate|save|update|delete|post|print|refresh|exit,NOT_READY_FOR_PRODUCTION
MTXOCKR001,MTXOCKR001.fmx,MTXOCKR,inventory/stock,3,ONEX_INVENTORY_COMPAT,ONEX_MTXOCKR_WINDOW_API,10,216,initialize|query|new|validate|save|update|delete|post|print|refresh|exit,NOT_READY_FOR_PRODUCTION
MTXOCKR002,MTXOCKR002.fmx,MTXOCKR,inventory/stock,3,ONEX_INVENTORY_COMPAT,ONEX_MTXOCKR_WINDOW_API,10,210,initialize|query|new|validate|save|update|delete|post|print|refresh|exit,NOT_READY_FOR_PRODUCTION
MTXOCKR003,MTXOCKR003.fmx,MTXOCKR,inventory/stock,3,ONEX_INVENTORY_COMPAT,ONEX_MTXOCKR_WINDOW_API,10,209,initialize|query|new|validate|save|update|delete|post|print|refresh|exit,NOT_READY_FOR_PRODUCTION
MTXOCKR004,MTXOCKR004.fmx,MTXOCKR,inventory/stock,3,ONEX_INVENTORY_COMPAT,ONEX_MTXOCKR_WINDOW_API,10,209,initialize|query|new|validate|save|update|delete|post|print|refresh|exit,NOT_READY_FOR_PRODUCTION
MTXOCKR005,MTXOCKR005.fmx,MTXOCKR,inventory/stock,3,ONEX_INVENTORY_COMPAT,ONEX_MTXOCKR_WINDOW_API,10,209,initialize|query|new|validate|save|update|delete|post|print|refresh|exit,NOT_READY_FOR_PRODUCTION
MTXOCKR006,MTXOCKR006.fmx,MTXOCKR,inventory/stock,3,ONEX_INVENTORY_COMPAT,ONEX_MTXOCKR_WINDOW_API,10,258,initialize|query|new|validate|save|update|delete|post|print|refresh|exit,NOT_READY_FOR_PRODUCTION
MTXOUT001,MTXOUT001.fmx,MTXOUT,inventory/stock,3,ONEX_INVENTORY_COMPAT,ONEX_MTXOUT_WINDOW_API,10,1697,initialize|query|new|validate|save|update|delete|post|print|refresh|exit,NOT_READY_FOR_PRODUCTION
MTXOUT002,MTXOUT002.fmx,MTXOUT,inventory/stock,3,ONEX_INVENTORY_COMPAT,ONEX_MTXOUT_WINDOW_API,10,414,initialize|query|new|validate|save|update|delete|post|print|refresh|exit,NOT_READY_FOR_PRODUCTION
MTXOUT003,MTXOUT003.fmx,MTXOUT,inventory/stock,3,ONEX_INVENTORY_COMPAT,ONEX_MTXOUT_WINDOW_API,10,443,initialize|query|new|validate|save|update|delete|post|print|refresh|exit,NOT_READY_FOR_PRODUCTION
MTXOUT004,MTXOUT004.fmx,MTXOUT,inventory/stock,3,ONEX_INVENTORY_COMPAT,ONEX_MTXOUT_WINDOW_API,10,2101,initialize|query|new|validate|save|update|delete|post|print|refresh|exit,NOT_READY_FOR_PRODUCTION
MTXOUT005,MTXOUT005.fmx,MTXOUT,inventory/stock,3,ONEX_INVENTORY_COMPAT,ONEX_MTXOUT_WINDOW_API,10,935,initialize|query|new|validate|save|update|delete|post|print|refresh|exit,NOT_READY_FOR_PRODUCTION
MTXOUT010,MTXOUT010.fmx,MTXOUT,inventory/stock,3,ONEX_INVENTORY_COMPAT,ONEX_MTXOUT_WINDOW_API,10,543,initialize|query|new|validate|save|update|delete|post|print|refresh|exit,NOT_READY_FOR_PRODUCTION
MTXOUT014,MTXOUT014.fmx,MTXOUT,inventory/stock,3,ONEX_INVENTORY_COMPAT,ONEX_MTXOUT_WINDOW_API,10,346,initialize|query|new|validate|save|update|delete|post|print|refresh|exit,NOT_READY_FOR_PRODUCTION
MTXOUT015,MTXOUT015.fmx,MTXOUT,inventory/stock,3,ONEX_INVENTORY_COMPAT,ONEX_MTXOUT_WINDOW_API,10,338,initialize|query|new|validate|save|update|delete|post|print|refresh|exit,NOT_READY_FOR_PRODUCTION
MTXOUT016,MTXOUT016.fmx,MTXOUT,inventory/stock,3,ONEX_INVENTORY_COMPAT,ONEX_MTXOUT_WINDOW_API,10,253,initialize|query|new|validate|save|update|delete|post|print|refresh|exit,NOT_READY_FOR_PRODUCTION
MTXOUT017,MTXOUT017.fmx,MTXOUT,inventory/stock,3,ONEX_INVENTORY_COMPAT,ONEX_MTXOUT_WINDOW_API,10,554,initialize|query|new|validate|save|update|delete|post|print|refresh|exit,NOT_READY_FOR_PRODUCTION
MTXOUT018,MTXOUT018.fmx,MTXOUT,inventory/stock,3,ONEX_INVENTORY_COMPAT,ONEX_MTXOUT_WINDOW_API,10,453,initialize|query|new|validate|save|update|delete|post|print|refresh|exit,NOT_READY_FOR_PRODUCTION
MTXOUT019,MTXOUT019.fmx,MTXOUT,inventory/stock,3,ONEX_INVENTORY_COMPAT,ONEX_MTXOUT_WINDOW_API,10,408,initialize|query|new|validate|save|update|delete|post|print|refresh|exit,NOT_READY_FOR_PRODUCTION
MTXOUTR001,MTXOUTR001.fmx,MTXOUTR,inventory/stock,3,ONEX_INVENTORY_COMPAT,ONEX_MTXOUTR_WINDOW_API,10,209,initialize|query|new|validate|save|update|delete|post|print|refresh|exit,NOT_READY_FOR_PRODUCTION
MTXOUTR008,MTXOUTR008.fmx,MTXOUTR,inventory/stock,3,ONEX_INVENTORY_COMPAT,ONEX_MTXOUTR_WINDOW_API,10,293,initialize|query|new|validate|save|update|delete|post|print|refresh|exit,NOT_READY_FOR_PRODUCTION
MTXOUTR010,MTXOUTR010.fmx,MTXOUTR,inventory/stock,3,ONEX_INVENTORY_COMPAT,ONEX_MTXOUTR_WINDOW_API,10,300,initialize|query|new|validate|save|update|delete|post|print|refresh|exit,NOT_READY_FOR_PRODUCTION
MTXOUTR011,MTXOUTR011.fmx,MTXOUTR,inventory/stock,3,ONEX_INVENTORY_COMPAT,ONEX_MTXOUTR_WINDOW_API,10,342,initialize|query|new|validate|save|update|delete|post|print|refresh|exit,NOT_READY_FOR_PRODUCTION
MTXOUTR09,MTXOUTR09.fmx,MTXOUTR,inventory/stock,3,ONEX_INVENTORY_COMPAT,ONEX_MTXOUTR_WINDOW_API,10,344,initialize|query|new|validate|save|update|delete|post|print|refresh|exit,NOT_READY_FOR_PRODUCTION
MTXRESBKUP,MTXRESBKUP.fmx,MTXRESBKUP,inventory/stock,3,ONEX_INVENTORY_COMPAT,ONEX_MTXRESBKUP_WINDOW_API,10,193,initialize|query|new|validate|save|update|delete|approve|post|reverse|print|refresh|exit,NOT_READY_FOR_PRODUCTION
MTXROP002,MTXROP002.fmx,MTXROP,inventory/stock,3,ONEX_INVENTORY_COMPAT,ONEX_MTXROP_WINDOW_API,10,250,initialize|query|new|validate|save|update|delete|post|print|refresh|exit,NOT_READY_FOR_PRODUCTION
MTXRP39,MTXRP39.fmx,MTXRP,inventory/stock,3,ONEX_INVENTORY_COMPAT,ONEX_MTXRP_WINDOW_API,10,345,initialize|query|new|validate|save|update|delete|post|print|refresh|exit,NOT_READY_FOR_PRODUCTION
MTXSTP001,MTXSTP001.fmx,MTXSTP,inventory/stock,3,ONEX_INVENTORY_COMPAT,ONEX_MTXSTP_WINDOW_API,10,622,initialize|query|new|validate|save|update|delete|post|print|refresh|exit,NOT_READY_FOR_PRODUCTION
MTXSTP002,MTXSTP002.fmx,MTXSTP,inventory/stock,3,ONEX_INVENTORY_COMPAT,ONEX_MTXSTP_WINDOW_API,10,302,initialize|query|new|validate|save|update|delete|post|print|refresh|exit,NOT_READY_FOR_PRODUCTION
MTXSTP006,MTXSTP006.fmx,MTXSTP,inventory/stock,3,ONEX_INVENTORY_COMPAT,ONEX_MTXSTP_WINDOW_API,10,271,initialize|query|new|validate|save|update|delete|post|print|refresh|exit,NOT_READY_FOR_PRODUCTION
MTXSTP007,MTXSTP007.fmx,MTXSTP,inventory/stock,3,ONEX_INVENTORY_COMPAT,ONEX_MTXSTP_WINDOW_API,10,221,initialize|query|new|validate|save|update|delete|post|print|refresh|exit,NOT_READY_FOR_PRODUCTION
MTXSTP009,MTXSTP009.fmx,MTXSTP,inventory/stock,3,ONEX_INVENTORY_COMPAT,ONEX_MTXSTP_WINDOW_API,10,224,initialize|query|new|validate|save|update|delete|post|print|refresh|exit,NOT_READY_FOR_PRODUCTION
MTXSTP010,MTXSTP010.fmx,MTXSTP,inventory/stock,3,ONEX_INVENTORY_COMPAT,ONEX_MTXSTP_WINDOW_API,10,473,initialize|query|new|validate|save|update|delete|post|print|refresh|exit,NOT_READY_FOR_PRODUCTION
MTXSTP011,MTXSTP011.fmx,MTXSTP,inventory/stock,3,ONEX_INVENTORY_COMPAT,ONEX_MTXSTP_WINDOW_API,10,295,initialize|query|new|validate|save|update|delete|post|print|refresh|exit,NOT_READY_FOR_PRODUCTION
MTXSTP012,MTXSTP012.fmx,MTXSTP,inventory/stock,3,ONEX_INVENTORY_COMPAT,ONEX_MTXSTP_WINDOW_API,10,277,initialize|query|new|validate|save|update|delete|post|print|refresh|exit,NOT_READY_FOR_PRODUCTION
MTXSTP022,MTXSTP022.fmx,MTXSTP,inventory/stock,3,ONEX_INVENTORY_COMPAT,ONEX_MTXSTP_WINDOW_API,10,483,initialize|query|new|validate|save|update|delete|post|print|refresh|exit,NOT_READY_FOR_PRODUCTION
MTXSTP024,MTXSTP024.fmx,MTXSTP,inventory/stock,3,ONEX_INVENTORY_COMPAT,ONEX_MTXSTP_WINDOW_API,10,330,initialize|query|new|validate|save|update|delete|post|print|refresh|exit,NOT_READY_FOR_PRODUCTION
MTXSTP026,MTXSTP026.fmx,MTXSTP,inventory/stock,3,ONEX_INVENTORY_COMPAT,ONEX_MTXSTP_WINDOW_API,10,306,initialize|query|new|validate|save|update|delete|post|print|refresh|exit,NOT_READY_FOR_PRODUCTION
MTXSTP036,MTXSTP036.fmx,MTXSTP,inventory/stock,3,ONEX_INVENTORY_COMPAT,ONEX_MTXSTP_WINDOW_API,10,222,initialize|query|new|validate|save|update|delete|post|print|refresh|exit,NOT_READY_FOR_PRODUCTION
MTXSTP040,MTXSTP040.fmx,MTXSTP,inventory/stock,3,ONEX_INVENTORY_COMPAT,ONEX_MTXSTP_WINDOW_API,10,288,initialize|query|new|validate|save|update|delete|post|print|refresh|exit,NOT_READY_FOR_PRODUCTION
MTXSTP042,MTXSTP042.fmx,MTXSTP,inventory/stock,3,ONEX_INVENTORY_COMPAT,ONEX_MTXSTP_WINDOW_API,10,336,initialize|query|new|validate|save|update|delete|post|print|refresh|exit,NOT_READY_FOR_PRODUCTION
MTXSTP043,MTXSTP043.fmx,MTXSTP,inventory/stock,3,ONEX_INVENTORY_COMPAT,ONEX_MTXSTP_WINDOW_API,10,511,initialize|query|new|validate|save|update|delete|post|print|refresh|exit,NOT_READY_FOR_PRODUCTION
MTXTRS001,MTXTRS001.fmx,MTXTRS,inventory/stock,3,ONEX_INVENTORY_COMPAT,ONEX_MTXTRS_WINDOW_API,10,898,initialize|query|new|validate|save|update|delete|post|print|refresh|exit,NOT_READY_FOR_PRODUCTION
MTXTRS002,MTXTRS002.fmx,MTXTRS,inventory/stock,3,ONEX_INVENTORY_COMPAT,ONEX_MTXTRS_WINDOW_API,10,956,initialize|query|new|validate|save|update|delete|post|print|refresh|exit,NOT_READY_FOR_PRODUCTION
MTXTRSR01,MTXTRSR01.fmx,MTXTRSR,inventory/stock,3,ONEX_INVENTORY_COMPAT,ONEX_MTXTRSR_WINDOW_API,10,365,initialize|query|new|validate|save|update|delete|post|print|refresh|exit,NOT_READY_FOR_PRODUCTION
MTXTRSR02,MTXTRSR02.fmx,MTXTRSR,inventory/stock,3,ONEX_INVENTORY_COMPAT,ONEX_MTXTRSR_WINDOW_API,10,366,initialize|query|new|validate|save|update|delete|post|print|refresh|exit,NOT_READY_FOR_PRODUCTION
MTXTRSR03,MTXTRSR03.fmx,MTXTRSR,inventory/stock,3,ONEX_INVENTORY_COMPAT,ONEX_MTXTRSR_WINDOW_API,10,378,initialize|query|new|validate|save|update|delete|post|print|refresh|exit,NOT_READY_FOR_PRODUCTION
MTXTRV002,MTXTRV002.fmx,MTXTRV,inventory/stock,3,ONEX_INVENTORY_COMPAT,ONEX_MTXTRV_WINDOW_API,10,250,initialize|query|new|validate|save|update|delete|approve|post|reverse|print|refresh|exit,NOT_READY_FOR_PRODUCTION
MTXTRV004,MTXTRV004.fmx,MTXTRV,inventory/stock,3,ONEX_INVENTORY_COMPAT,ONEX_MTXTRV_WINDOW_API,10,319,initialize|query|new|validate|save|update|delete|post|print|refresh|exit,NOT_READY_FOR_PRODUCTION
MTXWST002,MTXWST002.fmx,MTXWST,inventory/stock,3,ONEX_INVENTORY_COMPAT,ONEX_MTXWST_WINDOW_API,10,832,initialize|query|new|validate|save|update|delete|post|print|refresh|exit,NOT_READY_FOR_PRODUCTION
MTXWST003,MTXWST003.fmx,MTXWST,inventory/stock,3,ONEX_INVENTORY_COMPAT,ONEX_MTXWST_WINDOW_API,10,313,initialize|query|new|validate|save|update|delete|post|print|refresh|exit,NOT_READY_FOR_PRODUCTION
MTXXCH009,MTXXCH009.fmx,MTXXCH,inventory/stock,3,ONEX_INVENTORY_COMPAT,ONEX_MTXXCH_WINDOW_API,10,756,initialize|query|new|validate|save|update|delete|post|print|refresh|exit,NOT_READY_FOR_PRODUCTION
MTXXCH011,MTXXCH011.fmx,MTXXCH,inventory/stock,3,ONEX_INVENTORY_COMPAT,ONEX_MTXXCH_WINDOW_API,10,506,initialize|query|new|validate|save|update|delete|post|print|refresh|exit,NOT_READY_FOR_PRODUCTION
MTX_ERP_DBA,MTX_ERP_DBA.fmx,MTX,inventory/stock,3,ONEX_INVENTORY_COMPAT,ONEX_MTX_WINDOW_API,10,149,initialize|query|new|validate|save|update|approve|post|reverse|print|refresh|exit,NOT_READY_FOR_PRODUCTION
MtxXrp001,MtxXrp001.fmx,MTXXRP,inventory/stock,3,ONEX_INVENTORY_COMPAT,ONEX_MTXXRP_WINDOW_API,10,235,initialize|query|new|validate|save|update|delete|post|print|refresh|exit,NOT_READY_FOR_PRODUCTION
MtxXrp002,MtxXrp002.fmx,MTXXRP,inventory/stock,3,ONEX_INVENTORY_COMPAT,ONEX_MTXXRP_WINDOW_API,10,427,initialize|query|new|validate|save|update|delete|post|print|refresh|exit,NOT_READY_FOR_PRODUCTION
MtxXrp003,MtxXrp003.fmx,MTXXRP,inventory/stock,3,ONEX_INVENTORY_COMPAT,ONEX_MTXXRP_WINDOW_API,10,361,initialize|query|new|validate|save|update|delete|post|print|refresh|exit,NOT_READY_FOR_PRODUCTION
MtxXrp004,MtxXrp004.fmx,MTXXRP,inventory/stock,3,ONEX_INVENTORY_COMPAT,ONEX_MTXXRP_WINDOW_API,10,364,initialize|query|new|validate|save|update|delete|post|print|refresh|exit,NOT_READY_FOR_PRODUCTION
MtxXrp022,MtxXrp022.fmx,MTXXRP,inventory/stock,3,ONEX_INVENTORY_COMPAT,ONEX_MTXXRP_WINDOW_API,10,465,initialize|query|new|validate|save|update|delete|post|print|refresh|exit,NOT_READY_FOR_PRODUCTION
Mtxblr001,Mtxblr001.fmx,MTXBLR,inventory/stock,3,ONEX_INVENTORY_COMPAT,ONEX_MTXBLR_WINDOW_API,10,236,initialize|query|new|validate|save|update|delete|post|print|refresh|exit,NOT_READY_FOR_PRODUCTION
Mtxcrp001,Mtxcrp001.fmx,MTXCRP,inventory/stock,3,ONEX_INVENTORY_COMPAT,ONEX_MTXCRP_WINDOW_API,10,219,initialize|query|new|validate|save|update|delete|post|print|refresh|exit,NOT_READY_FOR_PRODUCTION
Mtxcrp002,Mtxcrp002.fmx,MTXCRP,inventory/stock,3,ONEX_INVENTORY_COMPAT,ONEX_MTXCRP_WINDOW_API,10,213,initialize|query|new|validate|save|update|delete|post|print|refresh|exit,NOT_READY_FOR_PRODUCTION
Mtxcrp006,Mtxcrp006.fmx,MTXCRP,inventory/stock,3,ONEX_INVENTORY_COMPAT,ONEX_MTXCRP_WINDOW_API,10,213,initialize|query|new|validate|save|update|delete|post|print|refresh|exit,NOT_READY_FOR_PRODUCTION
Mtxcrp007,Mtxcrp007.fmx,MTXCRP,inventory/stock,3,ONEX_INVENTORY_COMPAT,ONEX_MTXCRP_WINDOW_API,10,213,initialize|query|new|validate|save|update|delete|post|print|refresh|exit,NOT_READY_FOR_PRODUCTION
Mtxcrp008,Mtxcrp008.fmx,MTXCRP,inventory/stock,3,ONEX_INVENTORY_COMPAT,ONEX_MTXCRP_WINDOW_API,10,213,initialize|query|new|validate|save|update|delete|post|print|refresh|exit,NOT_READY_FOR_PRODUCTION
Mtxcrp009,Mtxcrp009.fmx,MTXCRP,inventory/stock,3,ONEX_INVENTORY_COMPAT,ONEX_MTXCRP_WINDOW_API,10,213,initialize|query|new|validate|save|update|delete|post|print|refresh|exit,NOT_READY_FOR_PRODUCTION
Mtxcrp010,Mtxcrp010.fmx,MTXCRP,inventory/stock,3,ONEX_INVENTORY_COMPAT,ONEX_MTXCRP_WINDOW_API,10,213,initialize|query|new|validate|save|update|delete|post|print|refresh|exit,NOT_READY_FOR_PRODUCTION
Mtxcrp011,Mtxcrp011.fmx,MTXCRP,inventory/stock,3,ONEX_INVENTORY_COMPAT,ONEX_MTXCRP_WINDOW_API,10,229,initialize|query|new|validate|save|update|delete|post|print|refresh|exit,NOT_READY_FOR_PRODUCTION
Mtxusr001,Mtxusr001.fmx,MTXUSR,inventory/stock,3,ONEX_INVENTORY_COMPAT,ONEX_MTXUSR_WINDOW_API,10,295,initialize|query|new|validate|save|update|delete|post|print|refresh|exit,NOT_READY_FOR_PRODUCTION
Mtxxrp005,Mtxxrp005.fmx,MTXXRP,inventory/stock,3,ONEX_INVENTORY_COMPAT,ONEX_MTXXRP_WINDOW_API,10,266,initialize|query|new|validate|save|update|delete|post|print|refresh|exit,NOT_READY_FOR_PRODUCTION
Mtxxrp006,Mtxxrp006.fmx,MTXXRP,inventory/stock,3,ONEX_INVENTORY_COMPAT,ONEX_MTXXRP_WINDOW_API,10,230,initialize|query|new|validate|save|update|delete|post|print|refresh|exit,NOT_READY_FOR_PRODUCTION
Mtxxrp007,Mtxxrp007.fmx,MTXXRP,inventory/stock,3,ONEX_INVENTORY_COMPAT,ONEX_MTXXRP_WINDOW_API,10,252,initialize|query|new|validate|save|update|delete|post|print|refresh|exit,NOT_READY_FOR_PRODUCTION
Mtxxrp008,Mtxxrp008.fmx,MTXXRP,inventory/stock,3,ONEX_INVENTORY_COMPAT,ONEX_MTXXRP_WINDOW_API,10,226,initialize|query|new|validate|save|update|delete|post|print|refresh|exit,NOT_READY_FOR_PRODUCTION
Mtxxrp009,Mtxxrp009.fmx,MTXXRP,inventory/stock,3,ONEX_INVENTORY_COMPAT,ONEX_MTXXRP_WINDOW_API,10,236,initialize|query|new|validate|save|update|delete|post|print|refresh|exit,NOT_READY_FOR_PRODUCTION
Mtxxrp011,Mtxxrp011.fmx,MTXXRP,inventory/stock,3,ONEX_INVENTORY_COMPAT,ONEX_MTXXRP_WINDOW_API,10,215,initialize|query|new|validate|save|update|delete|post|print|refresh|exit,NOT_READY_FOR_PRODUCTION
Mtxxrp024,Mtxxrp024.fmx,MTXXRP,inventory/stock,3,ONEX_INVENTORY_COMPAT,ONEX_MTXXRP_WINDOW_API,10,230,initialize|query|new|validate|save|update|delete|post|print|refresh|exit,NOT_READY_FOR_PRODUCTION
OTHR001,OTHR001.fmx,OTHER,other,0,ONEX_ADMIN_COMPAT,ONEX_OTHER_WINDOW_API,10,562,initialize|query|new|validate|save|update|delete|approve|post|reverse|print|refresh|exit,NOT_READY_FOR_PRODUCTION
OTHR002,OTHR002.fmx,OTHER,other,0,ONEX_ADMIN_COMPAT,ONEX_OTHER_WINDOW_API,10,581,initialize|query|new|validate|save|update|delete|approve|post|reverse|print|refresh|exit,NOT_READY_FOR_PRODUCTION
OTHR004,OTHR004.fmx,OTHER,other,0,ONEX_ADMIN_COMPAT,ONEX_OTHER_WINDOW_API,10,584,initialize|query|new|validate|save|update|delete|approve|post|reverse|print|refresh|exit,NOT_READY_FOR_PRODUCTION
OTHR005,OTHR005.fmx,OTHER,other,0,ONEX_ADMIN_COMPAT,ONEX_OTHER_WINDOW_API,10,545,initialize|query|new|validate|save|update|delete|approve|post|reverse|print|refresh|exit,NOT_READY_FOR_PRODUCTION
PMSI022,PMSI022.fmx,PMSI,MRP/treasury,4,ONEX_MRP_COMPAT,ONEX_PMSI_WINDOW_API,10,1018,initialize|query|new|validate|save|update|delete|approve|post|reverse|print|refresh|exit,NOT_READY_FOR_PRODUCTION
PMSI023,PMSI023.fmx,PMSI,MRP/treasury,4,ONEX_MRP_COMPAT,ONEX_PMSI_WINDOW_API,10,1048,initialize|query|new|validate|save|update|delete|approve|post|reverse|print|refresh|exit,NOT_READY_FOR_PRODUCTION
PMSI024,PMSI024.fmx,PMSI,MRP/treasury,4,ONEX_MRP_COMPAT,ONEX_PMSI_WINDOW_API,10,1435,initialize|query|new|validate|save|update|delete|approve|post|reverse|print|refresh|exit,NOT_READY_FOR_PRODUCTION
PMSI026,PMSI026.fmx,PMSI,MRP/treasury,4,ONEX_MRP_COMPAT,ONEX_PMSI_WINDOW_API,10,873,initialize|query|new|validate|save|update|delete|approve|post|reverse|print|refresh|exit,NOT_READY_FOR_PRODUCTION
PMSR001,PMSR001.fmx,PMSR,MRP/treasury,4,ONEX_MRP_COMPAT,ONEX_PMSR_WINDOW_API,10,529,initialize|query|new|validate|save|update|delete|approve|post|reverse|print|refresh|exit,NOT_READY_FOR_PRODUCTION
PMSR002,PMSR002.fmx,PMSR,MRP/treasury,4,ONEX_MRP_COMPAT,ONEX_PMSR_WINDOW_API,10,529,initialize|query|new|validate|save|update|delete|approve|post|reverse|print|refresh|exit,NOT_READY_FOR_PRODUCTION
PMSR003,PMSR003.fmx,PMSR,MRP/treasury,4,ONEX_MRP_COMPAT,ONEX_PMSR_WINDOW_API,10,660,initialize|query|new|validate|save|update|delete|approve|post|reverse|print|refresh|exit,NOT_READY_FOR_PRODUCTION
PMSR004,PMSR004.fmx,PMSR,MRP/treasury,4,ONEX_MRP_COMPAT,ONEX_PMSR_WINDOW_API,10,662,initialize|query|new|validate|save|update|delete|approve|post|reverse|print|refresh|exit,NOT_READY_FOR_PRODUCTION
PMSR005,PMSR005.fmx,PMSR,MRP/treasury,4,ONEX_MRP_COMPAT,ONEX_PMSR_WINDOW_API,10,688,initialize|query|new|validate|save|update|delete|approve|post|reverse|print|refresh|exit,NOT_READY_FOR_PRODUCTION
PMSR006,PMSR006.fmx,PMSR,MRP/treasury,4,ONEX_MRP_COMPAT,ONEX_PMSR_WINDOW_API,10,686,initialize|query|new|validate|save|update|delete|approve|post|reverse|print|refresh|exit,NOT_READY_FOR_PRODUCTION
PMSR007,PMSR007.fmx,PMSR,MRP/treasury,4,ONEX_MRP_COMPAT,ONEX_PMSR_WINDOW_API,10,699,initialize|query|new|validate|save|update|delete|approve|post|reverse|print|refresh|exit,NOT_READY_FOR_PRODUCTION
PMSR008,PMSR008.fmx,PMSR,MRP/treasury,4,ONEX_MRP_COMPAT,ONEX_PMSR_WINDOW_API,10,687,initialize|query|new|validate|save|update|delete|approve|post|reverse|print|refresh|exit,NOT_READY_FOR_PRODUCTION
PMSR009,PMSR009.fmx,PMSR,MRP/treasury,4,ONEX_MRP_COMPAT,ONEX_PMSR_WINDOW_API,10,685,initialize|query|new|validate|save|update|delete|approve|post|reverse|print|refresh|exit,NOT_READY_FOR_PRODUCTION
PMSR010,PMSR010.fmx,PMSR,MRP/treasury,4,ONEX_MRP_COMPAT,ONEX_PMSR_WINDOW_API,10,687,initialize|query|new|validate|save|update|delete|approve|post|reverse|print|refresh|exit,NOT_READY_FOR_PRODUCTION
PMSR011,PMSR011.fmx,PMSR,MRP/treasury,4,ONEX_MRP_COMPAT,ONEX_PMSR_WINDOW_API,10,685,initialize|query|new|validate|save|update|delete|approve|post|reverse|print|refresh|exit,NOT_READY_FOR_PRODUCTION
PMSR012,PMSR012.fmx,PMSR,MRP/treasury,4,ONEX_MRP_COMPAT,ONEX_PMSR_WINDOW_API,10,688,initialize|query|new|validate|save|update|delete|approve|post|reverse|print|refresh|exit,NOT_READY_FOR_PRODUCTION
PMSR013,PMSR013.fmx,PMSR,MRP/treasury,4,ONEX_MRP_COMPAT,ONEX_PMSR_WINDOW_API,10,689,initialize|query|new|validate|save|update|delete|approve|post|reverse|print|refresh|exit,NOT_READY_FOR_PRODUCTION
PMSR014,PMSR014.fmx,PMSR,MRP/treasury,4,ONEX_MRP_COMPAT,ONEX_PMSR_WINDOW_API,10,688,initialize|query|new|validate|save|update|delete|approve|post|reverse|print|refresh|exit,NOT_READY_FOR_PRODUCTION
PMSR015,PMSR015.fmx,PMSR,MRP/treasury,4,ONEX_MRP_COMPAT,ONEX_PMSR_WINDOW_API,10,687,initialize|query|new|validate|save|update|delete|approve|post|reverse|print|refresh|exit,NOT_READY_FOR_PRODUCTION
PMSR016,PMSR016.fmx,PMSR,MRP/treasury,4,ONEX_MRP_COMPAT,ONEX_PMSR_WINDOW_API,10,688,initialize|query|new|validate|save|update|delete|approve|post|reverse|print|refresh|exit,NOT_READY_FOR_PRODUCTION
PMSR017,PMSR017.fmx,PMSR,MRP/treasury,4,ONEX_MRP_COMPAT,ONEX_PMSR_WINDOW_API,10,690,initialize|query|new|validate|save|update|delete|approve|post|reverse|print|refresh|exit,NOT_READY_FOR_PRODUCTION
PMSR018,PMSR018.fmx,PMSR,MRP/treasury,4,ONEX_MRP_COMPAT,ONEX_PMSR_WINDOW_API,10,693,initialize|query|new|validate|save|update|delete|approve|post|reverse|print|refresh|exit,NOT_READY_FOR_PRODUCTION
PMSR019,PMSR019.fmx,PMSR,MRP/treasury,4,ONEX_MRP_COMPAT,ONEX_PMSR_WINDOW_API,10,662,initialize|query|new|validate|save|update|delete|approve|post|reverse|print|refresh|exit,NOT_READY_FOR_PRODUCTION
PMSR020,PMSR020.fmx,PMSR,MRP/treasury,4,ONEX_MRP_COMPAT,ONEX_PMSR_WINDOW_API,10,662,initialize|query|new|validate|save|update|delete|approve|post|reverse|print|refresh|exit,NOT_READY_FOR_PRODUCTION
PMSR021,PMSR021.fmx,PMSR,MRP/treasury,4,ONEX_MRP_COMPAT,ONEX_PMSR_WINDOW_API,10,694,initialize|query|new|validate|save|update|delete|approve|post|reverse|print|refresh|exit,NOT_READY_FOR_PRODUCTION
PMSR022,PMSR022.fmx,PMSR,MRP/treasury,4,ONEX_MRP_COMPAT,ONEX_PMSR_WINDOW_API,10,689,initialize|query|new|validate|save|update|delete|approve|post|reverse|print|refresh|exit,NOT_READY_FOR_PRODUCTION
PMSR023,PMSR023.fmx,PMSR,MRP/treasury,4,ONEX_MRP_COMPAT,ONEX_PMSR_WINDOW_API,10,694,initialize|query|new|validate|save|update|delete|approve|post|reverse|print|refresh|exit,NOT_READY_FOR_PRODUCTION
PMSS004,PMSS004.fmx,PMSS,MRP/treasury,4,ONEX_MRP_COMPAT,ONEX_PMSS_WINDOW_API,10,836,initialize|query|new|validate|save|update|delete|approve|post|reverse|print|refresh|exit,NOT_READY_FOR_PRODUCTION
PMSS005,PMSS005.fmx,PMSS,MRP/treasury,4,ONEX_MRP_COMPAT,ONEX_PMSS_WINDOW_API,10,1034,initialize|query|new|validate|save|update|delete|approve|post|reverse|print|refresh|exit,NOT_READY_FOR_PRODUCTION
PMSS007,PMSS007.fmx,PMSS,MRP/treasury,4,ONEX_MRP_COMPAT,ONEX_PMSS_WINDOW_API,10,690,initialize|query|new|validate|save|update|delete|approve|post|reverse|print|refresh|exit,NOT_READY_FOR_PRODUCTION
PMSS008,PMSS008.fmx,PMSS,MRP/treasury,4,ONEX_MRP_COMPAT,ONEX_PMSS_WINDOW_API,10,585,initialize|query|new|validate|save|update|delete|approve|post|reverse|print|refresh|exit,NOT_READY_FOR_PRODUCTION
PMST062,PMST062.fmx,PMST,MRP/treasury,4,ONEX_MRP_COMPAT,ONEX_PMST_WINDOW_API,10,1456,initialize|query|new|validate|save|update|delete|approve|post|reverse|print|refresh|exit,NOT_READY_FOR_PRODUCTION
PMST063,PMST063.fmx,PMST,MRP/treasury,4,ONEX_MRP_COMPAT,ONEX_PMST_WINDOW_API,10,1313,initialize|query|new|validate|save|update|delete|approve|post|reverse|print|refresh|exit,NOT_READY_FOR_PRODUCTION
PMST068,PMST068.fmx,PMST,MRP/treasury,4,ONEX_MRP_COMPAT,ONEX_PMST_WINDOW_API,10,1223,initialize|query|new|validate|save|update|delete|approve|post|reverse|print|refresh|exit,NOT_READY_FOR_PRODUCTION
PMST069,PMST069.fmx,PMST,MRP/treasury,4,ONEX_MRP_COMPAT,ONEX_PMST_WINDOW_API,10,1238,initialize|query|new|validate|save|update|delete|approve|post|reverse|print|refresh|exit,NOT_READY_FOR_PRODUCTION
PMST070,PMST070.fmx,PMST,MRP/treasury,4,ONEX_MRP_COMPAT,ONEX_PMST_WINDOW_API,10,1187,initialize|query|new|validate|save|update|delete|approve|post|reverse|print|refresh|exit,NOT_READY_FOR_PRODUCTION
PMST071,PMST071.fmx,PMST,MRP/treasury,4,ONEX_MRP_COMPAT,ONEX_PMST_WINDOW_API,10,1165,initialize|query|new|validate|save|update|delete|approve|post|reverse|print|refresh|exit,NOT_READY_FOR_PRODUCTION
PMST080,PMST080.fmx,PMST,MRP/treasury,4,ONEX_MRP_COMPAT,ONEX_PMST_WINDOW_API,10,952,initialize|query|new|validate|save|update|delete|approve|post|reverse|print|refresh|exit,NOT_READY_FOR_PRODUCTION
PMST081,PMST081.fmx,PMST,MRP/treasury,4,ONEX_MRP_COMPAT,ONEX_PMST_WINDOW_API,10,956,initialize|query|new|validate|save|update|delete|approve|post|reverse|print|refresh|exit,NOT_READY_FOR_PRODUCTION
PMST082,PMST082.fmx,PMST,MRP/treasury,4,ONEX_MRP_COMPAT,ONEX_PMST_WINDOW_API,10,1134,initialize|query|new|validate|save|update|delete|approve|post|reverse|print|refresh|exit,NOT_READY_FOR_PRODUCTION
PMST083,PMST083.fmx,PMST,MRP/treasury,4,ONEX_MRP_COMPAT,ONEX_PMST_WINDOW_API,10,971,initialize|query|new|validate|save|update|delete|approve|post|reverse|print|refresh|exit,NOT_READY_FOR_PRODUCTION
PMST090,PMST090.fmx,PMST,MRP/treasury,4,ONEX_MRP_COMPAT,ONEX_PMST_WINDOW_API,10,652,initialize|query|new|validate|save|update|delete|approve|post|reverse|print|refresh|exit,NOT_READY_FOR_PRODUCTION
PMST091,PMST091.fmx,PMST,MRP/treasury,4,ONEX_MRP_COMPAT,ONEX_PMST_WINDOW_API,10,1183,initialize|query|new|validate|save|update|delete|approve|post|reverse|print|refresh|exit,NOT_READY_FOR_PRODUCTION
PMS_IMPXLS_1,PMS_IMPXLS_1.fmx,PMS,MRP/treasury,4,ONEX_MRP_COMPAT,ONEX_PMS_WINDOW_API,10,851,initialize|query|new|validate|save|update|delete|approve|post|reverse|print|refresh|exit,NOT_READY_FOR_PRODUCTION
POSADVS,POSADVS.fmx,POS,POS,3,ONEX_POS_COMPAT,ONEX_POS_WINDOW_API,10,325,initialize|query|new|validate|save|update|delete|post|print|refresh|exit,NOT_READY_FOR_PRODUCTION
POSI001,POSI001.fmx,POS,POS,3,ONEX_POS_COMPAT,ONEX_POS_WINDOW_API,10,836,initialize|query|new|validate|save|update|delete|approve|post|reverse|print|refresh|exit,NOT_READY_FOR_PRODUCTION
POSI002,POSI002.fmx,POS,POS,3,ONEX_POS_COMPAT,ONEX_POS_WINDOW_API,10,524,initialize|query|new|validate|save|update|delete|approve|post|reverse|print|refresh|exit,NOT_READY_FOR_PRODUCTION
POSI003,POSI003.fmx,POS,POS,3,ONEX_POS_COMPAT,ONEX_POS_WINDOW_API,10,668,initialize|query|new|validate|save|update|delete|approve|post|reverse|print|refresh|exit,NOT_READY_FOR_PRODUCTION
POSI004,POSI004.fmx,POS,POS,3,ONEX_POS_COMPAT,ONEX_POS_WINDOW_API,10,481,initialize|query|new|validate|save|update|delete|approve|post|reverse|print|refresh|exit,NOT_READY_FOR_PRODUCTION
POSI005,POSI005.fmx,POS,POS,3,ONEX_POS_COMPAT,ONEX_POS_WINDOW_API,10,538,initialize|query|new|validate|save|update|delete|approve|post|reverse|print|refresh|exit,NOT_READY_FOR_PRODUCTION
POSI006,POSI006.fmx,POS,POS,3,ONEX_POS_COMPAT,ONEX_POS_WINDOW_API,10,534,initialize|query|new|validate|save|update|delete|approve|post|reverse|print|refresh|exit,NOT_READY_FOR_PRODUCTION
POSI007,POSI007.fmx,POS,POS,3,ONEX_POS_COMPAT,ONEX_POS_WINDOW_API,10,632,initialize|query|new|validate|save|update|delete|approve|post|reverse|print|refresh|exit,NOT_READY_FOR_PRODUCTION
POSI008,POSI008.fmx,POS,POS,3,ONEX_POS_COMPAT,ONEX_POS_WINDOW_API,10,666,initialize|query|new|validate|save|update|delete|approve|post|reverse|print|refresh|exit,NOT_READY_FOR_PRODUCTION
POSI009,POSI009.fmx,POS,POS,3,ONEX_POS_COMPAT,ONEX_POS_WINDOW_API,10,563,initialize|query|new|validate|save|update|delete|approve|post|reverse|print|refresh|exit,NOT_READY_FOR_PRODUCTION
POSI010,POSI010.fmx,POS,POS,3,ONEX_POS_COMPAT,ONEX_POS_WINDOW_API,10,745,initialize|query|new|validate|save|update|delete|approve|post|reverse|print|refresh|exit,NOT_READY_FOR_PRODUCTION
POSI011,POSI011.fmx,POS,POS,3,ONEX_POS_COMPAT,ONEX_POS_WINDOW_API,10,596,initialize|query|new|validate|save|update|delete|approve|post|reverse|print|refresh|exit,NOT_READY_FOR_PRODUCTION
POSI012,POSI012.fmx,POS,POS,3,ONEX_POS_COMPAT,ONEX_POS_WINDOW_API,10,706,initialize|query|new|validate|save|update|delete|approve|post|reverse|print|refresh|exit,NOT_READY_FOR_PRODUCTION
POSI014,POSI014.fmx,POS,POS,3,ONEX_POS_COMPAT,ONEX_POS_WINDOW_API,10,566,initialize|query|new|validate|save|update|delete|approve|post|reverse|print|refresh|exit,NOT_READY_FOR_PRODUCTION
POSLGN,POSLGN.fmx,POS,POS,3,ONEX_POS_COMPAT,ONEX_POS_WINDOW_API,10,1890,initialize|query|new|validate|save|update|delete|approve|post|reverse|print|refresh|exit,NOT_READY_FOR_PRODUCTION
POSR001,POSR001.fmx,POS,POS,3,ONEX_POS_COMPAT,ONEX_POS_WINDOW_API,10,839,initialize|query|new|validate|save|update|delete|approve|post|reverse|print|refresh|exit,NOT_READY_FOR_PRODUCTION
POSR002,POSR002.fmx,POS,POS,3,ONEX_POS_COMPAT,ONEX_POS_WINDOW_API,10,1168,initialize|query|new|validate|save|update|delete|approve|post|reverse|print|refresh|exit,NOT_READY_FOR_PRODUCTION
POSR003,POSR003.fmx,POS,POS,3,ONEX_POS_COMPAT,ONEX_POS_WINDOW_API,10,361,initialize|query|new|validate|save|update|delete|approve|post|reverse|print|refresh|exit,NOT_READY_FOR_PRODUCTION
POSR004,POSR004.fmx,POS,POS,3,ONEX_POS_COMPAT,ONEX_POS_WINDOW_API,10,563,initialize|query|new|validate|save|update|delete|approve|post|reverse|print|refresh|exit,NOT_READY_FOR_PRODUCTION
POSR005,POSR005.fmx,POS,POS,3,ONEX_POS_COMPAT,ONEX_POS_WINDOW_API,10,489,initialize|query|new|validate|save|update|delete|approve|post|reverse|print|refresh|exit,NOT_READY_FOR_PRODUCTION
POSR006,POSR006.fmx,POS,POS,3,ONEX_POS_COMPAT,ONEX_POS_WINDOW_API,10,418,initialize|query|new|validate|save|update|delete|approve|post|reverse|print|refresh|exit,NOT_READY_FOR_PRODUCTION
POSR007,POSR007.fmx,POS,POS,3,ONEX_POS_COMPAT,ONEX_POS_WINDOW_API,10,791,initialize|query|new|validate|save|update|delete|approve|post|reverse|print|refresh|exit,NOT_READY_FOR_PRODUCTION
POSR008,POSR008.fmx,POS,POS,3,ONEX_POS_COMPAT,ONEX_POS_WINDOW_API,10,365,initialize|query|new|validate|save|update|delete|approve|post|reverse|print|refresh|exit,NOT_READY_FOR_PRODUCTION
POSR009,POSR009.fmx,POS,POS,3,ONEX_POS_COMPAT,ONEX_POS_WINDOW_API,10,374,initialize|query|new|validate|save|update|delete|approve|post|reverse|print|refresh|exit,NOT_READY_FOR_PRODUCTION
POSR010,POSR010.fmx,POS,POS,3,ONEX_POS_COMPAT,ONEX_POS_WINDOW_API,10,477,initialize|query|new|validate|save|update|delete|approve|post|reverse|print|refresh|exit,NOT_READY_FOR_PRODUCTION
POSR011,POSR011.fmx,POS,POS,3,ONEX_POS_COMPAT,ONEX_POS_WINDOW_API,10,633,initialize|query|new|validate|save|update|delete|approve|post|reverse|print|refresh|exit,NOT_READY_FOR_PRODUCTION
POSS001,POSS001.fmx,POS,POS,3,ONEX_POS_COMPAT,ONEX_POS_WINDOW_API,10,1006,initialize|query|new|validate|save|update|delete|approve|post|reverse|print|refresh|exit,NOT_READY_FOR_PRODUCTION
POSS002,POSS002.fmx,POS,POS,3,ONEX_POS_COMPAT,ONEX_POS_WINDOW_API,10,756,initialize|query|new|validate|save|update|delete|approve|post|reverse|print|refresh|exit,NOT_READY_FOR_PRODUCTION
POSS003,POSS003.fmx,POS,POS,3,ONEX_POS_COMPAT,ONEX_POS_WINDOW_API,10,549,initialize|query|new|validate|save|update|delete|approve|post|reverse|print|refresh|exit,NOT_READY_FOR_PRODUCTION
POST001,POST001.fmx,POS,POS,3,ONEX_POS_COMPAT,ONEX_POS_WINDOW_API,10,3525,initialize|query|new|validate|save|update|delete|approve|post|reverse|print|refresh|exit,NOT_READY_FOR_PRODUCTION
POST002,POST002.fmx,POS,POS,3,ONEX_POS_COMPAT,ONEX_POS_WINDOW_API,10,2607,initialize|query|new|validate|save|update|delete|approve|post|reverse|print|refresh|exit,NOT_READY_FOR_PRODUCTION
POST003,POST003.fmx,POS,POS,3,ONEX_POS_COMPAT,ONEX_POS_WINDOW_API,10,1228,initialize|query|new|validate|save|update|delete|approve|post|reverse|print|refresh|exit,NOT_READY_FOR_PRODUCTION
POST004,POST004.fmx,POS,POS,3,ONEX_POS_COMPAT,ONEX_POS_WINDOW_API,10,1613,initialize|query|new|validate|save|update|delete|approve|post|reverse|print|refresh|exit,NOT_READY_FOR_PRODUCTION
POST005,POST005.fmx,POS,POS,3,ONEX_POS_COMPAT,ONEX_POS_WINDOW_API,10,1445,initialize|query|new|validate|save|update|delete|approve|post|reverse|print|refresh|exit,NOT_READY_FOR_PRODUCTION
POST006,POST006.fmx,POS,POS,3,ONEX_POS_COMPAT,ONEX_POS_WINDOW_API,10,711,initialize|query|new|validate|save|update|delete|approve|post|reverse|print|refresh|exit,NOT_READY_FOR_PRODUCTION
POST008,POST008.fmx,POS,POS,3,ONEX_POS_COMPAT,ONEX_POS_WINDOW_API,10,1172,initialize|query|new|validate|save|update|delete|approve|post|reverse|print|refresh|exit,NOT_READY_FOR_PRODUCTION
POST009,POST009.fmx,POS,POS,3,ONEX_POS_COMPAT,ONEX_POS_WINDOW_API,10,608,initialize|query|new|validate|save|update|delete|approve|post|reverse|print|refresh|exit,NOT_READY_FOR_PRODUCTION
POST010,POST010.fmx,POS,POS,3,ONEX_POS_COMPAT,ONEX_POS_WINDOW_API,10,776,initialize|query|new|validate|save|update|delete|approve|post|reverse|print|refresh|exit,NOT_READY_FOR_PRODUCTION
POST011,POST011.fmx,POS,POS,3,ONEX_POS_COMPAT,ONEX_POS_WINDOW_API,10,742,initialize|query|new|validate|save|update|delete|approve|post|reverse|print|refresh|exit,NOT_READY_FOR_PRODUCTION
POST012,POST012.fmx,POS,POS,3,ONEX_POS_COMPAT,ONEX_POS_WINDOW_API,10,582,initialize|query|new|validate|save|update|delete|approve|post|reverse|print|refresh|exit,NOT_READY_FOR_PRODUCTION
POST013,POST013.fmx,POS,POS,3,ONEX_POS_COMPAT,ONEX_POS_WINDOW_API,10,970,initialize|query|new|validate|save|update|delete|approve|post|reverse|print|refresh|exit,NOT_READY_FOR_PRODUCTION
POST014,POST014.fmx,POS,POS,3,ONEX_POS_COMPAT,ONEX_POS_WINDOW_API,10,554,initialize|query|new|validate|save|update|delete|approve|post|reverse|print|refresh|exit,NOT_READY_FOR_PRODUCTION
POST015,POST015.fmx,POS,POS,3,ONEX_POS_COMPAT,ONEX_POS_WINDOW_API,10,880,initialize|query|new|validate|save|update|delete|approve|post|reverse|print|refresh|exit,NOT_READY_FOR_PRODUCTION
POST016,POST016.fmx,POS,POS,3,ONEX_POS_COMPAT,ONEX_POS_WINDOW_API,10,624,initialize|query|new|validate|save|update|delete|approve|post|reverse|print|refresh|exit,NOT_READY_FOR_PRODUCTION
POST017,POST017.fmx,POS,POS,3,ONEX_POS_COMPAT,ONEX_POS_WINDOW_API,10,1053,initialize|query|new|validate|save|update|delete|approve|post|reverse|print|refresh|exit,NOT_READY_FOR_PRODUCTION
POST018,POST018.fmx,POS,POS,3,ONEX_POS_COMPAT,ONEX_POS_WINDOW_API,10,2063,initialize|query|new|validate|save|update|delete|approve|post|reverse|print|refresh|exit,NOT_READY_FOR_PRODUCTION
POST019,POST019.fmx,POS,POS,3,ONEX_POS_COMPAT,ONEX_POS_WINDOW_API,10,1974,initialize|query|new|validate|save|update|delete|approve|post|reverse|print|refresh|exit,NOT_READY_FOR_PRODUCTION
POST020,POST020.fmx,POS,POS,3,ONEX_POS_COMPAT,ONEX_POS_WINDOW_API,10,1081,initialize|query|new|validate|save|update|delete|approve|post|reverse|print|refresh|exit,NOT_READY_FOR_PRODUCTION
POST021,POST021.fmx,POS,POS,3,ONEX_POS_COMPAT,ONEX_POS_WINDOW_API,10,624,initialize|query|new|validate|save|update|delete|approve|post|reverse|print|refresh|exit,NOT_READY_FOR_PRODUCTION
POST022,POST022.fmx,POS,POS,3,ONEX_POS_COMPAT,ONEX_POS_WINDOW_API,10,926,initialize|query|new|validate|save|update|delete|approve|post|reverse|print|refresh|exit,NOT_READY_FOR_PRODUCTION
POST_WST,POST_WST.fmx,POS,POS,3,ONEX_POS_COMPAT,ONEX_POS_WINDOW_API,10,20,initialize|query|new|validate|save|update|post|print|refresh|exit,NOT_READY_FOR_PRODUCTION
POS_INSTALL,POS_INSTALL.fmx,POS,POS,3,ONEX_POS_COMPAT,ONEX_POS_WINDOW_API,10,4083,initialize|query|new|validate|save|update|delete|approve|post|reverse|print|refresh|exit,NOT_READY_FOR_PRODUCTION
REMI001,REMI001.fmx,REMI,other-finance/operations,2,ONEX_GL_COMPAT,ONEX_REMI_WINDOW_API,10,1649,initialize|query|new|validate|save|update|delete|approve|post|reverse|print|refresh|exit,NOT_READY_FOR_PRODUCTION
REMI003,REMI003.fmx,REMI,other-finance/operations,2,ONEX_GL_COMPAT,ONEX_REMI_WINDOW_API,10,1051,initialize|query|new|validate|save|update|delete|approve|post|reverse|print|refresh|exit,NOT_READY_FOR_PRODUCTION
REMI010,REMI010.fmx,REMI,other-finance/operations,2,ONEX_GL_COMPAT,ONEX_REMI_WINDOW_API,10,2141,initialize|query|new|validate|save|update|delete|approve|post|reverse|print|refresh|exit,NOT_READY_FOR_PRODUCTION
REMIMPXLS_REAL,REMIMPXLS_REAL.fmx,REMIMPXLS,other-finance/operations,2,ONEX_GL_COMPAT,ONEX_REMIMPXLS_WINDOW_API,10,615,initialize|query|new|validate|save|update|delete|approve|post|reverse|print|refresh|exit,NOT_READY_FOR_PRODUCTION
REMR003,REMR003.fmx,REMR,other-finance/operations,2,ONEX_GL_COMPAT,ONEX_REMR_WINDOW_API,10,689,initialize|query|new|validate|save|update|delete|approve|post|reverse|print|refresh|exit,NOT_READY_FOR_PRODUCTION
REMR005,REMR005.fmx,REMR,other-finance/operations,2,ONEX_GL_COMPAT,ONEX_REMR_WINDOW_API,10,430,initialize|query|new|validate|save|update|delete|approve|post|reverse|print|refresh|exit,NOT_READY_FOR_PRODUCTION
REMR006,REMR006.fmx,REMR,other-finance/operations,2,ONEX_GL_COMPAT,ONEX_REMR_WINDOW_API,10,392,initialize|query|new|validate|save|update|delete|approve|post|reverse|print|refresh|exit,NOT_READY_FOR_PRODUCTION
REMR008,REMR008.fmx,REMR,other-finance/operations,2,ONEX_GL_COMPAT,ONEX_REMR_WINDOW_API,10,424,initialize|query|new|validate|save|update|delete|approve|post|reverse|print|refresh|exit,NOT_READY_FOR_PRODUCTION
REMR009,REMR009.fmx,REMR,other-finance/operations,2,ONEX_GL_COMPAT,ONEX_REMR_WINDOW_API,10,411,initialize|query|new|validate|save|update|delete|approve|post|reverse|print|refresh|exit,NOT_READY_FOR_PRODUCTION
REMR010,REMR010.fmx,REMR,other-finance/operations,2,ONEX_GL_COMPAT,ONEX_REMR_WINDOW_API,10,398,initialize|query|new|validate|save|update|delete|approve|post|reverse|print|refresh|exit,NOT_READY_FOR_PRODUCTION
REMR012,REMR012.fmx,REMR,other-finance/operations,2,ONEX_GL_COMPAT,ONEX_REMR_WINDOW_API,10,405,initialize|query|new|validate|save|update|delete|approve|post|reverse|print|refresh|exit,NOT_READY_FOR_PRODUCTION
REMR014,REMR014.fmx,REMR,other-finance/operations,2,ONEX_GL_COMPAT,ONEX_REMR_WINDOW_API,10,383,initialize|query|new|validate|save|update|delete|approve|post|reverse|print|refresh|exit,NOT_READY_FOR_PRODUCTION
REMR020,REMR020.fmx,REMR,other-finance/operations,2,ONEX_GL_COMPAT,ONEX_REMR_WINDOW_API,10,385,initialize|query|new|validate|save|update|delete|approve|post|reverse|print|refresh|exit,NOT_READY_FOR_PRODUCTION
REMR022,REMR022.fmx,REMR,other-finance/operations,2,ONEX_GL_COMPAT,ONEX_REMR_WINDOW_API,10,398,initialize|query|new|validate|save|update|delete|approve|post|reverse|print|refresh|exit,NOT_READY_FOR_PRODUCTION
REMR030,REMR030.fmx,REMR,other-finance/operations,2,ONEX_GL_COMPAT,ONEX_REMR_WINDOW_API,10,441,initialize|query|new|validate|save|update|delete|approve|post|reverse|print|refresh|exit,NOT_READY_FOR_PRODUCTION
REMR031,REMR031.fmx,REMR,other-finance/operations,2,ONEX_GL_COMPAT,ONEX_REMR_WINDOW_API,10,625,initialize|query|new|validate|save|update|delete|approve|post|reverse|print|refresh|exit,NOT_READY_FOR_PRODUCTION
REMR032,REMR032.fmx,REMR,other-finance/operations,2,ONEX_GL_COMPAT,ONEX_REMR_WINDOW_API,10,679,initialize|query|new|validate|save|update|delete|approve|post|reverse|print|refresh|exit,NOT_READY_FOR_PRODUCTION
REMR033,REMR033.fmx,REMR,other-finance/operations,2,ONEX_GL_COMPAT,ONEX_REMR_WINDOW_API,10,614,initialize|query|new|validate|save|update|delete|approve|post|reverse|print|refresh|exit,NOT_READY_FOR_PRODUCTION
REMS001,REMS001.fmx,REMS,other-finance/operations,2,ONEX_GL_COMPAT,ONEX_REMS_WINDOW_API,10,601,initialize|query|new|validate|save|update|delete|approve|post|reverse|print|refresh|exit,NOT_READY_FOR_PRODUCTION
REMS004,REMS004.fmx,REMS,other-finance/operations,2,ONEX_GL_COMPAT,ONEX_REMS_WINDOW_API,10,847,initialize|query|new|validate|save|update|delete|approve|post|reverse|print|refresh|exit,NOT_READY_FOR_PRODUCTION
REMS006,REMS006.fmx,REMS,other-finance/operations,2,ONEX_GL_COMPAT,ONEX_REMS_WINDOW_API,10,849,initialize|query|new|validate|save|update|delete|approve|post|reverse|print|refresh|exit,NOT_READY_FOR_PRODUCTION
REMS008,REMS008.fmx,REMS,other-finance/operations,2,ONEX_GL_COMPAT,ONEX_REMS_WINDOW_API,10,609,initialize|query|new|validate|save|update|delete|approve|post|reverse|print|refresh|exit,NOT_READY_FOR_PRODUCTION
REMS010,REMS010.fmx,REMS,other-finance/operations,2,ONEX_GL_COMPAT,ONEX_REMS_WINDOW_API,10,528,initialize|query|new|validate|save|update|delete|approve|post|reverse|print|refresh|exit,NOT_READY_FOR_PRODUCTION
REMS011,REMS011.fmx,REMS,other-finance/operations,2,ONEX_GL_COMPAT,ONEX_REMS_WINDOW_API,10,646,initialize|query|new|validate|save|update|delete|approve|post|reverse|print|refresh|exit,NOT_READY_FOR_PRODUCTION
REMT001,REMT001.fmx,REMT,other-finance/operations,2,ONEX_GL_COMPAT,ONEX_REMT_WINDOW_API,10,2039,initialize|query|new|validate|save|update|delete|approve|post|reverse|print|refresh|exit,NOT_READY_FOR_PRODUCTION
REMT003,REMT003.fmx,REMT,other-finance/operations,2,ONEX_GL_COMPAT,ONEX_REMT_WINDOW_API,10,1542,initialize|query|new|validate|save|update|delete|approve|post|reverse|print|refresh|exit,NOT_READY_FOR_PRODUCTION
REMT004,REMT004.fmx,REMT,other-finance/operations,2,ONEX_GL_COMPAT,ONEX_REMT_WINDOW_API,10,1325,initialize|query|new|validate|save|update|delete|approve|post|reverse|print|refresh|exit,NOT_READY_FOR_PRODUCTION
REMT005,REMT005.fmx,REMT,other-finance/operations,2,ONEX_GL_COMPAT,ONEX_REMT_WINDOW_API,10,1104,initialize|query|new|validate|save|update|delete|approve|post|reverse|print|refresh|exit,NOT_READY_FOR_PRODUCTION
REMT006,REMT006.fmx,REMT,other-finance/operations,2,ONEX_GL_COMPAT,ONEX_REMT_WINDOW_API,10,1035,initialize|query|new|validate|save|update|delete|approve|post|reverse|print|refresh|exit,NOT_READY_FOR_PRODUCTION
REMT010,REMT010.fmx,REMT,other-finance/operations,2,ONEX_GL_COMPAT,ONEX_REMT_WINDOW_API,10,1219,initialize|query|new|validate|save|update|delete|approve|post|reverse|print|refresh|exit,NOT_READY_FOR_PRODUCTION
REMT011,REMT011.fmx,REMT,other-finance/operations,2,ONEX_GL_COMPAT,ONEX_REMT_WINDOW_API,10,1356,initialize|query|new|validate|save|update|delete|approve|post|reverse|print|refresh|exit,NOT_READY_FOR_PRODUCTION
REMT012,REMT012.fmx,REMT,other-finance/operations,2,ONEX_GL_COMPAT,ONEX_REMT_WINDOW_API,10,981,initialize|query|new|validate|save|update|delete|approve|post|reverse|print|refresh|exit,NOT_READY_FOR_PRODUCTION
REMT014,REMT014.fmx,REMT,other-finance/operations,2,ONEX_GL_COMPAT,ONEX_REMT_WINDOW_API,10,939,initialize|query|new|validate|save|update|delete|approve|post|reverse|print|refresh|exit,NOT_READY_FOR_PRODUCTION
REMT015,REMT015.fmx,REMT,other-finance/operations,2,ONEX_GL_COMPAT,ONEX_REMT_WINDOW_API,10,915,initialize|query|new|validate|save|update|delete|approve|post|reverse|print|refresh|exit,NOT_READY_FOR_PRODUCTION
REMT020,REMT020.fmx,REMT,other-finance/operations,2,ONEX_GL_COMPAT,ONEX_REMT_WINDOW_API,10,1056,initialize|query|new|validate|save|update|delete|approve|post|reverse|print|refresh|exit,NOT_READY_FOR_PRODUCTION
REMT022,REMT022.fmx,REMT,other-finance/operations,2,ONEX_GL_COMPAT,ONEX_REMT_WINDOW_API,10,1066,initialize|query|new|validate|save|update|delete|approve|post|reverse|print|refresh|exit,NOT_READY_FOR_PRODUCTION
REMT024,REMT024.fmx,REMT,other-finance/operations,2,ONEX_GL_COMPAT,ONEX_REMT_WINDOW_API,10,922,initialize|query|new|validate|save|update|delete|approve|post|reverse|print|refresh|exit,NOT_READY_FOR_PRODUCTION
REMT025,REMT025.fmx,REMT,other-finance/operations,2,ONEX_GL_COMPAT,ONEX_REMT_WINDOW_API,10,889,initialize|query|new|validate|save|update|delete|approve|post|reverse|print|refresh|exit,NOT_READY_FOR_PRODUCTION
REMT030,REMT030.fmx,REMT,other-finance/operations,2,ONEX_GL_COMPAT,ONEX_REMT_WINDOW_API,10,690,initialize|query|new|validate|save|update|delete|approve|post|reverse|print|refresh|exit,NOT_READY_FOR_PRODUCTION
REM_ALRTS001,REM_ALRTS001.fmx,REM,other-finance/operations,2,ONEX_GL_COMPAT,ONEX_REM_WINDOW_API,10,544,initialize|query|new|validate|save|update|delete|approve|post|reverse|print|refresh|exit,NOT_READY_FOR_PRODUCTION
REQFRMWEB,REQFRMWEB.fmx,OTHER,other,0,ONEX_ADMIN_COMPAT,ONEX_OTHER_WINDOW_API,10,318,initialize|query|new|validate|save|update|delete|approve|post|reverse|print|refresh|exit,NOT_READY_FOR_PRODUCTION
REST001,REST001.fmx,OTHER,other,0,ONEX_ADMIN_COMPAT,ONEX_OTHER_WINDOW_API,10,1905,initialize|query|new|validate|save|update|delete|approve|post|reverse|print|refresh|exit,NOT_READY_FOR_PRODUCTION
SEC001,SEC001.fmx,OTHER,other,0,ONEX_ADMIN_COMPAT,ONEX_OTHER_WINDOW_API,10,515,initialize|query|new|validate|save|update|delete|approve|post|reverse|print|refresh|exit,NOT_READY_FOR_PRODUCTION
SEC002,SEC002.fmx,OTHER,other,0,ONEX_ADMIN_COMPAT,ONEX_OTHER_WINDOW_API,10,512,initialize|query|new|validate|save|update|delete|approve|post|reverse|print|refresh|exit,NOT_READY_FOR_PRODUCTION
SEC003,SEC003.fmx,OTHER,other,0,ONEX_ADMIN_COMPAT,ONEX_OTHER_WINDOW_API,10,501,initialize|query|new|validate|save|update|delete|approve|post|reverse|print|refresh|exit,NOT_READY_FOR_PRODUCTION
SEC004,SEC004.fmx,OTHER,other,0,ONEX_ADMIN_COMPAT,ONEX_OTHER_WINDOW_API,10,603,initialize|query|new|validate|save|update|delete|approve|post|reverse|print|refresh|exit,NOT_READY_FOR_PRODUCTION
SEC005,SEC005.fmx,OTHER,other,0,ONEX_ADMIN_COMPAT,ONEX_OTHER_WINDOW_API,10,515,initialize|query|new|validate|save|update|delete|approve|post|reverse|print|refresh|exit,NOT_READY_FOR_PRODUCTION
SECFM10,SECFM10.fmx,OTHER,other,0,ONEX_ADMIN_COMPAT,ONEX_OTHER_WINDOW_API,10,242,initialize|query|new|validate|save|update|delete|approve|post|reverse|print|refresh|exit,NOT_READY_FOR_PRODUCTION
SHLI001,SHLI001.fmx,SHLI,other-finance/operations,2,ONEX_GL_COMPAT,ONEX_SHLI_WINDOW_API,10,1141,initialize|query|new|validate|save|update|delete|approve|post|reverse|print|refresh|exit,NOT_READY_FOR_PRODUCTION
SHLI002,SHLI002.fmx,SHLI,other-finance/operations,2,ONEX_GL_COMPAT,ONEX_SHLI_WINDOW_API,10,799,initialize|query|new|validate|save|update|delete|approve|post|reverse|print|refresh|exit,NOT_READY_FOR_PRODUCTION
SHLI003,SHLI003.fmx,SHLI,other-finance/operations,2,ONEX_GL_COMPAT,ONEX_SHLI_WINDOW_API,10,840,initialize|query|new|validate|save|update|delete|approve|post|reverse|print|refresh|exit,NOT_READY_FOR_PRODUCTION
SHLR001,SHLR001.fmx,SHLR,other-finance/operations,2,ONEX_GL_COMPAT,ONEX_SHLR_WINDOW_API,10,637,initialize|query|new|validate|save|update|delete|approve|post|reverse|print|refresh|exit,NOT_READY_FOR_PRODUCTION
SHLR002,SHLR002.fmx,SHLR,other-finance/operations,2,ONEX_GL_COMPAT,ONEX_SHLR_WINDOW_API,10,641,initialize|query|new|validate|save|update|delete|approve|post|reverse|print|refresh|exit,NOT_READY_FOR_PRODUCTION
SHLR003,SHLR003.fmx,SHLR,other-finance/operations,2,ONEX_GL_COMPAT,ONEX_SHLR_WINDOW_API,10,640,initialize|query|new|validate|save|update|delete|approve|post|reverse|print|refresh|exit,NOT_READY_FOR_PRODUCTION
SHLR004,SHLR004.fmx,SHLR,other-finance/operations,2,ONEX_GL_COMPAT,ONEX_SHLR_WINDOW_API,10,625,initialize|query|new|validate|save|update|delete|approve|post|reverse|print|refresh|exit,NOT_READY_FOR_PRODUCTION
SHLR005,SHLR005.fmx,SHLR,other-finance/operations,2,ONEX_GL_COMPAT,ONEX_SHLR_WINDOW_API,10,637,initialize|query|new|validate|save|update|delete|approve|post|reverse|print|refresh|exit,NOT_READY_FOR_PRODUCTION
SHLR006,SHLR006.fmx,SHLR,other-finance/operations,2,ONEX_GL_COMPAT,ONEX_SHLR_WINDOW_API,10,641,initialize|query|new|validate|save|update|delete|approve|post|reverse|print|refresh|exit,NOT_READY_FOR_PRODUCTION
SHLR007,SHLR007.fmx,SHLR,other-finance/operations,2,ONEX_GL_COMPAT,ONEX_SHLR_WINDOW_API,10,641,initialize|query|new|validate|save|update|delete|approve|post|reverse|print|refresh|exit,NOT_READY_FOR_PRODUCTION
SHLR008,SHLR008.fmx,SHLR,other-finance/operations,2,ONEX_GL_COMPAT,ONEX_SHLR_WINDOW_API,10,629,initialize|query|new|validate|save|update|delete|approve|post|reverse|print|refresh|exit,NOT_READY_FOR_PRODUCTION
SHLR009,SHLR009.fmx,SHLR,other-finance/operations,2,ONEX_GL_COMPAT,ONEX_SHLR_WINDOW_API,10,622,initialize|query|new|validate|save|update|delete|approve|post|reverse|print|refresh|exit,NOT_READY_FOR_PRODUCTION
SHLR010,SHLR010.fmx,SHLR,other-finance/operations,2,ONEX_GL_COMPAT,ONEX_SHLR_WINDOW_API,10,662,initialize|query|new|validate|save|update|delete|approve|post|reverse|print|refresh|exit,NOT_READY_FOR_PRODUCTION
SHLR011,SHLR011.fmx,SHLR,other-finance/operations,2,ONEX_GL_COMPAT,ONEX_SHLR_WINDOW_API,10,632,initialize|query|new|validate|save|update|delete|approve|post|reverse|print|refresh|exit,NOT_READY_FOR_PRODUCTION
SHLR012,SHLR012.fmx,SHLR,other-finance/operations,2,ONEX_GL_COMPAT,ONEX_SHLR_WINDOW_API,10,660,initialize|query|new|validate|save|update|delete|approve|post|reverse|print|refresh|exit,NOT_READY_FOR_PRODUCTION
SHLR013,SHLR013.fmx,SHLR,other-finance/operations,2,ONEX_GL_COMPAT,ONEX_SHLR_WINDOW_API,10,647,initialize|query|new|validate|save|update|delete|approve|post|reverse|print|refresh|exit,NOT_READY_FOR_PRODUCTION
SHLS001,SHLS001.fmx,SHLS,other-finance/operations,2,ONEX_GL_COMPAT,ONEX_SHLS_WINDOW_API,10,524,initialize|query|new|validate|save|update|delete|approve|post|reverse|print|refresh|exit,NOT_READY_FOR_PRODUCTION
SHLS002,SHLS002.fmx,SHLS,other-finance/operations,2,ONEX_GL_COMPAT,ONEX_SHLS_WINDOW_API,10,872,initialize|query|new|validate|save|update|delete|approve|post|reverse|print|refresh|exit,NOT_READY_FOR_PRODUCTION
SHLS003,SHLS003.fmx,SHLS,other-finance/operations,2,ONEX_GL_COMPAT,ONEX_SHLS_WINDOW_API,10,570,initialize|query|new|validate|save|update|delete|approve|post|reverse|print|refresh|exit,NOT_READY_FOR_PRODUCTION
SHLS004,SHLS004.fmx,SHLS,other-finance/operations,2,ONEX_GL_COMPAT,ONEX_SHLS_WINDOW_API,10,626,initialize|query|new|validate|save|update|delete|approve|post|reverse|print|refresh|exit,NOT_READY_FOR_PRODUCTION
SHLT001,SHLT001.fmx,SHLT,other-finance/operations,2,ONEX_GL_COMPAT,ONEX_SHLT_WINDOW_API,10,970,initialize|query|new|validate|save|update|delete|approve|post|reverse|print|refresh|exit,NOT_READY_FOR_PRODUCTION
SHLT002,SHLT002.fmx,SHLT,other-finance/operations,2,ONEX_GL_COMPAT,ONEX_SHLT_WINDOW_API,10,912,initialize|query|new|validate|save|update|delete|approve|post|reverse|print|refresh|exit,NOT_READY_FOR_PRODUCTION
SHLT003,SHLT003.fmx,SHLT,other-finance/operations,2,ONEX_GL_COMPAT,ONEX_SHLT_WINDOW_API,10,829,initialize|query|new|validate|save|update|delete|approve|post|reverse|print|refresh|exit,NOT_READY_FOR_PRODUCTION
SHLT004,SHLT004.fmx,SHLT,other-finance/operations,2,ONEX_GL_COMPAT,ONEX_SHLT_WINDOW_API,10,887,initialize|query|new|validate|save|update|delete|approve|post|reverse|print|refresh|exit,NOT_READY_FOR_PRODUCTION
SHLT005,SHLT005.fmx,SHLT,other-finance/operations,2,ONEX_GL_COMPAT,ONEX_SHLT_WINDOW_API,10,939,initialize|query|new|validate|save|update|delete|approve|post|reverse|print|refresh|exit,NOT_READY_FOR_PRODUCTION
SHLT006,SHLT006.fmx,SHLT,other-finance/operations,2,ONEX_GL_COMPAT,ONEX_SHLT_WINDOW_API,10,940,initialize|query|new|validate|save|update|delete|approve|post|reverse|print|refresh|exit,NOT_READY_FOR_PRODUCTION
SHLT007,SHLT007.fmx,SHLT,other-finance/operations,2,ONEX_GL_COMPAT,ONEX_SHLT_WINDOW_API,10,844,initialize|query|new|validate|save|update|delete|approve|post|reverse|print|refresh|exit,NOT_READY_FOR_PRODUCTION
SHLT008,SHLT008.fmx,SHLT,other-finance/operations,2,ONEX_GL_COMPAT,ONEX_SHLT_WINDOW_API,10,861,initialize|query|new|validate|save|update|delete|approve|post|reverse|print|refresh|exit,NOT_READY_FOR_PRODUCTION
SHLT010,SHLT010.fmx,SHLT,other-finance/operations,2,ONEX_GL_COMPAT,ONEX_SHLT_WINDOW_API,10,976,initialize|query|new|validate|save|update|delete|approve|post|reverse|print|refresh|exit,NOT_READY_FOR_PRODUCTION
SHLT011,SHLT011.fmx,SHLT,other-finance/operations,2,ONEX_GL_COMPAT,ONEX_SHLT_WINDOW_API,10,937,initialize|query|new|validate|save|update|delete|approve|post|reverse|print|refresh|exit,NOT_READY_FOR_PRODUCTION
SHOI001,SHOI001.fmx,SHOI,other-finance/operations,2,ONEX_GL_COMPAT,ONEX_SHOI_WINDOW_API,10,1030,initialize|query|new|validate|save|update|delete|approve|post|reverse|print|refresh|exit,NOT_READY_FOR_PRODUCTION
SHOI002,SHOI002.fmx,SHOI,other-finance/operations,2,ONEX_GL_COMPAT,ONEX_SHOI_WINDOW_API,10,562,initialize|query|new|validate|save|update|delete|approve|post|reverse|print|refresh|exit,NOT_READY_FOR_PRODUCTION
SHOR001,SHOR001.fmx,SHOR,other-finance/operations,2,ONEX_GL_COMPAT,ONEX_SHOR_WINDOW_API,10,722,initialize|query|new|validate|save|update|delete|approve|post|reverse|print|refresh|exit,NOT_READY_FOR_PRODUCTION
SHOS001,SHOS001.fmx,SHOS,other-finance/operations,2,ONEX_GL_COMPAT,ONEX_SHOS_WINDOW_API,10,693,initialize|query|new|validate|save|update|delete|approve|post|reverse|print|refresh|exit,NOT_READY_FOR_PRODUCTION
SHP027,SHP027.fmx,SHP,other-finance/operations,2,ONEX_GL_COMPAT,ONEX_SHP_WINDOW_API,10,3755,initialize|query|new|validate|save|update|delete|approve|post|reverse|print|refresh|exit,NOT_READY_FOR_PRODUCTION
SHPDBA,SHPDBA.fmx,SHPDBA,other-finance/operations,2,ONEX_GL_COMPAT,ONEX_SHPDBA_WINDOW_API,10,4599,initialize|query|new|validate|save|update|delete|approve|post|reverse|print|refresh|exit,NOT_READY_FOR_PRODUCTION
SHPDBA_FULL,SHPDBA_FULL.fmx,SHPDBA,other-finance/operations,2,ONEX_GL_COMPAT,ONEX_SHPDBA_WINDOW_API,10,3422,initialize|query|new|validate|save|update|delete|approve|post|reverse|print|refresh|exit,NOT_READY_FOR_PRODUCTION
SHPI001,SHPI001.fmx,SHPI,other-finance/operations,2,ONEX_GL_COMPAT,ONEX_SHPI_WINDOW_API,10,834,initialize|query|new|validate|save|update|delete|approve|post|reverse|print|refresh|exit,NOT_READY_FOR_PRODUCTION
SHPI002,SHPI002.fmx,SHPI,other-finance/operations,2,ONEX_GL_COMPAT,ONEX_SHPI_WINDOW_API,10,858,initialize|query|new|validate|save|update|delete|approve|post|reverse|print|refresh|exit,NOT_READY_FOR_PRODUCTION
SHPR001,SHPR001.fmx,SHPR,other-finance/operations,2,ONEX_GL_COMPAT,ONEX_SHPR_WINDOW_API,10,710,initialize|query|new|validate|save|update|delete|approve|post|reverse|print|refresh|exit,NOT_READY_FOR_PRODUCTION
SHPR002,SHPR002.fmx,SHPR,other-finance/operations,2,ONEX_GL_COMPAT,ONEX_SHPR_WINDOW_API,10,686,initialize|query|new|validate|save|update|delete|approve|post|reverse|print|refresh|exit,NOT_READY_FOR_PRODUCTION
SHPS001,SHPS001.fmx,SHPS,other-finance/operations,2,ONEX_GL_COMPAT,ONEX_SHPS_WINDOW_API,10,624,initialize|query|new|validate|save|update|delete|approve|post|reverse|print|refresh|exit,NOT_READY_FOR_PRODUCTION
SHPS002,SHPS002.fmx,SHPS,other-finance/operations,2,ONEX_GL_COMPAT,ONEX_SHPS_WINDOW_API,10,535,initialize|query|new|validate|save|update|delete|approve|post|reverse|print|refresh|exit,NOT_READY_FOR_PRODUCTION
SHPT001,SHPT001.fmx,SHPT,other-finance/operations,2,ONEX_GL_COMPAT,ONEX_SHPT_WINDOW_API,10,1792,initialize|query|new|validate|save|update|delete|approve|post|reverse|print|refresh|exit,NOT_READY_FOR_PRODUCTION
SHPT002,SHPT002.fmx,SHPT,other-finance/operations,2,ONEX_GL_COMPAT,ONEX_SHPT_WINDOW_API,10,1974,initialize|query|new|validate|save|update|delete|approve|post|reverse|print|refresh|exit,NOT_READY_FOR_PRODUCTION
SHPT003,SHPT003.fmx,SHPT,other-finance/operations,2,ONEX_GL_COMPAT,ONEX_SHPT_WINDOW_API,10,1379,initialize|query|new|validate|save|update|delete|approve|post|reverse|print|refresh|exit,NOT_READY_FOR_PRODUCTION
SHPT004,SHPT004.fmx,SHPT,other-finance/operations,2,ONEX_GL_COMPAT,ONEX_SHPT_WINDOW_API,10,1382,initialize|query|new|validate|save|update|delete|approve|post|reverse|print|refresh|exit,NOT_READY_FOR_PRODUCTION
SHPT005,SHPT005.fmx,SHPT,other-finance/operations,2,ONEX_GL_COMPAT,ONEX_SHPT_WINDOW_API,10,1382,initialize|query|new|validate|save|update|delete|approve|post|reverse|print|refresh|exit,NOT_READY_FOR_PRODUCTION
SHPT006,SHPT006.fmx,SHPT,other-finance/operations,2,ONEX_GL_COMPAT,ONEX_SHPT_WINDOW_API,10,1551,initialize|query|new|validate|save|update|delete|approve|post|reverse|print|refresh|exit,NOT_READY_FOR_PRODUCTION
SHPT007,SHPT007.fmx,SHPT,other-finance/operations,2,ONEX_GL_COMPAT,ONEX_SHPT_WINDOW_API,10,855,initialize|query|new|validate|save|update|delete|approve|post|reverse|print|refresh|exit,NOT_READY_FOR_PRODUCTION
SHP_DBA,SHP_DBA.fmx,SHP,other-finance/operations,2,ONEX_GL_COMPAT,ONEX_SHP_WINDOW_API,10,3755,initialize|query|new|validate|save|update|delete|approve|post|reverse|print|refresh|exit,NOT_READY_FOR_PRODUCTION
STNI001,STNI001.fmx,OTHER,other,0,ONEX_ADMIN_COMPAT,ONEX_OTHER_WINDOW_API,10,728,initialize|query|new|validate|save|update|delete|approve|post|reverse|print|refresh|exit,NOT_READY_FOR_PRODUCTION
STNR001,STNR001.fmx,OTHER,other,0,ONEX_ADMIN_COMPAT,ONEX_OTHER_WINDOW_API,10,664,initialize|query|new|validate|save|update|delete|approve|post|reverse|print|refresh|exit,NOT_READY_FOR_PRODUCTION
STNR002,STNR002.fmx,OTHER,other,0,ONEX_ADMIN_COMPAT,ONEX_OTHER_WINDOW_API,10,677,initialize|query|new|validate|save|update|delete|approve|post|reverse|print|refresh|exit,NOT_READY_FOR_PRODUCTION
STNR003,STNR003.fmx,OTHER,other,0,ONEX_ADMIN_COMPAT,ONEX_OTHER_WINDOW_API,10,695,initialize|query|new|validate|save|update|delete|approve|post|reverse|print|refresh|exit,NOT_READY_FOR_PRODUCTION
STNR004,STNR004.fmx,OTHER,other,0,ONEX_ADMIN_COMPAT,ONEX_OTHER_WINDOW_API,10,904,initialize|query|new|validate|save|update|delete|approve|post|reverse|print|refresh|exit,NOT_READY_FOR_PRODUCTION
STNR005,STNR005.fmx,OTHER,other,0,ONEX_ADMIN_COMPAT,ONEX_OTHER_WINDOW_API,10,931,initialize|query|new|validate|save|update|delete|approve|post|reverse|print|refresh|exit,NOT_READY_FOR_PRODUCTION
STNS002,STNS002.fmx,OTHER,other,0,ONEX_ADMIN_COMPAT,ONEX_OTHER_WINDOW_API,10,806,initialize|query|new|validate|save|update|delete|approve|post|reverse|print|refresh|exit,NOT_READY_FOR_PRODUCTION
STNS003,STNS003.fmx,OTHER,other,0,ONEX_ADMIN_COMPAT,ONEX_OTHER_WINDOW_API,10,923,initialize|query|new|validate|save|update|delete|approve|post|reverse|print|refresh|exit,NOT_READY_FOR_PRODUCTION
STNS004,STNS004.fmx,OTHER,other,0,ONEX_ADMIN_COMPAT,ONEX_OTHER_WINDOW_API,10,1057,initialize|query|new|validate|save|update|delete|approve|post|reverse|print|refresh|exit,NOT_READY_FOR_PRODUCTION
STNT001,STNT001.fmx,OTHER,other,0,ONEX_ADMIN_COMPAT,ONEX_OTHER_WINDOW_API,10,1057,initialize|query|new|validate|save|update|delete|approve|post|reverse|print|refresh|exit,NOT_READY_FOR_PRODUCTION
STNT002,STNT002.fmx,OTHER,other,0,ONEX_ADMIN_COMPAT,ONEX_OTHER_WINDOW_API,10,1422,initialize|query|new|validate|save|update|delete|approve|post|reverse|print|refresh|exit,NOT_READY_FOR_PRODUCTION
STNT003,STNT003.fmx,OTHER,other,0,ONEX_ADMIN_COMPAT,ONEX_OTHER_WINDOW_API,10,1771,initialize|query|new|validate|save|update|delete|approve|post|reverse|print|refresh|exit,NOT_READY_FOR_PRODUCTION
STNT003_old,STNT003_old.fmx,OTHER,other,0,ONEX_ADMIN_COMPAT,ONEX_OTHER_WINDOW_API,10,1645,initialize|query|new|validate|save|update|delete|approve|post|reverse|print|refresh|exit,NOT_READY_FOR_PRODUCTION
STNT004,STNT004.fmx,OTHER,other,0,ONEX_ADMIN_COMPAT,ONEX_OTHER_WINDOW_API,10,1094,initialize|query|new|validate|save|update|delete|approve|post|reverse|print|refresh|exit,NOT_READY_FOR_PRODUCTION
TELEYEMEN_FNGI008,TELEYEMEN_FNGI008.fmx,OTHER,other,0,ONEX_ADMIN_COMPAT,ONEX_OTHER_WINDOW_API,10,1992,initialize|query|new|validate|save|update|delete|approve|post|reverse|print|refresh|exit,NOT_READY_FOR_PRODUCTION
YS_EMP_TRNS,YS_EMP_TRNS.fmx,OTHER,other,0,ONEX_ADMIN_COMPAT,ONEX_OTHER_WINDOW_API,10,421,initialize|query|new|validate|save|update|delete|approve|post|reverse|print|refresh|exit,NOT_READY_FOR_PRODUCTION
YS_EMP_UPD_DATA,YS_EMP_UPD_DATA.fmx,OTHER,other,0,ONEX_ADMIN_COMPAT,ONEX_OTHER_WINDOW_API,10,1062,initialize|query|new|validate|save|update|delete|approve|post|reverse|print|refresh|exit,NOT_READY_FOR_PRODUCTION
YS_FAS_FLTR,YS_FAS_FLTR.fmx,OTHER,other,0,ONEX_ADMIN_COMPAT,ONEX_OTHER_WINDOW_API,10,976,initialize|query|new|validate|save|update|delete|approve|post|reverse|print|refresh|exit,NOT_READY_FOR_PRODUCTION
YS_HRS_FLTR,YS_HRS_FLTR.fmx,OTHER,other,0,ONEX_ADMIN_COMPAT,ONEX_OTHER_WINDOW_API,10,978,initialize|query|new|validate|save|update|delete|approve|post|reverse|print|refresh|exit,NOT_READY_FOR_PRODUCTION
YS_ICODE_LOV,YS_ICODE_LOV.fmx,OTHER,other,0,ONEX_ADMIN_COMPAT,ONEX_OTHER_WINDOW_API,10,679,initialize|query|new|validate|save|update|delete|approve|post|reverse|print|refresh|exit,NOT_READY_FOR_PRODUCTION
YS_IMPXLS_EMP,YS_IMPXLS_EMP.fmx,OTHER,other,0,ONEX_ADMIN_COMPAT,ONEX_OTHER_WINDOW_API,10,953,initialize|query|new|validate|save|update|delete|approve|post|reverse|print|refresh|exit,NOT_READY_FOR_PRODUCTION
YS_IMPXLS_HRCHY,YS_IMPXLS_HRCHY.fmx,OTHER,other,0,ONEX_ADMIN_COMPAT,ONEX_OTHER_WINDOW_API,10,659,initialize|query|new|validate|save|update|delete|approve|post|reverse|print|refresh|exit,NOT_READY_FOR_PRODUCTION
activation_code,activation_code.fmx,OTHER,other,0,ONEX_ADMIN_COMPAT,ONEX_OTHER_WINDOW_API,10,1086,initialize|query|new|validate|save|update|delete|approve|post|reverse|print|refresh|exit,NOT_READY_FOR_PRODUCTION
fast090,fast090.fmx,FAST,GL/finance,2,ONEX_GL_COMPAT,ONEX_FAST_WINDOW_API,10,1381,initialize|query|new|validate|save|update|delete|approve|post|reverse|print|refresh|exit,NOT_READY_FOR_PRODUCTION
glsi007_acc_pj,glsi007_acc_pj.fmx,GLSI,GL/finance,2,ONEX_GL_COMPAT,ONEX_GLSI_WINDOW_API,10,662,initialize|query|new|validate|save|update|delete|approve|post|reverse|print|refresh|exit,NOT_READY_FOR_PRODUCTION
hrst0_11,hrst0_11.fmx,HRST,HR,4,ONEX_HR_COMPAT,ONEX_HRST_WINDOW_API,10,1630,initialize|query|new|validate|save|update|delete|approve|post|reverse|print|refresh|exit,NOT_READY_FOR_PRODUCTION
jv_types,jv_types.fmx,OTHER,other,0,ONEX_ADMIN_COMPAT,ONEX_OTHER_WINDOW_API,10,24,initialize|query|new|validate|save|update|approve|post|reverse|print|refresh|exit,NOT_READY_FOR_PRODUCTION
mrpbom02,mrpbom02.fmx,MRPBOM,MRP/treasury,4,ONEX_MRP_COMPAT,ONEX_MRPBOM_WINDOW_API,10,1040,initialize|query|new|validate|save|update|delete|post|print|refresh|exit,NOT_READY_FOR_PRODUCTION
mrpcrp22,mrpcrp22.fmx,MRPCRP,MRP/treasury,4,ONEX_MRP_COMPAT,ONEX_MRPCRP_WINDOW_API,10,298,initialize|query|new|validate|save|update|delete|post|print|refresh|exit,NOT_READY_FOR_PRODUCTION
mrpmps03,mrpmps03.fmx,MRPMPS,MRP/treasury,4,ONEX_MRP_COMPAT,ONEX_MRPMPS_WINDOW_API,10,612,initialize|query|new|validate|save|update|delete|post|print|refresh|exit,NOT_READY_FOR_PRODUCTION
mrprepmps001,mrprepmps001.fmx,MRPREPMPS,MRP/treasury,4,ONEX_MRP_COMPAT,ONEX_MRPREPMPS_WINDOW_API,10,478,initialize|query|new|validate|save|update|delete|post|print|refresh|exit,NOT_READY_FOR_PRODUCTION
mrprepmps0062,mrprepmps0062.fmx,MRPREPMPS,MRP/treasury,4,ONEX_MRP_COMPAT,ONEX_MRPREPMPS_WINDOW_API,10,577,initialize|query|new|validate|save|update|delete|post|print|refresh|exit,NOT_READY_FOR_PRODUCTION
mrprepsgs008,mrprepsgs008.fmx,MRPREPSGS,MRP/treasury,4,ONEX_MRP_COMPAT,ONEX_MRPREPSGS_WINDOW_API,10,301,initialize|query|new|validate|save|update|delete|post|print|refresh|exit,NOT_READY_FOR_PRODUCTION
mrprepsgs021,mrprepsgs021.fmx,MRPREPSGS,MRP/treasury,4,ONEX_MRP_COMPAT,ONEX_MRPREPSGS_WINDOW_API,10,299,initialize|query|new|validate|save|update|delete|post|print|refresh|exit,NOT_READY_FOR_PRODUCTION
mrpsgs05,mrpsgs05.fmx,MRPSGS,MRP/treasury,4,ONEX_MRP_COMPAT,ONEX_MRPSGS_WINDOW_API,10,286,initialize|query|new|validate|save|update|delete|post|print|refresh|exit,NOT_READY_FOR_PRODUCTION
mrpsgs12,mrpsgs12.fmx,MRPSGS,MRP/treasury,4,ONEX_MRP_COMPAT,ONEX_MRPSGS_WINDOW_API,10,279,initialize|query|new|validate|save|update|delete|post|print|refresh|exit,NOT_READY_FOR_PRODUCTION
mrpsgs21,mrpsgs21.fmx,MRPSGS,MRP/treasury,4,ONEX_MRP_COMPAT,ONEX_MRPSGS_WINDOW_API,10,435,initialize|query|new|validate|save|update|delete|post|print|refresh|exit,NOT_READY_FOR_PRODUCTION
mtxacount,mtxacount.fmx,MTXACOUNT,inventory/stock,3,ONEX_INVENTORY_COMPAT,ONEX_MTXACOUNT_WINDOW_API,10,327,initialize|query|new|validate|save|update|delete|post|print|refresh|exit,NOT_READY_FOR_PRODUCTION
mtxbckrp01,mtxbckrp01.fmx,MTXBCKRP,inventory/stock,3,ONEX_INVENTORY_COMPAT,ONEX_MTXBCKRP_WINDOW_API,10,267,initialize|query|new|validate|save|update|delete|post|print|refresh|exit,NOT_READY_FOR_PRODUCTION
mtxbckrp02,mtxbckrp02.fmx,MTXBCKRP,inventory/stock,3,ONEX_INVENTORY_COMPAT,ONEX_MTXBCKRP_WINDOW_API,10,269,initialize|query|new|validate|save|update|delete|post|print|refresh|exit,NOT_READY_FOR_PRODUCTION
mtxbll002,mtxbll002.fmx,MTXBLL,inventory/stock,3,ONEX_INVENTORY_COMPAT,ONEX_MTXBLL_WINDOW_API,10,305,initialize|query|new|validate|save|update|delete|post|print|refresh|exit,NOT_READY_FOR_PRODUCTION
mtxcckr02,mtxcckr02.fmx,MTXCCKR,inventory/stock,3,ONEX_INVENTORY_COMPAT,ONEX_MTXCCKR_WINDOW_API,10,279,initialize|query|new|validate|save|update|delete|post|print|refresh|exit,NOT_READY_FOR_PRODUCTION
mtxcod001,mtxcod001.fmx,MTXCOD,inventory/stock,3,ONEX_INVENTORY_COMPAT,ONEX_MTXCOD_WINDOW_API,10,301,initialize|query|new|validate|save|update|delete|post|print|refresh|exit,NOT_READY_FOR_PRODUCTION
mtxcod002,mtxcod002.fmx,MTXCOD,inventory/stock,3,ONEX_INVENTORY_COMPAT,ONEX_MTXCOD_WINDOW_API,10,198,initialize|query|new|validate|save|update|delete|post|print|refresh|exit,NOT_READY_FOR_PRODUCTION
mtxcod015,mtxcod015.fmx,MTXCOD,inventory/stock,3,ONEX_INVENTORY_COMPAT,ONEX_MTXCOD_WINDOW_API,10,211,initialize|query|new|validate|save|update|delete|post|print|refresh|exit,NOT_READY_FOR_PRODUCTION
mtxcod017,mtxcod017.fmx,MTXCOD,inventory/stock,3,ONEX_INVENTORY_COMPAT,ONEX_MTXCOD_WINDOW_API,10,193,initialize|query|new|validate|save|update|delete|post|print|refresh|exit,NOT_READY_FOR_PRODUCTION
mtxcod018,mtxcod018.fmx,MTXCOD,inventory/stock,3,ONEX_INVENTORY_COMPAT,ONEX_MTXCOD_WINDOW_API,10,196,initialize|query|new|validate|save|update|delete|post|print|refresh|exit,NOT_READY_FOR_PRODUCTION
mtxcod020,mtxcod020.fmx,MTXCOD,inventory/stock,3,ONEX_INVENTORY_COMPAT,ONEX_MTXCOD_WINDOW_API,10,339,initialize|query|new|validate|save|update|delete|approve|post|reverse|print|refresh|exit,NOT_READY_FOR_PRODUCTION
mtxcsttr01,mtxcsttr01.fmx,MTXCSTTR,inventory/stock,3,ONEX_INVENTORY_COMPAT,ONEX_MTXCSTTR_WINDOW_API,10,412,initialize|query|new|validate|save|update|delete|post|print|refresh|exit,NOT_READY_FOR_PRODUCTION
mtxcustr01,mtxcustr01.fmx,MTXCUSTR,inventory/stock,3,ONEX_INVENTORY_COMPAT,ONEX_MTXCUSTR_WINDOW_API,10,407,initialize|query|new|validate|save|update|delete|post|print|refresh|exit,NOT_READY_FOR_PRODUCTION
mtxdba002,mtxdba002.fmx,MTXDBA,inventory/stock,3,ONEX_INVENTORY_COMPAT,ONEX_MTXDBA_WINDOW_API,10,10,initialize|query|new|validate|save|update|post|print|refresh|exit,NOT_READY_FOR_PRODUCTION
mtxfeer03,mtxfeer03.fmx,MTXFEER,inventory/stock,3,ONEX_INVENTORY_COMPAT,ONEX_MTXFEER_WINDOW_API,10,296,initialize|query|new|validate|save|update|delete|post|print|refresh|exit,NOT_READY_FOR_PRODUCTION
mtxfeer04,mtxfeer04.fmx,MTXFEER,inventory/stock,3,ONEX_INVENTORY_COMPAT,ONEX_MTXFEER_WINDOW_API,10,291,initialize|query|new|validate|save|update|delete|post|print|refresh|exit,NOT_READY_FOR_PRODUCTION
mtxfeer05,mtxfeer05.fmx,MTXFEER,inventory/stock,3,ONEX_INVENTORY_COMPAT,ONEX_MTXFEER_WINDOW_API,10,321,initialize|query|new|validate|save|update|delete|post|print|refresh|exit,NOT_READY_FOR_PRODUCTION
mtxfeer06,mtxfeer06.fmx,MTXFEER,inventory/stock,3,ONEX_INVENTORY_COMPAT,ONEX_MTXFEER_WINDOW_API,10,277,initialize|query|new|validate|save|update|delete|post|print|refresh|exit,NOT_READY_FOR_PRODUCTION
mtxfeout01,mtxfeout01.fmx,MTXFEOUT,inventory/stock,3,ONEX_INVENTORY_COMPAT,ONEX_MTXFEOUT_WINDOW_API,10,302,initialize|query|new|validate|save|update|delete|post|print|refresh|exit,NOT_READY_FOR_PRODUCTION
mtxfil001,mtxfil001.fmx,MTXFIL,inventory/stock,3,ONEX_INVENTORY_COMPAT,ONEX_MTXFIL_WINDOW_API,10,248,initialize|query|new|validate|save|update|delete|post|print|refresh|exit,NOT_READY_FOR_PRODUCTION
mtxgld002,mtxgld002.fmx,MTXGLD,inventory/stock,3,ONEX_INVENTORY_COMPAT,ONEX_MTXGLD_WINDOW_API,10,213,initialize|query|new|validate|save|update|delete|post|print|refresh|exit,NOT_READY_FOR_PRODUCTION
mtxgld010,mtxgld010.fmx,MTXGLD,inventory/stock,3,ONEX_INVENTORY_COMPAT,ONEX_MTXGLD_WINDOW_API,10,850,initialize|query|new|validate|save|update|delete|post|print|refresh|exit,NOT_READY_FOR_PRODUCTION
mtxgld011,mtxgld011.fmx,MTXGLD,inventory/stock,3,ONEX_INVENTORY_COMPAT,ONEX_MTXGLD_WINDOW_API,10,824,initialize|query|new|validate|save|update|delete|post|print|refresh|exit,NOT_READY_FOR_PRODUCTION
mtxgld016,mtxgld016.fmx,MTXGLD,inventory/stock,3,ONEX_INVENTORY_COMPAT,ONEX_MTXGLD_WINDOW_API,10,1191,initialize|query|new|validate|save|update|delete|post|print|refresh|exit,NOT_READY_FOR_PRODUCTION
mtxgld022,mtxgld022.fmx,MTXGLD,inventory/stock,3,ONEX_INVENTORY_COMPAT,ONEX_MTXGLD_WINDOW_API,10,343,initialize|query|new|validate|save|update|delete|post|print|refresh|exit,NOT_READY_FOR_PRODUCTION
mtxinr005,mtxinr005.fmx,MTXINR,inventory/stock,3,ONEX_INVENTORY_COMPAT,ONEX_MTXINR_WINDOW_API,10,339,initialize|query|new|validate|save|update|delete|post|print|refresh|exit,NOT_READY_FOR_PRODUCTION
mtxinrep01,mtxinrep01.fmx,MTXINREP,inventory/stock,3,ONEX_INVENTORY_COMPAT,ONEX_MTXINREP_WINDOW_API,10,287,initialize|query|new|validate|save|update|delete|post|print|refresh|exit,NOT_READY_FOR_PRODUCTION
mtxinw001,mtxinw001.fmx,MTXINW,inventory/stock,3,ONEX_INVENTORY_COMPAT,ONEX_MTXINW_WINDOW_API,10,2290,initialize|query|new|validate|save|update|delete|post|print|refresh|exit,NOT_READY_FOR_PRODUCTION
mtxirp011,mtxirp011.fmx,MTXIRP,inventory/stock,3,ONEX_INVENTORY_COMPAT,ONEX_MTXIRP_WINDOW_API,10,219,initialize|query|new|validate|save|update|delete|post|print|refresh|exit,NOT_READY_FOR_PRODUCTION
mtxirp015,mtxirp015.fmx,MTXIRP,inventory/stock,3,ONEX_INVENTORY_COMPAT,ONEX_MTXIRP_WINDOW_API,10,304,initialize|query|new|validate|save|update|delete|post|print|refresh|exit,NOT_READY_FOR_PRODUCTION
mtxmnt005,mtxmnt005.fmx,MTXMNT,inventory/stock,3,ONEX_INVENTORY_COMPAT,ONEX_MTXMNT_WINDOW_API,10,399,initialize|query|new|validate|save|update|delete|post|print|refresh|exit,NOT_READY_FOR_PRODUCTION
mtxmnt006,mtxmnt006.fmx,MTXMNT,inventory/stock,3,ONEX_INVENTORY_COMPAT,ONEX_MTXMNT_WINDOW_API,10,266,initialize|query|new|validate|save|update|delete|post|print|refresh|exit,NOT_READY_FOR_PRODUCTION
mtxmnt009,mtxmnt009.fmx,MTXMNT,inventory/stock,3,ONEX_INVENTORY_COMPAT,ONEX_MTXMNT_WINDOW_API,10,351,initialize|query|new|validate|save|update|delete|post|print|refresh|exit,NOT_READY_FOR_PRODUCTION
mtxorp021,mtxorp021.fmx,MTXORP,inventory/stock,3,ONEX_INVENTORY_COMPAT,ONEX_MTXORP_WINDOW_API,10,309,initialize|query|new|validate|save|update|delete|post|print|refresh|exit,NOT_READY_FOR_PRODUCTION
mtxout012,mtxout012.fmx,MTXOUT,inventory/stock,3,ONEX_INVENTORY_COMPAT,ONEX_MTXOUT_WINDOW_API,10,560,initialize|query|new|validate|save|update|delete|post|print|refresh|exit,NOT_READY_FOR_PRODUCTION
mtxout013,mtxout013.fmx,MTXOUT,inventory/stock,3,ONEX_INVENTORY_COMPAT,ONEX_MTXOUT_WINDOW_API,10,313,initialize|query|new|validate|save|update|delete|post|print|refresh|exit,NOT_READY_FOR_PRODUCTION
mtxoutr002,mtxoutr002.fmx,MTXOUTR,inventory/stock,3,ONEX_INVENTORY_COMPAT,ONEX_MTXOUTR_WINDOW_API,10,298,initialize|query|new|validate|save|update|delete|post|print|refresh|exit,NOT_READY_FOR_PRODUCTION
mtxprv001,mtxprv001.fmx,MTXPRV,inventory/stock,3,ONEX_INVENTORY_COMPAT,ONEX_MTXPRV_WINDOW_API,10,251,initialize|query|new|validate|save|update|delete|post|print|refresh|exit,NOT_READY_FOR_PRODUCTION
mtxprv002,mtxprv002.fmx,MTXPRV,inventory/stock,3,ONEX_INVENTORY_COMPAT,ONEX_MTXPRV_WINDOW_API,10,251,initialize|query|new|validate|save|update|delete|post|print|refresh|exit,NOT_READY_FOR_PRODUCTION
mtxrp43,mtxrp43.fmx,MTXRP,inventory/stock,3,ONEX_INVENTORY_COMPAT,ONEX_MTXRP_WINDOW_API,10,323,initialize|query|new|validate|save|update|delete|post|print|refresh|exit,NOT_READY_FOR_PRODUCTION
mtxstp003,mtxstp003.fmx,MTXSTP,inventory/stock,3,ONEX_INVENTORY_COMPAT,ONEX_MTXSTP_WINDOW_API,10,521,initialize|query|new|validate|save|update|delete|post|print|refresh|exit,NOT_READY_FOR_PRODUCTION
mtxstp004,mtxstp004.fmx,MTXSTP,inventory/stock,3,ONEX_INVENTORY_COMPAT,ONEX_MTXSTP_WINDOW_API,10,286,initialize|query|new|validate|save|update|delete|post|print|refresh|exit,NOT_READY_FOR_PRODUCTION
mtxstp017,mtxstp017.fmx,MTXSTP,inventory/stock,3,ONEX_INVENTORY_COMPAT,ONEX_MTXSTP_WINDOW_API,10,402,initialize|query|new|validate|save|update|delete|post|print|refresh|exit,NOT_READY_FOR_PRODUCTION
mtxstp029,mtxstp029.fmx,MTXSTP,inventory/stock,3,ONEX_INVENTORY_COMPAT,ONEX_MTXSTP_WINDOW_API,10,323,initialize|query|new|validate|save|update|delete|post|print|refresh|exit,NOT_READY_FOR_PRODUCTION
mtxstp030,mtxstp030.fmx,MTXSTP,inventory/stock,3,ONEX_INVENTORY_COMPAT,ONEX_MTXSTP_WINDOW_API,10,292,initialize|query|new|validate|save|update|delete|post|print|refresh|exit,NOT_READY_FOR_PRODUCTION
mtxstp031,mtxstp031.fmx,MTXSTP,inventory/stock,3,ONEX_INVENTORY_COMPAT,ONEX_MTXSTP_WINDOW_API,10,257,initialize|query|new|validate|save|update|delete|post|print|refresh|exit,NOT_READY_FOR_PRODUCTION
mtxstp035,mtxstp035.fmx,MTXSTP,inventory/stock,3,ONEX_INVENTORY_COMPAT,ONEX_MTXSTP_WINDOW_API,10,320,initialize|query|new|validate|save|update|delete|post|print|refresh|exit,NOT_READY_FOR_PRODUCTION
mtxstp037,mtxstp037.fmx,MTXSTP,inventory/stock,3,ONEX_INVENTORY_COMPAT,ONEX_MTXSTP_WINDOW_API,10,222,initialize|query|new|validate|save|update|delete|post|print|refresh|exit,NOT_READY_FOR_PRODUCTION
mtxstpw035,mtxstpw035.fmx,MTXSTPW,inventory/stock,3,ONEX_INVENTORY_COMPAT,ONEX_MTXSTPW_WINDOW_API,10,866,initialize|query|new|validate|save|update|delete|approve|post|reverse|print|refresh|exit,NOT_READY_FOR_PRODUCTION
mtxstr001,mtxstr001.fmx,MTXSTR,inventory/stock,3,ONEX_INVENTORY_COMPAT,ONEX_MTXSTR_WINDOW_API,10,510,initialize|query|new|validate|save|update|delete|post|print|refresh|exit,NOT_READY_FOR_PRODUCTION
mtxtrs003,mtxtrs003.fmx,MTXTRS,inventory/stock,3,ONEX_INVENTORY_COMPAT,ONEX_MTXTRS_WINDOW_API,10,487,initialize|query|new|validate|save|update|delete|post|print|refresh|exit,NOT_READY_FOR_PRODUCTION
mtxtrv003,mtxtrv003.fmx,MTXTRV,inventory/stock,3,ONEX_INVENTORY_COMPAT,ONEX_MTXTRV_WINDOW_API,10,316,initialize|query|new|validate|save|update|delete|post|print|refresh|exit,NOT_READY_FOR_PRODUCTION
mtxusr002,mtxusr002.fmx,MTXUSR,inventory/stock,3,ONEX_INVENTORY_COMPAT,ONEX_MTXUSR_WINDOW_API,10,367,initialize|query|new|validate|save|update|delete|post|print|refresh|exit,NOT_READY_FOR_PRODUCTION
mtxusr003,mtxusr003.fmx,MTXUSR,inventory/stock,3,ONEX_INVENTORY_COMPAT,ONEX_MTXUSR_WINDOW_API,10,359,initialize|query|new|validate|save|update|delete|post|print|refresh|exit,NOT_READY_FOR_PRODUCTION
mtxusr004,mtxusr004.fmx,MTXUSR,inventory/stock,3,ONEX_INVENTORY_COMPAT,ONEX_MTXUSR_WINDOW_API,10,330,initialize|query|new|validate|save|update|delete|post|print|refresh|exit,NOT_READY_FOR_PRODUCTION
mtxusr005,mtxusr005.fmx,MTXUSR,inventory/stock,3,ONEX_INVENTORY_COMPAT,ONEX_MTXUSR_WINDOW_API,10,256,initialize|query|new|validate|save|update|delete|post|print|refresh|exit,NOT_READY_FOR_PRODUCTION
mtxwst001,mtxwst001.fmx,MTXWST,inventory/stock,3,ONEX_INVENTORY_COMPAT,ONEX_MTXWST_WINDOW_API,10,314,initialize|query|new|validate|save|update|delete|post|print|refresh|exit,NOT_READY_FOR_PRODUCTION
mtxwst0011,mtxwst0011.fmx,MTXWST,inventory/stock,3,ONEX_INVENTORY_COMPAT,ONEX_MTXWST_WINDOW_API,10,293,initialize|query|new|validate|save|update|delete|post|print|refresh|exit,NOT_READY_FOR_PRODUCTION
mtxxch001,mtxxch001.fmx,MTXXCH,inventory/stock,3,ONEX_INVENTORY_COMPAT,ONEX_MTXXCH_WINDOW_API,10,1473,initialize|query|new|validate|save|update|delete|post|print|refresh|exit,NOT_READY_FOR_PRODUCTION
mtxxch003,mtxxch003.fmx,MTXXCH,inventory/stock,3,ONEX_INVENTORY_COMPAT,ONEX_MTXXCH_WINDOW_API,10,343,initialize|query|new|validate|save|update|delete|post|print|refresh|exit,NOT_READY_FOR_PRODUCTION
mtxxch004,mtxxch004.fmx,MTXXCH,inventory/stock,3,ONEX_INVENTORY_COMPAT,ONEX_MTXXCH_WINDOW_API,10,352,initialize|query|new|validate|save|update|delete|post|print|refresh|exit,NOT_READY_FOR_PRODUCTION
mtxxch007,mtxxch007.fmx,MTXXCH,inventory/stock,3,ONEX_INVENTORY_COMPAT,ONEX_MTXXCH_WINDOW_API,10,235,initialize|query|new|validate|save|update|delete|post|print|refresh|exit,NOT_READY_FOR_PRODUCTION
mtxxch093,mtxxch093.fmx,MTXXCH,inventory/stock,3,ONEX_INVENTORY_COMPAT,ONEX_MTXXCH_WINDOW_API,10,274,initialize|query|new|validate|save|update|delete|post|print|refresh|exit,NOT_READY_FOR_PRODUCTION
mtxxrp013,mtxxrp013.fmx,MTXXRP,inventory/stock,3,ONEX_INVENTORY_COMPAT,ONEX_MTXXRP_WINDOW_API,10,302,initialize|query|new|validate|save|update|delete|post|print|refresh|exit,NOT_READY_FOR_PRODUCTION
rep2excel,rep2excel.fmx,REP,reports,0,ONEX_ADMIN_COMPAT,ONEX_REP_WINDOW_API,10,36,initialize|query|new|validate|save|update|post|print|refresh|exit,NOT_READY_FOR_PRODUCTION
tabent,tabent.fmx,OTHER,other,0,ONEX_ADMIN_COMPAT,ONEX_OTHER_WINDOW_API,10,21,initialize|query|new|validate|save|update|approve|post|reverse|print|refresh|exit,NOT_READY_FOR_PRODUCTION
tafkeet,tafkeet.fmx,OTHER,other,0,ONEX_ADMIN_COMPAT,ONEX_OTHER_WINDOW_API,10,104,initialize|query|new|validate|save|update|approve|post|reverse|print|refresh|exit,NOT_READY_FOR_PRODUCTION
بADMT022,بADMT022.fmx,OTHER,other,0,ONEX_ADMIN_COMPAT,ONEX_OTHER_WINDOW_API,10,4204,initialize|query|new|validate|save|update|delete|approve|post|reverse|print|refresh|exit,NOT_READY_FOR_PRODUCTION
ببADMT022,ببADMT022.fmx,OTHER,other,0,ONEX_ADMIN_COMPAT,ONEX_OTHER_WINDOW_API,10,4176,initialize|query|new|validate|save|update|delete|approve|post|reverse|print|refresh|exit,NOT_READY_FOR_PRODUCTION
